3311  3  0  0
   0    25.123550550356381  1.1327639966018614  43.604164093320392
   1    25.507063645307902  1.062626890647296  43.587545334053338
   2    25.819592050118803  0.86377747285684614  43.570635322712882
   3    25.106057536545503  1.0613194609573173  42.396138694836495
   4    25.49533096000156  1.001089982158659  42.371092973277712
   5    25.807656903137509  0.81383074998726179  42.347358189383435
   6    25.058623335222638  0.99672898545558175  41.188890695130091
   7    25.462792382963595  0.9383541731824443  41.1540129909217
   8    25.776895811989547  0.75665123615548913  41.123971041801205
   9    24.981927266935163  0.93887641869885752  39.982932997186133
  10    25.400867715756029  0.8807666852931284  39.937926105608391
  11    25.716624407467009  0.70303045575250211  39.901279786541892
  12    24.876648652230458  0.8876456092893481  38.778778503989606
  13    25.300976759940905  0.83467474006518694  38.724453035960892
  14    25.616158320361961  0.66375993316927417  38.680090330181272
  15    25.09  2.3300000000000001  43.530000000000001
  16    25.956375589998196  2.1793718242651869  43.533848156903062
  17    26.678963778810967  1.7006507068272576  43.537117831927681
  18    25.072637697532535  2.2590074343180895  42.329605217505481
  19    25.934758989721285  2.1203710581456403  42.311995773504705
  20    26.657293344199172  1.659118733776602  42.295440448369966
  21    25.025542027160821  2.1948179125694036  41.129825826780291
  22    25.880482045824639  2.0633321866254208  41.089964163105172
  23    26.60507614642156  1.6212798981992109  41.054748339933951
  24    24.949355864736489  2.1373171170650815  39.931173470076956
  25    25.796714460521059  2.0114538541767426  39.869238723265326
  26    26.522968157882755  1.587073414520537  39.815541538595461
  27    24.844722086111162  2.0863907301162663  38.734159789648103
  28    25.6866259360234  1.9679347052718179  38.651304851546186
  29    26.411625350987318  1.5564384971660314  38.578320076330492
  30    26.008348542837204  0.54185545337848917  43.54541978013674
  31    26.070654422665054  0.12420894256297033  43.519662645582144
  32    26.004462292573638  0.50625627127829897  42.319137671031108
  33    26.074726897004894  0.11658375721263892  42.292419395948336
  34    25.974883606466733  0.45780497041724882  41.091529828730415
  35    26.046132237287516  0.10683887247933241  41.065087296474779
  36    25.914565351032465  0.41123392020363231  39.864516022076046
  37    25.985568752289975  0.097295755612107848  39.838247375970866
  38    25.8184603927868  0.38127549004574357  38.640016019909325
  39    25.893734750789342  0.09027587386002156  38.612480663246025
  40    27.134586887402072  0.96321756591105057  43.539253735782452
  41    27.269977878694661  0.089429065555127307  43.539999999699802
  42    27.126000177623645  0.94041841380754032  42.28612397876342
  43    27.274206628110434  0.083590258369287268  42.280558028203338
  44    27.085575103513445  0.92063495921547633  41.030677417615166
  45    27.244983493261433  0.077962737497704077  41.021665364107442
  46    27.013825117239179  0.90277255784059574  39.776550634156777
  47    27.183001324845502  0.072544971161771332  39.763926948293616
  48    26.911263670968573  0.88573656538863643  38.527380210207191
  49    27.088952973560527  0.067335427582881635  38.507947721643333
  50    25.960990745679506  -0.33073172948882013  43.538656308544716
  51    25.69295173616408  -0.73544403460578722  43.556942652670294
  52    25.961719782543494  -0.30865235552382558  42.312861057527243
  53    25.690676447507368  -0.69515925980039017  42.335122029486918
  54    25.93574398949643  -0.27742196142305187  41.08538620531872
  55    25.668065567431942  -0.64825173551036774  41.113063008822508
  56    25.878803998290945  -0.24768362660005461  39.858430751657515
  57    25.615495116319835  -0.60453009764198029  39.891550606283097
  58    25.78664044067968  -0.23008043046838975  38.634193696281955
  59    25.523341114553119  -0.57380298210148806  38.671369837474678
  60    27.065997720337982  -0.80211847252094381  43.53925196998847
  61    26.551704702911977  -1.5733880540142686  43.537114328503364
  62    27.063094160634702  -0.78991200730824362  42.286517730631736
  63    26.540742637975967  -1.54081240351406  42.29625823086937
  64    27.028513128435598  -0.78064610349367269  41.031342684399554
  65    26.498766076976633  -1.5115404666576058  41.056175703583577
  66    26.962367242642902  -0.77290026342977891  39.77739477030071
  67    26.426418842357045  -1.485518411838157  39.817393192282331
  68    26.864769122158894  -0.76525398946910994  38.528341927343895
  69    26.324344756560304  -1.462692407448964  38.580437142602015
  70    25.297087996683047  -1.0158438232924452  43.580380958931869
  71    24.874962996464724  -1.1327893804809854  43.603675543136319
  72    25.29990047054164  -0.95821055164647917  42.366475712490086
  73    24.875226174475557  -1.0616273060809183  42.398833582912694
  74    25.282925388680919  -0.89833019005991399  41.151867429225192
  75    24.847085362430839  -0.99717743418804128  41.194201437895764
  76    25.235984501162932  -0.84337368924214029  39.937958579376591
  77    24.788972510108252  -0.93938939741111149  39.990421541586407
  78    25.148899558049699  -0.80051199990254807  38.726151633183697
  79    24.699319567285468  -0.88821282835888793  38.788136327485532
  80    25.794152506766146  -2.1111066218635259  43.533863614725874
  81    24.908808207620957  -2.3300469310393561  43.529994749758671
  82    25.786217460943003  -2.0568482420371157  42.313171128520409
  83    24.907246025985909  -2.2592811671955344  42.331148403311033
  84    25.745540545068941  -2.0045027210076372  41.091980436458904
  85    24.875229614402659  -2.1952478216723788  41.132551108798275
  86    25.674764279882133  -1.9570957288470632  39.871841496312697
  87    24.813385177814194  -2.137841651850021  39.934757302131587
  88    25.576531186120775  -1.9176529356273579  38.65430426585317
  89    24.722338921163495  -2.0869574151085981  38.738321419222125
  90    24.491900790474798  -1.0625656528897109  43.585095224276884
  91    24.17964278033331  -0.86346020017840486  43.566805332270455
  92    24.485990156667597  -1.0009814561610371  42.391533907788379
  93    24.173553332691291  -0.81317114420978287  42.382813374906291
  94    24.442018138997209  -0.93863567149546867  41.200038594962052
  95    24.126939104958318  -0.75670742556657211  41.200690068126747
  96    24.368273542306987  -0.88145064410597318  40.009823345405913
  97    24.050751759463573  -0.70390338635956007  40.020274639180052
  98    24.273045171440295  -0.83534871920551945  38.820102218728039
  99    23.955942958536209  -0.66459336869953378  38.841406315314345
 100    24.042385305465885  -2.1789907303500295  43.526146311167338
 101    23.320206498309911  -1.6997853153297315  43.522878359817177
 102    24.044931858597486  -2.1203105756725131  42.347708265219552
 103    23.322631537646451  -1.6586186651389656  42.36295034327815
 104    24.019973501136999  -2.0635500861922553  41.170728575129495
 105    23.29542468747297  -1.6210724014065854  41.203412061210315
 106    23.965594252734427  -2.0118848599596353  39.994603760539789
 107    23.239204080420549  -1.5870894884686815  40.044780042297134
 108    23.879878133039771  -1.9684904950250313  38.818730341093044
 109    23.154587849120237  -1.5566128906613428  38.887570815221963
 110    23.991250825570717  -0.54120558243808048  43.537896271162019
 111    23.929502257535813  -0.12359809526812515  43.50952971589119
 112    23.976222510360405  -0.50547476171539729  42.360991606738907
 113    23.905576883407022  -0.11591672642343964  42.337748091366876
 114    23.92722839251806  -0.4576333752434642  41.187021917887876
 115    23.854294854484859  -0.10637834871331331  41.167610663751383
 116    23.850055812535206  -0.41173217125572176  40.014927747415349
 117    23.776229019043488  -0.097060656535369216  39.999516395060127
 118    23.750492110903402  -0.38182189798560995  38.843649638127758
 119    23.671952225357039  -0.090041344287230318  38.833864247308419
 120    22.864994302760081  -0.96206818356231782  43.520744220530112
 121    22.73007004216209  -0.088204115382841675  43.520000002970313
 122    22.85435579800421  -0.93947167648721086  42.371556735852678
 123    22.706680525589679  -0.082400518646120663  42.376590692468376
 124    22.815329042804663  -0.91985933121839036  41.226055468904569
 125    22.656521436370941  -0.076812179730859229  41.234209253730569
 126    22.748702551054855  -0.90213504411056167  40.081720387403337
 127    22.580176630930684  -0.071436606343104642  40.093253922731925
 128    22.655264836648239  -0.88520271151842933  38.936031459066527
 129    22.478229965693679  -0.066271306188904033  38.954122935447259
 130    24.039273028506376  0.33128378721807478  43.530627612780336
 131    24.307384064482505  0.73608346463983199  43.552432648877826
 132    24.019365151388076  0.30904377082029655  42.353496339872031
 133    24.291125902660816  0.69528756379149426  42.367549498624342
 134    23.966356010515039  0.27801551393756058  41.179684583632515
 135    24.235580530066382  0.64869677405808523  41.1847785100462
 136    23.8854081336295  0.24853602793771931  40.007871570774348
 137    24.150941491966169  0.60542421162264803  40.003961849306556
 138    23.781684048473668  0.23094232418862515  38.836736528010029
 139    24.047402333627083  0.57458299266822499  38.824941682568479
 140    22.934586842913774  0.80324878650848497  43.520750416499148
 141    23.449050318192306  1.5741707781501879  43.522888869288678
 142    22.918333206493095  0.79108718171028269  42.370806576971241
 143    23.440883617539491  1.5416939450364124  42.361510462746551
 144    22.873525253257721  0.78187461087231669  41.22465723997724
 145    23.403519122642994  1.5125104055277894  41.200813143922211
 146    22.801342555763625  0.77417374151884411  40.079804307737909
 147    23.337590855450586  1.4865630345156604  40.041282526868102
 148    22.702964686566737  0.76654724117412154  38.93374968247393
 149    23.243732837909988  1.463794706891365  38.883404225636582
 150    24.702325283061111  1.0161228229934041  43.5782264645756
 151    24.681608753353537  0.95807619622366602  42.382393588739895
 152    24.621668894234077  0.89824746485483986  41.188751171370235
 153    24.532551268879413  0.84344680150750528  39.996731068801033
 154    24.424301440466245  0.80048437880224188  38.805765137366762
 155    24.205702271058708  2.1112719663784705  43.52613571636924
 156    24.194630362562144  2.0569634648473296  42.346181637288531
 157    24.15612398466795  2.0046145695254229  41.167994816476572
 158    24.08879047459947  1.9572281215739451  39.99095486356066
 159    23.991237169580071  1.9178069621540941  38.814441388168142
 160    24.742916823179577  0.84291381096780149  37.577033422010238
 161    25.169430994937098  0.79599380950543497  37.512434698105352
 162    25.483700502362684  0.63200856840167097  37.460223318208641
 163    24.581293748665143  0.80457056611759858  36.378478326510866
 164    25.015409901410933  0.75869800745712834  36.301431162130264
 165    25.330465532331051  0.59769334482203595  36.242105421627556
 166    24.393107704451868  0.77251815630489307  35.183887673666106
 167    24.834635282795624  0.72622251824940998  35.09414187760256
 168    25.150286481819961  0.56672791188608118  35.027451585286578
 169    24.179686966304466  0.74665886309583862  33.994035919650585
 170    24.622828942524375  0.70200252621142334  33.893266294089059
 171    24.936996422382286  0.54502591904951503  33.817976754034078
 172    24.712289750073804  2.0419306440671368  37.539418428482719
 173    25.549172251334884  1.9305367877429769  37.435896441231748
 174    26.271709870905621  1.5293177830558262  37.343701090107601
 175    24.55272442819739  2.0038304197981769  36.34766993019965
 176    25.3826692053198  1.896118729431479  36.222762663188426
 177    26.103900117919462  1.5056549674781543  36.112386273433394
 178    24.366693765509527  1.9719782424249828  35.159556287996388
 179    25.189326529982601  1.8665240448229421  35.013411831351036
 180    25.908876447100475  1.4853908524106376  34.885002493091108
 181    24.154865407037832  1.9462622970631529  33.975719495070393
 182    24.971353957327697  1.8435962484029824  33.80935225965419
 183    25.687319213520379  1.4684662398308939  33.662176615864034
 184    25.69106379896547  0.35813983897956175  37.417049452676068
 185    25.771241713436059  0.08384679668028211  37.388500175510828
 186    25.538354988461379  0.3280407328409578  36.195027887481707
 187    25.618712193497583  0.075763700389747363  36.167163338172088
 188    25.357513355276065  0.29971595123806255  34.97645899815646
 189    25.43686110867614  0.06787946252695054  34.949267792331483
 190    25.145718293411122  0.28190327377900748  33.763850458530705
 191    25.226403376674003  0.062046960630424586  33.735611179091052
 192    26.778285479443827  0.87016488347747389  37.280831234875784
 193    26.963535796350016  0.062333152355466111  37.254463824125537
 194    26.615658997082427  0.85701324759004482  36.034600597530712
 195    26.807464781279343  0.057537520024619634  36.004306513338335
 196    26.424458285565077  0.84566376422969192  34.792372580379372
 197    26.621459225729609  0.052947492237771537  34.758223406606632
 198    26.205757406572495  0.83549853989975764  33.557831465629135
 199    26.406238427081831  0.048562030642345641  33.516962121255396
 200    25.662789839933041  -0.2180480389319214  37.411599286867919
 201    25.399185223082767  -0.54972616349625569  37.452425493527087
 202    25.512398993970763  -0.2017220385216355  36.189834074586066
 203    25.253248050970026  -0.52310855800952738  36.235212678022144
 204    25.333623946519406  -0.18679538959176867  34.971490514417241
 205    25.079864040762114  -0.49948851391137539  35.021401875245111
 206    25.124620741305581  -0.17896105249655733  33.759161061342255
 207    24.873367635006311  -0.48440437947187265  33.812663569480975
 208    26.736378485799754  -0.75865503289085889  37.281836264500932
 209    26.193192924963569  -1.4430112660239121  37.34595182240006
 210    26.578327143266613  -0.75438847912296403  36.035568424978642
 211    26.033628235572198  -1.4264244294667938  36.114666091668141
 212    26.391435849788877  -0.75153983174109162  34.793264149138643
 213    25.84631818477073  -1.412879010225718  34.887233284245326
 214    26.176525360596017  -0.74919459432090652  33.558649177342481
 215    25.631930268943826  -1.402322120748793  33.664306733970378
 216    25.029901381951039  -0.76497876695070977  37.515324634355977
 217    24.580656932222904  -0.8435050289815601  37.587693635843515
 218    24.889802347799918  -0.72996532366150624  36.305274942861885
 219    24.435787252495196  -0.80511581331634019  36.389794384904505
 220    24.722296534142941  -0.69957915329229536  35.098784003329222
 221    24.263550851850951  -0.77298358210252893  35.195610625160583
 222    24.521078019526737  -0.67792773910043336  33.898633260385871
 223    24.062788054038812  -0.74704673607942595  34.006314407103623
 224    25.450193912386073  -1.884134659365819  37.439112830307707
 225    24.602721833655831  -2.0424961445155847  37.543921489126589
 226    25.294544839857458  -1.8535898921609826  36.22602327397135
 227    24.455180760393212  -2.0043605557740642  36.352322872931019
 228    25.111386088140577  -1.8276773152066819  35.01660355321669
 229    24.280365690164153  -1.9724479302175721  35.164211004589873
 230    24.902519776841043  -1.8080556096967484  33.812421624416416
 231    24.078926611757112  -1.9466555491796462  33.980271318057561
 232    24.152316702726292  -0.79651402669784643  37.633201261601279
 233    23.83625813740235  -0.63251134604705883  37.665582329235029
 234    23.999710328632339  -0.759315836480984  36.451254248531043
 235    23.682755927651744  -0.59843921984674686  36.494165074404293
 236    23.819972628209133  -0.72695420375934139  35.273186830874081
 237    23.502357786159155  -0.56778322418546479  35.326791519205081
 238    23.617850180507354  -0.70262918373732564  34.097924659987143
 239    23.301985169799387  -0.54594959315007785  34.163098632020379
 240    23.765172698568701  -1.9311377421339055  37.644719160605902
 241    23.042198569407898  -1.529589342469821  37.732423253072589
 242    23.624494958668965  -1.8967158824798658  36.474416569149696
 243    22.902674066659817  -1.5059667232982445  36.580061397560364
 244    23.456933112238616  -1.8670783097855279  35.307572345749179
 245    22.736655347816921  -1.4856897148610402  35.431129530305157
 246    23.261575358175698  -1.8440784177735006  34.143936269429098
 247    22.54478341982033  -1.4687029988726303  34.286271932926688
 248    23.625672479216092  -0.35850297700632333  37.675503099556678
 249    23.542157671994353  -0.083573757814866464  37.671337310825891
 250    23.471427357650345  -0.32860412288052804  36.512617697018797
 251    23.387521394145224  -0.075642287997801677  36.512456500657848
 252    23.291586959572978  -0.30051852332587176  35.353655056997994
 253    23.208590495014825  -0.067921196783985227  35.357377515892487
 254    23.089981498350838  -0.28263936606000245  34.197276805978248
 255    23.005912077808393  -0.06208474612136694  34.206256055618169
 256    22.535890454330133  -0.86970537833589279  37.792541835027741
 257    22.351271177756502  -0.061314291081408796  37.817319608944231
 258    22.391103648708494  -0.85660333378072984  36.654879983509552
 259    22.199903602632414  -0.056563847887973841  36.683420152155065
 260    22.221167468470597  -0.84527634069346802  35.520638847862884
 261    22.024731494370592  -0.052017896895968543  35.552932138851922
 262    22.026344962303778  -0.83510416191463344  34.387411371438652
 263    21.82635910702038  -0.047674358392759755  34.426363142806949
 264    23.653158168525135  0.21877968927752955  37.668701078957568
 265    23.919126263988886  0.55022244504210227  37.649149163522502
 266    23.49634126318821  0.20244099279661312  36.506103455453207
 267    23.757887232335854  0.52376466133375554  36.477887900350105
 268    23.31420039409532  0.18753462062112053  35.347497796536992
 269    23.570294894452132  0.50038190483950473  35.310808740951288
 270    23.109702622878839  0.17966895862629667  34.191438241249003
 271    23.362958906121811  0.48524643885567104  34.147562533226065
 272    22.579000394967377  0.75994327183268717  37.790024558807069
 273    23.122584515508418  1.4441511856921829  37.727785452289517
 274    22.429621285162764  0.75565878248940221  36.652210466410416
 275    22.974801111315564  1.4275789155127832  36.575118648749381
 276    22.255351212054208  0.75277962116900721  35.517884810081767
 277    22.801040313652493  1.4140217935805921  35.426017273859252
 278    22.056714030542988  0.75039163589624325  34.384624994619003
 279    22.601959810840366  1.403423717123039  34.281094786462297
 280    24.290909901415393  0.7648057965763897  37.618131336562868
 281    24.124226150977901  0.72991398194267509  36.435720156586441
 282    23.931084262575634  0.69970509843475737  35.257382249824133
 283    23.718318309630487  0.67807530958629481  34.0819682686626
 284    23.865410761790915  1.8843095907532232  37.640022643191962
 285    23.713857025902861  1.8537930944202718  36.469489901296576
 286    23.536081922873997  1.827908195658809  35.302557301766107
 287    23.331591413662345  1.8083056169724034  34.138938983884771
 288    23.940146819581731  0.72650234801155156  32.808661208786084
 289    24.38080046812118  0.68462881941198006  32.697008213640579
 290    24.692868268005352  0.53062985430567289  32.613022956457591
 291    23.674878228921738  0.7127006905475346  31.62709249605382
 292    24.113725506142963  0.67154628500989777  31.502959592657092
 293    24.424841959663866  0.51869507726119435  31.411307262626032
 294    23.387122989008102  0.70686979923151938  30.449490453617482
 295    23.823874948572268  0.66447125596931933  30.312902112229072
 296    24.133751109391032  0.51080454479172199  30.2136071796095
 297    23.080122894524443  0.7106255825912382  29.276015753640763
 298    23.513519687391646  0.66512006525438927  29.128617453447031
 299    23.820429329220236  0.50854121377290129  29.020700214478104
 300    23.917564624902589  1.9262261595910786  32.796494978681018
 301    24.728322798810463  1.826238473774098  32.609949636278735
 302    25.439622530772436  1.4546794964534369  32.444221443854538
 303    23.656072894749638  1.9125383419212456  31.621990322339347
 304    24.460098956636966  1.8132299949427166  31.414423099045774
 305    25.167009251311274  1.4443142269586255  31.231249254104746
 306    23.372492166894926  1.9067744332203889  30.452505753620361
 307    24.169334048937788  1.8062285370003381  30.22406113635023
 308    24.871402838500472  1.4380390902728437  30.023586125807121
 309    23.068924391654395  1.9105100226552443  29.288341500099058
 310    23.858679693843499  1.8068918250384642  29.040152236587105
 311    24.554726755703712  1.4365227453224758  28.821558138154209
 312    24.904219506851263  0.2712789239907305  32.555745012889211
 313    24.987822807548437  0.056966844486074614  32.526376121091701
 314    24.636921253207408  0.26030187953645684  31.350312981635117
 315    24.721888077760305  0.050847073736407261  31.321676230970791
 316    24.344984756920475  0.25138405122875185  30.149503402776514
 317    24.429741404617388  0.044801490704871952  30.122205634825839
 318    24.029571242431448  0.24693734988018121  28.95526531432143
 319    24.112525005427472  0.039943937714916181  28.928658458754164
 320    25.959207922212585  0.82644435521594484  32.328475451954539
 321    26.162397365321748  0.044396185356173998  32.280968898651288
 322    25.68539460105946  0.81909373081536208  31.101543508917761
 323    25.890818695742688  0.040402923598611917  31.050557194345931
 324    25.386791314493145  0.81382738323344761  29.880331075057665
 325    25.592653228686881  0.036488082669357741  29.826275446941803
 326    25.06587193389371  0.81102602900564269  28.668133588913125
 327    25.269051774496599  0.032557499868111829  28.6086720950413
 328    24.885864764829662  -0.17696254965874464  32.551392330722464
 329    24.636006533146535  -0.47587985309190212  32.608344034964382
 330    24.620291430955771  -0.1761912350316937  31.346305506716821
 331    24.37424921551311  -0.46943316305614946  31.407232588265721
 332    24.329746824456166  -0.1773118162655706  30.145854897502439
 333    24.088761295983041  -0.46684445246038436  30.210164277173664
 334    24.016077030103109  -0.18098900101054144  28.951994811256466
 335    23.780208388433316  -0.46989386440037717  29.017974149476899
 336    25.933393374616898  -0.74753963371501353  32.32923012977809
 337    25.390853570785456  -1.3945356980845873  32.446232139112794
 338    25.662826214766131  -0.7475407503029331  31.102244157664391
 339    25.124259587150458  -1.3898612259371119  31.23316651005824
 340    25.36712757225208  -0.74945184795070885  29.88101279790925
 341    24.833989435665618  -1.3890851367376575  30.025480148819668
 342    25.048601138283033  -0.75352683052438396  28.668857587420632
 343    24.521884233957572  -1.3929938629175111  28.82354335741006
 344    24.289046862557438  -0.66306163313979471  32.702780042076625
 345    23.835033975198986  -0.72680679563307404  32.82116483081284
 346    24.033335335728381  -0.65181646862906129  31.5087615502256
 347    23.583051932300073  -0.71289219585626218  31.639161410594042
 348    23.753985838417027  -0.64647735057280431  30.31872904012965
 349    23.307524550333198  -0.70693170954841644  30.461086818278783
 350    23.451040770000851  -0.6493293839755957  29.134833767085617
 351    23.009134454289551  -0.71055410950896114  29.287723725698662
 352    24.667797337658303  -1.7937946444204802  32.612883941152418
 353    23.851186672297224  -1.9265243873565916  32.80089287257141
 354    24.407389114291508  -1.7838907640969255  31.417246096166714
 355    23.598346338842472  -1.9127206602005593  31.626251929260032
 356    24.12357559434589  -1.7798923638145439  30.2268497545722
 357    23.322371580079917  -1.9068295101788553  30.456714724915081
 358    23.818637265426673  -1.7833478386617978  29.043036581481758
 359    23.025228364696744  -1.9104360797587834  29.29264749632814
 360    23.393257463278761  -0.68501569906811655  32.926852815318753
 361    23.080117863476083  -0.53112376763125224  33.003932962689561
 362    23.144040445354293  -0.67175904426628696  31.761461297842725
 363    22.832706778973094  -0.51887970522553284  31.850375924129942
 364    22.871842942403429  -0.66451483232833974  30.60083314120341
 365    22.562880063485235  -0.51070641507861103  30.702416779340201
 366    22.578308770095603  -0.6649386762507753  29.444051379045213
 367    22.273765864207359  -0.50809290633617676  29.560044791319207
 368    23.039518599380067  -1.826581079555095  32.984823557118567
 369    22.327317216386437  -1.4547902222121152  33.145823159510741
 370    22.793396127433411  -1.8133460149136644  31.831306038457914
 371    22.08550883028256  -1.4442154435824139  32.00990511808245
 372    22.524600724256754  -1.8060688875798998  30.682768411538497
 373    21.821489007026411  -1.4376439624337156  30.878843121170235
 374    22.234525171771008  -1.8064453612844866  29.538595374451731
 375    21.537388492135683  -1.4357410782162017  29.752962481302585
 376    22.866111679895511  -0.27166358028451815  33.045870212688065
 377    22.779831028764473  -0.056961539461840661  33.060558686781206
 378    22.618864998677861  -0.26032251218800534  31.901826323826189
 379    22.532289570227743  -0.050929052294290768  31.921518274124946
 380    22.351151850903708  -0.2510609749685937  30.763812432831855
 381    22.26623080956286  -0.044984854622145271  30.788939963433865
 382    22.065882632778848  -0.24632378182441228  29.630495833144277
 383    21.984597854134449  -0.040126516448833527  29.662628900492329
 384    21.807622864927694  -0.82601062022730798  33.258353362656109
 385    21.604828701326966  -0.043549357280446267  33.303901001711928
 386    21.566869194062399  -0.81858303669230148  32.136451772272181
 387    21.361714434074845  -0.039597441164133551  32.185467089091603
 388    21.305668922895837  -0.81319642156673488  31.019046257144325
 389    21.099918403372435  -0.035724164385697907  31.071169282467377
 390    21.025607024615901  -0.81022578510772791  29.903476474130024
 391    20.822342707328129  -0.031835081287015975  29.961115459360638
 392    22.883054408593033  0.17741851329670771  33.040311061018258
 393    23.134276677326348  0.47642973751906581  32.988977480196915
 394    22.634007054855925  0.17619719366526029  31.896557209014599
 395    22.880496359999828  0.46973088224923659  31.836048453755517
 396    22.364844890145406  0.17687248942971054  30.758812846889253
 397    22.605003722854619  0.46691354726660761  30.688676305105531
 398    22.077852242939368  0.18031189028781447  29.625714136293375
 399    22.311184534603196  0.46974140679160242  29.546761885450611
 400    21.834542476738584  0.74866492502350934  33.255567131751953
 401    22.377828664721697  1.3955501071104499  33.140645213976882
 402    21.590498321089353  0.74855139199539755  32.133674861446025
 403    22.129954043428221  1.3907217131973333  32.004743412723386
 404    21.326348970004876  0.75030959247493956  31.016266880852857
 405    21.860550794714495  1.3897154256374014  30.873674084899175
 406    21.043861829894681  0.75419808212516704  29.900661887123793
 407    21.571833766335178  1.3933081346843654  29.747721932701449
 408    23.483748818921146  0.66313403395605053  32.911078593426346
 409    23.223216098437167  0.65188350926556882  31.746228178602731
 410    22.940583893417042  0.64655912779268832  30.58613953782281
 411    22.639715949099184  0.64939628181524567  29.429535184717576
 412    23.101193972170027  1.7940305074817435  32.979896497380174
 413    22.847211546242935  1.7840678830439469  31.826441296034922
 414    22.57142030775487  1.7799782662672303  30.677912375215662
 415    22.275596428579554  1.7833221797598124  29.533648730289006
 416    22.752912086104693  0.72399625282586966  28.108765216430196
 417    23.177619679826744  0.67604563133403017  27.952364362697462
 418    23.480564319635462  0.51632971478795042  27.835832819876501
 419    22.402636517429052  0.74477827305327016  26.950149680935276
 420    22.813312912226856  0.69572478448030695  26.785291312178796
 421    23.112619586786959  0.53338368685198168  26.661156403645347
 422    22.029705702750572  0.77123992817918652  25.800800847284243
 423    22.426137320259926  0.71975972536207389  25.627514571699663
 424    22.721592451207218  0.55346959948847785  25.49580590564938
 425    21.634529156322309  0.80164950310936489  24.661350415605334
 426    22.021630839593907  0.7437526546481853  24.479150411068684
 427    22.312480233428733  0.57035392222092074  24.338916265753284
 428    22.745572264772047  1.9237993489294345  28.12932722934919
 429    23.528558863492155  1.8161118900308297  27.861273299040612
 430    24.217144451509011  1.4397668506169199  27.625033269929066
 431    22.40038092846811  1.9444964744101385  26.976117615844061
 432    23.176544584700359  1.8320898307637432  26.687027492948843
 433    23.856783135405756  1.4468308700866306  26.434632490710214
 434    22.032066002772858  1.9708767237594282  25.830250397507974
 435    22.801013557616347  1.8524469740475753  25.520242711637458
 436    23.47251191210939  1.4569701707895941  25.251811365883082
 437    21.639343107716574  2.0012154216393752  24.693263312265266
 438    22.400342482388378  1.8748046466926964  24.363746848432164
 439    23.063199886335365  1.4694401197837934  24.078025460833189
 440    23.688204075433735  0.25179807147877131  27.768674515945502
 441    23.770714843254513  0.035693023842646526  27.742135198167478
 442    23.319606894490853  0.26482802520957888  26.590204684456079
 443    23.403795371140337  0.031094475920551215  26.563812022859466
 444    22.926741333348861  0.27947739168071339  25.420901673558902
 445    23.011421541359162  0.026702812906644821  25.394496570500721
 446    22.512569025753827  0.28919635150028394  24.26181133695966
 447    22.593248306185298  0.023072553758942627  24.234996478761857
 448    24.721314554606597  0.80981288029726339  27.462358260234513
 449    24.920288825369585  0.028608341621696849  27.398017597910727
 450    24.350766377544694  0.80953119124490758  26.260779289368799
 451    24.545646698904608  0.024767681869801564  26.194877277801698
 452    23.955154932439253  0.81089174134093689  25.067242600749474
 453    24.144787943545648  0.021136219181423353  25.000241867793672
 454    23.535407749021516  0.81460531007771242  23.885594118810037
 455    23.7173751077367  0.017814652125560604  23.815102100966293
 456    23.676487892963852  -0.19295050806976519  27.765820706069444
 457    23.444874817053179  -0.48253793682334567  27.833811130903218
 458    23.309127376875523  -0.21355054527753892  26.587823519004882
 459    23.081549246586651  -0.50367780210573421  26.659796180752149
 460    22.917254744765383  -0.23539355383073682  25.419050776699457
 461    22.694653801743485  -0.52751049498716029  25.495222397170078
 462    22.504129259560674  -0.25108397492623324  24.260550005789831
 463    22.288610607233355  -0.54823305020724067  24.339382878303354
 464    24.705990418507113  -0.75918221552178466  27.463236052100392
 465    24.188135574996569  -1.4016021905960458  27.62726798586915
 466    24.337127310634951  -0.76584068025390706  26.26191881248991
 467    23.83101311493758  -1.4138212353547235  26.437262871089395
 468    23.942948093968401  -0.77376536830655263  25.068697047456396
 469    23.449475066183773  -1.4287819238179655  25.254943795362554
 470    23.524389047809372  -0.78321942326552119  23.88736193586703
 471    23.042479641138446  -1.445615182610192  24.081726540980377
 472    23.121602706343509  -0.6624685868794612  27.958939276591057
 473    22.689364386626924  -0.723818119501766  28.120591741092269
 474    22.765113337382264  -0.68380393194511335  26.791869506642765
 475    22.348010693369108  -0.74453423288837195  26.961553902526656
 476    22.385123733605148  -0.70933995610515554  25.634216301286376
 477    21.983226404856158  -0.7709588768647202  25.811908026575821
 478    21.985184965500128  -0.73508119629219038  24.486571504567515
 479    21.593164551428142  -0.8013484786267514  24.672951929813848
 480    23.49317216231811  -1.7953235948597825  27.864486765395707
 481    22.707163375929845  -1.9236174641774886  28.133958929153383
 482    23.145177057164261  -1.8141229481364094  26.690802868222434
 483    22.366352054357577  -1.9442411653148597  26.981294775190907
 484    22.773030543610304  -1.8371496578403597  25.524710115186913
 485    22.001653504679854  -1.9705779356023136  25.836126870451011
 486    22.375111215301338  -1.8618074833203153  24.368933731514108
 487    21.611926831596517  -2.0008985274712701  24.699927050944073
 488    22.269022899842888  -0.67553670896224738  28.291024269896294
 489    21.970144394001085  -0.51527793572584224  28.420783279754367
 490    21.943545333426254  -0.69485436044610915  27.143729588216392
 491    21.649939400226003  -0.53155366801791626  27.284485343638686
 492    21.594482432068656  -0.71860618928090858  26.004354641547597
 493    21.305994331824106  -0.55098922442212317  26.154634914930412
 494    21.214440556993001  -0.7425067540451934  24.875086737431957
 495    20.931152637737359  -0.56765372614818788  25.034715925587697
 496    21.923191122392186  -1.8153545744533215  28.399859494861985
 497    21.233451663371209  -1.4385509203681086  28.631974834711674
 498    21.589153663891761  -1.8309963391699204  27.268195921859572
 499    20.907653886640276  -1.445190909176411  27.516462042579864
 500    21.23160573122415  -1.851047329651403  26.143833225674801
 501    20.558722389680433  -1.4549362803643973  26.408054754860729
 502    20.849740259343715  -1.8731842201148881  25.026999976537965
 503    20.185384400229161  -1.4670622696553541  25.308383621507883
 504    21.765670778971135  -0.25069552726698602  28.499871512054828
 505    21.686840570065829  -0.03584395108582742  28.538799716858335
 506    21.447741599798331  -0.26297462250891868  27.37215504580103
 507    21.369086102844417  -0.03127615018894777  27.415612203822256
 508    21.106923304941038  -0.27692660579996203  26.249344611241323
 509    21.029293478880856  -0.026894301278156493  26.295789246766937
 510    20.738044104079872  -0.28631701538986681  25.133438385234147
 511    20.665421724585816  -0.023169591873414219  25.182053731075204
 512    20.72842475534285  -0.80880506336678348  28.791879800869911
 513    20.529159102185083  -0.027918143534899409  28.854544617707273
 514    20.412601029046385  -0.80830407668282234  27.687670538456658
 515    20.217246456527988  -0.024091746698369387  27.752035573219704
 516    20.074827305688562  -0.80945166174409477  26.590103728925897
 517    19.884567536977073  -0.020457110972623774  26.655705930084427
 518    19.711795045231405  -0.8129766552388511  25.498434414313223
 519    19.529085110152657  -0.017115456552859398  25.567673292487896
 520    21.775918422875261  0.19187543176049804  28.495275577835141
 521    22.003142723297739  0.48191011944603324  28.40800130265109
 522    21.456790047153117  0.21170923813490744  27.367741065209543
 523    21.678391237533976  0.50232316045652969  27.272351961498401
 524    21.115037405594709  0.23285993225812834  26.245090849698215
 525    21.330429376839842  0.52555592895073744  26.143106658593496
 526    20.745230788021814  0.24837413697724656  25.129305182582769
 527    20.952756440743215  0.54618382405630306  25.023558190537255
 528    20.744701290328507  0.75964079020991904  28.788954972010853
 529    21.264013704839115  1.4015481095539015  28.626546889985192
 530    20.427148356927962  0.76608243875213544  27.684557565326539
 531    20.934918791180376  1.4134023019965347  27.510730601987866
 532    20.087895360180571  0.77381277255350245  26.586762871312853
 533    20.583190024721745  1.428025626068254  26.401940337979504
 534    19.723634630573809  0.78312153641570614  25.494864094211874
 535    20.207468404825899  1.4445729958250468  25.301843367230294
 536    22.324031683782337  0.66238336437087897  28.276750184643735
 537    21.990790654563341  0.68345915543425018  27.130102978168743
 538    21.634616814877742  0.70878462768873518  25.991291141739588
 539    21.2501341181611  0.73452075381770865  24.862012251803279
 540    21.959575795984989  1.795133819709072  28.394622710101707
 541    21.621476686511901  1.8137128553010133  27.262460759750983
 542    21.260498855943201  1.8365180186417907  26.137483018979268
 543    20.875842060061817  1.8610080418375579  25.020009627529006
 544    21.21458318420915  0.83425784595254926  23.533483260821757
 545    21.591919911439842  0.77026916846267146  23.343346030735258
 546    21.87784352394004  0.58959450113242651  23.194420728435936
 547    20.766911188402517  0.86733138480404803  22.418805343297333
 548    21.129022890635799  0.80136528226685955  22.222370868947159
 549    21.410367662492334  0.61610815696587973  22.065489673229287
 550    20.291273327045324  0.89916177454945745  21.317829991321116
 551    20.638315583290531  0.8318788257355556  21.115024552210453
 552    20.915237093512737  0.64269982123443881  20.950113742577209
 553    19.78742975828046  0.92804067007437352  20.231070533182198
 554    20.125173795512744  0.85664762854356535  20.02010670703125
 555    20.397636261428293  0.66217442545125893  19.846283578923689
 556    21.220923466580306  2.0337865406852154  23.566543595217084
 557    21.97385996136493  1.8994707350420126  23.217446187353158
 558    22.627729135925961  1.4834938417393781  22.914639979131962
 559    20.775334379500382  2.0668720750280842  22.450988611630542
 560    21.520625483915417  1.9264383146982458  22.080886211066517
 561    22.164813499209561  1.4983873281751223  21.762566481644129
 562    20.301015581790068  2.0987593815739038  21.347401294678882
 563    21.038612080719567  1.952856496361475  20.956353610866739
 564    21.673069721630885  1.5133802464219099  20.622580069695136
 565    19.79640680876259  2.1277358172285941  20.256584577535364
 566    20.525792782457085  1.9758743907317837  19.846135078048359
 567    21.151114548634634  1.5277322638106317  19.495455844610508
 568    22.072574226171369  0.30109550348789604  23.114305838093756
 569    22.149009611736783  0.020043671030994175  23.086298000843531
 570    21.602283361216756  0.32132412832360785  21.979295802641708
 571    21.678354972775946  0.01729672772729229  21.949206346637858
 572    21.10472132286046  0.34189042940620906  20.857134777676944
 573    21.180812694543629  0.015147128482263683  20.824257588852145
 574    20.582913003072957  0.35480261013448938  19.748176310272857
 575    20.655911082280671  0.013910277930335446  19.711987800193754
 576    23.088995005847408  0.81939158047678096  22.714425814372582
 577    23.263079641973942  0.01490336939302935  22.640416580035314
 578    22.613381240617365  0.82391092658982312  21.551960527136327
 579    22.781498142617501  0.012502351718195682  21.476943836784596
 580    22.109485521779234  0.82878516445442374  20.401490484850434
 581    22.272180876907179  0.01071168573543492  20.325374497895712
 582    21.578226917780896  0.83463611010816396  19.266307915264051
 583    21.734678112082772  0.0096314580791145854  19.186399190050249
 584    22.065123330995405  -0.26795267323414795  23.113659525452221
 585    21.856455591948968  -0.57091463352217975  23.19599495808508
 586    21.595581471691958  -0.29261792068295328  21.979265739880979
 587    21.391586436577683  -0.59983893785561637  22.068027078733241
 588    21.098721098909905  -0.31661526935705087  20.85773830324025
 589    20.898967893520659  -0.62802478869831135  20.953649000822487
 590    20.577759629908865  -0.33148027134084301  19.749446869694165
 591    20.383564715179173  -0.64849101154102606  19.851030484927335
 592    23.078989106484578  -0.79293731596517791  22.716523021870554
 593    22.608996615553249  -1.4634508970760465  22.918936706539291
 594    22.604294728893173  -0.80168147360744801  21.554429540762229
 595    22.147836420590405  -1.4814228606437299  21.7674679273393
 596    22.101253481195815  -0.80975697432947547  20.404332208129201
 597    21.657718251769523  -1.4986678620630001  20.628088040728091
 598    21.570812929553163  -0.81746889626840369  19.26948173955865
 599    21.137361304610192  -1.5143226900836151  19.501564884053309
 600    21.558792426757407  -0.76322524306703832  23.351630359237728
 601    21.176921571170475  -0.83395457489855551  23.5457451892173
 602    21.100030776980692  -0.79533363804658397  22.231147506703358
 603    20.733919007263861  -0.86704614980571837  22.431180149158557
 604    20.613334985528265  -0.82645684474752856  21.124303888992305
 605    20.26279754769153  -0.8989058016464202  21.330303777305375
 606    20.103140021758389  -0.85164532668657256  20.030280448132487
 607    19.762197880436691  -0.92781612871884289  20.244163041325528
 608    21.950941015716342  -1.888436759836323  23.223385601770065
 609    21.196026167532029  -2.0334726125261011  23.574023538750801
 610    21.499814724157698  -1.9171086694086401  22.087644343768705
 611    20.752638540322131  -2.0665772103781168  22.459296210226167
 612    21.019770188005573  -1.944823241526267  20.963935282606872
 613    20.280372397783268  -2.0984940954691687  21.356544382791796
 614    20.508845254640107  -1.9685805056782051  19.85448374338144
 615    19.777836187731886  -2.127505042241097  20.266567373869378
 616    20.808274408077075  -0.76895781477919067  23.755685890557157
 617    20.530203786022117  -0.5867633334288338  23.923904130911186
 618    20.380746315736694  -0.79989340264833386  22.646165889319061
 619    20.107459190137636  -0.61293281484576145  22.821152117142109
 620    19.924324087001708  -0.83032648291898525  21.549094701821936
 621    19.655045217129647  -0.63932920413216621  21.729609062649399
 622    19.431475528901998  -0.85527002085750692  20.467040296170037
 623    19.165088234044013  -0.65911953502124332  20.652424145801994
 624    20.441821209444893  -1.8977066492385994  23.920560323776495
 625    19.786367371375082  -1.4808417895398647  24.218914611046696
 626    20.006027708606624  -1.9245742256804632  22.826759480546063
 627    19.360192892042587  -1.4955515872937863  23.140555175421095
 628    19.541425440609942  -1.9509535786271479  21.744897612819202
 629    18.905279393722228  -1.5104726508183155  22.074098189712377
 630    19.047080089235923  -1.9740113372653223  20.674274886568444
 631    18.420045307904726  -1.5248859680146485  21.020336529001778
 632    20.343109201037716  -0.29809259544037336  24.026199752002306
 633    20.275376727437759  -0.020012271986774438  24.076561730467493
 634    19.923532963099202  -0.31812663219963183  22.928563829728166
 635    19.856495953331645  -0.017193344132946795  22.980023536283134
 636    19.473257345137604  -0.33857447704700611  21.841286396209568
 637    19.405885796302854  -0.014975124585873273  21.892993360333467
 638    18.986224302026187  -0.35159148136186014  20.765123229244331
 639    18.920652650386756  -0.01361992961949654  20.816025414429852
 640    19.323651714908184  -0.81759239837350239  24.41687883563122
 641    19.148755900719038  -0.014166192154936981  24.489784424265757
 642    18.910165061345609  -0.8219589960226823  23.34899418782501
 643    18.741226002115773  -0.011706881977404868  23.423031777376416
 644    18.467456963595918  -0.82672543037697377  22.29304694382915
 645    18.303992234126099  -0.0098359794394860395  22.368251488190879
 646    17.991649300711334  -0.83254068362695821  21.247303576578119
 647    17.834551416533248  -0.0086519379604044211  21.326279693080128
 648    20.349463880421087  0.26532574647060209  24.022160815500325
 649    20.549612903413642  0.56886743341861989  23.913067235447535
 650    19.929302540382754  0.28992605097136986  22.924624468233663
 651    20.124530615035447  0.59751207714326604  22.810805447726899
 652    19.478525315134082  0.31392776740889061  21.837461344282939
 653    19.669945939159245  0.6255602530481722  21.719782088403417
 654    18.990910751902302  0.32908361271250425  20.761436647148287
 655    19.178295239335576  0.64645445895126719  20.643006418505152
 656    19.334439633558894  0.79274338792198584  24.413071197345719
 657    19.806394720325336  1.4621985592154134  24.211935876890127
 658    18.919987512472954  0.80144062428492668  23.344922286267654
 659    19.378391996967107  1.4800621962703677  23.13312745899708
 660    18.476376114632316  0.80954444975023232  22.288702778566453
 661    18.921774589485885  1.4973274191696657  22.066205490153934
 662    17.999703287353302  0.81738606856360596  21.242698091830864
 663    18.434856852616321  1.5131577400930611  21.011957346963428
 664    20.840749514979009  0.76265654579782693  23.74248702265108
 665    20.409124706273168  0.79459323201610899  22.633255586754291
 666    19.948765771043032  0.82561010977147675  21.536494647830196
 667    19.453178788288103  0.85098647636285085  20.454380909596026
 668    20.465575372659707  1.8875182397089099  23.912904329757236
 669    20.027635413356577  1.916098910044969  22.818380902046794
 670    19.561023256676737  1.9437812594046739  21.735784532178773
 671    19.064739977144541  1.9675964943469666  20.664460407934222
 672    19.25378080575452  0.95219955132426903  19.158421523150086
 673    19.585645991705224  0.87646653395238894  18.93750568634719
 674    19.853681494561897  0.67648207188667109  18.754182224635972
 675    18.690157147501722  0.97207055766040262  18.099487684253294
 676    19.014802935477437  0.89536392741558191  17.867992554176993
 677    19.278813194449146  0.69182902958577785  17.675083488698661
 678    18.098464473246466  0.98924633309204901  17.05434759791941
 679    18.416553881748097  0.91302795189603081  16.811691003648296
 680    18.677201915335729  0.70740448022388425  16.608614163481434
 681    17.480608472713104  1.0053195216284823  16.02307984557601
 682    17.794808085435879  0.92914675035662253  15.768724727888737
 683    18.053018211467379  0.7223976054762955  15.554401041354017
 684    19.260483193263529  2.1519879041776426  19.18001891551404
 685    19.981262006545194  1.9954390177618366  18.750200577337775
 686    20.598330423420006  1.5408790252388744  18.382246196523113
 687    18.694775215585601  2.1719126636072836  18.118553925771469
 688    19.407185604675746  2.0135381305239464  17.667752766080426
 689    20.016663981801365  1.5533455988312579  17.283421684638451
 690    18.101555632212797  2.1891132009245537  17.072046284244728
 691    18.806143758940355  2.0303819393976648  16.599927374499696
 692    19.408578258145695  1.5660257867592264  16.198884663891171
 693    17.483097199629061  2.2051926215364914  16.040352666870866
 694    18.180716651430593  2.0461806547625421  15.547860132818906
 695    18.776536286820033  1.579813391194226  15.128537489215931
 696    20.034279977566722  0.36311945400404777  18.650643688325179
 697    20.103133227586859  0.013480309194829699  18.611209003377368
 698    19.456620434267492  0.37400869974235518  17.563619826956085
 699    19.523855985896208  0.013848620886076395  17.521067220717285
 700    18.853524183465527  0.38564198359601248  16.488747714078556
 701    18.920448308200747  0.015476515869023613  16.442599524320229
 702    18.228581035451111  0.39619094181162007  15.427670337605576
 703    18.29527914549254  0.018825297008618097  15.376842986292953
 704    21.017987707546141  0.84120179790772154  18.144318815684741
 705    21.169202172764198  0.0095135698017710466  18.060253429469004
 706    20.428926275382864  0.84809024804125221  17.0331393554154
 707    20.577626133116311  0.01059839109037565  16.946889159892777
 708    19.814625847815137  0.85572825529354779  15.935627020198154
 709    19.961991384696532  0.012968712280923014  15.846571649283355
 710    19.178669651367024  0.86454261444939939  14.854639295775147
 711    19.324339319062311  0.016707323709411574  14.759566165602493
 712    20.029943746552757  -0.34039118870585128  18.652740917568568
 713    19.84118383651851  -0.66337562518977256  18.760691177356311
 714    19.452917776386741  -0.35046696970178953  17.566713177938002
 715    19.267449811264203  -0.67837954371221709  17.683823840455613
 716    18.850495605192283  -0.35915419568035073  16.492848184089375
 717    18.667053819957825  -0.69186593549160824  16.619607908855777
 718    18.226491118750822  -0.36389944799322749  15.432630469309661
 719    18.044687043140932  -0.70219796891119279  15.567222817187425
 720    21.01143205997678  -0.82402354820914725  18.147784080676644
 721    20.586218890303702  -1.5274875872982794  18.388906884403795
 722    20.423289315601355  -0.82871669570023143  17.036876926842726
 723    20.006224889361562  -1.5383403631121897  17.290558272885196
 724    19.809911448272345  -0.8319876020242134  15.939608618244039
 725    19.399819351284144  -1.5476341564938392  16.20644059287028
 726    19.174825209835159  -0.83427553046365155  14.858827495067789
 727    18.76944232557171  -1.5561221064117203  15.136475387731842
 728    19.565105783529198  -0.87180002413302538  18.949391505143961
 729    19.229972451640197  -0.95199204108577673  19.173000564983507
 730    18.995064949773781  -0.89060622947014323  17.882173534085524
 731    18.666841581186404  -0.97185302170767229  18.116039384308348
 732    18.397711661462829  -0.90729093438554431  16.82814070654327
 733    18.075747767673626  -0.98898852822918826  17.072797085364655
 734    17.777740059567027  -0.92108113056684815  15.786807194103254
 735    17.459633509700183  -1.0049880182949855  16.042791254217086
 736    19.966352466635964  -1.9881097941526269  18.759214837626686
 737    19.244128378108837  -2.151777440474985  19.190760333088146
 738    19.394523404489096  -2.0052771512949721  17.677338718104814
 739    18.680762029330417  -2.1716925596451282  18.129916801936364
 740    18.795774472461787  -2.0202876746801413  16.610008271754573
 741    18.089967477926407  -2.1888529937331822  17.083933685624132
 742    18.172522074816282  -2.033346461883037  15.558376385514681
 743    17.473975060426568  -2.2048613367208048  16.052707889361589
 744    18.902855475927172  -0.87522212451400194  19.401043247124271
 745    18.638678223045002  -0.67376687071389563  19.591128062914468
 746    18.344820028402825  -0.8939597123652786  18.350275989742677
 747    18.082668463989251  -0.68900295543706891  18.54553291432282
 748    17.758388892112855  -0.91141396531776042  17.314504282575331
 749    17.497830270461208  -0.70439784446303111  17.516209984428201
 750    17.144581772841136  -0.92751606427786926  16.293493884172328
 751    16.884934956045342  -0.71952159306404795  16.503730557631759
 752    18.522001296341834  -1.9936287954859782  19.617808518561581
 753    17.90327578495495  -1.5381004475261979  19.981116433861072
 754    17.96708805613504  -2.0117253259747478  18.577961993077928
 755    17.356112210393508  -1.5505327042026658  18.957659234247551
 756    17.384240080921881  -2.028524676110286  17.553354877357286
 757    16.780507368444912  -1.5631252852547601  17.949820439320511
 758    16.77535708300865  -2.044250593271244  16.542606738639503
 759    16.178414043333632  -1.576820737893178  16.95745555823931
 760    18.462798547456458  -0.36011300343175023  19.704569986680795
 761    18.39956764769255  -0.012942976706628018  19.754079245874966
 762    17.90821649381607  -0.37113228099354817  18.662831807485272
 763    17.844997589449228  -0.012985592115055535  18.711499350181761
 764    17.323727644022576  -0.38289148460058831  17.638728691132613
 765    17.259442373371986  -0.014349255311179088  17.687917361477233
 766    16.710581500993541  -0.393632784806206  16.631080637097647
 767    16.645401897176004  -0.017635445761399721  16.682964913888377
 768    17.482552144865267  -0.83903504928380335  20.216771468213363
 769    17.330861131289875  -0.0083661140150180866  20.299819777596529
 770    16.943059588042267  -0.84574405933050234  19.205565071113824
 771    16.794055499903042  -0.009219710787362799  19.290709436442647
 772    16.373919539011489  -0.85317455366538641  18.210611463570157
 773    16.226396151487787  -0.01135595176045149  18.298486269714019
 774    15.775879906542054  -0.86183337218678557  17.228837723873042
 775    15.630144715159121  -0.014918060417293731  17.322687877506269
 776    18.467106700761349  0.33860357501238381  19.701012339633554
 777    18.651156082578638  0.66194389254681862  19.581882657202268
 778    17.912509025950893  0.34937966373865664  18.659395921931786
 779    18.095175465428753  0.67721690160684289  18.536342824869703
 780    17.328018295946805  0.35868762777059471  17.635470903626945
 781    17.510393895725549  0.69087470906589388  17.507187884342258
 782    16.71453507922498  0.3638032159874704  16.628120794302955
 783    16.896851881308649  0.70151853785852603  16.495218798454804
 784    17.489688570604521  0.8241460368362642  20.211928752486592
 785    17.916346509935273  1.5265894444934751  19.972281577448385
 786    16.949193798549178  0.82906033284484826  19.200509284731307
 787    17.367385969472352  1.5377063352440543  18.948439569209711
 788    16.379030259795556  0.83254329408320016  18.205366102812143
 789    16.789941612641346  1.5472432006549144  17.940262958218007
 790    15.780009242951973  0.83500925804516246  17.223425620976165
 791    16.185979820856002  1.5559348290361654  16.94758338044382
 792    18.923417545879275  0.8713650890723228  19.387687088671434
 793    18.365007595089661  0.89015689840125078  18.335873895491122
 794    17.77816266002214  0.9067934914774487  17.299150024494825
 795    17.16309646477961  0.92070645542873064  16.277724170122291
 796    18.537570231524654  1.9872486890230161  19.607376497316718
 797    17.980339886088608  2.0045521719160315  18.567003969657758
 798    17.395111829621055  2.0197035310830032  17.541942814730188
 799    16.783948950906687  2.0328993545809175  16.530793022306895
 800    16.83851889237274  1.0209611909630376  15.006076645060517
 801    17.151495177443241  0.94435891090585622  14.739103154735584
 802    17.407996413624449  0.73590500281135229  14.514008856981357
 803    16.171819080554286  1.0358476090189075  14.005052441191745
 804    16.48453653565765  0.95938646921157356  13.724889300584405
 805    16.73971070503605  0.74826814162343458  13.490670427667673
 806    15.478955129768837  1.0500792201501521  13.022069155869405
 807    15.791829035475523  0.974042739575674  12.729287241400296
 808    16.046091418621522  0.7605435114769088  12.486514669741709
 809    14.758373132527513  1.0637564687108312  12.059188710993208
 810    15.07126955229319  0.98814103630005801  11.75550105314837
 811    15.325068887300137  0.77378760193614116  11.503670499532188
 812    16.839827984635466  2.2208247860928965  15.023872383997677
 813    17.530533253772013  2.0621862587667947  14.510876572515414
 814    18.120480924968472  1.5947529650648664  14.072761127408667
 815    16.170558623214308  2.2356896581280146  14.024039467394424
 816    16.853668105761439  2.0788381749097349  13.489319029990288
 817    17.438312871006833  1.6100250922364148  13.033242006000007
 818    15.475135725621387  2.2498994973755457  13.042262675130297
 819    16.150369741747586  2.095127775597549  12.485848442852356
 820    16.729431921210374  1.625227621285303  12.011840671026629
 821    14.753405902112529  2.2635665635691891  12.079950765274521
 822    15.420886696079091  2.1100464332364295  11.50312574871049
 823    15.993237871854216  1.6399584007879604  11.010417668525196
 824    17.58270914806079  0.40524680836870475  14.380843813200197
 825    17.648770477820307  0.023190561239219695  14.326123772508069
 826    16.913417443291554  0.41390877248857488  13.349906630645137
 827    16.978942057254159  0.02762539326015339  13.29317946814867
 828    16.219181877674277  0.42261040328050237  12.338275339033002
 829    16.28455949281809  0.032227327583809924  12.279664274287384
 830    15.498478407739873  0.4317852698537597  11.349366487456368
 831    15.564388393536108  0.037093898722580579  11.287232391996824
 832    18.519616413844787  0.87508204261076816  13.787618620352735
 833    18.663947702988544  0.021574541439873789  13.686303483050317
 834    17.83375563974203  0.88683724914536788  12.733487094502641
 835    17.978045102406593  0.027014284949925381  12.628564627026591
 836    17.121266720613626  0.89864801723661647  11.697321697515138
 837    17.265599107608235  0.03263474969593648  11.588640242292753
 838    16.382329048014515  0.90935413006793264  10.684199408680474
 839    16.525577308885246  0.038044131134277299  10.568820973610208
 840    17.581352079181205  -0.36539298611372528  14.386563292202473
 841    17.400718799203702  -0.71021864287180003  14.528785773225165
 842    16.912260972826598  -0.36627449381288452  13.356341917436751
 843    16.731927575626358  -0.71788682396687309  13.507839140281069
 844    16.218133771805007  -0.3669146888890007  12.345238887397315
 845    16.037618306584932  -0.72523948211858325  12.505700086291426
 846    15.497886448234398  -0.36768428914036999  11.356526744468992
 847    15.317095926255572  -0.73231358724910145  11.523685779192611
 848    18.516640254053751  -0.83611877281395663  13.791977437697593
 849    18.115032710577193  -1.5641783421138689  14.081036633501371
 850    17.831703783404855  -0.83774372853358425  12.737988701945367
 851    17.434513466949564  -1.5717735702595397  13.04179510952771
 852    17.120148872803291  -0.83912182239965671  11.701939191140658
 853    16.727300737632987  -1.5790557959340608  12.020617564159185
 854    16.382108597163832  -0.84022447918929821  10.688906808613014
 855    15.9928106655717  -1.5861730242227616  11.019370745744215
 856    17.13494564377681  -0.93366366501072062  14.759601228073864
 857    16.817778954294678  -1.0205348115902815  15.028250843130241
 858    16.46614384708867  -0.94664762096100097  13.749298931319295
 859    16.148451855418827  -1.035319818805716  14.031748731986625
 860    15.771558710432565  -0.95914334447606908  12.757436312759385
 861    15.453076122071121  -1.0494438840940892  13.053318398277865
 862    15.051414274738427  -0.97026118161430508  11.785549381313963
 863    14.733075663249952  -1.0630078516082002  12.092993319495582
 864    17.524546421391765  -2.0456741063700123  14.52172651798044
 865    16.833186269775819  -2.2203995902585967  15.036631604559329
 866    16.850073270403254  -2.0580188231361878  13.500383626647624
 867    16.166415594074937  -2.2351600362304662  14.037113677146154
 868    16.149187348676755  -2.0698771420496245  12.497062846805743
 869    15.473512862587024  -2.2492606889680031  13.055575994109688
 870    15.421973383038274  -2.0807455929783774  11.514479313744292
 871    14.754327904575204  -2.2628195628028012  12.093440442437563
 872    16.502755622984264  -0.9427287286594207  15.28984309454902
 873    16.243637730390425  -0.73314226092200929  15.509137977320647
 874    15.832901842713881  -0.95757798091888657  14.305556409330929
 875    15.574358409762651  -0.74528844948384454  14.533037611295105
 876    15.136991809476312  -0.9720899565266734  13.339508880483249
 877    14.879015217672368  -0.7574210266693816  13.575343780575515
 878    14.416996900717898  -0.98629079095318661  12.390575559971179
 879    14.159526377629984  -0.77100086039844951  12.635970806182302
 880    16.141621678867708  -2.0601895461444175  15.5471610646697
 881    15.550681615281187  -1.5917126991315638  15.980984633191103
 882    15.4825738917461  -2.0768042982866683  14.569507997414279
 883    14.897045813812003  -1.6069968373098413  15.02155352988947
 884    14.797649544112305  -2.0930830393817521  13.609837085445175
 885    14.217788947105475  -1.6222687466281163  14.080106492783747
 886    14.086284458434777  -2.1080139591134222  12.668337877334283
 887    13.513193323340941  -1.6371240212864946  13.1575877663232
 888    16.069318331757295  -0.40274970576343094  15.641617403106606
 889    16.003930842411194  -0.021937938999163367  15.696080521091446
 890    15.400492297627125  -0.41127708625164233  14.672052768120297
 891    15.335025822494782  -0.026163013612556074  14.727440505867269
 892    14.705373742947991  -0.41991906876370194  13.721182763465611
 893    14.639599632942931  -0.030630903649943114  13.777783216000389
 894    13.985233012064842  -0.4293797957924711  12.787803420469407
 895    13.918565069271818  -0.035661843159688983  12.84784699927525
 896    15.151200008611356  -0.87231169399882158  16.263645387101732
 897    15.00682674938437  -0.019691131630385925  16.363723531032257
 898    14.501299502652151  -0.88407854117998308  15.31894134216779
 899    14.35694222341024  -0.025099143234728297  15.422635228910737
 900    13.825666806616505  -0.8959575180901419  14.392410698110348
 901    13.681214382520572  -0.03074364315706965  14.499909662346296
 902    13.123790338456493  -0.90677222908917132  13.481738563968518
 903    12.98036647199925  -0.03622617932416082  13.596033522543507
 904    16.072988952605606  0.36551709297886648  15.63867324573523
 905    16.255408661367643  0.70984238284680634  15.500229301812734
 906    15.404225293169633  0.36664013844897231  14.668608072325609
 907    15.58717791518459  0.71761946348940719  14.522185627149657
 908    14.709018369783998  0.3674784239489704  13.717037027597659
 909    14.892581810737632  0.72506983961578664  13.562147484492639
 910    13.98814245131563  0.36833802103004321  12.783071865074964
 911    14.172042516004947  0.73241357105540339  12.621174583868775
 912    15.154323818579146  0.83698446135978921  16.258092724763177
 913    15.55636668438127  1.5641655900349023  15.970826466829456
 914    14.503338937801379  0.8387032115738714  15.313274323956866
 915    14.900848891091533  1.5719271250114624  15.011155938481089
 916    13.826623710072269  0.84014195255785973  14.386649869170029
 917    14.21971371881463  1.5793651298458347  14.069510566614596
 918    13.123747244845397  0.84127712818220513  13.475898811015499
 919    13.513248445378411  1.5866253004180062  13.146829122445929
 920    16.521195815675949  0.93347775677103162  15.272448459527196
 921    15.853435188956574  0.94654430331820683  14.28449992382537
 922    15.159409813621759  0.95912009414495913  13.314574613399794
 923    14.438714918671749  0.97041912832598909  12.363368578633441
 924    16.147868792871812  2.0453774760879795  15.5350415384894
 925    15.486269454454796  2.0578933287986936  14.557197467751328
 926    14.798784658458324  2.0699199000445208  13.597394037423761
 927    14.08504812768509  2.0809301771569184  12.655764474837788
 928    14.010638224653134  1.0770017261644547  11.117410579936532
 929    14.323309568172089  1.0018142657473337  10.803902906605526
 930    14.577184496022941  0.78672818578570891  10.543684462850257
 931    13.236788410848487  1.0899413386732482  10.197393530323044
 932    13.549033520280116  1.0150176505579716  9.8742914431829902
 933    13.803143686043054  0.79764198419719556  9.6076292613822023
 934    12.435979086944599  1.1026817126393456  9.300688425427893
 935    12.747287716673354  1.0272979794506671  8.9690104447974335
 936    13.001122874732808  0.80690890931549508  8.6969230452697754
 937    11.607365648772504  1.115329254464881  8.4288461285262155
 938    11.916918465407864  1.0382020411441171  8.0904036933655128
 939    12.169298479464562  0.81490887328549877  7.8129839646546841
 940    14.005356353834413  2.276801598476585  11.138641767661971
 941    14.664343932982344  2.1241856612506886  10.541982303972066
 942    15.229372615671146  1.6538120107038023  10.031065719707332
 943    13.23082147586463  2.2897187191765473  10.219655263026555
 944    13.879717697558142  2.1382408001277713  9.6029261972969593
 945    14.437230610603685  1.6663875831063995  9.0755170856946741
 946    12.429418669355329  2.3024352483695436  9.3240723357860578
 947    13.067033445466707  2.1513589628685561  8.6881334646728092
 948    13.615840500741248  1.6772897947433656  8.1450916223890175
 949    11.600765335458659  2.3150685087560419  8.4529740703582483
 950    12.226316632368237  2.1626872624739222  7.7997801420872417
 951    12.764230930173326  1.6861233223623231  7.2411091856921326
 952    14.751064793930812  0.44056257551752781  10.383831486520741
 953    14.818048447114998  0.041474528714028853  10.318558138613461
 954    13.976710869218426  0.44780658592795036  9.4417713618873176
 955    14.044707765493742  0.04453527665303917  9.375794456787748
 956    13.173910698926775  0.45355346371474015  8.5257770852321677
 957    13.242454594044318  0.04624863263797159  8.4598134855629592
 958    12.34115834837994  0.45783937150761006  7.6384396282313789
 959    12.409377178138735  0.046587086767187938  7.5714873639824223
 960    15.615046080064641  0.9191163204725552  9.6937367398313654
 961    15.757273811589982  0.042849005937211464  9.5717124847379065
 962    14.81751979055031  0.92826083902202439  8.7249029719389828
 963    14.959637038955986  0.046657499234532288  8.5994163629835079
 964    13.989927344525874  0.93587574550721686  7.7818042380011887
 965    14.131116058096758  0.049080129168930536  7.65346713843131
 966    13.132445907045694  0.9410490997190083  6.8685466710158867
 967    13.270159936125779  0.049727413883093131  6.735399341165639
 968    14.750937415317056  -0.36892070791835185  10.390982688910153
 969    14.570044161925171  -0.7393667054379518  10.563942922611638
 970    13.97665318724296  -0.37081543819127499  9.4488798450367835
 971    13.795930368581253  -0.74665614533396985  9.6283771192281034
 972    13.173871887611766  -0.37352031718288664  8.5327346413202321
 973    12.993734921951306  -0.75421849071328706  8.7179438855572648
 974    12.341431640023108  -0.37718718211693436  7.6450635062318231
 975    12.162438197762764  -0.76209032535203636  7.8335987381143788
 976    15.61575369805068  -0.84158560589737952  9.6985021552655795
 977    15.230697593336089  -1.5932717556028799  10.040146228215402
 978    14.819242475464897  -0.84376749089656522  8.7296880779777606
 979    14.440357023928481  -1.6005015458528309  9.0846620560405427
 980    13.992689341976568  -0.84678413103066541  7.7865708490436569
 981    13.620816840941028  -1.6080149830096868  8.1542246833708933
 982    13.136208710155792  -0.85064952314348996  6.8732567407573306
 983    12.771104927965871  -1.6159646551105249  7.2501405643577099
 984    14.304918938130905  -0.98097300837979251  10.835121483470346
 985    13.987333633782846  -1.0761488199373987  11.153128239643976
 986    13.531056668800989  -0.99239858734073472  9.9075281995749691
 987    13.214156023185478  -1.0890054905348268  10.236252765596976
 988    12.72971486277801  -1.0038700944016921  9.0041438893363228
 989    12.414100992488001  -1.1016811118489847  9.3426626691507373
 990    11.900780916091311  -1.0147197054672239  8.1263429124629081
 991    11.587726702720643  -1.1142789323283726  8.4726537221014482
 992    14.667711360634655  -2.0913478110644546  10.553429029371509
 993    14.00884911032106  -2.2759532531398881  11.152252687377072
 994    13.885540646487481  -2.1024462704895219  9.6143656194048628
 995    13.236899043732762  -2.2887819499391884  10.233324291162354
 996    13.075335034234952  -2.1135957596811372  8.6994906548476134
 997    12.438078794513601  -2.3014290593646738  9.3377259862612139
 998    12.236968317515238  -2.124351067066848  7.8110057067030425
 999    11.61198945236683  -2.314017987580312  8.4665285051414934
1000    13.672121021833441  -1.0001474285407339  11.461742577571952
1001    13.415250724245249  -0.7843904782911213  11.716730204909156
1002    12.900670798295895  -1.0133991686438644  10.556277312563052
1003    12.644942852585237  -0.79543537220285554  10.819507773020497
1004    12.10327168766889  -1.0257306792513414  9.67347669116009
1005    11.849614626846405  -0.80482085640655421  9.9443292507429408
1006    11.280549147516037  -1.0368266283519305  8.8126376395786661
1007    11.030277911225191  -0.81323224517511927  9.0912203783030918
1008    13.34934109227726  -2.1222064614406375  11.747212775967121
1009    12.78358483174533  -1.651157718700988  12.254976960906339
1010    12.587508385937841  -2.1363643395979577  10.848548039682322
1011    12.029228267878356  -1.6639660210300502  11.373169497516866
1012    11.799961885986351  -2.1496173671825058  9.9723590002315294
1013    11.250314299418115  -1.6751462095873877  10.512983336481829
1014    10.985877138992658  -2.1610953177914123  9.1186609893663864
1015    10.447033594042747  -1.6842955656867129  9.6752364381282696
1016    13.240456032295686  -0.43852271621062505  11.874562405505499
1017    13.172698320540649  -0.040325501951505298  11.938157159036518
1018    12.47091483314909  -0.44590027134041144  10.984092408364624
1019    12.402629220236706  -0.043524077165341082  11.049053091158539
1020    11.677108912255935  -0.45175009234904939  10.11516699549888
1021    11.609051030518472  -0.045326593844915657  10.180994282219725
1022    10.859537767247081  -0.45630981040375779  9.2665597333603866
1023    10.792657013544378  -0.045802077033948591  9.3344402187985569
1024    12.39752735029167  -0.9167131163878075  12.590410475310453
1025    12.255071880033338  -0.041148594258142324  12.711447525573677
1026    11.648454051639249  -0.9261174483766268  11.722107754397177
1027    11.506052210685489  -0.045112498959380291  11.846660171981314
1028    10.875637296547779  -0.93402906868527502  10.874809190307079
1029    10.734103033052802  -0.047719094072001395  11.002259829680879
1030    10.078143939065793  -0.93949182094339578  10.046493572118564
1031    9.9400199162323766  -0.048569580240127433  10.17883486658684
1032    13.242313237019061  0.3695250018520515  11.869167160735079
1033    13.425796683887626  0.73971463674406268  11.70031227512543
1034    12.471879526837888  0.37130246002480638  10.977705134547493
1035    12.653999228867391  0.74704770785962427  10.800458261963344
1036    11.677065240672627  0.37391199927441698  10.107689006023742
1037    11.85694971129328  0.75464888259463647  9.9224507851897545
1038    10.85809429842379  0.37759522332699219  9.2581219946753439
1039    11.034947691514333  0.76275425914164574  9.0671280856118841
1040    12.396503407198566  0.84265856602889289  12.584508982028318
1041    12.781783853406248  1.5938530642047182  12.244087074284717
1042    11.6463979072421  0.84485063264987714  11.716166319485547
1043    12.025595203823402  1.6011945430985124  11.362182651046782
1044    10.872567621978453  0.84785158037056452  10.868847431113071
1045    11.244886491911032  1.6087964746030947  10.501938764857504
1046    10.074149428410054  0.85165966151636119  10.040528924636769
1047    10.439861712950208  1.6168055962221706  9.6641783278422277
1048    13.691873685473567  0.98134958972286834  11.432613273407679
1049    12.919378152015982  0.99293199115167052  10.523920554303229
1050    12.120776832231837  1.0045488251188501  9.6378070757521943
1051    11.295618240053988  1.015582584130861  8.7747894921866703
1052    13.345763128437781  2.0916768046585612  11.734547986718008
1053    12.58143992059275  2.1029396063955437  10.835882399268989
1054    11.791422717313191  2.1142323386844355  9.9597488690417535
1055    10.975055731762293  2.1250687578418139  9.1061285525873252
1056    10.751541681506033  1.1278196571868071  7.5836238787309238
1057    11.057001410208757  1.0489675745146052  7.2398059370670786
1058    11.30707034416486  0.82304826094379491  6.9568055237577644
1059    9.8709161664398355  1.1399925445603896  6.7649684428509138
1060    10.169696153084789  1.0602508587247366  6.4160836308269307
1061    10.417005762213641  0.83145913399681914  6.1275649553477596
1062    8.9673675935861503  1.1518102190652275  5.9717149757053125
1063    9.2584749395174537  1.070726492922671  5.6178781166791474
1064    9.502032325163162  0.83860991989419609  5.3239560023880736
1065    8.0427744529572252  1.1632349831809221  5.2026986321132469
1066    8.3268100149882436  1.0790690762565744  4.8438307366578002
1067    8.5650776245657294  0.84296904608555523  4.5446724078421221
1068    10.745879496723743  2.3275695329581758  7.6073618579536015
1069    11.3580675322254  2.1728304975252604  6.9378369392629144
1070    11.883722122861748  1.6929898692360266  6.3646095502019566
1071    9.8668114996909591  2.339773385237061  6.7873320916744335
1072    10.464064940248937  2.1826376301347703  6.1013018913271049
1073    10.977212755267871  1.6983787043171177  5.515473247667952
1074    8.9647272314993014  2.3516234357516259  5.992608358776299
1075    9.5462520939710949  2.191622018599539  5.2908920223744067
1076    10.0460991502301  1.7024758528730446  4.693281269719134
1077    8.0407925792877641  2.3630630546608029  5.2229142465147511
1078    8.6065722309241188  2.1992970212166534  4.5073243564994065
1079    9.0917776305868863  1.7054673401712568  3.8976146079845151
1080    11.477370626776553  0.46202226602478763  6.7787627187833586
1081    11.545360157288275  0.045584542105006454  6.7102640094747681
1082    10.584689691595756  0.46649786198745274  5.9444014725634879
1083    10.652989500402528  0.043421179693191578  5.8750765371262785
1084    9.6664476305823577  0.46985895902974956  5.1359239429132932
1085    9.734405446950829  0.040288906596287109  5.0660248824668352
1086    8.7259765314811677  0.470698356785822  4.3538981831743113
1087    8.7917482364025386  0.036379629878834974  4.2832089810263101
1088    12.244398647493171  0.94380105718429419  5.984063658972107
1089    12.378264899242319  0.048699688430559419  5.8463413749425284
1090    11.327478463568923  0.94501966572593776  5.1255834857724434
1091    11.459053383789772  0.046484864712073276  4.9860158603006033
1092    10.385417112803255  0.94509482357876373  4.2946546282850973
1093    10.514163772098282  0.043274826141115809  4.1538486524981293
1094    9.4219463527264598  0.94441642897759737  3.4928255633782741
1095    9.545234446497922  0.039261456131169728  3.3492656067933679
1096    11.478272539899708  -0.38312378475146852  6.7849905655759599
1097    11.30180256675253  -0.77119298838072536  6.9763977998405258
1098    10.586282959630331  -0.39136298595739422  5.9503693324581324
1099    10.413858269548951  -0.78161843370872863  6.1461303007197916
1100    9.6687234382638128  -0.40014428662774365  5.1418103163012772
1101    9.5009874867170279  -0.79215916728048974  5.3418514178319541
1102    8.72885451484896  -0.40770718765554864  4.359924026528331
1103    8.5655723988217041  -0.80160769504045115  4.562616328256782
1104    12.249091229179605  -0.85534615546832204  5.9887379684445774
1105    11.892387969113717  -1.6243075617610547  6.3735528528319172
1106    11.333025083978582  -0.86074680898197375  5.1303062375332944
1107    10.987437719840957  -1.6328442534673488  5.524477012779788
1108    10.391720990753001  -0.86670091964354656  4.2995170554707425
1109    10.057689670758027  -1.6414926446170126  4.7025279635856663
1110    9.4288896657031547  -0.87305792341214183  3.4979259297041705
1111    9.1045793124753907  -1.6501706495976565  3.9073206246338748
1112    11.044006894048174  -1.0258462123071326  7.2749734507122339
1113    10.736160070397801  -1.1267601252534485  7.6271139840238202
1114    10.160793634965399  -1.0379029190208018  6.4497308885792197
1115    9.8606385670927068  -1.1389759463554647  6.8068925026082727
1116    9.2535016943866246  -1.0498537700071593  5.6502603898784463
1117    8.9618861864239605  -1.1508647677590986  6.0122265318243029
1118    8.3244916278554903  -1.0606627096651329  4.8762071184244888
1119    8.0406269220101549  -1.1623649615890306  5.24335332564144
1120    11.370860931588675  -2.1353254591843953  6.9490079592988678
1121    10.759498980925498  -2.3265159879465438  7.6208283182297061
1122    10.478796952057486  -2.146934324247721  6.1126145989941403
1123    9.8825374225672125  -2.3387596964865787  6.800874149688088
1124    9.5626956330727104  -2.1584356331986725  5.3025571998391525
1125    8.9822989851119228  -2.3506765933584939  6.006465112587934
1126    8.6244762287853778  -2.1690873569790985  4.5195673358841821
1127    8.0599778763796088  -2.3621941587203725  5.2374003200005586
1128    10.434711071790776  -1.0478112834670967  7.9742986960219655
1129    10.188400401950592  -0.82180574701534992  8.2602956176666584
1130    9.5670494904466885  -1.0591894065565173  7.1600545380502663
1131    9.3247091642442523  -0.83033401806912177  7.4524982376174105
1132    8.6768160650475963  -1.0697164072662726  6.3707863009148111
1133    8.4391051157915413  -0.83748704406194407  6.669097188609066
1134    7.7632624571573103  -1.0781476952424425  5.607375119866842
1135    7.5314891742778238  -0.84193481071932785  5.9113614210953447
1136    10.146694706594266  -2.1713800979923117  8.2895078090420231
1137    9.6200607495716035  -1.6914247349457878  8.8609002021691641
1138    9.2846675872801772  -2.1813110343502742  7.4861844628363015
1139    8.7705514768471957  -1.6969696394134122  8.0704015414105825
1140    8.4001899828974995  -2.1904040304585899  6.7075530849349514
1141    7.8994181130826124  -1.7011654750498635  7.3037416858192739
1142    7.4936560952933231  -2.1981749899105503  5.9524758095237011
1143    7.0075729954908947  -1.70424743781542  6.5609218653619852
1144    10.019908717546054  -0.46080842711032743  8.4399739399069311
1145    9.953949766433535  -0.045000508590074033  8.5102202615289482
1146    9.1593087247314866  -0.46542408771671412  7.63767052460783
1147    9.0935223731473478  -0.043007898712153603  7.7090699227818824
1148    8.2773067496668631  -0.4688181388533888  6.8592594411825516
1149    8.2122038261074248  -0.039947314955757957  6.9313079167415443
1150    7.3734717532156751  -0.46965192715082132  6.1043506433505499
1151    7.3108231177354011  -0.035941824876456238  6.1772529575921213
1152    9.258659445822266  -0.94246282507583812  9.2402540369171025
1153    9.1243429179833679  -0.047698737585794439  9.3772411686313237
1154    8.4195395861632178  -0.94381778273254802  8.4592118182081339
1155    8.287514587676764  -0.045559648779281647  8.5980634922461956
1156    7.5593566682128097  -0.94397841013080863  7.701387849700021
1157    7.4301842318276305  -0.042380968287041562  7.8414835110954986
1158    6.6766830000951884  -0.94336642348790289  6.9648030651011306
1159    6.5530011569509847  -0.038391350575531571  7.1076828988432945
1160    10.01688693599708  0.3835118028618188  8.4309726419571778
1161    10.189581140850478  0.77203932057902069  8.2352896390066697
1162    9.1549231637989958  0.39160200160433445  7.6284376644554879
1163    9.3224310293137691  0.78238474397164559  7.4274986861856096
1164    8.2717665634813624  0.40027831284987447  6.849862544378821
1165    8.4337864152916886  0.79283441849184455  6.6442391155078617
1166    7.3669807166959691  0.40795322989377425  6.0945927639357294
1167    7.5239363571716815  0.80243223331193958  5.8859948153325714
1168    9.2538234623406019  0.85630850431332906  9.2342835894799542
1169    9.6112566019608181  1.6251884873282991  8.8498448380412693
1170    8.4139144073645227  0.861711800245754  8.4531935517406467
1171    8.7602804326963284  1.633759296352985  8.0592821005735154
1172    7.5530259621702234  0.86768789652637401  7.6952494241566463
1173    7.8878475085379209  1.6424361143883333  7.2924134881819329
1174    6.6697618254461073  0.87405514036792753  6.9584418194657678
1175    6.994872132866818  1.6511370325264525  6.5491623736095192
1176    10.445707933077003  1.0268204758098449  7.9362327640053714
1177    9.5733270141495819  1.038849982311483  7.1229515336965576
1178    8.6787373150857299  1.0507540079425353  6.334636978826607
1179    7.7622006676994593  1.0616154570097642  5.5709802769618966
1180    10.133817783138822  2.1360750344118662  8.2769882015839169
1181    9.2699122577152089  2.1477038666786719  7.4735234499290906
1182    8.3837702192652088  2.159208802568648  6.6945587775028708
1183    7.4758227315625359  2.1698433900082148  5.9389186641852669
1184    7.0971276756968553  1.1742323512163173  4.4596516925525664
1185    7.3734109186285703  1.0871423129335926  4.0968063962561674
1186    7.6060645972782819  0.84739282681882444  3.7924558707585665
1187    6.1306951911181065  1.1848073230524214  3.7439091707048608
1188    6.397211813419279  1.0964073501670772  3.3786678794810268
1189    6.6248033254158383  0.85375221536186874  3.0692488082058764
1190    5.1457709864871415  1.1949814295270802  3.053710321194846
1191    5.4020218806160223  1.1049349516145048  2.6865533461366367
1192    5.6240521184176817  0.85903759769424404  2.3725460401769989
1193    4.144649049070118  1.2047762014781405  2.3872943986472399
1194    4.3916503014744492  1.1107958809333507  2.0176009560272692
1195    4.6065692857230962  0.86023935979550248  1.6998423866649068
1196    7.0962226695049448  2.3740782228238055  4.4783847789086257
1197    7.6456010219598838  2.2061087065869094  3.7496220044514001
1198    8.1155866858482586  1.7074045956558617  3.1286133807394534
1199    6.1321157823094312  2.3846928276275277  3.7593486584751044
1200    6.663778682501289  2.2125657073401812  3.0170968859367049
1201    7.1186483336219908  1.7082279087542871  2.3867220844821784
1202    5.1494625354052372  2.3949070990224102  3.0658199902172036
1203    5.6628452669371736  2.2182752278171547  2.310899238485411
1204    6.1020341888933674  1.7079565947089572  1.6719782781760864
1205    4.1492535464963725  2.4047212669588971  2.3978128791379465
1206    4.6445408296563695  2.222844472358521  1.6321792996276141
1207    5.0668158666476337  1.706609968762298  0.98441952078456274
1208    7.763146660599614  0.47155186902312035  3.5990298790667556
1209    7.8268743903722022  0.032133691648920666  3.5272438305199985
1210    6.777550100186394  0.47412835848318569  2.8714311388671145
1211    6.8408428519879259  0.027563081689267674  2.7986742380490028
1212    5.7721016618983247  0.47578019826129964  2.1707796497513567
1213    5.8345974929896567  0.022217178576381467  2.0974948532219568
1214    4.7497161573922035  0.47385976145274339  1.4967530988954443
1215    4.8090821851173153  0.015645360886766574  1.4237003256474896
1216    8.4359013192275238  0.94250376423841276  2.7186193628258328
1217    8.5536971575210377  0.034498380487331358  2.5724112562993811
1218    7.4261042915558395  0.93902839388539994  1.9705878588971193
1219    7.5406374876250943  0.028923247184977293  1.8238645561040387
1220    6.3962677422823253  0.93460863946571049  1.2503226692035883
1221    6.5071745670278283  0.022553972893024691  1.1037029944278764
1222    5.3501041439778767  0.92986282252649577  0.55941541135668904
1223    5.4544275259470005  0.01540847428038853  0.41200405949142294
1224    7.7667103280522927  -0.41593423311299171  3.6050582755001064
1225    7.6083511155743748  -0.8112435690121752  3.8098727754300841
1226    6.7819216902774979  -0.4265537483241279  2.8772229592165202
1227    6.6296305159034974  -0.82225297630565197  3.085021892525464
1228    5.7771441511790416  -0.43757390605979651  2.1765217125591634
1229    5.6311459341992842  -0.83328837549496038  2.3870489412293479
1230    4.7550332604113965  -0.44700287909083664  1.5030581704096213
1231    4.6146327048519931  -0.84300222515417977  1.7149391832281615
1232    8.4433735418790761  -0.87971481472474899  2.7241173925712681
1233    8.1294230588747531  -1.658854122211227  3.1390372290572337
1234    7.434000184287763  -0.88671382858291659  1.9766918207684718
1235    7.1332811647434964  -1.6675691010160365  2.3981873076763476
1236    6.4044580070649246  -0.89412226179258913  1.2572284882811371
1237    6.1172048820505029  -1.6763087775342576  1.6848767264072013
1238    5.3584354243462684  -0.90200741115971028  0.56730666909461513
1239    5.0822454627646731  -1.6850663432880599  0.9992113511657752
1240    7.3741838953145606  -1.0711896275187305  4.1281622506210534
1241    7.0989393191043035  -1.1734421213728397  4.4991346855531757
1242    6.4026585443708504  -1.0824047334763709  3.4067943270281558
1243    6.1383636905309489  -1.184113161700989  3.7793303151941711
1244    5.4117655120646928  -1.093437452513605  2.7118645576948821
1245    5.1588166812660319  -1.1943934362924926  3.0855243217459174
1246    4.4033547354364213  -1.10341720960598  2.0431341526703188
1247    4.1602149362854934  -1.2042982988663629  2.4193008123898752
1248    7.6646820107747384  -2.1795298044518807  3.7628625440749683
1249    7.1167532568310348  -2.3732933454162253  4.4938809841217253
1250    6.6837314599202466  -2.1904542737825645  3.0318873230420325
1251    6.1536506875719201  -2.3840023868732656  3.7763155381952087
1252    5.6833566443232666  -2.2011952198669813  2.3277136893628696
1253    5.171633977389563  -2.3943196841243597  3.0848139268645043
1254    4.6652896320851669  -2.2110870976009638  1.6514136596149767
1255    4.1716669350712801  -2.4042436382023791  2.419486094773085
1256    6.8300664868580814  -1.086351098813146  4.8675872373938853
1257    6.6046501327968778  -0.84652742703868722  5.1772512284750309
1258    5.8802155314725519  -1.0957305077266994  4.1504753749673098
1259    5.6608275022648016  -0.85299373625351615  4.4655751249029754
1260    4.9119255884251594  -1.1043454237594816  3.4588503863140878
1261    4.6990982771005507  -0.85832182544344782  3.7788743919668821
1262    3.9234126551403312  -1.1102553486878703  2.795523125161202
1263    3.7185394517230779  -0.85949978168811436  3.1196903112544727
1264    6.5668613298370566  -2.2050851252589911  5.2222548325592495
1265    6.096059912539733  -1.7062782425837921  5.8421529251848145
1266    5.6214952424402611  -2.2116472238292828  4.5182776862073046
1267    5.1659043295134834  -1.7071747839554898  5.1477021697277952
1268    4.6577932607631789  -2.2174545513735215  3.8395345089670765
1269    4.2179910988498914  -1.7069535274810266  4.477655517898401
1270    3.6759908124660639  -2.2221003736438032  3.185015439337783
1271    3.2532050729867579  -1.7056309387109094  3.832098888604123
1272    6.450772895461343  -0.47057587955792463  5.3730577414131329
1273    6.3904856236172964  -0.031665530503295736  5.4472060412357717
1274    5.5117218089812443  -0.47328603110582673  4.6659682806422742
1275    5.452292676990278  -0.027250042074652307  4.7412463520421095
1276    4.5552011633798566  -0.47501214054832358  3.9834031172134305
1277    4.4970672067528454  -0.022004689460095324  4.0593598868965142
1278    3.580093628261642  -0.47298396663921016  3.3256831073020594
1279    3.5256321418034746  -0.015238802529193102  3.4015326426843573
1280    5.775068331707379  -0.9415100112911956  6.2513070751498274
1281    5.6569113641612097  -0.033653068844103337  6.3968741789208785
1282    4.8578393504251611  -0.93806939465450423  5.563078222027519
1283    4.7429871988994172  -0.028087058545800063  5.7091787316999332
1284    3.9232337705909055  -0.93366433873479215  4.8986305366071825
1285    3.8120674841708762  -0.021709967527616673  5.0446415162553144
1286    2.9694893065469588  -0.9289146086890222  4.2564780497617898
1287    2.8649910429808338  -0.014538443636548125  4.4033074916618338
1288    6.4432245770333285  0.41627517697819633  5.3630936704356778
1289    6.5945434351181369  0.81220486468895459  5.1520101976131993
1290    5.5029359869034247  0.42677932059989893  4.6561430147162906
1291    5.647279300423298  0.82308873298264551  4.4417952118016908
1292    4.5453468611872294  0.43770826743611241  3.9735548842783524
1293    4.682446618166284  0.83399234351944496  3.7562320525050144
1294    3.5696891147657155  0.44730462416406719  3.3151433666226451
1295    3.7003480534262305  0.84382420162578353  3.0962029143301177
1296    5.7676802426775016  0.88071552582211321  6.2445560801751965
1297    6.082428784028826  1.6598385198551513  5.8296864161745932
1298    4.850102932871434  0.88773221607752195  5.5557329248897682
1299    5.151584382279208  1.6685676860015259  5.1342065155169756
1300    3.9152788049989296  0.8951653120522306  4.8904960304937513
1301    4.2032418938634555  1.6773185828666217  4.4627409048618594
1302    2.9614567680309958  0.90307491466431733  4.2473690738714147
1303    3.2383042850270494  1.6860852623514828  3.8153078174344359
1304    6.8255205276105464  1.0721665665139026  4.8320308714516145
1305    5.8705195790234548  1.083261428134257  4.1180981385074604
1306    4.8974884966291681  1.0941657281954424  3.4292631549895622
1307    3.9067179551186779  1.1041451530220765  2.7656069977580584
1308    6.5479150912466437  2.1802526988461834  5.2077018575989635
1309    5.6017572225620347  2.1911367427238928  4.502172840108666
1310    4.6375771306900173  2.2018314852565424  3.8214046937074242
1311    3.6556028208119047  2.2116728900593361  3.1644705003882967
1312    -24.875797566879978  1.1327520296409586  43.603671507652727
1313    -24.492409403530608  1.0626581574584697  43.585118994081618
1314    -24.17999287247212  0.86383553831284932  43.56685767217121
1315    -24.876038242329319  1.0615433396610314  42.39792453212619
1316    -24.486493515953555  1.0010309354967963  42.390769817741948
1317    -24.173914883253445  0.81350243852847415  42.382223139772741
1318    -24.847844041405885  0.99705560904661439  41.192387590948705
1319    -24.442480842732742  0.93865531810602143  41.198470415829881
1320    -24.127271552781732  0.75700677351123946  41.199458335585625
1321    -24.789635776041944  0.93923917406228463  39.987705138805509
1322    -24.368657686108538  0.88144822408212598  40.007453157868568
1323    -24.051021319943768  0.70417685959767617  40.018403330265706
1324    -24.699834258169748  0.88804437097262001  38.78452163038186
1325    -24.273310348321328  0.83532657222109052  38.816950413381129
1326    -23.956122623626307  0.6648410131243141  38.83889819446884
1327    -24.91  2.3300000000000001  43.530000000000001
1328    -24.043624410001801  2.1793718242651874  43.52615184309694
1329    -23.321036221189026  1.7006507068272581  43.522882168072329
1330    -24.908405044593913  2.2591880592871512  42.33024417680592
1331    -24.046159183742628  2.1206407156890363  42.346898336227937
1332    -23.323477118939248  1.6594358377401752  42.362316885519313
1333    -24.876312452014769  2.1951182449390569  41.130738655289292
1334    -24.02114616506924  2.0638326467217425  41.169053323315005
1335    -23.296251742869057  1.6218474103288998  41.20214137879011
1336    -24.814349815047471  2.1376850926798343  39.932039320275209
1337    -23.966674570109372  2.0121275552400486  39.992065135915951
1338    -23.239979258614103  1.5878282757999516  40.042873336586069
1339    -24.723144726476921  2.0867831382336011  38.734702056588795
1340    -23.880833614990809  1.968705379120697  38.815382105588526
1341    -23.155278831809987  1.5573212853598535  38.885030447608557
1342    -23.991499246189928  0.54187969757056809  43.537926129162798
1343    -23.929472213485106  0.12421392322430919  43.50953625112129
1344    -23.976474245620299  0.5061046338756171  42.360701106147125
1345    -23.905550494684864  0.11649109727339617  42.337758987259107
1346    -23.927457814699064  0.45821080136559145  41.186410141885617
1347    -23.854271608178856  0.10688634091072929  41.167626012418772
1348    -23.850246036332507  0.4122608479827462  40.013995610897332
1349    -23.776208929148453  0.097503591698751668  39.999536105257683
1350    -23.75063499342691  0.38231742166933635  38.842399887701312
1351    -23.671935832775063  0.090446787199906842  38.833888044433245
1352    -22.865413112597928  0.96321756591105034  43.520746264217536
1353    -22.73002212130535  0.089429065555126863  43.520000000300193
1354    -22.854787010946289  0.9405878072652637  42.371225199981993
1355    -22.70663662248527  0.083606377278709176  42.376595450714483
1356    -22.815758445461746  0.92094637376876864  41.225369530446841
1357    -22.656481592499848  0.078000249538756811  41.234218670304571
1358    -22.749113482693534  0.90319661039333854  40.080680597913911
1359    -22.580140876131882  0.072608169158606212  40.093267899373927
1360    -22.655638189190928  0.8862418621107464  38.934659744685007
1361    -22.478198318164161  0.067427622961594463  38.954141378225998
1362    -24.038947992352885  -0.33074481812105877  43.530607979268133
1363    -24.306803975496923  -0.73547844198641898  43.552387047192525
1364    -24.019038055774509  -0.30854320585941158  42.353805126414038
1365    -24.29052943699266  -0.6947169821830943  42.368162021443389
1366    -23.96605741332646  -0.27756890118115191  41.180317373351002
1367    -24.235018993477524  -0.6481657159398504  41.186047005570764
1368    -23.885155423528769  -0.24814020286047833  40.008827136353212
1369    -24.150449647787465  -0.60492766956246735  40.00588395414934
1370    -23.781481444901459  -0.23057540967158963  38.838016831694837
1371    -24.046998402758469  -0.57410586935672703  38.82751482175383
1372    -22.934002279662018  -0.80211847252094381  43.520748030011539
1373    -23.448295297088023  -1.5733880540142686  43.52288567149661
1374    -22.917736127772177  -0.78997660097161526  42.371150408482514
1375    -23.440100057528536  -1.5409366468021761  42.362153714598577
1376    -22.872933027606717  -0.78077758055913327  41.225371939723466
1377    -23.402742331063276  -1.5117735313958216  41.202102777953876
1378    -22.800772289666156  -0.77308717685729511  40.080889221273452
1379    -23.33685501543038  -1.4858416967705563  40.043217332447952
1380    -22.702433224451067  -0.76547115543989641  38.935178850671463
1381    -23.243071008368023  -1.4630841319017307  38.885981848966225
1382    -24.702467813814806  -1.0158694719683472  43.578207756398093
1383    -25.124385069232222  -1.1328011430871623  43.604172153928076
1384    -24.681749903324128  -0.95786391445755958  42.383156295043996
1385    -25.106906196186337  -1.0614035808659086  42.397014077116282
1386    -24.621862677051126  -0.89807446440592198  41.190315470213164
1387    -25.059543487904151  -0.99685055159927172  41.190631047651294
1388    -24.532836604532189  -0.84330577752407077  39.999094218048064
1389    -24.982961989304965  -0.93902582880634622  39.98553519906644
1390    -24.424702155303653  -0.8003625095226431  38.808901474691069
1391    -24.877826745308088  -0.88781318600622894  38.782238664895132
1392    -24.205847493233851  -2.1111066218635255  43.526136385274135
1393    -25.091191792379043  -2.3300469310393557  43.530005250241331
1394    -24.194764178369837  -2.0568329728247257  42.346972171893832
1395    -25.073832850517263  -2.2591002565128511  42.330464131469583
1396    -24.156287530178769  -2.0045106135213078  41.169622530831191
1397    -25.026784666875265  -2.1949469292581814  41.131537558389041
1398    -24.08902217578801  -1.9571435270261768  39.993418002469539
1399    -24.950688660001486  -2.137472866838992  39.933735719571537
1400    -23.991572742324877  -1.917735696412237  38.81768912719199
1401    -24.846186248444322  -2.0865639868189452  38.737568803589014
1402    -25.507572447329981  -1.0625343723201286  43.587525085461735
1403    -25.819942668729894  -0.8634022815076059  43.570587530162797
1404    -25.495867009888009  -1.0010401664613713  42.371823327317813
1405    -25.808042242890242  -0.8134981317299087  42.347912180173431
1406    -25.463397567945989  -0.93833404845937596  41.155511928875583
1407    -25.777335534484855  -0.75634966437339646  41.125126609624694
1408    -25.401576495249053  -0.88076854823857975  39.940191138044931
1409    -25.717144354886656  -0.70275412610557064  39.903035073418927
1410    -25.301816165542341  -0.83469619572342046  38.727461202735739
1411    -25.616790515468541  -0.66350876359393374  38.682441826458465
1412    -25.957614694534115  -2.1789907303500295  43.533853688832664
1413    -26.679793501690089  -1.6997853153297311  43.537121640182839
1414    -25.9360241110844  -2.1200402492809052  42.312758711659875
1415    -26.658164015836956  -1.6583007366226128  42.296037521056526
1416    -25.881813229088046  -2.0630481891139123  41.091524084942954
1417    -26.606014461692105  -1.6205033031334788  41.055937216887827
1418    -25.798145914846113  -2.0112090057133436  39.871593338748134
1419    -26.523999866287927  -1.5863323583417115  39.817319939500237
1420    -25.688186034659715  -1.9677171549434957  38.654410003141649
1421    -26.412775256656815  -1.5557272457266953  38.580684900717273
1422    -26.008597270293194  -0.54118139603156923  43.545393417184691
1423    -26.070624418890819  -0.12359311762969788  43.519656871144583
1424    -26.004726028860915  -0.5056256204593369  42.319412605420112
1425    -26.07470013991226  -0.11600903117371471  42.292416631856014
1426    -25.97516708636719  -0.45722665111130167  41.092104552610671
1427    -26.04610807503208  -0.1063308526378824  41.065087372138514
1428    -25.914881495076198  -0.41070440923366186  39.86538958594889
1429    -25.985547183750207  -0.096853199954154034  39.838250250373342
1430    -25.818830307252153  -0.38077881607261588  38.641188032627291
1431    -25.893716425566527  -0.089870691054482754  38.612486424941793
1432    -27.135005697239919  -0.96206818356231838  43.53925577946989
1433    -27.26992995783791  -0.088204115382842785  43.539999997029689
1434    -27.126446916318042  -0.93930196881159911  42.286439525079167
1435    -27.27416260233602  -0.082384511345485023  42.280561463767974
1436    -27.086069732550719  -0.91954737153909771  41.031323870650958
1437    -27.244943374021354  -0.076774893154931939  41.0216721431457
1438    -27.014380511239736  -0.90171025449899256  39.777526808915248
1439    -27.182965111878747  -0.071373746731805049  39.76393698112728
1440    -26.911885617686941  -0.88469648044546401  38.528666332602079
1441    -27.088920654892977  -0.066179557996725813  38.507960923677295
1442    -25.960665508213324  0.33127065372338338  43.538672869154226
1443    -25.692371209688844  0.73604896973207046  43.556981748919839
1444    -25.961381069920183  0.30915423940157571  42.312588236144457
1445    -25.69005608838307  0.6957313304082321  42.334573239249274
1446    -25.935392426938048  0.27787093430096155  41.084827500042884
1447    -25.667395715163241  0.64878494837784406  41.111926164296428
1448    -25.878427092951501  0.24808259828114071  39.857586989882073
1449    -25.61475078633628  0.60502903036114675  39.889827403272811
1450    -25.78621258164512  0.23045109120171281  38.633063034694636
1451    -25.522481998209123  0.57428278307838043  38.669063835389835
1452    -27.065413157086226  0.80324878650848497  43.539249583500855
1453    -26.550949681807701  1.5741707781501879  43.537111130711324
1454    -27.062481104265874  0.79102311999762631  42.286209612067623
1455    -26.539933573370185  1.5415710011277604  42.295667432470772
1456    -27.027854519026889  0.7817439956943405  41.030713300076918
1457    -26.497877042949689  1.512279686411258  41.054999094112844
1458    -26.961650557618846  0.77398789812198276  39.776445375328613
1459    -26.425424794018994  1.4862428969240393  39.815633371635805
1460    -26.863986376291283  0.76633131180390812  38.527090565622537
1461    -26.323221530050898  1.4634066955894585  38.578097521037819
1462    -25.297230313151172  1.0160970263879854  43.580398551581759
1463    -25.300007895290573  0.95842357838219761  42.365728294766932
1464    -25.282973179367712  0.89850389868120428  41.150332755425964
1465    -25.235939153421025  0.84351509880209963  39.935638617566745
1466    -25.148718805488972  0.80063429026197941  38.72307256519715
1467    -25.794297728941288  2.1112719663784705  43.533864283630763
1468    -25.786313253108109  2.0569792730875909  42.312386811010235
1469    -25.745545015003277  2.0046076728241617  41.090368914885893
1470    -25.674643895449258  1.9571816662198089  39.869405419953289
1471    -25.576260775268576  1.9177257539061607  38.651091150907881
1472    -24.580980421268453  0.84332764277487526  37.583185794225066
1473    -24.152427492104028  0.79647992401952361  37.629271056483084
1474    -23.836320783705325  0.63273909376674786  37.662440881627781
1475    -24.435890051261854  0.804937695988166  36.384398754679616
1476    -23.999636254516989  0.75928269050433017  36.446532505820635
1477    -23.682670756885027  0.59865880098827828  36.490395062404602
1478    -24.263396238749149  0.77281326215986323  35.189333560126578
1479    -23.819680649291584  0.72692906476694008  35.267679947712814
1480    -23.502095437294098  0.56800021080700902  35.322399383298269
1481    -24.062332074329539  0.74689307283733763  33.999163258947043
1482    -23.617304690159191  0.70261323989878188  34.091658568478714
1483    -23.301517719061287  0.54616339924104151  34.158092490807888
1484    -24.603329530255419  2.0423131767088525  37.539405945362681
1485    -23.765959711948302  1.9313346263909263  37.64056662784013
1486    -23.042774046444986  1.530273056677909  37.729252491662379
1487    -24.455552450295702  2.0041776842985222  36.346917464273176
1488    -23.625065419747326  1.8969003815860639  36.469415805920093
1489    -22.903103755899544  1.5066313530347848  36.576264483225621
1490    -24.280464899323402  1.9722737183533916  35.157923592961083
1491    -23.457254174311792  1.8672574473449788  35.30173003299906
1492    -22.736910029897551  1.4863407440540159  35.426711963009517
1493    -24.078718290064138  1.9464983362242421  33.9731113110672
1494    -23.261629411565583  1.8442606263065413  34.137309702247769
1495    -22.54483493816295  1.4693457993591417  34.281240471725297
1496    -23.625756217990066  0.3589758832865948  37.673952515003649
1497    -23.542144646100915  0.083957267578584932  37.671365137143596
1498    -23.471433299931583  0.32905429796685554  36.510785306628229
1499    -23.38751079021722  0.075995992848081714  36.512488495198305
1500    -23.291500409010521  0.30094937005902106  35.351544043770872
1501    -23.208582281378966  0.068246330344188172  35.357413604172329
1502    -23.089791714985928  0.28305780391199448  34.194874507627425
1503    -23.005907135841166  0.062391647402696648  34.206295949640527
1504    -22.536205233855139  0.87072414085560157  37.790837195655953
1505    -22.35124364391578  0.062456603464599796  37.817342430273918
1506    -22.391341258890932  0.85760386297458002  36.652820597991074
1507    -22.199880176860848  0.057693378874659987  36.683447270532632
1508    -22.221313290802804  0.84626198005756736  35.518227427394919
1509    -22.024712159014609  0.053135849550382364  35.5529634767082
1510    -22.026388356095254  0.83607944369444731  34.384675159572119
1511    -21.826343832392318  0.048781915850369215  34.426398626506696
1512    -23.65301614740034  -0.21843097845452192  37.670290848800093
1513    -23.918837383128395  -0.54975536588470841  37.652368896679292
1514    -23.496281104134422  -0.20211710235563954  36.507980543006873
1515    -23.757753607615726  -0.52330767184000027  36.48174782057346
1516    -23.314237028353688  -0.18723268460863607  35.34965877946027
1517    -23.570346420027935  -0.49993050672565975  35.315302078041562
1518    -23.109844633308079  -0.17937662844720459  34.193898423305342
1519    -23.363215164172427  -0.48479159004474248  34.152682153688659
1520    -22.578528882445848  -0.75887616067436503  37.791798187109421
1521    -23.122028659414024  -1.4434467175209498  37.731002639767375
1522    -22.42923102961452  -0.75459646828201443  36.654353385855458
1523    -22.974382074583982  -1.4268760163703227  36.578971170941649
1524    -22.255057049677163  -0.75171929086747247  35.520394238562936
1525    -22.800787786333132  -1.413316040440975  35.430499644122008
1526    -22.056524326353774  -0.74933184103536732  34.387470536885296
1527    -22.601902327116665  -1.4027108017240306  34.286200260941357
1528    -24.291460200494999  -0.76469183734617308  37.622033729394509
1529    -24.744276413306942  -0.84309046035013491  37.581344217999188
1530    -24.124972260077509  -0.72980172947329358  36.440401858049633
1531    -24.582883935553951  -0.80474779214370484  36.383630812384546
1532    -23.932059776850092  -0.69958802891578875  35.262836376757235
1533    -24.394965784256232  -0.77268740963765614  35.189874853300921
1534    -23.719544193611654  -0.67794657868544261  34.08816780161812
1535    -24.181838431620971  -0.74681154108270897  34.000852745998017
1536    -23.865894592522608  -1.8842440614182905  37.644049850999998
1537    -24.713925073191607  -2.0421124316349566  37.54366937149554
1538    -23.714535341892276  -1.8537247712898595  36.474337932249149
1539    -24.554569262636118  -2.0040120134596053  36.352756807220963
1540    -23.536987996727973  -1.827830623359918  35.308219629853546
1541    -24.368784966433481  -1.972151154459951  35.165471533650873
1542    -23.332745563323741  -1.8082144149614408  34.145361202727415
1543    -24.157238334239295  -1.9464182768030716  33.982453973670872
1544    -25.170439005153661  -0.79602803588251214  37.516180101614268
1545    -25.484473914767538  -0.63177676379367675  37.463166977828422
1546    -25.016630755360815  -0.75873336043617956  36.305926437662158
1547    -25.331402146700491  -0.59746958840346909  36.245637450316025
1548    -24.836098762334021  -0.7262520694364224  35.099381395262284
1549    -25.15140856571028  -0.56650689620603123  35.031567719377122
1550    -24.624550372243462  -0.70202406293524089  33.899226158797511
1551    -24.938326526239724  -0.54480834598408268  33.822672260467414
1552    -25.550898689674259  -1.930336867401206  37.439747245849787
1553    -26.273001857392455  -1.528630735234684  37.346648685347169
1554    -25.384604295897066  -1.8959308577847418  36.227393968443259
1555    -26.105357134392147  -1.5049866548760129  36.115912402472944
1556    -25.191499691921994  -1.8663413081105471  35.018817301754979
1557    -25.910520476643271  -1.4847359352261811  34.88910205033072
1558    -24.973781716342895  -1.8434104003950642  33.815484376617782
1559    -25.68917127313318  -1.467819506860689  33.666843627156467
1560    -25.691499351023808  -0.3576661004140323  37.418505002519169
1561    -25.771226307182822  -0.0834647781681956  37.388508963203584
1562    -25.538858926619653  -0.32759131154642318  36.196748236685153
1563    -25.618698651859717  -0.075414916810553956  36.167175208713395
1564    -25.358096794453591  -0.29928760146995115  34.978442009098778
1565    -25.436849393935983  -0.067562729842416847  34.949282734145036
1566    -25.146400714939542  -0.28148812218477881  33.766110593733615
1567    -25.226394467750307  -0.061749840124642519  33.73562911217234
1568    -26.778987207775671  -0.86914517548247738  37.282427692526184
1569    -26.963507348045091  -0.061191388440622177  37.254480117159112
1570    -26.616460130723205  -0.85601203209073118  36.036526120954186
1571    -26.807440167103117  -0.056408627747090684  36.004325825068904
1572    -26.425369791832374  -0.84467776258950189  34.794624582793965
1573    -26.621438397233025  -0.051830254125754253  34.758245669070291
1574    -26.206781596406021  -0.83452307929806779  33.56038604295339
1575    -26.406221323600644  -0.047455245786236472  33.516987270826888
1576    -25.662298913951755  0.21840098340111036  37.41019441888821
1577    -25.398182942040528  0.5501956868585498  37.449539758053795
1578    -25.511846722781492  0.20205052585274727  36.188173220994081
1579    -25.252090168858619  0.52356678139303936  36.231749640340638
1580    -25.332999439784743  0.18710209936869623  34.969575711230249
1581    -25.078528814624363  0.49993961244565793  35.017365618966174
1582    -25.12390049661192  0.17925808476102995  33.756978159814693
1583    -24.871824015298728  0.48485772578021452  33.808059830646258
1584    -26.735516392438544  0.75972311356360434  37.280282871924634
1585    -26.191917215903512  1.4437197852754298  37.343036343731292
1586    -26.577368418659507  0.75545092872501973  36.033696438626791
1587    -26.032177612049495  1.4271314974946316  36.111179257082078
1588    -26.390369704010499  0.75259936456219811  34.791076208667846
1589    -25.844671115383669  1.4135888381375528  34.883180441019022
1590    -26.17534749754785  0.75025302834918395  33.556167124986629
1591    -25.630066122800791  1.4030388130946885  33.659694075470945
1592    -25.029545483382247  0.765092484172053  37.511492954057736
1593    -24.889240785530099  0.73007529150743977  36.300675135763804
1594    -24.721500075898728  0.69969172358109422  35.093421288135424
1595    -24.520018718454335  0.67805079170597149  33.892533588992677
1596    -25.449736663902481  1.8842017334617864  37.435128352893315
1597    -25.293856738396101  1.8536595574112531  36.221230430777965
1598    -25.110438130977524  1.8277559588051815  35.011008948844385
1599    -24.901297973874875  1.8081476706941888  33.806075471375202
1600    -23.834239386304326  0.72668278810469644  32.813143150018462
1601    -23.392434862816845  0.68502162091792129  32.91982923840736
1602    -23.079427666969536  0.53134167512455988  32.998317968458956
1603    -23.581893595242668  0.71281488858696063  31.630273165867361
1604    -23.142925580685841  0.67180887621192487  31.75366213967315
1605    -22.831780105818211  0.51911678927802352  31.84415461864506
1606    -23.305978180145583  0.7069183366428704  30.451343305348345
1607    -22.870412749084089  0.66462159392647246  30.59226642642307
1608    -22.561695069760813  0.51097148069892973  30.695593916167365
1609    -23.007176620014082  0.71062209463116599  29.277143567316045
1610    -22.576532273329491  0.66510636220724439  29.434751252804155
1611    -22.272292592950844  0.50838848838477702  29.552627335827061
1612    -23.850641231902149  1.9263969023101659  32.792868638737133
1613    -23.039271726372807  1.8267789608288556  32.977422059428392
1614    -22.327141769587001  1.4554312491406853  33.140183746318613
1615    -23.597438941403645  1.9126401033200457  31.617371009992198
1616    -22.792802973123987  1.8135742300090605  31.823089489350899
1617    -22.085085869612715  1.4448627495014554  32.003663188293025
1618    -23.321077742067242  1.9068129800693507  30.446986525286622
1619    -22.523638477032588  1.8063403415945967  30.673745093757269
1620    -21.820797392791167  1.4383062589334619  30.872005835195836
1621    -23.023523957391532  1.9105005733735483  29.282083285074659
1622    -22.233193563312085  1.8067712033329002  29.528821974389608
1623    -21.536406493673503  1.4364277359287072  29.745538724574505
1624    -22.865810944627558  0.2720827999521096  33.043178231594133
1625    -22.779829341755867  0.057273766453287897  33.060602280650507
1626    -22.618444510842757  0.26075478793932699  31.898861482221893
1627    -22.532290163324628  0.051265514552797417  31.921565725320807
1628    -22.350600612597166  0.2515113162229925  30.76057714043851
1629    -22.266233530877887  0.045346765977760627  30.788991337832641
1630    -22.065187448856395  0.24678993315245193  29.626978087171778
1631    -21.984603374745898  0.040497395004711473  29.662684172367207
1632    -21.807547503839221  0.82697768947006667  33.255296538022051
1633    -21.604817412834898  0.044647670396259893  33.303940584701095
1634    -21.566656020913186  0.81954325039858233  32.133054618640784
1635    -21.361707002990244  0.040687660000143185  32.185510750917551
1636    -21.305307290532976  0.81415472421383295  31.015312345728088
1637    -21.09991467508452  0.03680746630626127  31.071217005142724
1638    -21.025094695914433  0.81119070864965959  29.89943266358366
1639    -20.822342501343794  0.032912670958861308  29.961167227363095
1640    -22.883308930400915  -0.17712259199099245  33.043070019268065
1641    -23.134753133695295  -0.47596050574737442  32.994717896004566
1642    -22.634384393469269  -0.17589123367955734  31.899596747741658
1643    -22.881212717017192  -0.46923825026584104  31.842405447362527
1644    -22.365355929413582  -0.17655195722645725  30.762130427372
1645    -22.60598190010651  -0.46638966182643127  30.695644733192456
1646    -22.078508445134304  -0.17997416634525013  29.629322876804931
1647    -22.312448668931754  -0.4691795786554348  29.554335678924254
1648    -21.834473236416116  -0.7476039529421924  33.258744104236072
1649    -22.377989992237147  -1.3948242886446922  33.146368051816786
1650    -21.590570540461989  -0.74748572346568209  32.137205513891622
1651    -22.130354546137877  -1.389975538130015  32.011078456521659
1652    -21.326573197950534  -0.74923475929232231  31.020147682299651
1653    -21.861211724985044  -1.3889411349238743  30.880614290722772
1654    -21.044238168340886  -0.75310866710859936  29.904863525907782
1655    -21.57277726494484  -1.3924976637701492  29.755258370086977
1656    -23.48524314870366  -0.66297752245962527  32.918019711093415
1657    -23.942621162338533  -0.72662569017768486  32.816303784590865
1658    -23.225002333886529  -0.65167911696198733  31.753927173561568
1659    -23.677710087506789  -0.71277772461227573  31.635553674477368
1660    -22.942685272087619  -0.64629437477373652  30.594587939999382
1661    -23.390336918944055  -0.70688341862351634  30.458758437831214
1662    -22.64215548623428  -0.64906630847607971  29.438699761383628
1663    -23.083733368468664  -0.71055854644844096  29.286074096826127
1664    -23.102630099444578  -1.7939152543584627  32.987069846854268
1665    -23.920248552652097  -1.9263525324948885  32.804040836741407
1666    -22.8489725306247  -1.783912939121056  31.834403828552425
1667    -23.659092245953303  -1.9126179929353193  31.630340599955982
1668    -22.573529164811951  -1.7797713005412636  30.686656012238348
1669    -23.375871720322305  -1.9067904593824392  30.461651337649865
1670    -22.278056309954145  -1.7830541699111231  29.543119262328503
1671    -23.072689281938562  -1.9104457330943214  29.298271124158319
1672    -24.382813510621247  -0.68463217607483573  32.703682560870043
1673    -24.69443105304109  -0.53040881475053492  32.618294199182294
1674    -24.116074708681431  -0.67151361406702037  31.510359313287051
1675    -24.426658681672606  -0.51845611778123757  31.417150195087856
1676    -23.826579221117111  -0.66438983206821656  30.321017919239051
1677    -24.135835032786115  -0.51053932125331358  30.220015024596002
1678    -23.516572302621391  -0.66498228523484582  29.137419881916465
1679    -23.822785727033448  -0.50824749134388603  29.027663464118646
1680    -24.731032794354569  -1.8260371053618494  32.616800858581094
1681    -25.441699970981816  -1.4540345712332627  32.449450919722601
1682    -24.463127218679155  -1.8129986454867733  31.422026478306723
1683    -25.169325998853662  -1.4436631933304824  31.237037017721487
1684    -24.172699629201748  -1.8059545804147585  30.232409464296143
1685    -24.87397221805373  -1.4373735990271361  30.029926873768602
1686    -23.862384665807433  -1.8065644697907275  29.049198045050769
1687    -24.557561489886957  -1.4358340141980102  28.828445440479499
1688    -24.90501319543608  -0.270865000109489  32.558283612600711
1689    -24.987816790872067  -0.056671347658737492  32.526397148964968
1690    -24.637828544193543  -0.25987949026733964  31.353114975454957
1691    -24.721884015401624  -0.050543109936213117  31.321700541869056
1692    -24.346012222963285  -0.25094843756550733  30.152565387885883
1693    -24.429739177473738  -0.044487886052949975  30.122233200323912
1694    -24.030729693496689  -0.24648868691116874  28.958595555482979
1695    -24.112525313223244  -0.039628435104826665  28.928689033768691
1696    -25.960353921674216  -0.82547801740043014  32.331329299856804
1697    -26.162383910118496  -0.043298682863110199  32.280996884657398
1698    -25.686678077161339  -0.81813626468775291  31.104714465490272
1699    -25.890808787646939  -0.03931353087892446  31.050587981623138
1700    -25.388218866611549  -0.81287401239005164  29.883816475104592
1701    -25.592646741773311  -0.035405596125256372  29.826309008502363
1702    -25.067441093768991  -0.81006745173734196  28.671910263950526
1703    -25.269048558085039  -0.03148068489368467  28.608708412073163
1704    -24.88503585363847  0.17726155011868808  32.548938321213356
1705    -24.634227992887975  0.47634592489505889  32.603176055001896
1706    -24.619354848379729  0.17649684103972244  31.343593078265819
1707    -24.372221048488477  0.46991974291856076  31.401502840574469
1708    -24.328695978195874  0.17762825459987325  30.142887393750311
1709    -24.08647043669621  0.46735882005955642  30.203879477460355
1710    -24.014897740447122  0.18132008787488091  28.948766230445091
1711    -23.777643412107178  0.47044279652688326  29.011145255755899
1712    -25.932094442892371  0.74859787782453091  32.326457619753491
1713    -25.388755040542595  1.3952648171412148  32.441064993583311
1714    -25.661392326052848  0.74860086181833096  31.099165899598081
1715    -25.12191267919053  1.3906099427863297  31.227449449606656
1716    -25.365552109667661  0.75051807424194072  29.877631569147965
1717    -24.831381042149221  1.3898607425215816  30.019218755127135
1718    -25.046884756375221  0.75460560900671592  28.665194233030707
1719    -24.519002132823267  1.3938037688385161  28.816744221730886
1720    -24.287686081619906  0.6632091158894956  32.695950787825431
1721    -24.031635494333095  0.65200468252570665  31.501191298998403
1722    -23.751928261332193  0.64671855250748789  30.31042679764408
1723    -23.448625687355452  0.64963178672772148  29.12582895889491
1724    -24.666274155862336  1.7939103656918529  32.605794329546171
1725    -24.405526384771708  1.7840454308685223  31.409378160800856
1726    -24.121354521417508  1.7800981709599717  30.218210988823799
1727    -23.816058426614237  1.7836138907019796  29.033676837299438
1728    -22.686957739512906  0.7239743964926052  28.109202689458186
1729    -22.266863148391909  0.67577071049167836  28.281008812484551
1730    -21.968356041491838  0.51560845873646066  28.412779839451204
1731    -22.345105840722599  0.74477266223687644  26.949385361792579
1732    -21.940962852309781  0.69516037807014019  27.132998051099356
1733    -21.647809547530855  0.53192539456646803  27.275907958438633
1734    -21.97977761876783  0.77126963332611953  25.798985511668882
1735    -21.591435015003857  0.71897926786770905  25.992928250745702
1736    -21.303484294286751  0.55140206948971848  26.14550052194722
1737    -21.589129768773265  0.80171805122247342  24.659297066436753
1738    -21.210883266394898  0.74293128280946352  24.863008693520761
1739    -20.928211464978361  0.56810125712112591  25.02504635913499
1740    -22.705015423066353  1.9237698867003739  28.122573933178217
1741    -21.921452122041551  1.8157438975990876  28.389353434475201
1742    -21.232150582783621  1.4392682843012763  28.623977316302419
1743    -22.363716183192341  1.9444758429498046  26.969108017311711
1744    -21.586935583887552  1.8314521480035664  27.256932088160816
1745    -20.905997308466809  1.4459406698282506  27.507906442792645
1746    -21.998481873884291  1.9708853620856697  25.82315899376815
1747    -21.228865584944892  1.8515648241466995  26.131830003567813
1748    -20.556672182006714  1.4557183439460981  26.398957200402688
1749    -21.608168131256996  2.001265364071799  24.68620031884052
1750    -20.846463761308367  1.8737507956288517  25.014319248817507
1751    -20.182900714686927  1.467874758091293  25.298760685489931
1752    -21.764815417192594  0.25118737771224098  28.496050133568524
1753    -21.686849195692119  0.0362377211494848  28.538858835780651
1754    -21.446707663595408  0.2635085055676834  27.368020961282728
1755    -21.369097514651425  0.031726937259484944  27.415675135559013
1756    -21.105691509656591  0.27750304008930693  26.24490625700291
1757    -21.02930779221057  0.027403227608605182  26.29585592682815
1758    -20.736594276967885  0.28692070464763969  25.128721707417565
1759    -20.665439488956405  0.023704776470738015  25.182124064713907
1760    -20.727744066882035  0.8097798519533691  28.787539328158065
1761    -20.529162327185436  0.02899121583581632  28.85460039457546
1762    -20.411721157684717  0.80928627209618031  27.683027066607455
1763    -20.217253163744068  0.025161445207097944  27.75209529052513
1764    -20.073729238174884  0.81044177139781126  26.585165280039902
1765    -19.884577831820891  0.021524544305145707  26.6557695053211
1766    -19.710471578204874  0.81397815217797986  25.49322336956347
1767    -19.529099152217235  0.018181698362393001  25.567740629072397
1768    -21.776736015851277  -0.19151116818328806  28.499197013872031
1769    -22.004716351073824  -0.48130212502291331  28.416172298871437
1770    -21.457789417292844  -0.21130822267640414  27.371983544806714
1771    -21.680303230637335  -0.50166352652173063  27.281107681260629
1772    -21.116238607122394  -0.23242266272087805  26.249645970857795
1773    -21.332719728376986  -0.52484677336238394  26.152430362391854
1774    -20.746653543003298  -0.24791182121298969  25.134147793274046
1775    -20.955476265047359  -0.54543485575536965  25.033428878565054
1776    -20.745247187998636  -0.7585350513502126  28.79346387501122
1777    -21.26526934019995  -1.4006969909213278  28.6346665796382
1778    -20.427896748970124  -0.7649621150701309  27.689382073250911
1779    -20.936524121503272  -1.4125109780726559  27.519417572992865
1780    -20.088865944235675  -0.77267836288074265  26.591894807093265
1781    -20.585184339876527  -1.4270962031321373  26.41117831870654
1782    -19.72483386677558  -0.78197229939443647  25.500278763004658
1783    -20.209892726341359  -1.4436092440077757  25.311615785334808
1784    -22.326838463526478  -0.66197918190690297  28.286614123557243
1785    -22.756946749811348  -0.72384187943057277  28.119588863932183
1786    -21.994003423013677  -0.68297219959390931  27.140667567554143
1787    -22.407143028802903  -0.74454280477928547  26.961710227489863
1788    -21.638279485397401  -0.708220785153031  26.002535427137765
1789    -22.034731895411333  -0.77093302053039248  25.81307312347894
1790    -21.254295771379152  -0.7339003622002005  24.873893036071507
1791    -21.640123039604763  -0.80128422471970806  24.674312487879128
1792    -21.96242658899007  -1.794799252341728  28.404802450590154
1793    -22.749757203336223  -1.9236480175508777  28.140025134243466
1794    -21.624790068042049  -1.8133115038573928  27.273372011749359
1795    -22.405032145014857  -1.9442637162732308  26.987564118056085
1796    -21.264319219833379  -1.8360556321199952  26.149107154660612
1797    -22.037232995102219  -1.9705719305813068  25.842424513013807
1798    -20.880186517087324  -1.8604963447914145  25.032287088178443
1799    -21.645078641726158  -2.0008517617950301  24.706142756534341
1800    -23.181044410283054  -0.6758478075405272  27.961829945275117
1801    -23.483212972896904  -0.51600387278911897  27.843333567875597
1802    -22.817167809062795  -0.6954669780259648  26.795409261912372
1803    -23.11559559760709  -0.53302036200648573  26.669173274712847
1804    -22.430460465461859  -0.71944686944820813  25.638263947981105
1805    -22.724924149939021  -0.55306900269506898  25.504322187981643
1806    -22.026440345981438  -0.74339455456430692  24.490500119634167
1807    -22.316189178667603  -0.56992183855395251  24.347919911033237
1808    -23.53263534594393  -1.8157226952462151  27.871002003619228
1809    -24.220263149010496  -1.4390489757011575  27.632458249986133
1810    -23.181052574004934  -1.8316363194942824  26.697459390100704
1811    -23.860212747999945  -1.44608227458213  26.442583624537363
1812    -22.805992820294286  -1.8519339238021431  25.531360833572563
1813    -23.476282475037316  -1.4561910179969664  25.260275701924257
1814    -22.40581255511584  -1.8742440894370114  24.375496963112166
1815    -23.067344518304697  -1.4686323131017025  24.086988619937909
1816    -23.6895147249781  -0.25132554344103358  27.772288348057042
1817    -23.770717966152525  -0.035362073762361598  27.74216876318533
1818    -23.321092677855724  -0.26431639315862576  26.594107540451848
1819    -23.40380088602322  -0.030723159474865456  26.563848786793685
1820    -22.928416400776673  -0.27892620227134135  25.425085195806393
1821    -23.011429418358823  -0.026290012506399146  25.394536529889969
1822    -22.514438742388069  -0.28861993698657618  24.266253377259659
1823    -22.593258908682881  -0.022640953121024487  24.235039417770359
1824    -24.723033434569974  -0.80884662322510481  27.466416448911513
1825    -24.920288749278178  -0.027535966115209257  27.398056661560734
1826    -24.352655818938537  -0.80856148219308754  26.26512678392405
1827    -24.545649690198388  -0.023698564618320941  26.194919072993528
1828    -23.957229931600633  -0.80991809213771337  25.071872909818513
1829    -24.144793959657747  -0.020069220540854263  25.000286363354522
1830    -23.537677457282189  -0.81362251655540319  23.890486467425266
1831    -23.71738413646829  -0.01674867402064123  23.815149249626636
1832    -23.675158133337781  0.19330538355825891  27.762314854625686
1833    -23.442012597223425  0.48312898799870263  27.826456776594341
1834    -23.3076268131997  0.21393785816245112  26.584031628301769
1835    -23.078357352057832  0.50431533810415052  26.651937104504654
1836    -22.915569764584372  0.23581281949159433  25.414981157852978
1837    -22.691105037472838  0.52819242897852992  25.486875224677274
1838    -22.502252972043326  0.25152557534982523  24.256228049658876
1839    -22.28468301433087  0.54895084275714379  24.330560122302547
1840    -24.704124933831597  0.76027474348294544  27.459300543833212
1841    -24.184962031222021  1.4024504679502379  27.619939859971915
1842    -24.335093791560244  0.76694347861941026  26.257705940253437
1843    -23.827522222053172  1.4147074643893087  26.429417026851645
1844    -23.94073201500046  0.77487799369520183  25.06421320608553
1845    -23.445637815768325  1.4297040781264545  25.246593053626881
1846    -23.521980289591585  0.78434446798941237  23.882625125123543
1847    -23.038263922819169  1.4465696291324051  24.072885271554448
1848    -23.118799300293709  0.66283984268185958  27.94925840370875
1849    -22.761862341703338  0.68424753103924141  26.781526975143002
1850    -22.381388686821037  0.7098499424535748  25.62323318147935
1851    -21.980952210883469  0.73564216757856893  24.47497553099954
1852    -23.490205125824502  1.7956550336269903  27.854420044857978
1853    -23.141761839084673  1.8145194107238591  26.680005812014254
1854    -22.769128719069837  1.8376053779129837  25.513199455279736
1855    -22.370705918455055  1.8623112911147586  24.356766291165915
1856    -21.172250437672911  0.83436546617429419  23.531391316841429
1857    -20.804138252789773  0.76941240769811514  23.742991799323136
1858    -20.526782174375956  0.58723501547713663  23.91372096992848
1859    -20.728551583911269  0.86747696805290375  22.416169107043967
1860    -20.375956647926223  0.80035953688027384  22.632876452367828
1861    -20.103516910526935  0.61341940373001036  22.810478314920701
1862    -20.256675619878781  0.89933160775488774  21.31466869451787
1863    -19.918831122871374  0.83078793759685765  21.535241631226889
1864    -19.65054091656615  0.63982319722835967  21.718474914270267
1865    -19.755264957965892  0.92820843617683213  20.227928336736611
1866    -19.425254348692356  0.85571287708878563  20.452666314472289
1867    -19.159979435628458  0.65961517132080116  20.640867288135663
1868    -21.191627062512737  2.0338815861531132  23.559565803576579
1869    -20.437953891779742  1.8983099942213897  23.907230763408652
1870    -19.783409939002389  1.4816810015042949  24.208787004282396
1871    -20.747543754570646  2.0670070990692624  22.444141079520048
1872    -20.001481191028923  1.9252037705399161  22.812773373597938
1873    -19.356721213625484  1.4964119915055227  23.129948252279302
1874    -20.274523313120792  2.0989198230261668  21.340727333707949
1875    -19.53614944895299  1.9515931224511536  21.730285977643664
1876    -18.901251539106067  1.5113469216514184  22.063038509744604
1877    -19.771170843853252  2.127897678229747  20.250125753177272
1878    -19.041062455449001  1.9746390478218256  20.659107473804038
1879    -18.415417915994094  1.5257649854984183  21.008851856942307
1880    -20.341413674087825  0.29871582411842246  24.021198283800139
1881    -20.27539840099482  0.020553696049810614  24.076635613566932
1882    -19.921562781925047  0.31877434324802323  22.923253248667642
1883    -19.856521700349681  0.017749711841883759  22.980100813448598
1884    -19.470991980596462  0.33924341521291251  21.835681725573888
1885    -19.405915911484673  0.015547428059057955  21.89307378305039
1886    -18.983651650218984  0.35227019318956038  20.759278838072667
1887    -18.920687558863506  0.014201448913432668  20.816108641063849
1888    -19.322079468104945  0.818606406256699  24.411410450054106
1889    -19.148773890324854  0.015232277535601902  24.48985537247146
1890    -18.908307250482732  0.82298232003660754  23.343272865139319
1891    -18.74124818222781  0.012773806837486218  23.423106137307631
1892    -18.46529277360673  0.82775488771134986  22.287085859054578
1893    -18.304018904765684  0.01090470378437057  22.368329050335507
1894    -17.989173885745451  0.83357310347457181  21.241124676035337
1895    -17.834582934778091  0.0097233858925848682  21.326360238309636
1896    -20.351135721097403  -0.26484684419995758  24.027297486324862
1897    -20.552810007642488  -0.56808790474390669  23.923465181174272
1898    -19.931253317120525  -0.28943132473048544  22.930078672543814
1899    -20.128244156913592  -0.59670786515519969  22.82170897752389
1900    -19.480776308067007  -0.31342126620308008  21.843217575576048
1901    -19.674218184251266  -0.62474044787572758  21.731160437779973
1902    -18.993474670931146  -0.3285726720162484  20.767440419066723
1903    -19.183171561046013  -0.64563136379196773  20.654819732108507
1904    -19.335891273787677  -0.79157982899227952  24.41875332290784
1905    -19.809290410569155  -1.4612059669868855  24.22222191324261
1906    -18.921730116583497  -0.80026587544347216  23.350869563720607
1907    -19.381800542542528  -1.4790479753336176  23.143901483332996
1908    -18.478431279314012  -0.8083624724426085  22.294901714401764
1909    -18.925738883750352  -1.4963004524212355  22.077440724968504
1910    -18.00207564613013  -0.81620165368427966  21.249124003910204
1911    -18.439421195681376  -1.5121285816230026  21.023625867511718
1912    -20.845476292690734  -0.76199979635659643  23.75497198860884
1913    -21.220791448279581  -0.83385139961015264  23.547104822606673
1914    -20.414484772874463  -0.79391311443227586  22.646328067120621
1915    -20.773784698398721  -0.86690505759583458  22.433048794257033
1916    -19.954809900347804  -0.82492348182648756  21.550122887546244
1917    -20.298871365030514  -0.89874019190934706  21.33266258582859
1918    -19.45994036352818  -0.8503140639384813  20.468518065825073
1919    -19.79582002324322  -0.92765179578328361  20.246464380319722
1920    -20.470499944858581  -1.8869714240242395  23.925806231732405
1921    -21.227281997356826  -2.0333810689824197  23.580100425816759
1922    -20.033228359988122  -1.9155313101327109  22.831912181735788
1923    -20.782371901137484  -2.0664457505945046  22.46518887791423
1924    -19.567335542878919  -1.9432096980211766  21.749913912518782
1925    -20.308791131206196  -2.0983369670256899  21.362209220025754
1926    -19.071785273933848  -1.967040282593983  20.679120398411502
1927    -19.804982465700913  -2.1273458786703863  20.271962559350293
1928    -21.597242326663988  -0.76988478695409013  23.355273091343797
1929    -21.881953565980002  -0.58914120856796592  23.203887738157476
1930    -21.134907402454651  -0.80097587142326176  22.234860226684276
1931    -21.414913903610763  -0.61564309579538812  22.075389317739621
1932    -20.644812718208499  -0.83150020756768528  21.128050715461484
1933    -20.920261304655241  -0.64223001004548319  20.960427784274017
1934    -20.132335418780634  -0.85629019498322356  20.033633747481328
1935    -20.4031868822089  -0.66170446112751435  19.857006272255049
1936    -21.979875286203704  -1.8988749060891124  23.229799946602178
1937    -22.632283037300294  -1.4826610555471502  22.924083496293893
1938    -21.527267625062446  -1.9258181664272771  22.093845084643355
1939    -22.169813918628098  -1.497535010534403  21.772467793327181
1940    -21.045930697651638  -1.9522280061866271  20.969887705389979
1941    -21.678556941128761  -1.5125155895449247  20.632915165757325
1942    -20.533805629930875  -1.9752585611022837  19.860183136996415
1943    -21.157131883642961  -1.5268642040601788  19.506199268304023
1944    -22.07466331660072  -0.30050001803513554  23.119004701485899
1945    -22.149023161722063  -0.019607462120108297  23.086343751529128
1946    -21.604630163826059  -0.32070365729153139  21.984264601668922
1947    -21.678371400779881  -0.016849430620629012  21.949254899660229
1948    -21.107346772462172  -0.34124800767871993  20.862364365711901
1949    -21.180832099245546  -0.014687794360062373  20.824308888558985
1950    -20.585820630907172  -0.35415022211965774  19.753635281518036
1951    -20.655933730508224  -0.013443489075884829  19.712041744620741
1952    -23.091479002955499  -0.81839795004529459  22.719567164704664
1953    -23.263091698698254  -0.013837356064172458  22.640466313221193
1954    -22.616107942151032  -0.82291068120169353  21.557348593167411
1955    -22.781513273495239  -0.011435289909943344  21.476996072975357
1956    -22.112475109431834  -0.82778141451377796  20.407113218969389
1957    -22.272199163289908  -0.0096426040438178512  20.325429152011104
1958    -21.581491339361019  -0.8336308544707266  19.27214350826647
1959    -21.734699670513006  -0.0085594269516564014  19.186456173450388
1960    -22.063029800278091  0.26840996431382558  23.109086829495389
1961    -21.852123177262989  0.57165943425467913  23.186721204545311
1962    -21.593232938040309  0.29309087837233216  21.974425901781487
1963    -21.386812884633407  0.60060450092720463  22.058333484909156
1964    -21.096097355956505  0.31710020544756601  20.85264069086152
1965    -20.893712692903929  0.62880278887209684  20.943554358093245
1966    -20.574858024653206  0.33196983346174697  19.744126621079843
1967    -20.377783158536374  0.64927104418673176  19.840541218796631
1968    -23.07636824483745  0.79407506767444491  22.711546293274083
1969    -22.604368161766086  1.4644323595269146  22.909623322190772
1970    -22.601434873546179  0.80282799754051637  21.549217859784108
1971    -22.142758803894004  1.4824244208628505  21.757704806902197
1972    -22.098134906113472  0.81090849479343896  20.398897438458345
1973    -21.652151938741355  1.4996809972605907  20.617898996660436
1974    -21.56742307293505  0.81862179663902379  19.263842643101494
1975    -21.131263655846549  1.5153372728405154  19.490975162437238
1976    -21.554032989722252  0.76381888632920369  23.339446417967636
1977    -21.094689214956954  0.79594434476187592  22.218396538668628
1978    -20.607361935506283  0.82706798274241822  21.111011854415409
1979    -20.096492200288939  0.85223924013666452  20.016478326520918
1980    -21.945979085002975  1.8889744181376886  23.210589478411745
1981    -21.494214231278338  1.9176652369907676  22.074214981770375
1982    -21.013482057159553  1.9453819188951256  20.949902326774634
1983    -20.501853262524971  1.9691226350718962  19.839911038957329
1984    -19.222234435121678  0.95233968690905191  19.156158023847251
1985    -18.895901551247483  0.87564615231745102  19.386168394408546
1986    -18.632966648867896  0.67427776699529451  19.579183838797391
1987    -18.658306789861015  0.9721659718420641  18.098590100498114
1988    -18.337107072556744  0.89435577488872675  18.334915789816897
1989    -18.07636236437401  0.68951077829347407  18.533239124342892
1990    -18.066336286922976  0.98927890932275775  17.05479635591464
1991    -17.749852257929664  0.91174133401024915  17.298712518984416
1992    -17.490880265684805  0.70480901014446551  17.503618898641086
1993    -17.449177191046633  1.0052701176980219  16.024348579322272
1994    -17.135118452675773  0.92770241888965521  16.277362600198238
1995    -16.877234036338322  0.71966726747739584  16.490908915560944
1996    -19.236602259977488  2.1521255123617249  19.173734702663236
1997    -18.515192988353558  1.994223874182139  19.602129446928025
1998    -17.898015846252594  1.5389656465775967  19.969238171621164
1999    -18.67232971046014  2.1720060296788075  18.112357118558666
2000    -17.959396256353266  2.0122622442933231  18.561787834244114
2001    -17.3501851490314  1.5513313229620471  18.945425429775071
2002    -18.080552654627059  2.189143935249402  17.065901045386887
2003    -17.375599695620043  2.0289636288686252  17.536738062579612
2004    -16.773859300660071  1.5637656400212241  17.937274859034993
2005    -17.46347055180409  2.2051439341419137  16.034274527671258
2006    -16.765730742325811  2.0445374986212972  16.525635558761895
2007    -16.170971777468242  1.5771722231245855  16.944647687032074
2008    -18.459916954151353  0.36080413924101679  19.698518261868575
2009    -18.399607571553446  0.013531233977529998  19.754165138450933
2010    -17.905017961313618  0.37180359608801622  18.656573568437143
2011    -17.845042430114049  0.013531011371841383  18.711587707047919
2012    -17.320187410164696  0.38342903789355498  17.632289724988574
2013    -17.259491986247568  0.014717538130419025  17.688007486857931
2014    -16.706658039163486  0.39384093882062937  16.62451169873307
2015    -16.645456091656236  0.017607571287315132  16.683055617884044
2016    -17.479744404489129  0.84004415121611831  20.210391508913901
2017    -17.3308979145569  0.0094189816035480309  20.299903294670749
2018    -16.939879929386514  0.84665576474324222  19.198996117203428
2019    -16.794097781182909  0.01017568714885796  19.290795804718368
2020    -16.370340981643999  0.85387776312570363  18.203875095160733
2021    -16.226443853679239  0.012084521730116076  18.298574882995482
2022    -15.771888082467942  0.86217996543326347  17.22196503704258
2023    -15.630197451068973  0.015236504548923613  17.322777644045019
2024    -18.469984074154464  -0.33808859215243969  19.70723032330498
2025    -18.656633883385968  -0.66110819485750194  19.594097089743347
2026    -17.915705981144317  -0.34890070828169806  18.66582634090722
2027    -18.101242601688202  -0.67638565711424914  18.548925458750738
2028    -17.331559061343732  -0.35835797133392094  17.64208859400939
2029    -17.51709896883667  -0.69014016258119193  17.520089087544985
2030    -16.71846198419577  -0.36380933223900591  16.634877204747486
2031    -16.904304237715344  -0.70104812327731247  16.508372224540469
2032    -17.492400047655394  -0.82298780146894812  20.218565670977117
2033    -17.921544210782745  -1.5255805656398396  19.984352894727909
2034    -16.952285086461185  -0.82800362410917072  19.207348598022438
2035    -17.373250643793561  -1.5367739204859765  18.96087708754655
2036    -16.382527304620186  -0.83169864431767926  18.212385979537942
2037    -16.796525229640483  -1.5464777995046339  17.953023621076095
2038    -15.78392324420509  -0.83452238480720697  17.23059101001548
2039    -16.193352703250213  -1.5554613560390325  16.960617670425108
2040    -18.930902535509116  -0.87071019323891763  19.40231640903329
2041    -19.262958861984526  -0.95185373874070445  19.174386502320324
2042    -18.373235529554769  -0.88952553330289952  18.350988493026883
2043    -18.70010512943626  -0.97175729054050231  18.116028446381996
2044    -17.787197144338446  -0.90622574618633933  17.314697586915102
2045    -18.109260989517821  -0.98895354476902098  17.07140915044603
2046    -17.173045178533485  -0.92027649394514954  16.29360695980716
2047    -17.492428606148639  -1.0050335950126041  16.040547552453724
2048    -18.545397137579535  -1.9867301206421917  19.622523691011025
2049    -19.269902268989991  -2.1516417628989406  19.19592712278882
2050    -17.989038761041357  -2.0041011187719864  18.582620542036427
2051    -18.705081083320916  -2.1716004270401346  18.134943644023608
2052    -17.404745988920272  -2.0193592466104149  17.557976976000838
2053    -18.112822953649928  -2.1888228264260734  17.08885699042548
2054    -16.79455466581727  -2.0327104737845194  16.547159017417393
2055    -17.495431924933317  -2.2049099163888561  16.057512029365331
2056    -19.593467648734009  -0.87614890158037706  18.951558132336217
2057    -19.85976147967045  -0.67603012601035095  18.765339644683827
2058    -19.02327422520294  -0.89508233121031222  17.882607086838654
2059    -19.285416113008118  -0.69137586169151299  17.686690404009987
2060    -18.425741301899649  -0.9127272873798925  16.826821411624685
2061    -18.684382154171484  -0.70685194802324425  16.620633143900957
2062    -17.804855032536327  -0.92872057359598081  15.784241907330353
2063    -18.060890975110134  -0.72156866485778726  15.566742458024123
2064    -19.990015859024108  -1.994828014415988  18.764721600977175
2065    -20.604906441573309  -1.53998475657948  18.393372791244758
2066    -19.416764044979324  -2.0128856297846895  17.682726499446968
2067    -20.023826585825383  -1.5523518894406589  17.294900615468588
2068    -18.81661014814231  -2.0296321635663084  16.615302931460327
2069    -19.416379508494899  -1.5648331238829272  16.210674681612453
2070    -18.192114128858815  -2.0452683721187657  15.56355599607182
2071    -18.785052401677479  -1.5782959811454997  15.140586930313312
2072    -20.037473057971475  -0.36246760594053368  18.656326300053134
2073    -20.103159448354941  -0.013030461365775759  18.61126584118891
2074    -19.460118586025665  -0.37331274615078641  17.569539355202423
2075    -19.523885885720905  -0.013386319073265693  17.521127142400008
2076    -18.857354523808088  -0.38478571819824703  16.494885209248309
2077    -18.92048173471764  -0.014867489804602577  16.442662060839496
2078    -18.2327781800571  -0.3949865975307465  15.433974624473203
2079    -18.295315687456661  -0.01783040116603507  15.376907009092745
2080    -21.021546295254478  -0.84015585304540708  18.150354726365151
2081    -21.169227162181166  -0.0084030717675190273  18.060312887312698
2082    -20.432808731241057  -0.84690854547299599  17.039369178794882
2083    -20.577654593087427  -0.0093525641702979917  16.946951129280954
2084    -19.818858118103435  -0.8542925611361265  15.942029892045925
2085    -19.962023147327848  -0.01145060146307279  15.84663565097182
2086    -19.183273926624288  -0.86271152941743412  14.861179892608568
2087    -19.324374008998419  -0.014739880948926747  14.759631204001975
2088    -20.026761026705653  0.34087339260502031  18.64720686838783
2089    -19.834871715033145  0.66413626322680142  18.749784793947342
2090    -19.449433148774247  0.35098001956031716  17.560951755188228
2091    -19.260607716329226  0.67914185746487399  17.672489055963275
2092    -18.846680417613364  0.35981486198903684  16.48687742550225
2093    -18.659624599535579  0.69272919567363944  16.607881267778097
2094    -18.222308859977346  0.36490306755257884  15.426500023351142
2095    -18.036555801763125  0.70333964662578796  15.555188692325491
2096    -21.007751349199545  0.82521496264557914  18.141953530104249
2097    -20.579561089798673  1.5285229715323994  18.377942665414565
2098    -20.41928807421133  0.83004084089674424  17.030864673281226
2099    -19.998977529716527  1.539466808535896  17.279252084035335
2100    -19.805562524539774  0.83356335137133186  15.933435462572991
2101    -19.391928296933511  1.5489524548762346  16.194834515163105
2102    -19.170103976754195  0.8362464140481557  14.852525287920134
2103    -18.760828712782963  1.5577635815786395  15.124621055661359
2104    -19.557787195498509  0.87235403888312446  18.935056183586752
2105    -18.987076525959502  0.89112641896135969  17.867275049977486
2106    -18.388984868536934  0.90783299729878186  16.812724980650483
2107    -17.768136900095843  0.92175039082280341  15.770996030563142
2108    -19.958609112557127  1.9886417567181887  18.744144355167272
2109    -19.385942192744238  2.0058411153940776  17.661789470377688
2110    -18.786290183423031  2.0209400728651441  16.594031847307996
2111    -18.16209076493028  2.0341579908969663  15.542056948677656
2112    -16.806263255029297  1.0208146553801751  15.009400203246564
2113    -16.492355094016546  0.94275827330579254  15.273381773508209
2114    -16.235159854163587  0.73297235565746066  15.496085288664462
2115    -16.135990621501545  1.0355953605384909  14.012454674290522
2116    -15.821622383919562  0.95749781506158449  14.288709908813047
2117    -15.565151985575284  0.74489415147659999  14.519704319127534
2118    -15.439657139952425  1.049715521155294  13.033608802795785
2119    -15.124817814813669  0.9719251444007867  13.322287219173061
2120    -14.869061246990537  0.75685206700407304  13.561722042239648
2121    -14.718560659870974  1.0632784252129077  12.072959399103976
2122    -14.403838879127692  0.98604436156715458  12.373053917648559
2123    -14.148738454826381  0.77026551430913637  12.622094493290334
2124    -16.821501544677542  2.2206820038710866  15.017883424787799
2125    -16.130921937201084  2.060269774512034  15.529919426502516
2126    -15.542385436888511  1.5916688293168719  15.967971889908569
2127    -16.153515075416482  2.2354428417482097  14.018118677841171
2128    -15.470705457166806  2.0766601951558989  14.552039462776529
2129    -14.887875923675928  1.6065431058354349  15.008380511329204
2130    -15.459387552570886  2.2495442325365071  13.036365953947707
2131    -14.784608192680627  2.0927389577476943  13.592167134306605
2132    -14.207745895144072  1.6214535133386874  14.06679238020879
2133    -14.738995384690742  2.2631039609992043  12.074010920223728
2134    -14.072157034200165  2.1075362594822264  12.650473907815387
2135    -13.502298008606452  1.6360585124850364  13.144126325462143
2136    -16.064995413637732  0.40254662322100532  15.634937400797709
2137    -16.003990287859256  0.021433528067281004  15.696172185651887
2138    -15.395778309199613  0.41073989792489668  14.66524240119529
2139    -15.335091530746695  0.025281569206330998  14.727534536816618
2140    -14.700259279734707  0.41911096081296945  13.714238155464763
2141    -14.639671793577021  0.029449067005409786  13.777879703076081
2142    -13.979690879128587  0.42835000976588988  12.78073611914504
2143    -13.91864304960869  0.034233393765462333  12.847944716128058
2144    -15.146761336540926  0.87216291496636456  16.25666607931765
2145    -15.006884589113525  0.019455398757523879  16.363814085239365
2146    -14.496377402038265  0.88339612774563669  15.311872426323196
2147    -14.357005669822174  0.024296670733802241  15.422726988775345
2148    -13.820261630405522  0.89480288192111912  14.385261774118893
2149    -13.681283591589938  0.029448894517811661  14.500002646432669
2150    -13.117939373088229  0.90530645564285184  13.474511818764405
2151    -12.980441252811815  0.034600644149606154  13.596127349991034
2152    -16.077319260988187  -0.36593498244834993  15.645548987945615
2153    -16.263641255771113  -0.70968407951915802  15.513634782880398
2154    -15.408951093341972  -0.36739330374907964  14.675619728057413
2155    -15.596148331074021  -0.7176779011546901  14.535892143304533
2156    -14.714149686199823  -0.36850053257468368  13.724188001663045
2157    -14.902309907442193  -0.72528899449999962  13.576161755621612
2158    -13.993707244504485  -0.36957290535865173  12.79035238534269
2159    -14.182610428693835  -0.73277676587118012  12.635461069640423
2160    -15.158688944829317  -0.83698817117194013  16.2653737582757
2161    -15.564587046818781  -1.5640824273655423  15.984077730166335
2162    -14.50819547278712  -0.8392295050005727  15.320657622982708
2163    -14.909937198827956  -1.5722416966536557  15.02458076575771
2164    -13.831971910172314  -0.84112617299759684  14.394125793393442
2165    -14.229670328632826  -1.580022586086284  14.083089658635187
2166    -13.129547339078766  -0.8425579618675052  13.483461458764847
2167    -13.524053605588509  -1.5875085178463395  13.160567290234765
2168    -16.53208245387448  -0.93319994797773453  15.288654168947421
2169    -16.85138797576063  -1.0206720028690595  15.023911703479895
2170    -15.86521218453645  -0.94636651140451622  14.301086302643027
2171    -16.18562840315051  -1.0355517113599795  14.023289650835334
2172    -15.172092757853424  -0.95901419386443765  13.331530926597367
2173    -15.493716014785127  -1.049776386207403  13.040680326815291
2174    -14.452382561159425  -0.9703810049964422  12.380615606513821
2175    -14.77421693713131  -1.0634496931333635  12.078082663714989
2176    -16.159531521460337  -2.0453924708615339  15.551656395814899
2177    -16.853320009724964  -2.2205415985044992  15.041294375254285
2178    -15.499082478442334  -2.0581264239757493  14.574016518803793
2179    -16.185242949242792  -2.2354055058786866  14.041656413078107
2180    -14.812752170661536  -2.070343576104789  13.614391928019748
2181    -15.491020381439322  -2.2496141911380079  13.06004316606994
2182    -14.100085232016205  -2.0814751702262768  12.67293516509841
2183    -14.770471944267076  -2.263280206909049  12.097899657462861
2184    -17.162439812044969  -0.94377006674599206  14.754950198436243
2185    -17.416580532336496  -0.73474749338485712  14.526612203139752
2186    -16.496309755288319  -0.95868768575071805  13.741094331363845
2187    -16.748934600639533  -0.74688317308709351  13.503520612285479
2188    -15.804435595874786  -0.97326629716708324  12.745814739660686
2189    -16.05595327938407  -0.75899587125610646  12.499568843545189
2190    -15.084788067412754  -0.98729876755201307  11.772251856874293
2191    -15.335636667934832  -0.77210575518350877  11.5168580550027
2192    -17.5429501424743  -2.061057080475746  14.526807604980865
2193    -18.129778415882924  -1.5928207956996445  14.085007366575411
2194    -16.867196633731904  -2.0774827721649838  13.505433039430249
2195    -17.448421016765796  -1.6076822476067678  13.04563523918282
2196    -16.165019997073887  -2.093578691285471  12.502117452789513
2197    -16.7403628691387  -1.6225393764912563  12.024356354441997
2198    -15.436586626942454  -2.1083780819362019  11.51954599842823
2199    -16.004986637814227  -1.6370512219775051  11.02305651865943
2200    -17.587276357405464  -0.4036205268284721  14.387272010092403
2201    -17.648810239918465  -0.021716612926689534  14.326189409579765
2202    -16.918334526416565  -0.41194294014782235  13.356442263474534
2203    -16.978985570618722  -0.025779559586159743  13.293247730799527
2204    -16.224447997724674  -0.42037935000094961  12.344896879131904
2205    -16.284606895471512  -0.030093480846406749  12.27973495445579
2206    -15.504112081964047  -0.42935526890000514  11.35604735157683
2207    -15.5644394303909  -0.03473261640938996  11.287304062252332
2208    -18.524633119936833  -0.87273512913173124  13.794262101233537
2209    -18.66398539963167  -0.019026395378010871  13.686369201893179
2210    -17.83922396601454  -0.88395416934687088  12.740213722211017
2211    -17.978086330974204  -0.023884108921376872  12.628631408428189
2212    -17.127192892900361  -0.89530397482504864  11.704119207340497
2213    -17.265644172442954  -0.029007676013450653  11.588708100615438
2214    -16.388686328637252  -0.90571987032845891  10.691063008421475
2215    -16.525626293454863  -0.034091751088659313  10.568889555463347
2216    -17.576800226784581  0.3668204658946802  14.380318087429654
2217    -17.391866851667544  0.71169284205298822  14.516504459552808
2218    -16.907362115042087  0.36804576449331894  13.350001845150382
2219    -16.72242560873627  0.71959719727089433  13.49533014080067
2220    -16.212889320637135  0.36895842776125592  12.338824973611283
2221    -16.027469006327571  0.72712725642817388  12.493005661092388
2222    -15.492276639457021  0.36993792011125287  11.350061149910344
2223    -15.306233977799746  0.73435756367349536  11.510870945451323
2224    -18.511505952103516  0.83861066679953511  13.785580064529997
2225    -18.105628880273816  1.5662405426926089  14.068997309791344
2226    -17.82611917211651  0.84078280313716813  12.731518165297244
2227    -17.424291125293308  1.5742587995119155  13.029621642153927
2228    -17.114108713782393  0.84263582649893498  11.69540766669358
2229    -16.716249103492387  1.5819046839281969  12.008334290122441
2230    -16.375639654090389  0.84404274032271565  10.68231664519071
2231    -15.980936470521929  1.5892645278330919  11.00697549107019
2232    -17.124431633754433  0.93449335403721079  14.743447609038284
2233    -16.454786284298009  0.94758289687672925  13.732777027562674
2234    -15.759352831092187  0.96015501941517822  12.74058119433964
2235    -15.038283253502591  0.97134572172637612  11.768457017572503
2236    -17.513078368465418  2.0467050530534108  14.505149952961165
2237    -16.837474707721167  2.0592816032183503  13.483600688721769
2238    -16.135448386774438  2.0713422436373636  12.480101593811929
2239    -15.407168009702119  2.0823415765560336  11.49734510608411
2240    -13.971521362273258  1.0764223262090429  11.132909089161105
2241    -13.657813359168644  0.99981813145830267  11.444020340368031
2242    -13.403504860520895  0.78349194794386612  11.702655882570056
2243    -13.196986342250565  1.0892835765477795  10.215904792409948
2244    -12.885137836516142  1.0130533346150268  10.538371916357386
2245    -12.632200760871454  0.79451125258542576  10.805235445875326
2246    -12.395693820404738  1.1019626125709976  9.3221097594372537
2247    -12.086613002507873  1.0255203947458553  9.6553114980230976
2248    -11.8359555403336  0.80417648549071252  9.9297817567548279
2249    -11.56838201733763  1.1145598706205757  8.4516872408297772
2250    -11.263039548481526  1.0369897355593154  8.7940419377716079
2251    -11.015898583362954  0.81334070391662194  9.0762433887572449
2252    -13.992349534948598  2.2762384077950486  11.132560943075996
2253    -13.334179773132339  2.1216992490680116  11.729107038173423
2254    -12.771874562948026  1.6500160398608463  12.241333646128318
2255    -13.2193055879233  2.289067332308083  10.213303335861209
2256    -12.571328492625383  2.1359556180978578  10.830116485209086
2257    -12.016763447776645  1.6629850424076844  11.359290529579715
2258    -12.41950688427432  2.3017135873894747  9.3172936861206086
2259    -11.782866520749  2.1494563780930038  9.9535277730817846
2260    -11.237185706490092  1.6746254963167673  10.498803137230986
2261    -11.592596764661149  2.3143000258903923  8.4455875813954258
2262    -10.968057185572892  2.1613525405746929  9.0993664259508957
2263    -10.43336238248618  1.6845973777793097  9.6606776304968101
2264    -13.234437913335613  0.43733303611079749  11.867387996844508
2265    -13.172780829791593  0.038712851477125387  11.938254594502595
2266    -12.464402026673083  0.44474884974235596  10.976801112829163
2267    -12.40271541453559  0.041952819143150522  11.049149790128382
2268    -11.67014103057093  0.4510068763925188  10.107720352124252
2269    -11.609140901288754  0.04423128458265705  10.181090484800812
2270    -10.8522127364591  0.45651654179323875  9.2588905997550448
2271    -10.792751387499214  0.045826235614763983  9.3345368603153176
2272    -12.391255316491087  0.91518666046508645  12.583084427304007
2273    -12.255151859452534  0.03944081746445241  12.71154173762266
2274    -11.641771649454913  0.92483877277637971  11.714645232989222
2275    -11.506137243740136  0.043658079841804469  11.846754746222654
2276    -10.868589977079374  0.9333592679782422  10.867177581190731
2277    -10.734193243464183  0.046940656638049819  11.002355115655378
2278    -10.070811904464161  0.93984462147218084  10.038664817279207
2279    -9.9401156964143116  0.048976773209568891  10.178931585785129
2280    -13.248358399620436  -0.37090049757922072  11.876559925883592
2281    -13.437330206887054  -0.74021872912916653  11.714809786269118
2282    -12.478421572835995  -0.37261265529304188  10.985214706246875
2283    -12.666543514491492  -0.74755911865424129  10.815159881997094
2284    -11.684064653979718  -0.37478452080122815  10.115350857273633
2285    -11.870425735943094  -0.7548574215415278  9.9374272200053912
2286    -10.865455532880143  -0.37749123640489235  9.2660025098049577
2287    -11.049152255677731  -0.76217312488614808  9.082527663474993
2288    -12.402731493876017  -0.84398211296423031  12.592177314386484
2289    -12.79340164266795  -1.5947826569043335  12.258016345293735
2290    -11.653047785783286  -0.84590238905919024  11.72397780671951
2291    -12.037967577271436  -1.6019289312809619  11.376354130543804
2292    -10.87959581216891  -0.84826835898310049  10.876833751778303
2293    -11.257926365395166  -1.6090319077343835  10.516415460412695
2294    -10.081475170401212  -0.8510295915666769  10.048715965577241
2295    -10.453452963035325  -1.6161761530227621  9.6790351493280973
2296    -13.706693673208138  -0.98138701813773732  11.450044376914628
2297    -14.027769775381083  -1.0766958466049266  11.136440014740343
2298    -12.935438730333059  -0.99298544533149868  10.541512026104176
2299    -13.255277445186637  -1.089639710450689  10.216491976466729
2300    -12.137976956237882  -1.0044640042756117  9.6556322504589556
2301    -12.455702538704834  -1.1023859244349437  9.3199318462432696
2302    -11.313667574626304  -1.0151104126679629  8.7930187463554841
2303    -11.628007648092566  -1.1150391283219878  8.448452921419122
2304    -13.361816967121712  -2.0922343621862529  11.751938841758431
2305    -14.023561977651744  -2.2765145699832581  11.156802449796439
2306    -12.598492759187673  -2.1033770271721859  10.853575482803882
2307    -13.250091747736978  -2.2894318856454556  10.238095833596734
2308    -11.809372360003799  -2.1143984871738444  9.9778174994986077
2309    -12.449636281802308  -2.3021500892623088  9.3428764240767794
2310    -10.993715521359794  -2.1247940641809948  9.1246373031064625
2311    -11.621770607127242  -2.3147871162004847  8.4722408364495791
2312    -14.337914156188234  -1.0009013668304436  10.820729292395944
2313    -14.588559135772117  -0.78492224164410229  10.55689576665937
2314    -13.564815797341112  -1.0140903862867432  9.8911248649058123
2315    -13.815345631051823  -0.79584278773659678  9.620803371557999
2316    -12.764146147760567  -1.0265087245169906  8.9859103218847522
2317    -13.014072121152051  -0.80541962123849553  8.7101028373446265
2318    -11.934558364335791  -1.0377992801172633  8.1075574108136195
2319    -12.182814573450916  -0.81420496992729685  7.826316131665263
2320    -14.681051428014175  -2.1225122974151089  10.558597480540168
2321    -15.241918960327091  -1.6508734266804361  10.043853961267651
2322    -13.897420367032101  -2.1367004438511916  9.6198081600349568
2323    -14.450531126536747  -1.6636663048929097  9.0884959320362526
2324    -13.085636431538305  -2.1501073945900715  8.7053493753559863
2325    -13.629822779742875  -1.6750959037563209  8.1583117677776009
2326    -12.245642609074855  -2.1618980229773617  7.8173924649466304
2327    -12.778793563245163  -1.6848282704120487  7.2546308053039796
2328    -14.757096855596977  -0.4380112764537808  10.390534168702141
2329    -14.818102089384075  -0.038943024428162151  10.318628959798366
2330    -13.983143488625341  -0.44533460458880952  9.4484773643733586
2331    -14.044763135203187  -0.042041869223710046  9.3758634911367764
2332    -13.180703931992769  -0.45152074429384992  8.5325077520618802
2333    -13.242511806879929  -0.044210049749877578  8.459880545621818
2334    -12.348230136642909  -0.45676518655766102  7.6452561452391077
2335    -12.409437343445958  -0.045628464960511012  7.5715530126077271
2336    -15.621823389127075  -0.91545346684931816  9.7006799152493084
2337    -15.757326645652904  -0.038829124105687243  9.5717812634378543
2338    -14.824718647513603  -0.92489078556379922  8.7319519313347804
2339    -14.959693814425064  -0.042914129614275411  8.5994850660796995
2340    -13.997511717702659  -0.93316876651002723  7.7889843290504128
2341    -14.13117711980583  -0.0460437389354219  7.6535357670091537
2342    -13.140342213600107  -0.93942434972612909  6.8758823807687586
2343    -13.270225881829692  -0.047914923390126173  6.7354681698465146
2344    -14.744930740503261  0.371312650103237  10.384495496261273
2345    -14.55837476020338  0.74155662120582977  10.551103142962765
2346    -13.97024924844095  0.37315059168184617  9.44238447118558
2347    -13.783440256729115  0.74885756612369947  9.615561046655376
2348    -13.167113392652698  0.37544055733690412  8.5262087562429478
2349    -12.980509399945349  0.75613189492508659  8.7051070474674823
2350    -12.334404402521132  0.3781713595582355  7.638449032993047
2351    -12.148661122420489  0.76325110410797525  7.8206035363374031
2352    -15.608868836715626  0.84544960582073925  9.6918374538526439
2353    -15.218023135128629  1.5964232859089553  10.027610157061108
2354    -14.811943650091346  0.84736147732238332  8.7229215279571939
2355    -14.426928626527276  1.6034688733589664  9.0719409672398417
2356    -13.985014988343922  0.84973984794124979  7.7796755672969216
2357    -13.60671103107104  1.610492062855982  8.1412648096013029
2358    -13.128233745599733  0.85254621079094184  6.8662062716643169
2359    -12.756428435113072  1.6175836270728605  7.2368785721403048
2360    -14.290697922592146  0.98214024635835129  10.817925639293609
2361    -13.515663799554167  0.99359204379568133  9.8902833342252965
2362    -12.713252748949873  1.0049394260170101  8.9867897096059615
2363    -11.883536635340477  1.0154207050009825  8.10870437267398
2364    -14.651881114299448  2.0929654974166598  10.536078032419308
2365    -13.868695820249272  2.1039528539326828  9.5967239141112977
2366    -13.057571604459815  2.1148376767563843  8.6814902906317482
2367    -12.218467943839302  2.1251539965400568  7.7925847014523004
2368    -10.715739458418085  1.1270428222002855  7.6060104512064317
2369    -10.416240929427781  1.0483685086015377  7.9555184700162815
2370    -10.17324065930984  0.82272892852420509  8.245068116282587
2371    -9.8387839515815241  1.1392646219261975  6.7861068794245503
2372    -9.547306848066226  1.0600401880059269  7.1414826252389414
2373    -9.3085808647198967  0.83190047383333776  7.4373287200176295
2374    -8.9387476412796616  1.1511542308086389  5.9916211874284837
2375    -8.655937367327855  1.0709896813619209  6.352316699948755
2376    -8.4221310748416336  0.83995983788915018  6.6539112829411611
2377    -8.0168626719642155  1.1626406098579367  5.2221980371625873
2378    -7.7418325501436858  1.0802018962589568  5.5884029906548882
2379    -7.514103164923557  0.84601151873677249  5.895701888031974
2380    -10.739465834816139  2.326789075964883  7.5992466637978682
2381    -10.128333762324161  2.172268409465488  8.2696095865609553
2382    -9.6059725926271629  1.6929170668006912  8.8458707870497051
2383    -9.8620201520938497  2.3390153099905096  6.7784955708711339
2384    -9.2658792402616772  2.1830258628895369  7.4654960353002009
2385    -8.7561467101701531  1.6999551425145902  8.0547997964724409
2386    -8.9614262345869964  2.3509097971537116  5.983134383302918
2387    -8.3810815185026328  2.193072273670456  6.685943752793615
2388    -7.8847826631045885  1.7059028798046494  7.2874614380449909
2389    -8.038850600388308  2.3624036066409251  5.2129631817809212
2390    -7.4743284961642527  2.2018550146318545  5.929870719666166
2391    -6.9927783794199998  1.7109515535545179  6.543852491047323
2392    -10.012210573170881  0.46213787898868353  8.4321383790130309
2393    -9.9540480515083587  0.04630428866706713  8.5103187829567446
2394    -9.151160520824801  0.46781367548559688  7.6297724744851765
2395    -9.0936224877776244  0.045456263543556322  7.7091707717977656
2396    -8.2687692177785674  0.47257748870979494  6.8512611631399514
2397    -8.2123044179348934  0.043896453127935477  6.9314099878155488
2398    -7.3647433023898987  0.47546287608709442  6.0960727219458208
2399    -7.3109235636081022  0.042239150303909401  6.1773535919872744
2400    -9.251115640276895  0.94434427423658296  9.2321761449178403
2401    -9.1244437695180594  0.049793000456612134  9.3773389678138432
2402    -8.4118263916580904  0.9476869981946654  8.450815912006675
2403    -8.2876189402999891  0.049740916286051887  8.5981608358384047
2404    -7.5515162614168858  0.95013826516518041  7.6926201802716498
2405    -7.4302905124456631  0.048996256564196372  7.8415790740654252
2406    -6.6687573523623938  0.95196354696688146  6.9556250114386913
2407    -6.5531077896405829  0.047734757157354674  7.1077755667015508
2408    -10.024622601106351  -0.38226378664019772  8.4390197359714119
2409    -10.204561691472794  -0.77061707716136629  8.250936916187209
2410    -9.1631040213086212  -0.38927830352984583  7.6365510779743282
2411    -9.3383684149820851  -0.78032384307221947  7.4430924019976539
2412    -8.2803323399373099  -0.39657765060475442  6.8580783717608682
2413    -8.4505614414562089  -0.78988848406148393  6.6598525641985846
2414    -7.3757401034427721  -0.4022046913958422  6.1030834532782157
2415    -7.5411297861457394  -0.79790606157193711  5.9020758460822957
2416    -9.2613735447465295  -0.85413690784151641  9.2427211606258819
2417    -9.6252772493147045  -1.6233408465201757  8.8651703847918721
2418    -8.4216469919682559  -0.85755376404980921  8.4619483763512058
2419    -8.7746313164995655  -1.6304169089077138  8.0751738484874345
2420    -7.5608976681803135  -0.86124868183816072  7.704371919143667
2421    -7.9024434403013393  -1.6373565189040744  7.3089735961148063
2422    -6.6777277294966195  -0.86519018285317784  6.9679660953937308
2423    -7.0096418964314511  -1.644111855227955  6.5664976833740081
2424    -10.464696041056202  -1.025955977176787  7.9546295829439702
2425    -10.773226289788983  -1.1275504788564699  7.6033280874086513
2426    -9.5935571722610842  -1.0377263005478428  7.141133740150905
2427    -9.8939983468791386  -1.1397655420302417  6.7843189561666213
2428    -8.7000742337081238  -1.0492505445953051  6.3527112805173189
2429    -8.9916959614887855  -1.1516305714784152  5.9908519148530592
2430    -7.7840704908644973  -1.0593578711333491  5.5895422665842247
2431    -8.0676912757436874  -1.163091820836101  5.2223533506279507
2432    -10.153005821523159  -2.1351563398661164  8.2960765251250912
2433    -10.767489406783723  -2.3272986344300186  7.6272263843484813
2434    -9.289512935478502  -2.1459589893218536  7.493375325121054
2435    -9.8888670358496622  -2.3395215237386879  6.8079536671608114
2436    -8.4036757600910565  -2.156518974668213  6.7153039064615623
2437    -8.9870980296131009  -2.3513955372197795  6.0141442287304328
2438    -7.4959331922260803  -2.1661532580252052  5.9606324725138329
2439    -8.0633769233621848  -2.3628604279665786  5.2455196129012105
2440    -11.075519806916146  -1.0489876076850233  7.2570267842997538
2441    -11.321231551539304  -0.82319524679460065  6.9701930317446168
2442    -10.189414847247557  -1.0605962569945269  6.4330347439710511
2443    -10.432017591285051  -0.83227242122561795  6.1408073843417368
2444    -9.2792721600639165  -1.0715136194070349  5.6346865108392068
2445    -9.5178026184812232  -0.84031705558824366  5.3371672614040957
2446    -8.3481204200991606  -1.0806280862838096  4.8610873059159054
2447    -8.581216558920941  -0.84620971225037367  4.5582807348791796
2448    -11.377932367693523  -2.1727104548143883  6.9559869064174524
2449    -11.898735931081138  -1.6929370613235015  6.3785273158860409
2450    -10.4843419893472  -2.1833709973324993  6.1201771867926471
2451    -10.992557175883952  -1.6998252370783109  5.529905580010638
2452    -9.5668286824296427  -2.1933267960223239  5.3106271586360547
2453    -10.061679198846806  -1.7056528010041263  4.70833994831436
2454    -8.6273496553346121  -2.2020249963744987  4.5280006745115031
2455    -9.1075239011628675  -1.7105797564286078  3.9134047714338074
2456    -11.484751120895728  -0.46208554520232958  6.7856462748862363
2457    -11.545424601927044  -0.045894980397281779  6.7103277291007446
2458    -10.592462509805275  -0.46764954661783664  5.9512994615099082
2459    -10.653058329741025  -0.044901173829707937  5.8751367357628306
2460    -9.6745661644163707  -0.47237785064478127  5.1428929028696642
2461    -9.7344776015076704  -0.04326851255340184  5.0660807274318511
2462    -8.7342639457738205  -0.47519111712376261  4.361103796725053
2463    -8.7918214918467594  -0.041618463863976232  4.2832603989456661
2464    -12.252529787675263  -0.9437426769368894  5.9916098508469267
2465    -12.378335308754428  -0.048604588441748767  5.8464100058702009
2466    -11.335791803981698  -0.94695119948752893  5.133413763525934
2467    -11.459126719107381  -0.048489421179655809  4.9860830612923399
2468    -10.393864443801624  -0.94930032184683499  4.3028242810041437
2469    -10.514238598327275  -0.047716065363888283  4.1539132221337667
2470    -9.4304838884172391  -0.9510404484835927  3.5013715654799329
2471    -9.5453094318528553  -0.04643116475448248  3.3493263744153108
2472    -11.470951612189845  0.38298219676119177  6.7783033608148306
2473    -11.287408503981389  0.77152850227590686  6.9633391466466055
2474    -10.578587700112484  0.39013145492321005  5.9436535665351409
2475    -10.398655437562702  0.78128947034791607  6.1331942279741698
2476    -9.6606989121367608  0.39753672787724142  5.1350059828854988
2477    -9.4850670753946353  0.79092361329521943  5.3289187455548923
2478    -8.7206714941103893  0.40311560945623726  4.3528669425974211
2479    -8.5493085697073603  0.79882053608903503  4.5492626646235692
2480    -12.240893858323943  0.8556890435355855  5.9814761862920065
2481    -11.877272879953759  1.624710830590818  6.359890868426513
2482    -11.324658415902228  0.85909900249109428  5.1227581179375123
2483    -10.972004606654798  1.6317497017892566  5.5102931430153319
2484    -10.383232041841696  0.86277084874875354  4.2916241586807207
2485    -10.042034001211261  1.6386541590383208  4.6877065303802636
2486    -9.4203193596494597  0.86669934339984767  3.4896464006015044
2487    -9.0887714496182106  1.645378120708153  3.8917521649947986
2488    -11.025888123182867  1.0261510908106717  7.2572396735880815
2489    -10.141491804903016  1.0379129387685395  6.4322283876175037
2490    -9.2331374370158183  1.0494452787423192  5.6328607596664195
2491    -8.30361477603617  1.0594871405997426  4.8583270346389842
2492    -11.351808190285656  2.1354734953188177  6.930025017198381
2493    -10.459314887961723  2.1462310662924353  6.0928807861133087
2494    -9.5428963021732223  2.1567555568601526  5.2819370640955601
2495    -8.60446069822585  2.1663758144212144  4.4979789070435912
2496    -7.0745150303924937  1.1736995878058767  4.4776292389372836
2497    -6.8080752344244893  1.0891464588558177  4.8482680354294247
2498    -6.5868487219937961  0.852154741997737  5.1612304202410648
2499    -6.1126986272527093  1.1843593428312287  3.7583135802771639
2500    -5.8571711447852328  1.0989548792557611  4.1314932858822502
2501    -5.6422645491162342  0.85960059500566888  4.449701797563173
2502    -5.1320574928929146  1.1946273601147939  3.0648061889478146
2503    -4.8879546742132831  1.1081048909649356  3.4400434088292475
2504    -4.6798803455932916  0.86612136837385101  3.7630146525428523
2505    -4.1332356576611629  1.204511124837375  2.3976621927148267
2506    -3.8992602156959864  1.1150742274894916  2.7758830710863003
2507    -3.6992258107273397  0.86948935271556316  3.1030676177246441
2508    -7.0954681589680639  2.3734789034168347  4.4681717404812424
2509    -6.5474173984296273  2.2099004726332874  5.1984768523254665
2510    -6.0811757133953668  1.7151503370276355  5.8241744399623485
2511    -6.1323182698152117  2.3841629985256274  3.7491433160124732
2512    -5.6020374467293603  2.2177803561217839  4.4930649478136662
2513    -5.1510072928012747  1.7184289702373792  5.1286791884603344
2514    -5.1503641260504924  2.3944546802730002  3.0559682127110475
2515    -4.6384145345520196  2.2250100203021659  3.8127073077075391
2516    -4.2031572058648932  1.7207995781923184  4.4574391446023274
2517    -4.1505689207946475  2.4043527369646505  2.3887367349134023
2518    -3.6567745553861508  2.2311048203792607  3.1564762335838772
2519    -3.2385095408133582  1.7222742859010152  3.8105267164493819
2520    -6.4418516931565222  0.47843713844021935  5.3645334606725275
2521    -6.3905870461484966  0.040285610988412483  5.4473060141737983
2522    -5.5024523994586128  0.48273878337591719  4.6573749030023848
2523    -5.4523955994003739  0.037573598178151271  4.7413483707841841
2524    -4.5456356959776052  0.48630817849604191  3.9746731467727008
2525    -4.4971693637314374  0.034322165376494039  4.0594628526179246
2526    -3.5704918573949209  0.48708569140244723  3.3165042898208017
2527    -3.5257284795093562  0.030750366086808312  3.4016316504745121
2528    -5.7670983306094534  0.95283562772871022  6.2416485249704712
2529    -5.657016412537283  0.046001787907836218  6.3969627529966466
2530    -4.8498636001003872  0.95254633954288637  5.5528420943312273
2531    -4.7430881729446472  0.043732214266308973  5.709261781142553
2532    -3.9152888703855457  0.95153972617307048  4.8877416622493497
2533    -3.8121616012827446  0.04093601551160389  5.0447175987591892
2534    -2.9616098510152717  0.95025983138292447  4.2448831714532185
2535    -2.8650752279716385  0.03762317092255435  4.4033751534664178
2536    -6.4521860948836123  -0.40848466716715859  5.3718290732082838
2537    -6.6121675257510635  -0.80615016324438071  5.1684487527709484
2538    -5.5122553673414441  -0.41740555994151385  4.6649543531852204
2539    -5.6656778437957058  -0.81608285276250814  4.4580919519475337
2540    -4.554969872301073  -0.42650434438797014  3.9825056855845369
2541    -4.7015134157647518  -0.82583190563344089  3.7725151307455222
2542    -3.5793515612472988  -0.43331799517558861  3.324529462781749
2543    -3.7195269171433099  -0.83352509736429925  3.113227976298397
2544    -5.7756959020027745  -0.86913922757240225  6.2545490430380415
2545    -6.0973029315073619  -1.650670611060151  5.8479127855155486
2546    -4.8581267318610202  -0.8730315467029397  5.5662891799931868
2547    -5.1664861193291385  -1.6570516740948844  5.153454096205472
2548    -3.9232711053002736  -0.87709781723574132  4.9016862326194843
2549    -4.2180947263821968  -1.6632540148209691  4.4831524487669823
2550    -2.9693799085494481  -0.88156871616175847  4.2592399272772674
2551    -3.2530320191519322  -1.6692766037272184  3.837038676523298
2552    -6.8479362767420149  -1.0691871387337279  4.8509298184422818
2553    -7.122663309130191  -1.1741209436564692  4.4796365846540489
2554    -5.8939664987180755  -1.0798845284391052  4.1366636237442398
2555    -6.1574254777587027  -1.1847353499916113  3.7633992774783813
2556    -4.9218412838081855  -1.090290185770018  3.4476535963742978
2557    -5.173551518690914  -1.1949499282250207  3.0728943253375105
2558    -3.93124075902786  -1.0992442562470048  2.7848096502166504
2559    -4.1726151689885365  -1.2047795667401877  2.4073746244679723
2560    -6.5681289091966439  -2.1754429166309177  5.2305592308670876
2561    -7.1189240996572432  -2.3739010091400656  4.5022257841486715
2562    -5.6219722216901022  -2.1850320011965789  4.5264303092585116
2563    -6.1548244471680462  -2.3845421587840172  3.7846156949431018
2564    -4.657700476633071  -2.1943319340519052  3.8472377912772635
2565    -5.1720692603465972  -2.3947837273159505  3.0927213711205939
2566    -3.6755510209521782  -2.2027541375266133  3.1919737605124974
2567    -4.1716498336449321  -2.404625565153375  2.4265748385172357
2568    -7.3952385972672401  -1.0894470326348751  4.1143829387940141
2569    -7.6225812655771374  -0.85213054074873673  3.8063680173257599
2570    -6.4200321544117092  -1.099181050411546  3.3959355681239796
2571    -6.6420270597919444  -0.85947069892346162  3.083024934737526
2572    -5.4257195056609566  -1.1082733563870171  2.7036749385038132
2573    -5.6418965699126158  -0.8659272615975212  2.3863229792142322
2574    -4.415519065143366  -1.1151671673344845  2.0355307945315295
2575    -4.6245324242863539  -0.86919730359389225  1.7143336428556473
2576    -7.6664808505924205  -2.2099795288083941  3.7714107516324473
2577    -8.1314343950172674  -1.7146478070347486  3.1452466234682848
2578    -6.684659205902217  -2.2177572502956715  3.0402464286141786
2579    -7.1345203733206084  -1.7178011475713748  2.4043293785254134
2580    -5.683633422410975  -2.2248846961554123  2.3355855901232307
2581    -6.1178536083541335  -1.7200535179649481  1.6907033372541198
2582    -4.6651522012656841  -2.2308884017066988  1.6585061208261425
2583    -5.0825058723991035  -1.7214186581419257  1.0044188003033525
2584    -7.7716106009038066  -0.47802845561728574  3.6064448077078395
2585    -7.8269495796181303  -0.039628239684701631  3.5272905784045241
2586    -6.7863403029846765  -0.48219820426584992  2.8789066684691287
2587    -6.840922054733678  -0.036790618937602701  2.7987153503830866
2588    -5.7811740522894217  -0.4856748657770501  2.1783836787974371
2589    -5.8346789083911146  -0.033450419416440627  2.0975292944307502
2590    -4.7588328490910445  -0.48643294285848071  1.5047701384812893
2591    -4.8091601317881718  -0.029952458914974223  1.4237269900969229
2592    -8.4444868188358182  -0.95182960428742991  2.7276083604472099
2593    -8.5537706808128604  -0.044672898613970412  2.5724669416851582
2594    -7.4346956944108271  -0.9514595844024889  1.9801134268994303
2595    -7.5407073940094813  -0.042388758594946438  1.8239137441459812
2596    -6.4048253639438411  -0.95038144867931296  1.2604559532842816
2597    -6.5072384383919308  -0.039589357042505033  1.1037442628004932
2598    -5.358590676236421  -0.94904625696844813  0.57020512804945622
2599    -5.4544826809093774  -0.03628530630174575  0.41203597865138852
2600    -7.7583590467628367  0.40934904747589029  3.5977752728030961
2601    -7.5917310138872134  0.80694391176390146  3.796194410334202
2602    -6.7732549088166385  0.41836271458159424  2.8698578837328887
2603    -6.612336201501245  0.8169564176208538  3.0714544426831485
2604    -5.7682049331090699  0.42754129185085082  2.1690032327656037
2605    -5.6132653350506319  0.82679616503084752  2.3734507791688362
2606    -4.7460549724773946  0.43426946036116199  1.495099777280041
2607    -4.5966596170365692  0.83440126536483938  1.7005914372896829
2608    -8.4347621124461458  0.8706397248420652  2.7153818803532257
2609    -8.1135286380506635  1.6519092742189196  3.1226054757873123
2610    -7.4253886370325812  0.87451007291861993  1.9674053243283349
2611    -7.1173774239848271  1.6582648752400513  2.3807559821062982
2612    -6.395883447436213  0.8785494108890799  1.2473153592152895
2613    -6.1013684503675449  1.6644431945155767  1.6662959540552866
2614    -5.3499310576844694  0.88299676201301447  0.55671061170255587
2615    -5.0665523601456712  1.6704425027895258  0.97931766173783275
2616    -7.3527859483580036  1.0692686146027599  4.1099406097841609
2617    -6.3802746368342103  1.0800233988654613  3.3888634197141081
2618    -5.388512932668089  1.0904959350337904  2.6940585153778129
2619    -4.3799329270629519  1.0994306647536913  2.0244889477242585
2620    -7.6445507078332398  2.175663428817372  3.7401319004112574
2621    -6.6635859556467505  2.1852489332385332  3.0077614703030826
2622    -5.6632901963786066  2.194549590106182  2.302012433593585
2623    -4.6453871847410486  2.2029826618418005  1.6240296071572728
2624    3.3364009559823553  1.2211326146597612  1.7418951733694692
2625    3.6020585663666309  1.1235465626306491  1.3864985945847841
2626    3.8302208750665514  0.8653643561810066  1.0803897590345792
2627    2.8480905097617879  1.2485419507793321  1.0885203156608827
2628    3.1695221231946293  1.1498875637145887  0.77327269207456406
2629    3.441549761180017  0.88179312380887953  0.50148912567183979
2630    2.5590000358085083  1.2833511996045415  0.38606993013409824
2631    2.948321089509121  1.183605861594367  0.1230692255511795
2632    3.2763294939991825  0.90557657232279065  -0.1022911078990307
2633    2.3484118595226082  1.3219073509030801  -0.40655587859826836
2634    2.7927355828607783  1.218488433679183  -0.61896582793080179
2635    3.1703336234597179  0.93276561136641301  -0.7963825361537562
2636    3.1327671885945279  2.4160246894636246  1.7633065200563363
2637    3.7232513363142239  2.2448728784583238  0.99001585828585104
2638    4.1709696764867523  1.71909061370876  0.36362443277101958
2639    2.1014462830330958  2.4307597736073987  1.1672320362151014
2640    2.9696630139106124  2.2926865680147337  0.38944144244362533
2641    3.5416561022084156  1.7553828702312859  -0.17759395677777645
2642    1.0565281199986307  2.4490063229069192  0.60503142525284936
2643    2.3199663088511699  2.3504827719746415  -0.17446310177753174
2644    3.1337230200914457  1.8081286904050655  -0.67934647596341891
2645    -0.00075001032231103437  2.4708441408788864  0.07214668480818931
2646    1.7103516675415309  2.4024587212849422  -0.70661692825608813
2647    2.9020183064146767  1.8699700263052832  -1.1817439528874982
2648    3.9845971496227861  0.47382209009657461  0.8880174820764325
2649    4.0430529430764608  0.0099381557268735585  0.81736041491776013
2650    3.6286685879457696  0.48098978763091638  0.33358181479598026
2651    3.6931597318600899  0.0067296778311776786  0.26908284333109567
2652    3.5014258636193376  0.49251656924964843  -0.24136168618303197
2653    3.5771873486391899  0.0048846872182239098  -0.29533079544455659
2654    3.4223643679016784  0.50555615014665067  -0.91162080409772461
2655    3.5129205905847583  0.0032679439065567695  -0.95007890774125947
2656    4.5067574899472014  0.9321347702138516  -0.044380479389355756
2657    4.6067562246617602  0.0089454859443600689  -0.18686561206216404
2658    4.0182130008791095  0.94638481363877491  -0.54052338774204856
2659    4.1339676173574365  0.0043955909902564649  -0.66449359098384075
2660    3.787444990420644  0.96965603029576475  -0.98323942603253234
2661    3.9553514751109908  0.0014344788490328053  -1.0747337001442541
2662    3.7174277722188456  0.9989914976793195  -1.4267547065919499
2663    3.9901975689993954  -0.00026216104835530274  -1.4714397624140512
2664    3.9893092228275817  -0.45700939888018843  0.89482688830589407
2665    3.8373937290672853  -0.85611311306849913  1.0961586068646976
2666    3.6320155414508726  -0.47021745846178054  0.34007865332924531
2667    3.4466952636828112  -0.87669187202610921  0.51589227814941785
2668    3.5032927131911502  -0.4853181229629368  -0.23569855232385112
2669    3.2792176765368435  -0.90241932810558956  -0.090295924729768717
2670    3.4232812349582988  -0.50100245751098038  -0.90701674645691921
2671    3.1716413354676485  -0.93097630738551951  -0.78684212358494765
2672    4.5127795654760634  -0.92021404128176654  -0.035652177419876675
2673    4.185748566634353  -1.7066515751211417  0.37942388379761544
2674    4.0189194360815774  -0.9530101381045476  -0.5315141390431789
2675    3.5545326598644031  -1.749290785647601  -0.16269884149139452
2676    3.7824162647230453  -0.99209783045644762  -0.97463126251803078
2677    3.143858204108485  -1.8061019700451784  -0.66671976024476864
2678    3.7088312799607004  -1.0291792471658616  -1.419355594587171
2679    2.908985661020254  -1.8702031234916177  -1.1722018080060179
2680    3.6125652027438351  -1.1200757972499709  1.4125724778356974
2681    3.3504115676922135  -1.2207639755585991  1.7746295225532291
2682    3.1770759694367738  -1.1482359760808643  0.79680513566498257
2683    2.8581123526783609  -1.2482762307636404  1.1182384305591953
2684    2.9525470733436241  -1.1826636232824337  0.14257769109633023
2685    2.5645129338538255  -1.2831747255881618  0.41084900793319312
2686    2.7946385522927741  -1.2181246160384505  -0.60336429093209931
2687    2.350808953828496  -1.3217991211388394  -0.38681727379934505
2688    3.7456190134713121  -2.233278678128809  1.007537206836457
2689    3.1538686407819303  -2.4157703350214654  1.7846679952861051
2690    2.9947748358659232  -2.2745127199258528  0.40017455800419716
2691    2.1184974953187856  -2.4308024968013462  1.1849895680547864
2692    2.3460013530486861  -2.3245146588845205  -0.17029188939613776
2693    1.0667262884179172  -2.4491984790333552  0.62100173715168161
2694    1.7325428187992851  -2.3730099308972283  -0.70347973787888307
2695    -0.00027219018461988043  -2.4708166372088103  0.093255426649345274
2696    3.0945161521289433  -1.1229973748842892  2.1363648949187808
2697    2.8761799593444444  -0.86447175905105367  2.4488070344796915
2698    2.5444075418297456  -1.1493045094736638  1.4388155988390852
2699    2.280648272871785  -0.8806716966818996  1.7161757008358762
2700    2.1803008845589802  -1.1830301263611234  0.67803899041228977
2701    1.8584206962666772  -0.90432235928943672  0.90808807312982787
2702    1.9094102406328921  -1.2180275994517997  -0.17080117687143204
2703    1.5359735334906897  -0.93164651158244782  0.01083591416834917
2704    2.7138150048205465  -2.2317158393825949  2.6306911196669054
2705    2.3351751161986058  -1.703287682678436  3.2781090695028929
2706    1.794652972823465  -2.2486773063699874  2.2213094764457995
2707    1.5069735989373023  -1.7000739753531799  2.8826737959498021
2708    0.89723018572286595  -2.2669458539144975  1.9090265743894881
2709    0.73865063290668909  -1.6961106086900295  2.6457454083980863
2710    0.00027211276679794949  -2.2804825613246416  1.6459984782129915
2711    0.00025632981059597881  -1.6915183746438796  2.5672762473009776
2712    2.7267447273395575  -0.47249717334057068  2.6439187089646849
2713    2.673124445123896  -0.0087809307529045609  2.7168832986973825
2714    2.0981859995338681  -0.47903137851174543  1.8863726402445975
2715    2.0375660241142386  -0.0045223262690533561  1.9520140819095841
2716    1.6373291372600229  -0.49009227175241088  1.0490941472974284
2717    1.5641072243007217  -0.0018663729474932833  1.1031363107298566
2718    1.2870858329334725  -0.50318554266224436  0.12813247627880414
2719    1.1978983912095444  -0.00021645465807956787  0.16646130356707312
2720    2.08805679754472  -0.91460562605783446  3.7140054550624226
2721    1.9921416751993366  -0.0068967887351188244  3.8523066356124263
2722    1.3354590026843345  -0.88866278918674446  3.3415537687218246
2723    1.2535161282964626  0.00078245815915493899  3.4587384678301309
2724    0.65754151608126421  -0.86241582844003606  3.1270715055754779
2725    0.60437264667753532  0.0083202934667719886  3.2226022604349644
2726    0.00014993185097800232  -0.84719447418199323  3.0585071804588604
2727    -3.0525252125990221e-05  0.015537713608233861  3.1438972855469354
2728    2.7171905861504055  0.4580113490352184  2.6328093640183927
2729    2.8594687271362114  0.85747068858157138  2.4247386332297096
2730    2.0908632023338103  0.47222889194260181  1.8757241884050044
2731    2.2679144558868733  0.87876716968998714  1.6942571350571796
2732    1.6326150109183806  0.48813609702581651  1.0396075417884996
2733    1.8504189482437279  0.90504562631235697  0.8897212492703418
2734    1.2843540595065708  0.50391180842446204  0.12017912617489987
2735    1.5317159127722852  0.9336380398100077  -0.003906194672965102
2736    2.0807226288798191  0.90247284360533919  3.7037643238996178
2737    2.321495682692023  1.6944695158859577  3.2591930350408371
2738    1.3299372156612028  0.89112240780461749  3.3301314734472403
2739    1.4965330811664808  1.7019955086087368  2.8617019972196656
2740    0.65451196915156906  0.879210942036873  3.114550335386566
2741    0.73280874777495997  1.7085408529841282  2.6228824237947665
2742    -0.00014166987265318287  0.87692578107682817  3.0451007225898752
2743    -0.00028505015799717981  1.7139831614764383  2.542782034590001
2744    3.079271595309677  1.1209757793107342  2.1058540324418527
2745    2.5329974063104963  1.1493528756086213  1.4110191878216107
2746    2.1733625852480576  1.183920916016306  0.654619385485118
2747    1.9058343292492832  1.2193243746343527  -0.18982845297984524
2748    2.6948949088925396  2.2262202705380401  2.6081899693326407
2749    1.7798202053869967  2.2476986023813428  2.1972732958017067
2750    0.88856600721194989  2.2704423426288263  1.8826292909084024
2751    -0.00068038871593256722  2.2887859483200685  1.6151667657656301
2752    -3.3256894517329321  1.2209416038504646  1.752623366800159
2753    -3.0724257699427264  1.1287377921370607  2.1163206433498587
2754    -2.8585537094016287  0.87621948571377173  2.4319410778999879
2755    -2.8381788072121692  1.248409837399882  1.0981536762494106
2756    -2.5266948675124206  1.155053464271756  1.420244611972683
2757    -2.2665938344174483  0.89221625840929664  1.7007695831102212
2758    -2.5503031573396471  1.2832634207579194  0.39389153356363255
2759    -2.167760196166729  1.1881234414844513  0.66198981725511041
2760    -1.8485914269542545  0.91433629145220097  0.89503301377469113
2761    -2.3416619353561368  1.3218499491968694  -0.40052464875612648
2762    -1.9013144436673113  1.222049921366019  -0.18410890050252177
2763    -1.5297917281915021  0.9394362054925478  0.00021125031274749073
2764    -3.1342999802607672  2.4158616842460114  1.7529926654363679
2765    -2.6962417708634492  2.2414219286240331  2.6001739724763278
2766    -2.3218605579600728  1.7224679962979568  3.2552731705350548
2767    -2.1030948417927622  2.4308833731087791  1.1545996090661503
2768    -1.7812524976003732  2.2580580499333296  2.1890381055857282
2769    -1.497011970350056  1.7210691206690458  2.8589296881362856
2770    -1.0581720152076166  2.4492625948780411  0.59412760309325674
2771    -0.89000071156263361  2.2756378384507943  1.876293935739642
2772    -0.73335604530785048  1.7182000465499776  2.6214485494292208
2773    -2.7179513130683737  0.48857441497068832  2.6346702644029878
2774    -2.6732048895610556  0.026694474726390107  2.7169715093735998
2775    -2.0911062707547354  0.49457293880422443  1.8779731406128024
2776    -2.0376225541519584  0.022027697600816139  1.9520877703851336
2777    -1.6322896727338516  0.50346487559676156  1.0419892230434609
2778    -1.5641396398073835  0.017024486045864845  1.1031955183841189
2779    -1.2838344612855703  0.51363383804200613  0.12229481628817268
2780    -1.1979143130526633  0.011959291397315885  0.16650983824554777
2781    -2.0809441174578271  0.93919854982849182  3.7017233143923103
2782    -1.9922157388522945  0.033477447240699655  3.8523624771257663
2783    -1.3301981407813863  0.91592043062468653  3.3287005544626713
2784    -1.2535829624223633  0.028295294074696137  3.4587781217723252
2785    -0.65479097393623753  0.89147849922347611  3.1138234908124667
2786    -0.60443514308720325  0.022255715004041249  3.2226228152860474
2787    -2.7260195757658097  -0.4420325312847288  2.6422551103918961
2788    -2.8769761946328489  -0.84548087171854236  2.4419604985656016
2789    -2.0979248419494665  -0.45671369754385671  1.8843295835474678
2790    -2.2818663111185438  -0.86705813280325716  1.7099595729463728
2791    -1.6375869880438676  -0.47471805739419426  1.0469255689001893
2792    -1.8601707663612064  -0.89494534664101422  0.90301018473399131
2793    -1.2875256422946091  -0.49340217427696348  0.12621575310177849
2794    -1.5378630601216308  -0.92583097925438329  0.0068973192217217094
2795    -2.0878666289300059  -0.87775743000239648  3.7162704210039577
2796    -2.334853484832236  -1.6751763877564105  3.2821475272696605
2797    -1.3352090293004841  -0.86379066078553868  3.3431282571865917
2798    -1.5065458407627059  -1.6809304722221829  2.8855249662835361
2799    -0.65725440919533473  -0.85011935876184919  3.1278587417099653
2800    -0.73815919864715229  -1.6864180651696392  2.6472186531117257
2801    -3.1017820219370855  -1.1152088276759364  2.1254294929126218
2802    -3.3621531426888871  -1.2211625808548834  1.762385940951257
2803    -2.5512499425556947  -1.1436609602175898  1.4291088918172048
2804    -2.8691892632575478  -1.2485908051978434  1.1072548017684229
2805    -2.186576306588965  -1.1789632579248599  0.67020485038506783
2806    -2.5745279318985612  -1.2834094071189934  0.40190524450530557
2807    -1.9146928997421724  -1.2154783248506402  -0.17692562792911376
2808    -2.3589735498159756  -1.3219635539682608  -0.39373869325225275
2809    -2.7131741759529531  -2.2166064471503497  2.6376116520888226
2810    -3.1536653459372759  -2.4159578996491611  1.7928775089717917
2811    -1.7939033684949277  -2.2383838522787753  2.2284792904845587
2812    -2.1183308446272071  -2.4307191238507544  1.1955339704555321
2813    -0.89650060383578634  -2.2617785059806277  1.9146003433193859
2814    -1.0668114269609299  -2.4489813367175155  0.63038101300314331
2815    -3.624090972494582  -1.1287234071237224  1.4047773430617585
2816    -3.8467903571105531  -0.87580651657376707  1.095119081673197
2817    -3.1876677690902153  -1.1549175907269129  0.79006503238472847
2818    -3.455142431741844  -0.8917021039725993  0.51489364763081047
2819    -2.9618264716685729  -1.1878648215708738  0.13738796925187627
2820    -3.2863557702662289  -0.91371340827478109  -0.091042873242936029
2821    -2.8021440969679654  -1.2216802030824201  -0.60725973958536239
2822    -3.1771974947697235  -0.93866977196470169  -0.78739069491947244
2823    -3.7434243423783182  -2.2535248491283495  1.016247906102776
2824    -4.1859315057868685  -1.7353784883788927  0.38380308814237418
2825    -2.9884930695002923  -2.3006541387311317  0.41285422506408809
2826    -3.5549765609415176  -1.7709182371396652  -0.15919328239000535
2827    -2.3358587195377067  -2.3569582330320484  -0.15539194702672415
2828    -3.1448003782832559  -1.8213066066315369  -0.66408521609050464
2829    -1.7210216293966658  -2.4071190945481007  -0.69220763490646442
2830    -2.9105622982323105  -1.8798122990618027  -1.1703876177558432
2831    -3.9930215893397523  -0.48806337316767251  0.89609004074922138
2832    -4.0431191916483655  -0.026236606965026783  0.81737964270507935
2833    -3.6356191579340997  -0.4943168501521209  0.34085783305456702
2834    -3.6932091810171248  -0.022039474440482154  0.26909689251579499
2835    -3.5066075385696389  -0.50340751020436136  -0.23529650347694425
2836    -3.5772195305751704  -0.017400991148172062  -0.29531902851584391
2837    -3.4259687149419129  -0.51354948971692993  -0.90674298771958595
2838    -3.5129396710032044  -0.012361086894930762  -0.95006588843475592
2839    -4.5148583743502444  -0.95292086152495292  -0.033594336854668803
2840    -4.6068011312488171  -0.031884222517083775  -0.18684277150865958
2841    -4.0254519486976337  -0.96584597525440197  -0.53082504254331564
2842    -4.1340023372880523  -0.026175683361658847  -0.66447798388167489
2843    -3.7935213691061187  -0.98583344898312053  -0.97530877016722295
2844    -3.9553764732623833  -0.019743243473672789  -1.0747236769570911
2845    -3.7222166054032133  -1.010895133537433  -1.4208673008771262
2846    -3.9902137134071203  -0.013170457491324505  -1.4714338692243318
2847    -3.980995819243879  0.44263653844608364  0.88680303495000345
2848    -3.8208285241063105  0.84596861156071324  1.0815386573000474
2849    -3.6251138139901165  0.45685117338151576  0.33286494251741749
2850    -3.4331163257032893  0.86700864125417598  0.50257060863705783
2851    -3.4980981319424234  0.47447703965848081  -0.24168141403672946
2852    -3.2692164135231239  0.89442978286293906  -0.10148079742669902
2853    -3.4196379483271144  0.49307781176799986  -0.91180294873145096
2854    -3.1648221792614151  0.92514046480471002  -0.79578364961864034
2855    -4.504640111673881  0.89953528847156716  -0.04632004059357954
2856    -4.1707936331075235  1.6905016098240353  0.35931375096434026
2857    -4.011599732433492  0.93354445745303849  -0.54122014235030635
2858    -3.5412232222969622  1.7338543120161023  -0.18105822412687167
2859    -3.7762151526895598  0.97580774972773332  -0.98268970031935621
2860    -3.132791480544217  1.7929913600620553  -0.68195863094032882
2861    -3.7038916051683337  1.0171086460659566  -1.425428721252465
2862    -2.9004487606795095  1.8604035046582221  -1.1835478368805663
2863    -3.5910283990903737  1.1152169934373473  1.3935738454505804
2864    -3.1595420448331764  1.1434034404329734  0.7793425173363544
2865    -2.9397793310115263  1.1784731182905597  0.12767328445422879
2866    -2.7860457243455921  1.2149091395600953  -0.61555553212314762
2867    -3.7262192161197265  2.224605787173358  0.98005241890438632
2868    -2.97689234484278  2.2666389986827435  0.37524286729290779
2869    -2.3312759640361711  2.3182431495723193  -0.19087037498103321
2870    -1.7232394668258639  2.3685790930444468  -0.71875863522130612
2871    2.1788671145428493  1.3600722893319674  -1.2594516081409504
2872    2.6614983911636361  1.2523793640148235  -1.4132598980346032
2873    3.075058714032572  0.95997393119568875  -1.5375426407420494
2874    2.0809178036018809  1.3930596416804231  -2.1289846820312777
2875    2.595532917893324  1.2835275985990422  -2.2126006746036135
2876    3.0359174822051584  0.98398412270680735  -2.2787200466211601
2877    2.035862555740624  1.4162440109144374  -3.0356643845555329
2878    2.5724052039428966  1.3063274077689939  -3.0603825708535166
2879    3.0295577059378029  1.0011004465038331  -3.0796330632281297
2880    2.0250000000000004  1.425  -4
2881    2.5696812902054083  1.3151730618618322  -3.9999999999999991
2882    3.0326271631908339  1.0076271631908267  -4
2883    -0.00050921735010369448  2.5173446956383598  -0.95166520418407796
2884    1.6275659808778526  2.4501127392903919  -1.4663778956629561
2885    2.8022236034087733  1.9358029360564486  -1.7248972156516023
2886    -0.00026513506395822034  2.5588175831254878  -1.9750724082545617
2887    1.5484114433778198  2.482978745181343  -2.2379038974141623
2888    2.7889088653686045  1.9975180030506468  -2.348917092357329
2889    -7.598782641164703e-05  2.588592714269593  -2.9929067369957161
2890    1.4890595930239532  2.5020038215105531  -3.0671321825223075
2891    2.8152544366693673  2.0432489672643896  -3.0939144111062653
2892    8.3266726846886741e-16  2.6000000000000005  -4
2893    1.4656819677987714  2.5081350508307869  -3.9999999999999991
2894    2.8344406616862479  2.0611295686741871  -4.0000000000000036
2895    3.3447641942787794  0.5188825846265378  -1.6245347839045914
2896    3.4473160460160281  0.001641718277498417  -1.6467436634386461
2897    3.3237246219337733  0.53149935586796171  -2.3272368291129832
2898    3.431884098303263  0.00050936477819635284  -2.3373635294545911
2899    3.3314698206705713  0.54090432237586139  -3.0942256607893146
2900    3.4412402371940449  -0.0001527304740618074  -3.0968213576785564
2901    3.3402239602930792  0.54459534265517529  -3.9999999999999991
2902    3.4499999524359533  -0.00036818136198918383  -4
2903    3.7583340519972968  1.0500559187403238  -1.9011938119518565
2904    4.1577956700579488  -0.0010198289868990906  -1.9084656006638725
2905    3.8769067002916784  1.1216011075893617  -2.444372489531442
2906    4.3774355493775152  -0.0011624389636574195  -2.4396650377643763
2907    4.0009752779671732  1.1853008084604824  -3.1220535989932929
2908    4.5684069781183725  -0.0010119221157945391  -3.1188918965862036
2909    4.0583693458889636  1.2128287655877337  -4.0000000000000009
2910    4.6499997274408118  -0.00089020958047192345  -4.0000000000000044
2911    3.3452411637015542  -0.51664884686782431  -1.6212537703710277
2912    3.0755740394934623  -0.95943667444534042  -1.5307002378388512
2913    3.3238446691276651  -0.53086908812143974  -2.3254713870489061
2914    3.0359112623936859  -0.98409119419869251  -2.2750230138494092
2915    3.3313504172828048  -0.54120436488823975  -3.0937074968165614
2916    3.0292648841484233  -1.0014460432254575  -3.078544813831499
2917    3.3400170742131472  -0.54519586078463678  -4
2918    3.0322467847377608  -1.0080073981055166  -3.9999999999999991
2919    3.7500055973802251  -1.0768326570821551  -1.8958817559032226
2920    2.8060095718117908  -1.9369674826693775  -1.7187079203186517
2921    3.8712762222306041  -1.1383641405177416  -2.4415004399338498
2922    2.7899123716172727  -1.9987612955879686  -2.3458010327261865
2923    3.9984482175670255  -1.1915675434955857  -3.1212078026443448
2924    2.814286362973546  -2.0441920744156952  -3.0930440807721316
2925    4.0573266464446789  -1.2142367120386519  -3.9999999999999996
2926    2.8327238484174484  -2.0618673313208689  -3.9999999999999982
2927    2.6622599295119813  -1.2525836944902717  -1.4019609055996058
2928    2.1797725345083787  -1.3600120472673598  -1.2453194489554358
2929    2.5955521099238941  -1.2838908217780964  -2.2064575100221808
2930    2.0808574390199861  -1.3930330819159955  -2.1213574139549976
2931    2.5720222038992011  -1.3066397095839635  -3.0585664321666903
2932    2.0352817718038674  -1.4162373083273032  -3.0334209904268969
2933    2.5691773218085934  -1.3154240695899106  -4.0000000000000009
2934    2.0242636373005896  -1.424999809743837  -4.0000000000000036
2935    1.6449259551652007  -2.4257580613376128  -1.4679384111682348
2936    -0.00078966828843195225  -2.5173422131776388  -0.94040785361689361
2937    1.5577582157754659  -2.4688219190795921  -2.2400753199020427
2938    -0.0011995949704303177  -2.5588221991278197  -1.9703430598773513
2939    1.4908961226559725  -2.4978507712010196  -3.0680445031545518
2940    -0.0014694206627401396  -2.5885952079277619  -2.9917928795367978
2941    1.4641961978326097  -2.5084938847797504  -4.0000000000000018
2942    -0.0015665957974846378  -2.5999998524458752  -3.9999999999999964
2943    1.6986764285007587  -1.2520507771595863  -1.0885107592314693
2944    1.2877431368299035  -0.95911314066436837  -0.96070935572561145
2945    1.5668367107695629  -1.2832418845411926  -2.0359759362101131
2946    1.1278205750793309  -0.98326736032765671  -1.9677839614092938
2947    1.4987998139921177  -1.306036860465968  -3.0081534393015592
2948    1.0421642269639833  -1.0004461253146104  -2.9882576078462426
2949    1.4794744647212337  -1.3148716438032602  -3.9999999999999978
2950    1.0167324712088652  -1.0069863903675302  -3.999999999999992
2951    -0.00023527990149229913  -2.2120254107715187  0.48000354492772368
2952    -0.00015346399911041544  -1.5703644523807718  1.3676161113835033
2953    -0.00077216663736731118  -2.1002907892871807  -1.095940912950826
2954    -0.00062478125811768481  -1.4424443240482472  -0.53727140726213074
2955    -0.0011976346935573812  -1.99603138121295  -2.7124152948007167
2956    -0.0010133621474455179  -1.3411815996861722  -2.5317041604514552
2957    -0.0013707713227918833  -1.9499998708901358  -3.9999999999999987
2958    -0.0011749468481079273  -1.2999998893344036  -3.9999999999999964
2959    1.0202219832552364  -0.517006013282719  -0.87170582326614976
2960    0.91836410878300967  0.00074694858971984662  -0.84933131706291554
2961    0.84127726354186982  -0.53014961882015843  -1.9179938508618344
2962    0.73351587569897292  0.0011169310731463933  -1.9076876077254716
2963    0.7408240341321084  -0.53997371862152088  -2.9732518339569003
2964    0.63138440958692188  0.0011504703523926157  -2.9705847686335227
2965    0.70943465536469019  -0.54383567203376226  -3.9999999999999996
2966    0.60000042807634979  0.0011045439876533059  -3.9999999999999982
2967    -0.00016745179807288994  -0.78748573503639252  1.7415485444837955
2968    -0.00024392699935392058  0.010924974741264783  1.7730527789001906
2969    -0.00053990097365610437  -0.72291089040692491  -0.3276947555735642
2970    -0.00049205026093920509  0.0058266868985621945  -0.32103851791989724
2971    -0.00084969729302299644  -0.67117919606415999  -2.4684638827294254
2972    -0.00069760417977038358  0.0016995024529038449  -2.4686362343932995
2973    -0.00097912237342332939  -0.64999990777866667  -3.9999999999999996
2974    -0.00078329789873851641  7.3777067566282994e-08  -3.999999999999992
2975    1.0188123381597705  0.51896798135272137  -0.87751133697687844
2976    1.2858931279075876  0.96157331901040932  -0.97133775918157483
2977    0.84104126140207691  0.53245777541113037  -1.9211659699676176
2978    1.1277972333614608  0.98551286514550496  -1.9735459039376062
2979    0.74142801353001231  0.54217184131881535  -2.9741928364308219
2980    1.043300229614605  1.0022373981833335  -2.9899576453930723
2981    0.71035977884009704  0.54590082979490417  -4
2982    1.0182741171477196  1.0085276380919339  -4.0000000000000018
2983    -0.00026419300761701024  0.80880701864953908  1.7319590949880783
2984    -0.00031165785806913648  1.5861600453433584  1.3503936180710907
2985    -0.00041156394173799422  0.73443036906722758  -0.33286709621362132
2986    -0.00034719545494496518  1.4508687077014017  -0.54645673702875253
2987    -0.00053543872916651629  0.67456999405370899  -2.4699845586610416
2988    -0.00037831010119045161  1.3436388157999868  -2.5343832149667196
2989    -0.00058747342405372077  0.65000005533279914  -4.0000000000000018
2990    -0.00039164894936905004  1.3000000368885338  -4.0000000000000036
2991    1.6971143935420763  1.2535057458345322  -1.1023987537017095
2992    1.5668122150715755  1.2844579723244873  -2.0435640011565575
2993    1.4997565135405662  1.3069012007085878  -3.0104043612780891
2994    1.4807760086518333  1.3155555775912062  -4.0000000000000009
2995    -0.0005478494430267533  2.2174414962047648  0.45898811206214712
2996    -0.00038759449734228693  2.1030292939846476  -1.106913369608387
2997    -0.00025259560064206515  1.996798936463289  -2.715566475033321
2998    -0.00019582447468446951  1.9500000184442645  -4
2999    -2.1745323971674453  1.3600371317993294  -1.2552253962459565
3000    -1.6939880118496009  1.2548191104257811  -1.0982907343363744
3001    -1.284285690402114  0.96445845218301496  -0.96843673276538622
3002    -2.0787522025320282  1.3930427409668535  -2.1267358566962624
3003    -1.5649980448197538  1.28480589015374  -2.0413423165067015
3004    -1.1265239838239818  0.98630271505289813  -1.9719965750363073
3005    -2.0352613904696315  1.4162394669501677  -3.0350095509874691
3006    -1.4989173437455066  1.3066954706117915  -3.0097499655493096
3007    -1.0422914265840275  1.0017614625671756  -2.9895053172108867
3008    -2.0250000000000004  1.425  -3.9999999999999987
3009    -1.4803187097945938  1.3151730618618316  -3.9999999999999982
3010    -1.0173728368091728  1.0076271631908271  -3.9999999999999947
3011    -1.0183583431252632  0.52424770535815846  -0.87601487052902349
3012    -0.91837181550367852  0.0072179786692524554  -0.84929459230788795
3013    -0.84055681512856228  0.53424893010000807  -1.9203647000978421
3014    -0.73351860824934123  0.003293203809287229  -1.9076670971684
3015    -0.74087950481570219  0.54168298496614864  -2.9739584755456967
3016    -0.63138468702450745  0.00061960455351026122  -2.9705785938833253
3017    -0.7097760397069186  0.54459534265517495  -4.0000000000000027
3018    -0.60000004756403713  -0.00036818136199090468  -4.0000000000000044
3019    -1.0206127840713324  -0.51170029085094526  -0.87305210753354157
3020    -1.2893706728908552  -0.95626660570476474  -0.96348641700543713
3021    -0.84171267624611945  -0.52837044247049614  -1.9187113671941478
3022    -1.1291634941617192  -0.98255968735096544  -1.9692678115880402
3023    -0.74133337231821272  -0.54050488162019905  -2.9734610049822363
3024    -1.0432786371976923  -1.0010325196616578  -2.9886909705711928
3025    -0.70998292578685618  -0.545195860784637  -4
3026    -1.0177532152622453  -1.0080073981055166  -4
3027    -1.7026132230332687  -1.2509186522145275  -1.0929136398422408
3028    -2.1855555541173159  -1.360115017425056  -1.2501762748869312
3029    -1.5695022737742581  -1.2830723569966098  -2.0383584950997133
3030    -2.084488569402847  -1.3930835027377035  -2.1239442376975415
3031    -1.500519082111514  -1.3064154818905251  -3.0088555097896075
3032    -2.0373547781158017  -1.4162510776095241  -3.0341747549724447
3033    -1.4808226781914056  -1.3154240695899104  -4
3034    -2.0257363626994032  -1.4249998097438379  -3.9999999999999991
3035    -2.6676602485886596  -1.2544032670630811  -1.4047325905845605
3036    -3.0794712265665365  -0.96361599783434315  -1.5311160170017837
3037    -2.5989628622430394  -1.2844198357699772  -2.2079473678454913
3038    -3.0383549908746237  -0.98551408493873649  -2.2752554524939406
3039    -2.5739514528375826  -1.3063644483133046  -3.0590033960800165
3040    -3.0306775156356132  -1.0010691701568166  -3.0786148354689953
3041    -2.5705255352787688  -1.3148716438032586  -3.9999999999999996
3042    -3.0332675287911375  -1.0069863903675227  -4.0000000000000018
3043    -1.6362481893960683  -2.4529998082935851  -1.4586466717290922
3044    -2.8082557699960558  -1.9419566990520758  -1.7176153921827422
3045    -1.5541727037495889  -2.4842908557634558  -2.234634021699244
3046    -2.7927620977323517  -2.0002576146715505  -2.3452834441679205
3047    -1.4921791570174985  -2.502188341162138  -3.0663562695463886
3048    -2.8175724042871186  -2.0434783832988836  -3.0929066785080988
3049    -1.4676515337600744  -2.5078883686940503  -3.9999999999999973
3050    -2.8361778125062784  -2.0603823423127392  -3.9999999999999947
3051    -3.3471165707847828  -0.52394740335157231  -1.6209983383575683
3052    -3.4473267564476102  -0.0073167231205985006  -1.646730860141681
3053    -3.325037814191524  -0.5337287565621347  -2.3253127760546093
3054    -3.4318887111750582  -0.0030146190545912582  -2.3373554035728072
3055    -3.3320736653968099  -0.54099202192930218  -3.0936565726542415
3056    -3.4412411210466916  -1.9341188108146223e-05  -3.0968187173262187
3057    -3.3405653446353107  -0.54383567203376137  -4.0000000000000009
3058    -3.4499995719236471  0.0011045439876523067  -4.0000000000000071
3059    -3.7618165055836172  -1.0573610654803334  -1.8973773309730964
3060    -4.1578042365476309  -0.007039535764844132  -1.908462579172822
3061    -3.8791940448747559  -1.1245692201060657  -2.4424519134234699
3062    -4.3774382153892102  -0.0019344810284199765  -2.43966382529198
3063    -4.0023903839532489  -1.1850433563378264  -3.1215173643813907
3064    -4.5684058149870337  0.0015584635038055072  -3.1188916260712305
3065    -4.0594466834957181  -1.2113072330988146  -3.9999999999999991
3066    -4.6499972003962675  0.0028530546176908089  -3.9999999999999991
3067    -3.3428524044626653  0.51161172387878051  -1.6247139164885438
3068    -3.0712326090327533  0.95578998277006322  -1.5370900445836368
3069    -3.322496063415  0.52862737904285428  -2.3273505219180657
3070    -3.0335688986881957  0.98249651557207862  -2.278467460558574
3071    -3.3307112330315878  0.54107400507622672  -3.0942626035714169
3072    -3.0282577545279583  1.0013718163122161  -3.0795570586588865
3073    -3.3396402211599003  0.54590082979490506  -4.0000000000000009
3074    -3.0317258828522693  1.0085276380919375  -4.0000000000000071
3075    -3.746358824016538  1.0693897277682478  -1.8998594705562344
3076    -2.7999789586963391  1.9308382473122161  -1.7259862093521214
3077    -3.868808712134058  1.135336324631838  -2.44351790462576
3078    -2.7860545797038299  1.996034088449939  -2.3494341157595211
3079    -3.9968397553768589  1.1918460401720721  -3.1217745666955197
3080    -2.8119588902056454  2.0439682771451477  -3.0940519235073038
3081    -4.056050439600912  1.2158164779042959  -4
3082    -2.8309751567054415  2.0626180624716053  -4.0000000000000009
3083    -2.6569451362127361  1.250480275154304  -1.4108401372668471
3084    -2.5929929090895376  1.2828724738217379  -2.2113023500952989
3085    -2.5713616563450112  1.3064446148661282  -3.0600022709068879
3086    -2.5692239913481689  1.3155555775912064  -3.9999999999999969
3087    -1.6378607895499822  2.4230377656387296  -1.4764059442055399
3088    -1.5537251233546383  2.4675523825037553  -2.2437822915995982
3089    -1.4895312694307554  2.4975872949760149  -3.068957151999185
3090    -1.4639780289692572  2.5086068543919917  -3.9999999999999987
3091    2.0250000000000004  1.4250000000000003  -5
3092    2.5696812902054069  1.3151730618618327  -5
3093    3.0326271631908295  1.0076271631908307  -5
3094    2.0250000000000004  1.4250000000000003  -6
3095    2.5696812902054069  1.3151730618618327  -6
3096    3.032627163190829  1.0076271631908305  -6
3097    2.0250000000000004  1.4250000000000003  -7
3098    2.5696812902054065  1.3151730618618327  -7
3099    3.0326271631908286  1.0076271631908298  -7
3100    2.0250000000000004  1.4250000000000003  -8
3101    2.5696812902054065  1.3151730618618325  -8
3102    3.0326271631908277  1.0076271631908289  -8
3103    4.4408920985006262e-16  2.6000000000000001  -5
3104    1.4656819677987694  2.5081350508307878  -5
3105    2.8344406616862403  2.0611295686741915  -5
3106    4.4408920985006262e-16  2.6000000000000001  -6
3107    1.4656819677987696  2.5081350508307878  -6
3108    2.8344406616862408  2.0611295686741906  -6
3109    4.4408920985006262e-16  2.6000000000000001  -7
3110    1.4656819677987691  2.5081350508307878  -7
3111    2.8344406616862408  2.0611295686741897  -7
3112    4.4408920985006262e-16  2.6000000000000001  -8
3113    1.4656819677987696  2.5081350508307878  -8
3114    2.8344406616862412  2.061129568674188  -8
3115    3.340223960293081  0.54459534265517495  -5
3116    3.4499999524359604  -0.00036818136198979445  -5
3117    3.340223960293081  0.54459534265517495  -6
3118    3.4499999524359604  -0.00036818136198979445  -6
3119    3.340223960293081  0.54459534265517495  -7
3120    3.4499999524359604  -0.00036818136198979445  -7
3121    3.340223960293081  0.54459534265517495  -8
3122    3.4499999524359604  -0.00036818136198979445  -8
3123    4.058369345888968  1.212828765587735  -5
3124    4.6499997274408278  -0.00089020958046837073  -5
3125    4.058369345888968  1.212828765587735  -6
3126    4.6499997274408278  -0.00089020958046903687  -6
3127    4.0583693458889671  1.2128287655877346  -7
3128    4.6499997274408278  -0.00089020958047014709  -7
3129    4.0583693458889671  1.2128287655877343  -8
3130    4.6499997274408278  -0.0008902095804717014  -8
3131    3.340017074213145  -0.54519586078463689  -5
3132    3.0322467847377563  -1.0080073981055171  -5
3133    3.340017074213145  -0.54519586078463689  -6
3134    3.0322467847377563  -1.0080073981055171  -6
3135    3.340017074213145  -0.54519586078463689  -7
3136    3.0322467847377563  -1.0080073981055171  -7
3137    3.3400170742131445  -0.545195860784637  -8
3138    3.0322467847377563  -1.0080073981055175  -8
3139    4.0573266464446798  -1.2142367120386528  -5
3140    2.8327238484174559  -2.0618673313208702  -5
3141    4.0573266464446798  -1.2142367120386528  -6
3142    2.8327238484174568  -2.0618673313208697  -6
3143    4.0573266464446807  -1.2142367120386526  -7
3144    2.8327238484174577  -2.0618673313208693  -7
3145    4.0573266464446807  -1.2142367120386526  -8
3146    2.8327238484174595  -2.0618673313208684  -8
3147    2.5691773218085956  -1.3154240695899106  -5
3148    2.0242636373005971  -1.4249998097438388  -5
3149    2.5691773218085956  -1.3154240695899106  -6
3150    2.0242636373005967  -1.4249998097438388  -6
3151    2.5691773218085956  -1.3154240695899106  -7
3152    2.0242636373005962  -1.424999809743839  -7
3153    2.5691773218085951  -1.3154240695899111  -8
3154    2.0242636373005953  -1.4249998097438397  -8
3155    1.4641961978326101  -2.5084938847797482  -5
3156    -0.0015665957974791145  -2.5999998524458698  -5
3157    1.4641961978326101  -2.5084938847797482  -6
3158    -0.001566595797480419  -2.5999998524458694  -6
3159    1.4641961978326097  -2.5084938847797482  -7
3160    -0.0015665957974825007  -2.599999852445869  -7
3161    1.4641961978326088  -2.5084938847797487  -8
3162    -0.0015665957974859701  -2.599999852445869  -8
3163    1.4794744647212337  -1.3148716438032595  -5
3164    1.0167324712088663  -1.0069863903675262  -5
3165    1.4794744647212337  -1.3148716438032595  -6
3166    1.0167324712088659  -1.0069863903675262  -6
3167    1.4794744647212335  -1.3148716438032595  -7
3168    1.0167324712088657  -1.0069863903675262  -7
3169    1.4794744647212335  -1.3148716438032597  -8
3170    1.0167324712088655  -1.0069863903675262  -8
3171    -0.0013707713227922749  -1.9499998708901352  -5
3172    -0.0011749468481076083  -1.2999998893344011  -5
3173    -0.0013707713227922131  -1.9499998708901352  -6
3174    -0.0011749468481078167  -1.2999998893344009  -6
3175    -0.0013707713227923541  -1.9499998708901352  -7
3176    -0.0011749468481077479  -1.2999998893344014  -7
3177    -0.0013707713227922723  -1.9499998708901356  -8
3178    -0.001174946848107707  -1.299999889334402  -8
3179    0.70943465536469119  -0.54383567203376204  -5
3180    0.60000042807635279  0.0011045439876539789  -5
3181    0.70943465536469119  -0.54383567203376204  -6
3182    0.60000042807635268  0.001104543987653861  -6
3183    0.70943465536469119  -0.54383567203376215  -7
3184    0.60000042807635257  0.0011045439876537153  -7
3185    0.70943465536469119  -0.54383567203376215  -8
3186    0.60000042807635234  0.0011045439876535834  -8
3187    -0.00097912237342310821  -0.64999990777866801  -5
3188    -0.00078329789873846794  7.3777065207059067e-08  -5
3189    -0.00097912237342309694  -0.6499999077786679  -6
3190    -0.00078329789873849602  7.3777065512370399e-08  -6
3191    -0.00097912237342307872  -0.6499999077786679  -7
3192    -0.0007832978987384687  7.3777066039726336e-08  -7
3193    -0.00097912237342305444  -0.64999990777866756  -8
3194    -0.00078329789873849689  7.377706690014918e-08  -8
3195    0.71035977884009738  0.54590082979490484  -5
3196    1.0182741171477208  1.0085276380919361  -5
3197    0.71035977884009738  0.54590082979490484  -6
3198    1.0182741171477208  1.0085276380919361  -6
3199    0.71035977884009738  0.54590082979490484  -7
3200    1.0182741171477205  1.0085276380919361  -7
3201    0.71035977884009727  0.54590082979490484  -8
3202    1.0182741171477203  1.0085276380919361  -8
3203    -0.00058747342405386475  0.65000005533279903  -5
3204    -0.00039164894936909861  1.3000000368885329  -5
3205    -0.00058747342405385261  0.65000005533279903  -6
3206    -0.00039164894936905004  1.3000000368885329  -6
3207    -0.00058747342405381965  0.65000005533279903  -7
3208    -0.00039164894936914013  1.3000000368885329  -7
3209    -0.00058747342405386649  0.65000005533279914  -8
3210    -0.00039164894936910533  1.3000000368885329  -8
3211    1.4807760086518331  1.3155555775912051  -5
3212    1.4807760086518331  1.3155555775912051  -6
3213    1.4807760086518331  1.3155555775912051  -7
3214    1.4807760086518327  1.3155555775912049  -8
3215    -0.00019582447468450333  1.9500000184442663  -5
3216    -0.00019582447468449032  1.9500000184442661  -6
3217    -0.00019582447468441134  1.9500000184442658  -7
3218    -0.00019582447468466371  1.9500000184442652  -8
3219    -2.0250000000000004  1.4250000000000003  -5
3220    -1.4803187097945933  1.3151730618618327  -5
3221    -1.0173728368091697  1.0076271631908311  -5
3222    -2.0250000000000004  1.4250000000000003  -6
3223    -1.4803187097945933  1.3151730618618327  -6
3224    -1.0173728368091697  1.0076271631908316  -6
3225    -2.0250000000000004  1.4250000000000003  -7
3226    -1.4803187097945933  1.3151730618618329  -7
3227    -1.017372836809169  1.007627163190832  -7
3228    -2.0250000000000004  1.4250000000000003  -8
3229    -1.4803187097945929  1.3151730618618329  -8
3230    -1.0173728368091679  1.0076271631908329  -8
3231    -0.70977603970691983  0.54459534265517462  -5
3232    -0.60000004756404168  -0.00036818136199009976  -5
3233    -0.70977603970691983  0.54459534265517462  -6
3234    -0.60000004756404191  -0.0003681813619900165  -6
3235    -0.70977603970691994  0.54459534265517462  -7
3236    -0.60000004756404213  -0.00036818136198987772  -7
3237    -0.70977603970692016  0.54459534265517462  -8
3238    -0.60000004756404257  -0.00036818136198968343  -8
3239    -0.70998292578685618  -0.54519586078463711  -5
3240    -1.0177532152622448  -1.0080073981055171  -5
3241    -0.70998292578685618  -0.54519586078463711  -6
3242    -1.0177532152622448  -1.0080073981055171  -6
3243    -0.70998292578685618  -0.545195860784637  -7
3244    -1.0177532152622446  -1.0080073981055169  -7
3245    -0.70998292578685607  -0.545195860784637  -8
3246    -1.0177532152622444  -1.0080073981055166  -8
3247    -1.4808226781914056  -1.3154240695899106  -5
3248    -2.025736362699404  -1.4249998097438388  -5
3249    -1.4808226781914056  -1.3154240695899106  -6
3250    -2.025736362699404  -1.424999809743839  -6
3251    -1.4808226781914058  -1.3154240695899106  -7
3252    -2.0257363626994049  -1.4249998097438392  -7
3253    -1.480822678191406  -1.3154240695899106  -8
3254    -2.0257363626994058  -1.4249998097438397  -8
3255    -2.5705255352787684  -1.3148716438032582  -5
3256    -3.0332675287911357  -1.0069863903675245  -5
3257    -2.5705255352787684  -1.3148716438032582  -6
3258    -3.0332675287911357  -1.0069863903675245  -6
3259    -2.5705255352787684  -1.3148716438032582  -7
3260    -3.0332675287911353  -1.0069863903675245  -7
3261    -2.5705255352787675  -1.3148716438032579  -8
3262    -3.0332675287911339  -1.0069863903675245  -8
3263    -1.4676515337600744  -2.5078883686940494  -5
3264    -2.8361778125062793  -2.0603823423127343  -5
3265    -1.4676515337600746  -2.5078883686940494  -6
3266    -2.8361778125062802  -2.0603823423127352  -6
3267    -1.4676515337600748  -2.5078883686940499  -7
3268    -2.8361778125062806  -2.0603823423127361  -7
3269    -1.4676515337600748  -2.507888368694049  -8
3270    -2.836177812506282  -2.0603823423127379  -8
3271    -3.3405653446353103  -0.54383567203376104  -5
3272    -3.4499995719236476  0.0011045439876536736  -5
3273    -3.3405653446353103  -0.54383567203376093  -6
3274    -3.4499995719236476  0.001104543987653972  -6
3275    -3.3405653446353103  -0.54383567203376082  -7
3276    -3.4499995719236471  0.0011045439876545202  -7
3277    -3.3405653446353094  -0.5438356720337606  -8
3278    -3.4499995719236458  0.0011045439876553598  -8
3279    -4.0594466834957208  -1.2113072330988144  -5
3280    -4.649997200396272  0.0028530546176892546  -5
3281    -4.0594466834957199  -1.2113072330988144  -6
3282    -4.6499972003962711  0.0028530546176896987  -6
3283    -4.0594466834957199  -1.2113072330988144  -7
3284    -4.6499972003962702  0.0028530546176901428  -7
3285    -4.059446683495719  -1.2113072330988139  -8
3286    -4.6499972003962675  0.002853054617691031  -8
3287    -3.3396402211599026  0.54590082979490495  -5
3288    -3.0317258828522791  1.008527638091937  -5
3289    -3.3396402211599026  0.54590082979490495  -6
3290    -3.0317258828522791  1.008527638091937  -6
3291    -3.3396402211599026  0.54590082979490484  -7
3292    -3.0317258828522791  1.008527638091937  -7
3293    -3.3396402211599021  0.54590082979490484  -8
3294    -3.0317258828522791  1.008527638091937  -8
3295    -4.0560504396009085  1.2158164779042959  -5
3296    -2.8309751567054273  2.0626180624716053  -5
3297    -4.0560504396009085  1.2158164779042959  -6
3298    -2.8309751567054269  2.0626180624716048  -6
3299    -4.0560504396009076  1.2158164779042957  -7
3300    -2.8309751567054238  2.0626180624716048  -7
3301    -4.0560504396009076  1.2158164779042959  -8
3302    -2.8309751567054207  2.0626180624716044  -8
3303    -2.5692239913481667  1.3155555775912058  -5
3304    -2.5692239913481667  1.3155555775912058  -6
3305    -2.5692239913481667  1.315555577591206  -7
3306    -2.5692239913481663  1.315555577591206  -8
3307    -1.4639780289692585  2.5086068543919908  -5
3308    -1.4639780289692585  2.5086068543919908  -6
3309    -1.4639780289692583  2.5086068543919917  -7
3310    -1.4639780289692577  2.5086068543919913  -8
# Generated by tetgen uterus_scaffold_4.ele -rk 
