11232  4  0
    0       0     1     5    16
    1       0     5     4    16
    2       1     5    16    17
    3       5     4    16    20
    4       5    16    17    21
    5       5    16    21    20
    6       1     2     6    17
    7       1     6     5    17
    8       2     6    17    18
    9       6     5    17    21
   10       6    17    18    22
   11       6    17    22    21
   12       2     3     7    18
   13       2     7     6    18
   14       3     7    18    19
   15       7     6    18    22
   16       7    18    19    23
   17       7    18    23    22
   18       4     5     9    20
   19       4     9     8    20
   20       5     9    20    21
   21       9     8    20    24
   22       9    20    21    25
   23       9    20    25    24
   24       5     6    10    21
   25       5    10     9    21
   26       6    10    21    22
   27      10     9    21    25
   28      10    21    22    26
   29      10    21    26    25
   30       6     7    11    22
   31       6    11    10    22
   32       7    11    22    23
   33      11    10    22    26
   34      11    22    23    27
   35      11    22    27    26
   36       8     9    13    24
   37       8    13    12    24
   38       9    13    24    25
   39      13    12    24    28
   40      13    24    25    29
   41      13    24    29    28
   42       9    10    14    25
   43       9    14    13    25
   44      10    14    25    26
   45      14    13    25    29
   46      14    25    26    30
   47      14    25    30    29
   48      10    11    15    26
   49      10    15    14    26
   50      11    15    26    27
   51      15    14    26    30
   52      15    26    27    31
   53      15    26    31    30
   54       3    32    35    19
   55       3    35     7    19
   56      32    35    19    44
   57      35     7    19    23
   58      35    19    44    47
   59      35    19    47    23
   60      32    33    36    44
   61      32    36    35    44
   62      33    36    44    45
   63      36    35    44    47
   64      36    44    45    48
   65      36    44    48    47
   66      33    34    37    45
   67      33    37    36    45
   68      34    37    45    46
   69      37    36    45    48
   70      37    45    46    49
   71      37    45    49    48
   72       7    35    38    23
   73       7    38    11    23
   74      35    38    23    47
   75      38    11    23    27
   76      38    23    47    50
   77      38    23    50    27
   78      35    36    39    47
   79      35    39    38    47
   80      36    39    47    48
   81      39    38    47    50
   82      39    47    48    51
   83      39    47    51    50
   84      36    37    40    48
   85      36    40    39    48
   86      37    40    48    49
   87      40    39    48    51
   88      40    48    49    52
   89      40    48    52    51
   90      11    38    41    27
   91      11    41    15    27
   92      38    41    27    50
   93      41    15    27    31
   94      41    27    50    53
   95      41    27    53    31
   96      38    39    42    50
   97      38    42    41    50
   98      39    42    50    51
   99      42    41    50    53
  100      42    50    51    54
  101      42    50    54    53
  102      39    40    43    51
  103      39    43    42    51
  104      40    43    51    52
  105      43    42    51    54
  106      43    51    52    55
  107      43    51    55    54
  108      34    56    59    46
  109      34    59    37    46
  110      56    59    46    68
  111      59    37    46    49
  112      59    46    68    71
  113      59    46    71    49
  114      56    57    60    68
  115      56    60    59    68
  116      57    60    68    69
  117      60    59    68    71
  118      60    68    69    72
  119      60    68    72    71
  120      57    58    61    69
  121      57    61    60    69
  122      58    61    69    70
  123      61    60    69    72
  124      61    69    70    73
  125      61    69    73    72
  126      37    59    62    49
  127      37    62    40    49
  128      59    62    49    71
  129      62    40    49    52
  130      62    49    71    74
  131      62    49    74    52
  132      59    60    63    71
  133      59    63    62    71
  134      60    63    71    72
  135      63    62    71    74
  136      63    71    72    75
  137      63    71    75    74
  138      60    61    64    72
  139      60    64    63    72
  140      61    64    72    73
  141      64    63    72    75
  142      64    72    73    76
  143      64    72    76    75
  144      40    62    65    52
  145      40    65    43    52
  146      62    65    52    74
  147      65    43    52    55
  148      65    52    74    77
  149      65    52    77    55
  150      62    63    66    74
  151      62    66    65    74
  152      63    66    74    75
  153      66    65    74    77
  154      66    74    75    78
  155      66    74    78    77
  156      63    64    67    75
  157      63    67    66    75
  158      64    67    75    76
  159      67    66    75    78
  160      67    75    76    79
  161      67    75    79    78
  162      58    80    83    70
  163      58    83    61    70
  164      80    83    70    92
  165      83    61    70    73
  166      83    70    92    95
  167      83    70    95    73
  168      80    81    84    92
  169      80    84    83    92
  170      81    84    92    93
  171      84    83    92    95
  172      84    92    93    96
  173      84    92    96    95
  174      81    82    85    93
  175      81    85    84    93
  176      82    85    93    94
  177      85    84    93    96
  178      85    93    94    97
  179      85    93    97    96
  180      61    83    86    73
  181      61    86    64    73
  182      83    86    73    95
  183      86    64    73    76
  184      86    73    95    98
  185      86    73    98    76
  186      83    84    87    95
  187      83    87    86    95
  188      84    87    95    96
  189      87    86    95    98
  190      87    95    96    99
  191      87    95    99    98
  192      84    85    88    96
  193      84    88    87    96
  194      85    88    96    97
  195      88    87    96    99
  196      88    96    97   100
  197      88    96   100    99
  198      64    86    89    76
  199      64    89    67    76
  200      86    89    76    98
  201      89    67    76    79
  202      89    76    98   101
  203      89    76   101    79
  204      86    87    90    98
  205      86    90    89    98
  206      87    90    98    99
  207      90    89    98   101
  208      90    98    99   102
  209      90    98   102   101
  210      87    88    91    99
  211      87    91    90    99
  212      88    91    99   100
  213      91    90    99   102
  214      91    99   100   103
  215      91    99   103   102
  216      82   104   107    94
  217      82   107    85    94
  218     104   107    94   116
  219     107    85    94    97
  220     107    94   116   119
  221     107    94   119    97
  222     104   105   108   116
  223     104   108   107   116
  224     105   108   116   117
  225     108   107   116   119
  226     108   116   117   120
  227     108   116   120   119
  228     105   106   109   117
  229     105   109   108   117
  230     106   109   117   118
  231     109   108   117   120
  232     109   117   118   121
  233     109   117   121   120
  234      85   107   110    97
  235      85   110    88    97
  236     107   110    97   119
  237     110    88    97   100
  238     110    97   119   122
  239     110    97   122   100
  240     107   108   111   119
  241     107   111   110   119
  242     108   111   119   120
  243     111   110   119   122
  244     111   119   120   123
  245     111   119   123   122
  246     108   109   112   120
  247     108   112   111   120
  248     109   112   120   121
  249     112   111   120   123
  250     112   120   121   124
  251     112   120   124   123
  252      88   110   113   100
  253      88   113    91   100
  254     110   113   100   122
  255     113    91   100   103
  256     113   100   122   125
  257     113   100   125   103
  258     110   111   114   122
  259     110   114   113   122
  260     111   114   122   123
  261     114   113   122   125
  262     114   122   123   126
  263     114   122   126   125
  264     111   112   115   123
  265     111   115   114   123
  266     112   115   123   124
  267     115   114   123   126
  268     115   123   124   127
  269     115   123   127   126
  270     106   128   131   118
  271     106   131   109   118
  272     128   131   118   140
  273     131   109   118   121
  274     131   118   140   143
  275     131   118   143   121
  276     128   129   132   140
  277     128   132   131   140
  278     129   132   140   141
  279     132   131   140   143
  280     132   140   141   144
  281     132   140   144   143
  282     129   130   133   141
  283     129   133   132   141
  284     130   133   141   142
  285     133   132   141   144
  286     133   141   142   145
  287     133   141   145   144
  288     109   131   134   121
  289     109   134   112   121
  290     131   134   121   143
  291     134   112   121   124
  292     134   121   143   146
  293     134   121   146   124
  294     131   132   135   143
  295     131   135   134   143
  296     132   135   143   144
  297     135   134   143   146
  298     135   143   144   147
  299     135   143   147   146
  300     132   133   136   144
  301     132   136   135   144
  302     133   136   144   145
  303     136   135   144   147
  304     136   144   145   148
  305     136   144   148   147
  306     112   134   137   124
  307     112   137   115   124
  308     134   137   124   146
  309     137   115   124   127
  310     137   124   146   149
  311     137   124   149   127
  312     134   135   138   146
  313     134   138   137   146
  314     135   138   146   147
  315     138   137   146   149
  316     138   146   147   150
  317     138   146   150   149
  318     135   136   139   147
  319     135   139   138   147
  320     136   139   147   148
  321     139   138   147   150
  322     139   147   148   151
  323     139   147   151   150
  324     130   152   155   142
  325     130   155   133   142
  326     152   155   142   164
  327     155   133   142   145
  328     155   142   164   167
  329     155   142   167   145
  330     152   153   156   164
  331     152   156   155   164
  332     153   156   164   165
  333     156   155   164   167
  334     156   164   165   168
  335     156   164   168   167
  336     153   154   157   165
  337     153   157   156   165
  338     154   157   165   166
  339     157   156   165   168
  340     157   165   166   169
  341     157   165   169   168
  342     133   155   158   145
  343     133   158   136   145
  344     155   158   145   167
  345     158   136   145   148
  346     158   145   167   170
  347     158   145   170   148
  348     155   156   159   167
  349     155   159   158   167
  350     156   159   167   168
  351     159   158   167   170
  352     159   167   168   171
  353     159   167   171   170
  354     156   157   160   168
  355     156   160   159   168
  356     157   160   168   169
  357     160   159   168   171
  358     160   168   169   172
  359     160   168   172   171
  360     136   158   161   148
  361     136   161   139   148
  362     158   161   148   170
  363     161   139   148   151
  364     161   148   170   173
  365     161   148   173   151
  366     158   159   162   170
  367     158   162   161   170
  368     159   162   170   171
  369     162   161   170   173
  370     162   170   171   174
  371     162   170   174   173
  372     159   160   163   171
  373     159   163   162   171
  374     160   163   171   172
  375     163   162   171   174
  376     163   171   172   175
  377     163   171   175   174
  378     154   176   178   166
  379     154   178   157   166
  380     176   178   166   184
  381     178   157   166   169
  382     178   166   184   186
  383     178   166   186   169
  384     176   177   179   184
  385     176   179   178   184
  386     177   179   184   185
  387     179   178   184   186
  388     179   184   185   187
  389     179   184   187   186
  390     177     0     4   185
  391     177     4   179   185
  392       0     4   185    16
  393       4   179   185   187
  394       4   185    16    20
  395       4   185    20   187
  396     157   178   180   169
  397     157   180   160   169
  398     178   180   169   186
  399     180   160   169   172
  400     180   169   186   188
  401     180   169   188   172
  402     178   179   181   186
  403     178   181   180   186
  404     179   181   186   187
  405     181   180   186   188
  406     181   186   187   189
  407     181   186   189   188
  408     179     4     8   187
  409     179     8   181   187
  410       4     8   187    20
  411       8   181   187   189
  412       8   187    20    24
  413       8   187    24   189
  414     160   180   182   172
  415     160   182   163   172
  416     180   182   172   188
  417     182   163   172   175
  418     182   172   188   190
  419     182   172   190   175
  420     180   181   183   188
  421     180   183   182   188
  422     181   183   188   189
  423     183   182   188   190
  424     183   188   189   191
  425     183   188   191   190
  426     181     8    12   189
  427     181    12   183   189
  428       8    12   189    24
  429      12   183   189   191
  430      12   189    24    28
  431      12   189    28   191
  432      12    13   193    28
  433      12   193   192    28
  434      13   193    28    29
  435     193   192    28   204
  436     193    28    29   205
  437     193    28   205   204
  438      13    14   194    29
  439      13   194   193    29
  440      14   194    29    30
  441     194   193    29   205
  442     194    29    30   206
  443     194    29   206   205
  444      14    15   195    30
  445      14   195   194    30
  446      15   195    30    31
  447     195   194    30   206
  448     195    30    31   207
  449     195    30   207   206
  450     192   193   197   204
  451     192   197   196   204
  452     193   197   204   205
  453     197   196   204   208
  454     197   204   205   209
  455     197   204   209   208
  456     193   194   198   205
  457     193   198   197   205
  458     194   198   205   206
  459     198   197   205   209
  460     198   205   206   210
  461     198   205   210   209
  462     194   195   199   206
  463     194   199   198   206
  464     195   199   206   207
  465     199   198   206   210
  466     199   206   207   211
  467     199   206   211   210
  468     196   197   201   208
  469     196   201   200   208
  470     197   201   208   209
  471     201   200   208   212
  472     201   208   209   213
  473     201   208   213   212
  474     197   198   202   209
  475     197   202   201   209
  476     198   202   209   210
  477     202   201   209   213
  478     202   209   210   214
  479     202   209   214   213
  480     198   199   203   210
  481     198   203   202   210
  482     199   203   210   211
  483     203   202   210   214
  484     203   210   211   215
  485     203   210   215   214
  486      15    41   216    31
  487      15   216   195    31
  488      41   216    31    53
  489     216   195    31   207
  490     216    31    53   225
  491     216    31   225   207
  492      41    42   217    53
  493      41   217   216    53
  494      42   217    53    54
  495     217   216    53   225
  496     217    53    54   226
  497     217    53   226   225
  498      42    43   218    54
  499      42   218   217    54
  500      43   218    54    55
  501     218   217    54   226
  502     218    54    55   227
  503     218    54   227   226
  504     195   216   219   207
  505     195   219   199   207
  506     216   219   207   225
  507     219   199   207   211
  508     219   207   225   228
  509     219   207   228   211
  510     216   217   220   225
  511     216   220   219   225
  512     217   220   225   226
  513     220   219   225   228
  514     220   225   226   229
  515     220   225   229   228
  516     217   218   221   226
  517     217   221   220   226
  518     218   221   226   227
  519     221   220   226   229
  520     221   226   227   230
  521     221   226   230   229
  522     199   219   222   211
  523     199   222   203   211
  524     219   222   211   228
  525     222   203   211   215
  526     222   211   228   231
  527     222   211   231   215
  528     219   220   223   228
  529     219   223   222   228
  530     220   223   228   229
  531     223   222   228   231
  532     223   228   229   232
  533     223   228   232   231
  534     220   221   224   229
  535     220   224   223   229
  536     221   224   229   230
  537     224   223   229   232
  538     224   229   230   233
  539     224   229   233   232
  540      43    65   234    55
  541      43   234   218    55
  542      65   234    55    77
  543     234   218    55   227
  544     234    55    77   243
  545     234    55   243   227
  546      65    66   235    77
  547      65   235   234    77
  548      66   235    77    78
  549     235   234    77   243
  550     235    77    78   244
  551     235    77   244   243
  552      66    67   236    78
  553      66   236   235    78
  554      67   236    78    79
  555     236   235    78   244
  556     236    78    79   245
  557     236    78   245   244
  558     218   234   237   227
  559     218   237   221   227
  560     234   237   227   243
  561     237   221   227   230
  562     237   227   243   246
  563     237   227   246   230
  564     234   235   238   243
  565     234   238   237   243
  566     235   238   243   244
  567     238   237   243   246
  568     238   243   244   247
  569     238   243   247   246
  570     235   236   239   244
  571     235   239   238   244
  572     236   239   244   245
  573     239   238   244   247
  574     239   244   245   248
  575     239   244   248   247
  576     221   237   240   230
  577     221   240   224   230
  578     237   240   230   246
  579     240   224   230   233
  580     240   230   246   249
  581     240   230   249   233
  582     237   238   241   246
  583     237   241   240   246
  584     238   241   246   247
  585     241   240   246   249
  586     241   246   247   250
  587     241   246   250   249
  588     238   239   242   247
  589     238   242   241   247
  590     239   242   247   248
  591     242   241   247   250
  592     242   247   248   251
  593     242   247   251   250
  594      67    89   252    79
  595      67   252   236    79
  596      89   252    79   101
  597     252   236    79   245
  598     252    79   101   261
  599     252    79   261   245
  600      89    90   253   101
  601      89   253   252   101
  602      90   253   101   102
  603     253   252   101   261
  604     253   101   102   262
  605     253   101   262   261
  606      90    91   254   102
  607      90   254   253   102
  608      91   254   102   103
  609     254   253   102   262
  610     254   102   103   263
  611     254   102   263   262
  612     236   252   255   245
  613     236   255   239   245
  614     252   255   245   261
  615     255   239   245   248
  616     255   245   261   264
  617     255   245   264   248
  618     252   253   256   261
  619     252   256   255   261
  620     253   256   261   262
  621     256   255   261   264
  622     256   261   262   265
  623     256   261   265   264
  624     253   254   257   262
  625     253   257   256   262
  626     254   257   262   263
  627     257   256   262   265
  628     257   262   263   266
  629     257   262   266   265
  630     239   255   258   248
  631     239   258   242   248
  632     255   258   248   264
  633     258   242   248   251
  634     258   248   264   267
  635     258   248   267   251
  636     255   256   259   264
  637     255   259   258   264
  638     256   259   264   265
  639     259   258   264   267
  640     259   264   265   268
  641     259   264   268   267
  642     256   257   260   265
  643     256   260   259   265
  644     257   260   265   266
  645     260   259   265   268
  646     260   265   266   269
  647     260   265   269   268
  648      91   113   270   103
  649      91   270   254   103
  650     113   270   103   125
  651     270   254   103   263
  652     270   103   125   279
  653     270   103   279   263
  654     113   114   271   125
  655     113   271   270   125
  656     114   271   125   126
  657     271   270   125   279
  658     271   125   126   280
  659     271   125   280   279
  660     114   115   272   126
  661     114   272   271   126
  662     115   272   126   127
  663     272   271   126   280
  664     272   126   127   281
  665     272   126   281   280
  666     254   270   273   263
  667     254   273   257   263
  668     270   273   263   279
  669     273   257   263   266
  670     273   263   279   282
  671     273   263   282   266
  672     270   271   274   279
  673     270   274   273   279
  674     271   274   279   280
  675     274   273   279   282
  676     274   279   280   283
  677     274   279   283   282
  678     271   272   275   280
  679     271   275   274   280
  680     272   275   280   281
  681     275   274   280   283
  682     275   280   281   284
  683     275   280   284   283
  684     257   273   276   266
  685     257   276   260   266
  686     273   276   266   282
  687     276   260   266   269
  688     276   266   282   285
  689     276   266   285   269
  690     273   274   277   282
  691     273   277   276   282
  692     274   277   282   283
  693     277   276   282   285
  694     277   282   283   286
  695     277   282   286   285
  696     274   275   278   283
  697     274   278   277   283
  698     275   278   283   284
  699     278   277   283   286
  700     278   283   284   287
  701     278   283   287   286
  702     115   137   288   127
  703     115   288   272   127
  704     137   288   127   149
  705     288   272   127   281
  706     288   127   149   297
  707     288   127   297   281
  708     137   138   289   149
  709     137   289   288   149
  710     138   289   149   150
  711     289   288   149   297
  712     289   149   150   298
  713     289   149   298   297
  714     138   139   290   150
  715     138   290   289   150
  716     139   290   150   151
  717     290   289   150   298
  718     290   150   151   299
  719     290   150   299   298
  720     272   288   291   281
  721     272   291   275   281
  722     288   291   281   297
  723     291   275   281   284
  724     291   281   297   300
  725     291   281   300   284
  726     288   289   292   297
  727     288   292   291   297
  728     289   292   297   298
  729     292   291   297   300
  730     292   297   298   301
  731     292   297   301   300
  732     289   290   293   298
  733     289   293   292   298
  734     290   293   298   299
  735     293   292   298   301
  736     293   298   299   302
  737     293   298   302   301
  738     275   291   294   284
  739     275   294   278   284
  740     291   294   284   300
  741     294   278   284   287
  742     294   284   300   303
  743     294   284   303   287
  744     291   292   295   300
  745     291   295   294   300
  746     292   295   300   301
  747     295   294   300   303
  748     295   300   301   304
  749     295   300   304   303
  750     292   293   296   301
  751     292   296   295   301
  752     293   296   301   302
  753     296   295   301   304
  754     296   301   302   305
  755     296   301   305   304
  756     139   161   306   151
  757     139   306   290   151
  758     161   306   151   173
  759     306   290   151   299
  760     306   151   173   315
  761     306   151   315   299
  762     161   162   307   173
  763     161   307   306   173
  764     162   307   173   174
  765     307   306   173   315
  766     307   173   174   316
  767     307   173   316   315
  768     162   163   308   174
  769     162   308   307   174
  770     163   308   174   175
  771     308   307   174   316
  772     308   174   175   317
  773     308   174   317   316
  774     290   306   309   299
  775     290   309   293   299
  776     306   309   299   315
  777     309   293   299   302
  778     309   299   315   318
  779     309   299   318   302
  780     306   307   310   315
  781     306   310   309   315
  782     307   310   315   316
  783     310   309   315   318
  784     310   315   316   319
  785     310   315   319   318
  786     307   308   311   316
  787     307   311   310   316
  788     308   311   316   317
  789     311   310   316   319
  790     311   316   317   320
  791     311   316   320   319
  792     293   309   312   302
  793     293   312   296   302
  794     309   312   302   318
  795     312   296   302   305
  796     312   302   318   321
  797     312   302   321   305
  798     309   310   313   318
  799     309   313   312   318
  800     310   313   318   319
  801     313   312   318   321
  802     313   318   319   322
  803     313   318   322   321
  804     310   311   314   319
  805     310   314   313   319
  806     311   314   319   320
  807     314   313   319   322
  808     314   319   320   323
  809     314   319   323   322
  810     163   182   324   175
  811     163   324   308   175
  812     182   324   175   190
  813     324   308   175   317
  814     324   175   190   330
  815     324   175   330   317
  816     182   183   325   190
  817     182   325   324   190
  818     183   325   190   191
  819     325   324   190   330
  820     325   190   191   331
  821     325   190   331   330
  822     183    12   192   191
  823     183   192   325   191
  824      12   192   191    28
  825     192   325   191   331
  826     192   191    28   204
  827     192   191   204   331
  828     308   324   326   317
  829     308   326   311   317
  830     324   326   317   330
  831     326   311   317   320
  832     326   317   330   332
  833     326   317   332   320
  834     324   325   327   330
  835     324   327   326   330
  836     325   327   330   331
  837     327   326   330   332
  838     327   330   331   333
  839     327   330   333   332
  840     325   192   196   331
  841     325   196   327   331
  842     192   196   331   204
  843     196   327   331   333
  844     196   331   204   208
  845     196   331   208   333
  846     311   326   328   320
  847     311   328   314   320
  848     326   328   320   332
  849     328   314   320   323
  850     328   320   332   334
  851     328   320   334   323
  852     326   327   329   332
  853     326   329   328   332
  854     327   329   332   333
  855     329   328   332   334
  856     329   332   333   335
  857     329   332   335   334
  858     327   196   200   333
  859     327   200   329   333
  860     196   200   333   208
  861     200   329   333   335
  862     200   333   208   212
  863     200   333   212   335
  864     200   201   337   212
  865     200   337   336   212
  866     201   337   212   213
  867     337   336   212   348
  868     337   212   213   349
  869     337   212   349   348
  870     201   202   338   213
  871     201   338   337   213
  872     202   338   213   214
  873     338   337   213   349
  874     338   213   214   350
  875     338   213   350   349
  876     202   203   339   214
  877     202   339   338   214
  878     203   339   214   215
  879     339   338   214   350
  880     339   214   215   351
  881     339   214   351   350
  882     336   337   341   348
  883     336   341   340   348
  884     337   341   348   349
  885     341   340   348   352
  886     341   348   349   353
  887     341   348   353   352
  888     337   338   342   349
  889     337   342   341   349
  890     338   342   349   350
  891     342   341   349   353
  892     342   349   350   354
  893     342   349   354   353
  894     338   339   343   350
  895     338   343   342   350
  896     339   343   350   351
  897     343   342   350   354
  898     343   350   351   355
  899     343   350   355   354
  900     340   341   345   352
  901     340   345   344   352
  902     341   345   352   353
  903     345   344   352   356
  904     345   352   353   357
  905     345   352   357   356
  906     341   342   346   353
  907     341   346   345   353
  908     342   346   353   354
  909     346   345   353   357
  910     346   353   354   358
  911     346   353   358   357
  912     342   343   347   354
  913     342   347   346   354
  914     343   347   354   355
  915     347   346   354   358
  916     347   354   355   359
  917     347   354   359   358
  918     203   222   360   215
  919     203   360   339   215
  920     222   360   215   231
  921     360   339   215   351
  922     360   215   231   369
  923     360   215   369   351
  924     222   223   361   231
  925     222   361   360   231
  926     223   361   231   232
  927     361   360   231   369
  928     361   231   232   370
  929     361   231   370   369
  930     223   224   362   232
  931     223   362   361   232
  932     224   362   232   233
  933     362   361   232   370
  934     362   232   233   371
  935     362   232   371   370
  936     339   360   363   351
  937     339   363   343   351
  938     360   363   351   369
  939     363   343   351   355
  940     363   351   369   372
  941     363   351   372   355
  942     360   361   364   369
  943     360   364   363   369
  944     361   364   369   370
  945     364   363   369   372
  946     364   369   370   373
  947     364   369   373   372
  948     361   362   365   370
  949     361   365   364   370
  950     362   365   370   371
  951     365   364   370   373
  952     365   370   371   374
  953     365   370   374   373
  954     343   363   366   355
  955     343   366   347   355
  956     363   366   355   372
  957     366   347   355   359
  958     366   355   372   375
  959     366   355   375   359
  960     363   364   367   372
  961     363   367   366   372
  962     364   367   372   373
  963     367   366   372   375
  964     367   372   373   376
  965     367   372   376   375
  966     364   365   368   373
  967     364   368   367   373
  968     365   368   373   374
  969     368   367   373   376
  970     368   373   374   377
  971     368   373   377   376
  972     224   240   378   233
  973     224   378   362   233
  974     240   378   233   249
  975     378   362   233   371
  976     378   233   249   387
  977     378   233   387   371
  978     240   241   379   249
  979     240   379   378   249
  980     241   379   249   250
  981     379   378   249   387
  982     379   249   250   388
  983     379   249   388   387
  984     241   242   380   250
  985     241   380   379   250
  986     242   380   250   251
  987     380   379   250   388
  988     380   250   251   389
  989     380   250   389   388
  990     362   378   381   371
  991     362   381   365   371
  992     378   381   371   387
  993     381   365   371   374
  994     381   371   387   390
  995     381   371   390   374
  996     378   379   382   387
  997     378   382   381   387
  998     379   382   387   388
  999     382   381   387   390
 1000     382   387   388   391
 1001     382   387   391   390
 1002     379   380   383   388
 1003     379   383   382   388
 1004     380   383   388   389
 1005     383   382   388   391
 1006     383   388   389   392
 1007     383   388   392   391
 1008     365   381   384   374
 1009     365   384   368   374
 1010     381   384   374   390
 1011     384   368   374   377
 1012     384   374   390   393
 1013     384   374   393   377
 1014     381   382   385   390
 1015     381   385   384   390
 1016     382   385   390   391
 1017     385   384   390   393
 1018     385   390   391   394
 1019     385   390   394   393
 1020     382   383   386   391
 1021     382   386   385   391
 1022     383   386   391   392
 1023     386   385   391   394
 1024     386   391   392   395
 1025     386   391   395   394
 1026     242   258   396   251
 1027     242   396   380   251
 1028     258   396   251   267
 1029     396   380   251   389
 1030     396   251   267   405
 1031     396   251   405   389
 1032     258   259   397   267
 1033     258   397   396   267
 1034     259   397   267   268
 1035     397   396   267   405
 1036     397   267   268   406
 1037     397   267   406   405
 1038     259   260   398   268
 1039     259   398   397   268
 1040     260   398   268   269
 1041     398   397   268   406
 1042     398   268   269   407
 1043     398   268   407   406
 1044     380   396   399   389
 1045     380   399   383   389
 1046     396   399   389   405
 1047     399   383   389   392
 1048     399   389   405   408
 1049     399   389   408   392
 1050     396   397   400   405
 1051     396   400   399   405
 1052     397   400   405   406
 1053     400   399   405   408
 1054     400   405   406   409
 1055     400   405   409   408
 1056     397   398   401   406
 1057     397   401   400   406
 1058     398   401   406   407
 1059     401   400   406   409
 1060     401   406   407   410
 1061     401   406   410   409
 1062     383   399   402   392
 1063     383   402   386   392
 1064     399   402   392   408
 1065     402   386   392   395
 1066     402   392   408   411
 1067     402   392   411   395
 1068     399   400   403   408
 1069     399   403   402   408
 1070     400   403   408   409
 1071     403   402   408   411
 1072     403   408   409   412
 1073     403   408   412   411
 1074     400   401   404   409
 1075     400   404   403   409
 1076     401   404   409   410
 1077     404   403   409   412
 1078     404   409   410   413
 1079     404   409   413   412
 1080     260   276   414   269
 1081     260   414   398   269
 1082     276   414   269   285
 1083     414   398   269   407
 1084     414   269   285   423
 1085     414   269   423   407
 1086     276   277   415   285
 1087     276   415   414   285
 1088     277   415   285   286
 1089     415   414   285   423
 1090     415   285   286   424
 1091     415   285   424   423
 1092     277   278   416   286
 1093     277   416   415   286
 1094     278   416   286   287
 1095     416   415   286   424
 1096     416   286   287   425
 1097     416   286   425   424
 1098     398   414   417   407
 1099     398   417   401   407
 1100     414   417   407   423
 1101     417   401   407   410
 1102     417   407   423   426
 1103     417   407   426   410
 1104     414   415   418   423
 1105     414   418   417   423
 1106     415   418   423   424
 1107     418   417   423   426
 1108     418   423   424   427
 1109     418   423   427   426
 1110     415   416   419   424
 1111     415   419   418   424
 1112     416   419   424   425
 1113     419   418   424   427
 1114     419   424   425   428
 1115     419   424   428   427
 1116     401   417   420   410
 1117     401   420   404   410
 1118     417   420   410   426
 1119     420   404   410   413
 1120     420   410   426   429
 1121     420   410   429   413
 1122     417   418   421   426
 1123     417   421   420   426
 1124     418   421   426   427
 1125     421   420   426   429
 1126     421   426   427   430
 1127     421   426   430   429
 1128     418   419   422   427
 1129     418   422   421   427
 1130     419   422   427   428
 1131     422   421   427   430
 1132     422   427   428   431
 1133     422   427   431   430
 1134     278   294   432   287
 1135     278   432   416   287
 1136     294   432   287   303
 1137     432   416   287   425
 1138     432   287   303   441
 1139     432   287   441   425
 1140     294   295   433   303
 1141     294   433   432   303
 1142     295   433   303   304
 1143     433   432   303   441
 1144     433   303   304   442
 1145     433   303   442   441
 1146     295   296   434   304
 1147     295   434   433   304
 1148     296   434   304   305
 1149     434   433   304   442
 1150     434   304   305   443
 1151     434   304   443   442
 1152     416   432   435   425
 1153     416   435   419   425
 1154     432   435   425   441
 1155     435   419   425   428
 1156     435   425   441   444
 1157     435   425   444   428
 1158     432   433   436   441
 1159     432   436   435   441
 1160     433   436   441   442
 1161     436   435   441   444
 1162     436   441   442   445
 1163     436   441   445   444
 1164     433   434   437   442
 1165     433   437   436   442
 1166     434   437   442   443
 1167     437   436   442   445
 1168     437   442   443   446
 1169     437   442   446   445
 1170     419   435   438   428
 1171     419   438   422   428
 1172     435   438   428   444
 1173     438   422   428   431
 1174     438   428   444   447
 1175     438   428   447   431
 1176     435   436   439   444
 1177     435   439   438   444
 1178     436   439   444   445
 1179     439   438   444   447
 1180     439   444   445   448
 1181     439   444   448   447
 1182     436   437   440   445
 1183     436   440   439   445
 1184     437   440   445   446
 1185     440   439   445   448
 1186     440   445   446   449
 1187     440   445   449   448
 1188     296   312   450   305
 1189     296   450   434   305
 1190     312   450   305   321
 1191     450   434   305   443
 1192     450   305   321   459
 1193     450   305   459   443
 1194     312   313   451   321
 1195     312   451   450   321
 1196     313   451   321   322
 1197     451   450   321   459
 1198     451   321   322   460
 1199     451   321   460   459
 1200     313   314   452   322
 1201     313   452   451   322
 1202     314   452   322   323
 1203     452   451   322   460
 1204     452   322   323   461
 1205     452   322   461   460
 1206     434   450   453   443
 1207     434   453   437   443
 1208     450   453   443   459
 1209     453   437   443   446
 1210     453   443   459   462
 1211     453   443   462   446
 1212     450   451   454   459
 1213     450   454   453   459
 1214     451   454   459   460
 1215     454   453   459   462
 1216     454   459   460   463
 1217     454   459   463   462
 1218     451   452   455   460
 1219     451   455   454   460
 1220     452   455   460   461
 1221     455   454   460   463
 1222     455   460   461   464
 1223     455   460   464   463
 1224     437   453   456   446
 1225     437   456   440   446
 1226     453   456   446   462
 1227     456   440   446   449
 1228     456   446   462   465
 1229     456   446   465   449
 1230     453   454   457   462
 1231     453   457   456   462
 1232     454   457   462   463
 1233     457   456   462   465
 1234     457   462   463   466
 1235     457   462   466   465
 1236     454   455   458   463
 1237     454   458   457   463
 1238     455   458   463   464
 1239     458   457   463   466
 1240     458   463   464   467
 1241     458   463   467   466
 1242     314   328   468   323
 1243     314   468   452   323
 1244     328   468   323   334
 1245     468   452   323   461
 1246     468   323   334   474
 1247     468   323   474   461
 1248     328   329   469   334
 1249     328   469   468   334
 1250     329   469   334   335
 1251     469   468   334   474
 1252     469   334   335   475
 1253     469   334   475   474
 1254     329   200   336   335
 1255     329   336   469   335
 1256     200   336   335   212
 1257     336   469   335   475
 1258     336   335   212   348
 1259     336   335   348   475
 1260     452   468   470   461
 1261     452   470   455   461
 1262     468   470   461   474
 1263     470   455   461   464
 1264     470   461   474   476
 1265     470   461   476   464
 1266     468   469   471   474
 1267     468   471   470   474
 1268     469   471   474   475
 1269     471   470   474   476
 1270     471   474   475   477
 1271     471   474   477   476
 1272     469   336   340   475
 1273     469   340   471   475
 1274     336   340   475   348
 1275     340   471   475   477
 1276     340   475   348   352
 1277     340   475   352   477
 1278     455   470   472   464
 1279     455   472   458   464
 1280     470   472   464   476
 1281     472   458   464   467
 1282     472   464   476   478
 1283     472   464   478   467
 1284     470   471   473   476
 1285     470   473   472   476
 1286     471   473   476   477
 1287     473   472   476   478
 1288     473   476   477   479
 1289     473   476   479   478
 1290     471   340   344   477
 1291     471   344   473   477
 1292     340   344   477   352
 1293     344   473   477   479
 1294     344   477   352   356
 1295     344   477   356   479
 1296     344   345   481   356
 1297     344   481   480   356
 1298     345   481   356   357
 1299     481   480   356   492
 1300     481   356   357   493
 1301     481   356   493   492
 1302     345   346   482   357
 1303     345   482   481   357
 1304     346   482   357   358
 1305     482   481   357   493
 1306     482   357   358   494
 1307     482   357   494   493
 1308     346   347   483   358
 1309     346   483   482   358
 1310     347   483   358   359
 1311     483   482   358   494
 1312     483   358   359   495
 1313     483   358   495   494
 1314     480   481   485   492
 1315     480   485   484   492
 1316     481   485   492   493
 1317     485   484   492   496
 1318     485   492   493   497
 1319     485   492   497   496
 1320     481   482   486   493
 1321     481   486   485   493
 1322     482   486   493   494
 1323     486   485   493   497
 1324     486   493   494   498
 1325     486   493   498   497
 1326     482   483   487   494
 1327     482   487   486   494
 1328     483   487   494   495
 1329     487   486   494   498
 1330     487   494   495   499
 1331     487   494   499   498
 1332     484   485   489   496
 1333     484   489   488   496
 1334     485   489   496   497
 1335     489   488   496   500
 1336     489   496   497   501
 1337     489   496   501   500
 1338     485   486   490   497
 1339     485   490   489   497
 1340     486   490   497   498
 1341     490   489   497   501
 1342     490   497   498   502
 1343     490   497   502   501
 1344     486   487   491   498
 1345     486   491   490   498
 1346     487   491   498   499
 1347     491   490   498   502
 1348     491   498   499   503
 1349     491   498   503   502
 1350     347   366   504   359
 1351     347   504   483   359
 1352     366   504   359   375
 1353     504   483   359   495
 1354     504   359   375   513
 1355     504   359   513   495
 1356     366   367   505   375
 1357     366   505   504   375
 1358     367   505   375   376
 1359     505   504   375   513
 1360     505   375   376   514
 1361     505   375   514   513
 1362     367   368   506   376
 1363     367   506   505   376
 1364     368   506   376   377
 1365     506   505   376   514
 1366     506   376   377   515
 1367     506   376   515   514
 1368     483   504   507   495
 1369     483   507   487   495
 1370     504   507   495   513
 1371     507   487   495   499
 1372     507   495   513   516
 1373     507   495   516   499
 1374     504   505   508   513
 1375     504   508   507   513
 1376     505   508   513   514
 1377     508   507   513   516
 1378     508   513   514   517
 1379     508   513   517   516
 1380     505   506   509   514
 1381     505   509   508   514
 1382     506   509   514   515
 1383     509   508   514   517
 1384     509   514   515   518
 1385     509   514   518   517
 1386     487   507   510   499
 1387     487   510   491   499
 1388     507   510   499   516
 1389     510   491   499   503
 1390     510   499   516   519
 1391     510   499   519   503
 1392     507   508   511   516
 1393     507   511   510   516
 1394     508   511   516   517
 1395     511   510   516   519
 1396     511   516   517   520
 1397     511   516   520   519
 1398     508   509   512   517
 1399     508   512   511   517
 1400     509   512   517   518
 1401     512   511   517   520
 1402     512   517   518   521
 1403     512   517   521   520
 1404     368   384   522   377
 1405     368   522   506   377
 1406     384   522   377   393
 1407     522   506   377   515
 1408     522   377   393   531
 1409     522   377   531   515
 1410     384   385   523   393
 1411     384   523   522   393
 1412     385   523   393   394
 1413     523   522   393   531
 1414     523   393   394   532
 1415     523   393   532   531
 1416     385   386   524   394
 1417     385   524   523   394
 1418     386   524   394   395
 1419     524   523   394   532
 1420     524   394   395   533
 1421     524   394   533   532
 1422     506   522   525   515
 1423     506   525   509   515
 1424     522   525   515   531
 1425     525   509   515   518
 1426     525   515   531   534
 1427     525   515   534   518
 1428     522   523   526   531
 1429     522   526   525   531
 1430     523   526   531   532
 1431     526   525   531   534
 1432     526   531   532   535
 1433     526   531   535   534
 1434     523   524   527   532
 1435     523   527   526   532
 1436     524   527   532   533
 1437     527   526   532   535
 1438     527   532   533   536
 1439     527   532   536   535
 1440     509   525   528   518
 1441     509   528   512   518
 1442     525   528   518   534
 1443     528   512   518   521
 1444     528   518   534   537
 1445     528   518   537   521
 1446     525   526   529   534
 1447     525   529   528   534
 1448     526   529   534   535
 1449     529   528   534   537
 1450     529   534   535   538
 1451     529   534   538   537
 1452     526   527   530   535
 1453     526   530   529   535
 1454     527   530   535   536
 1455     530   529   535   538
 1456     530   535   536   539
 1457     530   535   539   538
 1458     386   402   540   395
 1459     386   540   524   395
 1460     402   540   395   411
 1461     540   524   395   533
 1462     540   395   411   549
 1463     540   395   549   533
 1464     402   403   541   411
 1465     402   541   540   411
 1466     403   541   411   412
 1467     541   540   411   549
 1468     541   411   412   550
 1469     541   411   550   549
 1470     403   404   542   412
 1471     403   542   541   412
 1472     404   542   412   413
 1473     542   541   412   550
 1474     542   412   413   551
 1475     542   412   551   550
 1476     524   540   543   533
 1477     524   543   527   533
 1478     540   543   533   549
 1479     543   527   533   536
 1480     543   533   549   552
 1481     543   533   552   536
 1482     540   541   544   549
 1483     540   544   543   549
 1484     541   544   549   550
 1485     544   543   549   552
 1486     544   549   550   553
 1487     544   549   553   552
 1488     541   542   545   550
 1489     541   545   544   550
 1490     542   545   550   551
 1491     545   544   550   553
 1492     545   550   551   554
 1493     545   550   554   553
 1494     527   543   546   536
 1495     527   546   530   536
 1496     543   546   536   552
 1497     546   530   536   539
 1498     546   536   552   555
 1499     546   536   555   539
 1500     543   544   547   552
 1501     543   547   546   552
 1502     544   547   552   553
 1503     547   546   552   555
 1504     547   552   553   556
 1505     547   552   556   555
 1506     544   545   548   553
 1507     544   548   547   553
 1508     545   548   553   554
 1509     548   547   553   556
 1510     548   553   554   557
 1511     548   553   557   556
 1512     404   420   558   413
 1513     404   558   542   413
 1514     420   558   413   429
 1515     558   542   413   551
 1516     558   413   429   567
 1517     558   413   567   551
 1518     420   421   559   429
 1519     420   559   558   429
 1520     421   559   429   430
 1521     559   558   429   567
 1522     559   429   430   568
 1523     559   429   568   567
 1524     421   422   560   430
 1525     421   560   559   430
 1526     422   560   430   431
 1527     560   559   430   568
 1528     560   430   431   569
 1529     560   430   569   568
 1530     542   558   561   551
 1531     542   561   545   551
 1532     558   561   551   567
 1533     561   545   551   554
 1534     561   551   567   570
 1535     561   551   570   554
 1536     558   559   562   567
 1537     558   562   561   567
 1538     559   562   567   568
 1539     562   561   567   570
 1540     562   567   568   571
 1541     562   567   571   570
 1542     559   560   563   568
 1543     559   563   562   568
 1544     560   563   568   569
 1545     563   562   568   571
 1546     563   568   569   572
 1547     563   568   572   571
 1548     545   561   564   554
 1549     545   564   548   554
 1550     561   564   554   570
 1551     564   548   554   557
 1552     564   554   570   573
 1553     564   554   573   557
 1554     561   562   565   570
 1555     561   565   564   570
 1556     562   565   570   571
 1557     565   564   570   573
 1558     565   570   571   574
 1559     565   570   574   573
 1560     562   563   566   571
 1561     562   566   565   571
 1562     563   566   571   572
 1563     566   565   571   574
 1564     566   571   572   575
 1565     566   571   575   574
 1566     422   438   576   431
 1567     422   576   560   431
 1568     438   576   431   447
 1569     576   560   431   569
 1570     576   431   447   585
 1571     576   431   585   569
 1572     438   439   577   447
 1573     438   577   576   447
 1574     439   577   447   448
 1575     577   576   447   585
 1576     577   447   448   586
 1577     577   447   586   585
 1578     439   440   578   448
 1579     439   578   577   448
 1580     440   578   448   449
 1581     578   577   448   586
 1582     578   448   449   587
 1583     578   448   587   586
 1584     560   576   579   569
 1585     560   579   563   569
 1586     576   579   569   585
 1587     579   563   569   572
 1588     579   569   585   588
 1589     579   569   588   572
 1590     576   577   580   585
 1591     576   580   579   585
 1592     577   580   585   586
 1593     580   579   585   588
 1594     580   585   586   589
 1595     580   585   589   588
 1596     577   578   581   586
 1597     577   581   580   586
 1598     578   581   586   587
 1599     581   580   586   589
 1600     581   586   587   590
 1601     581   586   590   589
 1602     563   579   582   572
 1603     563   582   566   572
 1604     579   582   572   588
 1605     582   566   572   575
 1606     582   572   588   591
 1607     582   572   591   575
 1608     579   580   583   588
 1609     579   583   582   588
 1610     580   583   588   589
 1611     583   582   588   591
 1612     583   588   589   592
 1613     583   588   592   591
 1614     580   581   584   589
 1615     580   584   583   589
 1616     581   584   589   590
 1617     584   583   589   592
 1618     584   589   590   593
 1619     584   589   593   592
 1620     440   456   594   449
 1621     440   594   578   449
 1622     456   594   449   465
 1623     594   578   449   587
 1624     594   449   465   603
 1625     594   449   603   587
 1626     456   457   595   465
 1627     456   595   594   465
 1628     457   595   465   466
 1629     595   594   465   603
 1630     595   465   466   604
 1631     595   465   604   603
 1632     457   458   596   466
 1633     457   596   595   466
 1634     458   596   466   467
 1635     596   595   466   604
 1636     596   466   467   605
 1637     596   466   605   604
 1638     578   594   597   587
 1639     578   597   581   587
 1640     594   597   587   603
 1641     597   581   587   590
 1642     597   587   603   606
 1643     597   587   606   590
 1644     594   595   598   603
 1645     594   598   597   603
 1646     595   598   603   604
 1647     598   597   603   606
 1648     598   603   604   607
 1649     598   603   607   606
 1650     595   596   599   604
 1651     595   599   598   604
 1652     596   599   604   605
 1653     599   598   604   607
 1654     599   604   605   608
 1655     599   604   608   607
 1656     581   597   600   590
 1657     581   600   584   590
 1658     597   600   590   606
 1659     600   584   590   593
 1660     600   590   606   609
 1661     600   590   609   593
 1662     597   598   601   606
 1663     597   601   600   606
 1664     598   601   606   607
 1665     601   600   606   609
 1666     601   606   607   610
 1667     601   606   610   609
 1668     598   599   602   607
 1669     598   602   601   607
 1670     599   602   607   608
 1671     602   601   607   610
 1672     602   607   608   611
 1673     602   607   611   610
 1674     458   472   612   467
 1675     458   612   596   467
 1676     472   612   467   478
 1677     612   596   467   605
 1678     612   467   478   618
 1679     612   467   618   605
 1680     472   473   613   478
 1681     472   613   612   478
 1682     473   613   478   479
 1683     613   612   478   618
 1684     613   478   479   619
 1685     613   478   619   618
 1686     473   344   480   479
 1687     473   480   613   479
 1688     344   480   479   356
 1689     480   613   479   619
 1690     480   479   356   492
 1691     480   479   492   619
 1692     596   612   614   605
 1693     596   614   599   605
 1694     612   614   605   618
 1695     614   599   605   608
 1696     614   605   618   620
 1697     614   605   620   608
 1698     612   613   615   618
 1699     612   615   614   618
 1700     613   615   618   619
 1701     615   614   618   620
 1702     615   618   619   621
 1703     615   618   621   620
 1704     613   480   484   619
 1705     613   484   615   619
 1706     480   484   619   492
 1707     484   615   619   621
 1708     484   619   492   496
 1709     484   619   496   621
 1710     599   614   616   608
 1711     599   616   602   608
 1712     614   616   608   620
 1713     616   602   608   611
 1714     616   608   620   622
 1715     616   608   622   611
 1716     614   615   617   620
 1717     614   617   616   620
 1718     615   617   620   621
 1719     617   616   620   622
 1720     617   620   621   623
 1721     617   620   623   622
 1722     615   484   488   621
 1723     615   488   617   621
 1724     484   488   621   496
 1725     488   617   621   623
 1726     488   621   496   500
 1727     488   621   500   623
 1728     488   489   625   500
 1729     488   625   624   500
 1730     489   625   500   501
 1731     625   624   500   636
 1732     625   500   501   637
 1733     625   500   637   636
 1734     489   490   626   501
 1735     489   626   625   501
 1736     490   626   501   502
 1737     626   625   501   637
 1738     626   501   502   638
 1739     626   501   638   637
 1740     490   491   627   502
 1741     490   627   626   502
 1742     491   627   502   503
 1743     627   626   502   638
 1744     627   502   503   639
 1745     627   502   639   638
 1746     624   625   629   636
 1747     624   629   628   636
 1748     625   629   636   637
 1749     629   628   636   640
 1750     629   636   637   641
 1751     629   636   641   640
 1752     625   626   630   637
 1753     625   630   629   637
 1754     626   630   637   638
 1755     630   629   637   641
 1756     630   637   638   642
 1757     630   637   642   641
 1758     626   627   631   638
 1759     626   631   630   638
 1760     627   631   638   639
 1761     631   630   638   642
 1762     631   638   639   643
 1763     631   638   643   642
 1764     628   629   633   640
 1765     628   633   632   640
 1766     629   633   640   641
 1767     633   632   640   644
 1768     633   640   641   645
 1769     633   640   645   644
 1770     629   630   634   641
 1771     629   634   633   641
 1772     630   634   641   642
 1773     634   633   641   645
 1774     634   641   642   646
 1775     634   641   646   645
 1776     630   631   635   642
 1777     630   635   634   642
 1778     631   635   642   643
 1779     635   634   642   646
 1780     635   642   643   647
 1781     635   642   647   646
 1782     491   510   648   503
 1783     491   648   627   503
 1784     510   648   503   519
 1785     648   627   503   639
 1786     648   503   519   657
 1787     648   503   657   639
 1788     510   511   649   519
 1789     510   649   648   519
 1790     511   649   519   520
 1791     649   648   519   657
 1792     649   519   520   658
 1793     649   519   658   657
 1794     511   512   650   520
 1795     511   650   649   520
 1796     512   650   520   521
 1797     650   649   520   658
 1798     650   520   521   659
 1799     650   520   659   658
 1800     627   648   651   639
 1801     627   651   631   639
 1802     648   651   639   657
 1803     651   631   639   643
 1804     651   639   657   660
 1805     651   639   660   643
 1806     648   649   652   657
 1807     648   652   651   657
 1808     649   652   657   658
 1809     652   651   657   660
 1810     652   657   658   661
 1811     652   657   661   660
 1812     649   650   653   658
 1813     649   653   652   658
 1814     650   653   658   659
 1815     653   652   658   661
 1816     653   658   659   662
 1817     653   658   662   661
 1818     631   651   654   643
 1819     631   654   635   643
 1820     651   654   643   660
 1821     654   635   643   647
 1822     654   643   660   663
 1823     654   643   663   647
 1824     651   652   655   660
 1825     651   655   654   660
 1826     652   655   660   661
 1827     655   654   660   663
 1828     655   660   661   664
 1829     655   660   664   663
 1830     652   653   656   661
 1831     652   656   655   661
 1832     653   656   661   662
 1833     656   655   661   664
 1834     656   661   662   665
 1835     656   661   665   664
 1836     512   528   666   521
 1837     512   666   650   521
 1838     528   666   521   537
 1839     666   650   521   659
 1840     666   521   537   675
 1841     666   521   675   659
 1842     528   529   667   537
 1843     528   667   666   537
 1844     529   667   537   538
 1845     667   666   537   675
 1846     667   537   538   676
 1847     667   537   676   675
 1848     529   530   668   538
 1849     529   668   667   538
 1850     530   668   538   539
 1851     668   667   538   676
 1852     668   538   539   677
 1853     668   538   677   676
 1854     650   666   669   659
 1855     650   669   653   659
 1856     666   669   659   675
 1857     669   653   659   662
 1858     669   659   675   678
 1859     669   659   678   662
 1860     666   667   670   675
 1861     666   670   669   675
 1862     667   670   675   676
 1863     670   669   675   678
 1864     670   675   676   679
 1865     670   675   679   678
 1866     667   668   671   676
 1867     667   671   670   676
 1868     668   671   676   677
 1869     671   670   676   679
 1870     671   676   677   680
 1871     671   676   680   679
 1872     653   669   672   662
 1873     653   672   656   662
 1874     669   672   662   678
 1875     672   656   662   665
 1876     672   662   678   681
 1877     672   662   681   665
 1878     669   670   673   678
 1879     669   673   672   678
 1880     670   673   678   679
 1881     673   672   678   681
 1882     673   678   679   682
 1883     673   678   682   681
 1884     670   671   674   679
 1885     670   674   673   679
 1886     671   674   679   680
 1887     674   673   679   682
 1888     674   679   680   683
 1889     674   679   683   682
 1890     530   546   684   539
 1891     530   684   668   539
 1892     546   684   539   555
 1893     684   668   539   677
 1894     684   539   555   693
 1895     684   539   693   677
 1896     546   547   685   555
 1897     546   685   684   555
 1898     547   685   555   556
 1899     685   684   555   693
 1900     685   555   556   694
 1901     685   555   694   693
 1902     547   548   686   556
 1903     547   686   685   556
 1904     548   686   556   557
 1905     686   685   556   694
 1906     686   556   557   695
 1907     686   556   695   694
 1908     668   684   687   677
 1909     668   687   671   677
 1910     684   687   677   693
 1911     687   671   677   680
 1912     687   677   693   696
 1913     687   677   696   680
 1914     684   685   688   693
 1915     684   688   687   693
 1916     685   688   693   694
 1917     688   687   693   696
 1918     688   693   694   697
 1919     688   693   697   696
 1920     685   686   689   694
 1921     685   689   688   694
 1922     686   689   694   695
 1923     689   688   694   697
 1924     689   694   695   698
 1925     689   694   698   697
 1926     671   687   690   680
 1927     671   690   674   680
 1928     687   690   680   696
 1929     690   674   680   683
 1930     690   680   696   699
 1931     690   680   699   683
 1932     687   688   691   696
 1933     687   691   690   696
 1934     688   691   696   697
 1935     691   690   696   699
 1936     691   696   697   700
 1937     691   696   700   699
 1938     688   689   692   697
 1939     688   692   691   697
 1940     689   692   697   698
 1941     692   691   697   700
 1942     692   697   698   701
 1943     692   697   701   700
 1944     548   564   702   557
 1945     548   702   686   557
 1946     564   702   557   573
 1947     702   686   557   695
 1948     702   557   573   711
 1949     702   557   711   695
 1950     564   565   703   573
 1951     564   703   702   573
 1952     565   703   573   574
 1953     703   702   573   711
 1954     703   573   574   712
 1955     703   573   712   711
 1956     565   566   704   574
 1957     565   704   703   574
 1958     566   704   574   575
 1959     704   703   574   712
 1960     704   574   575   713
 1961     704   574   713   712
 1962     686   702   705   695
 1963     686   705   689   695
 1964     702   705   695   711
 1965     705   689   695   698
 1966     705   695   711   714
 1967     705   695   714   698
 1968     702   703   706   711
 1969     702   706   705   711
 1970     703   706   711   712
 1971     706   705   711   714
 1972     706   711   712   715
 1973     706   711   715   714
 1974     703   704   707   712
 1975     703   707   706   712
 1976     704   707   712   713
 1977     707   706   712   715
 1978     707   712   713   716
 1979     707   712   716   715
 1980     689   705   708   698
 1981     689   708   692   698
 1982     705   708   698   714
 1983     708   692   698   701
 1984     708   698   714   717
 1985     708   698   717   701
 1986     705   706   709   714
 1987     705   709   708   714
 1988     706   709   714   715
 1989     709   708   714   717
 1990     709   714   715   718
 1991     709   714   718   717
 1992     706   707   710   715
 1993     706   710   709   715
 1994     707   710   715   716
 1995     710   709   715   718
 1996     710   715   716   719
 1997     710   715   719   718
 1998     566   582   720   575
 1999     566   720   704   575
 2000     582   720   575   591
 2001     720   704   575   713
 2002     720   575   591   729
 2003     720   575   729   713
 2004     582   583   721   591
 2005     582   721   720   591
 2006     583   721   591   592
 2007     721   720   591   729
 2008     721   591   592   730
 2009     721   591   730   729
 2010     583   584   722   592
 2011     583   722   721   592
 2012     584   722   592   593
 2013     722   721   592   730
 2014     722   592   593   731
 2015     722   592   731   730
 2016     704   720   723   713
 2017     704   723   707   713
 2018     720   723   713   729
 2019     723   707   713   716
 2020     723   713   729   732
 2021     723   713   732   716
 2022     720   721   724   729
 2023     720   724   723   729
 2024     721   724   729   730
 2025     724   723   729   732
 2026     724   729   730   733
 2027     724   729   733   732
 2028     721   722   725   730
 2029     721   725   724   730
 2030     722   725   730   731
 2031     725   724   730   733
 2032     725   730   731   734
 2033     725   730   734   733
 2034     707   723   726   716
 2035     707   726   710   716
 2036     723   726   716   732
 2037     726   710   716   719
 2038     726   716   732   735
 2039     726   716   735   719
 2040     723   724   727   732
 2041     723   727   726   732
 2042     724   727   732   733
 2043     727   726   732   735
 2044     727   732   733   736
 2045     727   732   736   735
 2046     724   725   728   733
 2047     724   728   727   733
 2048     725   728   733   734
 2049     728   727   733   736
 2050     728   733   734   737
 2051     728   733   737   736
 2052     584   600   738   593
 2053     584   738   722   593
 2054     600   738   593   609
 2055     738   722   593   731
 2056     738   593   609   747
 2057     738   593   747   731
 2058     600   601   739   609
 2059     600   739   738   609
 2060     601   739   609   610
 2061     739   738   609   747
 2062     739   609   610   748
 2063     739   609   748   747
 2064     601   602   740   610
 2065     601   740   739   610
 2066     602   740   610   611
 2067     740   739   610   748
 2068     740   610   611   749
 2069     740   610   749   748
 2070     722   738   741   731
 2071     722   741   725   731
 2072     738   741   731   747
 2073     741   725   731   734
 2074     741   731   747   750
 2075     741   731   750   734
 2076     738   739   742   747
 2077     738   742   741   747
 2078     739   742   747   748
 2079     742   741   747   750
 2080     742   747   748   751
 2081     742   747   751   750
 2082     739   740   743   748
 2083     739   743   742   748
 2084     740   743   748   749
 2085     743   742   748   751
 2086     743   748   749   752
 2087     743   748   752   751
 2088     725   741   744   734
 2089     725   744   728   734
 2090     741   744   734   750
 2091     744   728   734   737
 2092     744   734   750   753
 2093     744   734   753   737
 2094     741   742   745   750
 2095     741   745   744   750
 2096     742   745   750   751
 2097     745   744   750   753
 2098     745   750   751   754
 2099     745   750   754   753
 2100     742   743   746   751
 2101     742   746   745   751
 2102     743   746   751   752
 2103     746   745   751   754
 2104     746   751   752   755
 2105     746   751   755   754
 2106     602   616   756   611
 2107     602   756   740   611
 2108     616   756   611   622
 2109     756   740   611   749
 2110     756   611   622   762
 2111     756   611   762   749
 2112     616   617   757   622
 2113     616   757   756   622
 2114     617   757   622   623
 2115     757   756   622   762
 2116     757   622   623   763
 2117     757   622   763   762
 2118     617   488   624   623
 2119     617   624   757   623
 2120     488   624   623   500
 2121     624   757   623   763
 2122     624   623   500   636
 2123     624   623   636   763
 2124     740   756   758   749
 2125     740   758   743   749
 2126     756   758   749   762
 2127     758   743   749   752
 2128     758   749   762   764
 2129     758   749   764   752
 2130     756   757   759   762
 2131     756   759   758   762
 2132     757   759   762   763
 2133     759   758   762   764
 2134     759   762   763   765
 2135     759   762   765   764
 2136     757   624   628   763
 2137     757   628   759   763
 2138     624   628   763   636
 2139     628   759   763   765
 2140     628   763   636   640
 2141     628   763   640   765
 2142     743   758   760   752
 2143     743   760   746   752
 2144     758   760   752   764
 2145     760   746   752   755
 2146     760   752   764   766
 2147     760   752   766   755
 2148     758   759   761   764
 2149     758   761   760   764
 2150     759   761   764   765
 2151     761   760   764   766
 2152     761   764   765   767
 2153     761   764   767   766
 2154     759   628   632   765
 2155     759   632   761   765
 2156     628   632   765   640
 2157     632   761   765   767
 2158     632   765   640   644
 2159     632   765   644   767
 2160     632   633   769   644
 2161     632   769   768   644
 2162     633   769   644   645
 2163     769   768   644   780
 2164     769   644   645   781
 2165     769   644   781   780
 2166     633   634   770   645
 2167     633   770   769   645
 2168     634   770   645   646
 2169     770   769   645   781
 2170     770   645   646   782
 2171     770   645   782   781
 2172     634   635   771   646
 2173     634   771   770   646
 2174     635   771   646   647
 2175     771   770   646   782
 2176     771   646   647   783
 2177     771   646   783   782
 2178     768   769   773   780
 2179     768   773   772   780
 2180     769   773   780   781
 2181     773   772   780   784
 2182     773   780   781   785
 2183     773   780   785   784
 2184     769   770   774   781
 2185     769   774   773   781
 2186     770   774   781   782
 2187     774   773   781   785
 2188     774   781   782   786
 2189     774   781   786   785
 2190     770   771   775   782
 2191     770   775   774   782
 2192     771   775   782   783
 2193     775   774   782   786
 2194     775   782   783   787
 2195     775   782   787   786
 2196     772   773   777   784
 2197     772   777   776   784
 2198     773   777   784   785
 2199     777   776   784   788
 2200     777   784   785   789
 2201     777   784   789   788
 2202     773   774   778   785
 2203     773   778   777   785
 2204     774   778   785   786
 2205     778   777   785   789
 2206     778   785   786   790
 2207     778   785   790   789
 2208     774   775   779   786
 2209     774   779   778   786
 2210     775   779   786   787
 2211     779   778   786   790
 2212     779   786   787   791
 2213     779   786   791   790
 2214     635   654   792   647
 2215     635   792   771   647
 2216     654   792   647   663
 2217     792   771   647   783
 2218     792   647   663   801
 2219     792   647   801   783
 2220     654   655   793   663
 2221     654   793   792   663
 2222     655   793   663   664
 2223     793   792   663   801
 2224     793   663   664   802
 2225     793   663   802   801
 2226     655   656   794   664
 2227     655   794   793   664
 2228     656   794   664   665
 2229     794   793   664   802
 2230     794   664   665   803
 2231     794   664   803   802
 2232     771   792   795   783
 2233     771   795   775   783
 2234     792   795   783   801
 2235     795   775   783   787
 2236     795   783   801   804
 2237     795   783   804   787
 2238     792   793   796   801
 2239     792   796   795   801
 2240     793   796   801   802
 2241     796   795   801   804
 2242     796   801   802   805
 2243     796   801   805   804
 2244     793   794   797   802
 2245     793   797   796   802
 2246     794   797   802   803
 2247     797   796   802   805
 2248     797   802   803   806
 2249     797   802   806   805
 2250     775   795   798   787
 2251     775   798   779   787
 2252     795   798   787   804
 2253     798   779   787   791
 2254     798   787   804   807
 2255     798   787   807   791
 2256     795   796   799   804
 2257     795   799   798   804
 2258     796   799   804   805
 2259     799   798   804   807
 2260     799   804   805   808
 2261     799   804   808   807
 2262     796   797   800   805
 2263     796   800   799   805
 2264     797   800   805   806
 2265     800   799   805   808
 2266     800   805   806   809
 2267     800   805   809   808
 2268     656   672   810   665
 2269     656   810   794   665
 2270     672   810   665   681
 2271     810   794   665   803
 2272     810   665   681   819
 2273     810   665   819   803
 2274     672   673   811   681
 2275     672   811   810   681
 2276     673   811   681   682
 2277     811   810   681   819
 2278     811   681   682   820
 2279     811   681   820   819
 2280     673   674   812   682
 2281     673   812   811   682
 2282     674   812   682   683
 2283     812   811   682   820
 2284     812   682   683   821
 2285     812   682   821   820
 2286     794   810   813   803
 2287     794   813   797   803
 2288     810   813   803   819
 2289     813   797   803   806
 2290     813   803   819   822
 2291     813   803   822   806
 2292     810   811   814   819
 2293     810   814   813   819
 2294     811   814   819   820
 2295     814   813   819   822
 2296     814   819   820   823
 2297     814   819   823   822
 2298     811   812   815   820
 2299     811   815   814   820
 2300     812   815   820   821
 2301     815   814   820   823
 2302     815   820   821   824
 2303     815   820   824   823
 2304     797   813   816   806
 2305     797   816   800   806
 2306     813   816   806   822
 2307     816   800   806   809
 2308     816   806   822   825
 2309     816   806   825   809
 2310     813   814   817   822
 2311     813   817   816   822
 2312     814   817   822   823
 2313     817   816   822   825
 2314     817   822   823   826
 2315     817   822   826   825
 2316     814   815   818   823
 2317     814   818   817   823
 2318     815   818   823   824
 2319     818   817   823   826
 2320     818   823   824   827
 2321     818   823   827   826
 2322     674   690   828   683
 2323     674   828   812   683
 2324     690   828   683   699
 2325     828   812   683   821
 2326     828   683   699   837
 2327     828   683   837   821
 2328     690   691   829   699
 2329     690   829   828   699
 2330     691   829   699   700
 2331     829   828   699   837
 2332     829   699   700   838
 2333     829   699   838   837
 2334     691   692   830   700
 2335     691   830   829   700
 2336     692   830   700   701
 2337     830   829   700   838
 2338     830   700   701   839
 2339     830   700   839   838
 2340     812   828   831   821
 2341     812   831   815   821
 2342     828   831   821   837
 2343     831   815   821   824
 2344     831   821   837   840
 2345     831   821   840   824
 2346     828   829   832   837
 2347     828   832   831   837
 2348     829   832   837   838
 2349     832   831   837   840
 2350     832   837   838   841
 2351     832   837   841   840
 2352     829   830   833   838
 2353     829   833   832   838
 2354     830   833   838   839
 2355     833   832   838   841
 2356     833   838   839   842
 2357     833   838   842   841
 2358     815   831   834   824
 2359     815   834   818   824
 2360     831   834   824   840
 2361     834   818   824   827
 2362     834   824   840   843
 2363     834   824   843   827
 2364     831   832   835   840
 2365     831   835   834   840
 2366     832   835   840   841
 2367     835   834   840   843
 2368     835   840   841   844
 2369     835   840   844   843
 2370     832   833   836   841
 2371     832   836   835   841
 2372     833   836   841   842
 2373     836   835   841   844
 2374     836   841   842   845
 2375     836   841   845   844
 2376     692   708   846   701
 2377     692   846   830   701
 2378     708   846   701   717
 2379     846   830   701   839
 2380     846   701   717   855
 2381     846   701   855   839
 2382     708   709   847   717
 2383     708   847   846   717
 2384     709   847   717   718
 2385     847   846   717   855
 2386     847   717   718   856
 2387     847   717   856   855
 2388     709   710   848   718
 2389     709   848   847   718
 2390     710   848   718   719
 2391     848   847   718   856
 2392     848   718   719   857
 2393     848   718   857   856
 2394     830   846   849   839
 2395     830   849   833   839
 2396     846   849   839   855
 2397     849   833   839   842
 2398     849   839   855   858
 2399     849   839   858   842
 2400     846   847   850   855
 2401     846   850   849   855
 2402     847   850   855   856
 2403     850   849   855   858
 2404     850   855   856   859
 2405     850   855   859   858
 2406     847   848   851   856
 2407     847   851   850   856
 2408     848   851   856   857
 2409     851   850   856   859
 2410     851   856   857   860
 2411     851   856   860   859
 2412     833   849   852   842
 2413     833   852   836   842
 2414     849   852   842   858
 2415     852   836   842   845
 2416     852   842   858   861
 2417     852   842   861   845
 2418     849   850   853   858
 2419     849   853   852   858
 2420     850   853   858   859
 2421     853   852   858   861
 2422     853   858   859   862
 2423     853   858   862   861
 2424     850   851   854   859
 2425     850   854   853   859
 2426     851   854   859   860
 2427     854   853   859   862
 2428     854   859   860   863
 2429     854   859   863   862
 2430     710   726   864   719
 2431     710   864   848   719
 2432     726   864   719   735
 2433     864   848   719   857
 2434     864   719   735   873
 2435     864   719   873   857
 2436     726   727   865   735
 2437     726   865   864   735
 2438     727   865   735   736
 2439     865   864   735   873
 2440     865   735   736   874
 2441     865   735   874   873
 2442     727   728   866   736
 2443     727   866   865   736
 2444     728   866   736   737
 2445     866   865   736   874
 2446     866   736   737   875
 2447     866   736   875   874
 2448     848   864   867   857
 2449     848   867   851   857
 2450     864   867   857   873
 2451     867   851   857   860
 2452     867   857   873   876
 2453     867   857   876   860
 2454     864   865   868   873
 2455     864   868   867   873
 2456     865   868   873   874
 2457     868   867   873   876
 2458     868   873   874   877
 2459     868   873   877   876
 2460     865   866   869   874
 2461     865   869   868   874
 2462     866   869   874   875
 2463     869   868   874   877
 2464     869   874   875   878
 2465     869   874   878   877
 2466     851   867   870   860
 2467     851   870   854   860
 2468     867   870   860   876
 2469     870   854   860   863
 2470     870   860   876   879
 2471     870   860   879   863
 2472     867   868   871   876
 2473     867   871   870   876
 2474     868   871   876   877
 2475     871   870   876   879
 2476     871   876   877   880
 2477     871   876   880   879
 2478     868   869   872   877
 2479     868   872   871   877
 2480     869   872   877   878
 2481     872   871   877   880
 2482     872   877   878   881
 2483     872   877   881   880
 2484     728   744   882   737
 2485     728   882   866   737
 2486     744   882   737   753
 2487     882   866   737   875
 2488     882   737   753   891
 2489     882   737   891   875
 2490     744   745   883   753
 2491     744   883   882   753
 2492     745   883   753   754
 2493     883   882   753   891
 2494     883   753   754   892
 2495     883   753   892   891
 2496     745   746   884   754
 2497     745   884   883   754
 2498     746   884   754   755
 2499     884   883   754   892
 2500     884   754   755   893
 2501     884   754   893   892
 2502     866   882   885   875
 2503     866   885   869   875
 2504     882   885   875   891
 2505     885   869   875   878
 2506     885   875   891   894
 2507     885   875   894   878
 2508     882   883   886   891
 2509     882   886   885   891
 2510     883   886   891   892
 2511     886   885   891   894
 2512     886   891   892   895
 2513     886   891   895   894
 2514     883   884   887   892
 2515     883   887   886   892
 2516     884   887   892   893
 2517     887   886   892   895
 2518     887   892   893   896
 2519     887   892   896   895
 2520     869   885   888   878
 2521     869   888   872   878
 2522     885   888   878   894
 2523     888   872   878   881
 2524     888   878   894   897
 2525     888   878   897   881
 2526     885   886   889   894
 2527     885   889   888   894
 2528     886   889   894   895
 2529     889   888   894   897
 2530     889   894   895   898
 2531     889   894   898   897
 2532     886   887   890   895
 2533     886   890   889   895
 2534     887   890   895   896
 2535     890   889   895   898
 2536     890   895   896   899
 2537     890   895   899   898
 2538     746   760   900   755
 2539     746   900   884   755
 2540     760   900   755   766
 2541     900   884   755   893
 2542     900   755   766   906
 2543     900   755   906   893
 2544     760   761   901   766
 2545     760   901   900   766
 2546     761   901   766   767
 2547     901   900   766   906
 2548     901   766   767   907
 2549     901   766   907   906
 2550     761   632   768   767
 2551     761   768   901   767
 2552     632   768   767   644
 2553     768   901   767   907
 2554     768   767   644   780
 2555     768   767   780   907
 2556     884   900   902   893
 2557     884   902   887   893
 2558     900   902   893   906
 2559     902   887   893   896
 2560     902   893   906   908
 2561     902   893   908   896
 2562     900   901   903   906
 2563     900   903   902   906
 2564     901   903   906   907
 2565     903   902   906   908
 2566     903   906   907   909
 2567     903   906   909   908
 2568     901   768   772   907
 2569     901   772   903   907
 2570     768   772   907   780
 2571     772   903   907   909
 2572     772   907   780   784
 2573     772   907   784   909
 2574     887   902   904   896
 2575     887   904   890   896
 2576     902   904   896   908
 2577     904   890   896   899
 2578     904   896   908   910
 2579     904   896   910   899
 2580     902   903   905   908
 2581     902   905   904   908
 2582     903   905   908   909
 2583     905   904   908   910
 2584     905   908   909   911
 2585     905   908   911   910
 2586     903   772   776   909
 2587     903   776   905   909
 2588     772   776   909   784
 2589     776   905   909   911
 2590     776   909   784   788
 2591     776   909   788   911
 2592     776   777   913   788
 2593     776   913   912   788
 2594     777   913   788   789
 2595     913   912   788   924
 2596     913   788   789   925
 2597     913   788   925   924
 2598     777   778   914   789
 2599     777   914   913   789
 2600     778   914   789   790
 2601     914   913   789   925
 2602     914   789   790   926
 2603     914   789   926   925
 2604     778   779   915   790
 2605     778   915   914   790
 2606     779   915   790   791
 2607     915   914   790   926
 2608     915   790   791   927
 2609     915   790   927   926
 2610     912   913   917   924
 2611     912   917   916   924
 2612     913   917   924   925
 2613     917   916   924   928
 2614     917   924   925   929
 2615     917   924   929   928
 2616     913   914   918   925
 2617     913   918   917   925
 2618     914   918   925   926
 2619     918   917   925   929
 2620     918   925   926   930
 2621     918   925   930   929
 2622     914   915   919   926
 2623     914   919   918   926
 2624     915   919   926   927
 2625     919   918   926   930
 2626     919   926   927   931
 2627     919   926   931   930
 2628     916   917   921   928
 2629     916   921   920   928
 2630     917   921   928   929
 2631     921   920   928   932
 2632     921   928   929   933
 2633     921   928   933   932
 2634     917   918   922   929
 2635     917   922   921   929
 2636     918   922   929   930
 2637     922   921   929   933
 2638     922   929   930   934
 2639     922   929   934   933
 2640     918   919   923   930
 2641     918   923   922   930
 2642     919   923   930   931
 2643     923   922   930   934
 2644     923   930   931   935
 2645     923   930   935   934
 2646     779   798   936   791
 2647     779   936   915   791
 2648     798   936   791   807
 2649     936   915   791   927
 2650     936   791   807   945
 2651     936   791   945   927
 2652     798   799   937   807
 2653     798   937   936   807
 2654     799   937   807   808
 2655     937   936   807   945
 2656     937   807   808   946
 2657     937   807   946   945
 2658     799   800   938   808
 2659     799   938   937   808
 2660     800   938   808   809
 2661     938   937   808   946
 2662     938   808   809   947
 2663     938   808   947   946
 2664     915   936   939   927
 2665     915   939   919   927
 2666     936   939   927   945
 2667     939   919   927   931
 2668     939   927   945   948
 2669     939   927   948   931
 2670     936   937   940   945
 2671     936   940   939   945
 2672     937   940   945   946
 2673     940   939   945   948
 2674     940   945   946   949
 2675     940   945   949   948
 2676     937   938   941   946
 2677     937   941   940   946
 2678     938   941   946   947
 2679     941   940   946   949
 2680     941   946   947   950
 2681     941   946   950   949
 2682     919   939   942   931
 2683     919   942   923   931
 2684     939   942   931   948
 2685     942   923   931   935
 2686     942   931   948   951
 2687     942   931   951   935
 2688     939   940   943   948
 2689     939   943   942   948
 2690     940   943   948   949
 2691     943   942   948   951
 2692     943   948   949   952
 2693     943   948   952   951
 2694     940   941   944   949
 2695     940   944   943   949
 2696     941   944   949   950
 2697     944   943   949   952
 2698     944   949   950   953
 2699     944   949   953   952
 2700     800   816   954   809
 2701     800   954   938   809
 2702     816   954   809   825
 2703     954   938   809   947
 2704     954   809   825   963
 2705     954   809   963   947
 2706     816   817   955   825
 2707     816   955   954   825
 2708     817   955   825   826
 2709     955   954   825   963
 2710     955   825   826   964
 2711     955   825   964   963
 2712     817   818   956   826
 2713     817   956   955   826
 2714     818   956   826   827
 2715     956   955   826   964
 2716     956   826   827   965
 2717     956   826   965   964
 2718     938   954   957   947
 2719     938   957   941   947
 2720     954   957   947   963
 2721     957   941   947   950
 2722     957   947   963   966
 2723     957   947   966   950
 2724     954   955   958   963
 2725     954   958   957   963
 2726     955   958   963   964
 2727     958   957   963   966
 2728     958   963   964   967
 2729     958   963   967   966
 2730     955   956   959   964
 2731     955   959   958   964
 2732     956   959   964   965
 2733     959   958   964   967
 2734     959   964   965   968
 2735     959   964   968   967
 2736     941   957   960   950
 2737     941   960   944   950
 2738     957   960   950   966
 2739     960   944   950   953
 2740     960   950   966   969
 2741     960   950   969   953
 2742     957   958   961   966
 2743     957   961   960   966
 2744     958   961   966   967
 2745     961   960   966   969
 2746     961   966   967   970
 2747     961   966   970   969
 2748     958   959   962   967
 2749     958   962   961   967
 2750     959   962   967   968
 2751     962   961   967   970
 2752     962   967   968   971
 2753     962   967   971   970
 2754     818   834   972   827
 2755     818   972   956   827
 2756     834   972   827   843
 2757     972   956   827   965
 2758     972   827   843   981
 2759     972   827   981   965
 2760     834   835   973   843
 2761     834   973   972   843
 2762     835   973   843   844
 2763     973   972   843   981
 2764     973   843   844   982
 2765     973   843   982   981
 2766     835   836   974   844
 2767     835   974   973   844
 2768     836   974   844   845
 2769     974   973   844   982
 2770     974   844   845   983
 2771     974   844   983   982
 2772     956   972   975   965
 2773     956   975   959   965
 2774     972   975   965   981
 2775     975   959   965   968
 2776     975   965   981   984
 2777     975   965   984   968
 2778     972   973   976   981
 2779     972   976   975   981
 2780     973   976   981   982
 2781     976   975   981   984
 2782     976   981   982   985
 2783     976   981   985   984
 2784     973   974   977   982
 2785     973   977   976   982
 2786     974   977   982   983
 2787     977   976   982   985
 2788     977   982   983   986
 2789     977   982   986   985
 2790     959   975   978   968
 2791     959   978   962   968
 2792     975   978   968   984
 2793     978   962   968   971
 2794     978   968   984   987
 2795     978   968   987   971
 2796     975   976   979   984
 2797     975   979   978   984
 2798     976   979   984   985
 2799     979   978   984   987
 2800     979   984   985   988
 2801     979   984   988   987
 2802     976   977   980   985
 2803     976   980   979   985
 2804     977   980   985   986
 2805     980   979   985   988
 2806     980   985   986   989
 2807     980   985   989   988
 2808     836   852   990   845
 2809     836   990   974   845
 2810     852   990   845   861
 2811     990   974   845   983
 2812     990   845   861   999
 2813     990   845   999   983
 2814     852   853   991   861
 2815     852   991   990   861
 2816     853   991   861   862
 2817     991   990   861   999
 2818     991   861   862  1000
 2819     991   861  1000   999
 2820     853   854   992   862
 2821     853   992   991   862
 2822     854   992   862   863
 2823     992   991   862  1000
 2824     992   862   863  1001
 2825     992   862  1001  1000
 2826     974   990   993   983
 2827     974   993   977   983
 2828     990   993   983   999
 2829     993   977   983   986
 2830     993   983   999  1002
 2831     993   983  1002   986
 2832     990   991   994   999
 2833     990   994   993   999
 2834     991   994   999  1000
 2835     994   993   999  1002
 2836     994   999  1000  1003
 2837     994   999  1003  1002
 2838     991   992   995  1000
 2839     991   995   994  1000
 2840     992   995  1000  1001
 2841     995   994  1000  1003
 2842     995  1000  1001  1004
 2843     995  1000  1004  1003
 2844     977   993   996   986
 2845     977   996   980   986
 2846     993   996   986  1002
 2847     996   980   986   989
 2848     996   986  1002  1005
 2849     996   986  1005   989
 2850     993   994   997  1002
 2851     993   997   996  1002
 2852     994   997  1002  1003
 2853     997   996  1002  1005
 2854     997  1002  1003  1006
 2855     997  1002  1006  1005
 2856     994   995   998  1003
 2857     994   998   997  1003
 2858     995   998  1003  1004
 2859     998   997  1003  1006
 2860     998  1003  1004  1007
 2861     998  1003  1007  1006
 2862     854   870  1008   863
 2863     854  1008   992   863
 2864     870  1008   863   879
 2865    1008   992   863  1001
 2866    1008   863   879  1017
 2867    1008   863  1017  1001
 2868     870   871  1009   879
 2869     870  1009  1008   879
 2870     871  1009   879   880
 2871    1009  1008   879  1017
 2872    1009   879   880  1018
 2873    1009   879  1018  1017
 2874     871   872  1010   880
 2875     871  1010  1009   880
 2876     872  1010   880   881
 2877    1010  1009   880  1018
 2878    1010   880   881  1019
 2879    1010   880  1019  1018
 2880     992  1008  1011  1001
 2881     992  1011   995  1001
 2882    1008  1011  1001  1017
 2883    1011   995  1001  1004
 2884    1011  1001  1017  1020
 2885    1011  1001  1020  1004
 2886    1008  1009  1012  1017
 2887    1008  1012  1011  1017
 2888    1009  1012  1017  1018
 2889    1012  1011  1017  1020
 2890    1012  1017  1018  1021
 2891    1012  1017  1021  1020
 2892    1009  1010  1013  1018
 2893    1009  1013  1012  1018
 2894    1010  1013  1018  1019
 2895    1013  1012  1018  1021
 2896    1013  1018  1019  1022
 2897    1013  1018  1022  1021
 2898     995  1011  1014  1004
 2899     995  1014   998  1004
 2900    1011  1014  1004  1020
 2901    1014   998  1004  1007
 2902    1014  1004  1020  1023
 2903    1014  1004  1023  1007
 2904    1011  1012  1015  1020
 2905    1011  1015  1014  1020
 2906    1012  1015  1020  1021
 2907    1015  1014  1020  1023
 2908    1015  1020  1021  1024
 2909    1015  1020  1024  1023
 2910    1012  1013  1016  1021
 2911    1012  1016  1015  1021
 2912    1013  1016  1021  1022
 2913    1016  1015  1021  1024
 2914    1016  1021  1022  1025
 2915    1016  1021  1025  1024
 2916     872   888  1026   881
 2917     872  1026  1010   881
 2918     888  1026   881   897
 2919    1026  1010   881  1019
 2920    1026   881   897  1035
 2921    1026   881  1035  1019
 2922     888   889  1027   897
 2923     888  1027  1026   897
 2924     889  1027   897   898
 2925    1027  1026   897  1035
 2926    1027   897   898  1036
 2927    1027   897  1036  1035
 2928     889   890  1028   898
 2929     889  1028  1027   898
 2930     890  1028   898   899
 2931    1028  1027   898  1036
 2932    1028   898   899  1037
 2933    1028   898  1037  1036
 2934    1010  1026  1029  1019
 2935    1010  1029  1013  1019
 2936    1026  1029  1019  1035
 2937    1029  1013  1019  1022
 2938    1029  1019  1035  1038
 2939    1029  1019  1038  1022
 2940    1026  1027  1030  1035
 2941    1026  1030  1029  1035
 2942    1027  1030  1035  1036
 2943    1030  1029  1035  1038
 2944    1030  1035  1036  1039
 2945    1030  1035  1039  1038
 2946    1027  1028  1031  1036
 2947    1027  1031  1030  1036
 2948    1028  1031  1036  1037
 2949    1031  1030  1036  1039
 2950    1031  1036  1037  1040
 2951    1031  1036  1040  1039
 2952    1013  1029  1032  1022
 2953    1013  1032  1016  1022
 2954    1029  1032  1022  1038
 2955    1032  1016  1022  1025
 2956    1032  1022  1038  1041
 2957    1032  1022  1041  1025
 2958    1029  1030  1033  1038
 2959    1029  1033  1032  1038
 2960    1030  1033  1038  1039
 2961    1033  1032  1038  1041
 2962    1033  1038  1039  1042
 2963    1033  1038  1042  1041
 2964    1030  1031  1034  1039
 2965    1030  1034  1033  1039
 2966    1031  1034  1039  1040
 2967    1034  1033  1039  1042
 2968    1034  1039  1040  1043
 2969    1034  1039  1043  1042
 2970     890   904  1044   899
 2971     890  1044  1028   899
 2972     904  1044   899   910
 2973    1044  1028   899  1037
 2974    1044   899   910  1050
 2975    1044   899  1050  1037
 2976     904   905  1045   910
 2977     904  1045  1044   910
 2978     905  1045   910   911
 2979    1045  1044   910  1050
 2980    1045   910   911  1051
 2981    1045   910  1051  1050
 2982     905   776   912   911
 2983     905   912  1045   911
 2984     776   912   911   788
 2985     912  1045   911  1051
 2986     912   911   788   924
 2987     912   911   924  1051
 2988    1028  1044  1046  1037
 2989    1028  1046  1031  1037
 2990    1044  1046  1037  1050
 2991    1046  1031  1037  1040
 2992    1046  1037  1050  1052
 2993    1046  1037  1052  1040
 2994    1044  1045  1047  1050
 2995    1044  1047  1046  1050
 2996    1045  1047  1050  1051
 2997    1047  1046  1050  1052
 2998    1047  1050  1051  1053
 2999    1047  1050  1053  1052
 3000    1045   912   916  1051
 3001    1045   916  1047  1051
 3002     912   916  1051   924
 3003     916  1047  1051  1053
 3004     916  1051   924   928
 3005     916  1051   928  1053
 3006    1031  1046  1048  1040
 3007    1031  1048  1034  1040
 3008    1046  1048  1040  1052
 3009    1048  1034  1040  1043
 3010    1048  1040  1052  1054
 3011    1048  1040  1054  1043
 3012    1046  1047  1049  1052
 3013    1046  1049  1048  1052
 3014    1047  1049  1052  1053
 3015    1049  1048  1052  1054
 3016    1049  1052  1053  1055
 3017    1049  1052  1055  1054
 3018    1047   916   920  1053
 3019    1047   920  1049  1053
 3020     916   920  1053   928
 3021     920  1049  1053  1055
 3022     920  1053   928   932
 3023     920  1053   932  1055
 3024     920   921  1057   932
 3025     920  1057  1056   932
 3026     921  1057   932   933
 3027    1057  1056   932  1068
 3028    1057   932   933  1069
 3029    1057   932  1069  1068
 3030     921   922  1058   933
 3031     921  1058  1057   933
 3032     922  1058   933   934
 3033    1058  1057   933  1069
 3034    1058   933   934  1070
 3035    1058   933  1070  1069
 3036     922   923  1059   934
 3037     922  1059  1058   934
 3038     923  1059   934   935
 3039    1059  1058   934  1070
 3040    1059   934   935  1071
 3041    1059   934  1071  1070
 3042    1056  1057  1061  1068
 3043    1056  1061  1060  1068
 3044    1057  1061  1068  1069
 3045    1061  1060  1068  1072
 3046    1061  1068  1069  1073
 3047    1061  1068  1073  1072
 3048    1057  1058  1062  1069
 3049    1057  1062  1061  1069
 3050    1058  1062  1069  1070
 3051    1062  1061  1069  1073
 3052    1062  1069  1070  1074
 3053    1062  1069  1074  1073
 3054    1058  1059  1063  1070
 3055    1058  1063  1062  1070
 3056    1059  1063  1070  1071
 3057    1063  1062  1070  1074
 3058    1063  1070  1071  1075
 3059    1063  1070  1075  1074
 3060    1060  1061  1065  1072
 3061    1060  1065  1064  1072
 3062    1061  1065  1072  1073
 3063    1065  1064  1072  1076
 3064    1065  1072  1073  1077
 3065    1065  1072  1077  1076
 3066    1061  1062  1066  1073
 3067    1061  1066  1065  1073
 3068    1062  1066  1073  1074
 3069    1066  1065  1073  1077
 3070    1066  1073  1074  1078
 3071    1066  1073  1078  1077
 3072    1062  1063  1067  1074
 3073    1062  1067  1066  1074
 3074    1063  1067  1074  1075
 3075    1067  1066  1074  1078
 3076    1067  1074  1075  1079
 3077    1067  1074  1079  1078
 3078     923   942  1080   935
 3079     923  1080  1059   935
 3080     942  1080   935   951
 3081    1080  1059   935  1071
 3082    1080   935   951  1089
 3083    1080   935  1089  1071
 3084     942   943  1081   951
 3085     942  1081  1080   951
 3086     943  1081   951   952
 3087    1081  1080   951  1089
 3088    1081   951   952  1090
 3089    1081   951  1090  1089
 3090     943   944  1082   952
 3091     943  1082  1081   952
 3092     944  1082   952   953
 3093    1082  1081   952  1090
 3094    1082   952   953  1091
 3095    1082   952  1091  1090
 3096    1059  1080  1083  1071
 3097    1059  1083  1063  1071
 3098    1080  1083  1071  1089
 3099    1083  1063  1071  1075
 3100    1083  1071  1089  1092
 3101    1083  1071  1092  1075
 3102    1080  1081  1084  1089
 3103    1080  1084  1083  1089
 3104    1081  1084  1089  1090
 3105    1084  1083  1089  1092
 3106    1084  1089  1090  1093
 3107    1084  1089  1093  1092
 3108    1081  1082  1085  1090
 3109    1081  1085  1084  1090
 3110    1082  1085  1090  1091
 3111    1085  1084  1090  1093
 3112    1085  1090  1091  1094
 3113    1085  1090  1094  1093
 3114    1063  1083  1086  1075
 3115    1063  1086  1067  1075
 3116    1083  1086  1075  1092
 3117    1086  1067  1075  1079
 3118    1086  1075  1092  1095
 3119    1086  1075  1095  1079
 3120    1083  1084  1087  1092
 3121    1083  1087  1086  1092
 3122    1084  1087  1092  1093
 3123    1087  1086  1092  1095
 3124    1087  1092  1093  1096
 3125    1087  1092  1096  1095
 3126    1084  1085  1088  1093
 3127    1084  1088  1087  1093
 3128    1085  1088  1093  1094
 3129    1088  1087  1093  1096
 3130    1088  1093  1094  1097
 3131    1088  1093  1097  1096
 3132     944   960  1098   953
 3133     944  1098  1082   953
 3134     960  1098   953   969
 3135    1098  1082   953  1091
 3136    1098   953   969  1107
 3137    1098   953  1107  1091
 3138     960   961  1099   969
 3139     960  1099  1098   969
 3140     961  1099   969   970
 3141    1099  1098   969  1107
 3142    1099   969   970  1108
 3143    1099   969  1108  1107
 3144     961   962  1100   970
 3145     961  1100  1099   970
 3146     962  1100   970   971
 3147    1100  1099   970  1108
 3148    1100   970   971  1109
 3149    1100   970  1109  1108
 3150    1082  1098  1101  1091
 3151    1082  1101  1085  1091
 3152    1098  1101  1091  1107
 3153    1101  1085  1091  1094
 3154    1101  1091  1107  1110
 3155    1101  1091  1110  1094
 3156    1098  1099  1102  1107
 3157    1098  1102  1101  1107
 3158    1099  1102  1107  1108
 3159    1102  1101  1107  1110
 3160    1102  1107  1108  1111
 3161    1102  1107  1111  1110
 3162    1099  1100  1103  1108
 3163    1099  1103  1102  1108
 3164    1100  1103  1108  1109
 3165    1103  1102  1108  1111
 3166    1103  1108  1109  1112
 3167    1103  1108  1112  1111
 3168    1085  1101  1104  1094
 3169    1085  1104  1088  1094
 3170    1101  1104  1094  1110
 3171    1104  1088  1094  1097
 3172    1104  1094  1110  1113
 3173    1104  1094  1113  1097
 3174    1101  1102  1105  1110
 3175    1101  1105  1104  1110
 3176    1102  1105  1110  1111
 3177    1105  1104  1110  1113
 3178    1105  1110  1111  1114
 3179    1105  1110  1114  1113
 3180    1102  1103  1106  1111
 3181    1102  1106  1105  1111
 3182    1103  1106  1111  1112
 3183    1106  1105  1111  1114
 3184    1106  1111  1112  1115
 3185    1106  1111  1115  1114
 3186     962   978  1116   971
 3187     962  1116  1100   971
 3188     978  1116   971   987
 3189    1116  1100   971  1109
 3190    1116   971   987  1125
 3191    1116   971  1125  1109
 3192     978   979  1117   987
 3193     978  1117  1116   987
 3194     979  1117   987   988
 3195    1117  1116   987  1125
 3196    1117   987   988  1126
 3197    1117   987  1126  1125
 3198     979   980  1118   988
 3199     979  1118  1117   988
 3200     980  1118   988   989
 3201    1118  1117   988  1126
 3202    1118   988   989  1127
 3203    1118   988  1127  1126
 3204    1100  1116  1119  1109
 3205    1100  1119  1103  1109
 3206    1116  1119  1109  1125
 3207    1119  1103  1109  1112
 3208    1119  1109  1125  1128
 3209    1119  1109  1128  1112
 3210    1116  1117  1120  1125
 3211    1116  1120  1119  1125
 3212    1117  1120  1125  1126
 3213    1120  1119  1125  1128
 3214    1120  1125  1126  1129
 3215    1120  1125  1129  1128
 3216    1117  1118  1121  1126
 3217    1117  1121  1120  1126
 3218    1118  1121  1126  1127
 3219    1121  1120  1126  1129
 3220    1121  1126  1127  1130
 3221    1121  1126  1130  1129
 3222    1103  1119  1122  1112
 3223    1103  1122  1106  1112
 3224    1119  1122  1112  1128
 3225    1122  1106  1112  1115
 3226    1122  1112  1128  1131
 3227    1122  1112  1131  1115
 3228    1119  1120  1123  1128
 3229    1119  1123  1122  1128
 3230    1120  1123  1128  1129
 3231    1123  1122  1128  1131
 3232    1123  1128  1129  1132
 3233    1123  1128  1132  1131
 3234    1120  1121  1124  1129
 3235    1120  1124  1123  1129
 3236    1121  1124  1129  1130
 3237    1124  1123  1129  1132
 3238    1124  1129  1130  1133
 3239    1124  1129  1133  1132
 3240     980   996  1134   989
 3241     980  1134  1118   989
 3242     996  1134   989  1005
 3243    1134  1118   989  1127
 3244    1134   989  1005  1143
 3245    1134   989  1143  1127
 3246     996   997  1135  1005
 3247     996  1135  1134  1005
 3248     997  1135  1005  1006
 3249    1135  1134  1005  1143
 3250    1135  1005  1006  1144
 3251    1135  1005  1144  1143
 3252     997   998  1136  1006
 3253     997  1136  1135  1006
 3254     998  1136  1006  1007
 3255    1136  1135  1006  1144
 3256    1136  1006  1007  1145
 3257    1136  1006  1145  1144
 3258    1118  1134  1137  1127
 3259    1118  1137  1121  1127
 3260    1134  1137  1127  1143
 3261    1137  1121  1127  1130
 3262    1137  1127  1143  1146
 3263    1137  1127  1146  1130
 3264    1134  1135  1138  1143
 3265    1134  1138  1137  1143
 3266    1135  1138  1143  1144
 3267    1138  1137  1143  1146
 3268    1138  1143  1144  1147
 3269    1138  1143  1147  1146
 3270    1135  1136  1139  1144
 3271    1135  1139  1138  1144
 3272    1136  1139  1144  1145
 3273    1139  1138  1144  1147
 3274    1139  1144  1145  1148
 3275    1139  1144  1148  1147
 3276    1121  1137  1140  1130
 3277    1121  1140  1124  1130
 3278    1137  1140  1130  1146
 3279    1140  1124  1130  1133
 3280    1140  1130  1146  1149
 3281    1140  1130  1149  1133
 3282    1137  1138  1141  1146
 3283    1137  1141  1140  1146
 3284    1138  1141  1146  1147
 3285    1141  1140  1146  1149
 3286    1141  1146  1147  1150
 3287    1141  1146  1150  1149
 3288    1138  1139  1142  1147
 3289    1138  1142  1141  1147
 3290    1139  1142  1147  1148
 3291    1142  1141  1147  1150
 3292    1142  1147  1148  1151
 3293    1142  1147  1151  1150
 3294     998  1014  1152  1007
 3295     998  1152  1136  1007
 3296    1014  1152  1007  1023
 3297    1152  1136  1007  1145
 3298    1152  1007  1023  1161
 3299    1152  1007  1161  1145
 3300    1014  1015  1153  1023
 3301    1014  1153  1152  1023
 3302    1015  1153  1023  1024
 3303    1153  1152  1023  1161
 3304    1153  1023  1024  1162
 3305    1153  1023  1162  1161
 3306    1015  1016  1154  1024
 3307    1015  1154  1153  1024
 3308    1016  1154  1024  1025
 3309    1154  1153  1024  1162
 3310    1154  1024  1025  1163
 3311    1154  1024  1163  1162
 3312    1136  1152  1155  1145
 3313    1136  1155  1139  1145
 3314    1152  1155  1145  1161
 3315    1155  1139  1145  1148
 3316    1155  1145  1161  1164
 3317    1155  1145  1164  1148
 3318    1152  1153  1156  1161
 3319    1152  1156  1155  1161
 3320    1153  1156  1161  1162
 3321    1156  1155  1161  1164
 3322    1156  1161  1162  1165
 3323    1156  1161  1165  1164
 3324    1153  1154  1157  1162
 3325    1153  1157  1156  1162
 3326    1154  1157  1162  1163
 3327    1157  1156  1162  1165
 3328    1157  1162  1163  1166
 3329    1157  1162  1166  1165
 3330    1139  1155  1158  1148
 3331    1139  1158  1142  1148
 3332    1155  1158  1148  1164
 3333    1158  1142  1148  1151
 3334    1158  1148  1164  1167
 3335    1158  1148  1167  1151
 3336    1155  1156  1159  1164
 3337    1155  1159  1158  1164
 3338    1156  1159  1164  1165
 3339    1159  1158  1164  1167
 3340    1159  1164  1165  1168
 3341    1159  1164  1168  1167
 3342    1156  1157  1160  1165
 3343    1156  1160  1159  1165
 3344    1157  1160  1165  1166
 3345    1160  1159  1165  1168
 3346    1160  1165  1166  1169
 3347    1160  1165  1169  1168
 3348    1016  1032  1170  1025
 3349    1016  1170  1154  1025
 3350    1032  1170  1025  1041
 3351    1170  1154  1025  1163
 3352    1170  1025  1041  1179
 3353    1170  1025  1179  1163
 3354    1032  1033  1171  1041
 3355    1032  1171  1170  1041
 3356    1033  1171  1041  1042
 3357    1171  1170  1041  1179
 3358    1171  1041  1042  1180
 3359    1171  1041  1180  1179
 3360    1033  1034  1172  1042
 3361    1033  1172  1171  1042
 3362    1034  1172  1042  1043
 3363    1172  1171  1042  1180
 3364    1172  1042  1043  1181
 3365    1172  1042  1181  1180
 3366    1154  1170  1173  1163
 3367    1154  1173  1157  1163
 3368    1170  1173  1163  1179
 3369    1173  1157  1163  1166
 3370    1173  1163  1179  1182
 3371    1173  1163  1182  1166
 3372    1170  1171  1174  1179
 3373    1170  1174  1173  1179
 3374    1171  1174  1179  1180
 3375    1174  1173  1179  1182
 3376    1174  1179  1180  1183
 3377    1174  1179  1183  1182
 3378    1171  1172  1175  1180
 3379    1171  1175  1174  1180
 3380    1172  1175  1180  1181
 3381    1175  1174  1180  1183
 3382    1175  1180  1181  1184
 3383    1175  1180  1184  1183
 3384    1157  1173  1176  1166
 3385    1157  1176  1160  1166
 3386    1173  1176  1166  1182
 3387    1176  1160  1166  1169
 3388    1176  1166  1182  1185
 3389    1176  1166  1185  1169
 3390    1173  1174  1177  1182
 3391    1173  1177  1176  1182
 3392    1174  1177  1182  1183
 3393    1177  1176  1182  1185
 3394    1177  1182  1183  1186
 3395    1177  1182  1186  1185
 3396    1174  1175  1178  1183
 3397    1174  1178  1177  1183
 3398    1175  1178  1183  1184
 3399    1178  1177  1183  1186
 3400    1178  1183  1184  1187
 3401    1178  1183  1187  1186
 3402    1034  1048  1188  1043
 3403    1034  1188  1172  1043
 3404    1048  1188  1043  1054
 3405    1188  1172  1043  1181
 3406    1188  1043  1054  1194
 3407    1188  1043  1194  1181
 3408    1048  1049  1189  1054
 3409    1048  1189  1188  1054
 3410    1049  1189  1054  1055
 3411    1189  1188  1054  1194
 3412    1189  1054  1055  1195
 3413    1189  1054  1195  1194
 3414    1049   920  1056  1055
 3415    1049  1056  1189  1055
 3416     920  1056  1055   932
 3417    1056  1189  1055  1195
 3418    1056  1055   932  1068
 3419    1056  1055  1068  1195
 3420    1172  1188  1190  1181
 3421    1172  1190  1175  1181
 3422    1188  1190  1181  1194
 3423    1190  1175  1181  1184
 3424    1190  1181  1194  1196
 3425    1190  1181  1196  1184
 3426    1188  1189  1191  1194
 3427    1188  1191  1190  1194
 3428    1189  1191  1194  1195
 3429    1191  1190  1194  1196
 3430    1191  1194  1195  1197
 3431    1191  1194  1197  1196
 3432    1189  1056  1060  1195
 3433    1189  1060  1191  1195
 3434    1056  1060  1195  1068
 3435    1060  1191  1195  1197
 3436    1060  1195  1068  1072
 3437    1060  1195  1072  1197
 3438    1175  1190  1192  1184
 3439    1175  1192  1178  1184
 3440    1190  1192  1184  1196
 3441    1192  1178  1184  1187
 3442    1192  1184  1196  1198
 3443    1192  1184  1198  1187
 3444    1190  1191  1193  1196
 3445    1190  1193  1192  1196
 3446    1191  1193  1196  1197
 3447    1193  1192  1196  1198
 3448    1193  1196  1197  1199
 3449    1193  1196  1199  1198
 3450    1191  1060  1064  1197
 3451    1191  1064  1193  1197
 3452    1060  1064  1197  1072
 3453    1064  1193  1197  1199
 3454    1064  1197  1072  1076
 3455    1064  1197  1076  1199
 3456    1064  1065  1201  1076
 3457    1064  1201  1200  1076
 3458    1065  1201  1076  1077
 3459    1201  1200  1076  1212
 3460    1201  1076  1077  1213
 3461    1201  1076  1213  1212
 3462    1065  1066  1202  1077
 3463    1065  1202  1201  1077
 3464    1066  1202  1077  1078
 3465    1202  1201  1077  1213
 3466    1202  1077  1078  1214
 3467    1202  1077  1214  1213
 3468    1066  1067  1203  1078
 3469    1066  1203  1202  1078
 3470    1067  1203  1078  1079
 3471    1203  1202  1078  1214
 3472    1203  1078  1079  1215
 3473    1203  1078  1215  1214
 3474    1200  1201  1205  1212
 3475    1200  1205  1204  1212
 3476    1201  1205  1212  1213
 3477    1205  1204  1212  1216
 3478    1205  1212  1213  1217
 3479    1205  1212  1217  1216
 3480    1201  1202  1206  1213
 3481    1201  1206  1205  1213
 3482    1202  1206  1213  1214
 3483    1206  1205  1213  1217
 3484    1206  1213  1214  1218
 3485    1206  1213  1218  1217
 3486    1202  1203  1207  1214
 3487    1202  1207  1206  1214
 3488    1203  1207  1214  1215
 3489    1207  1206  1214  1218
 3490    1207  1214  1215  1219
 3491    1207  1214  1219  1218
 3492    1204  1205  1209  1216
 3493    1204  1209  1208  1216
 3494    1205  1209  1216  1217
 3495    1209  1208  1216  1220
 3496    1209  1216  1217  1221
 3497    1209  1216  1221  1220
 3498    1205  1206  1210  1217
 3499    1205  1210  1209  1217
 3500    1206  1210  1217  1218
 3501    1210  1209  1217  1221
 3502    1210  1217  1218  1222
 3503    1210  1217  1222  1221
 3504    1206  1207  1211  1218
 3505    1206  1211  1210  1218
 3506    1207  1211  1218  1219
 3507    1211  1210  1218  1222
 3508    1211  1218  1219  1223
 3509    1211  1218  1223  1222
 3510    1067  1086  1224  1079
 3511    1067  1224  1203  1079
 3512    1086  1224  1079  1095
 3513    1224  1203  1079  1215
 3514    1224  1079  1095  1233
 3515    1224  1079  1233  1215
 3516    1086  1087  1225  1095
 3517    1086  1225  1224  1095
 3518    1087  1225  1095  1096
 3519    1225  1224  1095  1233
 3520    1225  1095  1096  1234
 3521    1225  1095  1234  1233
 3522    1087  1088  1226  1096
 3523    1087  1226  1225  1096
 3524    1088  1226  1096  1097
 3525    1226  1225  1096  1234
 3526    1226  1096  1097  1235
 3527    1226  1096  1235  1234
 3528    1203  1224  1227  1215
 3529    1203  1227  1207  1215
 3530    1224  1227  1215  1233
 3531    1227  1207  1215  1219
 3532    1227  1215  1233  1236
 3533    1227  1215  1236  1219
 3534    1224  1225  1228  1233
 3535    1224  1228  1227  1233
 3536    1225  1228  1233  1234
 3537    1228  1227  1233  1236
 3538    1228  1233  1234  1237
 3539    1228  1233  1237  1236
 3540    1225  1226  1229  1234
 3541    1225  1229  1228  1234
 3542    1226  1229  1234  1235
 3543    1229  1228  1234  1237
 3544    1229  1234  1235  1238
 3545    1229  1234  1238  1237
 3546    1207  1227  1230  1219
 3547    1207  1230  1211  1219
 3548    1227  1230  1219  1236
 3549    1230  1211  1219  1223
 3550    1230  1219  1236  1239
 3551    1230  1219  1239  1223
 3552    1227  1228  1231  1236
 3553    1227  1231  1230  1236
 3554    1228  1231  1236  1237
 3555    1231  1230  1236  1239
 3556    1231  1236  1237  1240
 3557    1231  1236  1240  1239
 3558    1228  1229  1232  1237
 3559    1228  1232  1231  1237
 3560    1229  1232  1237  1238
 3561    1232  1231  1237  1240
 3562    1232  1237  1238  1241
 3563    1232  1237  1241  1240
 3564    1088  1104  1242  1097
 3565    1088  1242  1226  1097
 3566    1104  1242  1097  1113
 3567    1242  1226  1097  1235
 3568    1242  1097  1113  1251
 3569    1242  1097  1251  1235
 3570    1104  1105  1243  1113
 3571    1104  1243  1242  1113
 3572    1105  1243  1113  1114
 3573    1243  1242  1113  1251
 3574    1243  1113  1114  1252
 3575    1243  1113  1252  1251
 3576    1105  1106  1244  1114
 3577    1105  1244  1243  1114
 3578    1106  1244  1114  1115
 3579    1244  1243  1114  1252
 3580    1244  1114  1115  1253
 3581    1244  1114  1253  1252
 3582    1226  1242  1245  1235
 3583    1226  1245  1229  1235
 3584    1242  1245  1235  1251
 3585    1245  1229  1235  1238
 3586    1245  1235  1251  1254
 3587    1245  1235  1254  1238
 3588    1242  1243  1246  1251
 3589    1242  1246  1245  1251
 3590    1243  1246  1251  1252
 3591    1246  1245  1251  1254
 3592    1246  1251  1252  1255
 3593    1246  1251  1255  1254
 3594    1243  1244  1247  1252
 3595    1243  1247  1246  1252
 3596    1244  1247  1252  1253
 3597    1247  1246  1252  1255
 3598    1247  1252  1253  1256
 3599    1247  1252  1256  1255
 3600    1229  1245  1248  1238
 3601    1229  1248  1232  1238
 3602    1245  1248  1238  1254
 3603    1248  1232  1238  1241
 3604    1248  1238  1254  1257
 3605    1248  1238  1257  1241
 3606    1245  1246  1249  1254
 3607    1245  1249  1248  1254
 3608    1246  1249  1254  1255
 3609    1249  1248  1254  1257
 3610    1249  1254  1255  1258
 3611    1249  1254  1258  1257
 3612    1246  1247  1250  1255
 3613    1246  1250  1249  1255
 3614    1247  1250  1255  1256
 3615    1250  1249  1255  1258
 3616    1250  1255  1256  1259
 3617    1250  1255  1259  1258
 3618    1106  1122  1260  1115
 3619    1106  1260  1244  1115
 3620    1122  1260  1115  1131
 3621    1260  1244  1115  1253
 3622    1260  1115  1131  1269
 3623    1260  1115  1269  1253
 3624    1122  1123  1261  1131
 3625    1122  1261  1260  1131
 3626    1123  1261  1131  1132
 3627    1261  1260  1131  1269
 3628    1261  1131  1132  1270
 3629    1261  1131  1270  1269
 3630    1123  1124  1262  1132
 3631    1123  1262  1261  1132
 3632    1124  1262  1132  1133
 3633    1262  1261  1132  1270
 3634    1262  1132  1133  1271
 3635    1262  1132  1271  1270
 3636    1244  1260  1263  1253
 3637    1244  1263  1247  1253
 3638    1260  1263  1253  1269
 3639    1263  1247  1253  1256
 3640    1263  1253  1269  1272
 3641    1263  1253  1272  1256
 3642    1260  1261  1264  1269
 3643    1260  1264  1263  1269
 3644    1261  1264  1269  1270
 3645    1264  1263  1269  1272
 3646    1264  1269  1270  1273
 3647    1264  1269  1273  1272
 3648    1261  1262  1265  1270
 3649    1261  1265  1264  1270
 3650    1262  1265  1270  1271
 3651    1265  1264  1270  1273
 3652    1265  1270  1271  1274
 3653    1265  1270  1274  1273
 3654    1247  1263  1266  1256
 3655    1247  1266  1250  1256
 3656    1263  1266  1256  1272
 3657    1266  1250  1256  1259
 3658    1266  1256  1272  1275
 3659    1266  1256  1275  1259
 3660    1263  1264  1267  1272
 3661    1263  1267  1266  1272
 3662    1264  1267  1272  1273
 3663    1267  1266  1272  1275
 3664    1267  1272  1273  1276
 3665    1267  1272  1276  1275
 3666    1264  1265  1268  1273
 3667    1264  1268  1267  1273
 3668    1265  1268  1273  1274
 3669    1268  1267  1273  1276
 3670    1268  1273  1274  1277
 3671    1268  1273  1277  1276
 3672    1124  1140  1278  1133
 3673    1124  1278  1262  1133
 3674    1140  1278  1133  1149
 3675    1278  1262  1133  1271
 3676    1278  1133  1149  1287
 3677    1278  1133  1287  1271
 3678    1140  1141  1279  1149
 3679    1140  1279  1278  1149
 3680    1141  1279  1149  1150
 3681    1279  1278  1149  1287
 3682    1279  1149  1150  1288
 3683    1279  1149  1288  1287
 3684    1141  1142  1280  1150
 3685    1141  1280  1279  1150
 3686    1142  1280  1150  1151
 3687    1280  1279  1150  1288
 3688    1280  1150  1151  1289
 3689    1280  1150  1289  1288
 3690    1262  1278  1281  1271
 3691    1262  1281  1265  1271
 3692    1278  1281  1271  1287
 3693    1281  1265  1271  1274
 3694    1281  1271  1287  1290
 3695    1281  1271  1290  1274
 3696    1278  1279  1282  1287
 3697    1278  1282  1281  1287
 3698    1279  1282  1287  1288
 3699    1282  1281  1287  1290
 3700    1282  1287  1288  1291
 3701    1282  1287  1291  1290
 3702    1279  1280  1283  1288
 3703    1279  1283  1282  1288
 3704    1280  1283  1288  1289
 3705    1283  1282  1288  1291
 3706    1283  1288  1289  1292
 3707    1283  1288  1292  1291
 3708    1265  1281  1284  1274
 3709    1265  1284  1268  1274
 3710    1281  1284  1274  1290
 3711    1284  1268  1274  1277
 3712    1284  1274  1290  1293
 3713    1284  1274  1293  1277
 3714    1281  1282  1285  1290
 3715    1281  1285  1284  1290
 3716    1282  1285  1290  1291
 3717    1285  1284  1290  1293
 3718    1285  1290  1291  1294
 3719    1285  1290  1294  1293
 3720    1282  1283  1286  1291
 3721    1282  1286  1285  1291
 3722    1283  1286  1291  1292
 3723    1286  1285  1291  1294
 3724    1286  1291  1292  1295
 3725    1286  1291  1295  1294
 3726    1142  1158  1296  1151
 3727    1142  1296  1280  1151
 3728    1158  1296  1151  1167
 3729    1296  1280  1151  1289
 3730    1296  1151  1167  1305
 3731    1296  1151  1305  1289
 3732    1158  1159  1297  1167
 3733    1158  1297  1296  1167
 3734    1159  1297  1167  1168
 3735    1297  1296  1167  1305
 3736    1297  1167  1168  1306
 3737    1297  1167  1306  1305
 3738    1159  1160  1298  1168
 3739    1159  1298  1297  1168
 3740    1160  1298  1168  1169
 3741    1298  1297  1168  1306
 3742    1298  1168  1169  1307
 3743    1298  1168  1307  1306
 3744    1280  1296  1299  1289
 3745    1280  1299  1283  1289
 3746    1296  1299  1289  1305
 3747    1299  1283  1289  1292
 3748    1299  1289  1305  1308
 3749    1299  1289  1308  1292
 3750    1296  1297  1300  1305
 3751    1296  1300  1299  1305
 3752    1297  1300  1305  1306
 3753    1300  1299  1305  1308
 3754    1300  1305  1306  1309
 3755    1300  1305  1309  1308
 3756    1297  1298  1301  1306
 3757    1297  1301  1300  1306
 3758    1298  1301  1306  1307
 3759    1301  1300  1306  1309
 3760    1301  1306  1307  1310
 3761    1301  1306  1310  1309
 3762    1283  1299  1302  1292
 3763    1283  1302  1286  1292
 3764    1299  1302  1292  1308
 3765    1302  1286  1292  1295
 3766    1302  1292  1308  1311
 3767    1302  1292  1311  1295
 3768    1299  1300  1303  1308
 3769    1299  1303  1302  1308
 3770    1300  1303  1308  1309
 3771    1303  1302  1308  1311
 3772    1303  1308  1309  1312
 3773    1303  1308  1312  1311
 3774    1300  1301  1304  1309
 3775    1300  1304  1303  1309
 3776    1301  1304  1309  1310
 3777    1304  1303  1309  1312
 3778    1304  1309  1310  1313
 3779    1304  1309  1313  1312
 3780    1160  1176  1314  1169
 3781    1160  1314  1298  1169
 3782    1176  1314  1169  1185
 3783    1314  1298  1169  1307
 3784    1314  1169  1185  1323
 3785    1314  1169  1323  1307
 3786    1176  1177  1315  1185
 3787    1176  1315  1314  1185
 3788    1177  1315  1185  1186
 3789    1315  1314  1185  1323
 3790    1315  1185  1186  1324
 3791    1315  1185  1324  1323
 3792    1177  1178  1316  1186
 3793    1177  1316  1315  1186
 3794    1178  1316  1186  1187
 3795    1316  1315  1186  1324
 3796    1316  1186  1187  1325
 3797    1316  1186  1325  1324
 3798    1298  1314  1317  1307
 3799    1298  1317  1301  1307
 3800    1314  1317  1307  1323
 3801    1317  1301  1307  1310
 3802    1317  1307  1323  1326
 3803    1317  1307  1326  1310
 3804    1314  1315  1318  1323
 3805    1314  1318  1317  1323
 3806    1315  1318  1323  1324
 3807    1318  1317  1323  1326
 3808    1318  1323  1324  1327
 3809    1318  1323  1327  1326
 3810    1315  1316  1319  1324
 3811    1315  1319  1318  1324
 3812    1316  1319  1324  1325
 3813    1319  1318  1324  1327
 3814    1319  1324  1325  1328
 3815    1319  1324  1328  1327
 3816    1301  1317  1320  1310
 3817    1301  1320  1304  1310
 3818    1317  1320  1310  1326
 3819    1320  1304  1310  1313
 3820    1320  1310  1326  1329
 3821    1320  1310  1329  1313
 3822    1317  1318  1321  1326
 3823    1317  1321  1320  1326
 3824    1318  1321  1326  1327
 3825    1321  1320  1326  1329
 3826    1321  1326  1327  1330
 3827    1321  1326  1330  1329
 3828    1318  1319  1322  1327
 3829    1318  1322  1321  1327
 3830    1319  1322  1327  1328
 3831    1322  1321  1327  1330
 3832    1322  1327  1328  1331
 3833    1322  1327  1331  1330
 3834    1178  1192  1332  1187
 3835    1178  1332  1316  1187
 3836    1192  1332  1187  1198
 3837    1332  1316  1187  1325
 3838    1332  1187  1198  1338
 3839    1332  1187  1338  1325
 3840    1192  1193  1333  1198
 3841    1192  1333  1332  1198
 3842    1193  1333  1198  1199
 3843    1333  1332  1198  1338
 3844    1333  1198  1199  1339
 3845    1333  1198  1339  1338
 3846    1193  1064  1200  1199
 3847    1193  1200  1333  1199
 3848    1064  1200  1199  1076
 3849    1200  1333  1199  1339
 3850    1200  1199  1076  1212
 3851    1200  1199  1212  1339
 3852    1316  1332  1334  1325
 3853    1316  1334  1319  1325
 3854    1332  1334  1325  1338
 3855    1334  1319  1325  1328
 3856    1334  1325  1338  1340
 3857    1334  1325  1340  1328
 3858    1332  1333  1335  1338
 3859    1332  1335  1334  1338
 3860    1333  1335  1338  1339
 3861    1335  1334  1338  1340
 3862    1335  1338  1339  1341
 3863    1335  1338  1341  1340
 3864    1333  1200  1204  1339
 3865    1333  1204  1335  1339
 3866    1200  1204  1339  1212
 3867    1204  1335  1339  1341
 3868    1204  1339  1212  1216
 3869    1204  1339  1216  1341
 3870    1319  1334  1336  1328
 3871    1319  1336  1322  1328
 3872    1334  1336  1328  1340
 3873    1336  1322  1328  1331
 3874    1336  1328  1340  1342
 3875    1336  1328  1342  1331
 3876    1334  1335  1337  1340
 3877    1334  1337  1336  1340
 3878    1335  1337  1340  1341
 3879    1337  1336  1340  1342
 3880    1337  1340  1341  1343
 3881    1337  1340  1343  1342
 3882    1335  1204  1208  1341
 3883    1335  1208  1337  1341
 3884    1204  1208  1341  1216
 3885    1208  1337  1341  1343
 3886    1208  1341  1216  1220
 3887    1208  1341  1220  1343
 3888    1208  1209  1345  1220
 3889    1208  1345  1344  1220
 3890    1209  1345  1220  1221
 3891    1345  1344  1220  1356
 3892    1345  1220  1221  1357
 3893    1345  1220  1357  1356
 3894    1209  1210  1346  1221
 3895    1209  1346  1345  1221
 3896    1210  1346  1221  1222
 3897    1346  1345  1221  1357
 3898    1346  1221  1222  1358
 3899    1346  1221  1358  1357
 3900    1210  1211  1347  1222
 3901    1210  1347  1346  1222
 3902    1211  1347  1222  1223
 3903    1347  1346  1222  1358
 3904    1347  1222  1223  1359
 3905    1347  1222  1359  1358
 3906    1344  1345  1349  1356
 3907    1344  1349  1348  1356
 3908    1345  1349  1356  1357
 3909    1349  1348  1356  1360
 3910    1349  1356  1357  1361
 3911    1349  1356  1361  1360
 3912    1345  1346  1350  1357
 3913    1345  1350  1349  1357
 3914    1346  1350  1357  1358
 3915    1350  1349  1357  1361
 3916    1350  1357  1358  1362
 3917    1350  1357  1362  1361
 3918    1346  1347  1351  1358
 3919    1346  1351  1350  1358
 3920    1347  1351  1358  1359
 3921    1351  1350  1358  1362
 3922    1351  1358  1359  1363
 3923    1351  1358  1363  1362
 3924    1348  1349  1353  1360
 3925    1348  1353  1352  1360
 3926    1349  1353  1360  1361
 3927    1353  1352  1360  1364
 3928    1353  1360  1361  1365
 3929    1353  1360  1365  1364
 3930    1349  1350  1354  1361
 3931    1349  1354  1353  1361
 3932    1350  1354  1361  1362
 3933    1354  1353  1361  1365
 3934    1354  1361  1362  1366
 3935    1354  1361  1366  1365
 3936    1350  1351  1355  1362
 3937    1350  1355  1354  1362
 3938    1351  1355  1362  1363
 3939    1355  1354  1362  1366
 3940    1355  1362  1363  1367
 3941    1355  1362  1367  1366
 3942    1211  1230  1368  1223
 3943    1211  1368  1347  1223
 3944    1230  1368  1223  1239
 3945    1368  1347  1223  1359
 3946    1368  1223  1239  1377
 3947    1368  1223  1377  1359
 3948    1230  1231  1369  1239
 3949    1230  1369  1368  1239
 3950    1231  1369  1239  1240
 3951    1369  1368  1239  1377
 3952    1369  1239  1240  1378
 3953    1369  1239  1378  1377
 3954    1231  1232  1370  1240
 3955    1231  1370  1369  1240
 3956    1232  1370  1240  1241
 3957    1370  1369  1240  1378
 3958    1370  1240  1241  1379
 3959    1370  1240  1379  1378
 3960    1347  1368  1371  1359
 3961    1347  1371  1351  1359
 3962    1368  1371  1359  1377
 3963    1371  1351  1359  1363
 3964    1371  1359  1377  1380
 3965    1371  1359  1380  1363
 3966    1368  1369  1372  1377
 3967    1368  1372  1371  1377
 3968    1369  1372  1377  1378
 3969    1372  1371  1377  1380
 3970    1372  1377  1378  1381
 3971    1372  1377  1381  1380
 3972    1369  1370  1373  1378
 3973    1369  1373  1372  1378
 3974    1370  1373  1378  1379
 3975    1373  1372  1378  1381
 3976    1373  1378  1379  1382
 3977    1373  1378  1382  1381
 3978    1351  1371  1374  1363
 3979    1351  1374  1355  1363
 3980    1371  1374  1363  1380
 3981    1374  1355  1363  1367
 3982    1374  1363  1380  1383
 3983    1374  1363  1383  1367
 3984    1371  1372  1375  1380
 3985    1371  1375  1374  1380
 3986    1372  1375  1380  1381
 3987    1375  1374  1380  1383
 3988    1375  1380  1381  1384
 3989    1375  1380  1384  1383
 3990    1372  1373  1376  1381
 3991    1372  1376  1375  1381
 3992    1373  1376  1381  1382
 3993    1376  1375  1381  1384
 3994    1376  1381  1382  1385
 3995    1376  1381  1385  1384
 3996    1232  1248  1386  1241
 3997    1232  1386  1370  1241
 3998    1248  1386  1241  1257
 3999    1386  1370  1241  1379
 4000    1386  1241  1257  1395
 4001    1386  1241  1395  1379
 4002    1248  1249  1387  1257
 4003    1248  1387  1386  1257
 4004    1249  1387  1257  1258
 4005    1387  1386  1257  1395
 4006    1387  1257  1258  1396
 4007    1387  1257  1396  1395
 4008    1249  1250  1388  1258
 4009    1249  1388  1387  1258
 4010    1250  1388  1258  1259
 4011    1388  1387  1258  1396
 4012    1388  1258  1259  1397
 4013    1388  1258  1397  1396
 4014    1370  1386  1389  1379
 4015    1370  1389  1373  1379
 4016    1386  1389  1379  1395
 4017    1389  1373  1379  1382
 4018    1389  1379  1395  1398
 4019    1389  1379  1398  1382
 4020    1386  1387  1390  1395
 4021    1386  1390  1389  1395
 4022    1387  1390  1395  1396
 4023    1390  1389  1395  1398
 4024    1390  1395  1396  1399
 4025    1390  1395  1399  1398
 4026    1387  1388  1391  1396
 4027    1387  1391  1390  1396
 4028    1388  1391  1396  1397
 4029    1391  1390  1396  1399
 4030    1391  1396  1397  1400
 4031    1391  1396  1400  1399
 4032    1373  1389  1392  1382
 4033    1373  1392  1376  1382
 4034    1389  1392  1382  1398
 4035    1392  1376  1382  1385
 4036    1392  1382  1398  1401
 4037    1392  1382  1401  1385
 4038    1389  1390  1393  1398
 4039    1389  1393  1392  1398
 4040    1390  1393  1398  1399
 4041    1393  1392  1398  1401
 4042    1393  1398  1399  1402
 4043    1393  1398  1402  1401
 4044    1390  1391  1394  1399
 4045    1390  1394  1393  1399
 4046    1391  1394  1399  1400
 4047    1394  1393  1399  1402
 4048    1394  1399  1400  1403
 4049    1394  1399  1403  1402
 4050    1250  1266  1404  1259
 4051    1250  1404  1388  1259
 4052    1266  1404  1259  1275
 4053    1404  1388  1259  1397
 4054    1404  1259  1275  1413
 4055    1404  1259  1413  1397
 4056    1266  1267  1405  1275
 4057    1266  1405  1404  1275
 4058    1267  1405  1275  1276
 4059    1405  1404  1275  1413
 4060    1405  1275  1276  1414
 4061    1405  1275  1414  1413
 4062    1267  1268  1406  1276
 4063    1267  1406  1405  1276
 4064    1268  1406  1276  1277
 4065    1406  1405  1276  1414
 4066    1406  1276  1277  1415
 4067    1406  1276  1415  1414
 4068    1388  1404  1407  1397
 4069    1388  1407  1391  1397
 4070    1404  1407  1397  1413
 4071    1407  1391  1397  1400
 4072    1407  1397  1413  1416
 4073    1407  1397  1416  1400
 4074    1404  1405  1408  1413
 4075    1404  1408  1407  1413
 4076    1405  1408  1413  1414
 4077    1408  1407  1413  1416
 4078    1408  1413  1414  1417
 4079    1408  1413  1417  1416
 4080    1405  1406  1409  1414
 4081    1405  1409  1408  1414
 4082    1406  1409  1414  1415
 4083    1409  1408  1414  1417
 4084    1409  1414  1415  1418
 4085    1409  1414  1418  1417
 4086    1391  1407  1410  1400
 4087    1391  1410  1394  1400
 4088    1407  1410  1400  1416
 4089    1410  1394  1400  1403
 4090    1410  1400  1416  1419
 4091    1410  1400  1419  1403
 4092    1407  1408  1411  1416
 4093    1407  1411  1410  1416
 4094    1408  1411  1416  1417
 4095    1411  1410  1416  1419
 4096    1411  1416  1417  1420
 4097    1411  1416  1420  1419
 4098    1408  1409  1412  1417
 4099    1408  1412  1411  1417
 4100    1409  1412  1417  1418
 4101    1412  1411  1417  1420
 4102    1412  1417  1418  1421
 4103    1412  1417  1421  1420
 4104    1268  1284  1422  1277
 4105    1268  1422  1406  1277
 4106    1284  1422  1277  1293
 4107    1422  1406  1277  1415
 4108    1422  1277  1293  1431
 4109    1422  1277  1431  1415
 4110    1284  1285  1423  1293
 4111    1284  1423  1422  1293
 4112    1285  1423  1293  1294
 4113    1423  1422  1293  1431
 4114    1423  1293  1294  1432
 4115    1423  1293  1432  1431
 4116    1285  1286  1424  1294
 4117    1285  1424  1423  1294
 4118    1286  1424  1294  1295
 4119    1424  1423  1294  1432
 4120    1424  1294  1295  1433
 4121    1424  1294  1433  1432
 4122    1406  1422  1425  1415
 4123    1406  1425  1409  1415
 4124    1422  1425  1415  1431
 4125    1425  1409  1415  1418
 4126    1425  1415  1431  1434
 4127    1425  1415  1434  1418
 4128    1422  1423  1426  1431
 4129    1422  1426  1425  1431
 4130    1423  1426  1431  1432
 4131    1426  1425  1431  1434
 4132    1426  1431  1432  1435
 4133    1426  1431  1435  1434
 4134    1423  1424  1427  1432
 4135    1423  1427  1426  1432
 4136    1424  1427  1432  1433
 4137    1427  1426  1432  1435
 4138    1427  1432  1433  1436
 4139    1427  1432  1436  1435
 4140    1409  1425  1428  1418
 4141    1409  1428  1412  1418
 4142    1425  1428  1418  1434
 4143    1428  1412  1418  1421
 4144    1428  1418  1434  1437
 4145    1428  1418  1437  1421
 4146    1425  1426  1429  1434
 4147    1425  1429  1428  1434
 4148    1426  1429  1434  1435
 4149    1429  1428  1434  1437
 4150    1429  1434  1435  1438
 4151    1429  1434  1438  1437
 4152    1426  1427  1430  1435
 4153    1426  1430  1429  1435
 4154    1427  1430  1435  1436
 4155    1430  1429  1435  1438
 4156    1430  1435  1436  1439
 4157    1430  1435  1439  1438
 4158    1286  1302  1440  1295
 4159    1286  1440  1424  1295
 4160    1302  1440  1295  1311
 4161    1440  1424  1295  1433
 4162    1440  1295  1311  1449
 4163    1440  1295  1449  1433
 4164    1302  1303  1441  1311
 4165    1302  1441  1440  1311
 4166    1303  1441  1311  1312
 4167    1441  1440  1311  1449
 4168    1441  1311  1312  1450
 4169    1441  1311  1450  1449
 4170    1303  1304  1442  1312
 4171    1303  1442  1441  1312
 4172    1304  1442  1312  1313
 4173    1442  1441  1312  1450
 4174    1442  1312  1313  1451
 4175    1442  1312  1451  1450
 4176    1424  1440  1443  1433
 4177    1424  1443  1427  1433
 4178    1440  1443  1433  1449
 4179    1443  1427  1433  1436
 4180    1443  1433  1449  1452
 4181    1443  1433  1452  1436
 4182    1440  1441  1444  1449
 4183    1440  1444  1443  1449
 4184    1441  1444  1449  1450
 4185    1444  1443  1449  1452
 4186    1444  1449  1450  1453
 4187    1444  1449  1453  1452
 4188    1441  1442  1445  1450
 4189    1441  1445  1444  1450
 4190    1442  1445  1450  1451
 4191    1445  1444  1450  1453
 4192    1445  1450  1451  1454
 4193    1445  1450  1454  1453
 4194    1427  1443  1446  1436
 4195    1427  1446  1430  1436
 4196    1443  1446  1436  1452
 4197    1446  1430  1436  1439
 4198    1446  1436  1452  1455
 4199    1446  1436  1455  1439
 4200    1443  1444  1447  1452
 4201    1443  1447  1446  1452
 4202    1444  1447  1452  1453
 4203    1447  1446  1452  1455
 4204    1447  1452  1453  1456
 4205    1447  1452  1456  1455
 4206    1444  1445  1448  1453
 4207    1444  1448  1447  1453
 4208    1445  1448  1453  1454
 4209    1448  1447  1453  1456
 4210    1448  1453  1454  1457
 4211    1448  1453  1457  1456
 4212    1304  1320  1458  1313
 4213    1304  1458  1442  1313
 4214    1320  1458  1313  1329
 4215    1458  1442  1313  1451
 4216    1458  1313  1329  1467
 4217    1458  1313  1467  1451
 4218    1320  1321  1459  1329
 4219    1320  1459  1458  1329
 4220    1321  1459  1329  1330
 4221    1459  1458  1329  1467
 4222    1459  1329  1330  1468
 4223    1459  1329  1468  1467
 4224    1321  1322  1460  1330
 4225    1321  1460  1459  1330
 4226    1322  1460  1330  1331
 4227    1460  1459  1330  1468
 4228    1460  1330  1331  1469
 4229    1460  1330  1469  1468
 4230    1442  1458  1461  1451
 4231    1442  1461  1445  1451
 4232    1458  1461  1451  1467
 4233    1461  1445  1451  1454
 4234    1461  1451  1467  1470
 4235    1461  1451  1470  1454
 4236    1458  1459  1462  1467
 4237    1458  1462  1461  1467
 4238    1459  1462  1467  1468
 4239    1462  1461  1467  1470
 4240    1462  1467  1468  1471
 4241    1462  1467  1471  1470
 4242    1459  1460  1463  1468
 4243    1459  1463  1462  1468
 4244    1460  1463  1468  1469
 4245    1463  1462  1468  1471
 4246    1463  1468  1469  1472
 4247    1463  1468  1472  1471
 4248    1445  1461  1464  1454
 4249    1445  1464  1448  1454
 4250    1461  1464  1454  1470
 4251    1464  1448  1454  1457
 4252    1464  1454  1470  1473
 4253    1464  1454  1473  1457
 4254    1461  1462  1465  1470
 4255    1461  1465  1464  1470
 4256    1462  1465  1470  1471
 4257    1465  1464  1470  1473
 4258    1465  1470  1471  1474
 4259    1465  1470  1474  1473
 4260    1462  1463  1466  1471
 4261    1462  1466  1465  1471
 4262    1463  1466  1471  1472
 4263    1466  1465  1471  1474
 4264    1466  1471  1472  1475
 4265    1466  1471  1475  1474
 4266    1322  1336  1476  1331
 4267    1322  1476  1460  1331
 4268    1336  1476  1331  1342
 4269    1476  1460  1331  1469
 4270    1476  1331  1342  1482
 4271    1476  1331  1482  1469
 4272    1336  1337  1477  1342
 4273    1336  1477  1476  1342
 4274    1337  1477  1342  1343
 4275    1477  1476  1342  1482
 4276    1477  1342  1343  1483
 4277    1477  1342  1483  1482
 4278    1337  1208  1344  1343
 4279    1337  1344  1477  1343
 4280    1208  1344  1343  1220
 4281    1344  1477  1343  1483
 4282    1344  1343  1220  1356
 4283    1344  1343  1356  1483
 4284    1460  1476  1478  1469
 4285    1460  1478  1463  1469
 4286    1476  1478  1469  1482
 4287    1478  1463  1469  1472
 4288    1478  1469  1482  1484
 4289    1478  1469  1484  1472
 4290    1476  1477  1479  1482
 4291    1476  1479  1478  1482
 4292    1477  1479  1482  1483
 4293    1479  1478  1482  1484
 4294    1479  1482  1483  1485
 4295    1479  1482  1485  1484
 4296    1477  1344  1348  1483
 4297    1477  1348  1479  1483
 4298    1344  1348  1483  1356
 4299    1348  1479  1483  1485
 4300    1348  1483  1356  1360
 4301    1348  1483  1360  1485
 4302    1463  1478  1480  1472
 4303    1463  1480  1466  1472
 4304    1478  1480  1472  1484
 4305    1480  1466  1472  1475
 4306    1480  1472  1484  1486
 4307    1480  1472  1486  1475
 4308    1478  1479  1481  1484
 4309    1478  1481  1480  1484
 4310    1479  1481  1484  1485
 4311    1481  1480  1484  1486
 4312    1481  1484  1485  1487
 4313    1481  1484  1487  1486
 4314    1479  1348  1352  1485
 4315    1479  1352  1481  1485
 4316    1348  1352  1485  1360
 4317    1352  1481  1485  1487
 4318    1352  1485  1360  1364
 4319    1352  1485  1364  1487
 4320    1488  1489  1493  1504
 4321    1488  1493  1492  1504
 4322    1489  1493  1504  1505
 4323    1493  1492  1504  1508
 4324    1493  1504  1505  1509
 4325    1493  1504  1509  1508
 4326    1489  1490  1494  1505
 4327    1489  1494  1493  1505
 4328    1490  1494  1505  1506
 4329    1494  1493  1505  1509
 4330    1494  1505  1506  1510
 4331    1494  1505  1510  1509
 4332    1490  1491  1495  1506
 4333    1490  1495  1494  1506
 4334    1491  1495  1506  1507
 4335    1495  1494  1506  1510
 4336    1495  1506  1507  1511
 4337    1495  1506  1511  1510
 4338    1492  1493  1497  1508
 4339    1492  1497  1496  1508
 4340    1493  1497  1508  1509
 4341    1497  1496  1508  1512
 4342    1497  1508  1509  1513
 4343    1497  1508  1513  1512
 4344    1493  1494  1498  1509
 4345    1493  1498  1497  1509
 4346    1494  1498  1509  1510
 4347    1498  1497  1509  1513
 4348    1498  1509  1510  1514
 4349    1498  1509  1514  1513
 4350    1494  1495  1499  1510
 4351    1494  1499  1498  1510
 4352    1495  1499  1510  1511
 4353    1499  1498  1510  1514
 4354    1499  1510  1511  1515
 4355    1499  1510  1515  1514
 4356    1496  1497  1501  1512
 4357    1496  1501  1500  1512
 4358    1497  1501  1512  1513
 4359    1501  1500  1512  1516
 4360    1501  1512  1513  1517
 4361    1501  1512  1517  1516
 4362    1497  1498  1502  1513
 4363    1497  1502  1501  1513
 4364    1498  1502  1513  1514
 4365    1502  1501  1513  1517
 4366    1502  1513  1514  1518
 4367    1502  1513  1518  1517
 4368    1498  1499  1503  1514
 4369    1498  1503  1502  1514
 4370    1499  1503  1514  1515
 4371    1503  1502  1514  1518
 4372    1503  1514  1515  1519
 4373    1503  1514  1519  1518
 4374    1491  1520  1523  1507
 4375    1491  1523  1495  1507
 4376    1520  1523  1507  1532
 4377    1523  1495  1507  1511
 4378    1523  1507  1532  1535
 4379    1523  1507  1535  1511
 4380    1520  1521  1524  1532
 4381    1520  1524  1523  1532
 4382    1521  1524  1532  1533
 4383    1524  1523  1532  1535
 4384    1524  1532  1533  1536
 4385    1524  1532  1536  1535
 4386    1521  1522  1525  1533
 4387    1521  1525  1524  1533
 4388    1522  1525  1533  1534
 4389    1525  1524  1533  1536
 4390    1525  1533  1534  1537
 4391    1525  1533  1537  1536
 4392    1495  1523  1526  1511
 4393    1495  1526  1499  1511
 4394    1523  1526  1511  1535
 4395    1526  1499  1511  1515
 4396    1526  1511  1535  1538
 4397    1526  1511  1538  1515
 4398    1523  1524  1527  1535
 4399    1523  1527  1526  1535
 4400    1524  1527  1535  1536
 4401    1527  1526  1535  1538
 4402    1527  1535  1536  1539
 4403    1527  1535  1539  1538
 4404    1524  1525  1528  1536
 4405    1524  1528  1527  1536
 4406    1525  1528  1536  1537
 4407    1528  1527  1536  1539
 4408    1528  1536  1537  1540
 4409    1528  1536  1540  1539
 4410    1499  1526  1529  1515
 4411    1499  1529  1503  1515
 4412    1526  1529  1515  1538
 4413    1529  1503  1515  1519
 4414    1529  1515  1538  1541
 4415    1529  1515  1541  1519
 4416    1526  1527  1530  1538
 4417    1526  1530  1529  1538
 4418    1527  1530  1538  1539
 4419    1530  1529  1538  1541
 4420    1530  1538  1539  1542
 4421    1530  1538  1542  1541
 4422    1527  1528  1531  1539
 4423    1527  1531  1530  1539
 4424    1528  1531  1539  1540
 4425    1531  1530  1539  1542
 4426    1531  1539  1540  1543
 4427    1531  1539  1543  1542
 4428    1522  1544  1547  1534
 4429    1522  1547  1525  1534
 4430    1544  1547  1534  1556
 4431    1547  1525  1534  1537
 4432    1547  1534  1556  1559
 4433    1547  1534  1559  1537
 4434    1544  1545  1548  1556
 4435    1544  1548  1547  1556
 4436    1545  1548  1556  1557
 4437    1548  1547  1556  1559
 4438    1548  1556  1557  1560
 4439    1548  1556  1560  1559
 4440    1545  1546  1549  1557
 4441    1545  1549  1548  1557
 4442    1546  1549  1557  1558
 4443    1549  1548  1557  1560
 4444    1549  1557  1558  1561
 4445    1549  1557  1561  1560
 4446    1525  1547  1550  1537
 4447    1525  1550  1528  1537
 4448    1547  1550  1537  1559
 4449    1550  1528  1537  1540
 4450    1550  1537  1559  1562
 4451    1550  1537  1562  1540
 4452    1547  1548  1551  1559
 4453    1547  1551  1550  1559
 4454    1548  1551  1559  1560
 4455    1551  1550  1559  1562
 4456    1551  1559  1560  1563
 4457    1551  1559  1563  1562
 4458    1548  1549  1552  1560
 4459    1548  1552  1551  1560
 4460    1549  1552  1560  1561
 4461    1552  1551  1560  1563
 4462    1552  1560  1561  1564
 4463    1552  1560  1564  1563
 4464    1528  1550  1553  1540
 4465    1528  1553  1531  1540
 4466    1550  1553  1540  1562
 4467    1553  1531  1540  1543
 4468    1553  1540  1562  1565
 4469    1553  1540  1565  1543
 4470    1550  1551  1554  1562
 4471    1550  1554  1553  1562
 4472    1551  1554  1562  1563
 4473    1554  1553  1562  1565
 4474    1554  1562  1563  1566
 4475    1554  1562  1566  1565
 4476    1551  1552  1555  1563
 4477    1551  1555  1554  1563
 4478    1552  1555  1563  1564
 4479    1555  1554  1563  1566
 4480    1555  1563  1564  1567
 4481    1555  1563  1567  1566
 4482    1546  1568  1571  1558
 4483    1546  1571  1549  1558
 4484    1568  1571  1558  1580
 4485    1571  1549  1558  1561
 4486    1571  1558  1580  1583
 4487    1571  1558  1583  1561
 4488    1568  1569  1572  1580
 4489    1568  1572  1571  1580
 4490    1569  1572  1580  1581
 4491    1572  1571  1580  1583
 4492    1572  1580  1581  1584
 4493    1572  1580  1584  1583
 4494    1569  1570  1573  1581
 4495    1569  1573  1572  1581
 4496    1570  1573  1581  1582
 4497    1573  1572  1581  1584
 4498    1573  1581  1582  1585
 4499    1573  1581  1585  1584
 4500    1549  1571  1574  1561
 4501    1549  1574  1552  1561
 4502    1571  1574  1561  1583
 4503    1574  1552  1561  1564
 4504    1574  1561  1583  1586
 4505    1574  1561  1586  1564
 4506    1571  1572  1575  1583
 4507    1571  1575  1574  1583
 4508    1572  1575  1583  1584
 4509    1575  1574  1583  1586
 4510    1575  1583  1584  1587
 4511    1575  1583  1587  1586
 4512    1572  1573  1576  1584
 4513    1572  1576  1575  1584
 4514    1573  1576  1584  1585
 4515    1576  1575  1584  1587
 4516    1576  1584  1585  1588
 4517    1576  1584  1588  1587
 4518    1552  1574  1577  1564
 4519    1552  1577  1555  1564
 4520    1574  1577  1564  1586
 4521    1577  1555  1564  1567
 4522    1577  1564  1586  1589
 4523    1577  1564  1589  1567
 4524    1574  1575  1578  1586
 4525    1574  1578  1577  1586
 4526    1575  1578  1586  1587
 4527    1578  1577  1586  1589
 4528    1578  1586  1587  1590
 4529    1578  1586  1590  1589
 4530    1575  1576  1579  1587
 4531    1575  1579  1578  1587
 4532    1576  1579  1587  1588
 4533    1579  1578  1587  1590
 4534    1579  1587  1588  1591
 4535    1579  1587  1591  1590
 4536    1570  1592  1595  1582
 4537    1570  1595  1573  1582
 4538    1592  1595  1582  1604
 4539    1595  1573  1582  1585
 4540    1595  1582  1604  1607
 4541    1595  1582  1607  1585
 4542    1592  1593  1596  1604
 4543    1592  1596  1595  1604
 4544    1593  1596  1604  1605
 4545    1596  1595  1604  1607
 4546    1596  1604  1605  1608
 4547    1596  1604  1608  1607
 4548    1593  1594  1597  1605
 4549    1593  1597  1596  1605
 4550    1594  1597  1605  1606
 4551    1597  1596  1605  1608
 4552    1597  1605  1606  1609
 4553    1597  1605  1609  1608
 4554    1573  1595  1598  1585
 4555    1573  1598  1576  1585
 4556    1595  1598  1585  1607
 4557    1598  1576  1585  1588
 4558    1598  1585  1607  1610
 4559    1598  1585  1610  1588
 4560    1595  1596  1599  1607
 4561    1595  1599  1598  1607
 4562    1596  1599  1607  1608
 4563    1599  1598  1607  1610
 4564    1599  1607  1608  1611
 4565    1599  1607  1611  1610
 4566    1596  1597  1600  1608
 4567    1596  1600  1599  1608
 4568    1597  1600  1608  1609
 4569    1600  1599  1608  1611
 4570    1600  1608  1609  1612
 4571    1600  1608  1612  1611
 4572    1576  1598  1601  1588
 4573    1576  1601  1579  1588
 4574    1598  1601  1588  1610
 4575    1601  1579  1588  1591
 4576    1601  1588  1610  1613
 4577    1601  1588  1613  1591
 4578    1598  1599  1602  1610
 4579    1598  1602  1601  1610
 4580    1599  1602  1610  1611
 4581    1602  1601  1610  1613
 4582    1602  1610  1611  1614
 4583    1602  1610  1614  1613
 4584    1599  1600  1603  1611
 4585    1599  1603  1602  1611
 4586    1600  1603  1611  1612
 4587    1603  1602  1611  1614
 4588    1603  1611  1612  1615
 4589    1603  1611  1615  1614
 4590    1594  1616  1619  1606
 4591    1594  1619  1597  1606
 4592    1616  1619  1606  1628
 4593    1619  1597  1606  1609
 4594    1619  1606  1628  1631
 4595    1619  1606  1631  1609
 4596    1616  1617  1620  1628
 4597    1616  1620  1619  1628
 4598    1617  1620  1628  1629
 4599    1620  1619  1628  1631
 4600    1620  1628  1629  1632
 4601    1620  1628  1632  1631
 4602    1617  1618  1621  1629
 4603    1617  1621  1620  1629
 4604    1618  1621  1629  1630
 4605    1621  1620  1629  1632
 4606    1621  1629  1630  1633
 4607    1621  1629  1633  1632
 4608    1597  1619  1622  1609
 4609    1597  1622  1600  1609
 4610    1619  1622  1609  1631
 4611    1622  1600  1609  1612
 4612    1622  1609  1631  1634
 4613    1622  1609  1634  1612
 4614    1619  1620  1623  1631
 4615    1619  1623  1622  1631
 4616    1620  1623  1631  1632
 4617    1623  1622  1631  1634
 4618    1623  1631  1632  1635
 4619    1623  1631  1635  1634
 4620    1620  1621  1624  1632
 4621    1620  1624  1623  1632
 4622    1621  1624  1632  1633
 4623    1624  1623  1632  1635
 4624    1624  1632  1633  1636
 4625    1624  1632  1636  1635
 4626    1600  1622  1625  1612
 4627    1600  1625  1603  1612
 4628    1622  1625  1612  1634
 4629    1625  1603  1612  1615
 4630    1625  1612  1634  1637
 4631    1625  1612  1637  1615
 4632    1622  1623  1626  1634
 4633    1622  1626  1625  1634
 4634    1623  1626  1634  1635
 4635    1626  1625  1634  1637
 4636    1626  1634  1635  1638
 4637    1626  1634  1638  1637
 4638    1623  1624  1627  1635
 4639    1623  1627  1626  1635
 4640    1624  1627  1635  1636
 4641    1627  1626  1635  1638
 4642    1627  1635  1636  1639
 4643    1627  1635  1639  1638
 4644    1618  1640  1643  1630
 4645    1618  1643  1621  1630
 4646    1640  1643  1630  1652
 4647    1643  1621  1630  1633
 4648    1643  1630  1652  1655
 4649    1643  1630  1655  1633
 4650    1640  1641  1644  1652
 4651    1640  1644  1643  1652
 4652    1641  1644  1652  1653
 4653    1644  1643  1652  1655
 4654    1644  1652  1653  1656
 4655    1644  1652  1656  1655
 4656    1641  1642  1645  1653
 4657    1641  1645  1644  1653
 4658    1642  1645  1653  1654
 4659    1645  1644  1653  1656
 4660    1645  1653  1654  1657
 4661    1645  1653  1657  1656
 4662    1621  1643  1646  1633
 4663    1621  1646  1624  1633
 4664    1643  1646  1633  1655
 4665    1646  1624  1633  1636
 4666    1646  1633  1655  1658
 4667    1646  1633  1658  1636
 4668    1643  1644  1647  1655
 4669    1643  1647  1646  1655
 4670    1644  1647  1655  1656
 4671    1647  1646  1655  1658
 4672    1647  1655  1656  1659
 4673    1647  1655  1659  1658
 4674    1644  1645  1648  1656
 4675    1644  1648  1647  1656
 4676    1645  1648  1656  1657
 4677    1648  1647  1656  1659
 4678    1648  1656  1657  1660
 4679    1648  1656  1660  1659
 4680    1624  1646  1649  1636
 4681    1624  1649  1627  1636
 4682    1646  1649  1636  1658
 4683    1649  1627  1636  1639
 4684    1649  1636  1658  1661
 4685    1649  1636  1661  1639
 4686    1646  1647  1650  1658
 4687    1646  1650  1649  1658
 4688    1647  1650  1658  1659
 4689    1650  1649  1658  1661
 4690    1650  1658  1659  1662
 4691    1650  1658  1662  1661
 4692    1647  1648  1651  1659
 4693    1647  1651  1650  1659
 4694    1648  1651  1659  1660
 4695    1651  1650  1659  1662
 4696    1651  1659  1660  1663
 4697    1651  1659  1663  1662
 4698    1642  1664  1666  1654
 4699    1642  1666  1645  1654
 4700    1664  1666  1654  1672
 4701    1666  1645  1654  1657
 4702    1666  1654  1672  1674
 4703    1666  1654  1674  1657
 4704    1664  1665  1667  1672
 4705    1664  1667  1666  1672
 4706    1665  1667  1672  1673
 4707    1667  1666  1672  1674
 4708    1667  1672  1673  1675
 4709    1667  1672  1675  1674
 4710    1665  1488  1492  1673
 4711    1665  1492  1667  1673
 4712    1488  1492  1673  1504
 4713    1492  1667  1673  1675
 4714    1492  1673  1504  1508
 4715    1492  1673  1508  1675
 4716    1645  1666  1668  1657
 4717    1645  1668  1648  1657
 4718    1666  1668  1657  1674
 4719    1668  1648  1657  1660
 4720    1668  1657  1674  1676
 4721    1668  1657  1676  1660
 4722    1666  1667  1669  1674
 4723    1666  1669  1668  1674
 4724    1667  1669  1674  1675
 4725    1669  1668  1674  1676
 4726    1669  1674  1675  1677
 4727    1669  1674  1677  1676
 4728    1667  1492  1496  1675
 4729    1667  1496  1669  1675
 4730    1492  1496  1675  1508
 4731    1496  1669  1675  1677
 4732    1496  1675  1508  1512
 4733    1496  1675  1512  1677
 4734    1648  1668  1670  1660
 4735    1648  1670  1651  1660
 4736    1668  1670  1660  1676
 4737    1670  1651  1660  1663
 4738    1670  1660  1676  1678
 4739    1670  1660  1678  1663
 4740    1668  1669  1671  1676
 4741    1668  1671  1670  1676
 4742    1669  1671  1676  1677
 4743    1671  1670  1676  1678
 4744    1671  1676  1677  1679
 4745    1671  1676  1679  1678
 4746    1669  1496  1500  1677
 4747    1669  1500  1671  1677
 4748    1496  1500  1677  1512
 4749    1500  1671  1677  1679
 4750    1500  1677  1512  1516
 4751    1500  1677  1516  1679
 4752    1500  1501  1681  1516
 4753    1500  1681  1680  1516
 4754    1501  1681  1516  1517
 4755    1681  1680  1516  1692
 4756    1681  1516  1517  1693
 4757    1681  1516  1693  1692
 4758    1501  1502  1682  1517
 4759    1501  1682  1681  1517
 4760    1502  1682  1517  1518
 4761    1682  1681  1517  1693
 4762    1682  1517  1518  1694
 4763    1682  1517  1694  1693
 4764    1502  1503  1683  1518
 4765    1502  1683  1682  1518
 4766    1503  1683  1518  1519
 4767    1683  1682  1518  1694
 4768    1683  1518  1519  1695
 4769    1683  1518  1695  1694
 4770    1680  1681  1685  1692
 4771    1680  1685  1684  1692
 4772    1681  1685  1692  1693
 4773    1685  1684  1692  1696
 4774    1685  1692  1693  1697
 4775    1685  1692  1697  1696
 4776    1681  1682  1686  1693
 4777    1681  1686  1685  1693
 4778    1682  1686  1693  1694
 4779    1686  1685  1693  1697
 4780    1686  1693  1694  1698
 4781    1686  1693  1698  1697
 4782    1682  1683  1687  1694
 4783    1682  1687  1686  1694
 4784    1683  1687  1694  1695
 4785    1687  1686  1694  1698
 4786    1687  1694  1695  1699
 4787    1687  1694  1699  1698
 4788    1684  1685  1689  1696
 4789    1684  1689  1688  1696
 4790    1685  1689  1696  1697
 4791    1689  1688  1696  1700
 4792    1689  1696  1697  1701
 4793    1689  1696  1701  1700
 4794    1685  1686  1690  1697
 4795    1685  1690  1689  1697
 4796    1686  1690  1697  1698
 4797    1690  1689  1697  1701
 4798    1690  1697  1698  1702
 4799    1690  1697  1702  1701
 4800    1686  1687  1691  1698
 4801    1686  1691  1690  1698
 4802    1687  1691  1698  1699
 4803    1691  1690  1698  1702
 4804    1691  1698  1699  1703
 4805    1691  1698  1703  1702
 4806    1503  1529  1704  1519
 4807    1503  1704  1683  1519
 4808    1529  1704  1519  1541
 4809    1704  1683  1519  1695
 4810    1704  1519  1541  1713
 4811    1704  1519  1713  1695
 4812    1529  1530  1705  1541
 4813    1529  1705  1704  1541
 4814    1530  1705  1541  1542
 4815    1705  1704  1541  1713
 4816    1705  1541  1542  1714
 4817    1705  1541  1714  1713
 4818    1530  1531  1706  1542
 4819    1530  1706  1705  1542
 4820    1531  1706  1542  1543
 4821    1706  1705  1542  1714
 4822    1706  1542  1543  1715
 4823    1706  1542  1715  1714
 4824    1683  1704  1707  1695
 4825    1683  1707  1687  1695
 4826    1704  1707  1695  1713
 4827    1707  1687  1695  1699
 4828    1707  1695  1713  1716
 4829    1707  1695  1716  1699
 4830    1704  1705  1708  1713
 4831    1704  1708  1707  1713
 4832    1705  1708  1713  1714
 4833    1708  1707  1713  1716
 4834    1708  1713  1714  1717
 4835    1708  1713  1717  1716
 4836    1705  1706  1709  1714
 4837    1705  1709  1708  1714
 4838    1706  1709  1714  1715
 4839    1709  1708  1714  1717
 4840    1709  1714  1715  1718
 4841    1709  1714  1718  1717
 4842    1687  1707  1710  1699
 4843    1687  1710  1691  1699
 4844    1707  1710  1699  1716
 4845    1710  1691  1699  1703
 4846    1710  1699  1716  1719
 4847    1710  1699  1719  1703
 4848    1707  1708  1711  1716
 4849    1707  1711  1710  1716
 4850    1708  1711  1716  1717
 4851    1711  1710  1716  1719
 4852    1711  1716  1717  1720
 4853    1711  1716  1720  1719
 4854    1708  1709  1712  1717
 4855    1708  1712  1711  1717
 4856    1709  1712  1717  1718
 4857    1712  1711  1717  1720
 4858    1712  1717  1718  1721
 4859    1712  1717  1721  1720
 4860    1531  1553  1722  1543
 4861    1531  1722  1706  1543
 4862    1553  1722  1543  1565
 4863    1722  1706  1543  1715
 4864    1722  1543  1565  1731
 4865    1722  1543  1731  1715
 4866    1553  1554  1723  1565
 4867    1553  1723  1722  1565
 4868    1554  1723  1565  1566
 4869    1723  1722  1565  1731
 4870    1723  1565  1566  1732
 4871    1723  1565  1732  1731
 4872    1554  1555  1724  1566
 4873    1554  1724  1723  1566
 4874    1555  1724  1566  1567
 4875    1724  1723  1566  1732
 4876    1724  1566  1567  1733
 4877    1724  1566  1733  1732
 4878    1706  1722  1725  1715
 4879    1706  1725  1709  1715
 4880    1722  1725  1715  1731
 4881    1725  1709  1715  1718
 4882    1725  1715  1731  1734
 4883    1725  1715  1734  1718
 4884    1722  1723  1726  1731
 4885    1722  1726  1725  1731
 4886    1723  1726  1731  1732
 4887    1726  1725  1731  1734
 4888    1726  1731  1732  1735
 4889    1726  1731  1735  1734
 4890    1723  1724  1727  1732
 4891    1723  1727  1726  1732
 4892    1724  1727  1732  1733
 4893    1727  1726  1732  1735
 4894    1727  1732  1733  1736
 4895    1727  1732  1736  1735
 4896    1709  1725  1728  1718
 4897    1709  1728  1712  1718
 4898    1725  1728  1718  1734
 4899    1728  1712  1718  1721
 4900    1728  1718  1734  1737
 4901    1728  1718  1737  1721
 4902    1725  1726  1729  1734
 4903    1725  1729  1728  1734
 4904    1726  1729  1734  1735
 4905    1729  1728  1734  1737
 4906    1729  1734  1735  1738
 4907    1729  1734  1738  1737
 4908    1726  1727  1730  1735
 4909    1726  1730  1729  1735
 4910    1727  1730  1735  1736
 4911    1730  1729  1735  1738
 4912    1730  1735  1736  1739
 4913    1730  1735  1739  1738
 4914    1555  1577  1740  1567
 4915    1555  1740  1724  1567
 4916    1577  1740  1567  1589
 4917    1740  1724  1567  1733
 4918    1740  1567  1589  1749
 4919    1740  1567  1749  1733
 4920    1577  1578  1741  1589
 4921    1577  1741  1740  1589
 4922    1578  1741  1589  1590
 4923    1741  1740  1589  1749
 4924    1741  1589  1590  1750
 4925    1741  1589  1750  1749
 4926    1578  1579  1742  1590
 4927    1578  1742  1741  1590
 4928    1579  1742  1590  1591
 4929    1742  1741  1590  1750
 4930    1742  1590  1591  1751
 4931    1742  1590  1751  1750
 4932    1724  1740  1743  1733
 4933    1724  1743  1727  1733
 4934    1740  1743  1733  1749
 4935    1743  1727  1733  1736
 4936    1743  1733  1749  1752
 4937    1743  1733  1752  1736
 4938    1740  1741  1744  1749
 4939    1740  1744  1743  1749
 4940    1741  1744  1749  1750
 4941    1744  1743  1749  1752
 4942    1744  1749  1750  1753
 4943    1744  1749  1753  1752
 4944    1741  1742  1745  1750
 4945    1741  1745  1744  1750
 4946    1742  1745  1750  1751
 4947    1745  1744  1750  1753
 4948    1745  1750  1751  1754
 4949    1745  1750  1754  1753
 4950    1727  1743  1746  1736
 4951    1727  1746  1730  1736
 4952    1743  1746  1736  1752
 4953    1746  1730  1736  1739
 4954    1746  1736  1752  1755
 4955    1746  1736  1755  1739
 4956    1743  1744  1747  1752
 4957    1743  1747  1746  1752
 4958    1744  1747  1752  1753
 4959    1747  1746  1752  1755
 4960    1747  1752  1753  1756
 4961    1747  1752  1756  1755
 4962    1744  1745  1748  1753
 4963    1744  1748  1747  1753
 4964    1745  1748  1753  1754
 4965    1748  1747  1753  1756
 4966    1748  1753  1754  1757
 4967    1748  1753  1757  1756
 4968    1579  1601  1758  1591
 4969    1579  1758  1742  1591
 4970    1601  1758  1591  1613
 4971    1758  1742  1591  1751
 4972    1758  1591  1613  1767
 4973    1758  1591  1767  1751
 4974    1601  1602  1759  1613
 4975    1601  1759  1758  1613
 4976    1602  1759  1613  1614
 4977    1759  1758  1613  1767
 4978    1759  1613  1614  1768
 4979    1759  1613  1768  1767
 4980    1602  1603  1760  1614
 4981    1602  1760  1759  1614
 4982    1603  1760  1614  1615
 4983    1760  1759  1614  1768
 4984    1760  1614  1615  1769
 4985    1760  1614  1769  1768
 4986    1742  1758  1761  1751
 4987    1742  1761  1745  1751
 4988    1758  1761  1751  1767
 4989    1761  1745  1751  1754
 4990    1761  1751  1767  1770
 4991    1761  1751  1770  1754
 4992    1758  1759  1762  1767
 4993    1758  1762  1761  1767
 4994    1759  1762  1767  1768
 4995    1762  1761  1767  1770
 4996    1762  1767  1768  1771
 4997    1762  1767  1771  1770
 4998    1759  1760  1763  1768
 4999    1759  1763  1762  1768
 5000    1760  1763  1768  1769
 5001    1763  1762  1768  1771
 5002    1763  1768  1769  1772
 5003    1763  1768  1772  1771
 5004    1745  1761  1764  1754
 5005    1745  1764  1748  1754
 5006    1761  1764  1754  1770
 5007    1764  1748  1754  1757
 5008    1764  1754  1770  1773
 5009    1764  1754  1773  1757
 5010    1761  1762  1765  1770
 5011    1761  1765  1764  1770
 5012    1762  1765  1770  1771
 5013    1765  1764  1770  1773
 5014    1765  1770  1771  1774
 5015    1765  1770  1774  1773
 5016    1762  1763  1766  1771
 5017    1762  1766  1765  1771
 5018    1763  1766  1771  1772
 5019    1766  1765  1771  1774
 5020    1766  1771  1772  1775
 5021    1766  1771  1775  1774
 5022    1603  1625  1776  1615
 5023    1603  1776  1760  1615
 5024    1625  1776  1615  1637
 5025    1776  1760  1615  1769
 5026    1776  1615  1637  1785
 5027    1776  1615  1785  1769
 5028    1625  1626  1777  1637
 5029    1625  1777  1776  1637
 5030    1626  1777  1637  1638
 5031    1777  1776  1637  1785
 5032    1777  1637  1638  1786
 5033    1777  1637  1786  1785
 5034    1626  1627  1778  1638
 5035    1626  1778  1777  1638
 5036    1627  1778  1638  1639
 5037    1778  1777  1638  1786
 5038    1778  1638  1639  1787
 5039    1778  1638  1787  1786
 5040    1760  1776  1779  1769
 5041    1760  1779  1763  1769
 5042    1776  1779  1769  1785
 5043    1779  1763  1769  1772
 5044    1779  1769  1785  1788
 5045    1779  1769  1788  1772
 5046    1776  1777  1780  1785
 5047    1776  1780  1779  1785
 5048    1777  1780  1785  1786
 5049    1780  1779  1785  1788
 5050    1780  1785  1786  1789
 5051    1780  1785  1789  1788
 5052    1777  1778  1781  1786
 5053    1777  1781  1780  1786
 5054    1778  1781  1786  1787
 5055    1781  1780  1786  1789
 5056    1781  1786  1787  1790
 5057    1781  1786  1790  1789
 5058    1763  1779  1782  1772
 5059    1763  1782  1766  1772
 5060    1779  1782  1772  1788
 5061    1782  1766  1772  1775
 5062    1782  1772  1788  1791
 5063    1782  1772  1791  1775
 5064    1779  1780  1783  1788
 5065    1779  1783  1782  1788
 5066    1780  1783  1788  1789
 5067    1783  1782  1788  1791
 5068    1783  1788  1789  1792
 5069    1783  1788  1792  1791
 5070    1780  1781  1784  1789
 5071    1780  1784  1783  1789
 5072    1781  1784  1789  1790
 5073    1784  1783  1789  1792
 5074    1784  1789  1790  1793
 5075    1784  1789  1793  1792
 5076    1627  1649  1794  1639
 5077    1627  1794  1778  1639
 5078    1649  1794  1639  1661
 5079    1794  1778  1639  1787
 5080    1794  1639  1661  1803
 5081    1794  1639  1803  1787
 5082    1649  1650  1795  1661
 5083    1649  1795  1794  1661
 5084    1650  1795  1661  1662
 5085    1795  1794  1661  1803
 5086    1795  1661  1662  1804
 5087    1795  1661  1804  1803
 5088    1650  1651  1796  1662
 5089    1650  1796  1795  1662
 5090    1651  1796  1662  1663
 5091    1796  1795  1662  1804
 5092    1796  1662  1663  1805
 5093    1796  1662  1805  1804
 5094    1778  1794  1797  1787
 5095    1778  1797  1781  1787
 5096    1794  1797  1787  1803
 5097    1797  1781  1787  1790
 5098    1797  1787  1803  1806
 5099    1797  1787  1806  1790
 5100    1794  1795  1798  1803
 5101    1794  1798  1797  1803
 5102    1795  1798  1803  1804
 5103    1798  1797  1803  1806
 5104    1798  1803  1804  1807
 5105    1798  1803  1807  1806
 5106    1795  1796  1799  1804
 5107    1795  1799  1798  1804
 5108    1796  1799  1804  1805
 5109    1799  1798  1804  1807
 5110    1799  1804  1805  1808
 5111    1799  1804  1808  1807
 5112    1781  1797  1800  1790
 5113    1781  1800  1784  1790
 5114    1797  1800  1790  1806
 5115    1800  1784  1790  1793
 5116    1800  1790  1806  1809
 5117    1800  1790  1809  1793
 5118    1797  1798  1801  1806
 5119    1797  1801  1800  1806
 5120    1798  1801  1806  1807
 5121    1801  1800  1806  1809
 5122    1801  1806  1807  1810
 5123    1801  1806  1810  1809
 5124    1798  1799  1802  1807
 5125    1798  1802  1801  1807
 5126    1799  1802  1807  1808
 5127    1802  1801  1807  1810
 5128    1802  1807  1808  1811
 5129    1802  1807  1811  1810
 5130    1651  1670  1812  1663
 5131    1651  1812  1796  1663
 5132    1670  1812  1663  1678
 5133    1812  1796  1663  1805
 5134    1812  1663  1678  1818
 5135    1812  1663  1818  1805
 5136    1670  1671  1813  1678
 5137    1670  1813  1812  1678
 5138    1671  1813  1678  1679
 5139    1813  1812  1678  1818
 5140    1813  1678  1679  1819
 5141    1813  1678  1819  1818
 5142    1671  1500  1680  1679
 5143    1671  1680  1813  1679
 5144    1500  1680  1679  1516
 5145    1680  1813  1679  1819
 5146    1680  1679  1516  1692
 5147    1680  1679  1692  1819
 5148    1796  1812  1814  1805
 5149    1796  1814  1799  1805
 5150    1812  1814  1805  1818
 5151    1814  1799  1805  1808
 5152    1814  1805  1818  1820
 5153    1814  1805  1820  1808
 5154    1812  1813  1815  1818
 5155    1812  1815  1814  1818
 5156    1813  1815  1818  1819
 5157    1815  1814  1818  1820
 5158    1815  1818  1819  1821
 5159    1815  1818  1821  1820
 5160    1813  1680  1684  1819
 5161    1813  1684  1815  1819
 5162    1680  1684  1819  1692
 5163    1684  1815  1819  1821
 5164    1684  1819  1692  1696
 5165    1684  1819  1696  1821
 5166    1799  1814  1816  1808
 5167    1799  1816  1802  1808
 5168    1814  1816  1808  1820
 5169    1816  1802  1808  1811
 5170    1816  1808  1820  1822
 5171    1816  1808  1822  1811
 5172    1814  1815  1817  1820
 5173    1814  1817  1816  1820
 5174    1815  1817  1820  1821
 5175    1817  1816  1820  1822
 5176    1817  1820  1821  1823
 5177    1817  1820  1823  1822
 5178    1815  1684  1688  1821
 5179    1815  1688  1817  1821
 5180    1684  1688  1821  1696
 5181    1688  1817  1821  1823
 5182    1688  1821  1696  1700
 5183    1688  1821  1700  1823
 5184    1688  1689  1825  1700
 5185    1688  1825  1824  1700
 5186    1689  1825  1700  1701
 5187    1825  1824  1700  1836
 5188    1825  1700  1701  1837
 5189    1825  1700  1837  1836
 5190    1689  1690  1826  1701
 5191    1689  1826  1825  1701
 5192    1690  1826  1701  1702
 5193    1826  1825  1701  1837
 5194    1826  1701  1702  1838
 5195    1826  1701  1838  1837
 5196    1690  1691  1827  1702
 5197    1690  1827  1826  1702
 5198    1691  1827  1702  1703
 5199    1827  1826  1702  1838
 5200    1827  1702  1703  1839
 5201    1827  1702  1839  1838
 5202    1824  1825  1829  1836
 5203    1824  1829  1828  1836
 5204    1825  1829  1836  1837
 5205    1829  1828  1836  1840
 5206    1829  1836  1837  1841
 5207    1829  1836  1841  1840
 5208    1825  1826  1830  1837
 5209    1825  1830  1829  1837
 5210    1826  1830  1837  1838
 5211    1830  1829  1837  1841
 5212    1830  1837  1838  1842
 5213    1830  1837  1842  1841
 5214    1826  1827  1831  1838
 5215    1826  1831  1830  1838
 5216    1827  1831  1838  1839
 5217    1831  1830  1838  1842
 5218    1831  1838  1839  1843
 5219    1831  1838  1843  1842
 5220    1828  1829  1833  1840
 5221    1828  1833  1832  1840
 5222    1829  1833  1840  1841
 5223    1833  1832  1840  1844
 5224    1833  1840  1841  1845
 5225    1833  1840  1845  1844
 5226    1829  1830  1834  1841
 5227    1829  1834  1833  1841
 5228    1830  1834  1841  1842
 5229    1834  1833  1841  1845
 5230    1834  1841  1842  1846
 5231    1834  1841  1846  1845
 5232    1830  1831  1835  1842
 5233    1830  1835  1834  1842
 5234    1831  1835  1842  1843
 5235    1835  1834  1842  1846
 5236    1835  1842  1843  1847
 5237    1835  1842  1847  1846
 5238    1691  1710  1848  1703
 5239    1691  1848  1827  1703
 5240    1710  1848  1703  1719
 5241    1848  1827  1703  1839
 5242    1848  1703  1719  1857
 5243    1848  1703  1857  1839
 5244    1710  1711  1849  1719
 5245    1710  1849  1848  1719
 5246    1711  1849  1719  1720
 5247    1849  1848  1719  1857
 5248    1849  1719  1720  1858
 5249    1849  1719  1858  1857
 5250    1711  1712  1850  1720
 5251    1711  1850  1849  1720
 5252    1712  1850  1720  1721
 5253    1850  1849  1720  1858
 5254    1850  1720  1721  1859
 5255    1850  1720  1859  1858
 5256    1827  1848  1851  1839
 5257    1827  1851  1831  1839
 5258    1848  1851  1839  1857
 5259    1851  1831  1839  1843
 5260    1851  1839  1857  1860
 5261    1851  1839  1860  1843
 5262    1848  1849  1852  1857
 5263    1848  1852  1851  1857
 5264    1849  1852  1857  1858
 5265    1852  1851  1857  1860
 5266    1852  1857  1858  1861
 5267    1852  1857  1861  1860
 5268    1849  1850  1853  1858
 5269    1849  1853  1852  1858
 5270    1850  1853  1858  1859
 5271    1853  1852  1858  1861
 5272    1853  1858  1859  1862
 5273    1853  1858  1862  1861
 5274    1831  1851  1854  1843
 5275    1831  1854  1835  1843
 5276    1851  1854  1843  1860
 5277    1854  1835  1843  1847
 5278    1854  1843  1860  1863
 5279    1854  1843  1863  1847
 5280    1851  1852  1855  1860
 5281    1851  1855  1854  1860
 5282    1852  1855  1860  1861
 5283    1855  1854  1860  1863
 5284    1855  1860  1861  1864
 5285    1855  1860  1864  1863
 5286    1852  1853  1856  1861
 5287    1852  1856  1855  1861
 5288    1853  1856  1861  1862
 5289    1856  1855  1861  1864
 5290    1856  1861  1862  1865
 5291    1856  1861  1865  1864
 5292    1712  1728  1866  1721
 5293    1712  1866  1850  1721
 5294    1728  1866  1721  1737
 5295    1866  1850  1721  1859
 5296    1866  1721  1737  1875
 5297    1866  1721  1875  1859
 5298    1728  1729  1867  1737
 5299    1728  1867  1866  1737
 5300    1729  1867  1737  1738
 5301    1867  1866  1737  1875
 5302    1867  1737  1738  1876
 5303    1867  1737  1876  1875
 5304    1729  1730  1868  1738
 5305    1729  1868  1867  1738
 5306    1730  1868  1738  1739
 5307    1868  1867  1738  1876
 5308    1868  1738  1739  1877
 5309    1868  1738  1877  1876
 5310    1850  1866  1869  1859
 5311    1850  1869  1853  1859
 5312    1866  1869  1859  1875
 5313    1869  1853  1859  1862
 5314    1869  1859  1875  1878
 5315    1869  1859  1878  1862
 5316    1866  1867  1870  1875
 5317    1866  1870  1869  1875
 5318    1867  1870  1875  1876
 5319    1870  1869  1875  1878
 5320    1870  1875  1876  1879
 5321    1870  1875  1879  1878
 5322    1867  1868  1871  1876
 5323    1867  1871  1870  1876
 5324    1868  1871  1876  1877
 5325    1871  1870  1876  1879
 5326    1871  1876  1877  1880
 5327    1871  1876  1880  1879
 5328    1853  1869  1872  1862
 5329    1853  1872  1856  1862
 5330    1869  1872  1862  1878
 5331    1872  1856  1862  1865
 5332    1872  1862  1878  1881
 5333    1872  1862  1881  1865
 5334    1869  1870  1873  1878
 5335    1869  1873  1872  1878
 5336    1870  1873  1878  1879
 5337    1873  1872  1878  1881
 5338    1873  1878  1879  1882
 5339    1873  1878  1882  1881
 5340    1870  1871  1874  1879
 5341    1870  1874  1873  1879
 5342    1871  1874  1879  1880
 5343    1874  1873  1879  1882
 5344    1874  1879  1880  1883
 5345    1874  1879  1883  1882
 5346    1730  1746  1884  1739
 5347    1730  1884  1868  1739
 5348    1746  1884  1739  1755
 5349    1884  1868  1739  1877
 5350    1884  1739  1755  1893
 5351    1884  1739  1893  1877
 5352    1746  1747  1885  1755
 5353    1746  1885  1884  1755
 5354    1747  1885  1755  1756
 5355    1885  1884  1755  1893
 5356    1885  1755  1756  1894
 5357    1885  1755  1894  1893
 5358    1747  1748  1886  1756
 5359    1747  1886  1885  1756
 5360    1748  1886  1756  1757
 5361    1886  1885  1756  1894
 5362    1886  1756  1757  1895
 5363    1886  1756  1895  1894
 5364    1868  1884  1887  1877
 5365    1868  1887  1871  1877
 5366    1884  1887  1877  1893
 5367    1887  1871  1877  1880
 5368    1887  1877  1893  1896
 5369    1887  1877  1896  1880
 5370    1884  1885  1888  1893
 5371    1884  1888  1887  1893
 5372    1885  1888  1893  1894
 5373    1888  1887  1893  1896
 5374    1888  1893  1894  1897
 5375    1888  1893  1897  1896
 5376    1885  1886  1889  1894
 5377    1885  1889  1888  1894
 5378    1886  1889  1894  1895
 5379    1889  1888  1894  1897
 5380    1889  1894  1895  1898
 5381    1889  1894  1898  1897
 5382    1871  1887  1890  1880
 5383    1871  1890  1874  1880
 5384    1887  1890  1880  1896
 5385    1890  1874  1880  1883
 5386    1890  1880  1896  1899
 5387    1890  1880  1899  1883
 5388    1887  1888  1891  1896
 5389    1887  1891  1890  1896
 5390    1888  1891  1896  1897
 5391    1891  1890  1896  1899
 5392    1891  1896  1897  1900
 5393    1891  1896  1900  1899
 5394    1888  1889  1892  1897
 5395    1888  1892  1891  1897
 5396    1889  1892  1897  1898
 5397    1892  1891  1897  1900
 5398    1892  1897  1898  1901
 5399    1892  1897  1901  1900
 5400    1748  1764  1902  1757
 5401    1748  1902  1886  1757
 5402    1764  1902  1757  1773
 5403    1902  1886  1757  1895
 5404    1902  1757  1773  1911
 5405    1902  1757  1911  1895
 5406    1764  1765  1903  1773
 5407    1764  1903  1902  1773
 5408    1765  1903  1773  1774
 5409    1903  1902  1773  1911
 5410    1903  1773  1774  1912
 5411    1903  1773  1912  1911
 5412    1765  1766  1904  1774
 5413    1765  1904  1903  1774
 5414    1766  1904  1774  1775
 5415    1904  1903  1774  1912
 5416    1904  1774  1775  1913
 5417    1904  1774  1913  1912
 5418    1886  1902  1905  1895
 5419    1886  1905  1889  1895
 5420    1902  1905  1895  1911
 5421    1905  1889  1895  1898
 5422    1905  1895  1911  1914
 5423    1905  1895  1914  1898
 5424    1902  1903  1906  1911
 5425    1902  1906  1905  1911
 5426    1903  1906  1911  1912
 5427    1906  1905  1911  1914
 5428    1906  1911  1912  1915
 5429    1906  1911  1915  1914
 5430    1903  1904  1907  1912
 5431    1903  1907  1906  1912
 5432    1904  1907  1912  1913
 5433    1907  1906  1912  1915
 5434    1907  1912  1913  1916
 5435    1907  1912  1916  1915
 5436    1889  1905  1908  1898
 5437    1889  1908  1892  1898
 5438    1905  1908  1898  1914
 5439    1908  1892  1898  1901
 5440    1908  1898  1914  1917
 5441    1908  1898  1917  1901
 5442    1905  1906  1909  1914
 5443    1905  1909  1908  1914
 5444    1906  1909  1914  1915
 5445    1909  1908  1914  1917
 5446    1909  1914  1915  1918
 5447    1909  1914  1918  1917
 5448    1906  1907  1910  1915
 5449    1906  1910  1909  1915
 5450    1907  1910  1915  1916
 5451    1910  1909  1915  1918
 5452    1910  1915  1916  1919
 5453    1910  1915  1919  1918
 5454    1766  1782  1920  1775
 5455    1766  1920  1904  1775
 5456    1782  1920  1775  1791
 5457    1920  1904  1775  1913
 5458    1920  1775  1791  1929
 5459    1920  1775  1929  1913
 5460    1782  1783  1921  1791
 5461    1782  1921  1920  1791
 5462    1783  1921  1791  1792
 5463    1921  1920  1791  1929
 5464    1921  1791  1792  1930
 5465    1921  1791  1930  1929
 5466    1783  1784  1922  1792
 5467    1783  1922  1921  1792
 5468    1784  1922  1792  1793
 5469    1922  1921  1792  1930
 5470    1922  1792  1793  1931
 5471    1922  1792  1931  1930
 5472    1904  1920  1923  1913
 5473    1904  1923  1907  1913
 5474    1920  1923  1913  1929
 5475    1923  1907  1913  1916
 5476    1923  1913  1929  1932
 5477    1923  1913  1932  1916
 5478    1920  1921  1924  1929
 5479    1920  1924  1923  1929
 5480    1921  1924  1929  1930
 5481    1924  1923  1929  1932
 5482    1924  1929  1930  1933
 5483    1924  1929  1933  1932
 5484    1921  1922  1925  1930
 5485    1921  1925  1924  1930
 5486    1922  1925  1930  1931
 5487    1925  1924  1930  1933
 5488    1925  1930  1931  1934
 5489    1925  1930  1934  1933
 5490    1907  1923  1926  1916
 5491    1907  1926  1910  1916
 5492    1923  1926  1916  1932
 5493    1926  1910  1916  1919
 5494    1926  1916  1932  1935
 5495    1926  1916  1935  1919
 5496    1923  1924  1927  1932
 5497    1923  1927  1926  1932
 5498    1924  1927  1932  1933
 5499    1927  1926  1932  1935
 5500    1927  1932  1933  1936
 5501    1927  1932  1936  1935
 5502    1924  1925  1928  1933
 5503    1924  1928  1927  1933
 5504    1925  1928  1933  1934
 5505    1928  1927  1933  1936
 5506    1928  1933  1934  1937
 5507    1928  1933  1937  1936
 5508    1784  1800  1938  1793
 5509    1784  1938  1922  1793
 5510    1800  1938  1793  1809
 5511    1938  1922  1793  1931
 5512    1938  1793  1809  1947
 5513    1938  1793  1947  1931
 5514    1800  1801  1939  1809
 5515    1800  1939  1938  1809
 5516    1801  1939  1809  1810
 5517    1939  1938  1809  1947
 5518    1939  1809  1810  1948
 5519    1939  1809  1948  1947
 5520    1801  1802  1940  1810
 5521    1801  1940  1939  1810
 5522    1802  1940  1810  1811
 5523    1940  1939  1810  1948
 5524    1940  1810  1811  1949
 5525    1940  1810  1949  1948
 5526    1922  1938  1941  1931
 5527    1922  1941  1925  1931
 5528    1938  1941  1931  1947
 5529    1941  1925  1931  1934
 5530    1941  1931  1947  1950
 5531    1941  1931  1950  1934
 5532    1938  1939  1942  1947
 5533    1938  1942  1941  1947
 5534    1939  1942  1947  1948
 5535    1942  1941  1947  1950
 5536    1942  1947  1948  1951
 5537    1942  1947  1951  1950
 5538    1939  1940  1943  1948
 5539    1939  1943  1942  1948
 5540    1940  1943  1948  1949
 5541    1943  1942  1948  1951
 5542    1943  1948  1949  1952
 5543    1943  1948  1952  1951
 5544    1925  1941  1944  1934
 5545    1925  1944  1928  1934
 5546    1941  1944  1934  1950
 5547    1944  1928  1934  1937
 5548    1944  1934  1950  1953
 5549    1944  1934  1953  1937
 5550    1941  1942  1945  1950
 5551    1941  1945  1944  1950
 5552    1942  1945  1950  1951
 5553    1945  1944  1950  1953
 5554    1945  1950  1951  1954
 5555    1945  1950  1954  1953
 5556    1942  1943  1946  1951
 5557    1942  1946  1945  1951
 5558    1943  1946  1951  1952
 5559    1946  1945  1951  1954
 5560    1946  1951  1952  1955
 5561    1946  1951  1955  1954
 5562    1802  1816  1956  1811
 5563    1802  1956  1940  1811
 5564    1816  1956  1811  1822
 5565    1956  1940  1811  1949
 5566    1956  1811  1822  1962
 5567    1956  1811  1962  1949
 5568    1816  1817  1957  1822
 5569    1816  1957  1956  1822
 5570    1817  1957  1822  1823
 5571    1957  1956  1822  1962
 5572    1957  1822  1823  1963
 5573    1957  1822  1963  1962
 5574    1817  1688  1824  1823
 5575    1817  1824  1957  1823
 5576    1688  1824  1823  1700
 5577    1824  1957  1823  1963
 5578    1824  1823  1700  1836
 5579    1824  1823  1836  1963
 5580    1940  1956  1958  1949
 5581    1940  1958  1943  1949
 5582    1956  1958  1949  1962
 5583    1958  1943  1949  1952
 5584    1958  1949  1962  1964
 5585    1958  1949  1964  1952
 5586    1956  1957  1959  1962
 5587    1956  1959  1958  1962
 5588    1957  1959  1962  1963
 5589    1959  1958  1962  1964
 5590    1959  1962  1963  1965
 5591    1959  1962  1965  1964
 5592    1957  1824  1828  1963
 5593    1957  1828  1959  1963
 5594    1824  1828  1963  1836
 5595    1828  1959  1963  1965
 5596    1828  1963  1836  1840
 5597    1828  1963  1840  1965
 5598    1943  1958  1960  1952
 5599    1943  1960  1946  1952
 5600    1958  1960  1952  1964
 5601    1960  1946  1952  1955
 5602    1960  1952  1964  1966
 5603    1960  1952  1966  1955
 5604    1958  1959  1961  1964
 5605    1958  1961  1960  1964
 5606    1959  1961  1964  1965
 5607    1961  1960  1964  1966
 5608    1961  1964  1965  1967
 5609    1961  1964  1967  1966
 5610    1959  1828  1832  1965
 5611    1959  1832  1961  1965
 5612    1828  1832  1965  1840
 5613    1832  1961  1965  1967
 5614    1832  1965  1840  1844
 5615    1832  1965  1844  1967
 5616    1832  1833  1969  1844
 5617    1832  1969  1968  1844
 5618    1833  1969  1844  1845
 5619    1969  1968  1844  1980
 5620    1969  1844  1845  1981
 5621    1969  1844  1981  1980
 5622    1833  1834  1970  1845
 5623    1833  1970  1969  1845
 5624    1834  1970  1845  1846
 5625    1970  1969  1845  1981
 5626    1970  1845  1846  1982
 5627    1970  1845  1982  1981
 5628    1834  1835  1971  1846
 5629    1834  1971  1970  1846
 5630    1835  1971  1846  1847
 5631    1971  1970  1846  1982
 5632    1971  1846  1847  1983
 5633    1971  1846  1983  1982
 5634    1968  1969  1973  1980
 5635    1968  1973  1972  1980
 5636    1969  1973  1980  1981
 5637    1973  1972  1980  1984
 5638    1973  1980  1981  1985
 5639    1973  1980  1985  1984
 5640    1969  1970  1974  1981
 5641    1969  1974  1973  1981
 5642    1970  1974  1981  1982
 5643    1974  1973  1981  1985
 5644    1974  1981  1982  1986
 5645    1974  1981  1986  1985
 5646    1970  1971  1975  1982
 5647    1970  1975  1974  1982
 5648    1971  1975  1982  1983
 5649    1975  1974  1982  1986
 5650    1975  1982  1983  1987
 5651    1975  1982  1987  1986
 5652    1972  1973  1977  1984
 5653    1972  1977  1976  1984
 5654    1973  1977  1984  1985
 5655    1977  1976  1984  1988
 5656    1977  1984  1985  1989
 5657    1977  1984  1989  1988
 5658    1973  1974  1978  1985
 5659    1973  1978  1977  1985
 5660    1974  1978  1985  1986
 5661    1978  1977  1985  1989
 5662    1978  1985  1986  1990
 5663    1978  1985  1990  1989
 5664    1974  1975  1979  1986
 5665    1974  1979  1978  1986
 5666    1975  1979  1986  1987
 5667    1979  1978  1986  1990
 5668    1979  1986  1987  1991
 5669    1979  1986  1991  1990
 5670    1835  1854  1992  1847
 5671    1835  1992  1971  1847
 5672    1854  1992  1847  1863
 5673    1992  1971  1847  1983
 5674    1992  1847  1863  2001
 5675    1992  1847  2001  1983
 5676    1854  1855  1993  1863
 5677    1854  1993  1992  1863
 5678    1855  1993  1863  1864
 5679    1993  1992  1863  2001
 5680    1993  1863  1864  2002
 5681    1993  1863  2002  2001
 5682    1855  1856  1994  1864
 5683    1855  1994  1993  1864
 5684    1856  1994  1864  1865
 5685    1994  1993  1864  2002
 5686    1994  1864  1865  2003
 5687    1994  1864  2003  2002
 5688    1971  1992  1995  1983
 5689    1971  1995  1975  1983
 5690    1992  1995  1983  2001
 5691    1995  1975  1983  1987
 5692    1995  1983  2001  2004
 5693    1995  1983  2004  1987
 5694    1992  1993  1996  2001
 5695    1992  1996  1995  2001
 5696    1993  1996  2001  2002
 5697    1996  1995  2001  2004
 5698    1996  2001  2002  2005
 5699    1996  2001  2005  2004
 5700    1993  1994  1997  2002
 5701    1993  1997  1996  2002
 5702    1994  1997  2002  2003
 5703    1997  1996  2002  2005
 5704    1997  2002  2003  2006
 5705    1997  2002  2006  2005
 5706    1975  1995  1998  1987
 5707    1975  1998  1979  1987
 5708    1995  1998  1987  2004
 5709    1998  1979  1987  1991
 5710    1998  1987  2004  2007
 5711    1998  1987  2007  1991
 5712    1995  1996  1999  2004
 5713    1995  1999  1998  2004
 5714    1996  1999  2004  2005
 5715    1999  1998  2004  2007
 5716    1999  2004  2005  2008
 5717    1999  2004  2008  2007
 5718    1996  1997  2000  2005
 5719    1996  2000  1999  2005
 5720    1997  2000  2005  2006
 5721    2000  1999  2005  2008
 5722    2000  2005  2006  2009
 5723    2000  2005  2009  2008
 5724    1856  1872  2010  1865
 5725    1856  2010  1994  1865
 5726    1872  2010  1865  1881
 5727    2010  1994  1865  2003
 5728    2010  1865  1881  2019
 5729    2010  1865  2019  2003
 5730    1872  1873  2011  1881
 5731    1872  2011  2010  1881
 5732    1873  2011  1881  1882
 5733    2011  2010  1881  2019
 5734    2011  1881  1882  2020
 5735    2011  1881  2020  2019
 5736    1873  1874  2012  1882
 5737    1873  2012  2011  1882
 5738    1874  2012  1882  1883
 5739    2012  2011  1882  2020
 5740    2012  1882  1883  2021
 5741    2012  1882  2021  2020
 5742    1994  2010  2013  2003
 5743    1994  2013  1997  2003
 5744    2010  2013  2003  2019
 5745    2013  1997  2003  2006
 5746    2013  2003  2019  2022
 5747    2013  2003  2022  2006
 5748    2010  2011  2014  2019
 5749    2010  2014  2013  2019
 5750    2011  2014  2019  2020
 5751    2014  2013  2019  2022
 5752    2014  2019  2020  2023
 5753    2014  2019  2023  2022
 5754    2011  2012  2015  2020
 5755    2011  2015  2014  2020
 5756    2012  2015  2020  2021
 5757    2015  2014  2020  2023
 5758    2015  2020  2021  2024
 5759    2015  2020  2024  2023
 5760    1997  2013  2016  2006
 5761    1997  2016  2000  2006
 5762    2013  2016  2006  2022
 5763    2016  2000  2006  2009
 5764    2016  2006  2022  2025
 5765    2016  2006  2025  2009
 5766    2013  2014  2017  2022
 5767    2013  2017  2016  2022
 5768    2014  2017  2022  2023
 5769    2017  2016  2022  2025
 5770    2017  2022  2023  2026
 5771    2017  2022  2026  2025
 5772    2014  2015  2018  2023
 5773    2014  2018  2017  2023
 5774    2015  2018  2023  2024
 5775    2018  2017  2023  2026
 5776    2018  2023  2024  2027
 5777    2018  2023  2027  2026
 5778    1874  1890  2028  1883
 5779    1874  2028  2012  1883
 5780    1890  2028  1883  1899
 5781    2028  2012  1883  2021
 5782    2028  1883  1899  2037
 5783    2028  1883  2037  2021
 5784    1890  1891  2029  1899
 5785    1890  2029  2028  1899
 5786    1891  2029  1899  1900
 5787    2029  2028  1899  2037
 5788    2029  1899  1900  2038
 5789    2029  1899  2038  2037
 5790    1891  1892  2030  1900
 5791    1891  2030  2029  1900
 5792    1892  2030  1900  1901
 5793    2030  2029  1900  2038
 5794    2030  1900  1901  2039
 5795    2030  1900  2039  2038
 5796    2012  2028  2031  2021
 5797    2012  2031  2015  2021
 5798    2028  2031  2021  2037
 5799    2031  2015  2021  2024
 5800    2031  2021  2037  2040
 5801    2031  2021  2040  2024
 5802    2028  2029  2032  2037
 5803    2028  2032  2031  2037
 5804    2029  2032  2037  2038
 5805    2032  2031  2037  2040
 5806    2032  2037  2038  2041
 5807    2032  2037  2041  2040
 5808    2029  2030  2033  2038
 5809    2029  2033  2032  2038
 5810    2030  2033  2038  2039
 5811    2033  2032  2038  2041
 5812    2033  2038  2039  2042
 5813    2033  2038  2042  2041
 5814    2015  2031  2034  2024
 5815    2015  2034  2018  2024
 5816    2031  2034  2024  2040
 5817    2034  2018  2024  2027
 5818    2034  2024  2040  2043
 5819    2034  2024  2043  2027
 5820    2031  2032  2035  2040
 5821    2031  2035  2034  2040
 5822    2032  2035  2040  2041
 5823    2035  2034  2040  2043
 5824    2035  2040  2041  2044
 5825    2035  2040  2044  2043
 5826    2032  2033  2036  2041
 5827    2032  2036  2035  2041
 5828    2033  2036  2041  2042
 5829    2036  2035  2041  2044
 5830    2036  2041  2042  2045
 5831    2036  2041  2045  2044
 5832    1892  1908  2046  1901
 5833    1892  2046  2030  1901
 5834    1908  2046  1901  1917
 5835    2046  2030  1901  2039
 5836    2046  1901  1917  2055
 5837    2046  1901  2055  2039
 5838    1908  1909  2047  1917
 5839    1908  2047  2046  1917
 5840    1909  2047  1917  1918
 5841    2047  2046  1917  2055
 5842    2047  1917  1918  2056
 5843    2047  1917  2056  2055
 5844    1909  1910  2048  1918
 5845    1909  2048  2047  1918
 5846    1910  2048  1918  1919
 5847    2048  2047  1918  2056
 5848    2048  1918  1919  2057
 5849    2048  1918  2057  2056
 5850    2030  2046  2049  2039
 5851    2030  2049  2033  2039
 5852    2046  2049  2039  2055
 5853    2049  2033  2039  2042
 5854    2049  2039  2055  2058
 5855    2049  2039  2058  2042
 5856    2046  2047  2050  2055
 5857    2046  2050  2049  2055
 5858    2047  2050  2055  2056
 5859    2050  2049  2055  2058
 5860    2050  2055  2056  2059
 5861    2050  2055  2059  2058
 5862    2047  2048  2051  2056
 5863    2047  2051  2050  2056
 5864    2048  2051  2056  2057
 5865    2051  2050  2056  2059
 5866    2051  2056  2057  2060
 5867    2051  2056  2060  2059
 5868    2033  2049  2052  2042
 5869    2033  2052  2036  2042
 5870    2049  2052  2042  2058
 5871    2052  2036  2042  2045
 5872    2052  2042  2058  2061
 5873    2052  2042  2061  2045
 5874    2049  2050  2053  2058
 5875    2049  2053  2052  2058
 5876    2050  2053  2058  2059
 5877    2053  2052  2058  2061
 5878    2053  2058  2059  2062
 5879    2053  2058  2062  2061
 5880    2050  2051  2054  2059
 5881    2050  2054  2053  2059
 5882    2051  2054  2059  2060
 5883    2054  2053  2059  2062
 5884    2054  2059  2060  2063
 5885    2054  2059  2063  2062
 5886    1910  1926  2064  1919
 5887    1910  2064  2048  1919
 5888    1926  2064  1919  1935
 5889    2064  2048  1919  2057
 5890    2064  1919  1935  2073
 5891    2064  1919  2073  2057
 5892    1926  1927  2065  1935
 5893    1926  2065  2064  1935
 5894    1927  2065  1935  1936
 5895    2065  2064  1935  2073
 5896    2065  1935  1936  2074
 5897    2065  1935  2074  2073
 5898    1927  1928  2066  1936
 5899    1927  2066  2065  1936
 5900    1928  2066  1936  1937
 5901    2066  2065  1936  2074
 5902    2066  1936  1937  2075
 5903    2066  1936  2075  2074
 5904    2048  2064  2067  2057
 5905    2048  2067  2051  2057
 5906    2064  2067  2057  2073
 5907    2067  2051  2057  2060
 5908    2067  2057  2073  2076
 5909    2067  2057  2076  2060
 5910    2064  2065  2068  2073
 5911    2064  2068  2067  2073
 5912    2065  2068  2073  2074
 5913    2068  2067  2073  2076
 5914    2068  2073  2074  2077
 5915    2068  2073  2077  2076
 5916    2065  2066  2069  2074
 5917    2065  2069  2068  2074
 5918    2066  2069  2074  2075
 5919    2069  2068  2074  2077
 5920    2069  2074  2075  2078
 5921    2069  2074  2078  2077
 5922    2051  2067  2070  2060
 5923    2051  2070  2054  2060
 5924    2067  2070  2060  2076
 5925    2070  2054  2060  2063
 5926    2070  2060  2076  2079
 5927    2070  2060  2079  2063
 5928    2067  2068  2071  2076
 5929    2067  2071  2070  2076
 5930    2068  2071  2076  2077
 5931    2071  2070  2076  2079
 5932    2071  2076  2077  2080
 5933    2071  2076  2080  2079
 5934    2068  2069  2072  2077
 5935    2068  2072  2071  2077
 5936    2069  2072  2077  2078
 5937    2072  2071  2077  2080
 5938    2072  2077  2078  2081
 5939    2072  2077  2081  2080
 5940    1928  1944  2082  1937
 5941    1928  2082  2066  1937
 5942    1944  2082  1937  1953
 5943    2082  2066  1937  2075
 5944    2082  1937  1953  2091
 5945    2082  1937  2091  2075
 5946    1944  1945  2083  1953
 5947    1944  2083  2082  1953
 5948    1945  2083  1953  1954
 5949    2083  2082  1953  2091
 5950    2083  1953  1954  2092
 5951    2083  1953  2092  2091
 5952    1945  1946  2084  1954
 5953    1945  2084  2083  1954
 5954    1946  2084  1954  1955
 5955    2084  2083  1954  2092
 5956    2084  1954  1955  2093
 5957    2084  1954  2093  2092
 5958    2066  2082  2085  2075
 5959    2066  2085  2069  2075
 5960    2082  2085  2075  2091
 5961    2085  2069  2075  2078
 5962    2085  2075  2091  2094
 5963    2085  2075  2094  2078
 5964    2082  2083  2086  2091
 5965    2082  2086  2085  2091
 5966    2083  2086  2091  2092
 5967    2086  2085  2091  2094
 5968    2086  2091  2092  2095
 5969    2086  2091  2095  2094
 5970    2083  2084  2087  2092
 5971    2083  2087  2086  2092
 5972    2084  2087  2092  2093
 5973    2087  2086  2092  2095
 5974    2087  2092  2093  2096
 5975    2087  2092  2096  2095
 5976    2069  2085  2088  2078
 5977    2069  2088  2072  2078
 5978    2085  2088  2078  2094
 5979    2088  2072  2078  2081
 5980    2088  2078  2094  2097
 5981    2088  2078  2097  2081
 5982    2085  2086  2089  2094
 5983    2085  2089  2088  2094
 5984    2086  2089  2094  2095
 5985    2089  2088  2094  2097
 5986    2089  2094  2095  2098
 5987    2089  2094  2098  2097
 5988    2086  2087  2090  2095
 5989    2086  2090  2089  2095
 5990    2087  2090  2095  2096
 5991    2090  2089  2095  2098
 5992    2090  2095  2096  2099
 5993    2090  2095  2099  2098
 5994    1946  1960  2100  1955
 5995    1946  2100  2084  1955
 5996    1960  2100  1955  1966
 5997    2100  2084  1955  2093
 5998    2100  1955  1966  2106
 5999    2100  1955  2106  2093
 6000    1960  1961  2101  1966
 6001    1960  2101  2100  1966
 6002    1961  2101  1966  1967
 6003    2101  2100  1966  2106
 6004    2101  1966  1967  2107
 6005    2101  1966  2107  2106
 6006    1961  1832  1968  1967
 6007    1961  1968  2101  1967
 6008    1832  1968  1967  1844
 6009    1968  2101  1967  2107
 6010    1968  1967  1844  1980
 6011    1968  1967  1980  2107
 6012    2084  2100  2102  2093
 6013    2084  2102  2087  2093
 6014    2100  2102  2093  2106
 6015    2102  2087  2093  2096
 6016    2102  2093  2106  2108
 6017    2102  2093  2108  2096
 6018    2100  2101  2103  2106
 6019    2100  2103  2102  2106
 6020    2101  2103  2106  2107
 6021    2103  2102  2106  2108
 6022    2103  2106  2107  2109
 6023    2103  2106  2109  2108
 6024    2101  1968  1972  2107
 6025    2101  1972  2103  2107
 6026    1968  1972  2107  1980
 6027    1972  2103  2107  2109
 6028    1972  2107  1980  1984
 6029    1972  2107  1984  2109
 6030    2087  2102  2104  2096
 6031    2087  2104  2090  2096
 6032    2102  2104  2096  2108
 6033    2104  2090  2096  2099
 6034    2104  2096  2108  2110
 6035    2104  2096  2110  2099
 6036    2102  2103  2105  2108
 6037    2102  2105  2104  2108
 6038    2103  2105  2108  2109
 6039    2105  2104  2108  2110
 6040    2105  2108  2109  2111
 6041    2105  2108  2111  2110
 6042    2103  1972  1976  2109
 6043    2103  1976  2105  2109
 6044    1972  1976  2109  1984
 6045    1976  2105  2109  2111
 6046    1976  2109  1984  1988
 6047    1976  2109  1988  2111
 6048    1976  1977  2113  1988
 6049    1976  2113  2112  1988
 6050    1977  2113  1988  1989
 6051    2113  2112  1988  2124
 6052    2113  1988  1989  2125
 6053    2113  1988  2125  2124
 6054    1977  1978  2114  1989
 6055    1977  2114  2113  1989
 6056    1978  2114  1989  1990
 6057    2114  2113  1989  2125
 6058    2114  1989  1990  2126
 6059    2114  1989  2126  2125
 6060    1978  1979  2115  1990
 6061    1978  2115  2114  1990
 6062    1979  2115  1990  1991
 6063    2115  2114  1990  2126
 6064    2115  1990  1991  2127
 6065    2115  1990  2127  2126
 6066    2112  2113  2117  2124
 6067    2112  2117  2116  2124
 6068    2113  2117  2124  2125
 6069    2117  2116  2124  2128
 6070    2117  2124  2125  2129
 6071    2117  2124  2129  2128
 6072    2113  2114  2118  2125
 6073    2113  2118  2117  2125
 6074    2114  2118  2125  2126
 6075    2118  2117  2125  2129
 6076    2118  2125  2126  2130
 6077    2118  2125  2130  2129
 6078    2114  2115  2119  2126
 6079    2114  2119  2118  2126
 6080    2115  2119  2126  2127
 6081    2119  2118  2126  2130
 6082    2119  2126  2127  2131
 6083    2119  2126  2131  2130
 6084    2116  2117  2121  2128
 6085    2116  2121  2120  2128
 6086    2117  2121  2128  2129
 6087    2121  2120  2128  2132
 6088    2121  2128  2129  2133
 6089    2121  2128  2133  2132
 6090    2117  2118  2122  2129
 6091    2117  2122  2121  2129
 6092    2118  2122  2129  2130
 6093    2122  2121  2129  2133
 6094    2122  2129  2130  2134
 6095    2122  2129  2134  2133
 6096    2118  2119  2123  2130
 6097    2118  2123  2122  2130
 6098    2119  2123  2130  2131
 6099    2123  2122  2130  2134
 6100    2123  2130  2131  2135
 6101    2123  2130  2135  2134
 6102    1979  1998  2136  1991
 6103    1979  2136  2115  1991
 6104    1998  2136  1991  2007
 6105    2136  2115  1991  2127
 6106    2136  1991  2007  2145
 6107    2136  1991  2145  2127
 6108    1998  1999  2137  2007
 6109    1998  2137  2136  2007
 6110    1999  2137  2007  2008
 6111    2137  2136  2007  2145
 6112    2137  2007  2008  2146
 6113    2137  2007  2146  2145
 6114    1999  2000  2138  2008
 6115    1999  2138  2137  2008
 6116    2000  2138  2008  2009
 6117    2138  2137  2008  2146
 6118    2138  2008  2009  2147
 6119    2138  2008  2147  2146
 6120    2115  2136  2139  2127
 6121    2115  2139  2119  2127
 6122    2136  2139  2127  2145
 6123    2139  2119  2127  2131
 6124    2139  2127  2145  2148
 6125    2139  2127  2148  2131
 6126    2136  2137  2140  2145
 6127    2136  2140  2139  2145
 6128    2137  2140  2145  2146
 6129    2140  2139  2145  2148
 6130    2140  2145  2146  2149
 6131    2140  2145  2149  2148
 6132    2137  2138  2141  2146
 6133    2137  2141  2140  2146
 6134    2138  2141  2146  2147
 6135    2141  2140  2146  2149
 6136    2141  2146  2147  2150
 6137    2141  2146  2150  2149
 6138    2119  2139  2142  2131
 6139    2119  2142  2123  2131
 6140    2139  2142  2131  2148
 6141    2142  2123  2131  2135
 6142    2142  2131  2148  2151
 6143    2142  2131  2151  2135
 6144    2139  2140  2143  2148
 6145    2139  2143  2142  2148
 6146    2140  2143  2148  2149
 6147    2143  2142  2148  2151
 6148    2143  2148  2149  2152
 6149    2143  2148  2152  2151
 6150    2140  2141  2144  2149
 6151    2140  2144  2143  2149
 6152    2141  2144  2149  2150
 6153    2144  2143  2149  2152
 6154    2144  2149  2150  2153
 6155    2144  2149  2153  2152
 6156    2000  2016  2154  2009
 6157    2000  2154  2138  2009
 6158    2016  2154  2009  2025
 6159    2154  2138  2009  2147
 6160    2154  2009  2025  2163
 6161    2154  2009  2163  2147
 6162    2016  2017  2155  2025
 6163    2016  2155  2154  2025
 6164    2017  2155  2025  2026
 6165    2155  2154  2025  2163
 6166    2155  2025  2026  2164
 6167    2155  2025  2164  2163
 6168    2017  2018  2156  2026
 6169    2017  2156  2155  2026
 6170    2018  2156  2026  2027
 6171    2156  2155  2026  2164
 6172    2156  2026  2027  2165
 6173    2156  2026  2165  2164
 6174    2138  2154  2157  2147
 6175    2138  2157  2141  2147
 6176    2154  2157  2147  2163
 6177    2157  2141  2147  2150
 6178    2157  2147  2163  2166
 6179    2157  2147  2166  2150
 6180    2154  2155  2158  2163
 6181    2154  2158  2157  2163
 6182    2155  2158  2163  2164
 6183    2158  2157  2163  2166
 6184    2158  2163  2164  2167
 6185    2158  2163  2167  2166
 6186    2155  2156  2159  2164
 6187    2155  2159  2158  2164
 6188    2156  2159  2164  2165
 6189    2159  2158  2164  2167
 6190    2159  2164  2165  2168
 6191    2159  2164  2168  2167
 6192    2141  2157  2160  2150
 6193    2141  2160  2144  2150
 6194    2157  2160  2150  2166
 6195    2160  2144  2150  2153
 6196    2160  2150  2166  2169
 6197    2160  2150  2169  2153
 6198    2157  2158  2161  2166
 6199    2157  2161  2160  2166
 6200    2158  2161  2166  2167
 6201    2161  2160  2166  2169
 6202    2161  2166  2167  2170
 6203    2161  2166  2170  2169
 6204    2158  2159  2162  2167
 6205    2158  2162  2161  2167
 6206    2159  2162  2167  2168
 6207    2162  2161  2167  2170
 6208    2162  2167  2168  2171
 6209    2162  2167  2171  2170
 6210    2018  2034  2172  2027
 6211    2018  2172  2156  2027
 6212    2034  2172  2027  2043
 6213    2172  2156  2027  2165
 6214    2172  2027  2043  2181
 6215    2172  2027  2181  2165
 6216    2034  2035  2173  2043
 6217    2034  2173  2172  2043
 6218    2035  2173  2043  2044
 6219    2173  2172  2043  2181
 6220    2173  2043  2044  2182
 6221    2173  2043  2182  2181
 6222    2035  2036  2174  2044
 6223    2035  2174  2173  2044
 6224    2036  2174  2044  2045
 6225    2174  2173  2044  2182
 6226    2174  2044  2045  2183
 6227    2174  2044  2183  2182
 6228    2156  2172  2175  2165
 6229    2156  2175  2159  2165
 6230    2172  2175  2165  2181
 6231    2175  2159  2165  2168
 6232    2175  2165  2181  2184
 6233    2175  2165  2184  2168
 6234    2172  2173  2176  2181
 6235    2172  2176  2175  2181
 6236    2173  2176  2181  2182
 6237    2176  2175  2181  2184
 6238    2176  2181  2182  2185
 6239    2176  2181  2185  2184
 6240    2173  2174  2177  2182
 6241    2173  2177  2176  2182
 6242    2174  2177  2182  2183
 6243    2177  2176  2182  2185
 6244    2177  2182  2183  2186
 6245    2177  2182  2186  2185
 6246    2159  2175  2178  2168
 6247    2159  2178  2162  2168
 6248    2175  2178  2168  2184
 6249    2178  2162  2168  2171
 6250    2178  2168  2184  2187
 6251    2178  2168  2187  2171
 6252    2175  2176  2179  2184
 6253    2175  2179  2178  2184
 6254    2176  2179  2184  2185
 6255    2179  2178  2184  2187
 6256    2179  2184  2185  2188
 6257    2179  2184  2188  2187
 6258    2176  2177  2180  2185
 6259    2176  2180  2179  2185
 6260    2177  2180  2185  2186
 6261    2180  2179  2185  2188
 6262    2180  2185  2186  2189
 6263    2180  2185  2189  2188
 6264    2036  2052  2190  2045
 6265    2036  2190  2174  2045
 6266    2052  2190  2045  2061
 6267    2190  2174  2045  2183
 6268    2190  2045  2061  2199
 6269    2190  2045  2199  2183
 6270    2052  2053  2191  2061
 6271    2052  2191  2190  2061
 6272    2053  2191  2061  2062
 6273    2191  2190  2061  2199
 6274    2191  2061  2062  2200
 6275    2191  2061  2200  2199
 6276    2053  2054  2192  2062
 6277    2053  2192  2191  2062
 6278    2054  2192  2062  2063
 6279    2192  2191  2062  2200
 6280    2192  2062  2063  2201
 6281    2192  2062  2201  2200
 6282    2174  2190  2193  2183
 6283    2174  2193  2177  2183
 6284    2190  2193  2183  2199
 6285    2193  2177  2183  2186
 6286    2193  2183  2199  2202
 6287    2193  2183  2202  2186
 6288    2190  2191  2194  2199
 6289    2190  2194  2193  2199
 6290    2191  2194  2199  2200
 6291    2194  2193  2199  2202
 6292    2194  2199  2200  2203
 6293    2194  2199  2203  2202
 6294    2191  2192  2195  2200
 6295    2191  2195  2194  2200
 6296    2192  2195  2200  2201
 6297    2195  2194  2200  2203
 6298    2195  2200  2201  2204
 6299    2195  2200  2204  2203
 6300    2177  2193  2196  2186
 6301    2177  2196  2180  2186
 6302    2193  2196  2186  2202
 6303    2196  2180  2186  2189
 6304    2196  2186  2202  2205
 6305    2196  2186  2205  2189
 6306    2193  2194  2197  2202
 6307    2193  2197  2196  2202
 6308    2194  2197  2202  2203
 6309    2197  2196  2202  2205
 6310    2197  2202  2203  2206
 6311    2197  2202  2206  2205
 6312    2194  2195  2198  2203
 6313    2194  2198  2197  2203
 6314    2195  2198  2203  2204
 6315    2198  2197  2203  2206
 6316    2198  2203  2204  2207
 6317    2198  2203  2207  2206
 6318    2054  2070  2208  2063
 6319    2054  2208  2192  2063
 6320    2070  2208  2063  2079
 6321    2208  2192  2063  2201
 6322    2208  2063  2079  2217
 6323    2208  2063  2217  2201
 6324    2070  2071  2209  2079
 6325    2070  2209  2208  2079
 6326    2071  2209  2079  2080
 6327    2209  2208  2079  2217
 6328    2209  2079  2080  2218
 6329    2209  2079  2218  2217
 6330    2071  2072  2210  2080
 6331    2071  2210  2209  2080
 6332    2072  2210  2080  2081
 6333    2210  2209  2080  2218
 6334    2210  2080  2081  2219
 6335    2210  2080  2219  2218
 6336    2192  2208  2211  2201
 6337    2192  2211  2195  2201
 6338    2208  2211  2201  2217
 6339    2211  2195  2201  2204
 6340    2211  2201  2217  2220
 6341    2211  2201  2220  2204
 6342    2208  2209  2212  2217
 6343    2208  2212  2211  2217
 6344    2209  2212  2217  2218
 6345    2212  2211  2217  2220
 6346    2212  2217  2218  2221
 6347    2212  2217  2221  2220
 6348    2209  2210  2213  2218
 6349    2209  2213  2212  2218
 6350    2210  2213  2218  2219
 6351    2213  2212  2218  2221
 6352    2213  2218  2219  2222
 6353    2213  2218  2222  2221
 6354    2195  2211  2214  2204
 6355    2195  2214  2198  2204
 6356    2211  2214  2204  2220
 6357    2214  2198  2204  2207
 6358    2214  2204  2220  2223
 6359    2214  2204  2223  2207
 6360    2211  2212  2215  2220
 6361    2211  2215  2214  2220
 6362    2212  2215  2220  2221
 6363    2215  2214  2220  2223
 6364    2215  2220  2221  2224
 6365    2215  2220  2224  2223
 6366    2212  2213  2216  2221
 6367    2212  2216  2215  2221
 6368    2213  2216  2221  2222
 6369    2216  2215  2221  2224
 6370    2216  2221  2222  2225
 6371    2216  2221  2225  2224
 6372    2072  2088  2226  2081
 6373    2072  2226  2210  2081
 6374    2088  2226  2081  2097
 6375    2226  2210  2081  2219
 6376    2226  2081  2097  2235
 6377    2226  2081  2235  2219
 6378    2088  2089  2227  2097
 6379    2088  2227  2226  2097
 6380    2089  2227  2097  2098
 6381    2227  2226  2097  2235
 6382    2227  2097  2098  2236
 6383    2227  2097  2236  2235
 6384    2089  2090  2228  2098
 6385    2089  2228  2227  2098
 6386    2090  2228  2098  2099
 6387    2228  2227  2098  2236
 6388    2228  2098  2099  2237
 6389    2228  2098  2237  2236
 6390    2210  2226  2229  2219
 6391    2210  2229  2213  2219
 6392    2226  2229  2219  2235
 6393    2229  2213  2219  2222
 6394    2229  2219  2235  2238
 6395    2229  2219  2238  2222
 6396    2226  2227  2230  2235
 6397    2226  2230  2229  2235
 6398    2227  2230  2235  2236
 6399    2230  2229  2235  2238
 6400    2230  2235  2236  2239
 6401    2230  2235  2239  2238
 6402    2227  2228  2231  2236
 6403    2227  2231  2230  2236
 6404    2228  2231  2236  2237
 6405    2231  2230  2236  2239
 6406    2231  2236  2237  2240
 6407    2231  2236  2240  2239
 6408    2213  2229  2232  2222
 6409    2213  2232  2216  2222
 6410    2229  2232  2222  2238
 6411    2232  2216  2222  2225
 6412    2232  2222  2238  2241
 6413    2232  2222  2241  2225
 6414    2229  2230  2233  2238
 6415    2229  2233  2232  2238
 6416    2230  2233  2238  2239
 6417    2233  2232  2238  2241
 6418    2233  2238  2239  2242
 6419    2233  2238  2242  2241
 6420    2230  2231  2234  2239
 6421    2230  2234  2233  2239
 6422    2231  2234  2239  2240
 6423    2234  2233  2239  2242
 6424    2234  2239  2240  2243
 6425    2234  2239  2243  2242
 6426    2090  2104  2244  2099
 6427    2090  2244  2228  2099
 6428    2104  2244  2099  2110
 6429    2244  2228  2099  2237
 6430    2244  2099  2110  2250
 6431    2244  2099  2250  2237
 6432    2104  2105  2245  2110
 6433    2104  2245  2244  2110
 6434    2105  2245  2110  2111
 6435    2245  2244  2110  2250
 6436    2245  2110  2111  2251
 6437    2245  2110  2251  2250
 6438    2105  1976  2112  2111
 6439    2105  2112  2245  2111
 6440    1976  2112  2111  1988
 6441    2112  2245  2111  2251
 6442    2112  2111  1988  2124
 6443    2112  2111  2124  2251
 6444    2228  2244  2246  2237
 6445    2228  2246  2231  2237
 6446    2244  2246  2237  2250
 6447    2246  2231  2237  2240
 6448    2246  2237  2250  2252
 6449    2246  2237  2252  2240
 6450    2244  2245  2247  2250
 6451    2244  2247  2246  2250
 6452    2245  2247  2250  2251
 6453    2247  2246  2250  2252
 6454    2247  2250  2251  2253
 6455    2247  2250  2253  2252
 6456    2245  2112  2116  2251
 6457    2245  2116  2247  2251
 6458    2112  2116  2251  2124
 6459    2116  2247  2251  2253
 6460    2116  2251  2124  2128
 6461    2116  2251  2128  2253
 6462    2231  2246  2248  2240
 6463    2231  2248  2234  2240
 6464    2246  2248  2240  2252
 6465    2248  2234  2240  2243
 6466    2248  2240  2252  2254
 6467    2248  2240  2254  2243
 6468    2246  2247  2249  2252
 6469    2246  2249  2248  2252
 6470    2247  2249  2252  2253
 6471    2249  2248  2252  2254
 6472    2249  2252  2253  2255
 6473    2249  2252  2255  2254
 6474    2247  2116  2120  2253
 6475    2247  2120  2249  2253
 6476    2116  2120  2253  2128
 6477    2120  2249  2253  2255
 6478    2120  2253  2128  2132
 6479    2120  2253  2132  2255
 6480    2120  2121  2257  2132
 6481    2120  2257  2256  2132
 6482    2121  2257  2132  2133
 6483    2257  2256  2132  2268
 6484    2257  2132  2133  2269
 6485    2257  2132  2269  2268
 6486    2121  2122  2258  2133
 6487    2121  2258  2257  2133
 6488    2122  2258  2133  2134
 6489    2258  2257  2133  2269
 6490    2258  2133  2134  2270
 6491    2258  2133  2270  2269
 6492    2122  2123  2259  2134
 6493    2122  2259  2258  2134
 6494    2123  2259  2134  2135
 6495    2259  2258  2134  2270
 6496    2259  2134  2135  2271
 6497    2259  2134  2271  2270
 6498    2256  2257  2261  2268
 6499    2256  2261  2260  2268
 6500    2257  2261  2268  2269
 6501    2261  2260  2268  2272
 6502    2261  2268  2269  2273
 6503    2261  2268  2273  2272
 6504    2257  2258  2262  2269
 6505    2257  2262  2261  2269
 6506    2258  2262  2269  2270
 6507    2262  2261  2269  2273
 6508    2262  2269  2270  2274
 6509    2262  2269  2274  2273
 6510    2258  2259  2263  2270
 6511    2258  2263  2262  2270
 6512    2259  2263  2270  2271
 6513    2263  2262  2270  2274
 6514    2263  2270  2271  2275
 6515    2263  2270  2275  2274
 6516    2260  2261  2265  2272
 6517    2260  2265  2264  2272
 6518    2261  2265  2272  2273
 6519    2265  2264  2272  2276
 6520    2265  2272  2273  2277
 6521    2265  2272  2277  2276
 6522    2261  2262  2266  2273
 6523    2261  2266  2265  2273
 6524    2262  2266  2273  2274
 6525    2266  2265  2273  2277
 6526    2266  2273  2274  2278
 6527    2266  2273  2278  2277
 6528    2262  2263  2267  2274
 6529    2262  2267  2266  2274
 6530    2263  2267  2274  2275
 6531    2267  2266  2274  2278
 6532    2267  2274  2275  2279
 6533    2267  2274  2279  2278
 6534    2123  2142  2280  2135
 6535    2123  2280  2259  2135
 6536    2142  2280  2135  2151
 6537    2280  2259  2135  2271
 6538    2280  2135  2151  2289
 6539    2280  2135  2289  2271
 6540    2142  2143  2281  2151
 6541    2142  2281  2280  2151
 6542    2143  2281  2151  2152
 6543    2281  2280  2151  2289
 6544    2281  2151  2152  2290
 6545    2281  2151  2290  2289
 6546    2143  2144  2282  2152
 6547    2143  2282  2281  2152
 6548    2144  2282  2152  2153
 6549    2282  2281  2152  2290
 6550    2282  2152  2153  2291
 6551    2282  2152  2291  2290
 6552    2259  2280  2283  2271
 6553    2259  2283  2263  2271
 6554    2280  2283  2271  2289
 6555    2283  2263  2271  2275
 6556    2283  2271  2289  2292
 6557    2283  2271  2292  2275
 6558    2280  2281  2284  2289
 6559    2280  2284  2283  2289
 6560    2281  2284  2289  2290
 6561    2284  2283  2289  2292
 6562    2284  2289  2290  2293
 6563    2284  2289  2293  2292
 6564    2281  2282  2285  2290
 6565    2281  2285  2284  2290
 6566    2282  2285  2290  2291
 6567    2285  2284  2290  2293
 6568    2285  2290  2291  2294
 6569    2285  2290  2294  2293
 6570    2263  2283  2286  2275
 6571    2263  2286  2267  2275
 6572    2283  2286  2275  2292
 6573    2286  2267  2275  2279
 6574    2286  2275  2292  2295
 6575    2286  2275  2295  2279
 6576    2283  2284  2287  2292
 6577    2283  2287  2286  2292
 6578    2284  2287  2292  2293
 6579    2287  2286  2292  2295
 6580    2287  2292  2293  2296
 6581    2287  2292  2296  2295
 6582    2284  2285  2288  2293
 6583    2284  2288  2287  2293
 6584    2285  2288  2293  2294
 6585    2288  2287  2293  2296
 6586    2288  2293  2294  2297
 6587    2288  2293  2297  2296
 6588    2144  2160  2298  2153
 6589    2144  2298  2282  2153
 6590    2160  2298  2153  2169
 6591    2298  2282  2153  2291
 6592    2298  2153  2169  2307
 6593    2298  2153  2307  2291
 6594    2160  2161  2299  2169
 6595    2160  2299  2298  2169
 6596    2161  2299  2169  2170
 6597    2299  2298  2169  2307
 6598    2299  2169  2170  2308
 6599    2299  2169  2308  2307
 6600    2161  2162  2300  2170
 6601    2161  2300  2299  2170
 6602    2162  2300  2170  2171
 6603    2300  2299  2170  2308
 6604    2300  2170  2171  2309
 6605    2300  2170  2309  2308
 6606    2282  2298  2301  2291
 6607    2282  2301  2285  2291
 6608    2298  2301  2291  2307
 6609    2301  2285  2291  2294
 6610    2301  2291  2307  2310
 6611    2301  2291  2310  2294
 6612    2298  2299  2302  2307
 6613    2298  2302  2301  2307
 6614    2299  2302  2307  2308
 6615    2302  2301  2307  2310
 6616    2302  2307  2308  2311
 6617    2302  2307  2311  2310
 6618    2299  2300  2303  2308
 6619    2299  2303  2302  2308
 6620    2300  2303  2308  2309
 6621    2303  2302  2308  2311
 6622    2303  2308  2309  2312
 6623    2303  2308  2312  2311
 6624    2285  2301  2304  2294
 6625    2285  2304  2288  2294
 6626    2301  2304  2294  2310
 6627    2304  2288  2294  2297
 6628    2304  2294  2310  2313
 6629    2304  2294  2313  2297
 6630    2301  2302  2305  2310
 6631    2301  2305  2304  2310
 6632    2302  2305  2310  2311
 6633    2305  2304  2310  2313
 6634    2305  2310  2311  2314
 6635    2305  2310  2314  2313
 6636    2302  2303  2306  2311
 6637    2302  2306  2305  2311
 6638    2303  2306  2311  2312
 6639    2306  2305  2311  2314
 6640    2306  2311  2312  2315
 6641    2306  2311  2315  2314
 6642    2162  2178  2316  2171
 6643    2162  2316  2300  2171
 6644    2178  2316  2171  2187
 6645    2316  2300  2171  2309
 6646    2316  2171  2187  2325
 6647    2316  2171  2325  2309
 6648    2178  2179  2317  2187
 6649    2178  2317  2316  2187
 6650    2179  2317  2187  2188
 6651    2317  2316  2187  2325
 6652    2317  2187  2188  2326
 6653    2317  2187  2326  2325
 6654    2179  2180  2318  2188
 6655    2179  2318  2317  2188
 6656    2180  2318  2188  2189
 6657    2318  2317  2188  2326
 6658    2318  2188  2189  2327
 6659    2318  2188  2327  2326
 6660    2300  2316  2319  2309
 6661    2300  2319  2303  2309
 6662    2316  2319  2309  2325
 6663    2319  2303  2309  2312
 6664    2319  2309  2325  2328
 6665    2319  2309  2328  2312
 6666    2316  2317  2320  2325
 6667    2316  2320  2319  2325
 6668    2317  2320  2325  2326
 6669    2320  2319  2325  2328
 6670    2320  2325  2326  2329
 6671    2320  2325  2329  2328
 6672    2317  2318  2321  2326
 6673    2317  2321  2320  2326
 6674    2318  2321  2326  2327
 6675    2321  2320  2326  2329
 6676    2321  2326  2327  2330
 6677    2321  2326  2330  2329
 6678    2303  2319  2322  2312
 6679    2303  2322  2306  2312
 6680    2319  2322  2312  2328
 6681    2322  2306  2312  2315
 6682    2322  2312  2328  2331
 6683    2322  2312  2331  2315
 6684    2319  2320  2323  2328
 6685    2319  2323  2322  2328
 6686    2320  2323  2328  2329
 6687    2323  2322  2328  2331
 6688    2323  2328  2329  2332
 6689    2323  2328  2332  2331
 6690    2320  2321  2324  2329
 6691    2320  2324  2323  2329
 6692    2321  2324  2329  2330
 6693    2324  2323  2329  2332
 6694    2324  2329  2330  2333
 6695    2324  2329  2333  2332
 6696    2180  2196  2334  2189
 6697    2180  2334  2318  2189
 6698    2196  2334  2189  2205
 6699    2334  2318  2189  2327
 6700    2334  2189  2205  2343
 6701    2334  2189  2343  2327
 6702    2196  2197  2335  2205
 6703    2196  2335  2334  2205
 6704    2197  2335  2205  2206
 6705    2335  2334  2205  2343
 6706    2335  2205  2206  2344
 6707    2335  2205  2344  2343
 6708    2197  2198  2336  2206
 6709    2197  2336  2335  2206
 6710    2198  2336  2206  2207
 6711    2336  2335  2206  2344
 6712    2336  2206  2207  2345
 6713    2336  2206  2345  2344
 6714    2318  2334  2337  2327
 6715    2318  2337  2321  2327
 6716    2334  2337  2327  2343
 6717    2337  2321  2327  2330
 6718    2337  2327  2343  2346
 6719    2337  2327  2346  2330
 6720    2334  2335  2338  2343
 6721    2334  2338  2337  2343
 6722    2335  2338  2343  2344
 6723    2338  2337  2343  2346
 6724    2338  2343  2344  2347
 6725    2338  2343  2347  2346
 6726    2335  2336  2339  2344
 6727    2335  2339  2338  2344
 6728    2336  2339  2344  2345
 6729    2339  2338  2344  2347
 6730    2339  2344  2345  2348
 6731    2339  2344  2348  2347
 6732    2321  2337  2340  2330
 6733    2321  2340  2324  2330
 6734    2337  2340  2330  2346
 6735    2340  2324  2330  2333
 6736    2340  2330  2346  2349
 6737    2340  2330  2349  2333
 6738    2337  2338  2341  2346
 6739    2337  2341  2340  2346
 6740    2338  2341  2346  2347
 6741    2341  2340  2346  2349
 6742    2341  2346  2347  2350
 6743    2341  2346  2350  2349
 6744    2338  2339  2342  2347
 6745    2338  2342  2341  2347
 6746    2339  2342  2347  2348
 6747    2342  2341  2347  2350
 6748    2342  2347  2348  2351
 6749    2342  2347  2351  2350
 6750    2198  2214  2352  2207
 6751    2198  2352  2336  2207
 6752    2214  2352  2207  2223
 6753    2352  2336  2207  2345
 6754    2352  2207  2223  2361
 6755    2352  2207  2361  2345
 6756    2214  2215  2353  2223
 6757    2214  2353  2352  2223
 6758    2215  2353  2223  2224
 6759    2353  2352  2223  2361
 6760    2353  2223  2224  2362
 6761    2353  2223  2362  2361
 6762    2215  2216  2354  2224
 6763    2215  2354  2353  2224
 6764    2216  2354  2224  2225
 6765    2354  2353  2224  2362
 6766    2354  2224  2225  2363
 6767    2354  2224  2363  2362
 6768    2336  2352  2355  2345
 6769    2336  2355  2339  2345
 6770    2352  2355  2345  2361
 6771    2355  2339  2345  2348
 6772    2355  2345  2361  2364
 6773    2355  2345  2364  2348
 6774    2352  2353  2356  2361
 6775    2352  2356  2355  2361
 6776    2353  2356  2361  2362
 6777    2356  2355  2361  2364
 6778    2356  2361  2362  2365
 6779    2356  2361  2365  2364
 6780    2353  2354  2357  2362
 6781    2353  2357  2356  2362
 6782    2354  2357  2362  2363
 6783    2357  2356  2362  2365
 6784    2357  2362  2363  2366
 6785    2357  2362  2366  2365
 6786    2339  2355  2358  2348
 6787    2339  2358  2342  2348
 6788    2355  2358  2348  2364
 6789    2358  2342  2348  2351
 6790    2358  2348  2364  2367
 6791    2358  2348  2367  2351
 6792    2355  2356  2359  2364
 6793    2355  2359  2358  2364
 6794    2356  2359  2364  2365
 6795    2359  2358  2364  2367
 6796    2359  2364  2365  2368
 6797    2359  2364  2368  2367
 6798    2356  2357  2360  2365
 6799    2356  2360  2359  2365
 6800    2357  2360  2365  2366
 6801    2360  2359  2365  2368
 6802    2360  2365  2366  2369
 6803    2360  2365  2369  2368
 6804    2216  2232  2370  2225
 6805    2216  2370  2354  2225
 6806    2232  2370  2225  2241
 6807    2370  2354  2225  2363
 6808    2370  2225  2241  2379
 6809    2370  2225  2379  2363
 6810    2232  2233  2371  2241
 6811    2232  2371  2370  2241
 6812    2233  2371  2241  2242
 6813    2371  2370  2241  2379
 6814    2371  2241  2242  2380
 6815    2371  2241  2380  2379
 6816    2233  2234  2372  2242
 6817    2233  2372  2371  2242
 6818    2234  2372  2242  2243
 6819    2372  2371  2242  2380
 6820    2372  2242  2243  2381
 6821    2372  2242  2381  2380
 6822    2354  2370  2373  2363
 6823    2354  2373  2357  2363
 6824    2370  2373  2363  2379
 6825    2373  2357  2363  2366
 6826    2373  2363  2379  2382
 6827    2373  2363  2382  2366
 6828    2370  2371  2374  2379
 6829    2370  2374  2373  2379
 6830    2371  2374  2379  2380
 6831    2374  2373  2379  2382
 6832    2374  2379  2380  2383
 6833    2374  2379  2383  2382
 6834    2371  2372  2375  2380
 6835    2371  2375  2374  2380
 6836    2372  2375  2380  2381
 6837    2375  2374  2380  2383
 6838    2375  2380  2381  2384
 6839    2375  2380  2384  2383
 6840    2357  2373  2376  2366
 6841    2357  2376  2360  2366
 6842    2373  2376  2366  2382
 6843    2376  2360  2366  2369
 6844    2376  2366  2382  2385
 6845    2376  2366  2385  2369
 6846    2373  2374  2377  2382
 6847    2373  2377  2376  2382
 6848    2374  2377  2382  2383
 6849    2377  2376  2382  2385
 6850    2377  2382  2383  2386
 6851    2377  2382  2386  2385
 6852    2374  2375  2378  2383
 6853    2374  2378  2377  2383
 6854    2375  2378  2383  2384
 6855    2378  2377  2383  2386
 6856    2378  2383  2384  2387
 6857    2378  2383  2387  2386
 6858    2234  2248  2388  2243
 6859    2234  2388  2372  2243
 6860    2248  2388  2243  2254
 6861    2388  2372  2243  2381
 6862    2388  2243  2254  2394
 6863    2388  2243  2394  2381
 6864    2248  2249  2389  2254
 6865    2248  2389  2388  2254
 6866    2249  2389  2254  2255
 6867    2389  2388  2254  2394
 6868    2389  2254  2255  2395
 6869    2389  2254  2395  2394
 6870    2249  2120  2256  2255
 6871    2249  2256  2389  2255
 6872    2120  2256  2255  2132
 6873    2256  2389  2255  2395
 6874    2256  2255  2132  2268
 6875    2256  2255  2268  2395
 6876    2372  2388  2390  2381
 6877    2372  2390  2375  2381
 6878    2388  2390  2381  2394
 6879    2390  2375  2381  2384
 6880    2390  2381  2394  2396
 6881    2390  2381  2396  2384
 6882    2388  2389  2391  2394
 6883    2388  2391  2390  2394
 6884    2389  2391  2394  2395
 6885    2391  2390  2394  2396
 6886    2391  2394  2395  2397
 6887    2391  2394  2397  2396
 6888    2389  2256  2260  2395
 6889    2389  2260  2391  2395
 6890    2256  2260  2395  2268
 6891    2260  2391  2395  2397
 6892    2260  2395  2268  2272
 6893    2260  2395  2272  2397
 6894    2375  2390  2392  2384
 6895    2375  2392  2378  2384
 6896    2390  2392  2384  2396
 6897    2392  2378  2384  2387
 6898    2392  2384  2396  2398
 6899    2392  2384  2398  2387
 6900    2390  2391  2393  2396
 6901    2390  2393  2392  2396
 6902    2391  2393  2396  2397
 6903    2393  2392  2396  2398
 6904    2393  2396  2397  2399
 6905    2393  2396  2399  2398
 6906    2391  2260  2264  2397
 6907    2391  2264  2393  2397
 6908    2260  2264  2397  2272
 6909    2264  2393  2397  2399
 6910    2264  2397  2272  2276
 6911    2264  2397  2276  2399
 6912    2264  2265  2401  2276
 6913    2264  2401  2400  2276
 6914    2265  2401  2276  2277
 6915    2401  2400  2276  2412
 6916    2401  2276  2277  2413
 6917    2401  2276  2413  2412
 6918    2265  2266  2402  2277
 6919    2265  2402  2401  2277
 6920    2266  2402  2277  2278
 6921    2402  2401  2277  2413
 6922    2402  2277  2278  2414
 6923    2402  2277  2414  2413
 6924    2266  2267  2403  2278
 6925    2266  2403  2402  2278
 6926    2267  2403  2278  2279
 6927    2403  2402  2278  2414
 6928    2403  2278  2279  2415
 6929    2403  2278  2415  2414
 6930    2400  2401  2405  2412
 6931    2400  2405  2404  2412
 6932    2401  2405  2412  2413
 6933    2405  2404  2412  2416
 6934    2405  2412  2413  2417
 6935    2405  2412  2417  2416
 6936    2401  2402  2406  2413
 6937    2401  2406  2405  2413
 6938    2402  2406  2413  2414
 6939    2406  2405  2413  2417
 6940    2406  2413  2414  2418
 6941    2406  2413  2418  2417
 6942    2402  2403  2407  2414
 6943    2402  2407  2406  2414
 6944    2403  2407  2414  2415
 6945    2407  2406  2414  2418
 6946    2407  2414  2415  2419
 6947    2407  2414  2419  2418
 6948    2404  2405  2409  2416
 6949    2404  2409  2408  2416
 6950    2405  2409  2416  2417
 6951    2409  2408  2416  2420
 6952    2409  2416  2417  2421
 6953    2409  2416  2421  2420
 6954    2405  2406  2410  2417
 6955    2405  2410  2409  2417
 6956    2406  2410  2417  2418
 6957    2410  2409  2417  2421
 6958    2410  2417  2418  2422
 6959    2410  2417  2422  2421
 6960    2406  2407  2411  2418
 6961    2406  2411  2410  2418
 6962    2407  2411  2418  2419
 6963    2411  2410  2418  2422
 6964    2411  2418  2419  2423
 6965    2411  2418  2423  2422
 6966    2267  2286  2424  2279
 6967    2267  2424  2403  2279
 6968    2286  2424  2279  2295
 6969    2424  2403  2279  2415
 6970    2424  2279  2295  2433
 6971    2424  2279  2433  2415
 6972    2286  2287  2425  2295
 6973    2286  2425  2424  2295
 6974    2287  2425  2295  2296
 6975    2425  2424  2295  2433
 6976    2425  2295  2296  2434
 6977    2425  2295  2434  2433
 6978    2287  2288  2426  2296
 6979    2287  2426  2425  2296
 6980    2288  2426  2296  2297
 6981    2426  2425  2296  2434
 6982    2426  2296  2297  2435
 6983    2426  2296  2435  2434
 6984    2403  2424  2427  2415
 6985    2403  2427  2407  2415
 6986    2424  2427  2415  2433
 6987    2427  2407  2415  2419
 6988    2427  2415  2433  2436
 6989    2427  2415  2436  2419
 6990    2424  2425  2428  2433
 6991    2424  2428  2427  2433
 6992    2425  2428  2433  2434
 6993    2428  2427  2433  2436
 6994    2428  2433  2434  2437
 6995    2428  2433  2437  2436
 6996    2425  2426  2429  2434
 6997    2425  2429  2428  2434
 6998    2426  2429  2434  2435
 6999    2429  2428  2434  2437
 7000    2429  2434  2435  2438
 7001    2429  2434  2438  2437
 7002    2407  2427  2430  2419
 7003    2407  2430  2411  2419
 7004    2427  2430  2419  2436
 7005    2430  2411  2419  2423
 7006    2430  2419  2436  2439
 7007    2430  2419  2439  2423
 7008    2427  2428  2431  2436
 7009    2427  2431  2430  2436
 7010    2428  2431  2436  2437
 7011    2431  2430  2436  2439
 7012    2431  2436  2437  2440
 7013    2431  2436  2440  2439
 7014    2428  2429  2432  2437
 7015    2428  2432  2431  2437
 7016    2429  2432  2437  2438
 7017    2432  2431  2437  2440
 7018    2432  2437  2438  2441
 7019    2432  2437  2441  2440
 7020    2288  2304  2442  2297
 7021    2288  2442  2426  2297
 7022    2304  2442  2297  2313
 7023    2442  2426  2297  2435
 7024    2442  2297  2313  2451
 7025    2442  2297  2451  2435
 7026    2304  2305  2443  2313
 7027    2304  2443  2442  2313
 7028    2305  2443  2313  2314
 7029    2443  2442  2313  2451
 7030    2443  2313  2314  2452
 7031    2443  2313  2452  2451
 7032    2305  2306  2444  2314
 7033    2305  2444  2443  2314
 7034    2306  2444  2314  2315
 7035    2444  2443  2314  2452
 7036    2444  2314  2315  2453
 7037    2444  2314  2453  2452
 7038    2426  2442  2445  2435
 7039    2426  2445  2429  2435
 7040    2442  2445  2435  2451
 7041    2445  2429  2435  2438
 7042    2445  2435  2451  2454
 7043    2445  2435  2454  2438
 7044    2442  2443  2446  2451
 7045    2442  2446  2445  2451
 7046    2443  2446  2451  2452
 7047    2446  2445  2451  2454
 7048    2446  2451  2452  2455
 7049    2446  2451  2455  2454
 7050    2443  2444  2447  2452
 7051    2443  2447  2446  2452
 7052    2444  2447  2452  2453
 7053    2447  2446  2452  2455
 7054    2447  2452  2453  2456
 7055    2447  2452  2456  2455
 7056    2429  2445  2448  2438
 7057    2429  2448  2432  2438
 7058    2445  2448  2438  2454
 7059    2448  2432  2438  2441
 7060    2448  2438  2454  2457
 7061    2448  2438  2457  2441
 7062    2445  2446  2449  2454
 7063    2445  2449  2448  2454
 7064    2446  2449  2454  2455
 7065    2449  2448  2454  2457
 7066    2449  2454  2455  2458
 7067    2449  2454  2458  2457
 7068    2446  2447  2450  2455
 7069    2446  2450  2449  2455
 7070    2447  2450  2455  2456
 7071    2450  2449  2455  2458
 7072    2450  2455  2456  2459
 7073    2450  2455  2459  2458
 7074    2306  2322  2460  2315
 7075    2306  2460  2444  2315
 7076    2322  2460  2315  2331
 7077    2460  2444  2315  2453
 7078    2460  2315  2331  2469
 7079    2460  2315  2469  2453
 7080    2322  2323  2461  2331
 7081    2322  2461  2460  2331
 7082    2323  2461  2331  2332
 7083    2461  2460  2331  2469
 7084    2461  2331  2332  2470
 7085    2461  2331  2470  2469
 7086    2323  2324  2462  2332
 7087    2323  2462  2461  2332
 7088    2324  2462  2332  2333
 7089    2462  2461  2332  2470
 7090    2462  2332  2333  2471
 7091    2462  2332  2471  2470
 7092    2444  2460  2463  2453
 7093    2444  2463  2447  2453
 7094    2460  2463  2453  2469
 7095    2463  2447  2453  2456
 7096    2463  2453  2469  2472
 7097    2463  2453  2472  2456
 7098    2460  2461  2464  2469
 7099    2460  2464  2463  2469
 7100    2461  2464  2469  2470
 7101    2464  2463  2469  2472
 7102    2464  2469  2470  2473
 7103    2464  2469  2473  2472
 7104    2461  2462  2465  2470
 7105    2461  2465  2464  2470
 7106    2462  2465  2470  2471
 7107    2465  2464  2470  2473
 7108    2465  2470  2471  2474
 7109    2465  2470  2474  2473
 7110    2447  2463  2466  2456
 7111    2447  2466  2450  2456
 7112    2463  2466  2456  2472
 7113    2466  2450  2456  2459
 7114    2466  2456  2472  2475
 7115    2466  2456  2475  2459
 7116    2463  2464  2467  2472
 7117    2463  2467  2466  2472
 7118    2464  2467  2472  2473
 7119    2467  2466  2472  2475
 7120    2467  2472  2473  2476
 7121    2467  2472  2476  2475
 7122    2464  2465  2468  2473
 7123    2464  2468  2467  2473
 7124    2465  2468  2473  2474
 7125    2468  2467  2473  2476
 7126    2468  2473  2474  2477
 7127    2468  2473  2477  2476
 7128    2324  2340  2478  2333
 7129    2324  2478  2462  2333
 7130    2340  2478  2333  2349
 7131    2478  2462  2333  2471
 7132    2478  2333  2349  2487
 7133    2478  2333  2487  2471
 7134    2340  2341  2479  2349
 7135    2340  2479  2478  2349
 7136    2341  2479  2349  2350
 7137    2479  2478  2349  2487
 7138    2479  2349  2350  2488
 7139    2479  2349  2488  2487
 7140    2341  2342  2480  2350
 7141    2341  2480  2479  2350
 7142    2342  2480  2350  2351
 7143    2480  2479  2350  2488
 7144    2480  2350  2351  2489
 7145    2480  2350  2489  2488
 7146    2462  2478  2481  2471
 7147    2462  2481  2465  2471
 7148    2478  2481  2471  2487
 7149    2481  2465  2471  2474
 7150    2481  2471  2487  2490
 7151    2481  2471  2490  2474
 7152    2478  2479  2482  2487
 7153    2478  2482  2481  2487
 7154    2479  2482  2487  2488
 7155    2482  2481  2487  2490
 7156    2482  2487  2488  2491
 7157    2482  2487  2491  2490
 7158    2479  2480  2483  2488
 7159    2479  2483  2482  2488
 7160    2480  2483  2488  2489
 7161    2483  2482  2488  2491
 7162    2483  2488  2489  2492
 7163    2483  2488  2492  2491
 7164    2465  2481  2484  2474
 7165    2465  2484  2468  2474
 7166    2481  2484  2474  2490
 7167    2484  2468  2474  2477
 7168    2484  2474  2490  2493
 7169    2484  2474  2493  2477
 7170    2481  2482  2485  2490
 7171    2481  2485  2484  2490
 7172    2482  2485  2490  2491
 7173    2485  2484  2490  2493
 7174    2485  2490  2491  2494
 7175    2485  2490  2494  2493
 7176    2482  2483  2486  2491
 7177    2482  2486  2485  2491
 7178    2483  2486  2491  2492
 7179    2486  2485  2491  2494
 7180    2486  2491  2492  2495
 7181    2486  2491  2495  2494
 7182    2342  2358  2496  2351
 7183    2342  2496  2480  2351
 7184    2358  2496  2351  2367
 7185    2496  2480  2351  2489
 7186    2496  2351  2367  2505
 7187    2496  2351  2505  2489
 7188    2358  2359  2497  2367
 7189    2358  2497  2496  2367
 7190    2359  2497  2367  2368
 7191    2497  2496  2367  2505
 7192    2497  2367  2368  2506
 7193    2497  2367  2506  2505
 7194    2359  2360  2498  2368
 7195    2359  2498  2497  2368
 7196    2360  2498  2368  2369
 7197    2498  2497  2368  2506
 7198    2498  2368  2369  2507
 7199    2498  2368  2507  2506
 7200    2480  2496  2499  2489
 7201    2480  2499  2483  2489
 7202    2496  2499  2489  2505
 7203    2499  2483  2489  2492
 7204    2499  2489  2505  2508
 7205    2499  2489  2508  2492
 7206    2496  2497  2500  2505
 7207    2496  2500  2499  2505
 7208    2497  2500  2505  2506
 7209    2500  2499  2505  2508
 7210    2500  2505  2506  2509
 7211    2500  2505  2509  2508
 7212    2497  2498  2501  2506
 7213    2497  2501  2500  2506
 7214    2498  2501  2506  2507
 7215    2501  2500  2506  2509
 7216    2501  2506  2507  2510
 7217    2501  2506  2510  2509
 7218    2483  2499  2502  2492
 7219    2483  2502  2486  2492
 7220    2499  2502  2492  2508
 7221    2502  2486  2492  2495
 7222    2502  2492  2508  2511
 7223    2502  2492  2511  2495
 7224    2499  2500  2503  2508
 7225    2499  2503  2502  2508
 7226    2500  2503  2508  2509
 7227    2503  2502  2508  2511
 7228    2503  2508  2509  2512
 7229    2503  2508  2512  2511
 7230    2500  2501  2504  2509
 7231    2500  2504  2503  2509
 7232    2501  2504  2509  2510
 7233    2504  2503  2509  2512
 7234    2504  2509  2510  2513
 7235    2504  2509  2513  2512
 7236    2360  2376  2514  2369
 7237    2360  2514  2498  2369
 7238    2376  2514  2369  2385
 7239    2514  2498  2369  2507
 7240    2514  2369  2385  2523
 7241    2514  2369  2523  2507
 7242    2376  2377  2515  2385
 7243    2376  2515  2514  2385
 7244    2377  2515  2385  2386
 7245    2515  2514  2385  2523
 7246    2515  2385  2386  2524
 7247    2515  2385  2524  2523
 7248    2377  2378  2516  2386
 7249    2377  2516  2515  2386
 7250    2378  2516  2386  2387
 7251    2516  2515  2386  2524
 7252    2516  2386  2387  2525
 7253    2516  2386  2525  2524
 7254    2498  2514  2517  2507
 7255    2498  2517  2501  2507
 7256    2514  2517  2507  2523
 7257    2517  2501  2507  2510
 7258    2517  2507  2523  2526
 7259    2517  2507  2526  2510
 7260    2514  2515  2518  2523
 7261    2514  2518  2517  2523
 7262    2515  2518  2523  2524
 7263    2518  2517  2523  2526
 7264    2518  2523  2524  2527
 7265    2518  2523  2527  2526
 7266    2515  2516  2519  2524
 7267    2515  2519  2518  2524
 7268    2516  2519  2524  2525
 7269    2519  2518  2524  2527
 7270    2519  2524  2525  2528
 7271    2519  2524  2528  2527
 7272    2501  2517  2520  2510
 7273    2501  2520  2504  2510
 7274    2517  2520  2510  2526
 7275    2520  2504  2510  2513
 7276    2520  2510  2526  2529
 7277    2520  2510  2529  2513
 7278    2517  2518  2521  2526
 7279    2517  2521  2520  2526
 7280    2518  2521  2526  2527
 7281    2521  2520  2526  2529
 7282    2521  2526  2527  2530
 7283    2521  2526  2530  2529
 7284    2518  2519  2522  2527
 7285    2518  2522  2521  2527
 7286    2519  2522  2527  2528
 7287    2522  2521  2527  2530
 7288    2522  2527  2528  2531
 7289    2522  2527  2531  2530
 7290    2378  2392  2532  2387
 7291    2378  2532  2516  2387
 7292    2392  2532  2387  2398
 7293    2532  2516  2387  2525
 7294    2532  2387  2398  2538
 7295    2532  2387  2538  2525
 7296    2392  2393  2533  2398
 7297    2392  2533  2532  2398
 7298    2393  2533  2398  2399
 7299    2533  2532  2398  2538
 7300    2533  2398  2399  2539
 7301    2533  2398  2539  2538
 7302    2393  2264  2400  2399
 7303    2393  2400  2533  2399
 7304    2264  2400  2399  2276
 7305    2400  2533  2399  2539
 7306    2400  2399  2276  2412
 7307    2400  2399  2412  2539
 7308    2516  2532  2534  2525
 7309    2516  2534  2519  2525
 7310    2532  2534  2525  2538
 7311    2534  2519  2525  2528
 7312    2534  2525  2538  2540
 7313    2534  2525  2540  2528
 7314    2532  2533  2535  2538
 7315    2532  2535  2534  2538
 7316    2533  2535  2538  2539
 7317    2535  2534  2538  2540
 7318    2535  2538  2539  2541
 7319    2535  2538  2541  2540
 7320    2533  2400  2404  2539
 7321    2533  2404  2535  2539
 7322    2400  2404  2539  2412
 7323    2404  2535  2539  2541
 7324    2404  2539  2412  2416
 7325    2404  2539  2416  2541
 7326    2519  2534  2536  2528
 7327    2519  2536  2522  2528
 7328    2534  2536  2528  2540
 7329    2536  2522  2528  2531
 7330    2536  2528  2540  2542
 7331    2536  2528  2542  2531
 7332    2534  2535  2537  2540
 7333    2534  2537  2536  2540
 7334    2535  2537  2540  2541
 7335    2537  2536  2540  2542
 7336    2537  2540  2541  2543
 7337    2537  2540  2543  2542
 7338    2535  2404  2408  2541
 7339    2535  2408  2537  2541
 7340    2404  2408  2541  2416
 7341    2408  2537  2541  2543
 7342    2408  2541  2416  2420
 7343    2408  2541  2420  2543
 7344    2408  2409  2545  2420
 7345    2408  2545  2544  2420
 7346    2409  2545  2420  2421
 7347    2545  2544  2420  2556
 7348    2545  2420  2421  2557
 7349    2545  2420  2557  2556
 7350    2409  2410  2546  2421
 7351    2409  2546  2545  2421
 7352    2410  2546  2421  2422
 7353    2546  2545  2421  2557
 7354    2546  2421  2422  2558
 7355    2546  2421  2558  2557
 7356    2410  2411  2547  2422
 7357    2410  2547  2546  2422
 7358    2411  2547  2422  2423
 7359    2547  2546  2422  2558
 7360    2547  2422  2423  2559
 7361    2547  2422  2559  2558
 7362    2544  2545  2549  2556
 7363    2544  2549  2548  2556
 7364    2545  2549  2556  2557
 7365    2549  2548  2556  2560
 7366    2549  2556  2557  2561
 7367    2549  2556  2561  2560
 7368    2545  2546  2550  2557
 7369    2545  2550  2549  2557
 7370    2546  2550  2557  2558
 7371    2550  2549  2557  2561
 7372    2550  2557  2558  2562
 7373    2550  2557  2562  2561
 7374    2546  2547  2551  2558
 7375    2546  2551  2550  2558
 7376    2547  2551  2558  2559
 7377    2551  2550  2558  2562
 7378    2551  2558  2559  2563
 7379    2551  2558  2563  2562
 7380    2548  2549  2553  2560
 7381    2548  2553  2552  2560
 7382    2549  2553  2560  2561
 7383    2553  2552  2560  2564
 7384    2553  2560  2561  2565
 7385    2553  2560  2565  2564
 7386    2549  2550  2554  2561
 7387    2549  2554  2553  2561
 7388    2550  2554  2561  2562
 7389    2554  2553  2561  2565
 7390    2554  2561  2562  2566
 7391    2554  2561  2566  2565
 7392    2550  2551  2555  2562
 7393    2550  2555  2554  2562
 7394    2551  2555  2562  2563
 7395    2555  2554  2562  2566
 7396    2555  2562  2563  2567
 7397    2555  2562  2567  2566
 7398    2411  2430  2568  2423
 7399    2411  2568  2547  2423
 7400    2430  2568  2423  2439
 7401    2568  2547  2423  2559
 7402    2568  2423  2439  2577
 7403    2568  2423  2577  2559
 7404    2430  2431  2569  2439
 7405    2430  2569  2568  2439
 7406    2431  2569  2439  2440
 7407    2569  2568  2439  2577
 7408    2569  2439  2440  2578
 7409    2569  2439  2578  2577
 7410    2431  2432  2570  2440
 7411    2431  2570  2569  2440
 7412    2432  2570  2440  2441
 7413    2570  2569  2440  2578
 7414    2570  2440  2441  2579
 7415    2570  2440  2579  2578
 7416    2547  2568  2571  2559
 7417    2547  2571  2551  2559
 7418    2568  2571  2559  2577
 7419    2571  2551  2559  2563
 7420    2571  2559  2577  2580
 7421    2571  2559  2580  2563
 7422    2568  2569  2572  2577
 7423    2568  2572  2571  2577
 7424    2569  2572  2577  2578
 7425    2572  2571  2577  2580
 7426    2572  2577  2578  2581
 7427    2572  2577  2581  2580
 7428    2569  2570  2573  2578
 7429    2569  2573  2572  2578
 7430    2570  2573  2578  2579
 7431    2573  2572  2578  2581
 7432    2573  2578  2579  2582
 7433    2573  2578  2582  2581
 7434    2551  2571  2574  2563
 7435    2551  2574  2555  2563
 7436    2571  2574  2563  2580
 7437    2574  2555  2563  2567
 7438    2574  2563  2580  2583
 7439    2574  2563  2583  2567
 7440    2571  2572  2575  2580
 7441    2571  2575  2574  2580
 7442    2572  2575  2580  2581
 7443    2575  2574  2580  2583
 7444    2575  2580  2581  2584
 7445    2575  2580  2584  2583
 7446    2572  2573  2576  2581
 7447    2572  2576  2575  2581
 7448    2573  2576  2581  2582
 7449    2576  2575  2581  2584
 7450    2576  2581  2582  2585
 7451    2576  2581  2585  2584
 7452    2432  2448  2586  2441
 7453    2432  2586  2570  2441
 7454    2448  2586  2441  2457
 7455    2586  2570  2441  2579
 7456    2586  2441  2457  2595
 7457    2586  2441  2595  2579
 7458    2448  2449  2587  2457
 7459    2448  2587  2586  2457
 7460    2449  2587  2457  2458
 7461    2587  2586  2457  2595
 7462    2587  2457  2458  2596
 7463    2587  2457  2596  2595
 7464    2449  2450  2588  2458
 7465    2449  2588  2587  2458
 7466    2450  2588  2458  2459
 7467    2588  2587  2458  2596
 7468    2588  2458  2459  2597
 7469    2588  2458  2597  2596
 7470    2570  2586  2589  2579
 7471    2570  2589  2573  2579
 7472    2586  2589  2579  2595
 7473    2589  2573  2579  2582
 7474    2589  2579  2595  2598
 7475    2589  2579  2598  2582
 7476    2586  2587  2590  2595
 7477    2586  2590  2589  2595
 7478    2587  2590  2595  2596
 7479    2590  2589  2595  2598
 7480    2590  2595  2596  2599
 7481    2590  2595  2599  2598
 7482    2587  2588  2591  2596
 7483    2587  2591  2590  2596
 7484    2588  2591  2596  2597
 7485    2591  2590  2596  2599
 7486    2591  2596  2597  2600
 7487    2591  2596  2600  2599
 7488    2573  2589  2592  2582
 7489    2573  2592  2576  2582
 7490    2589  2592  2582  2598
 7491    2592  2576  2582  2585
 7492    2592  2582  2598  2601
 7493    2592  2582  2601  2585
 7494    2589  2590  2593  2598
 7495    2589  2593  2592  2598
 7496    2590  2593  2598  2599
 7497    2593  2592  2598  2601
 7498    2593  2598  2599  2602
 7499    2593  2598  2602  2601
 7500    2590  2591  2594  2599
 7501    2590  2594  2593  2599
 7502    2591  2594  2599  2600
 7503    2594  2593  2599  2602
 7504    2594  2599  2600  2603
 7505    2594  2599  2603  2602
 7506    2450  2466  2604  2459
 7507    2450  2604  2588  2459
 7508    2466  2604  2459  2475
 7509    2604  2588  2459  2597
 7510    2604  2459  2475  2613
 7511    2604  2459  2613  2597
 7512    2466  2467  2605  2475
 7513    2466  2605  2604  2475
 7514    2467  2605  2475  2476
 7515    2605  2604  2475  2613
 7516    2605  2475  2476  2614
 7517    2605  2475  2614  2613
 7518    2467  2468  2606  2476
 7519    2467  2606  2605  2476
 7520    2468  2606  2476  2477
 7521    2606  2605  2476  2614
 7522    2606  2476  2477  2615
 7523    2606  2476  2615  2614
 7524    2588  2604  2607  2597
 7525    2588  2607  2591  2597
 7526    2604  2607  2597  2613
 7527    2607  2591  2597  2600
 7528    2607  2597  2613  2616
 7529    2607  2597  2616  2600
 7530    2604  2605  2608  2613
 7531    2604  2608  2607  2613
 7532    2605  2608  2613  2614
 7533    2608  2607  2613  2616
 7534    2608  2613  2614  2617
 7535    2608  2613  2617  2616
 7536    2605  2606  2609  2614
 7537    2605  2609  2608  2614
 7538    2606  2609  2614  2615
 7539    2609  2608  2614  2617
 7540    2609  2614  2615  2618
 7541    2609  2614  2618  2617
 7542    2591  2607  2610  2600
 7543    2591  2610  2594  2600
 7544    2607  2610  2600  2616
 7545    2610  2594  2600  2603
 7546    2610  2600  2616  2619
 7547    2610  2600  2619  2603
 7548    2607  2608  2611  2616
 7549    2607  2611  2610  2616
 7550    2608  2611  2616  2617
 7551    2611  2610  2616  2619
 7552    2611  2616  2617  2620
 7553    2611  2616  2620  2619
 7554    2608  2609  2612  2617
 7555    2608  2612  2611  2617
 7556    2609  2612  2617  2618
 7557    2612  2611  2617  2620
 7558    2612  2617  2618  2621
 7559    2612  2617  2621  2620
 7560    2468  2484  2622  2477
 7561    2468  2622  2606  2477
 7562    2484  2622  2477  2493
 7563    2622  2606  2477  2615
 7564    2622  2477  2493  2631
 7565    2622  2477  2631  2615
 7566    2484  2485  2623  2493
 7567    2484  2623  2622  2493
 7568    2485  2623  2493  2494
 7569    2623  2622  2493  2631
 7570    2623  2493  2494  2632
 7571    2623  2493  2632  2631
 7572    2485  2486  2624  2494
 7573    2485  2624  2623  2494
 7574    2486  2624  2494  2495
 7575    2624  2623  2494  2632
 7576    2624  2494  2495  2633
 7577    2624  2494  2633  2632
 7578    2606  2622  2625  2615
 7579    2606  2625  2609  2615
 7580    2622  2625  2615  2631
 7581    2625  2609  2615  2618
 7582    2625  2615  2631  2634
 7583    2625  2615  2634  2618
 7584    2622  2623  2626  2631
 7585    2622  2626  2625  2631
 7586    2623  2626  2631  2632
 7587    2626  2625  2631  2634
 7588    2626  2631  2632  2635
 7589    2626  2631  2635  2634
 7590    2623  2624  2627  2632
 7591    2623  2627  2626  2632
 7592    2624  2627  2632  2633
 7593    2627  2626  2632  2635
 7594    2627  2632  2633  2636
 7595    2627  2632  2636  2635
 7596    2609  2625  2628  2618
 7597    2609  2628  2612  2618
 7598    2625  2628  2618  2634
 7599    2628  2612  2618  2621
 7600    2628  2618  2634  2637
 7601    2628  2618  2637  2621
 7602    2625  2626  2629  2634
 7603    2625  2629  2628  2634
 7604    2626  2629  2634  2635
 7605    2629  2628  2634  2637
 7606    2629  2634  2635  2638
 7607    2629  2634  2638  2637
 7608    2626  2627  2630  2635
 7609    2626  2630  2629  2635
 7610    2627  2630  2635  2636
 7611    2630  2629  2635  2638
 7612    2630  2635  2636  2639
 7613    2630  2635  2639  2638
 7614    2486  2502  2640  2495
 7615    2486  2640  2624  2495
 7616    2502  2640  2495  2511
 7617    2640  2624  2495  2633
 7618    2640  2495  2511  2649
 7619    2640  2495  2649  2633
 7620    2502  2503  2641  2511
 7621    2502  2641  2640  2511
 7622    2503  2641  2511  2512
 7623    2641  2640  2511  2649
 7624    2641  2511  2512  2650
 7625    2641  2511  2650  2649
 7626    2503  2504  2642  2512
 7627    2503  2642  2641  2512
 7628    2504  2642  2512  2513
 7629    2642  2641  2512  2650
 7630    2642  2512  2513  2651
 7631    2642  2512  2651  2650
 7632    2624  2640  2643  2633
 7633    2624  2643  2627  2633
 7634    2640  2643  2633  2649
 7635    2643  2627  2633  2636
 7636    2643  2633  2649  2652
 7637    2643  2633  2652  2636
 7638    2640  2641  2644  2649
 7639    2640  2644  2643  2649
 7640    2641  2644  2649  2650
 7641    2644  2643  2649  2652
 7642    2644  2649  2650  2653
 7643    2644  2649  2653  2652
 7644    2641  2642  2645  2650
 7645    2641  2645  2644  2650
 7646    2642  2645  2650  2651
 7647    2645  2644  2650  2653
 7648    2645  2650  2651  2654
 7649    2645  2650  2654  2653
 7650    2627  2643  2646  2636
 7651    2627  2646  2630  2636
 7652    2643  2646  2636  2652
 7653    2646  2630  2636  2639
 7654    2646  2636  2652  2655
 7655    2646  2636  2655  2639
 7656    2643  2644  2647  2652
 7657    2643  2647  2646  2652
 7658    2644  2647  2652  2653
 7659    2647  2646  2652  2655
 7660    2647  2652  2653  2656
 7661    2647  2652  2656  2655
 7662    2644  2645  2648  2653
 7663    2644  2648  2647  2653
 7664    2645  2648  2653  2654
 7665    2648  2647  2653  2656
 7666    2648  2653  2654  2657
 7667    2648  2653  2657  2656
 7668    2504  2520  2658  2513
 7669    2504  2658  2642  2513
 7670    2520  2658  2513  2529
 7671    2658  2642  2513  2651
 7672    2658  2513  2529  2667
 7673    2658  2513  2667  2651
 7674    2520  2521  2659  2529
 7675    2520  2659  2658  2529
 7676    2521  2659  2529  2530
 7677    2659  2658  2529  2667
 7678    2659  2529  2530  2668
 7679    2659  2529  2668  2667
 7680    2521  2522  2660  2530
 7681    2521  2660  2659  2530
 7682    2522  2660  2530  2531
 7683    2660  2659  2530  2668
 7684    2660  2530  2531  2669
 7685    2660  2530  2669  2668
 7686    2642  2658  2661  2651
 7687    2642  2661  2645  2651
 7688    2658  2661  2651  2667
 7689    2661  2645  2651  2654
 7690    2661  2651  2667  2670
 7691    2661  2651  2670  2654
 7692    2658  2659  2662  2667
 7693    2658  2662  2661  2667
 7694    2659  2662  2667  2668
 7695    2662  2661  2667  2670
 7696    2662  2667  2668  2671
 7697    2662  2667  2671  2670
 7698    2659  2660  2663  2668
 7699    2659  2663  2662  2668
 7700    2660  2663  2668  2669
 7701    2663  2662  2668  2671
 7702    2663  2668  2669  2672
 7703    2663  2668  2672  2671
 7704    2645  2661  2664  2654
 7705    2645  2664  2648  2654
 7706    2661  2664  2654  2670
 7707    2664  2648  2654  2657
 7708    2664  2654  2670  2673
 7709    2664  2654  2673  2657
 7710    2661  2662  2665  2670
 7711    2661  2665  2664  2670
 7712    2662  2665  2670  2671
 7713    2665  2664  2670  2673
 7714    2665  2670  2671  2674
 7715    2665  2670  2674  2673
 7716    2662  2663  2666  2671
 7717    2662  2666  2665  2671
 7718    2663  2666  2671  2672
 7719    2666  2665  2671  2674
 7720    2666  2671  2672  2675
 7721    2666  2671  2675  2674
 7722    2522  2536  2676  2531
 7723    2522  2676  2660  2531
 7724    2536  2676  2531  2542
 7725    2676  2660  2531  2669
 7726    2676  2531  2542  2682
 7727    2676  2531  2682  2669
 7728    2536  2537  2677  2542
 7729    2536  2677  2676  2542
 7730    2537  2677  2542  2543
 7731    2677  2676  2542  2682
 7732    2677  2542  2543  2683
 7733    2677  2542  2683  2682
 7734    2537  2408  2544  2543
 7735    2537  2544  2677  2543
 7736    2408  2544  2543  2420
 7737    2544  2677  2543  2683
 7738    2544  2543  2420  2556
 7739    2544  2543  2556  2683
 7740    2660  2676  2678  2669
 7741    2660  2678  2663  2669
 7742    2676  2678  2669  2682
 7743    2678  2663  2669  2672
 7744    2678  2669  2682  2684
 7745    2678  2669  2684  2672
 7746    2676  2677  2679  2682
 7747    2676  2679  2678  2682
 7748    2677  2679  2682  2683
 7749    2679  2678  2682  2684
 7750    2679  2682  2683  2685
 7751    2679  2682  2685  2684
 7752    2677  2544  2548  2683
 7753    2677  2548  2679  2683
 7754    2544  2548  2683  2556
 7755    2548  2679  2683  2685
 7756    2548  2683  2556  2560
 7757    2548  2683  2560  2685
 7758    2663  2678  2680  2672
 7759    2663  2680  2666  2672
 7760    2678  2680  2672  2684
 7761    2680  2666  2672  2675
 7762    2680  2672  2684  2686
 7763    2680  2672  2686  2675
 7764    2678  2679  2681  2684
 7765    2678  2681  2680  2684
 7766    2679  2681  2684  2685
 7767    2681  2680  2684  2686
 7768    2681  2684  2685  2687
 7769    2681  2684  2687  2686
 7770    2679  2548  2552  2685
 7771    2679  2552  2681  2685
 7772    2548  2552  2685  2560
 7773    2552  2681  2685  2687
 7774    2552  2685  2560  2564
 7775    2552  2685  2564  2687
 7776    2552  2553  2689  2564
 7777    2552  2689  2688  2564
 7778    2553  2689  2564  2565
 7779    2689  2688  2564  2700
 7780    2689  2564  2565  2701
 7781    2689  2564  2701  2700
 7782    2553  2554  2690  2565
 7783    2553  2690  2689  2565
 7784    2554  2690  2565  2566
 7785    2690  2689  2565  2701
 7786    2690  2565  2566  2702
 7787    2690  2565  2702  2701
 7788    2554  2555  2691  2566
 7789    2554  2691  2690  2566
 7790    2555  2691  2566  2567
 7791    2691  2690  2566  2702
 7792    2691  2566  2567  2703
 7793    2691  2566  2703  2702
 7794    2688  2689  2693  2700
 7795    2688  2693  2692  2700
 7796    2689  2693  2700  2701
 7797    2693  2692  2700  2704
 7798    2693  2700  2701  2705
 7799    2693  2700  2705  2704
 7800    2689  2690  2694  2701
 7801    2689  2694  2693  2701
 7802    2690  2694  2701  2702
 7803    2694  2693  2701  2705
 7804    2694  2701  2702  2706
 7805    2694  2701  2706  2705
 7806    2690  2691  2695  2702
 7807    2690  2695  2694  2702
 7808    2691  2695  2702  2703
 7809    2695  2694  2702  2706
 7810    2695  2702  2703  2707
 7811    2695  2702  2707  2706
 7812    2692  2693  2697  2704
 7813    2692  2697  2696  2704
 7814    2693  2697  2704  2705
 7815    2697  2696  2704  2708
 7816    2697  2704  2705  2709
 7817    2697  2704  2709  2708
 7818    2693  2694  2698  2705
 7819    2693  2698  2697  2705
 7820    2694  2698  2705  2706
 7821    2698  2697  2705  2709
 7822    2698  2705  2706  2710
 7823    2698  2705  2710  2709
 7824    2694  2695  2699  2706
 7825    2694  2699  2698  2706
 7826    2695  2699  2706  2707
 7827    2699  2698  2706  2710
 7828    2699  2706  2707  2711
 7829    2699  2706  2711  2710
 7830    2555  2574  2712  2567
 7831    2555  2712  2691  2567
 7832    2574  2712  2567  2583
 7833    2712  2691  2567  2703
 7834    2712  2567  2583  2721
 7835    2712  2567  2721  2703
 7836    2574  2575  2713  2583
 7837    2574  2713  2712  2583
 7838    2575  2713  2583  2584
 7839    2713  2712  2583  2721
 7840    2713  2583  2584  2722
 7841    2713  2583  2722  2721
 7842    2575  2576  2714  2584
 7843    2575  2714  2713  2584
 7844    2576  2714  2584  2585
 7845    2714  2713  2584  2722
 7846    2714  2584  2585  2723
 7847    2714  2584  2723  2722
 7848    2691  2712  2715  2703
 7849    2691  2715  2695  2703
 7850    2712  2715  2703  2721
 7851    2715  2695  2703  2707
 7852    2715  2703  2721  2724
 7853    2715  2703  2724  2707
 7854    2712  2713  2716  2721
 7855    2712  2716  2715  2721
 7856    2713  2716  2721  2722
 7857    2716  2715  2721  2724
 7858    2716  2721  2722  2725
 7859    2716  2721  2725  2724
 7860    2713  2714  2717  2722
 7861    2713  2717  2716  2722
 7862    2714  2717  2722  2723
 7863    2717  2716  2722  2725
 7864    2717  2722  2723  2726
 7865    2717  2722  2726  2725
 7866    2695  2715  2718  2707
 7867    2695  2718  2699  2707
 7868    2715  2718  2707  2724
 7869    2718  2699  2707  2711
 7870    2718  2707  2724  2727
 7871    2718  2707  2727  2711
 7872    2715  2716  2719  2724
 7873    2715  2719  2718  2724
 7874    2716  2719  2724  2725
 7875    2719  2718  2724  2727
 7876    2719  2724  2725  2728
 7877    2719  2724  2728  2727
 7878    2716  2717  2720  2725
 7879    2716  2720  2719  2725
 7880    2717  2720  2725  2726
 7881    2720  2719  2725  2728
 7882    2720  2725  2726  2729
 7883    2720  2725  2729  2728
 7884    2576  2592  2730  2585
 7885    2576  2730  2714  2585
 7886    2592  2730  2585  2601
 7887    2730  2714  2585  2723
 7888    2730  2585  2601  2739
 7889    2730  2585  2739  2723
 7890    2592  2593  2731  2601
 7891    2592  2731  2730  2601
 7892    2593  2731  2601  2602
 7893    2731  2730  2601  2739
 7894    2731  2601  2602  2740
 7895    2731  2601  2740  2739
 7896    2593  2594  2732  2602
 7897    2593  2732  2731  2602
 7898    2594  2732  2602  2603
 7899    2732  2731  2602  2740
 7900    2732  2602  2603  2741
 7901    2732  2602  2741  2740
 7902    2714  2730  2733  2723
 7903    2714  2733  2717  2723
 7904    2730  2733  2723  2739
 7905    2733  2717  2723  2726
 7906    2733  2723  2739  2742
 7907    2733  2723  2742  2726
 7908    2730  2731  2734  2739
 7909    2730  2734  2733  2739
 7910    2731  2734  2739  2740
 7911    2734  2733  2739  2742
 7912    2734  2739  2740  2743
 7913    2734  2739  2743  2742
 7914    2731  2732  2735  2740
 7915    2731  2735  2734  2740
 7916    2732  2735  2740  2741
 7917    2735  2734  2740  2743
 7918    2735  2740  2741  2744
 7919    2735  2740  2744  2743
 7920    2717  2733  2736  2726
 7921    2717  2736  2720  2726
 7922    2733  2736  2726  2742
 7923    2736  2720  2726  2729
 7924    2736  2726  2742  2745
 7925    2736  2726  2745  2729
 7926    2733  2734  2737  2742
 7927    2733  2737  2736  2742
 7928    2734  2737  2742  2743
 7929    2737  2736  2742  2745
 7930    2737  2742  2743  2746
 7931    2737  2742  2746  2745
 7932    2734  2735  2738  2743
 7933    2734  2738  2737  2743
 7934    2735  2738  2743  2744
 7935    2738  2737  2743  2746
 7936    2738  2743  2744  2747
 7937    2738  2743  2747  2746
 7938    2594  2610  2748  2603
 7939    2594  2748  2732  2603
 7940    2610  2748  2603  2619
 7941    2748  2732  2603  2741
 7942    2748  2603  2619  2757
 7943    2748  2603  2757  2741
 7944    2610  2611  2749  2619
 7945    2610  2749  2748  2619
 7946    2611  2749  2619  2620
 7947    2749  2748  2619  2757
 7948    2749  2619  2620  2758
 7949    2749  2619  2758  2757
 7950    2611  2612  2750  2620
 7951    2611  2750  2749  2620
 7952    2612  2750  2620  2621
 7953    2750  2749  2620  2758
 7954    2750  2620  2621  2759
 7955    2750  2620  2759  2758
 7956    2732  2748  2751  2741
 7957    2732  2751  2735  2741
 7958    2748  2751  2741  2757
 7959    2751  2735  2741  2744
 7960    2751  2741  2757  2760
 7961    2751  2741  2760  2744
 7962    2748  2749  2752  2757
 7963    2748  2752  2751  2757
 7964    2749  2752  2757  2758
 7965    2752  2751  2757  2760
 7966    2752  2757  2758  2761
 7967    2752  2757  2761  2760
 7968    2749  2750  2753  2758
 7969    2749  2753  2752  2758
 7970    2750  2753  2758  2759
 7971    2753  2752  2758  2761
 7972    2753  2758  2759  2762
 7973    2753  2758  2762  2761
 7974    2735  2751  2754  2744
 7975    2735  2754  2738  2744
 7976    2751  2754  2744  2760
 7977    2754  2738  2744  2747
 7978    2754  2744  2760  2763
 7979    2754  2744  2763  2747
 7980    2751  2752  2755  2760
 7981    2751  2755  2754  2760
 7982    2752  2755  2760  2761
 7983    2755  2754  2760  2763
 7984    2755  2760  2761  2764
 7985    2755  2760  2764  2763
 7986    2752  2753  2756  2761
 7987    2752  2756  2755  2761
 7988    2753  2756  2761  2762
 7989    2756  2755  2761  2764
 7990    2756  2761  2762  2765
 7991    2756  2761  2765  2764
 7992    2612  2628  2766  2621
 7993    2612  2766  2750  2621
 7994    2628  2766  2621  2637
 7995    2766  2750  2621  2759
 7996    2766  2621  2637  2775
 7997    2766  2621  2775  2759
 7998    2628  2629  2767  2637
 7999    2628  2767  2766  2637
 8000    2629  2767  2637  2638
 8001    2767  2766  2637  2775
 8002    2767  2637  2638  2776
 8003    2767  2637  2776  2775
 8004    2629  2630  2768  2638
 8005    2629  2768  2767  2638
 8006    2630  2768  2638  2639
 8007    2768  2767  2638  2776
 8008    2768  2638  2639  2777
 8009    2768  2638  2777  2776
 8010    2750  2766  2769  2759
 8011    2750  2769  2753  2759
 8012    2766  2769  2759  2775
 8013    2769  2753  2759  2762
 8014    2769  2759  2775  2778
 8015    2769  2759  2778  2762
 8016    2766  2767  2770  2775
 8017    2766  2770  2769  2775
 8018    2767  2770  2775  2776
 8019    2770  2769  2775  2778
 8020    2770  2775  2776  2779
 8021    2770  2775  2779  2778
 8022    2767  2768  2771  2776
 8023    2767  2771  2770  2776
 8024    2768  2771  2776  2777
 8025    2771  2770  2776  2779
 8026    2771  2776  2777  2780
 8027    2771  2776  2780  2779
 8028    2753  2769  2772  2762
 8029    2753  2772  2756  2762
 8030    2769  2772  2762  2778
 8031    2772  2756  2762  2765
 8032    2772  2762  2778  2781
 8033    2772  2762  2781  2765
 8034    2769  2770  2773  2778
 8035    2769  2773  2772  2778
 8036    2770  2773  2778  2779
 8037    2773  2772  2778  2781
 8038    2773  2778  2779  2782
 8039    2773  2778  2782  2781
 8040    2770  2771  2774  2779
 8041    2770  2774  2773  2779
 8042    2771  2774  2779  2780
 8043    2774  2773  2779  2782
 8044    2774  2779  2780  2783
 8045    2774  2779  2783  2782
 8046    2630  2646  2784  2639
 8047    2630  2784  2768  2639
 8048    2646  2784  2639  2655
 8049    2784  2768  2639  2777
 8050    2784  2639  2655  2793
 8051    2784  2639  2793  2777
 8052    2646  2647  2785  2655
 8053    2646  2785  2784  2655
 8054    2647  2785  2655  2656
 8055    2785  2784  2655  2793
 8056    2785  2655  2656  2794
 8057    2785  2655  2794  2793
 8058    2647  2648  2786  2656
 8059    2647  2786  2785  2656
 8060    2648  2786  2656  2657
 8061    2786  2785  2656  2794
 8062    2786  2656  2657  2795
 8063    2786  2656  2795  2794
 8064    2768  2784  2787  2777
 8065    2768  2787  2771  2777
 8066    2784  2787  2777  2793
 8067    2787  2771  2777  2780
 8068    2787  2777  2793  2796
 8069    2787  2777  2796  2780
 8070    2784  2785  2788  2793
 8071    2784  2788  2787  2793
 8072    2785  2788  2793  2794
 8073    2788  2787  2793  2796
 8074    2788  2793  2794  2797
 8075    2788  2793  2797  2796
 8076    2785  2786  2789  2794
 8077    2785  2789  2788  2794
 8078    2786  2789  2794  2795
 8079    2789  2788  2794  2797
 8080    2789  2794  2795  2798
 8081    2789  2794  2798  2797
 8082    2771  2787  2790  2780
 8083    2771  2790  2774  2780
 8084    2787  2790  2780  2796
 8085    2790  2774  2780  2783
 8086    2790  2780  2796  2799
 8087    2790  2780  2799  2783
 8088    2787  2788  2791  2796
 8089    2787  2791  2790  2796
 8090    2788  2791  2796  2797
 8091    2791  2790  2796  2799
 8092    2791  2796  2797  2800
 8093    2791  2796  2800  2799
 8094    2788  2789  2792  2797
 8095    2788  2792  2791  2797
 8096    2789  2792  2797  2798
 8097    2792  2791  2797  2800
 8098    2792  2797  2798  2801
 8099    2792  2797  2801  2800
 8100    2648  2664  2802  2657
 8101    2648  2802  2786  2657
 8102    2664  2802  2657  2673
 8103    2802  2786  2657  2795
 8104    2802  2657  2673  2811
 8105    2802  2657  2811  2795
 8106    2664  2665  2803  2673
 8107    2664  2803  2802  2673
 8108    2665  2803  2673  2674
 8109    2803  2802  2673  2811
 8110    2803  2673  2674  2812
 8111    2803  2673  2812  2811
 8112    2665  2666  2804  2674
 8113    2665  2804  2803  2674
 8114    2666  2804  2674  2675
 8115    2804  2803  2674  2812
 8116    2804  2674  2675  2813
 8117    2804  2674  2813  2812
 8118    2786  2802  2805  2795
 8119    2786  2805  2789  2795
 8120    2802  2805  2795  2811
 8121    2805  2789  2795  2798
 8122    2805  2795  2811  2814
 8123    2805  2795  2814  2798
 8124    2802  2803  2806  2811
 8125    2802  2806  2805  2811
 8126    2803  2806  2811  2812
 8127    2806  2805  2811  2814
 8128    2806  2811  2812  2815
 8129    2806  2811  2815  2814
 8130    2803  2804  2807  2812
 8131    2803  2807  2806  2812
 8132    2804  2807  2812  2813
 8133    2807  2806  2812  2815
 8134    2807  2812  2813  2816
 8135    2807  2812  2816  2815
 8136    2789  2805  2808  2798
 8137    2789  2808  2792  2798
 8138    2805  2808  2798  2814
 8139    2808  2792  2798  2801
 8140    2808  2798  2814  2817
 8141    2808  2798  2817  2801
 8142    2805  2806  2809  2814
 8143    2805  2809  2808  2814
 8144    2806  2809  2814  2815
 8145    2809  2808  2814  2817
 8146    2809  2814  2815  2818
 8147    2809  2814  2818  2817
 8148    2806  2807  2810  2815
 8149    2806  2810  2809  2815
 8150    2807  2810  2815  2816
 8151    2810  2809  2815  2818
 8152    2810  2815  2816  2819
 8153    2810  2815  2819  2818
 8154    2666  2680  2820  2675
 8155    2666  2820  2804  2675
 8156    2680  2820  2675  2686
 8157    2820  2804  2675  2813
 8158    2820  2675  2686  2826
 8159    2820  2675  2826  2813
 8160    2680  2681  2821  2686
 8161    2680  2821  2820  2686
 8162    2681  2821  2686  2687
 8163    2821  2820  2686  2826
 8164    2821  2686  2687  2827
 8165    2821  2686  2827  2826
 8166    2681  2552  2688  2687
 8167    2681  2688  2821  2687
 8168    2552  2688  2687  2564
 8169    2688  2821  2687  2827
 8170    2688  2687  2564  2700
 8171    2688  2687  2700  2827
 8172    2804  2820  2822  2813
 8173    2804  2822  2807  2813
 8174    2820  2822  2813  2826
 8175    2822  2807  2813  2816
 8176    2822  2813  2826  2828
 8177    2822  2813  2828  2816
 8178    2820  2821  2823  2826
 8179    2820  2823  2822  2826
 8180    2821  2823  2826  2827
 8181    2823  2822  2826  2828
 8182    2823  2826  2827  2829
 8183    2823  2826  2829  2828
 8184    2821  2688  2692  2827
 8185    2821  2692  2823  2827
 8186    2688  2692  2827  2700
 8187    2692  2823  2827  2829
 8188    2692  2827  2700  2704
 8189    2692  2827  2704  2829
 8190    2807  2822  2824  2816
 8191    2807  2824  2810  2816
 8192    2822  2824  2816  2828
 8193    2824  2810  2816  2819
 8194    2824  2816  2828  2830
 8195    2824  2816  2830  2819
 8196    2822  2823  2825  2828
 8197    2822  2825  2824  2828
 8198    2823  2825  2828  2829
 8199    2825  2824  2828  2830
 8200    2825  2828  2829  2831
 8201    2825  2828  2831  2830
 8202    2823  2692  2696  2829
 8203    2823  2696  2825  2829
 8204    2692  2696  2829  2704
 8205    2696  2825  2829  2831
 8206    2696  2829  2704  2708
 8207    2696  2829  2708  2831
 8208    2696  2697  2833  2708
 8209    2696  2833  2832  2708
 8210    2697  2833  2708  2709
 8211    2833  2832  2708  2844
 8212    2833  2708  2709  2845
 8213    2833  2708  2845  2844
 8214    2697  2698  2834  2709
 8215    2697  2834  2833  2709
 8216    2698  2834  2709  2710
 8217    2834  2833  2709  2845
 8218    2834  2709  2710  2846
 8219    2834  2709  2846  2845
 8220    2698  2699  2835  2710
 8221    2698  2835  2834  2710
 8222    2699  2835  2710  2711
 8223    2835  2834  2710  2846
 8224    2835  2710  2711  2847
 8225    2835  2710  2847  2846
 8226    2832  2833  2837  2844
 8227    2832  2837  2836  2844
 8228    2833  2837  2844  2845
 8229    2837  2836  2844  2848
 8230    2837  2844  2845  2849
 8231    2837  2844  2849  2848
 8232    2833  2834  2838  2845
 8233    2833  2838  2837  2845
 8234    2834  2838  2845  2846
 8235    2838  2837  2845  2849
 8236    2838  2845  2846  2850
 8237    2838  2845  2850  2849
 8238    2834  2835  2839  2846
 8239    2834  2839  2838  2846
 8240    2835  2839  2846  2847
 8241    2839  2838  2846  2850
 8242    2839  2846  2847  2851
 8243    2839  2846  2851  2850
 8244    2836  2837  2841  2848
 8245    2836  2841  2840  2848
 8246    2837  2841  2848  2849
 8247    2841  2840  2848  2852
 8248    2841  2848  2849  2853
 8249    2841  2848  2853  2852
 8250    2837  2838  2842  2849
 8251    2837  2842  2841  2849
 8252    2838  2842  2849  2850
 8253    2842  2841  2849  2853
 8254    2842  2849  2850  2854
 8255    2842  2849  2854  2853
 8256    2838  2839  2843  2850
 8257    2838  2843  2842  2850
 8258    2839  2843  2850  2851
 8259    2843  2842  2850  2854
 8260    2843  2850  2851  2855
 8261    2843  2850  2855  2854
 8262    2699  2718  2856  2711
 8263    2699  2856  2835  2711
 8264    2718  2856  2711  2727
 8265    2856  2835  2711  2847
 8266    2856  2711  2727  2865
 8267    2856  2711  2865  2847
 8268    2718  2719  2857  2727
 8269    2718  2857  2856  2727
 8270    2719  2857  2727  2728
 8271    2857  2856  2727  2865
 8272    2857  2727  2728  2866
 8273    2857  2727  2866  2865
 8274    2719  2720  2858  2728
 8275    2719  2858  2857  2728
 8276    2720  2858  2728  2729
 8277    2858  2857  2728  2866
 8278    2858  2728  2729  2867
 8279    2858  2728  2867  2866
 8280    2835  2856  2859  2847
 8281    2835  2859  2839  2847
 8282    2856  2859  2847  2865
 8283    2859  2839  2847  2851
 8284    2859  2847  2865  2868
 8285    2859  2847  2868  2851
 8286    2856  2857  2860  2865
 8287    2856  2860  2859  2865
 8288    2857  2860  2865  2866
 8289    2860  2859  2865  2868
 8290    2860  2865  2866  2869
 8291    2860  2865  2869  2868
 8292    2857  2858  2861  2866
 8293    2857  2861  2860  2866
 8294    2858  2861  2866  2867
 8295    2861  2860  2866  2869
 8296    2861  2866  2867  2870
 8297    2861  2866  2870  2869
 8298    2839  2859  2862  2851
 8299    2839  2862  2843  2851
 8300    2859  2862  2851  2868
 8301    2862  2843  2851  2855
 8302    2862  2851  2868  2871
 8303    2862  2851  2871  2855
 8304    2859  2860  2863  2868
 8305    2859  2863  2862  2868
 8306    2860  2863  2868  2869
 8307    2863  2862  2868  2871
 8308    2863  2868  2869  2872
 8309    2863  2868  2872  2871
 8310    2860  2861  2864  2869
 8311    2860  2864  2863  2869
 8312    2861  2864  2869  2870
 8313    2864  2863  2869  2872
 8314    2864  2869  2870  2873
 8315    2864  2869  2873  2872
 8316    2720  2736  2874  2729
 8317    2720  2874  2858  2729
 8318    2736  2874  2729  2745
 8319    2874  2858  2729  2867
 8320    2874  2729  2745  2883
 8321    2874  2729  2883  2867
 8322    2736  2737  2875  2745
 8323    2736  2875  2874  2745
 8324    2737  2875  2745  2746
 8325    2875  2874  2745  2883
 8326    2875  2745  2746  2884
 8327    2875  2745  2884  2883
 8328    2737  2738  2876  2746
 8329    2737  2876  2875  2746
 8330    2738  2876  2746  2747
 8331    2876  2875  2746  2884
 8332    2876  2746  2747  2885
 8333    2876  2746  2885  2884
 8334    2858  2874  2877  2867
 8335    2858  2877  2861  2867
 8336    2874  2877  2867  2883
 8337    2877  2861  2867  2870
 8338    2877  2867  2883  2886
 8339    2877  2867  2886  2870
 8340    2874  2875  2878  2883
 8341    2874  2878  2877  2883
 8342    2875  2878  2883  2884
 8343    2878  2877  2883  2886
 8344    2878  2883  2884  2887
 8345    2878  2883  2887  2886
 8346    2875  2876  2879  2884
 8347    2875  2879  2878  2884
 8348    2876  2879  2884  2885
 8349    2879  2878  2884  2887
 8350    2879  2884  2885  2888
 8351    2879  2884  2888  2887
 8352    2861  2877  2880  2870
 8353    2861  2880  2864  2870
 8354    2877  2880  2870  2886
 8355    2880  2864  2870  2873
 8356    2880  2870  2886  2889
 8357    2880  2870  2889  2873
 8358    2877  2878  2881  2886
 8359    2877  2881  2880  2886
 8360    2878  2881  2886  2887
 8361    2881  2880  2886  2889
 8362    2881  2886  2887  2890
 8363    2881  2886  2890  2889
 8364    2878  2879  2882  2887
 8365    2878  2882  2881  2887
 8366    2879  2882  2887  2888
 8367    2882  2881  2887  2890
 8368    2882  2887  2888  2891
 8369    2882  2887  2891  2890
 8370    2738  2754  2892  2747
 8371    2738  2892  2876  2747
 8372    2754  2892  2747  2763
 8373    2892  2876  2747  2885
 8374    2892  2747  2763  2901
 8375    2892  2747  2901  2885
 8376    2754  2755  2893  2763
 8377    2754  2893  2892  2763
 8378    2755  2893  2763  2764
 8379    2893  2892  2763  2901
 8380    2893  2763  2764  2902
 8381    2893  2763  2902  2901
 8382    2755  2756  2894  2764
 8383    2755  2894  2893  2764
 8384    2756  2894  2764  2765
 8385    2894  2893  2764  2902
 8386    2894  2764  2765  2903
 8387    2894  2764  2903  2902
 8388    2876  2892  2895  2885
 8389    2876  2895  2879  2885
 8390    2892  2895  2885  2901
 8391    2895  2879  2885  2888
 8392    2895  2885  2901  2904
 8393    2895  2885  2904  2888
 8394    2892  2893  2896  2901
 8395    2892  2896  2895  2901
 8396    2893  2896  2901  2902
 8397    2896  2895  2901  2904
 8398    2896  2901  2902  2905
 8399    2896  2901  2905  2904
 8400    2893  2894  2897  2902
 8401    2893  2897  2896  2902
 8402    2894  2897  2902  2903
 8403    2897  2896  2902  2905
 8404    2897  2902  2903  2906
 8405    2897  2902  2906  2905
 8406    2879  2895  2898  2888
 8407    2879  2898  2882  2888
 8408    2895  2898  2888  2904
 8409    2898  2882  2888  2891
 8410    2898  2888  2904  2907
 8411    2898  2888  2907  2891
 8412    2895  2896  2899  2904
 8413    2895  2899  2898  2904
 8414    2896  2899  2904  2905
 8415    2899  2898  2904  2907
 8416    2899  2904  2905  2908
 8417    2899  2904  2908  2907
 8418    2896  2897  2900  2905
 8419    2896  2900  2899  2905
 8420    2897  2900  2905  2906
 8421    2900  2899  2905  2908
 8422    2900  2905  2906  2909
 8423    2900  2905  2909  2908
 8424    2756  2772  2910  2765
 8425    2756  2910  2894  2765
 8426    2772  2910  2765  2781
 8427    2910  2894  2765  2903
 8428    2910  2765  2781  2919
 8429    2910  2765  2919  2903
 8430    2772  2773  2911  2781
 8431    2772  2911  2910  2781
 8432    2773  2911  2781  2782
 8433    2911  2910  2781  2919
 8434    2911  2781  2782  2920
 8435    2911  2781  2920  2919
 8436    2773  2774  2912  2782
 8437    2773  2912  2911  2782
 8438    2774  2912  2782  2783
 8439    2912  2911  2782  2920
 8440    2912  2782  2783  2921
 8441    2912  2782  2921  2920
 8442    2894  2910  2913  2903
 8443    2894  2913  2897  2903
 8444    2910  2913  2903  2919
 8445    2913  2897  2903  2906
 8446    2913  2903  2919  2922
 8447    2913  2903  2922  2906
 8448    2910  2911  2914  2919
 8449    2910  2914  2913  2919
 8450    2911  2914  2919  2920
 8451    2914  2913  2919  2922
 8452    2914  2919  2920  2923
 8453    2914  2919  2923  2922
 8454    2911  2912  2915  2920
 8455    2911  2915  2914  2920
 8456    2912  2915  2920  2921
 8457    2915  2914  2920  2923
 8458    2915  2920  2921  2924
 8459    2915  2920  2924  2923
 8460    2897  2913  2916  2906
 8461    2897  2916  2900  2906
 8462    2913  2916  2906  2922
 8463    2916  2900  2906  2909
 8464    2916  2906  2922  2925
 8465    2916  2906  2925  2909
 8466    2913  2914  2917  2922
 8467    2913  2917  2916  2922
 8468    2914  2917  2922  2923
 8469    2917  2916  2922  2925
 8470    2917  2922  2923  2926
 8471    2917  2922  2926  2925
 8472    2914  2915  2918  2923
 8473    2914  2918  2917  2923
 8474    2915  2918  2923  2924
 8475    2918  2917  2923  2926
 8476    2918  2923  2924  2927
 8477    2918  2923  2927  2926
 8478    2774  2790  2928  2783
 8479    2774  2928  2912  2783
 8480    2790  2928  2783  2799
 8481    2928  2912  2783  2921
 8482    2928  2783  2799  2937
 8483    2928  2783  2937  2921
 8484    2790  2791  2929  2799
 8485    2790  2929  2928  2799
 8486    2791  2929  2799  2800
 8487    2929  2928  2799  2937
 8488    2929  2799  2800  2938
 8489    2929  2799  2938  2937
 8490    2791  2792  2930  2800
 8491    2791  2930  2929  2800
 8492    2792  2930  2800  2801
 8493    2930  2929  2800  2938
 8494    2930  2800  2801  2939
 8495    2930  2800  2939  2938
 8496    2912  2928  2931  2921
 8497    2912  2931  2915  2921
 8498    2928  2931  2921  2937
 8499    2931  2915  2921  2924
 8500    2931  2921  2937  2940
 8501    2931  2921  2940  2924
 8502    2928  2929  2932  2937
 8503    2928  2932  2931  2937
 8504    2929  2932  2937  2938
 8505    2932  2931  2937  2940
 8506    2932  2937  2938  2941
 8507    2932  2937  2941  2940
 8508    2929  2930  2933  2938
 8509    2929  2933  2932  2938
 8510    2930  2933  2938  2939
 8511    2933  2932  2938  2941
 8512    2933  2938  2939  2942
 8513    2933  2938  2942  2941
 8514    2915  2931  2934  2924
 8515    2915  2934  2918  2924
 8516    2931  2934  2924  2940
 8517    2934  2918  2924  2927
 8518    2934  2924  2940  2943
 8519    2934  2924  2943  2927
 8520    2931  2932  2935  2940
 8521    2931  2935  2934  2940
 8522    2932  2935  2940  2941
 8523    2935  2934  2940  2943
 8524    2935  2940  2941  2944
 8525    2935  2940  2944  2943
 8526    2932  2933  2936  2941
 8527    2932  2936  2935  2941
 8528    2933  2936  2941  2942
 8529    2936  2935  2941  2944
 8530    2936  2941  2942  2945
 8531    2936  2941  2945  2944
 8532    2792  2808  2946  2801
 8533    2792  2946  2930  2801
 8534    2808  2946  2801  2817
 8535    2946  2930  2801  2939
 8536    2946  2801  2817  2955
 8537    2946  2801  2955  2939
 8538    2808  2809  2947  2817
 8539    2808  2947  2946  2817
 8540    2809  2947  2817  2818
 8541    2947  2946  2817  2955
 8542    2947  2817  2818  2956
 8543    2947  2817  2956  2955
 8544    2809  2810  2948  2818
 8545    2809  2948  2947  2818
 8546    2810  2948  2818  2819
 8547    2948  2947  2818  2956
 8548    2948  2818  2819  2957
 8549    2948  2818  2957  2956
 8550    2930  2946  2949  2939
 8551    2930  2949  2933  2939
 8552    2946  2949  2939  2955
 8553    2949  2933  2939  2942
 8554    2949  2939  2955  2958
 8555    2949  2939  2958  2942
 8556    2946  2947  2950  2955
 8557    2946  2950  2949  2955
 8558    2947  2950  2955  2956
 8559    2950  2949  2955  2958
 8560    2950  2955  2956  2959
 8561    2950  2955  2959  2958
 8562    2947  2948  2951  2956
 8563    2947  2951  2950  2956
 8564    2948  2951  2956  2957
 8565    2951  2950  2956  2959
 8566    2951  2956  2957  2960
 8567    2951  2956  2960  2959
 8568    2933  2949  2952  2942
 8569    2933  2952  2936  2942
 8570    2949  2952  2942  2958
 8571    2952  2936  2942  2945
 8572    2952  2942  2958  2961
 8573    2952  2942  2961  2945
 8574    2949  2950  2953  2958
 8575    2949  2953  2952  2958
 8576    2950  2953  2958  2959
 8577    2953  2952  2958  2961
 8578    2953  2958  2959  2962
 8579    2953  2958  2962  2961
 8580    2950  2951  2954  2959
 8581    2950  2954  2953  2959
 8582    2951  2954  2959  2960
 8583    2954  2953  2959  2962
 8584    2954  2959  2960  2963
 8585    2954  2959  2963  2962
 8586    2810  2824  2964  2819
 8587    2810  2964  2948  2819
 8588    2824  2964  2819  2830
 8589    2964  2948  2819  2957
 8590    2964  2819  2830  2970
 8591    2964  2819  2970  2957
 8592    2824  2825  2965  2830
 8593    2824  2965  2964  2830
 8594    2825  2965  2830  2831
 8595    2965  2964  2830  2970
 8596    2965  2830  2831  2971
 8597    2965  2830  2971  2970
 8598    2825  2696  2832  2831
 8599    2825  2832  2965  2831
 8600    2696  2832  2831  2708
 8601    2832  2965  2831  2971
 8602    2832  2831  2708  2844
 8603    2832  2831  2844  2971
 8604    2948  2964  2966  2957
 8605    2948  2966  2951  2957
 8606    2964  2966  2957  2970
 8607    2966  2951  2957  2960
 8608    2966  2957  2970  2972
 8609    2966  2957  2972  2960
 8610    2964  2965  2967  2970
 8611    2964  2967  2966  2970
 8612    2965  2967  2970  2971
 8613    2967  2966  2970  2972
 8614    2967  2970  2971  2973
 8615    2967  2970  2973  2972
 8616    2965  2832  2836  2971
 8617    2965  2836  2967  2971
 8618    2832  2836  2971  2844
 8619    2836  2967  2971  2973
 8620    2836  2971  2844  2848
 8621    2836  2971  2848  2973
 8622    2951  2966  2968  2960
 8623    2951  2968  2954  2960
 8624    2966  2968  2960  2972
 8625    2968  2954  2960  2963
 8626    2968  2960  2972  2974
 8627    2968  2960  2974  2963
 8628    2966  2967  2969  2972
 8629    2966  2969  2968  2972
 8630    2967  2969  2972  2973
 8631    2969  2968  2972  2974
 8632    2969  2972  2973  2975
 8633    2969  2972  2975  2974
 8634    2967  2836  2840  2973
 8635    2967  2840  2969  2973
 8636    2836  2840  2973  2848
 8637    2840  2969  2973  2975
 8638    2840  2973  2848  2852
 8639    2840  2973  2852  2975
 8640    1352  1353  2977  1364
 8641    1352  2977  2976  1364
 8642    1353  2977  1364  1365
 8643    2977  2976  1364  2988
 8644    2977  1364  1365  2989
 8645    2977  1364  2989  2988
 8646    1353  1354  2978  1365
 8647    1353  2978  2977  1365
 8648    1354  2978  1365  1366
 8649    2978  2977  1365  2989
 8650    2978  1365  1366  2990
 8651    2978  1365  2990  2989
 8652    1354  1355  2979  1366
 8653    1354  2979  2978  1366
 8654    1355  2979  1366  1367
 8655    2979  2978  1366  2990
 8656    2979  1366  1367  2991
 8657    2979  1366  2991  2990
 8658    2976  2977  2981  2988
 8659    2976  2981  2980  2988
 8660    2977  2981  2988  2989
 8661    2981  2980  2988  2992
 8662    2981  2988  2989  2993
 8663    2981  2988  2993  2992
 8664    2977  2978  2982  2989
 8665    2977  2982  2981  2989
 8666    2978  2982  2989  2990
 8667    2982  2981  2989  2993
 8668    2982  2989  2990  2994
 8669    2982  2989  2994  2993
 8670    2978  2979  2983  2990
 8671    2978  2983  2982  2990
 8672    2979  2983  2990  2991
 8673    2983  2982  2990  2994
 8674    2983  2990  2991  2995
 8675    2983  2990  2995  2994
 8676    2980  2981  2985  2992
 8677    2980  2985  2984  2992
 8678    2981  2985  2992  2993
 8679    2985  2984  2992  2996
 8680    2985  2992  2993  2997
 8681    2985  2992  2997  2996
 8682    2981  2982  2986  2993
 8683    2981  2986  2985  2993
 8684    2982  2986  2993  2994
 8685    2986  2985  2993  2997
 8686    2986  2993  2994  2998
 8687    2986  2993  2998  2997
 8688    2982  2983  2987  2994
 8689    2982  2987  2986  2994
 8690    2983  2987  2994  2995
 8691    2987  2986  2994  2998
 8692    2987  2994  2995  2999
 8693    2987  2994  2999  2998
 8694    1355  1374  3000  1367
 8695    1355  3000  2979  1367
 8696    1374  3000  1367  1383
 8697    3000  2979  1367  2991
 8698    3000  1367  1383  3009
 8699    3000  1367  3009  2991
 8700    1374  1375  3001  1383
 8701    1374  3001  3000  1383
 8702    1375  3001  1383  1384
 8703    3001  3000  1383  3009
 8704    3001  1383  1384  3010
 8705    3001  1383  3010  3009
 8706    1375  1376  3002  1384
 8707    1375  3002  3001  1384
 8708    1376  3002  1384  1385
 8709    3002  3001  1384  3010
 8710    3002  1384  1385  3011
 8711    3002  1384  3011  3010
 8712    2979  3000  3003  2991
 8713    2979  3003  2983  2991
 8714    3000  3003  2991  3009
 8715    3003  2983  2991  2995
 8716    3003  2991  3009  3012
 8717    3003  2991  3012  2995
 8718    3000  3001  3004  3009
 8719    3000  3004  3003  3009
 8720    3001  3004  3009  3010
 8721    3004  3003  3009  3012
 8722    3004  3009  3010  3013
 8723    3004  3009  3013  3012
 8724    3001  3002  3005  3010
 8725    3001  3005  3004  3010
 8726    3002  3005  3010  3011
 8727    3005  3004  3010  3013
 8728    3005  3010  3011  3014
 8729    3005  3010  3014  3013
 8730    2983  3003  3006  2995
 8731    2983  3006  2987  2995
 8732    3003  3006  2995  3012
 8733    3006  2987  2995  2999
 8734    3006  2995  3012  3015
 8735    3006  2995  3015  2999
 8736    3003  3004  3007  3012
 8737    3003  3007  3006  3012
 8738    3004  3007  3012  3013
 8739    3007  3006  3012  3015
 8740    3007  3012  3013  3016
 8741    3007  3012  3016  3015
 8742    3004  3005  3008  3013
 8743    3004  3008  3007  3013
 8744    3005  3008  3013  3014
 8745    3008  3007  3013  3016
 8746    3008  3013  3014  3017
 8747    3008  3013  3017  3016
 8748    1376  1392  3018  1385
 8749    1376  3018  3002  1385
 8750    1392  3018  1385  1401
 8751    3018  3002  1385  3011
 8752    3018  1385  1401  3027
 8753    3018  1385  3027  3011
 8754    1392  1393  3019  1401
 8755    1392  3019  3018  1401
 8756    1393  3019  1401  1402
 8757    3019  3018  1401  3027
 8758    3019  1401  1402  3028
 8759    3019  1401  3028  3027
 8760    1393  1394  3020  1402
 8761    1393  3020  3019  1402
 8762    1394  3020  1402  1403
 8763    3020  3019  1402  3028
 8764    3020  1402  1403  3029
 8765    3020  1402  3029  3028
 8766    3002  3018  3021  3011
 8767    3002  3021  3005  3011
 8768    3018  3021  3011  3027
 8769    3021  3005  3011  3014
 8770    3021  3011  3027  3030
 8771    3021  3011  3030  3014
 8772    3018  3019  3022  3027
 8773    3018  3022  3021  3027
 8774    3019  3022  3027  3028
 8775    3022  3021  3027  3030
 8776    3022  3027  3028  3031
 8777    3022  3027  3031  3030
 8778    3019  3020  3023  3028
 8779    3019  3023  3022  3028
 8780    3020  3023  3028  3029
 8781    3023  3022  3028  3031
 8782    3023  3028  3029  3032
 8783    3023  3028  3032  3031
 8784    3005  3021  3024  3014
 8785    3005  3024  3008  3014
 8786    3021  3024  3014  3030
 8787    3024  3008  3014  3017
 8788    3024  3014  3030  3033
 8789    3024  3014  3033  3017
 8790    3021  3022  3025  3030
 8791    3021  3025  3024  3030
 8792    3022  3025  3030  3031
 8793    3025  3024  3030  3033
 8794    3025  3030  3031  3034
 8795    3025  3030  3034  3033
 8796    3022  3023  3026  3031
 8797    3022  3026  3025  3031
 8798    3023  3026  3031  3032
 8799    3026  3025  3031  3034
 8800    3026  3031  3032  3035
 8801    3026  3031  3035  3034
 8802    1394  1410  3036  1403
 8803    1394  3036  3020  1403
 8804    1410  3036  1403  1419
 8805    3036  3020  1403  3029
 8806    3036  1403  1419  3045
 8807    3036  1403  3045  3029
 8808    1410  1411  3037  1419
 8809    1410  3037  3036  1419
 8810    1411  3037  1419  1420
 8811    3037  3036  1419  3045
 8812    3037  1419  1420  3046
 8813    3037  1419  3046  3045
 8814    1411  1412  3038  1420
 8815    1411  3038  3037  1420
 8816    1412  3038  1420  1421
 8817    3038  3037  1420  3046
 8818    3038  1420  1421  3047
 8819    3038  1420  3047  3046
 8820    3020  3036  3039  3029
 8821    3020  3039  3023  3029
 8822    3036  3039  3029  3045
 8823    3039  3023  3029  3032
 8824    3039  3029  3045  3048
 8825    3039  3029  3048  3032
 8826    3036  3037  3040  3045
 8827    3036  3040  3039  3045
 8828    3037  3040  3045  3046
 8829    3040  3039  3045  3048
 8830    3040  3045  3046  3049
 8831    3040  3045  3049  3048
 8832    3037  3038  3041  3046
 8833    3037  3041  3040  3046
 8834    3038  3041  3046  3047
 8835    3041  3040  3046  3049
 8836    3041  3046  3047  3050
 8837    3041  3046  3050  3049
 8838    3023  3039  3042  3032
 8839    3023  3042  3026  3032
 8840    3039  3042  3032  3048
 8841    3042  3026  3032  3035
 8842    3042  3032  3048  3051
 8843    3042  3032  3051  3035
 8844    3039  3040  3043  3048
 8845    3039  3043  3042  3048
 8846    3040  3043  3048  3049
 8847    3043  3042  3048  3051
 8848    3043  3048  3049  3052
 8849    3043  3048  3052  3051
 8850    3040  3041  3044  3049
 8851    3040  3044  3043  3049
 8852    3041  3044  3049  3050
 8853    3044  3043  3049  3052
 8854    3044  3049  3050  3053
 8855    3044  3049  3053  3052
 8856    1412  1428  3054  1421
 8857    1412  3054  3038  1421
 8858    1428  3054  1421  1437
 8859    3054  3038  1421  3047
 8860    3054  1421  1437  3063
 8861    3054  1421  3063  3047
 8862    1428  1429  3055  1437
 8863    1428  3055  3054  1437
 8864    1429  3055  1437  1438
 8865    3055  3054  1437  3063
 8866    3055  1437  1438  3064
 8867    3055  1437  3064  3063
 8868    1429  1430  3056  1438
 8869    1429  3056  3055  1438
 8870    1430  3056  1438  1439
 8871    3056  3055  1438  3064
 8872    3056  1438  1439  3065
 8873    3056  1438  3065  3064
 8874    3038  3054  3057  3047
 8875    3038  3057  3041  3047
 8876    3054  3057  3047  3063
 8877    3057  3041  3047  3050
 8878    3057  3047  3063  3066
 8879    3057  3047  3066  3050
 8880    3054  3055  3058  3063
 8881    3054  3058  3057  3063
 8882    3055  3058  3063  3064
 8883    3058  3057  3063  3066
 8884    3058  3063  3064  3067
 8885    3058  3063  3067  3066
 8886    3055  3056  3059  3064
 8887    3055  3059  3058  3064
 8888    3056  3059  3064  3065
 8889    3059  3058  3064  3067
 8890    3059  3064  3065  3068
 8891    3059  3064  3068  3067
 8892    3041  3057  3060  3050
 8893    3041  3060  3044  3050
 8894    3057  3060  3050  3066
 8895    3060  3044  3050  3053
 8896    3060  3050  3066  3069
 8897    3060  3050  3069  3053
 8898    3057  3058  3061  3066
 8899    3057  3061  3060  3066
 8900    3058  3061  3066  3067
 8901    3061  3060  3066  3069
 8902    3061  3066  3067  3070
 8903    3061  3066  3070  3069
 8904    3058  3059  3062  3067
 8905    3058  3062  3061  3067
 8906    3059  3062  3067  3068
 8907    3062  3061  3067  3070
 8908    3062  3067  3068  3071
 8909    3062  3067  3071  3070
 8910    1430  1446  3072  1439
 8911    1430  3072  3056  1439
 8912    1446  3072  1439  1455
 8913    3072  3056  1439  3065
 8914    3072  1439  1455  3081
 8915    3072  1439  3081  3065
 8916    1446  1447  3073  1455
 8917    1446  3073  3072  1455
 8918    1447  3073  1455  1456
 8919    3073  3072  1455  3081
 8920    3073  1455  1456  3082
 8921    3073  1455  3082  3081
 8922    1447  1448  3074  1456
 8923    1447  3074  3073  1456
 8924    1448  3074  1456  1457
 8925    3074  3073  1456  3082
 8926    3074  1456  1457  3083
 8927    3074  1456  3083  3082
 8928    3056  3072  3075  3065
 8929    3056  3075  3059  3065
 8930    3072  3075  3065  3081
 8931    3075  3059  3065  3068
 8932    3075  3065  3081  3084
 8933    3075  3065  3084  3068
 8934    3072  3073  3076  3081
 8935    3072  3076  3075  3081
 8936    3073  3076  3081  3082
 8937    3076  3075  3081  3084
 8938    3076  3081  3082  3085
 8939    3076  3081  3085  3084
 8940    3073  3074  3077  3082
 8941    3073  3077  3076  3082
 8942    3074  3077  3082  3083
 8943    3077  3076  3082  3085
 8944    3077  3082  3083  3086
 8945    3077  3082  3086  3085
 8946    3059  3075  3078  3068
 8947    3059  3078  3062  3068
 8948    3075  3078  3068  3084
 8949    3078  3062  3068  3071
 8950    3078  3068  3084  3087
 8951    3078  3068  3087  3071
 8952    3075  3076  3079  3084
 8953    3075  3079  3078  3084
 8954    3076  3079  3084  3085
 8955    3079  3078  3084  3087
 8956    3079  3084  3085  3088
 8957    3079  3084  3088  3087
 8958    3076  3077  3080  3085
 8959    3076  3080  3079  3085
 8960    3077  3080  3085  3086
 8961    3080  3079  3085  3088
 8962    3080  3085  3086  3089
 8963    3080  3085  3089  3088
 8964    1448  1464  3090  1457
 8965    1448  3090  3074  1457
 8966    1464  3090  1457  1473
 8967    3090  3074  1457  3083
 8968    3090  1457  1473  3099
 8969    3090  1457  3099  3083
 8970    1464  1465  3091  1473
 8971    1464  3091  3090  1473
 8972    1465  3091  1473  1474
 8973    3091  3090  1473  3099
 8974    3091  1473  1474  3100
 8975    3091  1473  3100  3099
 8976    1465  1466  3092  1474
 8977    1465  3092  3091  1474
 8978    1466  3092  1474  1475
 8979    3092  3091  1474  3100
 8980    3092  1474  1475  3101
 8981    3092  1474  3101  3100
 8982    3074  3090  3093  3083
 8983    3074  3093  3077  3083
 8984    3090  3093  3083  3099
 8985    3093  3077  3083  3086
 8986    3093  3083  3099  3102
 8987    3093  3083  3102  3086
 8988    3090  3091  3094  3099
 8989    3090  3094  3093  3099
 8990    3091  3094  3099  3100
 8991    3094  3093  3099  3102
 8992    3094  3099  3100  3103
 8993    3094  3099  3103  3102
 8994    3091  3092  3095  3100
 8995    3091  3095  3094  3100
 8996    3092  3095  3100  3101
 8997    3095  3094  3100  3103
 8998    3095  3100  3101  3104
 8999    3095  3100  3104  3103
 9000    3077  3093  3096  3086
 9001    3077  3096  3080  3086
 9002    3093  3096  3086  3102
 9003    3096  3080  3086  3089
 9004    3096  3086  3102  3105
 9005    3096  3086  3105  3089
 9006    3093  3094  3097  3102
 9007    3093  3097  3096  3102
 9008    3094  3097  3102  3103
 9009    3097  3096  3102  3105
 9010    3097  3102  3103  3106
 9011    3097  3102  3106  3105
 9012    3094  3095  3098  3103
 9013    3094  3098  3097  3103
 9014    3095  3098  3103  3104
 9015    3098  3097  3103  3106
 9016    3098  3103  3104  3107
 9017    3098  3103  3107  3106
 9018    1466  1480  3108  1475
 9019    1466  3108  3092  1475
 9020    1480  3108  1475  1486
 9021    3108  3092  1475  3101
 9022    3108  1475  1486  3114
 9023    3108  1475  3114  3101
 9024    1480  1481  3109  1486
 9025    1480  3109  3108  1486
 9026    1481  3109  1486  1487
 9027    3109  3108  1486  3114
 9028    3109  1486  1487  3115
 9029    3109  1486  3115  3114
 9030    1481  1352  2976  1487
 9031    1481  2976  3109  1487
 9032    1352  2976  1487  1364
 9033    2976  3109  1487  3115
 9034    2976  1487  1364  2988
 9035    2976  1487  2988  3115
 9036    3092  3108  3110  3101
 9037    3092  3110  3095  3101
 9038    3108  3110  3101  3114
 9039    3110  3095  3101  3104
 9040    3110  3101  3114  3116
 9041    3110  3101  3116  3104
 9042    3108  3109  3111  3114
 9043    3108  3111  3110  3114
 9044    3109  3111  3114  3115
 9045    3111  3110  3114  3116
 9046    3111  3114  3115  3117
 9047    3111  3114  3117  3116
 9048    3109  2976  2980  3115
 9049    3109  2980  3111  3115
 9050    2976  2980  3115  2988
 9051    2980  3111  3115  3117
 9052    2980  3115  2988  2992
 9053    2980  3115  2992  3117
 9054    3095  3110  3112  3104
 9055    3095  3112  3098  3104
 9056    3110  3112  3104  3116
 9057    3112  3098  3104  3107
 9058    3112  3104  3116  3118
 9059    3112  3104  3118  3107
 9060    3110  3111  3113  3116
 9061    3110  3113  3112  3116
 9062    3111  3113  3116  3117
 9063    3113  3112  3116  3118
 9064    3113  3116  3117  3119
 9065    3113  3116  3119  3118
 9066    3111  2980  2984  3117
 9067    3111  2984  3113  3117
 9068    2980  2984  3117  2992
 9069    2984  3113  3117  3119
 9070    2984  3117  2992  2996
 9071    2984  3117  2996  3119
 9072    2840  2841  3121  2852
 9073    2840  3121  3120  2852
 9074    2841  3121  2852  2853
 9075    3121  3120  2852  3132
 9076    3121  2852  2853  3133
 9077    3121  2852  3133  3132
 9078    2841  2842  3122  2853
 9079    2841  3122  3121  2853
 9080    2842  3122  2853  2854
 9081    3122  3121  2853  3133
 9082    3122  2853  2854  3134
 9083    3122  2853  3134  3133
 9084    2842  2843  3123  2854
 9085    2842  3123  3122  2854
 9086    2843  3123  2854  2855
 9087    3123  3122  2854  3134
 9088    3123  2854  2855  3135
 9089    3123  2854  3135  3134
 9090    3120  3121  3125  3132
 9091    3120  3125  3124  3132
 9092    3121  3125  3132  3133
 9093    3125  3124  3132  3136
 9094    3125  3132  3133  3137
 9095    3125  3132  3137  3136
 9096    3121  3122  3126  3133
 9097    3121  3126  3125  3133
 9098    3122  3126  3133  3134
 9099    3126  3125  3133  3137
 9100    3126  3133  3134  3138
 9101    3126  3133  3138  3137
 9102    3122  3123  3127  3134
 9103    3122  3127  3126  3134
 9104    3123  3127  3134  3135
 9105    3127  3126  3134  3138
 9106    3127  3134  3135  3139
 9107    3127  3134  3139  3138
 9108    3124  3125  3129  3136
 9109    3124  3129  3128  3136
 9110    3125  3129  3136  3137
 9111    3129  3128  3136  2996
 9112    3129  3136  3137  3119
 9113    3129  3136  3119  2996
 9114    3125  3126  3130  3137
 9115    3125  3130  3129  3137
 9116    3126  3130  3137  3138
 9117    3130  3129  3137  3119
 9118    3130  3137  3138  3118
 9119    3130  3137  3118  3119
 9120    3126  3127  3131  3138
 9121    3126  3131  3130  3138
 9122    3127  3131  3138  3139
 9123    3131  3130  3138  3118
 9124    3131  3138  3139  3107
 9125    3131  3138  3107  3118
 9126    2843  2862  3140  2855
 9127    2843  3140  3123  2855
 9128    2862  3140  2855  2871
 9129    3140  3123  2855  3135
 9130    3140  2855  2871  3149
 9131    3140  2855  3149  3135
 9132    2862  2863  3141  2871
 9133    2862  3141  3140  2871
 9134    2863  3141  2871  2872
 9135    3141  3140  2871  3149
 9136    3141  2871  2872  3150
 9137    3141  2871  3150  3149
 9138    2863  2864  3142  2872
 9139    2863  3142  3141  2872
 9140    2864  3142  2872  2873
 9141    3142  3141  2872  3150
 9142    3142  2872  2873  3151
 9143    3142  2872  3151  3150
 9144    3123  3140  3143  3135
 9145    3123  3143  3127  3135
 9146    3140  3143  3135  3149
 9147    3143  3127  3135  3139
 9148    3143  3135  3149  3152
 9149    3143  3135  3152  3139
 9150    3140  3141  3144  3149
 9151    3140  3144  3143  3149
 9152    3141  3144  3149  3150
 9153    3144  3143  3149  3152
 9154    3144  3149  3150  3153
 9155    3144  3149  3153  3152
 9156    3141  3142  3145  3150
 9157    3141  3145  3144  3150
 9158    3142  3145  3150  3151
 9159    3145  3144  3150  3153
 9160    3145  3150  3151  3154
 9161    3145  3150  3154  3153
 9162    3127  3143  3146  3139
 9163    3127  3146  3131  3139
 9164    3143  3146  3139  3152
 9165    3146  3131  3139  3107
 9166    3146  3139  3152  3106
 9167    3146  3139  3106  3107
 9168    3143  3144  3147  3152
 9169    3143  3147  3146  3152
 9170    3144  3147  3152  3153
 9171    3147  3146  3152  3106
 9172    3147  3152  3153  3105
 9173    3147  3152  3105  3106
 9174    3144  3145  3148  3153
 9175    3144  3148  3147  3153
 9176    3145  3148  3153  3154
 9177    3148  3147  3153  3105
 9178    3148  3153  3154  3089
 9179    3148  3153  3089  3105
 9180    2864  2880  3155  2873
 9181    2864  3155  3142  2873
 9182    2880  3155  2873  2889
 9183    3155  3142  2873  3151
 9184    3155  2873  2889  3164
 9185    3155  2873  3164  3151
 9186    2880  2881  3156  2889
 9187    2880  3156  3155  2889
 9188    2881  3156  2889  2890
 9189    3156  3155  2889  3164
 9190    3156  2889  2890  3165
 9191    3156  2889  3165  3164
 9192    2881  2882  3157  2890
 9193    2881  3157  3156  2890
 9194    2882  3157  2890  2891
 9195    3157  3156  2890  3165
 9196    3157  2890  2891  3166
 9197    3157  2890  3166  3165
 9198    3142  3155  3158  3151
 9199    3142  3158  3145  3151
 9200    3155  3158  3151  3164
 9201    3158  3145  3151  3154
 9202    3158  3151  3164  3167
 9203    3158  3151  3167  3154
 9204    3155  3156  3159  3164
 9205    3155  3159  3158  3164
 9206    3156  3159  3164  3165
 9207    3159  3158  3164  3167
 9208    3159  3164  3165  3168
 9209    3159  3164  3168  3167
 9210    3156  3157  3160  3165
 9211    3156  3160  3159  3165
 9212    3157  3160  3165  3166
 9213    3160  3159  3165  3168
 9214    3160  3165  3166  3169
 9215    3160  3165  3169  3168
 9216    3145  3158  3161  3154
 9217    3145  3161  3148  3154
 9218    3158  3161  3154  3167
 9219    3161  3148  3154  3089
 9220    3161  3154  3167  3088
 9221    3161  3154  3088  3089
 9222    3158  3159  3162  3167
 9223    3158  3162  3161  3167
 9224    3159  3162  3167  3168
 9225    3162  3161  3167  3088
 9226    3162  3167  3168  3087
 9227    3162  3167  3087  3088
 9228    3159  3160  3163  3168
 9229    3159  3163  3162  3168
 9230    3160  3163  3168  3169
 9231    3163  3162  3168  3087
 9232    3163  3168  3169  3071
 9233    3163  3168  3071  3087
 9234    2882  2898  3170  2891
 9235    2882  3170  3157  2891
 9236    2898  3170  2891  2907
 9237    3170  3157  2891  3166
 9238    3170  2891  2907  3179
 9239    3170  2891  3179  3166
 9240    2898  2899  3171  2907
 9241    2898  3171  3170  2907
 9242    2899  3171  2907  2908
 9243    3171  3170  2907  3179
 9244    3171  2907  2908  3180
 9245    3171  2907  3180  3179
 9246    2899  2900  3172  2908
 9247    2899  3172  3171  2908
 9248    2900  3172  2908  2909
 9249    3172  3171  2908  3180
 9250    3172  2908  2909  3181
 9251    3172  2908  3181  3180
 9252    3157  3170  3173  3166
 9253    3157  3173  3160  3166
 9254    3170  3173  3166  3179
 9255    3173  3160  3166  3169
 9256    3173  3166  3179  3182
 9257    3173  3166  3182  3169
 9258    3170  3171  3174  3179
 9259    3170  3174  3173  3179
 9260    3171  3174  3179  3180
 9261    3174  3173  3179  3182
 9262    3174  3179  3180  3183
 9263    3174  3179  3183  3182
 9264    3171  3172  3175  3180
 9265    3171  3175  3174  3180
 9266    3172  3175  3180  3181
 9267    3175  3174  3180  3183
 9268    3175  3180  3181  3184
 9269    3175  3180  3184  3183
 9270    3160  3173  3176  3169
 9271    3160  3176  3163  3169
 9272    3173  3176  3169  3182
 9273    3176  3163  3169  3071
 9274    3176  3169  3182  3070
 9275    3176  3169  3070  3071
 9276    3173  3174  3177  3182
 9277    3173  3177  3176  3182
 9278    3174  3177  3182  3183
 9279    3177  3176  3182  3070
 9280    3177  3182  3183  3069
 9281    3177  3182  3069  3070
 9282    3174  3175  3178  3183
 9283    3174  3178  3177  3183
 9284    3175  3178  3183  3184
 9285    3178  3177  3183  3069
 9286    3178  3183  3184  3053
 9287    3178  3183  3053  3069
 9288    2900  2916  3185  2909
 9289    2900  3185  3172  2909
 9290    2916  3185  2909  2925
 9291    3185  3172  2909  3181
 9292    3185  2909  2925  3194
 9293    3185  2909  3194  3181
 9294    2916  2917  3186  2925
 9295    2916  3186  3185  2925
 9296    2917  3186  2925  2926
 9297    3186  3185  2925  3194
 9298    3186  2925  2926  3195
 9299    3186  2925  3195  3194
 9300    2917  2918  3187  2926
 9301    2917  3187  3186  2926
 9302    2918  3187  2926  2927
 9303    3187  3186  2926  3195
 9304    3187  2926  2927  3196
 9305    3187  2926  3196  3195
 9306    3172  3185  3188  3181
 9307    3172  3188  3175  3181
 9308    3185  3188  3181  3194
 9309    3188  3175  3181  3184
 9310    3188  3181  3194  3197
 9311    3188  3181  3197  3184
 9312    3185  3186  3189  3194
 9313    3185  3189  3188  3194
 9314    3186  3189  3194  3195
 9315    3189  3188  3194  3197
 9316    3189  3194  3195  3198
 9317    3189  3194  3198  3197
 9318    3186  3187  3190  3195
 9319    3186  3190  3189  3195
 9320    3187  3190  3195  3196
 9321    3190  3189  3195  3198
 9322    3190  3195  3196  3199
 9323    3190  3195  3199  3198
 9324    3175  3188  3191  3184
 9325    3175  3191  3178  3184
 9326    3188  3191  3184  3197
 9327    3191  3178  3184  3053
 9328    3191  3184  3197  3200
 9329    3191  3184  3200  3053
 9330    3188  3189  3192  3197
 9331    3188  3192  3191  3197
 9332    3189  3192  3197  3198
 9333    3192  3191  3197  3200
 9334    3192  3197  3198  3201
 9335    3192  3197  3201  3200
 9336    3189  3190  3193  3198
 9337    3189  3193  3192  3198
 9338    3190  3193  3198  3199
 9339    3193  3192  3198  3201
 9340    3193  3198  3199  3202
 9341    3193  3198  3202  3201
 9342    2918  2934  3203  2927
 9343    2918  3203  3187  2927
 9344    2934  3203  2927  2943
 9345    3203  3187  2927  3196
 9346    3203  2927  2943  3212
 9347    3203  2927  3212  3196
 9348    2934  2935  3204  2943
 9349    2934  3204  3203  2943
 9350    2935  3204  2943  2944
 9351    3204  3203  2943  3212
 9352    3204  2943  2944  3213
 9353    3204  2943  3213  3212
 9354    2935  2936  3205  2944
 9355    2935  3205  3204  2944
 9356    2936  3205  2944  2945
 9357    3205  3204  2944  3213
 9358    3205  2944  2945  3214
 9359    3205  2944  3214  3213
 9360    3187  3203  3206  3196
 9361    3187  3206  3190  3196
 9362    3203  3206  3196  3212
 9363    3206  3190  3196  3199
 9364    3206  3196  3212  3215
 9365    3206  3196  3215  3199
 9366    3203  3204  3207  3212
 9367    3203  3207  3206  3212
 9368    3204  3207  3212  3213
 9369    3207  3206  3212  3215
 9370    3207  3212  3213  3216
 9371    3207  3212  3216  3215
 9372    3204  3205  3208  3213
 9373    3204  3208  3207  3213
 9374    3205  3208  3213  3214
 9375    3208  3207  3213  3216
 9376    3208  3213  3214  3217
 9377    3208  3213  3217  3216
 9378    3190  3206  3209  3199
 9379    3190  3209  3193  3199
 9380    3206  3209  3199  3215
 9381    3209  3193  3199  3202
 9382    3209  3199  3215  3218
 9383    3209  3199  3218  3202
 9384    3206  3207  3210  3215
 9385    3206  3210  3209  3215
 9386    3207  3210  3215  3216
 9387    3210  3209  3215  3218
 9388    3210  3215  3216  3219
 9389    3210  3215  3219  3218
 9390    3207  3208  3211  3216
 9391    3207  3211  3210  3216
 9392    3208  3211  3216  3217
 9393    3211  3210  3216  3219
 9394    3211  3216  3217  3220
 9395    3211  3216  3220  3219
 9396    2936  2952  3221  2945
 9397    2936  3221  3205  2945
 9398    2952  3221  2945  2961
 9399    3221  3205  2945  3214
 9400    3221  2945  2961  3230
 9401    3221  2945  3230  3214
 9402    2952  2953  3222  2961
 9403    2952  3222  3221  2961
 9404    2953  3222  2961  2962
 9405    3222  3221  2961  3230
 9406    3222  2961  2962  3231
 9407    3222  2961  3231  3230
 9408    2953  2954  3223  2962
 9409    2953  3223  3222  2962
 9410    2954  3223  2962  2963
 9411    3223  3222  2962  3231
 9412    3223  2962  2963  3232
 9413    3223  2962  3232  3231
 9414    3205  3221  3224  3214
 9415    3205  3224  3208  3214
 9416    3221  3224  3214  3230
 9417    3224  3208  3214  3217
 9418    3224  3214  3230  3233
 9419    3224  3214  3233  3217
 9420    3221  3222  3225  3230
 9421    3221  3225  3224  3230
 9422    3222  3225  3230  3231
 9423    3225  3224  3230  3233
 9424    3225  3230  3231  3234
 9425    3225  3230  3234  3233
 9426    3222  3223  3226  3231
 9427    3222  3226  3225  3231
 9428    3223  3226  3231  3232
 9429    3226  3225  3231  3234
 9430    3226  3231  3232  3235
 9431    3226  3231  3235  3234
 9432    3208  3224  3227  3217
 9433    3208  3227  3211  3217
 9434    3224  3227  3217  3233
 9435    3227  3211  3217  3220
 9436    3227  3217  3233  3236
 9437    3227  3217  3236  3220
 9438    3224  3225  3228  3233
 9439    3224  3228  3227  3233
 9440    3225  3228  3233  3234
 9441    3228  3227  3233  3236
 9442    3228  3233  3234  3237
 9443    3228  3233  3237  3236
 9444    3225  3226  3229  3234
 9445    3225  3229  3228  3234
 9446    3226  3229  3234  3235
 9447    3229  3228  3234  3237
 9448    3229  3234  3235  3238
 9449    3229  3234  3238  3237
 9450    2954  2968  3239  2963
 9451    2954  3239  3223  2963
 9452    2968  3239  2963  2974
 9453    3239  3223  2963  3232
 9454    3239  2963  2974  3245
 9455    3239  2963  3245  3232
 9456    2968  2969  3240  2974
 9457    2968  3240  3239  2974
 9458    2969  3240  2974  2975
 9459    3240  3239  2974  3245
 9460    3240  2974  2975  3246
 9461    3240  2974  3246  3245
 9462    2969  2840  3120  2975
 9463    2969  3120  3240  2975
 9464    2840  3120  2975  2852
 9465    3120  3240  2975  3246
 9466    3120  2975  2852  3132
 9467    3120  2975  3132  3246
 9468    3223  3239  3241  3232
 9469    3223  3241  3226  3232
 9470    3239  3241  3232  3245
 9471    3241  3226  3232  3235
 9472    3241  3232  3245  3247
 9473    3241  3232  3247  3235
 9474    3239  3240  3242  3245
 9475    3239  3242  3241  3245
 9476    3240  3242  3245  3246
 9477    3242  3241  3245  3247
 9478    3242  3245  3246  3248
 9479    3242  3245  3248  3247
 9480    3240  3120  3124  3246
 9481    3240  3124  3242  3246
 9482    3120  3124  3246  3132
 9483    3124  3242  3246  3248
 9484    3124  3246  3132  3136
 9485    3124  3246  3136  3248
 9486    3226  3241  3243  3235
 9487    3226  3243  3229  3235
 9488    3241  3243  3235  3247
 9489    3243  3229  3235  3238
 9490    3243  3235  3247  3249
 9491    3243  3235  3249  3238
 9492    3241  3242  3244  3247
 9493    3241  3244  3243  3247
 9494    3242  3244  3247  3248
 9495    3244  3243  3247  3249
 9496    3244  3247  3248  3250
 9497    3244  3247  3250  3249
 9498    3242  3124  3128  3248
 9499    3242  3128  3244  3248
 9500    3124  3128  3248  3136
 9501    3128  3244  3248  3250
 9502    3128  3248  3136  2996
 9503    3128  3248  2996  3250
 9504    2984  2985  3252  2996
 9505    2984  3252  3251  2996
 9506    2985  3252  2996  2997
 9507    3252  3251  2996  3263
 9508    3252  2996  2997  3264
 9509    3252  2996  3264  3263
 9510    2985  2986  3253  2997
 9511    2985  3253  3252  2997
 9512    2986  3253  2997  2998
 9513    3253  3252  2997  3264
 9514    3253  2997  2998  3265
 9515    3253  2997  3265  3264
 9516    2986  2987  3254  2998
 9517    2986  3254  3253  2998
 9518    2987  3254  2998  2999
 9519    3254  3253  2998  3265
 9520    3254  2998  2999  3266
 9521    3254  2998  3266  3265
 9522    3251  3252  3256  3263
 9523    3251  3256  3255  3263
 9524    3252  3256  3263  3264
 9525    3256  3255  3263  3267
 9526    3256  3263  3264  3268
 9527    3256  3263  3268  3267
 9528    3252  3253  3257  3264
 9529    3252  3257  3256  3264
 9530    3253  3257  3264  3265
 9531    3257  3256  3264  3268
 9532    3257  3264  3265  3269
 9533    3257  3264  3269  3268
 9534    3253  3254  3258  3265
 9535    3253  3258  3257  3265
 9536    3254  3258  3265  3266
 9537    3258  3257  3265  3269
 9538    3258  3265  3266  3270
 9539    3258  3265  3270  3269
 9540    3255  3256  3260  3267
 9541    3255  3260  3259  3267
 9542    3256  3260  3267  3268
 9543    3260  3259  3267  3271
 9544    3260  3267  3268  3272
 9545    3260  3267  3272  3271
 9546    3256  3257  3261  3268
 9547    3256  3261  3260  3268
 9548    3257  3261  3268  3269
 9549    3261  3260  3268  3272
 9550    3261  3268  3269  3273
 9551    3261  3268  3273  3272
 9552    3257  3258  3262  3269
 9553    3257  3262  3261  3269
 9554    3258  3262  3269  3270
 9555    3262  3261  3269  3273
 9556    3262  3269  3270  3274
 9557    3262  3269  3274  3273
 9558    2987  3006  3275  2999
 9559    2987  3275  3254  2999
 9560    3006  3275  2999  3015
 9561    3275  3254  2999  3266
 9562    3275  2999  3015  3284
 9563    3275  2999  3284  3266
 9564    3006  3007  3276  3015
 9565    3006  3276  3275  3015
 9566    3007  3276  3015  3016
 9567    3276  3275  3015  3284
 9568    3276  3015  3016  3285
 9569    3276  3015  3285  3284
 9570    3007  3008  3277  3016
 9571    3007  3277  3276  3016
 9572    3008  3277  3016  3017
 9573    3277  3276  3016  3285
 9574    3277  3016  3017  3286
 9575    3277  3016  3286  3285
 9576    3254  3275  3278  3266
 9577    3254  3278  3258  3266
 9578    3275  3278  3266  3284
 9579    3278  3258  3266  3270
 9580    3278  3266  3284  3287
 9581    3278  3266  3287  3270
 9582    3275  3276  3279  3284
 9583    3275  3279  3278  3284
 9584    3276  3279  3284  3285
 9585    3279  3278  3284  3287
 9586    3279  3284  3285  3288
 9587    3279  3284  3288  3287
 9588    3276  3277  3280  3285
 9589    3276  3280  3279  3285
 9590    3277  3280  3285  3286
 9591    3280  3279  3285  3288
 9592    3280  3285  3286  3289
 9593    3280  3285  3289  3288
 9594    3258  3278  3281  3270
 9595    3258  3281  3262  3270
 9596    3278  3281  3270  3287
 9597    3281  3262  3270  3274
 9598    3281  3270  3287  3290
 9599    3281  3270  3290  3274
 9600    3278  3279  3282  3287
 9601    3278  3282  3281  3287
 9602    3279  3282  3287  3288
 9603    3282  3281  3287  3290
 9604    3282  3287  3288  3291
 9605    3282  3287  3291  3290
 9606    3279  3280  3283  3288
 9607    3279  3283  3282  3288
 9608    3280  3283  3288  3289
 9609    3283  3282  3288  3291
 9610    3283  3288  3289  3292
 9611    3283  3288  3292  3291
 9612    3008  3024  3293  3017
 9613    3008  3293  3277  3017
 9614    3024  3293  3017  3033
 9615    3293  3277  3017  3286
 9616    3293  3017  3033  3302
 9617    3293  3017  3302  3286
 9618    3024  3025  3294  3033
 9619    3024  3294  3293  3033
 9620    3025  3294  3033  3034
 9621    3294  3293  3033  3302
 9622    3294  3033  3034  3303
 9623    3294  3033  3303  3302
 9624    3025  3026  3295  3034
 9625    3025  3295  3294  3034
 9626    3026  3295  3034  3035
 9627    3295  3294  3034  3303
 9628    3295  3034  3035  3304
 9629    3295  3034  3304  3303
 9630    3277  3293  3296  3286
 9631    3277  3296  3280  3286
 9632    3293  3296  3286  3302
 9633    3296  3280  3286  3289
 9634    3296  3286  3302  3305
 9635    3296  3286  3305  3289
 9636    3293  3294  3297  3302
 9637    3293  3297  3296  3302
 9638    3294  3297  3302  3303
 9639    3297  3296  3302  3305
 9640    3297  3302  3303  3306
 9641    3297  3302  3306  3305
 9642    3294  3295  3298  3303
 9643    3294  3298  3297  3303
 9644    3295  3298  3303  3304
 9645    3298  3297  3303  3306
 9646    3298  3303  3304  3307
 9647    3298  3303  3307  3306
 9648    3280  3296  3299  3289
 9649    3280  3299  3283  3289
 9650    3296  3299  3289  3305
 9651    3299  3283  3289  3292
 9652    3299  3289  3305  3308
 9653    3299  3289  3308  3292
 9654    3296  3297  3300  3305
 9655    3296  3300  3299  3305
 9656    3297  3300  3305  3306
 9657    3300  3299  3305  3308
 9658    3300  3305  3306  3309
 9659    3300  3305  3309  3308
 9660    3297  3298  3301  3306
 9661    3297  3301  3300  3306
 9662    3298  3301  3306  3307
 9663    3301  3300  3306  3309
 9664    3301  3306  3307  3310
 9665    3301  3306  3310  3309
 9666    3026  3042  3311  3035
 9667    3026  3311  3295  3035
 9668    3042  3311  3035  3051
 9669    3311  3295  3035  3304
 9670    3311  3035  3051  3320
 9671    3311  3035  3320  3304
 9672    3042  3043  3312  3051
 9673    3042  3312  3311  3051
 9674    3043  3312  3051  3052
 9675    3312  3311  3051  3320
 9676    3312  3051  3052  3321
 9677    3312  3051  3321  3320
 9678    3043  3044  3313  3052
 9679    3043  3313  3312  3052
 9680    3044  3313  3052  3053
 9681    3313  3312  3052  3321
 9682    3313  3052  3053  3322
 9683    3313  3052  3322  3321
 9684    3295  3311  3314  3304
 9685    3295  3314  3298  3304
 9686    3311  3314  3304  3320
 9687    3314  3298  3304  3307
 9688    3314  3304  3320  3323
 9689    3314  3304  3323  3307
 9690    3311  3312  3315  3320
 9691    3311  3315  3314  3320
 9692    3312  3315  3320  3321
 9693    3315  3314  3320  3323
 9694    3315  3320  3321  3324
 9695    3315  3320  3324  3323
 9696    3312  3313  3316  3321
 9697    3312  3316  3315  3321
 9698    3313  3316  3321  3322
 9699    3316  3315  3321  3324
 9700    3316  3321  3322  3325
 9701    3316  3321  3325  3324
 9702    3298  3314  3317  3307
 9703    3298  3317  3301  3307
 9704    3314  3317  3307  3323
 9705    3317  3301  3307  3310
 9706    3317  3307  3323  3326
 9707    3317  3307  3326  3310
 9708    3314  3315  3318  3323
 9709    3314  3318  3317  3323
 9710    3315  3318  3323  3324
 9711    3318  3317  3323  3326
 9712    3318  3323  3324  3327
 9713    3318  3323  3327  3326
 9714    3315  3316  3319  3324
 9715    3315  3319  3318  3324
 9716    3316  3319  3324  3325
 9717    3319  3318  3324  3327
 9718    3319  3324  3325  3328
 9719    3319  3324  3328  3327
 9720    3044  3060  3329  3053
 9721    3044  3329  3313  3053
 9722    3060  3329  3053  3069
 9723    3329  3313  3053  3322
 9724    3329  3053  3069  3338
 9725    3329  3053  3338  3322
 9726    3060  3061  3330  3069
 9727    3060  3330  3329  3069
 9728    3061  3330  3069  3070
 9729    3330  3329  3069  3338
 9730    3330  3069  3070  3339
 9731    3330  3069  3339  3338
 9732    3061  3062  3331  3070
 9733    3061  3331  3330  3070
 9734    3062  3331  3070  3071
 9735    3331  3330  3070  3339
 9736    3331  3070  3071  3340
 9737    3331  3070  3340  3339
 9738    3313  3329  3332  3322
 9739    3313  3332  3316  3322
 9740    3329  3332  3322  3338
 9741    3332  3316  3322  3325
 9742    3332  3322  3338  3341
 9743    3332  3322  3341  3325
 9744    3329  3330  3333  3338
 9745    3329  3333  3332  3338
 9746    3330  3333  3338  3339
 9747    3333  3332  3338  3341
 9748    3333  3338  3339  3342
 9749    3333  3338  3342  3341
 9750    3330  3331  3334  3339
 9751    3330  3334  3333  3339
 9752    3331  3334  3339  3340
 9753    3334  3333  3339  3342
 9754    3334  3339  3340  3343
 9755    3334  3339  3343  3342
 9756    3316  3332  3335  3325
 9757    3316  3335  3319  3325
 9758    3332  3335  3325  3341
 9759    3335  3319  3325  3328
 9760    3335  3325  3341  3344
 9761    3335  3325  3344  3328
 9762    3332  3333  3336  3341
 9763    3332  3336  3335  3341
 9764    3333  3336  3341  3342
 9765    3336  3335  3341  3344
 9766    3336  3341  3342  3345
 9767    3336  3341  3345  3344
 9768    3333  3334  3337  3342
 9769    3333  3337  3336  3342
 9770    3334  3337  3342  3343
 9771    3337  3336  3342  3345
 9772    3337  3342  3343  3346
 9773    3337  3342  3346  3345
 9774    3062  3078  3347  3071
 9775    3062  3347  3331  3071
 9776    3078  3347  3071  3087
 9777    3347  3331  3071  3340
 9778    3347  3071  3087  3356
 9779    3347  3071  3356  3340
 9780    3078  3079  3348  3087
 9781    3078  3348  3347  3087
 9782    3079  3348  3087  3088
 9783    3348  3347  3087  3356
 9784    3348  3087  3088  3357
 9785    3348  3087  3357  3356
 9786    3079  3080  3349  3088
 9787    3079  3349  3348  3088
 9788    3080  3349  3088  3089
 9789    3349  3348  3088  3357
 9790    3349  3088  3089  3358
 9791    3349  3088  3358  3357
 9792    3331  3347  3350  3340
 9793    3331  3350  3334  3340
 9794    3347  3350  3340  3356
 9795    3350  3334  3340  3343
 9796    3350  3340  3356  3359
 9797    3350  3340  3359  3343
 9798    3347  3348  3351  3356
 9799    3347  3351  3350  3356
 9800    3348  3351  3356  3357
 9801    3351  3350  3356  3359
 9802    3351  3356  3357  3360
 9803    3351  3356  3360  3359
 9804    3348  3349  3352  3357
 9805    3348  3352  3351  3357
 9806    3349  3352  3357  3358
 9807    3352  3351  3357  3360
 9808    3352  3357  3358  3361
 9809    3352  3357  3361  3360
 9810    3334  3350  3353  3343
 9811    3334  3353  3337  3343
 9812    3350  3353  3343  3359
 9813    3353  3337  3343  3346
 9814    3353  3343  3359  3362
 9815    3353  3343  3362  3346
 9816    3350  3351  3354  3359
 9817    3350  3354  3353  3359
 9818    3351  3354  3359  3360
 9819    3354  3353  3359  3362
 9820    3354  3359  3360  3363
 9821    3354  3359  3363  3362
 9822    3351  3352  3355  3360
 9823    3351  3355  3354  3360
 9824    3352  3355  3360  3361
 9825    3355  3354  3360  3363
 9826    3355  3360  3361  3364
 9827    3355  3360  3364  3363
 9828    3080  3096  3365  3089
 9829    3080  3365  3349  3089
 9830    3096  3365  3089  3105
 9831    3365  3349  3089  3358
 9832    3365  3089  3105  3374
 9833    3365  3089  3374  3358
 9834    3096  3097  3366  3105
 9835    3096  3366  3365  3105
 9836    3097  3366  3105  3106
 9837    3366  3365  3105  3374
 9838    3366  3105  3106  3375
 9839    3366  3105  3375  3374
 9840    3097  3098  3367  3106
 9841    3097  3367  3366  3106
 9842    3098  3367  3106  3107
 9843    3367  3366  3106  3375
 9844    3367  3106  3107  3376
 9845    3367  3106  3376  3375
 9846    3349  3365  3368  3358
 9847    3349  3368  3352  3358
 9848    3365  3368  3358  3374
 9849    3368  3352  3358  3361
 9850    3368  3358  3374  3377
 9851    3368  3358  3377  3361
 9852    3365  3366  3369  3374
 9853    3365  3369  3368  3374
 9854    3366  3369  3374  3375
 9855    3369  3368  3374  3377
 9856    3369  3374  3375  3378
 9857    3369  3374  3378  3377
 9858    3366  3367  3370  3375
 9859    3366  3370  3369  3375
 9860    3367  3370  3375  3376
 9861    3370  3369  3375  3378
 9862    3370  3375  3376  3379
 9863    3370  3375  3379  3378
 9864    3352  3368  3371  3361
 9865    3352  3371  3355  3361
 9866    3368  3371  3361  3377
 9867    3371  3355  3361  3364
 9868    3371  3361  3377  3380
 9869    3371  3361  3380  3364
 9870    3368  3369  3372  3377
 9871    3368  3372  3371  3377
 9872    3369  3372  3377  3378
 9873    3372  3371  3377  3380
 9874    3372  3377  3378  3381
 9875    3372  3377  3381  3380
 9876    3369  3370  3373  3378
 9877    3369  3373  3372  3378
 9878    3370  3373  3378  3379
 9879    3373  3372  3378  3381
 9880    3373  3378  3379  3382
 9881    3373  3378  3382  3381
 9882    3098  3112  3383  3107
 9883    3098  3383  3367  3107
 9884    3112  3383  3107  3118
 9885    3383  3367  3107  3376
 9886    3383  3107  3118  3389
 9887    3383  3107  3389  3376
 9888    3112  3113  3384  3118
 9889    3112  3384  3383  3118
 9890    3113  3384  3118  3119
 9891    3384  3383  3118  3389
 9892    3384  3118  3119  3390
 9893    3384  3118  3390  3389
 9894    3113  2984  3251  3119
 9895    3113  3251  3384  3119
 9896    2984  3251  3119  2996
 9897    3251  3384  3119  3390
 9898    3251  3119  2996  3263
 9899    3251  3119  3263  3390
 9900    3367  3383  3385  3376
 9901    3367  3385  3370  3376
 9902    3383  3385  3376  3389
 9903    3385  3370  3376  3379
 9904    3385  3376  3389  3391
 9905    3385  3376  3391  3379
 9906    3383  3384  3386  3389
 9907    3383  3386  3385  3389
 9908    3384  3386  3389  3390
 9909    3386  3385  3389  3391
 9910    3386  3389  3390  3392
 9911    3386  3389  3392  3391
 9912    3384  3251  3255  3390
 9913    3384  3255  3386  3390
 9914    3251  3255  3390  3263
 9915    3255  3386  3390  3392
 9916    3255  3390  3263  3267
 9917    3255  3390  3267  3392
 9918    3370  3385  3387  3379
 9919    3370  3387  3373  3379
 9920    3385  3387  3379  3391
 9921    3387  3373  3379  3382
 9922    3387  3379  3391  3393
 9923    3387  3379  3393  3382
 9924    3385  3386  3388  3391
 9925    3385  3388  3387  3391
 9926    3386  3388  3391  3392
 9927    3388  3387  3391  3393
 9928    3388  3391  3392  3394
 9929    3388  3391  3394  3393
 9930    3386  3255  3259  3392
 9931    3386  3259  3388  3392
 9932    3255  3259  3392  3267
 9933    3259  3388  3392  3394
 9934    3259  3392  3267  3271
 9935    3259  3392  3271  3394
 9936    3128  3129  3396  2996
 9937    3128  3396  3395  2996
 9938    3129  3396  2996  3119
 9939    3396  3395  2996  3263
 9940    3396  2996  3119  3390
 9941    3396  2996  3390  3263
 9942    3129  3130  3397  3119
 9943    3129  3397  3396  3119
 9944    3130  3397  3119  3118
 9945    3397  3396  3119  3390
 9946    3397  3119  3118  3389
 9947    3397  3119  3389  3390
 9948    3130  3131  3398  3118
 9949    3130  3398  3397  3118
 9950    3131  3398  3118  3107
 9951    3398  3397  3118  3389
 9952    3398  3118  3107  3376
 9953    3398  3118  3376  3389
 9954    3395  3396  3400  3263
 9955    3395  3400  3399  3263
 9956    3396  3400  3263  3390
 9957    3400  3399  3263  3267
 9958    3400  3263  3390  3392
 9959    3400  3263  3392  3267
 9960    3396  3397  3401  3390
 9961    3396  3401  3400  3390
 9962    3397  3401  3390  3389
 9963    3401  3400  3390  3392
 9964    3401  3390  3389  3391
 9965    3401  3390  3391  3392
 9966    3397  3398  3402  3389
 9967    3397  3402  3401  3389
 9968    3398  3402  3389  3376
 9969    3402  3401  3389  3391
 9970    3402  3389  3376  3379
 9971    3402  3389  3379  3391
 9972    3399  3400  3404  3267
 9973    3399  3404  3403  3267
 9974    3400  3404  3267  3392
 9975    3404  3403  3267  3271
 9976    3404  3267  3392  3394
 9977    3404  3267  3394  3271
 9978    3400  3401  3405  3392
 9979    3400  3405  3404  3392
 9980    3401  3405  3392  3391
 9981    3405  3404  3392  3394
 9982    3405  3392  3391  3393
 9983    3405  3392  3393  3394
 9984    3401  3402  3406  3391
 9985    3401  3406  3405  3391
 9986    3402  3406  3391  3379
 9987    3406  3405  3391  3393
 9988    3406  3391  3379  3382
 9989    3406  3391  3382  3393
 9990    3131  3146  3407  3107
 9991    3131  3407  3398  3107
 9992    3146  3407  3107  3106
 9993    3407  3398  3107  3376
 9994    3407  3107  3106  3375
 9995    3407  3107  3375  3376
 9996    3146  3147  3408  3106
 9997    3146  3408  3407  3106
 9998    3147  3408  3106  3105
 9999    3408  3407  3106  3375
10000    3408  3106  3105  3374
10001    3408  3106  3374  3375
10002    3147  3148  3409  3105
10003    3147  3409  3408  3105
10004    3148  3409  3105  3089
10005    3409  3408  3105  3374
10006    3409  3105  3089  3358
10007    3409  3105  3358  3374
10008    3398  3407  3410  3376
10009    3398  3410  3402  3376
10010    3407  3410  3376  3375
10011    3410  3402  3376  3379
10012    3410  3376  3375  3378
10013    3410  3376  3378  3379
10014    3407  3408  3411  3375
10015    3407  3411  3410  3375
10016    3408  3411  3375  3374
10017    3411  3410  3375  3378
10018    3411  3375  3374  3377
10019    3411  3375  3377  3378
10020    3408  3409  3412  3374
10021    3408  3412  3411  3374
10022    3409  3412  3374  3358
10023    3412  3411  3374  3377
10024    3412  3374  3358  3361
10025    3412  3374  3361  3377
10026    3402  3410  3413  3379
10027    3402  3413  3406  3379
10028    3410  3413  3379  3378
10029    3413  3406  3379  3382
10030    3413  3379  3378  3381
10031    3413  3379  3381  3382
10032    3410  3411  3414  3378
10033    3410  3414  3413  3378
10034    3411  3414  3378  3377
10035    3414  3413  3378  3381
10036    3414  3378  3377  3380
10037    3414  3378  3380  3381
10038    3411  3412  3415  3377
10039    3411  3415  3414  3377
10040    3412  3415  3377  3361
10041    3415  3414  3377  3380
10042    3415  3377  3361  3364
10043    3415  3377  3364  3380
10044    3148  3161  3416  3089
10045    3148  3416  3409  3089
10046    3161  3416  3089  3088
10047    3416  3409  3089  3358
10048    3416  3089  3088  3357
10049    3416  3089  3357  3358
10050    3161  3162  3417  3088
10051    3161  3417  3416  3088
10052    3162  3417  3088  3087
10053    3417  3416  3088  3357
10054    3417  3088  3087  3356
10055    3417  3088  3356  3357
10056    3162  3163  3418  3087
10057    3162  3418  3417  3087
10058    3163  3418  3087  3071
10059    3418  3417  3087  3356
10060    3418  3087  3071  3340
10061    3418  3087  3340  3356
10062    3409  3416  3419  3358
10063    3409  3419  3412  3358
10064    3416  3419  3358  3357
10065    3419  3412  3358  3361
10066    3419  3358  3357  3360
10067    3419  3358  3360  3361
10068    3416  3417  3420  3357
10069    3416  3420  3419  3357
10070    3417  3420  3357  3356
10071    3420  3419  3357  3360
10072    3420  3357  3356  3359
10073    3420  3357  3359  3360
10074    3417  3418  3421  3356
10075    3417  3421  3420  3356
10076    3418  3421  3356  3340
10077    3421  3420  3356  3359
10078    3421  3356  3340  3343
10079    3421  3356  3343  3359
10080    3412  3419  3422  3361
10081    3412  3422  3415  3361
10082    3419  3422  3361  3360
10083    3422  3415  3361  3364
10084    3422  3361  3360  3363
10085    3422  3361  3363  3364
10086    3419  3420  3423  3360
10087    3419  3423  3422  3360
10088    3420  3423  3360  3359
10089    3423  3422  3360  3363
10090    3423  3360  3359  3362
10091    3423  3360  3362  3363
10092    3420  3421  3424  3359
10093    3420  3424  3423  3359
10094    3421  3424  3359  3343
10095    3424  3423  3359  3362
10096    3424  3359  3343  3346
10097    3424  3359  3346  3362
10098    3163  3176  3425  3071
10099    3163  3425  3418  3071
10100    3176  3425  3071  3070
10101    3425  3418  3071  3340
10102    3425  3071  3070  3339
10103    3425  3071  3339  3340
10104    3176  3177  3426  3070
10105    3176  3426  3425  3070
10106    3177  3426  3070  3069
10107    3426  3425  3070  3339
10108    3426  3070  3069  3338
10109    3426  3070  3338  3339
10110    3177  3178  3427  3069
10111    3177  3427  3426  3069
10112    3178  3427  3069  3053
10113    3427  3426  3069  3338
10114    3427  3069  3053  3322
10115    3427  3069  3322  3338
10116    3418  3425  3428  3340
10117    3418  3428  3421  3340
10118    3425  3428  3340  3339
10119    3428  3421  3340  3343
10120    3428  3340  3339  3342
10121    3428  3340  3342  3343
10122    3425  3426  3429  3339
10123    3425  3429  3428  3339
10124    3426  3429  3339  3338
10125    3429  3428  3339  3342
10126    3429  3339  3338  3341
10127    3429  3339  3341  3342
10128    3426  3427  3430  3338
10129    3426  3430  3429  3338
10130    3427  3430  3338  3322
10131    3430  3429  3338  3341
10132    3430  3338  3322  3325
10133    3430  3338  3325  3341
10134    3421  3428  3431  3343
10135    3421  3431  3424  3343
10136    3428  3431  3343  3342
10137    3431  3424  3343  3346
10138    3431  3343  3342  3345
10139    3431  3343  3345  3346
10140    3428  3429  3432  3342
10141    3428  3432  3431  3342
10142    3429  3432  3342  3341
10143    3432  3431  3342  3345
10144    3432  3342  3341  3344
10145    3432  3342  3344  3345
10146    3429  3430  3433  3341
10147    3429  3433  3432  3341
10148    3430  3433  3341  3325
10149    3433  3432  3341  3344
10150    3433  3341  3325  3328
10151    3433  3341  3328  3344
10152    3178  3191  3434  3053
10153    3178  3434  3427  3053
10154    3191  3434  3053  3200
10155    3434  3427  3053  3322
10156    3434  3053  3200  3443
10157    3434  3053  3443  3322
10158    3191  3192  3435  3200
10159    3191  3435  3434  3200
10160    3192  3435  3200  3201
10161    3435  3434  3200  3443
10162    3435  3200  3201  3444
10163    3435  3200  3444  3443
10164    3192  3193  3436  3201
10165    3192  3436  3435  3201
10166    3193  3436  3201  3202
10167    3436  3435  3201  3444
10168    3436  3201  3202  3445
10169    3436  3201  3445  3444
10170    3427  3434  3437  3322
10171    3427  3437  3430  3322
10172    3434  3437  3322  3443
10173    3437  3430  3322  3325
10174    3437  3322  3443  3446
10175    3437  3322  3446  3325
10176    3434  3435  3438  3443
10177    3434  3438  3437  3443
10178    3435  3438  3443  3444
10179    3438  3437  3443  3446
10180    3438  3443  3444  3447
10181    3438  3443  3447  3446
10182    3435  3436  3439  3444
10183    3435  3439  3438  3444
10184    3436  3439  3444  3445
10185    3439  3438  3444  3447
10186    3439  3444  3445  3448
10187    3439  3444  3448  3447
10188    3430  3437  3440  3325
10189    3430  3440  3433  3325
10190    3437  3440  3325  3446
10191    3440  3433  3325  3328
10192    3440  3325  3446  3449
10193    3440  3325  3449  3328
10194    3437  3438  3441  3446
10195    3437  3441  3440  3446
10196    3438  3441  3446  3447
10197    3441  3440  3446  3449
10198    3441  3446  3447  3450
10199    3441  3446  3450  3449
10200    3438  3439  3442  3447
10201    3438  3442  3441  3447
10202    3439  3442  3447  3448
10203    3442  3441  3447  3450
10204    3442  3447  3448  3451
10205    3442  3447  3451  3450
10206    3193  3209  3452  3202
10207    3193  3452  3436  3202
10208    3209  3452  3202  3218
10209    3452  3436  3202  3445
10210    3452  3202  3218  3461
10211    3452  3202  3461  3445
10212    3209  3210  3453  3218
10213    3209  3453  3452  3218
10214    3210  3453  3218  3219
10215    3453  3452  3218  3461
10216    3453  3218  3219  3462
10217    3453  3218  3462  3461
10218    3210  3211  3454  3219
10219    3210  3454  3453  3219
10220    3211  3454  3219  3220
10221    3454  3453  3219  3462
10222    3454  3219  3220  3463
10223    3454  3219  3463  3462
10224    3436  3452  3455  3445
10225    3436  3455  3439  3445
10226    3452  3455  3445  3461
10227    3455  3439  3445  3448
10228    3455  3445  3461  3464
10229    3455  3445  3464  3448
10230    3452  3453  3456  3461
10231    3452  3456  3455  3461
10232    3453  3456  3461  3462
10233    3456  3455  3461  3464
10234    3456  3461  3462  3465
10235    3456  3461  3465  3464
10236    3453  3454  3457  3462
10237    3453  3457  3456  3462
10238    3454  3457  3462  3463
10239    3457  3456  3462  3465
10240    3457  3462  3463  3466
10241    3457  3462  3466  3465
10242    3439  3455  3458  3448
10243    3439  3458  3442  3448
10244    3455  3458  3448  3464
10245    3458  3442  3448  3451
10246    3458  3448  3464  3467
10247    3458  3448  3467  3451
10248    3455  3456  3459  3464
10249    3455  3459  3458  3464
10250    3456  3459  3464  3465
10251    3459  3458  3464  3467
10252    3459  3464  3465  3468
10253    3459  3464  3468  3467
10254    3456  3457  3460  3465
10255    3456  3460  3459  3465
10256    3457  3460  3465  3466
10257    3460  3459  3465  3468
10258    3460  3465  3466  3469
10259    3460  3465  3469  3468
10260    3211  3227  3470  3220
10261    3211  3470  3454  3220
10262    3227  3470  3220  3236
10263    3470  3454  3220  3463
10264    3470  3220  3236  3479
10265    3470  3220  3479  3463
10266    3227  3228  3471  3236
10267    3227  3471  3470  3236
10268    3228  3471  3236  3237
10269    3471  3470  3236  3479
10270    3471  3236  3237  3480
10271    3471  3236  3480  3479
10272    3228  3229  3472  3237
10273    3228  3472  3471  3237
10274    3229  3472  3237  3238
10275    3472  3471  3237  3480
10276    3472  3237  3238  3481
10277    3472  3237  3481  3480
10278    3454  3470  3473  3463
10279    3454  3473  3457  3463
10280    3470  3473  3463  3479
10281    3473  3457  3463  3466
10282    3473  3463  3479  3482
10283    3473  3463  3482  3466
10284    3470  3471  3474  3479
10285    3470  3474  3473  3479
10286    3471  3474  3479  3480
10287    3474  3473  3479  3482
10288    3474  3479  3480  3483
10289    3474  3479  3483  3482
10290    3471  3472  3475  3480
10291    3471  3475  3474  3480
10292    3472  3475  3480  3481
10293    3475  3474  3480  3483
10294    3475  3480  3481  3484
10295    3475  3480  3484  3483
10296    3457  3473  3476  3466
10297    3457  3476  3460  3466
10298    3473  3476  3466  3482
10299    3476  3460  3466  3469
10300    3476  3466  3482  3485
10301    3476  3466  3485  3469
10302    3473  3474  3477  3482
10303    3473  3477  3476  3482
10304    3474  3477  3482  3483
10305    3477  3476  3482  3485
10306    3477  3482  3483  3486
10307    3477  3482  3486  3485
10308    3474  3475  3478  3483
10309    3474  3478  3477  3483
10310    3475  3478  3483  3484
10311    3478  3477  3483  3486
10312    3478  3483  3484  3487
10313    3478  3483  3487  3486
10314    3229  3243  3488  3238
10315    3229  3488  3472  3238
10316    3243  3488  3238  3249
10317    3488  3472  3238  3481
10318    3488  3238  3249  3494
10319    3488  3238  3494  3481
10320    3243  3244  3489  3249
10321    3243  3489  3488  3249
10322    3244  3489  3249  3250
10323    3489  3488  3249  3494
10324    3489  3249  3250  3495
10325    3489  3249  3495  3494
10326    3244  3128  3395  3250
10327    3244  3395  3489  3250
10328    3128  3395  3250  2996
10329    3395  3489  3250  3495
10330    3395  3250  2996  3263
10331    3395  3250  3263  3495
10332    3472  3488  3490  3481
10333    3472  3490  3475  3481
10334    3488  3490  3481  3494
10335    3490  3475  3481  3484
10336    3490  3481  3494  3496
10337    3490  3481  3496  3484
10338    3488  3489  3491  3494
10339    3488  3491  3490  3494
10340    3489  3491  3494  3495
10341    3491  3490  3494  3496
10342    3491  3494  3495  3497
10343    3491  3494  3497  3496
10344    3489  3395  3399  3495
10345    3489  3399  3491  3495
10346    3395  3399  3495  3263
10347    3399  3491  3495  3497
10348    3399  3495  3263  3267
10349    3399  3495  3267  3497
10350    3475  3490  3492  3484
10351    3475  3492  3478  3484
10352    3490  3492  3484  3496
10353    3492  3478  3484  3487
10354    3492  3484  3496  3498
10355    3492  3484  3498  3487
10356    3490  3491  3493  3496
10357    3490  3493  3492  3496
10358    3491  3493  3496  3497
10359    3493  3492  3496  3498
10360    3493  3496  3497  3499
10361    3493  3496  3499  3498
10362    3491  3399  3403  3497
10363    3491  3403  3493  3497
10364    3399  3403  3497  3267
10365    3403  3493  3497  3499
10366    3403  3497  3267  3271
10367    3403  3497  3271  3499
10368    3259  3260  3501  3271
10369    3259  3501  3500  3271
10370    3260  3501  3271  3272
10371    3501  3500  3271  3512
10372    3501  3271  3272  3513
10373    3501  3271  3513  3512
10374    3260  3261  3502  3272
10375    3260  3502  3501  3272
10376    3261  3502  3272  3273
10377    3502  3501  3272  3513
10378    3502  3272  3273  3514
10379    3502  3272  3514  3513
10380    3261  3262  3503  3273
10381    3261  3503  3502  3273
10382    3262  3503  3273  3274
10383    3503  3502  3273  3514
10384    3503  3273  3274  3515
10385    3503  3273  3515  3514
10386    3500  3501  3505  3512
10387    3500  3505  3504  3512
10388    3501  3505  3512  3513
10389    3505  3504  3512  3516
10390    3505  3512  3513  3517
10391    3505  3512  3517  3516
10392    3501  3502  3506  3513
10393    3501  3506  3505  3513
10394    3502  3506  3513  3514
10395    3506  3505  3513  3517
10396    3506  3513  3514  3518
10397    3506  3513  3518  3517
10398    3502  3503  3507  3514
10399    3502  3507  3506  3514
10400    3503  3507  3514  3515
10401    3507  3506  3514  3518
10402    3507  3514  3515  3519
10403    3507  3514  3519  3518
10404    3504  3505  3509  3516
10405    3504  3509  3508  3516
10406    3505  3509  3516  3517
10407    3509  3508  3516  3520
10408    3509  3516  3517  3521
10409    3509  3516  3521  3520
10410    3505  3506  3510  3517
10411    3505  3510  3509  3517
10412    3506  3510  3517  3518
10413    3510  3509  3517  3521
10414    3510  3517  3518  3522
10415    3510  3517  3522  3521
10416    3506  3507  3511  3518
10417    3506  3511  3510  3518
10418    3507  3511  3518  3519
10419    3511  3510  3518  3522
10420    3511  3518  3519  3523
10421    3511  3518  3523  3522
10422    3262  3281  3524  3274
10423    3262  3524  3503  3274
10424    3281  3524  3274  3290
10425    3524  3503  3274  3515
10426    3524  3274  3290  3533
10427    3524  3274  3533  3515
10428    3281  3282  3525  3290
10429    3281  3525  3524  3290
10430    3282  3525  3290  3291
10431    3525  3524  3290  3533
10432    3525  3290  3291  3534
10433    3525  3290  3534  3533
10434    3282  3283  3526  3291
10435    3282  3526  3525  3291
10436    3283  3526  3291  3292
10437    3526  3525  3291  3534
10438    3526  3291  3292  3535
10439    3526  3291  3535  3534
10440    3503  3524  3527  3515
10441    3503  3527  3507  3515
10442    3524  3527  3515  3533
10443    3527  3507  3515  3519
10444    3527  3515  3533  3536
10445    3527  3515  3536  3519
10446    3524  3525  3528  3533
10447    3524  3528  3527  3533
10448    3525  3528  3533  3534
10449    3528  3527  3533  3536
10450    3528  3533  3534  3537
10451    3528  3533  3537  3536
10452    3525  3526  3529  3534
10453    3525  3529  3528  3534
10454    3526  3529  3534  3535
10455    3529  3528  3534  3537
10456    3529  3534  3535  3538
10457    3529  3534  3538  3537
10458    3507  3527  3530  3519
10459    3507  3530  3511  3519
10460    3527  3530  3519  3536
10461    3530  3511  3519  3523
10462    3530  3519  3536  3539
10463    3530  3519  3539  3523
10464    3527  3528  3531  3536
10465    3527  3531  3530  3536
10466    3528  3531  3536  3537
10467    3531  3530  3536  3539
10468    3531  3536  3537  3540
10469    3531  3536  3540  3539
10470    3528  3529  3532  3537
10471    3528  3532  3531  3537
10472    3529  3532  3537  3538
10473    3532  3531  3537  3540
10474    3532  3537  3538  3541
10475    3532  3537  3541  3540
10476    3283  3299  3542  3292
10477    3283  3542  3526  3292
10478    3299  3542  3292  3308
10479    3542  3526  3292  3535
10480    3542  3292  3308  3551
10481    3542  3292  3551  3535
10482    3299  3300  3543  3308
10483    3299  3543  3542  3308
10484    3300  3543  3308  3309
10485    3543  3542  3308  3551
10486    3543  3308  3309  3552
10487    3543  3308  3552  3551
10488    3300  3301  3544  3309
10489    3300  3544  3543  3309
10490    3301  3544  3309  3310
10491    3544  3543  3309  3552
10492    3544  3309  3310  3553
10493    3544  3309  3553  3552
10494    3526  3542  3545  3535
10495    3526  3545  3529  3535
10496    3542  3545  3535  3551
10497    3545  3529  3535  3538
10498    3545  3535  3551  3554
10499    3545  3535  3554  3538
10500    3542  3543  3546  3551
10501    3542  3546  3545  3551
10502    3543  3546  3551  3552
10503    3546  3545  3551  3554
10504    3546  3551  3552  3555
10505    3546  3551  3555  3554
10506    3543  3544  3547  3552
10507    3543  3547  3546  3552
10508    3544  3547  3552  3553
10509    3547  3546  3552  3555
10510    3547  3552  3553  3556
10511    3547  3552  3556  3555
10512    3529  3545  3548  3538
10513    3529  3548  3532  3538
10514    3545  3548  3538  3554
10515    3548  3532  3538  3541
10516    3548  3538  3554  3557
10517    3548  3538  3557  3541
10518    3545  3546  3549  3554
10519    3545  3549  3548  3554
10520    3546  3549  3554  3555
10521    3549  3548  3554  3557
10522    3549  3554  3555  3558
10523    3549  3554  3558  3557
10524    3546  3547  3550  3555
10525    3546  3550  3549  3555
10526    3547  3550  3555  3556
10527    3550  3549  3555  3558
10528    3550  3555  3556  3559
10529    3550  3555  3559  3558
10530    3301  3317  3560  3310
10531    3301  3560  3544  3310
10532    3317  3560  3310  3326
10533    3560  3544  3310  3553
10534    3560  3310  3326  3569
10535    3560  3310  3569  3553
10536    3317  3318  3561  3326
10537    3317  3561  3560  3326
10538    3318  3561  3326  3327
10539    3561  3560  3326  3569
10540    3561  3326  3327  3570
10541    3561  3326  3570  3569
10542    3318  3319  3562  3327
10543    3318  3562  3561  3327
10544    3319  3562  3327  3328
10545    3562  3561  3327  3570
10546    3562  3327  3328  3571
10547    3562  3327  3571  3570
10548    3544  3560  3563  3553
10549    3544  3563  3547  3553
10550    3560  3563  3553  3569
10551    3563  3547  3553  3556
10552    3563  3553  3569  3572
10553    3563  3553  3572  3556
10554    3560  3561  3564  3569
10555    3560  3564  3563  3569
10556    3561  3564  3569  3570
10557    3564  3563  3569  3572
10558    3564  3569  3570  3573
10559    3564  3569  3573  3572
10560    3561  3562  3565  3570
10561    3561  3565  3564  3570
10562    3562  3565  3570  3571
10563    3565  3564  3570  3573
10564    3565  3570  3571  3574
10565    3565  3570  3574  3573
10566    3547  3563  3566  3556
10567    3547  3566  3550  3556
10568    3563  3566  3556  3572
10569    3566  3550  3556  3559
10570    3566  3556  3572  3575
10571    3566  3556  3575  3559
10572    3563  3564  3567  3572
10573    3563  3567  3566  3572
10574    3564  3567  3572  3573
10575    3567  3566  3572  3575
10576    3567  3572  3573  3576
10577    3567  3572  3576  3575
10578    3564  3565  3568  3573
10579    3564  3568  3567  3573
10580    3565  3568  3573  3574
10581    3568  3567  3573  3576
10582    3568  3573  3574  3577
10583    3568  3573  3577  3576
10584    3319  3335  3578  3328
10585    3319  3578  3562  3328
10586    3335  3578  3328  3344
10587    3578  3562  3328  3571
10588    3578  3328  3344  3587
10589    3578  3328  3587  3571
10590    3335  3336  3579  3344
10591    3335  3579  3578  3344
10592    3336  3579  3344  3345
10593    3579  3578  3344  3587
10594    3579  3344  3345  3588
10595    3579  3344  3588  3587
10596    3336  3337  3580  3345
10597    3336  3580  3579  3345
10598    3337  3580  3345  3346
10599    3580  3579  3345  3588
10600    3580  3345  3346  3589
10601    3580  3345  3589  3588
10602    3562  3578  3581  3571
10603    3562  3581  3565  3571
10604    3578  3581  3571  3587
10605    3581  3565  3571  3574
10606    3581  3571  3587  3590
10607    3581  3571  3590  3574
10608    3578  3579  3582  3587
10609    3578  3582  3581  3587
10610    3579  3582  3587  3588
10611    3582  3581  3587  3590
10612    3582  3587  3588  3591
10613    3582  3587  3591  3590
10614    3579  3580  3583  3588
10615    3579  3583  3582  3588
10616    3580  3583  3588  3589
10617    3583  3582  3588  3591
10618    3583  3588  3589  3592
10619    3583  3588  3592  3591
10620    3565  3581  3584  3574
10621    3565  3584  3568  3574
10622    3581  3584  3574  3590
10623    3584  3568  3574  3577
10624    3584  3574  3590  3593
10625    3584  3574  3593  3577
10626    3581  3582  3585  3590
10627    3581  3585  3584  3590
10628    3582  3585  3590  3591
10629    3585  3584  3590  3593
10630    3585  3590  3591  3594
10631    3585  3590  3594  3593
10632    3582  3583  3586  3591
10633    3582  3586  3585  3591
10634    3583  3586  3591  3592
10635    3586  3585  3591  3594
10636    3586  3591  3592  3595
10637    3586  3591  3595  3594
10638    3337  3353  3596  3346
10639    3337  3596  3580  3346
10640    3353  3596  3346  3362
10641    3596  3580  3346  3589
10642    3596  3346  3362  3605
10643    3596  3346  3605  3589
10644    3353  3354  3597  3362
10645    3353  3597  3596  3362
10646    3354  3597  3362  3363
10647    3597  3596  3362  3605
10648    3597  3362  3363  3606
10649    3597  3362  3606  3605
10650    3354  3355  3598  3363
10651    3354  3598  3597  3363
10652    3355  3598  3363  3364
10653    3598  3597  3363  3606
10654    3598  3363  3364  3607
10655    3598  3363  3607  3606
10656    3580  3596  3599  3589
10657    3580  3599  3583  3589
10658    3596  3599  3589  3605
10659    3599  3583  3589  3592
10660    3599  3589  3605  3608
10661    3599  3589  3608  3592
10662    3596  3597  3600  3605
10663    3596  3600  3599  3605
10664    3597  3600  3605  3606
10665    3600  3599  3605  3608
10666    3600  3605  3606  3609
10667    3600  3605  3609  3608
10668    3597  3598  3601  3606
10669    3597  3601  3600  3606
10670    3598  3601  3606  3607
10671    3601  3600  3606  3609
10672    3601  3606  3607  3610
10673    3601  3606  3610  3609
10674    3583  3599  3602  3592
10675    3583  3602  3586  3592
10676    3599  3602  3592  3608
10677    3602  3586  3592  3595
10678    3602  3592  3608  3611
10679    3602  3592  3611  3595
10680    3599  3600  3603  3608
10681    3599  3603  3602  3608
10682    3600  3603  3608  3609
10683    3603  3602  3608  3611
10684    3603  3608  3609  3612
10685    3603  3608  3612  3611
10686    3600  3601  3604  3609
10687    3600  3604  3603  3609
10688    3601  3604  3609  3610
10689    3604  3603  3609  3612
10690    3604  3609  3610  3613
10691    3604  3609  3613  3612
10692    3355  3371  3614  3364
10693    3355  3614  3598  3364
10694    3371  3614  3364  3380
10695    3614  3598  3364  3607
10696    3614  3364  3380  3623
10697    3614  3364  3623  3607
10698    3371  3372  3615  3380
10699    3371  3615  3614  3380
10700    3372  3615  3380  3381
10701    3615  3614  3380  3623
10702    3615  3380  3381  3624
10703    3615  3380  3624  3623
10704    3372  3373  3616  3381
10705    3372  3616  3615  3381
10706    3373  3616  3381  3382
10707    3616  3615  3381  3624
10708    3616  3381  3382  3625
10709    3616  3381  3625  3624
10710    3598  3614  3617  3607
10711    3598  3617  3601  3607
10712    3614  3617  3607  3623
10713    3617  3601  3607  3610
10714    3617  3607  3623  3626
10715    3617  3607  3626  3610
10716    3614  3615  3618  3623
10717    3614  3618  3617  3623
10718    3615  3618  3623  3624
10719    3618  3617  3623  3626
10720    3618  3623  3624  3627
10721    3618  3623  3627  3626
10722    3615  3616  3619  3624
10723    3615  3619  3618  3624
10724    3616  3619  3624  3625
10725    3619  3618  3624  3627
10726    3619  3624  3625  3628
10727    3619  3624  3628  3627
10728    3601  3617  3620  3610
10729    3601  3620  3604  3610
10730    3617  3620  3610  3626
10731    3620  3604  3610  3613
10732    3620  3610  3626  3629
10733    3620  3610  3629  3613
10734    3617  3618  3621  3626
10735    3617  3621  3620  3626
10736    3618  3621  3626  3627
10737    3621  3620  3626  3629
10738    3621  3626  3627  3630
10739    3621  3626  3630  3629
10740    3618  3619  3622  3627
10741    3618  3622  3621  3627
10742    3619  3622  3627  3628
10743    3622  3621  3627  3630
10744    3622  3627  3628  3631
10745    3622  3627  3631  3630
10746    3373  3387  3632  3382
10747    3373  3632  3616  3382
10748    3387  3632  3382  3393
10749    3632  3616  3382  3625
10750    3632  3382  3393  3638
10751    3632  3382  3638  3625
10752    3387  3388  3633  3393
10753    3387  3633  3632  3393
10754    3388  3633  3393  3394
10755    3633  3632  3393  3638
10756    3633  3393  3394  3639
10757    3633  3393  3639  3638
10758    3388  3259  3500  3394
10759    3388  3500  3633  3394
10760    3259  3500  3394  3271
10761    3500  3633  3394  3639
10762    3500  3394  3271  3512
10763    3500  3394  3512  3639
10764    3616  3632  3634  3625
10765    3616  3634  3619  3625
10766    3632  3634  3625  3638
10767    3634  3619  3625  3628
10768    3634  3625  3638  3640
10769    3634  3625  3640  3628
10770    3632  3633  3635  3638
10771    3632  3635  3634  3638
10772    3633  3635  3638  3639
10773    3635  3634  3638  3640
10774    3635  3638  3639  3641
10775    3635  3638  3641  3640
10776    3633  3500  3504  3639
10777    3633  3504  3635  3639
10778    3500  3504  3639  3512
10779    3504  3635  3639  3641
10780    3504  3639  3512  3516
10781    3504  3639  3516  3641
10782    3619  3634  3636  3628
10783    3619  3636  3622  3628
10784    3634  3636  3628  3640
10785    3636  3622  3628  3631
10786    3636  3628  3640  3642
10787    3636  3628  3642  3631
10788    3634  3635  3637  3640
10789    3634  3637  3636  3640
10790    3635  3637  3640  3641
10791    3637  3636  3640  3642
10792    3637  3640  3641  3643
10793    3637  3640  3643  3642
10794    3635  3504  3508  3641
10795    3635  3508  3637  3641
10796    3504  3508  3641  3516
10797    3508  3637  3641  3643
10798    3508  3641  3516  3520
10799    3508  3641  3520  3643
10800    3403  3404  3645  3271
10801    3403  3645  3644  3271
10802    3404  3645  3271  3394
10803    3645  3644  3271  3512
10804    3645  3271  3394  3639
10805    3645  3271  3639  3512
10806    3404  3405  3646  3394
10807    3404  3646  3645  3394
10808    3405  3646  3394  3393
10809    3646  3645  3394  3639
10810    3646  3394  3393  3638
10811    3646  3394  3638  3639
10812    3405  3406  3647  3393
10813    3405  3647  3646  3393
10814    3406  3647  3393  3382
10815    3647  3646  3393  3638
10816    3647  3393  3382  3625
10817    3647  3393  3625  3638
10818    3644  3645  3649  3512
10819    3644  3649  3648  3512
10820    3645  3649  3512  3639
10821    3649  3648  3512  3516
10822    3649  3512  3639  3641
10823    3649  3512  3641  3516
10824    3645  3646  3650  3639
10825    3645  3650  3649  3639
10826    3646  3650  3639  3638
10827    3650  3649  3639  3641
10828    3650  3639  3638  3640
10829    3650  3639  3640  3641
10830    3646  3647  3651  3638
10831    3646  3651  3650  3638
10832    3647  3651  3638  3625
10833    3651  3650  3638  3640
10834    3651  3638  3625  3628
10835    3651  3638  3628  3640
10836    3648  3649  3653  3516
10837    3648  3653  3652  3516
10838    3649  3653  3516  3641
10839    3653  3652  3516  3520
10840    3653  3516  3641  3643
10841    3653  3516  3643  3520
10842    3649  3650  3654  3641
10843    3649  3654  3653  3641
10844    3650  3654  3641  3640
10845    3654  3653  3641  3643
10846    3654  3641  3640  3642
10847    3654  3641  3642  3643
10848    3650  3651  3655  3640
10849    3650  3655  3654  3640
10850    3651  3655  3640  3628
10851    3655  3654  3640  3642
10852    3655  3640  3628  3631
10853    3655  3640  3631  3642
10854    3406  3413  3656  3382
10855    3406  3656  3647  3382
10856    3413  3656  3382  3381
10857    3656  3647  3382  3625
10858    3656  3382  3381  3624
10859    3656  3382  3624  3625
10860    3413  3414  3657  3381
10861    3413  3657  3656  3381
10862    3414  3657  3381  3380
10863    3657  3656  3381  3624
10864    3657  3381  3380  3623
10865    3657  3381  3623  3624
10866    3414  3415  3658  3380
10867    3414  3658  3657  3380
10868    3415  3658  3380  3364
10869    3658  3657  3380  3623
10870    3658  3380  3364  3607
10871    3658  3380  3607  3623
10872    3647  3656  3659  3625
10873    3647  3659  3651  3625
10874    3656  3659  3625  3624
10875    3659  3651  3625  3628
10876    3659  3625  3624  3627
10877    3659  3625  3627  3628
10878    3656  3657  3660  3624
10879    3656  3660  3659  3624
10880    3657  3660  3624  3623
10881    3660  3659  3624  3627
10882    3660  3624  3623  3626
10883    3660  3624  3626  3627
10884    3657  3658  3661  3623
10885    3657  3661  3660  3623
10886    3658  3661  3623  3607
10887    3661  3660  3623  3626
10888    3661  3623  3607  3610
10889    3661  3623  3610  3626
10890    3651  3659  3662  3628
10891    3651  3662  3655  3628
10892    3659  3662  3628  3627
10893    3662  3655  3628  3631
10894    3662  3628  3627  3630
10895    3662  3628  3630  3631
10896    3659  3660  3663  3627
10897    3659  3663  3662  3627
10898    3660  3663  3627  3626
10899    3663  3662  3627  3630
10900    3663  3627  3626  3629
10901    3663  3627  3629  3630
10902    3660  3661  3664  3626
10903    3660  3664  3663  3626
10904    3661  3664  3626  3610
10905    3664  3663  3626  3629
10906    3664  3626  3610  3613
10907    3664  3626  3613  3629
10908    3415  3422  3665  3364
10909    3415  3665  3658  3364
10910    3422  3665  3364  3363
10911    3665  3658  3364  3607
10912    3665  3364  3363  3606
10913    3665  3364  3606  3607
10914    3422  3423  3666  3363
10915    3422  3666  3665  3363
10916    3423  3666  3363  3362
10917    3666  3665  3363  3606
10918    3666  3363  3362  3605
10919    3666  3363  3605  3606
10920    3423  3424  3667  3362
10921    3423  3667  3666  3362
10922    3424  3667  3362  3346
10923    3667  3666  3362  3605
10924    3667  3362  3346  3589
10925    3667  3362  3589  3605
10926    3658  3665  3668  3607
10927    3658  3668  3661  3607
10928    3665  3668  3607  3606
10929    3668  3661  3607  3610
10930    3668  3607  3606  3609
10931    3668  3607  3609  3610
10932    3665  3666  3669  3606
10933    3665  3669  3668  3606
10934    3666  3669  3606  3605
10935    3669  3668  3606  3609
10936    3669  3606  3605  3608
10937    3669  3606  3608  3609
10938    3666  3667  3670  3605
10939    3666  3670  3669  3605
10940    3667  3670  3605  3589
10941    3670  3669  3605  3608
10942    3670  3605  3589  3592
10943    3670  3605  3592  3608
10944    3661  3668  3671  3610
10945    3661  3671  3664  3610
10946    3668  3671  3610  3609
10947    3671  3664  3610  3613
10948    3671  3610  3609  3612
10949    3671  3610  3612  3613
10950    3668  3669  3672  3609
10951    3668  3672  3671  3609
10952    3669  3672  3609  3608
10953    3672  3671  3609  3612
10954    3672  3609  3608  3611
10955    3672  3609  3611  3612
10956    3669  3670  3673  3608
10957    3669  3673  3672  3608
10958    3670  3673  3608  3592
10959    3673  3672  3608  3611
10960    3673  3608  3592  3595
10961    3673  3608  3595  3611
10962    3424  3431  3674  3346
10963    3424  3674  3667  3346
10964    3431  3674  3346  3345
10965    3674  3667  3346  3589
10966    3674  3346  3345  3588
10967    3674  3346  3588  3589
10968    3431  3432  3675  3345
10969    3431  3675  3674  3345
10970    3432  3675  3345  3344
10971    3675  3674  3345  3588
10972    3675  3345  3344  3587
10973    3675  3345  3587  3588
10974    3432  3433  3676  3344
10975    3432  3676  3675  3344
10976    3433  3676  3344  3328
10977    3676  3675  3344  3587
10978    3676  3344  3328  3571
10979    3676  3344  3571  3587
10980    3667  3674  3677  3589
10981    3667  3677  3670  3589
10982    3674  3677  3589  3588
10983    3677  3670  3589  3592
10984    3677  3589  3588  3591
10985    3677  3589  3591  3592
10986    3674  3675  3678  3588
10987    3674  3678  3677  3588
10988    3675  3678  3588  3587
10989    3678  3677  3588  3591
10990    3678  3588  3587  3590
10991    3678  3588  3590  3591
10992    3675  3676  3679  3587
10993    3675  3679  3678  3587
10994    3676  3679  3587  3571
10995    3679  3678  3587  3590
10996    3679  3587  3571  3574
10997    3679  3587  3574  3590
10998    3670  3677  3680  3592
10999    3670  3680  3673  3592
11000    3677  3680  3592  3591
11001    3680  3673  3592  3595
11002    3680  3592  3591  3594
11003    3680  3592  3594  3595
11004    3677  3678  3681  3591
11005    3677  3681  3680  3591
11006    3678  3681  3591  3590
11007    3681  3680  3591  3594
11008    3681  3591  3590  3593
11009    3681  3591  3593  3594
11010    3678  3679  3682  3590
11011    3678  3682  3681  3590
11012    3679  3682  3590  3574
11013    3682  3681  3590  3593
11014    3682  3590  3574  3577
11015    3682  3590  3577  3593
11016    3433  3440  3683  3328
11017    3433  3683  3676  3328
11018    3440  3683  3328  3449
11019    3683  3676  3328  3571
11020    3683  3328  3449  3692
11021    3683  3328  3692  3571
11022    3440  3441  3684  3449
11023    3440  3684  3683  3449
11024    3441  3684  3449  3450
11025    3684  3683  3449  3692
11026    3684  3449  3450  3693
11027    3684  3449  3693  3692
11028    3441  3442  3685  3450
11029    3441  3685  3684  3450
11030    3442  3685  3450  3451
11031    3685  3684  3450  3693
11032    3685  3450  3451  3694
11033    3685  3450  3694  3693
11034    3676  3683  3686  3571
11035    3676  3686  3679  3571
11036    3683  3686  3571  3692
11037    3686  3679  3571  3574
11038    3686  3571  3692  3695
11039    3686  3571  3695  3574
11040    3683  3684  3687  3692
11041    3683  3687  3686  3692
11042    3684  3687  3692  3693
11043    3687  3686  3692  3695
11044    3687  3692  3693  3696
11045    3687  3692  3696  3695
11046    3684  3685  3688  3693
11047    3684  3688  3687  3693
11048    3685  3688  3693  3694
11049    3688  3687  3693  3696
11050    3688  3693  3694  3697
11051    3688  3693  3697  3696
11052    3679  3686  3689  3574
11053    3679  3689  3682  3574
11054    3686  3689  3574  3695
11055    3689  3682  3574  3577
11056    3689  3574  3695  3698
11057    3689  3574  3698  3577
11058    3686  3687  3690  3695
11059    3686  3690  3689  3695
11060    3687  3690  3695  3696
11061    3690  3689  3695  3698
11062    3690  3695  3696  3699
11063    3690  3695  3699  3698
11064    3687  3688  3691  3696
11065    3687  3691  3690  3696
11066    3688  3691  3696  3697
11067    3691  3690  3696  3699
11068    3691  3696  3697  3700
11069    3691  3696  3700  3699
11070    3442  3458  3701  3451
11071    3442  3701  3685  3451
11072    3458  3701  3451  3467
11073    3701  3685  3451  3694
11074    3701  3451  3467  3710
11075    3701  3451  3710  3694
11076    3458  3459  3702  3467
11077    3458  3702  3701  3467
11078    3459  3702  3467  3468
11079    3702  3701  3467  3710
11080    3702  3467  3468  3711
11081    3702  3467  3711  3710
11082    3459  3460  3703  3468
11083    3459  3703  3702  3468
11084    3460  3703  3468  3469
11085    3703  3702  3468  3711
11086    3703  3468  3469  3712
11087    3703  3468  3712  3711
11088    3685  3701  3704  3694
11089    3685  3704  3688  3694
11090    3701  3704  3694  3710
11091    3704  3688  3694  3697
11092    3704  3694  3710  3713
11093    3704  3694  3713  3697
11094    3701  3702  3705  3710
11095    3701  3705  3704  3710
11096    3702  3705  3710  3711
11097    3705  3704  3710  3713
11098    3705  3710  3711  3714
11099    3705  3710  3714  3713
11100    3702  3703  3706  3711
11101    3702  3706  3705  3711
11102    3703  3706  3711  3712
11103    3706  3705  3711  3714
11104    3706  3711  3712  3715
11105    3706  3711  3715  3714
11106    3688  3704  3707  3697
11107    3688  3707  3691  3697
11108    3704  3707  3697  3713
11109    3707  3691  3697  3700
11110    3707  3697  3713  3716
11111    3707  3697  3716  3700
11112    3704  3705  3708  3713
11113    3704  3708  3707  3713
11114    3705  3708  3713  3714
11115    3708  3707  3713  3716
11116    3708  3713  3714  3717
11117    3708  3713  3717  3716
11118    3705  3706  3709  3714
11119    3705  3709  3708  3714
11120    3706  3709  3714  3715
11121    3709  3708  3714  3717
11122    3709  3714  3715  3718
11123    3709  3714  3718  3717
11124    3460  3476  3719  3469
11125    3460  3719  3703  3469
11126    3476  3719  3469  3485
11127    3719  3703  3469  3712
11128    3719  3469  3485  3728
11129    3719  3469  3728  3712
11130    3476  3477  3720  3485
11131    3476  3720  3719  3485
11132    3477  3720  3485  3486
11133    3720  3719  3485  3728
11134    3720  3485  3486  3729
11135    3720  3485  3729  3728
11136    3477  3478  3721  3486
11137    3477  3721  3720  3486
11138    3478  3721  3486  3487
11139    3721  3720  3486  3729
11140    3721  3486  3487  3730
11141    3721  3486  3730  3729
11142    3703  3719  3722  3712
11143    3703  3722  3706  3712
11144    3719  3722  3712  3728
11145    3722  3706  3712  3715
11146    3722  3712  3728  3731
11147    3722  3712  3731  3715
11148    3719  3720  3723  3728
11149    3719  3723  3722  3728
11150    3720  3723  3728  3729
11151    3723  3722  3728  3731
11152    3723  3728  3729  3732
11153    3723  3728  3732  3731
11154    3720  3721  3724  3729
11155    3720  3724  3723  3729
11156    3721  3724  3729  3730
11157    3724  3723  3729  3732
11158    3724  3729  3730  3733
11159    3724  3729  3733  3732
11160    3706  3722  3725  3715
11161    3706  3725  3709  3715
11162    3722  3725  3715  3731
11163    3725  3709  3715  3718
11164    3725  3715  3731  3734
11165    3725  3715  3734  3718
11166    3722  3723  3726  3731
11167    3722  3726  3725  3731
11168    3723  3726  3731  3732
11169    3726  3725  3731  3734
11170    3726  3731  3732  3735
11171    3726  3731  3735  3734
11172    3723  3724  3727  3732
11173    3723  3727  3726  3732
11174    3724  3727  3732  3733
11175    3727  3726  3732  3735
11176    3727  3732  3733  3736
11177    3727  3732  3736  3735
11178    3478  3492  3737  3487
11179    3478  3737  3721  3487
11180    3492  3737  3487  3498
11181    3737  3721  3487  3730
11182    3737  3487  3498  3743
11183    3737  3487  3743  3730
11184    3492  3493  3738  3498
11185    3492  3738  3737  3498
11186    3493  3738  3498  3499
11187    3738  3737  3498  3743
11188    3738  3498  3499  3744
11189    3738  3498  3744  3743
11190    3493  3403  3644  3499
11191    3493  3644  3738  3499
11192    3403  3644  3499  3271
11193    3644  3738  3499  3744
11194    3644  3499  3271  3512
11195    3644  3499  3512  3744
11196    3721  3737  3739  3730
11197    3721  3739  3724  3730
11198    3737  3739  3730  3743
11199    3739  3724  3730  3733
11200    3739  3730  3743  3745
11201    3739  3730  3745  3733
11202    3737  3738  3740  3743
11203    3737  3740  3739  3743
11204    3738  3740  3743  3744
11205    3740  3739  3743  3745
11206    3740  3743  3744  3746
11207    3740  3743  3746  3745
11208    3738  3644  3648  3744
11209    3738  3648  3740  3744
11210    3644  3648  3744  3512
11211    3648  3740  3744  3746
11212    3648  3744  3512  3516
11213    3648  3744  3516  3746
11214    3724  3739  3741  3733
11215    3724  3741  3727  3733
11216    3739  3741  3733  3745
11217    3741  3727  3733  3736
11218    3741  3733  3745  3747
11219    3741  3733  3747  3736
11220    3739  3740  3742  3745
11221    3739  3742  3741  3745
11222    3740  3742  3745  3746
11223    3742  3741  3745  3747
11224    3742  3745  3746  3748
11225    3742  3745  3748  3747
11226    3740  3648  3652  3746
11227    3740  3652  3742  3746
11228    3648  3652  3746  3516
11229    3652  3742  3746  3748
11230    3652  3746  3516  3520
11231    3652  3746  3520  3748
# Generated by tetgen -rk uterus_scaffold_5.ele 
