4992  4  0
    0       0     1     3     6
    1       2     0     3     6
    2       1     3     6     7
    3       3     2     6     8
    4       3     6     7     9
    5       6     3     8     9
    6       2     3     5     8
    7       4     2     5     8
    8       3     5     8     9
    9       5     4     8    10
   10       5     8     9    11
   11       8     5    10    11
   12       1    12    13     7
   13       3     1    13     7
   14      12    13     7    15
   15      13     3     7     9
   16      13     7    15    16
   17       7    13     9    16
   18       3    13    14     9
   19       5     3    14     9
   20      13    14     9    16
   21      14     5     9    11
   22      14     9    16    17
   23       9    14    11    17
   24      12    18    19    15
   25      13    12    19    15
   26      18    19    15    21
   27      19    13    15    16
   28      19    15    21    22
   29      15    19    16    22
   30      13    19    20    16
   31      14    13    20    16
   32      19    20    16    22
   33      20    14    16    17
   34      20    16    22    23
   35      16    20    17    23
   36      18    24    25    21
   37      19    18    25    21
   38      24    25    21    27
   39      25    19    21    22
   40      25    21    27    28
   41      21    25    22    28
   42      19    25    26    22
   43      20    19    26    22
   44      25    26    22    28
   45      26    20    22    23
   46      26    22    28    29
   47      22    26    23    29
   48      24    30    31    27
   49      25    24    31    27
   50      30    31    27    33
   51      31    25    27    28
   52      31    27    33    34
   53      27    31    28    34
   54      25    31    32    28
   55      26    25    32    28
   56      31    32    28    34
   57      32    26    28    29
   58      32    28    34    35
   59      28    32    29    35
   60      30    36    37    33
   61      31    30    37    33
   62      36    37    33    39
   63      37    31    33    34
   64      37    33    39    40
   65      33    37    34    40
   66      31    37    38    34
   67      32    31    38    34
   68      37    38    34    40
   69      38    32    34    35
   70      38    34    40    41
   71      34    38    35    41
   72      36    42    43    39
   73      37    36    43    39
   74      42    43    39    45
   75      43    37    39    40
   76      43    39    45    46
   77      39    43    40    46
   78      37    43    44    40
   79      38    37    44    40
   80      43    44    40    46
   81      44    38    40    41
   82      44    40    46    47
   83      40    44    41    47
   84      42     0     2    45
   85      43    42     2    45
   86       0     2    45     6
   87       2    43    45    46
   88       2    45     6     8
   89      45     2    46     8
   90      43     2     4    46
   91      44    43     4    46
   92       2     4    46     8
   93       4    44    46    47
   94       4    46     8    10
   95      46     4    47    10
   96       6     7     9    48
   97       8     6     9    48
   98       7     9    48    49
   99       9     8    48    50
  100       9    48    49    51
  101      48     9    50    51
  102       8     9    11    50
  103      10     8    11    50
  104       9    11    50    51
  105      11    10    50    52
  106      11    50    51    53
  107      50    11    52    53
  108       7    15    16    49
  109       9     7    16    49
  110      15    16    49    54
  111      16     9    49    51
  112      16    49    54    55
  113      49    16    51    55
  114       9    16    17    51
  115      11     9    17    51
  116      16    17    51    55
  117      17    11    51    53
  118      17    51    55    56
  119      51    17    53    56
  120      15    21    22    54
  121      16    15    22    54
  122      21    22    54    57
  123      22    16    54    55
  124      22    54    57    58
  125      54    22    55    58
  126      16    22    23    55
  127      17    16    23    55
  128      22    23    55    58
  129      23    17    55    56
  130      23    55    58    59
  131      55    23    56    59
  132      21    27    28    57
  133      22    21    28    57
  134      27    28    57    60
  135      28    22    57    58
  136      28    57    60    61
  137      57    28    58    61
  138      22    28    29    58
  139      23    22    29    58
  140      28    29    58    61
  141      29    23    58    59
  142      29    58    61    62
  143      58    29    59    62
  144      27    33    34    60
  145      28    27    34    60
  146      33    34    60    63
  147      34    28    60    61
  148      34    60    63    64
  149      60    34    61    64
  150      28    34    35    61
  151      29    28    35    61
  152      34    35    61    64
  153      35    29    61    62
  154      35    61    64    65
  155      61    35    62    65
  156      33    39    40    63
  157      34    33    40    63
  158      39    40    63    66
  159      40    34    63    64
  160      40    63    66    67
  161      63    40    64    67
  162      34    40    41    64
  163      35    34    41    64
  164      40    41    64    67
  165      41    35    64    65
  166      41    64    67    68
  167      64    41    65    68
  168      39    45    46    66
  169      40    39    46    66
  170      45    46    66    69
  171      46    40    66    67
  172      46    66    69    70
  173      66    46    67    70
  174      40    46    47    67
  175      41    40    47    67
  176      46    47    67    70
  177      47    41    67    68
  178      47    67    70    71
  179      67    47    68    71
  180      45     6     8    69
  181      46    45     8    69
  182       6     8    69    48
  183       8    46    69    70
  184       8    69    48    50
  185      69     8    70    50
  186      46     8    10    70
  187      47    46    10    70
  188       8    10    70    50
  189      10    47    70    71
  190      10    70    50    52
  191      70    10    71    52
  192       4     5    73    10
  193      72     4    73    10
  194       5    73    10    11
  195      73    72    10    76
  196      73    10    11    77
  197      10    73    76    77
  198      72    73    75    76
  199      74    72    75    76
  200      73    75    76    77
  201      75    74    76    78
  202      75    76    77    79
  203      76    75    78    79
  204       5    14    80    11
  205      73     5    80    11
  206      14    80    11    17
  207      80    73    11    77
  208      80    11    17    82
  209      11    80    77    82
  210      73    80    81    77
  211      75    73    81    77
  212      80    81    77    82
  213      81    75    77    79
  214      81    77    82    83
  215      77    81    79    83
  216      14    20    84    17
  217      80    14    84    17
  218      20    84    17    23
  219      84    80    17    82
  220      84    17    23    86
  221      17    84    82    86
  222      80    84    85    82
  223      81    80    85    82
  224      84    85    82    86
  225      85    81    82    83
  226      85    82    86    87
  227      82    85    83    87
  228      20    26    88    23
  229      84    20    88    23
  230      26    88    23    29
  231      88    84    23    86
  232      88    23    29    90
  233      23    88    86    90
  234      84    88    89    86
  235      85    84    89    86
  236      88    89    86    90
  237      89    85    86    87
  238      89    86    90    91
  239      86    89    87    91
  240      26    32    92    29
  241      88    26    92    29
  242      32    92    29    35
  243      92    88    29    90
  244      92    29    35    94
  245      29    92    90    94
  246      88    92    93    90
  247      89    88    93    90
  248      92    93    90    94
  249      93    89    90    91
  250      93    90    94    95
  251      90    93    91    95
  252      32    38    96    35
  253      92    32    96    35
  254      38    96    35    41
  255      96    92    35    94
  256      96    35    41    98
  257      35    96    94    98
  258      92    96    97    94
  259      93    92    97    94
  260      96    97    94    98
  261      97    93    94    95
  262      97    94    98    99
  263      94    97    95    99
  264      38    44   100    41
  265      96    38   100    41
  266      44   100    41    47
  267     100    96    41    98
  268     100    41    47   102
  269      41   100    98   102
  270      96   100   101    98
  271      97    96   101    98
  272     100   101    98   102
  273     101    97    98    99
  274     101    98   102   103
  275      98   101    99   103
  276      44     4    72    47
  277     100    44    72    47
  278       4    72    47    10
  279      72   100    47   102
  280      72    47    10    76
  281      47    72   102    76
  282     100    72    74   102
  283     101   100    74   102
  284      72    74   102    76
  285      74   101   102   103
  286      74   102    76    78
  287     102    74   103    78
  288      10    11    77    52
  289      76    10    77    52
  290      11    77    52    53
  291      77    76    52   104
  292      77    52    53   105
  293      52    77   104   105
  294      76    77    79   104
  295      78    76    79   104
  296      77    79   104   105
  297      79    78   104   106
  298      79   104   105   107
  299     104    79   106   107
  300      11    17    82    53
  301      77    11    82    53
  302      17    82    53    56
  303      82    77    53   105
  304      82    53    56   108
  305      53    82   105   108
  306      77    82    83   105
  307      79    77    83   105
  308      82    83   105   108
  309      83    79   105   107
  310      83   105   108   109
  311     105    83   107   109
  312      17    23    86    56
  313      82    17    86    56
  314      23    86    56    59
  315      86    82    56   108
  316      86    56    59   110
  317      56    86   108   110
  318      82    86    87   108
  319      83    82    87   108
  320      86    87   108   110
  321      87    83   108   109
  322      87   108   110   111
  323     108    87   109   111
  324      23    29    90    59
  325      86    23    90    59
  326      29    90    59    62
  327      90    86    59   110
  328      90    59    62   112
  329      59    90   110   112
  330      86    90    91   110
  331      87    86    91   110
  332      90    91   110   112
  333      91    87   110   111
  334      91   110   112   113
  335     110    91   111   113
  336      29    35    94    62
  337      90    29    94    62
  338      35    94    62    65
  339      94    90    62   112
  340      94    62    65   114
  341      62    94   112   114
  342      90    94    95   112
  343      91    90    95   112
  344      94    95   112   114
  345      95    91   112   113
  346      95   112   114   115
  347     112    95   113   115
  348      35    41    98    65
  349      94    35    98    65
  350      41    98    65    68
  351      98    94    65   114
  352      98    65    68   116
  353      65    98   114   116
  354      94    98    99   114
  355      95    94    99   114
  356      98    99   114   116
  357      99    95   114   115
  358      99   114   116   117
  359     114    99   115   117
  360      41    47   102    68
  361      98    41   102    68
  362      47   102    68    71
  363     102    98    68   116
  364     102    68    71   118
  365      68   102   116   118
  366      98   102   103   116
  367      99    98   103   116
  368     102   103   116   118
  369     103    99   116   117
  370     103   116   118   119
  371     116   103   117   119
  372      47    10    76    71
  373     102    47    76    71
  374      10    76    71    52
  375      76   102    71   118
  376      76    71    52   104
  377      71    76   118   104
  378     102    76    78   118
  379     103   102    78   118
  380      76    78   118   104
  381      78   103   118   119
  382      78   118   104   106
  383     118    78   119   106
  384      74    75   121    78
  385     120    74   121    78
  386      75   121    78    79
  387     121   120    78   124
  388     121    78    79   125
  389      78   121   124   125
  390     120   121   123   124
  391     122   120   123   124
  392     121   123   124   125
  393     123   122   124   126
  394     123   124   125   127
  395     124   123   126   127
  396      75    81   128    79
  397     121    75   128    79
  398      81   128    79    83
  399     128   121    79   125
  400     128    79    83   130
  401      79   128   125   130
  402     121   128   129   125
  403     123   121   129   125
  404     128   129   125   130
  405     129   123   125   127
  406     129   125   130   131
  407     125   129   127   131
  408      81    85   132    83
  409     128    81   132    83
  410      85   132    83    87
  411     132   128    83   130
  412     132    83    87   134
  413      83   132   130   134
  414     128   132   133   130
  415     129   128   133   130
  416     132   133   130   134
  417     133   129   130   131
  418     133   130   134   135
  419     130   133   131   135
  420      85    89   136    87
  421     132    85   136    87
  422      89   136    87    91
  423     136   132    87   134
  424     136    87    91   138
  425      87   136   134   138
  426     132   136   137   134
  427     133   132   137   134
  428     136   137   134   138
  429     137   133   134   135
  430     137   134   138   139
  431     134   137   135   139
  432      89    93   140    91
  433     136    89   140    91
  434      93   140    91    95
  435     140   136    91   138
  436     140    91    95   142
  437      91   140   138   142
  438     136   140   141   138
  439     137   136   141   138
  440     140   141   138   142
  441     141   137   138   139
  442     141   138   142   143
  443     138   141   139   143
  444      93    97   144    95
  445     140    93   144    95
  446      97   144    95    99
  447     144   140    95   142
  448     144    95    99   146
  449      95   144   142   146
  450     140   144   145   142
  451     141   140   145   142
  452     144   145   142   146
  453     145   141   142   143
  454     145   142   146   147
  455     142   145   143   147
  456      97   101   148    99
  457     144    97   148    99
  458     101   148    99   103
  459     148   144    99   146
  460     148    99   103   150
  461      99   148   146   150
  462     144   148   149   146
  463     145   144   149   146
  464     148   149   146   150
  465     149   145   146   147
  466     149   146   150   151
  467     146   149   147   151
  468     101    74   120   103
  469     148   101   120   103
  470      74   120   103    78
  471     120   148   103   150
  472     120   103    78   124
  473     103   120   150   124
  474     148   120   122   150
  475     149   148   122   150
  476     120   122   150   124
  477     122   149   150   151
  478     122   150   124   126
  479     150   122   151   126
  480      78    79   125   106
  481     124    78   125   106
  482      79   125   106   107
  483     125   124   106   152
  484     125   106   107   153
  485     106   125   152   153
  486     124   125   127   152
  487     126   124   127   152
  488     125   127   152   153
  489     127   126   152   154
  490     127   152   153   155
  491     152   127   154   155
  492      79    83   130   107
  493     125    79   130   107
  494      83   130   107   109
  495     130   125   107   153
  496     130   107   109   156
  497     107   130   153   156
  498     125   130   131   153
  499     127   125   131   153
  500     130   131   153   156
  501     131   127   153   155
  502     131   153   156   157
  503     153   131   155   157
  504      83    87   134   109
  505     130    83   134   109
  506      87   134   109   111
  507     134   130   109   156
  508     134   109   111   158
  509     109   134   156   158
  510     130   134   135   156
  511     131   130   135   156
  512     134   135   156   158
  513     135   131   156   157
  514     135   156   158   159
  515     156   135   157   159
  516      87    91   138   111
  517     134    87   138   111
  518      91   138   111   113
  519     138   134   111   158
  520     138   111   113   160
  521     111   138   158   160
  522     134   138   139   158
  523     135   134   139   158
  524     138   139   158   160
  525     139   135   158   159
  526     139   158   160   161
  527     158   139   159   161
  528      91    95   142   113
  529     138    91   142   113
  530      95   142   113   115
  531     142   138   113   160
  532     142   113   115   162
  533     113   142   160   162
  534     138   142   143   160
  535     139   138   143   160
  536     142   143   160   162
  537     143   139   160   161
  538     143   160   162   163
  539     160   143   161   163
  540      95    99   146   115
  541     142    95   146   115
  542      99   146   115   117
  543     146   142   115   162
  544     146   115   117   164
  545     115   146   162   164
  546     142   146   147   162
  547     143   142   147   162
  548     146   147   162   164
  549     147   143   162   163
  550     147   162   164   165
  551     162   147   163   165
  552      99   103   150   117
  553     146    99   150   117
  554     103   150   117   119
  555     150   146   117   164
  556     150   117   119   166
  557     117   150   164   166
  558     146   150   151   164
  559     147   146   151   164
  560     150   151   164   166
  561     151   147   164   165
  562     151   164   166   167
  563     164   151   165   167
  564     103    78   124   119
  565     150   103   124   119
  566      78   124   119   106
  567     124   150   119   166
  568     124   119   106   152
  569     119   124   166   152
  570     150   124   126   166
  571     151   150   126   166
  572     124   126   166   152
  573     126   151   166   167
  574     126   166   152   154
  575     166   126   167   154
  576     122   123   169   126
  577     168   122   169   126
  578     123   169   126   127
  579     169   168   126   172
  580     169   126   127   173
  581     126   169   172   173
  582     168   169   171   172
  583     170   168   171   172
  584     169   171   172   173
  585     171   170   172   174
  586     171   172   173   175
  587     172   171   174   175
  588     123   129   176   127
  589     169   123   176   127
  590     129   176   127   131
  591     176   169   127   173
  592     176   127   131   178
  593     127   176   173   178
  594     169   176   177   173
  595     171   169   177   173
  596     176   177   173   178
  597     177   171   173   175
  598     177   173   178   179
  599     173   177   175   179
  600     129   133   180   131
  601     176   129   180   131
  602     133   180   131   135
  603     180   176   131   178
  604     180   131   135   182
  605     131   180   178   182
  606     176   180   181   178
  607     177   176   181   178
  608     180   181   178   182
  609     181   177   178   179
  610     181   178   182   183
  611     178   181   179   183
  612     133   137   184   135
  613     180   133   184   135
  614     137   184   135   139
  615     184   180   135   182
  616     184   135   139   186
  617     135   184   182   186
  618     180   184   185   182
  619     181   180   185   182
  620     184   185   182   186
  621     185   181   182   183
  622     185   182   186   187
  623     182   185   183   187
  624     137   141   188   139
  625     184   137   188   139
  626     141   188   139   143
  627     188   184   139   186
  628     188   139   143   190
  629     139   188   186   190
  630     184   188   189   186
  631     185   184   189   186
  632     188   189   186   190
  633     189   185   186   187
  634     189   186   190   191
  635     186   189   187   191
  636     141   145   192   143
  637     188   141   192   143
  638     145   192   143   147
  639     192   188   143   190
  640     192   143   147   194
  641     143   192   190   194
  642     188   192   193   190
  643     189   188   193   190
  644     192   193   190   194
  645     193   189   190   191
  646     193   190   194   195
  647     190   193   191   195
  648     145   149   196   147
  649     192   145   196   147
  650     149   196   147   151
  651     196   192   147   194
  652     196   147   151   198
  653     147   196   194   198
  654     192   196   197   194
  655     193   192   197   194
  656     196   197   194   198
  657     197   193   194   195
  658     197   194   198   199
  659     194   197   195   199
  660     149   122   168   151
  661     196   149   168   151
  662     122   168   151   126
  663     168   196   151   198
  664     168   151   126   172
  665     151   168   198   172
  666     196   168   170   198
  667     197   196   170   198
  668     168   170   198   172
  669     170   197   198   199
  670     170   198   172   174
  671     198   170   199   174
  672     126   127   173   154
  673     172   126   173   154
  674     127   173   154   155
  675     173   172   154   200
  676     173   154   155   201
  677     154   173   200   201
  678     172   173   175   200
  679     174   172   175   200
  680     173   175   200   201
  681     175   174   200   202
  682     175   200   201   203
  683     200   175   202   203
  684     127   131   178   155
  685     173   127   178   155
  686     131   178   155   157
  687     178   173   155   201
  688     178   155   157   204
  689     155   178   201   204
  690     173   178   179   201
  691     175   173   179   201
  692     178   179   201   204
  693     179   175   201   203
  694     179   201   204   205
  695     201   179   203   205
  696     131   135   182   157
  697     178   131   182   157
  698     135   182   157   159
  699     182   178   157   204
  700     182   157   159   206
  701     157   182   204   206
  702     178   182   183   204
  703     179   178   183   204
  704     182   183   204   206
  705     183   179   204   205
  706     183   204   206   207
  707     204   183   205   207
  708     135   139   186   159
  709     182   135   186   159
  710     139   186   159   161
  711     186   182   159   206
  712     186   159   161   208
  713     159   186   206   208
  714     182   186   187   206
  715     183   182   187   206
  716     186   187   206   208
  717     187   183   206   207
  718     187   206   208   209
  719     206   187   207   209
  720     139   143   190   161
  721     186   139   190   161
  722     143   190   161   163
  723     190   186   161   208
  724     190   161   163   210
  725     161   190   208   210
  726     186   190   191   208
  727     187   186   191   208
  728     190   191   208   210
  729     191   187   208   209
  730     191   208   210   211
  731     208   191   209   211
  732     143   147   194   163
  733     190   143   194   163
  734     147   194   163   165
  735     194   190   163   210
  736     194   163   165   212
  737     163   194   210   212
  738     190   194   195   210
  739     191   190   195   210
  740     194   195   210   212
  741     195   191   210   211
  742     195   210   212   213
  743     210   195   211   213
  744     147   151   198   165
  745     194   147   198   165
  746     151   198   165   167
  747     198   194   165   212
  748     198   165   167   214
  749     165   198   212   214
  750     194   198   199   212
  751     195   194   199   212
  752     198   199   212   214
  753     199   195   212   213
  754     199   212   214   215
  755     212   199   213   215
  756     151   126   172   167
  757     198   151   172   167
  758     126   172   167   154
  759     172   198   167   214
  760     172   167   154   200
  761     167   172   214   200
  762     198   172   174   214
  763     199   198   174   214
  764     172   174   214   200
  765     174   199   214   215
  766     174   214   200   202
  767     214   174   215   202
  768     170   171   217   174
  769     216   170   217   174
  770     171   217   174   175
  771     217   216   174   220
  772     217   174   175   221
  773     174   217   220   221
  774     216   217   219   220
  775     218   216   219   220
  776     217   219   220   221
  777     219   218   220   222
  778     219   220   221   223
  779     220   219   222   223
  780     171   177   224   175
  781     217   171   224   175
  782     177   224   175   179
  783     224   217   175   221
  784     224   175   179   226
  785     175   224   221   226
  786     217   224   225   221
  787     219   217   225   221
  788     224   225   221   226
  789     225   219   221   223
  790     225   221   226   227
  791     221   225   223   227
  792     177   181   228   179
  793     224   177   228   179
  794     181   228   179   183
  795     228   224   179   226
  796     228   179   183   230
  797     179   228   226   230
  798     224   228   229   226
  799     225   224   229   226
  800     228   229   226   230
  801     229   225   226   227
  802     229   226   230   231
  803     226   229   227   231
  804     181   185   232   183
  805     228   181   232   183
  806     185   232   183   187
  807     232   228   183   230
  808     232   183   187   234
  809     183   232   230   234
  810     228   232   233   230
  811     229   228   233   230
  812     232   233   230   234
  813     233   229   230   231
  814     233   230   234   235
  815     230   233   231   235
  816     185   189   236   187
  817     232   185   236   187
  818     189   236   187   191
  819     236   232   187   234
  820     236   187   191   238
  821     187   236   234   238
  822     232   236   237   234
  823     233   232   237   234
  824     236   237   234   238
  825     237   233   234   235
  826     237   234   238   239
  827     234   237   235   239
  828     189   193   240   191
  829     236   189   240   191
  830     193   240   191   195
  831     240   236   191   238
  832     240   191   195   242
  833     191   240   238   242
  834     236   240   241   238
  835     237   236   241   238
  836     240   241   238   242
  837     241   237   238   239
  838     241   238   242   243
  839     238   241   239   243
  840     193   197   244   195
  841     240   193   244   195
  842     197   244   195   199
  843     244   240   195   242
  844     244   195   199   246
  845     195   244   242   246
  846     240   244   245   242
  847     241   240   245   242
  848     244   245   242   246
  849     245   241   242   243
  850     245   242   246   247
  851     242   245   243   247
  852     197   170   216   199
  853     244   197   216   199
  854     170   216   199   174
  855     216   244   199   246
  856     216   199   174   220
  857     199   216   246   220
  858     244   216   218   246
  859     245   244   218   246
  860     216   218   246   220
  861     218   245   246   247
  862     218   246   220   222
  863     246   218   247   222
  864     174   175   221   202
  865     220   174   221   202
  866     175   221   202   203
  867     221   220   202   248
  868     221   202   203   249
  869     202   221   248   249
  870     220   221   223   248
  871     222   220   223   248
  872     221   223   248   249
  873     223   222   248   250
  874     223   248   249   251
  875     248   223   250   251
  876     175   179   226   203
  877     221   175   226   203
  878     179   226   203   205
  879     226   221   203   249
  880     226   203   205   252
  881     203   226   249   252
  882     221   226   227   249
  883     223   221   227   249
  884     226   227   249   252
  885     227   223   249   251
  886     227   249   252   253
  887     249   227   251   253
  888     179   183   230   205
  889     226   179   230   205
  890     183   230   205   207
  891     230   226   205   252
  892     230   205   207   254
  893     205   230   252   254
  894     226   230   231   252
  895     227   226   231   252
  896     230   231   252   254
  897     231   227   252   253
  898     231   252   254   255
  899     252   231   253   255
  900     183   187   234   207
  901     230   183   234   207
  902     187   234   207   209
  903     234   230   207   254
  904     234   207   209   256
  905     207   234   254   256
  906     230   234   235   254
  907     231   230   235   254
  908     234   235   254   256
  909     235   231   254   255
  910     235   254   256   257
  911     254   235   255   257
  912     187   191   238   209
  913     234   187   238   209
  914     191   238   209   211
  915     238   234   209   256
  916     238   209   211   258
  917     209   238   256   258
  918     234   238   239   256
  919     235   234   239   256
  920     238   239   256   258
  921     239   235   256   257
  922     239   256   258   259
  923     256   239   257   259
  924     191   195   242   211
  925     238   191   242   211
  926     195   242   211   213
  927     242   238   211   258
  928     242   211   213   260
  929     211   242   258   260
  930     238   242   243   258
  931     239   238   243   258
  932     242   243   258   260
  933     243   239   258   259
  934     243   258   260   261
  935     258   243   259   261
  936     195   199   246   213
  937     242   195   246   213
  938     199   246   213   215
  939     246   242   213   260
  940     246   213   215   262
  941     213   246   260   262
  942     242   246   247   260
  943     243   242   247   260
  944     246   247   260   262
  945     247   243   260   261
  946     247   260   262   263
  947     260   247   261   263
  948     199   174   220   215
  949     246   199   220   215
  950     174   220   215   202
  951     220   246   215   262
  952     220   215   202   248
  953     215   220   262   248
  954     246   220   222   262
  955     247   246   222   262
  956     220   222   262   248
  957     222   247   262   263
  958     222   262   248   250
  959     262   222   263   250
  960     218   219   265   222
  961     264   218   265   222
  962     219   265   222   223
  963     265   264   222   268
  964     265   222   223   269
  965     222   265   268   269
  966     264   265   267   268
  967     266   264   267   268
  968     265   267   268   269
  969     267   266   268   270
  970     267   268   269   271
  971     268   267   270   271
  972     219   225   272   223
  973     265   219   272   223
  974     225   272   223   227
  975     272   265   223   269
  976     272   223   227   274
  977     223   272   269   274
  978     265   272   273   269
  979     267   265   273   269
  980     272   273   269   274
  981     273   267   269   271
  982     273   269   274   275
  983     269   273   271   275
  984     225   229   276   227
  985     272   225   276   227
  986     229   276   227   231
  987     276   272   227   274
  988     276   227   231   278
  989     227   276   274   278
  990     272   276   277   274
  991     273   272   277   274
  992     276   277   274   278
  993     277   273   274   275
  994     277   274   278   279
  995     274   277   275   279
  996     229   233   280   231
  997     276   229   280   231
  998     233   280   231   235
  999     280   276   231   278
 1000     280   231   235   282
 1001     231   280   278   282
 1002     276   280   281   278
 1003     277   276   281   278
 1004     280   281   278   282
 1005     281   277   278   279
 1006     281   278   282   283
 1007     278   281   279   283
 1008     233   237   284   235
 1009     280   233   284   235
 1010     237   284   235   239
 1011     284   280   235   282
 1012     284   235   239   286
 1013     235   284   282   286
 1014     280   284   285   282
 1015     281   280   285   282
 1016     284   285   282   286
 1017     285   281   282   283
 1018     285   282   286   287
 1019     282   285   283   287
 1020     237   241   288   239
 1021     284   237   288   239
 1022     241   288   239   243
 1023     288   284   239   286
 1024     288   239   243   290
 1025     239   288   286   290
 1026     284   288   289   286
 1027     285   284   289   286
 1028     288   289   286   290
 1029     289   285   286   287
 1030     289   286   290   291
 1031     286   289   287   291
 1032     241   245   292   243
 1033     288   241   292   243
 1034     245   292   243   247
 1035     292   288   243   290
 1036     292   243   247   294
 1037     243   292   290   294
 1038     288   292   293   290
 1039     289   288   293   290
 1040     292   293   290   294
 1041     293   289   290   291
 1042     293   290   294   295
 1043     290   293   291   295
 1044     245   218   264   247
 1045     292   245   264   247
 1046     218   264   247   222
 1047     264   292   247   294
 1048     264   247   222   268
 1049     247   264   294   268
 1050     292   264   266   294
 1051     293   292   266   294
 1052     264   266   294   268
 1053     266   293   294   295
 1054     266   294   268   270
 1055     294   266   295   270
 1056     222   223   269   250
 1057     268   222   269   250
 1058     223   269   250   251
 1059     269   268   250   296
 1060     269   250   251   297
 1061     250   269   296   297
 1062     268   269   271   296
 1063     270   268   271   296
 1064     269   271   296   297
 1065     271   270   296   298
 1066     271   296   297   299
 1067     296   271   298   299
 1068     223   227   274   251
 1069     269   223   274   251
 1070     227   274   251   253
 1071     274   269   251   297
 1072     274   251   253   300
 1073     251   274   297   300
 1074     269   274   275   297
 1075     271   269   275   297
 1076     274   275   297   300
 1077     275   271   297   299
 1078     275   297   300   301
 1079     297   275   299   301
 1080     227   231   278   253
 1081     274   227   278   253
 1082     231   278   253   255
 1083     278   274   253   300
 1084     278   253   255   302
 1085     253   278   300   302
 1086     274   278   279   300
 1087     275   274   279   300
 1088     278   279   300   302
 1089     279   275   300   301
 1090     279   300   302   303
 1091     300   279   301   303
 1092     231   235   282   255
 1093     278   231   282   255
 1094     235   282   255   257
 1095     282   278   255   302
 1096     282   255   257   304
 1097     255   282   302   304
 1098     278   282   283   302
 1099     279   278   283   302
 1100     282   283   302   304
 1101     283   279   302   303
 1102     283   302   304   305
 1103     302   283   303   305
 1104     235   239   286   257
 1105     282   235   286   257
 1106     239   286   257   259
 1107     286   282   257   304
 1108     286   257   259   306
 1109     257   286   304   306
 1110     282   286   287   304
 1111     283   282   287   304
 1112     286   287   304   306
 1113     287   283   304   305
 1114     287   304   306   307
 1115     304   287   305   307
 1116     239   243   290   259
 1117     286   239   290   259
 1118     243   290   259   261
 1119     290   286   259   306
 1120     290   259   261   308
 1121     259   290   306   308
 1122     286   290   291   306
 1123     287   286   291   306
 1124     290   291   306   308
 1125     291   287   306   307
 1126     291   306   308   309
 1127     306   291   307   309
 1128     243   247   294   261
 1129     290   243   294   261
 1130     247   294   261   263
 1131     294   290   261   308
 1132     294   261   263   310
 1133     261   294   308   310
 1134     290   294   295   308
 1135     291   290   295   308
 1136     294   295   308   310
 1137     295   291   308   309
 1138     295   308   310   311
 1139     308   295   309   311
 1140     247   222   268   263
 1141     294   247   268   263
 1142     222   268   263   250
 1143     268   294   263   310
 1144     268   263   250   296
 1145     263   268   310   296
 1146     294   268   270   310
 1147     295   294   270   310
 1148     268   270   310   296
 1149     270   295   310   311
 1150     270   310   296   298
 1151     310   270   311   298
 1152     266   267   313   270
 1153     312   266   313   270
 1154     267   313   270   271
 1155     313   312   270   316
 1156     313   270   271   317
 1157     270   313   316   317
 1158     312   313   315   316
 1159     314   312   315   316
 1160     313   315   316   317
 1161     315   314   316   318
 1162     315   316   317   319
 1163     316   315   318   319
 1164     267   273   320   271
 1165     313   267   320   271
 1166     273   320   271   275
 1167     320   313   271   317
 1168     320   271   275   322
 1169     271   320   317   322
 1170     313   320   321   317
 1171     315   313   321   317
 1172     320   321   317   322
 1173     321   315   317   319
 1174     321   317   322   323
 1175     317   321   319   323
 1176     273   277   324   275
 1177     320   273   324   275
 1178     277   324   275   279
 1179     324   320   275   322
 1180     324   275   279   326
 1181     275   324   322   326
 1182     320   324   325   322
 1183     321   320   325   322
 1184     324   325   322   326
 1185     325   321   322   323
 1186     325   322   326   327
 1187     322   325   323   327
 1188     277   281   328   279
 1189     324   277   328   279
 1190     281   328   279   283
 1191     328   324   279   326
 1192     328   279   283   330
 1193     279   328   326   330
 1194     324   328   329   326
 1195     325   324   329   326
 1196     328   329   326   330
 1197     329   325   326   327
 1198     329   326   330   331
 1199     326   329   327   331
 1200     281   285   332   283
 1201     328   281   332   283
 1202     285   332   283   287
 1203     332   328   283   330
 1204     332   283   287   334
 1205     283   332   330   334
 1206     328   332   333   330
 1207     329   328   333   330
 1208     332   333   330   334
 1209     333   329   330   331
 1210     333   330   334   335
 1211     330   333   331   335
 1212     285   289   336   287
 1213     332   285   336   287
 1214     289   336   287   291
 1215     336   332   287   334
 1216     336   287   291   338
 1217     287   336   334   338
 1218     332   336   337   334
 1219     333   332   337   334
 1220     336   337   334   338
 1221     337   333   334   335
 1222     337   334   338   339
 1223     334   337   335   339
 1224     289   293   340   291
 1225     336   289   340   291
 1226     293   340   291   295
 1227     340   336   291   338
 1228     340   291   295   342
 1229     291   340   338   342
 1230     336   340   341   338
 1231     337   336   341   338
 1232     340   341   338   342
 1233     341   337   338   339
 1234     341   338   342   343
 1235     338   341   339   343
 1236     293   266   312   295
 1237     340   293   312   295
 1238     266   312   295   270
 1239     312   340   295   342
 1240     312   295   270   316
 1241     295   312   342   316
 1242     340   312   314   342
 1243     341   340   314   342
 1244     312   314   342   316
 1245     314   341   342   343
 1246     314   342   316   318
 1247     342   314   343   318
 1248     270   271   317   298
 1249     316   270   317   298
 1250     271   317   298   299
 1251     317   316   298   344
 1252     317   298   299   345
 1253     298   317   344   345
 1254     316   317   319   344
 1255     318   316   319   344
 1256     317   319   344   345
 1257     319   318   344   346
 1258     319   344   345   347
 1259     344   319   346   347
 1260     271   275   322   299
 1261     317   271   322   299
 1262     275   322   299   301
 1263     322   317   299   345
 1264     322   299   301   348
 1265     299   322   345   348
 1266     317   322   323   345
 1267     319   317   323   345
 1268     322   323   345   348
 1269     323   319   345   347
 1270     323   345   348   349
 1271     345   323   347   349
 1272     275   279   326   301
 1273     322   275   326   301
 1274     279   326   301   303
 1275     326   322   301   348
 1276     326   301   303   350
 1277     301   326   348   350
 1278     322   326   327   348
 1279     323   322   327   348
 1280     326   327   348   350
 1281     327   323   348   349
 1282     327   348   350   351
 1283     348   327   349   351
 1284     279   283   330   303
 1285     326   279   330   303
 1286     283   330   303   305
 1287     330   326   303   350
 1288     330   303   305   352
 1289     303   330   350   352
 1290     326   330   331   350
 1291     327   326   331   350
 1292     330   331   350   352
 1293     331   327   350   351
 1294     331   350   352   353
 1295     350   331   351   353
 1296     283   287   334   305
 1297     330   283   334   305
 1298     287   334   305   307
 1299     334   330   305   352
 1300     334   305   307   354
 1301     305   334   352   354
 1302     330   334   335   352
 1303     331   330   335   352
 1304     334   335   352   354
 1305     335   331   352   353
 1306     335   352   354   355
 1307     352   335   353   355
 1308     287   291   338   307
 1309     334   287   338   307
 1310     291   338   307   309
 1311     338   334   307   354
 1312     338   307   309   356
 1313     307   338   354   356
 1314     334   338   339   354
 1315     335   334   339   354
 1316     338   339   354   356
 1317     339   335   354   355
 1318     339   354   356   357
 1319     354   339   355   357
 1320     291   295   342   309
 1321     338   291   342   309
 1322     295   342   309   311
 1323     342   338   309   356
 1324     342   309   311   358
 1325     309   342   356   358
 1326     338   342   343   356
 1327     339   338   343   356
 1328     342   343   356   358
 1329     343   339   356   357
 1330     343   356   358   359
 1331     356   343   357   359
 1332     295   270   316   311
 1333     342   295   316   311
 1334     270   316   311   298
 1335     316   342   311   358
 1336     316   311   298   344
 1337     311   316   358   344
 1338     342   316   318   358
 1339     343   342   318   358
 1340     316   318   358   344
 1341     318   343   358   359
 1342     318   358   344   346
 1343     358   318   359   346
 1344     314   315   361   318
 1345     360   314   361   318
 1346     315   361   318   319
 1347     361   360   318   364
 1348     361   318   319   365
 1349     318   361   364   365
 1350     360   361   363   364
 1351     362   360   363   364
 1352     361   363   364   365
 1353     363   362   364   366
 1354     363   364   365   367
 1355     364   363   366   367
 1356     315   321   368   319
 1357     361   315   368   319
 1358     321   368   319   323
 1359     368   361   319   365
 1360     368   319   323   370
 1361     319   368   365   370
 1362     361   368   369   365
 1363     363   361   369   365
 1364     368   369   365   370
 1365     369   363   365   367
 1366     369   365   370   371
 1367     365   369   367   371
 1368     321   325   372   323
 1369     368   321   372   323
 1370     325   372   323   327
 1371     372   368   323   370
 1372     372   323   327   374
 1373     323   372   370   374
 1374     368   372   373   370
 1375     369   368   373   370
 1376     372   373   370   374
 1377     373   369   370   371
 1378     373   370   374   375
 1379     370   373   371   375
 1380     325   329   376   327
 1381     372   325   376   327
 1382     329   376   327   331
 1383     376   372   327   374
 1384     376   327   331   378
 1385     327   376   374   378
 1386     372   376   377   374
 1387     373   372   377   374
 1388     376   377   374   378
 1389     377   373   374   375
 1390     377   374   378   379
 1391     374   377   375   379
 1392     329   333   380   331
 1393     376   329   380   331
 1394     333   380   331   335
 1395     380   376   331   378
 1396     380   331   335   382
 1397     331   380   378   382
 1398     376   380   381   378
 1399     377   376   381   378
 1400     380   381   378   382
 1401     381   377   378   379
 1402     381   378   382   383
 1403     378   381   379   383
 1404     333   337   384   335
 1405     380   333   384   335
 1406     337   384   335   339
 1407     384   380   335   382
 1408     384   335   339   386
 1409     335   384   382   386
 1410     380   384   385   382
 1411     381   380   385   382
 1412     384   385   382   386
 1413     385   381   382   383
 1414     385   382   386   387
 1415     382   385   383   387
 1416     337   341   388   339
 1417     384   337   388   339
 1418     341   388   339   343
 1419     388   384   339   386
 1420     388   339   343   390
 1421     339   388   386   390
 1422     384   388   389   386
 1423     385   384   389   386
 1424     388   389   386   390
 1425     389   385   386   387
 1426     389   386   390   391
 1427     386   389   387   391
 1428     341   314   360   343
 1429     388   341   360   343
 1430     314   360   343   318
 1431     360   388   343   390
 1432     360   343   318   364
 1433     343   360   390   364
 1434     388   360   362   390
 1435     389   388   362   390
 1436     360   362   390   364
 1437     362   389   390   391
 1438     362   390   364   366
 1439     390   362   391   366
 1440     318   319   365   346
 1441     364   318   365   346
 1442     319   365   346   347
 1443     365   364   346   392
 1444     365   346   347   393
 1445     346   365   392   393
 1446     364   365   367   392
 1447     366   364   367   392
 1448     365   367   392   393
 1449     367   366   392   394
 1450     367   392   393   395
 1451     392   367   394   395
 1452     319   323   370   347
 1453     365   319   370   347
 1454     323   370   347   349
 1455     370   365   347   393
 1456     370   347   349   396
 1457     347   370   393   396
 1458     365   370   371   393
 1459     367   365   371   393
 1460     370   371   393   396
 1461     371   367   393   395
 1462     371   393   396   397
 1463     393   371   395   397
 1464     323   327   374   349
 1465     370   323   374   349
 1466     327   374   349   351
 1467     374   370   349   396
 1468     374   349   351   398
 1469     349   374   396   398
 1470     370   374   375   396
 1471     371   370   375   396
 1472     374   375   396   398
 1473     375   371   396   397
 1474     375   396   398   399
 1475     396   375   397   399
 1476     327   331   378   351
 1477     374   327   378   351
 1478     331   378   351   353
 1479     378   374   351   398
 1480     378   351   353   400
 1481     351   378   398   400
 1482     374   378   379   398
 1483     375   374   379   398
 1484     378   379   398   400
 1485     379   375   398   399
 1486     379   398   400   401
 1487     398   379   399   401
 1488     331   335   382   353
 1489     378   331   382   353
 1490     335   382   353   355
 1491     382   378   353   400
 1492     382   353   355   402
 1493     353   382   400   402
 1494     378   382   383   400
 1495     379   378   383   400
 1496     382   383   400   402
 1497     383   379   400   401
 1498     383   400   402   403
 1499     400   383   401   403
 1500     335   339   386   355
 1501     382   335   386   355
 1502     339   386   355   357
 1503     386   382   355   402
 1504     386   355   357   404
 1505     355   386   402   404
 1506     382   386   387   402
 1507     383   382   387   402
 1508     386   387   402   404
 1509     387   383   402   403
 1510     387   402   404   405
 1511     402   387   403   405
 1512     339   343   390   357
 1513     386   339   390   357
 1514     343   390   357   359
 1515     390   386   357   404
 1516     390   357   359   406
 1517     357   390   404   406
 1518     386   390   391   404
 1519     387   386   391   404
 1520     390   391   404   406
 1521     391   387   404   405
 1522     391   404   406   407
 1523     404   391   405   407
 1524     343   318   364   359
 1525     390   343   364   359
 1526     318   364   359   346
 1527     364   390   359   406
 1528     364   359   346   392
 1529     359   364   406   392
 1530     390   364   366   406
 1531     391   390   366   406
 1532     364   366   406   392
 1533     366   391   406   407
 1534     366   406   392   394
 1535     406   366   407   394
 1536     362   363   409   366
 1537     408   362   409   366
 1538     363   409   366   367
 1539     409   408   366   412
 1540     409   366   367   413
 1541     366   409   412   413
 1542     408   409   411   412
 1543     410   408   411   412
 1544     409   411   412   413
 1545     411   410   412   414
 1546     411   412   413   415
 1547     412   411   414   415
 1548     363   369   416   367
 1549     409   363   416   367
 1550     369   416   367   371
 1551     416   409   367   413
 1552     416   367   371   418
 1553     367   416   413   418
 1554     409   416   417   413
 1555     411   409   417   413
 1556     416   417   413   418
 1557     417   411   413   415
 1558     417   413   418   419
 1559     413   417   415   419
 1560     369   373   420   371
 1561     416   369   420   371
 1562     373   420   371   375
 1563     420   416   371   418
 1564     420   371   375   422
 1565     371   420   418   422
 1566     416   420   421   418
 1567     417   416   421   418
 1568     420   421   418   422
 1569     421   417   418   419
 1570     421   418   422   423
 1571     418   421   419   423
 1572     373   377   424   375
 1573     420   373   424   375
 1574     377   424   375   379
 1575     424   420   375   422
 1576     424   375   379   426
 1577     375   424   422   426
 1578     420   424   425   422
 1579     421   420   425   422
 1580     424   425   422   426
 1581     425   421   422   423
 1582     425   422   426   427
 1583     422   425   423   427
 1584     377   381   428   379
 1585     424   377   428   379
 1586     381   428   379   383
 1587     428   424   379   426
 1588     428   379   383   430
 1589     379   428   426   430
 1590     424   428   429   426
 1591     425   424   429   426
 1592     428   429   426   430
 1593     429   425   426   427
 1594     429   426   430   431
 1595     426   429   427   431
 1596     381   385   432   383
 1597     428   381   432   383
 1598     385   432   383   387
 1599     432   428   383   430
 1600     432   383   387   434
 1601     383   432   430   434
 1602     428   432   433   430
 1603     429   428   433   430
 1604     432   433   430   434
 1605     433   429   430   431
 1606     433   430   434   435
 1607     430   433   431   435
 1608     385   389   436   387
 1609     432   385   436   387
 1610     389   436   387   391
 1611     436   432   387   434
 1612     436   387   391   438
 1613     387   436   434   438
 1614     432   436   437   434
 1615     433   432   437   434
 1616     436   437   434   438
 1617     437   433   434   435
 1618     437   434   438   439
 1619     434   437   435   439
 1620     389   362   408   391
 1621     436   389   408   391
 1622     362   408   391   366
 1623     408   436   391   438
 1624     408   391   366   412
 1625     391   408   438   412
 1626     436   408   410   438
 1627     437   436   410   438
 1628     408   410   438   412
 1629     410   437   438   439
 1630     410   438   412   414
 1631     438   410   439   414
 1632     366   367   413   394
 1633     412   366   413   394
 1634     367   413   394   395
 1635     413   412   394   440
 1636     413   394   395   441
 1637     394   413   440   441
 1638     412   413   415   440
 1639     414   412   415   440
 1640     413   415   440   441
 1641     415   414   440   442
 1642     415   440   441   443
 1643     440   415   442   443
 1644     367   371   418   395
 1645     413   367   418   395
 1646     371   418   395   397
 1647     418   413   395   441
 1648     418   395   397   444
 1649     395   418   441   444
 1650     413   418   419   441
 1651     415   413   419   441
 1652     418   419   441   444
 1653     419   415   441   443
 1654     419   441   444   445
 1655     441   419   443   445
 1656     371   375   422   397
 1657     418   371   422   397
 1658     375   422   397   399
 1659     422   418   397   444
 1660     422   397   399   446
 1661     397   422   444   446
 1662     418   422   423   444
 1663     419   418   423   444
 1664     422   423   444   446
 1665     423   419   444   445
 1666     423   444   446   447
 1667     444   423   445   447
 1668     375   379   426   399
 1669     422   375   426   399
 1670     379   426   399   401
 1671     426   422   399   446
 1672     426   399   401   448
 1673     399   426   446   448
 1674     422   426   427   446
 1675     423   422   427   446
 1676     426   427   446   448
 1677     427   423   446   447
 1678     427   446   448   449
 1679     446   427   447   449
 1680     379   383   430   401
 1681     426   379   430   401
 1682     383   430   401   403
 1683     430   426   401   448
 1684     430   401   403   450
 1685     401   430   448   450
 1686     426   430   431   448
 1687     427   426   431   448
 1688     430   431   448   450
 1689     431   427   448   449
 1690     431   448   450   451
 1691     448   431   449   451
 1692     383   387   434   403
 1693     430   383   434   403
 1694     387   434   403   405
 1695     434   430   403   450
 1696     434   403   405   452
 1697     403   434   450   452
 1698     430   434   435   450
 1699     431   430   435   450
 1700     434   435   450   452
 1701     435   431   450   451
 1702     435   450   452   453
 1703     450   435   451   453
 1704     387   391   438   405
 1705     434   387   438   405
 1706     391   438   405   407
 1707     438   434   405   452
 1708     438   405   407   454
 1709     405   438   452   454
 1710     434   438   439   452
 1711     435   434   439   452
 1712     438   439   452   454
 1713     439   435   452   453
 1714     439   452   454   455
 1715     452   439   453   455
 1716     391   366   412   407
 1717     438   391   412   407
 1718     366   412   407   394
 1719     412   438   407   454
 1720     412   407   394   440
 1721     407   412   454   440
 1722     438   412   414   454
 1723     439   438   414   454
 1724     412   414   454   440
 1725     414   439   454   455
 1726     414   454   440   442
 1727     454   414   455   442
 1728     410   411   457   414
 1729     456   410   457   414
 1730     411   457   414   415
 1731     457   456   414   460
 1732     457   414   415   461
 1733     414   457   460   461
 1734     456   457   459   460
 1735     458   456   459   460
 1736     457   459   460   461
 1737     459   458   460   462
 1738     459   460   461   463
 1739     460   459   462   463
 1740     411   417   464   415
 1741     457   411   464   415
 1742     417   464   415   419
 1743     464   457   415   461
 1744     464   415   419   466
 1745     415   464   461   466
 1746     457   464   465   461
 1747     459   457   465   461
 1748     464   465   461   466
 1749     465   459   461   463
 1750     465   461   466   467
 1751     461   465   463   467
 1752     417   421   468   419
 1753     464   417   468   419
 1754     421   468   419   423
 1755     468   464   419   466
 1756     468   419   423   470
 1757     419   468   466   470
 1758     464   468   469   466
 1759     465   464   469   466
 1760     468   469   466   470
 1761     469   465   466   467
 1762     469   466   470   471
 1763     466   469   467   471
 1764     421   425   472   423
 1765     468   421   472   423
 1766     425   472   423   427
 1767     472   468   423   470
 1768     472   423   427   474
 1769     423   472   470   474
 1770     468   472   473   470
 1771     469   468   473   470
 1772     472   473   470   474
 1773     473   469   470   471
 1774     473   470   474   475
 1775     470   473   471   475
 1776     425   429   476   427
 1777     472   425   476   427
 1778     429   476   427   431
 1779     476   472   427   474
 1780     476   427   431   478
 1781     427   476   474   478
 1782     472   476   477   474
 1783     473   472   477   474
 1784     476   477   474   478
 1785     477   473   474   475
 1786     477   474   478   479
 1787     474   477   475   479
 1788     429   433   480   431
 1789     476   429   480   431
 1790     433   480   431   435
 1791     480   476   431   478
 1792     480   431   435   482
 1793     431   480   478   482
 1794     476   480   481   478
 1795     477   476   481   478
 1796     480   481   478   482
 1797     481   477   478   479
 1798     481   478   482   483
 1799     478   481   479   483
 1800     433   437   484   435
 1801     480   433   484   435
 1802     437   484   435   439
 1803     484   480   435   482
 1804     484   435   439   486
 1805     435   484   482   486
 1806     480   484   485   482
 1807     481   480   485   482
 1808     484   485   482   486
 1809     485   481   482   483
 1810     485   482   486   487
 1811     482   485   483   487
 1812     437   410   456   439
 1813     484   437   456   439
 1814     410   456   439   414
 1815     456   484   439   486
 1816     456   439   414   460
 1817     439   456   486   460
 1818     484   456   458   486
 1819     485   484   458   486
 1820     456   458   486   460
 1821     458   485   486   487
 1822     458   486   460   462
 1823     486   458   487   462
 1824     414   415   461   442
 1825     460   414   461   442
 1826     415   461   442   443
 1827     461   460   442   488
 1828     461   442   443   489
 1829     442   461   488   489
 1830     460   461   463   488
 1831     462   460   463   488
 1832     461   463   488   489
 1833     463   462   488   490
 1834     463   488   489   491
 1835     488   463   490   491
 1836     415   419   466   443
 1837     461   415   466   443
 1838     419   466   443   445
 1839     466   461   443   489
 1840     466   443   445   492
 1841     443   466   489   492
 1842     461   466   467   489
 1843     463   461   467   489
 1844     466   467   489   492
 1845     467   463   489   491
 1846     467   489   492   493
 1847     489   467   491   493
 1848     419   423   470   445
 1849     466   419   470   445
 1850     423   470   445   447
 1851     470   466   445   492
 1852     470   445   447   494
 1853     445   470   492   494
 1854     466   470   471   492
 1855     467   466   471   492
 1856     470   471   492   494
 1857     471   467   492   493
 1858     471   492   494   495
 1859     492   471   493   495
 1860     423   427   474   447
 1861     470   423   474   447
 1862     427   474   447   449
 1863     474   470   447   494
 1864     474   447   449   496
 1865     447   474   494   496
 1866     470   474   475   494
 1867     471   470   475   494
 1868     474   475   494   496
 1869     475   471   494   495
 1870     475   494   496   497
 1871     494   475   495   497
 1872     427   431   478   449
 1873     474   427   478   449
 1874     431   478   449   451
 1875     478   474   449   496
 1876     478   449   451   498
 1877     449   478   496   498
 1878     474   478   479   496
 1879     475   474   479   496
 1880     478   479   496   498
 1881     479   475   496   497
 1882     479   496   498   499
 1883     496   479   497   499
 1884     431   435   482   451
 1885     478   431   482   451
 1886     435   482   451   453
 1887     482   478   451   498
 1888     482   451   453   500
 1889     451   482   498   500
 1890     478   482   483   498
 1891     479   478   483   498
 1892     482   483   498   500
 1893     483   479   498   499
 1894     483   498   500   501
 1895     498   483   499   501
 1896     435   439   486   453
 1897     482   435   486   453
 1898     439   486   453   455
 1899     486   482   453   500
 1900     486   453   455   502
 1901     453   486   500   502
 1902     482   486   487   500
 1903     483   482   487   500
 1904     486   487   500   502
 1905     487   483   500   501
 1906     487   500   502   503
 1907     500   487   501   503
 1908     439   414   460   455
 1909     486   439   460   455
 1910     414   460   455   442
 1911     460   486   455   502
 1912     460   455   442   488
 1913     455   460   502   488
 1914     486   460   462   502
 1915     487   486   462   502
 1916     460   462   502   488
 1917     462   487   502   503
 1918     462   502   488   490
 1919     502   462   503   490
 1920     504   505   507   510
 1921     506   504   507   510
 1922     505   507   510   511
 1923     507   506   510   512
 1924     507   510   511   513
 1925     510   507   512   513
 1926     506   507   509   512
 1927     508   506   509   512
 1928     507   509   512   513
 1929     509   508   512   514
 1930     509   512   513   515
 1931     512   509   514   515
 1932     505   516   517   511
 1933     507   505   517   511
 1934     516   517   511   519
 1935     517   507   511   513
 1936     517   511   519   520
 1937     511   517   513   520
 1938     507   517   518   513
 1939     509   507   518   513
 1940     517   518   513   520
 1941     518   509   513   515
 1942     518   513   520   521
 1943     513   518   515   521
 1944     516   522   523   519
 1945     517   516   523   519
 1946     522   523   519   525
 1947     523   517   519   520
 1948     523   519   525   526
 1949     519   523   520   526
 1950     517   523   524   520
 1951     518   517   524   520
 1952     523   524   520   526
 1953     524   518   520   521
 1954     524   520   526   527
 1955     520   524   521   527
 1956     522   528   529   525
 1957     523   522   529   525
 1958     528   529   525   531
 1959     529   523   525   526
 1960     529   525   531   532
 1961     525   529   526   532
 1962     523   529   530   526
 1963     524   523   530   526
 1964     529   530   526   532
 1965     530   524   526   527
 1966     530   526   532   533
 1967     526   530   527   533
 1968     528   534   535   531
 1969     529   528   535   531
 1970     534   535   531   537
 1971     535   529   531   532
 1972     535   531   537   538
 1973     531   535   532   538
 1974     529   535   536   532
 1975     530   529   536   532
 1976     535   536   532   538
 1977     536   530   532   533
 1978     536   532   538   539
 1979     532   536   533   539
 1980     534   540   541   537
 1981     535   534   541   537
 1982     540   541   537   543
 1983     541   535   537   538
 1984     541   537   543   544
 1985     537   541   538   544
 1986     535   541   542   538
 1987     536   535   542   538
 1988     541   542   538   544
 1989     542   536   538   539
 1990     542   538   544   545
 1991     538   542   539   545
 1992     540   546   547   543
 1993     541   540   547   543
 1994     546   547   543   549
 1995     547   541   543   544
 1996     547   543   549   550
 1997     543   547   544   550
 1998     541   547   548   544
 1999     542   541   548   544
 2000     547   548   544   550
 2001     548   542   544   545
 2002     548   544   550   551
 2003     544   548   545   551
 2004     546   504   506   549
 2005     547   546   506   549
 2006     504   506   549   510
 2007     506   547   549   550
 2008     506   549   510   512
 2009     549   506   550   512
 2010     547   506   508   550
 2011     548   547   508   550
 2012     506   508   550   512
 2013     508   548   550   551
 2014     508   550   512   514
 2015     550   508   551   514
 2016     510   511   513   552
 2017     512   510   513   552
 2018     511   513   552   553
 2019     513   512   552   554
 2020     513   552   553   555
 2021     552   513   554   555
 2022     512   513   515   554
 2023     514   512   515   554
 2024     513   515   554   555
 2025     515   514   554   556
 2026     515   554   555   557
 2027     554   515   556   557
 2028     511   519   520   553
 2029     513   511   520   553
 2030     519   520   553   558
 2031     520   513   553   555
 2032     520   553   558   559
 2033     553   520   555   559
 2034     513   520   521   555
 2035     515   513   521   555
 2036     520   521   555   559
 2037     521   515   555   557
 2038     521   555   559   560
 2039     555   521   557   560
 2040     519   525   526   558
 2041     520   519   526   558
 2042     525   526   558   561
 2043     526   520   558   559
 2044     526   558   561   562
 2045     558   526   559   562
 2046     520   526   527   559
 2047     521   520   527   559
 2048     526   527   559   562
 2049     527   521   559   560
 2050     527   559   562   563
 2051     559   527   560   563
 2052     525   531   532   561
 2053     526   525   532   561
 2054     531   532   561   564
 2055     532   526   561   562
 2056     532   561   564   565
 2057     561   532   562   565
 2058     526   532   533   562
 2059     527   526   533   562
 2060     532   533   562   565
 2061     533   527   562   563
 2062     533   562   565   566
 2063     562   533   563   566
 2064     531   537   538   564
 2065     532   531   538   564
 2066     537   538   564   567
 2067     538   532   564   565
 2068     538   564   567   568
 2069     564   538   565   568
 2070     532   538   539   565
 2071     533   532   539   565
 2072     538   539   565   568
 2073     539   533   565   566
 2074     539   565   568   569
 2075     565   539   566   569
 2076     537   543   544   567
 2077     538   537   544   567
 2078     543   544   567   570
 2079     544   538   567   568
 2080     544   567   570   571
 2081     567   544   568   571
 2082     538   544   545   568
 2083     539   538   545   568
 2084     544   545   568   571
 2085     545   539   568   569
 2086     545   568   571   572
 2087     568   545   569   572
 2088     543   549   550   570
 2089     544   543   550   570
 2090     549   550   570   573
 2091     550   544   570   571
 2092     550   570   573   574
 2093     570   550   571   574
 2094     544   550   551   571
 2095     545   544   551   571
 2096     550   551   571   574
 2097     551   545   571   572
 2098     551   571   574   575
 2099     571   551   572   575
 2100     549   510   512   573
 2101     550   549   512   573
 2102     510   512   573   552
 2103     512   550   573   574
 2104     512   573   552   554
 2105     573   512   574   554
 2106     550   512   514   574
 2107     551   550   514   574
 2108     512   514   574   554
 2109     514   551   574   575
 2110     514   574   554   556
 2111     574   514   575   556
 2112     508   509   577   514
 2113     576   508   577   514
 2114     509   577   514   515
 2115     577   576   514   580
 2116     577   514   515   581
 2117     514   577   580   581
 2118     576   577   579   580
 2119     578   576   579   580
 2120     577   579   580   581
 2121     579   578   580   582
 2122     579   580   581   583
 2123     580   579   582   583
 2124     509   518   584   515
 2125     577   509   584   515
 2126     518   584   515   521
 2127     584   577   515   581
 2128     584   515   521   586
 2129     515   584   581   586
 2130     577   584   585   581
 2131     579   577   585   581
 2132     584   585   581   586
 2133     585   579   581   583
 2134     585   581   586   587
 2135     581   585   583   587
 2136     518   524   588   521
 2137     584   518   588   521
 2138     524   588   521   527
 2139     588   584   521   586
 2140     588   521   527   590
 2141     521   588   586   590
 2142     584   588   589   586
 2143     585   584   589   586
 2144     588   589   586   590
 2145     589   585   586   587
 2146     589   586   590   591
 2147     586   589   587   591
 2148     524   530   592   527
 2149     588   524   592   527
 2150     530   592   527   533
 2151     592   588   527   590
 2152     592   527   533   594
 2153     527   592   590   594
 2154     588   592   593   590
 2155     589   588   593   590
 2156     592   593   590   594
 2157     593   589   590   591
 2158     593   590   594   595
 2159     590   593   591   595
 2160     530   536   596   533
 2161     592   530   596   533
 2162     536   596   533   539
 2163     596   592   533   594
 2164     596   533   539   598
 2165     533   596   594   598
 2166     592   596   597   594
 2167     593   592   597   594
 2168     596   597   594   598
 2169     597   593   594   595
 2170     597   594   598   599
 2171     594   597   595   599
 2172     536   542   600   539
 2173     596   536   600   539
 2174     542   600   539   545
 2175     600   596   539   598
 2176     600   539   545   602
 2177     539   600   598   602
 2178     596   600   601   598
 2179     597   596   601   598
 2180     600   601   598   602
 2181     601   597   598   599
 2182     601   598   602   603
 2183     598   601   599   603
 2184     542   548   604   545
 2185     600   542   604   545
 2186     548   604   545   551
 2187     604   600   545   602
 2188     604   545   551   606
 2189     545   604   602   606
 2190     600   604   605   602
 2191     601   600   605   602
 2192     604   605   602   606
 2193     605   601   602   603
 2194     605   602   606   607
 2195     602   605   603   607
 2196     548   508   576   551
 2197     604   548   576   551
 2198     508   576   551   514
 2199     576   604   551   606
 2200     576   551   514   580
 2201     551   576   606   580
 2202     604   576   578   606
 2203     605   604   578   606
 2204     576   578   606   580
 2205     578   605   606   607
 2206     578   606   580   582
 2207     606   578   607   582
 2208     514   515   581   556
 2209     580   514   581   556
 2210     515   581   556   557
 2211     581   580   556   608
 2212     581   556   557   609
 2213     556   581   608   609
 2214     580   581   583   608
 2215     582   580   583   608
 2216     581   583   608   609
 2217     583   582   608   610
 2218     583   608   609   611
 2219     608   583   610   611
 2220     515   521   586   557
 2221     581   515   586   557
 2222     521   586   557   560
 2223     586   581   557   609
 2224     586   557   560   612
 2225     557   586   609   612
 2226     581   586   587   609
 2227     583   581   587   609
 2228     586   587   609   612
 2229     587   583   609   611
 2230     587   609   612   613
 2231     609   587   611   613
 2232     521   527   590   560
 2233     586   521   590   560
 2234     527   590   560   563
 2235     590   586   560   612
 2236     590   560   563   614
 2237     560   590   612   614
 2238     586   590   591   612
 2239     587   586   591   612
 2240     590   591   612   614
 2241     591   587   612   613
 2242     591   612   614   615
 2243     612   591   613   615
 2244     527   533   594   563
 2245     590   527   594   563
 2246     533   594   563   566
 2247     594   590   563   614
 2248     594   563   566   616
 2249     563   594   614   616
 2250     590   594   595   614
 2251     591   590   595   614
 2252     594   595   614   616
 2253     595   591   614   615
 2254     595   614   616   617
 2255     614   595   615   617
 2256     533   539   598   566
 2257     594   533   598   566
 2258     539   598   566   569
 2259     598   594   566   616
 2260     598   566   569   618
 2261     566   598   616   618
 2262     594   598   599   616
 2263     595   594   599   616
 2264     598   599   616   618
 2265     599   595   616   617
 2266     599   616   618   619
 2267     616   599   617   619
 2268     539   545   602   569
 2269     598   539   602   569
 2270     545   602   569   572
 2271     602   598   569   618
 2272     602   569   572   620
 2273     569   602   618   620
 2274     598   602   603   618
 2275     599   598   603   618
 2276     602   603   618   620
 2277     603   599   618   619
 2278     603   618   620   621
 2279     618   603   619   621
 2280     545   551   606   572
 2281     602   545   606   572
 2282     551   606   572   575
 2283     606   602   572   620
 2284     606   572   575   622
 2285     572   606   620   622
 2286     602   606   607   620
 2287     603   602   607   620
 2288     606   607   620   622
 2289     607   603   620   621
 2290     607   620   622   623
 2291     620   607   621   623
 2292     551   514   580   575
 2293     606   551   580   575
 2294     514   580   575   556
 2295     580   606   575   622
 2296     580   575   556   608
 2297     575   580   622   608
 2298     606   580   582   622
 2299     607   606   582   622
 2300     580   582   622   608
 2301     582   607   622   623
 2302     582   622   608   610
 2303     622   582   623   610
 2304     578   579   625   582
 2305     624   578   625   582
 2306     579   625   582   583
 2307     625   624   582   628
 2308     625   582   583   629
 2309     582   625   628   629
 2310     624   625   627   628
 2311     626   624   627   628
 2312     625   627   628   629
 2313     627   626   628   630
 2314     627   628   629   631
 2315     628   627   630   631
 2316     579   585   632   583
 2317     625   579   632   583
 2318     585   632   583   587
 2319     632   625   583   629
 2320     632   583   587   634
 2321     583   632   629   634
 2322     625   632   633   629
 2323     627   625   633   629
 2324     632   633   629   634
 2325     633   627   629   631
 2326     633   629   634   635
 2327     629   633   631   635
 2328     585   589   636   587
 2329     632   585   636   587
 2330     589   636   587   591
 2331     636   632   587   634
 2332     636   587   591   638
 2333     587   636   634   638
 2334     632   636   637   634
 2335     633   632   637   634
 2336     636   637   634   638
 2337     637   633   634   635
 2338     637   634   638   639
 2339     634   637   635   639
 2340     589   593   640   591
 2341     636   589   640   591
 2342     593   640   591   595
 2343     640   636   591   638
 2344     640   591   595   642
 2345     591   640   638   642
 2346     636   640   641   638
 2347     637   636   641   638
 2348     640   641   638   642
 2349     641   637   638   639
 2350     641   638   642   643
 2351     638   641   639   643
 2352     593   597   644   595
 2353     640   593   644   595
 2354     597   644   595   599
 2355     644   640   595   642
 2356     644   595   599   646
 2357     595   644   642   646
 2358     640   644   645   642
 2359     641   640   645   642
 2360     644   645   642   646
 2361     645   641   642   643
 2362     645   642   646   647
 2363     642   645   643   647
 2364     597   601   648   599
 2365     644   597   648   599
 2366     601   648   599   603
 2367     648   644   599   646
 2368     648   599   603   650
 2369     599   648   646   650
 2370     644   648   649   646
 2371     645   644   649   646
 2372     648   649   646   650
 2373     649   645   646   647
 2374     649   646   650   651
 2375     646   649   647   651
 2376     601   605   652   603
 2377     648   601   652   603
 2378     605   652   603   607
 2379     652   648   603   650
 2380     652   603   607   654
 2381     603   652   650   654
 2382     648   652   653   650
 2383     649   648   653   650
 2384     652   653   650   654
 2385     653   649   650   651
 2386     653   650   654   655
 2387     650   653   651   655
 2388     605   578   624   607
 2389     652   605   624   607
 2390     578   624   607   582
 2391     624   652   607   654
 2392     624   607   582   628
 2393     607   624   654   628
 2394     652   624   626   654
 2395     653   652   626   654
 2396     624   626   654   628
 2397     626   653   654   655
 2398     626   654   628   630
 2399     654   626   655   630
 2400     582   583   629   610
 2401     628   582   629   610
 2402     583   629   610   611
 2403     629   628   610   656
 2404     629   610   611   657
 2405     610   629   656   657
 2406     628   629   631   656
 2407     630   628   631   656
 2408     629   631   656   657
 2409     631   630   656   658
 2410     631   656   657   659
 2411     656   631   658   659
 2412     583   587   634   611
 2413     629   583   634   611
 2414     587   634   611   613
 2415     634   629   611   657
 2416     634   611   613   660
 2417     611   634   657   660
 2418     629   634   635   657
 2419     631   629   635   657
 2420     634   635   657   660
 2421     635   631   657   659
 2422     635   657   660   661
 2423     657   635   659   661
 2424     587   591   638   613
 2425     634   587   638   613
 2426     591   638   613   615
 2427     638   634   613   660
 2428     638   613   615   662
 2429     613   638   660   662
 2430     634   638   639   660
 2431     635   634   639   660
 2432     638   639   660   662
 2433     639   635   660   661
 2434     639   660   662   663
 2435     660   639   661   663
 2436     591   595   642   615
 2437     638   591   642   615
 2438     595   642   615   617
 2439     642   638   615   662
 2440     642   615   617   664
 2441     615   642   662   664
 2442     638   642   643   662
 2443     639   638   643   662
 2444     642   643   662   664
 2445     643   639   662   663
 2446     643   662   664   665
 2447     662   643   663   665
 2448     595   599   646   617
 2449     642   595   646   617
 2450     599   646   617   619
 2451     646   642   617   664
 2452     646   617   619   666
 2453     617   646   664   666
 2454     642   646   647   664
 2455     643   642   647   664
 2456     646   647   664   666
 2457     647   643   664   665
 2458     647   664   666   667
 2459     664   647   665   667
 2460     599   603   650   619
 2461     646   599   650   619
 2462     603   650   619   621
 2463     650   646   619   666
 2464     650   619   621   668
 2465     619   650   666   668
 2466     646   650   651   666
 2467     647   646   651   666
 2468     650   651   666   668
 2469     651   647   666   667
 2470     651   666   668   669
 2471     666   651   667   669
 2472     603   607   654   621
 2473     650   603   654   621
 2474     607   654   621   623
 2475     654   650   621   668
 2476     654   621   623   670
 2477     621   654   668   670
 2478     650   654   655   668
 2479     651   650   655   668
 2480     654   655   668   670
 2481     655   651   668   669
 2482     655   668   670   671
 2483     668   655   669   671
 2484     607   582   628   623
 2485     654   607   628   623
 2486     582   628   623   610
 2487     628   654   623   670
 2488     628   623   610   656
 2489     623   628   670   656
 2490     654   628   630   670
 2491     655   654   630   670
 2492     628   630   670   656
 2493     630   655   670   671
 2494     630   670   656   658
 2495     670   630   671   658
 2496     626   627   673   630
 2497     672   626   673   630
 2498     627   673   630   631
 2499     673   672   630   676
 2500     673   630   631   677
 2501     630   673   676   677
 2502     672   673   675   676
 2503     674   672   675   676
 2504     673   675   676   677
 2505     675   674   676   678
 2506     675   676   677   679
 2507     676   675   678   679
 2508     627   633   680   631
 2509     673   627   680   631
 2510     633   680   631   635
 2511     680   673   631   677
 2512     680   631   635   682
 2513     631   680   677   682
 2514     673   680   681   677
 2515     675   673   681   677
 2516     680   681   677   682
 2517     681   675   677   679
 2518     681   677   682   683
 2519     677   681   679   683
 2520     633   637   684   635
 2521     680   633   684   635
 2522     637   684   635   639
 2523     684   680   635   682
 2524     684   635   639   686
 2525     635   684   682   686
 2526     680   684   685   682
 2527     681   680   685   682
 2528     684   685   682   686
 2529     685   681   682   683
 2530     685   682   686   687
 2531     682   685   683   687
 2532     637   641   688   639
 2533     684   637   688   639
 2534     641   688   639   643
 2535     688   684   639   686
 2536     688   639   643   690
 2537     639   688   686   690
 2538     684   688   689   686
 2539     685   684   689   686
 2540     688   689   686   690
 2541     689   685   686   687
 2542     689   686   690   691
 2543     686   689   687   691
 2544     641   645   692   643
 2545     688   641   692   643
 2546     645   692   643   647
 2547     692   688   643   690
 2548     692   643   647   694
 2549     643   692   690   694
 2550     688   692   693   690
 2551     689   688   693   690
 2552     692   693   690   694
 2553     693   689   690   691
 2554     693   690   694   695
 2555     690   693   691   695
 2556     645   649   696   647
 2557     692   645   696   647
 2558     649   696   647   651
 2559     696   692   647   694
 2560     696   647   651   698
 2561     647   696   694   698
 2562     692   696   697   694
 2563     693   692   697   694
 2564     696   697   694   698
 2565     697   693   694   695
 2566     697   694   698   699
 2567     694   697   695   699
 2568     649   653   700   651
 2569     696   649   700   651
 2570     653   700   651   655
 2571     700   696   651   698
 2572     700   651   655   702
 2573     651   700   698   702
 2574     696   700   701   698
 2575     697   696   701   698
 2576     700   701   698   702
 2577     701   697   698   699
 2578     701   698   702   703
 2579     698   701   699   703
 2580     653   626   672   655
 2581     700   653   672   655
 2582     626   672   655   630
 2583     672   700   655   702
 2584     672   655   630   676
 2585     655   672   702   676
 2586     700   672   674   702
 2587     701   700   674   702
 2588     672   674   702   676
 2589     674   701   702   703
 2590     674   702   676   678
 2591     702   674   703   678
 2592     630   631   677   658
 2593     676   630   677   658
 2594     631   677   658   659
 2595     677   676   658   704
 2596     677   658   659   705
 2597     658   677   704   705
 2598     676   677   679   704
 2599     678   676   679   704
 2600     677   679   704   705
 2601     679   678   704   706
 2602     679   704   705   707
 2603     704   679   706   707
 2604     631   635   682   659
 2605     677   631   682   659
 2606     635   682   659   661
 2607     682   677   659   705
 2608     682   659   661   708
 2609     659   682   705   708
 2610     677   682   683   705
 2611     679   677   683   705
 2612     682   683   705   708
 2613     683   679   705   707
 2614     683   705   708   709
 2615     705   683   707   709
 2616     635   639   686   661
 2617     682   635   686   661
 2618     639   686   661   663
 2619     686   682   661   708
 2620     686   661   663   710
 2621     661   686   708   710
 2622     682   686   687   708
 2623     683   682   687   708
 2624     686   687   708   710
 2625     687   683   708   709
 2626     687   708   710   711
 2627     708   687   709   711
 2628     639   643   690   663
 2629     686   639   690   663
 2630     643   690   663   665
 2631     690   686   663   710
 2632     690   663   665   712
 2633     663   690   710   712
 2634     686   690   691   710
 2635     687   686   691   710
 2636     690   691   710   712
 2637     691   687   710   711
 2638     691   710   712   713
 2639     710   691   711   713
 2640     643   647   694   665
 2641     690   643   694   665
 2642     647   694   665   667
 2643     694   690   665   712
 2644     694   665   667   714
 2645     665   694   712   714
 2646     690   694   695   712
 2647     691   690   695   712
 2648     694   695   712   714
 2649     695   691   712   713
 2650     695   712   714   715
 2651     712   695   713   715
 2652     647   651   698   667
 2653     694   647   698   667
 2654     651   698   667   669
 2655     698   694   667   714
 2656     698   667   669   716
 2657     667   698   714   716
 2658     694   698   699   714
 2659     695   694   699   714
 2660     698   699   714   716
 2661     699   695   714   715
 2662     699   714   716   717
 2663     714   699   715   717
 2664     651   655   702   669
 2665     698   651   702   669
 2666     655   702   669   671
 2667     702   698   669   716
 2668     702   669   671   718
 2669     669   702   716   718
 2670     698   702   703   716
 2671     699   698   703   716
 2672     702   703   716   718
 2673     703   699   716   717
 2674     703   716   718   719
 2675     716   703   717   719
 2676     655   630   676   671
 2677     702   655   676   671
 2678     630   676   671   658
 2679     676   702   671   718
 2680     676   671   658   704
 2681     671   676   718   704
 2682     702   676   678   718
 2683     703   702   678   718
 2684     676   678   718   704
 2685     678   703   718   719
 2686     678   718   704   706
 2687     718   678   719   706
 2688     674   675   721   678
 2689     720   674   721   678
 2690     675   721   678   679
 2691     721   720   678   724
 2692     721   678   679   725
 2693     678   721   724   725
 2694     720   721   723   724
 2695     722   720   723   724
 2696     721   723   724   725
 2697     723   722   724   726
 2698     723   724   725   727
 2699     724   723   726   727
 2700     675   681   728   679
 2701     721   675   728   679
 2702     681   728   679   683
 2703     728   721   679   725
 2704     728   679   683   730
 2705     679   728   725   730
 2706     721   728   729   725
 2707     723   721   729   725
 2708     728   729   725   730
 2709     729   723   725   727
 2710     729   725   730   731
 2711     725   729   727   731
 2712     681   685   732   683
 2713     728   681   732   683
 2714     685   732   683   687
 2715     732   728   683   730
 2716     732   683   687   734
 2717     683   732   730   734
 2718     728   732   733   730
 2719     729   728   733   730
 2720     732   733   730   734
 2721     733   729   730   731
 2722     733   730   734   735
 2723     730   733   731   735
 2724     685   689   736   687
 2725     732   685   736   687
 2726     689   736   687   691
 2727     736   732   687   734
 2728     736   687   691   738
 2729     687   736   734   738
 2730     732   736   737   734
 2731     733   732   737   734
 2732     736   737   734   738
 2733     737   733   734   735
 2734     737   734   738   739
 2735     734   737   735   739
 2736     689   693   740   691
 2737     736   689   740   691
 2738     693   740   691   695
 2739     740   736   691   738
 2740     740   691   695   742
 2741     691   740   738   742
 2742     736   740   741   738
 2743     737   736   741   738
 2744     740   741   738   742
 2745     741   737   738   739
 2746     741   738   742   743
 2747     738   741   739   743
 2748     693   697   744   695
 2749     740   693   744   695
 2750     697   744   695   699
 2751     744   740   695   742
 2752     744   695   699   746
 2753     695   744   742   746
 2754     740   744   745   742
 2755     741   740   745   742
 2756     744   745   742   746
 2757     745   741   742   743
 2758     745   742   746   747
 2759     742   745   743   747
 2760     697   701   748   699
 2761     744   697   748   699
 2762     701   748   699   703
 2763     748   744   699   746
 2764     748   699   703   750
 2765     699   748   746   750
 2766     744   748   749   746
 2767     745   744   749   746
 2768     748   749   746   750
 2769     749   745   746   747
 2770     749   746   750   751
 2771     746   749   747   751
 2772     701   674   720   703
 2773     748   701   720   703
 2774     674   720   703   678
 2775     720   748   703   750
 2776     720   703   678   724
 2777     703   720   750   724
 2778     748   720   722   750
 2779     749   748   722   750
 2780     720   722   750   724
 2781     722   749   750   751
 2782     722   750   724   726
 2783     750   722   751   726
 2784     678   679   725   706
 2785     724   678   725   706
 2786     679   725   706   707
 2787     725   724   706   752
 2788     725   706   707   753
 2789     706   725   752   753
 2790     724   725   727   752
 2791     726   724   727   752
 2792     725   727   752   753
 2793     727   726   752   754
 2794     727   752   753   755
 2795     752   727   754   755
 2796     679   683   730   707
 2797     725   679   730   707
 2798     683   730   707   709
 2799     730   725   707   753
 2800     730   707   709   756
 2801     707   730   753   756
 2802     725   730   731   753
 2803     727   725   731   753
 2804     730   731   753   756
 2805     731   727   753   755
 2806     731   753   756   757
 2807     753   731   755   757
 2808     683   687   734   709
 2809     730   683   734   709
 2810     687   734   709   711
 2811     734   730   709   756
 2812     734   709   711   758
 2813     709   734   756   758
 2814     730   734   735   756
 2815     731   730   735   756
 2816     734   735   756   758
 2817     735   731   756   757
 2818     735   756   758   759
 2819     756   735   757   759
 2820     687   691   738   711
 2821     734   687   738   711
 2822     691   738   711   713
 2823     738   734   711   758
 2824     738   711   713   760
 2825     711   738   758   760
 2826     734   738   739   758
 2827     735   734   739   758
 2828     738   739   758   760
 2829     739   735   758   759
 2830     739   758   760   761
 2831     758   739   759   761
 2832     691   695   742   713
 2833     738   691   742   713
 2834     695   742   713   715
 2835     742   738   713   760
 2836     742   713   715   762
 2837     713   742   760   762
 2838     738   742   743   760
 2839     739   738   743   760
 2840     742   743   760   762
 2841     743   739   760   761
 2842     743   760   762   763
 2843     760   743   761   763
 2844     695   699   746   715
 2845     742   695   746   715
 2846     699   746   715   717
 2847     746   742   715   762
 2848     746   715   717   764
 2849     715   746   762   764
 2850     742   746   747   762
 2851     743   742   747   762
 2852     746   747   762   764
 2853     747   743   762   763
 2854     747   762   764   765
 2855     762   747   763   765
 2856     699   703   750   717
 2857     746   699   750   717
 2858     703   750   717   719
 2859     750   746   717   764
 2860     750   717   719   766
 2861     717   750   764   766
 2862     746   750   751   764
 2863     747   746   751   764
 2864     750   751   764   766
 2865     751   747   764   765
 2866     751   764   766   767
 2867     764   751   765   767
 2868     703   678   724   719
 2869     750   703   724   719
 2870     678   724   719   706
 2871     724   750   719   766
 2872     724   719   706   752
 2873     719   724   766   752
 2874     750   724   726   766
 2875     751   750   726   766
 2876     724   726   766   752
 2877     726   751   766   767
 2878     726   766   752   754
 2879     766   726   767   754
 2880     722   723   769   726
 2881     768   722   769   726
 2882     723   769   726   727
 2883     769   768   726   772
 2884     769   726   727   773
 2885     726   769   772   773
 2886     768   769   771   772
 2887     770   768   771   772
 2888     769   771   772   773
 2889     771   770   772   774
 2890     771   772   773   775
 2891     772   771   774   775
 2892     723   729   776   727
 2893     769   723   776   727
 2894     729   776   727   731
 2895     776   769   727   773
 2896     776   727   731   778
 2897     727   776   773   778
 2898     769   776   777   773
 2899     771   769   777   773
 2900     776   777   773   778
 2901     777   771   773   775
 2902     777   773   778   779
 2903     773   777   775   779
 2904     729   733   780   731
 2905     776   729   780   731
 2906     733   780   731   735
 2907     780   776   731   778
 2908     780   731   735   782
 2909     731   780   778   782
 2910     776   780   781   778
 2911     777   776   781   778
 2912     780   781   778   782
 2913     781   777   778   779
 2914     781   778   782   783
 2915     778   781   779   783
 2916     733   737   784   735
 2917     780   733   784   735
 2918     737   784   735   739
 2919     784   780   735   782
 2920     784   735   739   786
 2921     735   784   782   786
 2922     780   784   785   782
 2923     781   780   785   782
 2924     784   785   782   786
 2925     785   781   782   783
 2926     785   782   786   787
 2927     782   785   783   787
 2928     737   741   788   739
 2929     784   737   788   739
 2930     741   788   739   743
 2931     788   784   739   786
 2932     788   739   743   790
 2933     739   788   786   790
 2934     784   788   789   786
 2935     785   784   789   786
 2936     788   789   786   790
 2937     789   785   786   787
 2938     789   786   790   791
 2939     786   789   787   791
 2940     741   745   792   743
 2941     788   741   792   743
 2942     745   792   743   747
 2943     792   788   743   790
 2944     792   743   747   794
 2945     743   792   790   794
 2946     788   792   793   790
 2947     789   788   793   790
 2948     792   793   790   794
 2949     793   789   790   791
 2950     793   790   794   795
 2951     790   793   791   795
 2952     745   749   796   747
 2953     792   745   796   747
 2954     749   796   747   751
 2955     796   792   747   794
 2956     796   747   751   798
 2957     747   796   794   798
 2958     792   796   797   794
 2959     793   792   797   794
 2960     796   797   794   798
 2961     797   793   794   795
 2962     797   794   798   799
 2963     794   797   795   799
 2964     749   722   768   751
 2965     796   749   768   751
 2966     722   768   751   726
 2967     768   796   751   798
 2968     768   751   726   772
 2969     751   768   798   772
 2970     796   768   770   798
 2971     797   796   770   798
 2972     768   770   798   772
 2973     770   797   798   799
 2974     770   798   772   774
 2975     798   770   799   774
 2976     726   727   773   754
 2977     772   726   773   754
 2978     727   773   754   755
 2979     773   772   754   800
 2980     773   754   755   801
 2981     754   773   800   801
 2982     772   773   775   800
 2983     774   772   775   800
 2984     773   775   800   801
 2985     775   774   800   802
 2986     775   800   801   803
 2987     800   775   802   803
 2988     727   731   778   755
 2989     773   727   778   755
 2990     731   778   755   757
 2991     778   773   755   801
 2992     778   755   757   804
 2993     755   778   801   804
 2994     773   778   779   801
 2995     775   773   779   801
 2996     778   779   801   804
 2997     779   775   801   803
 2998     779   801   804   805
 2999     801   779   803   805
 3000     731   735   782   757
 3001     778   731   782   757
 3002     735   782   757   759
 3003     782   778   757   804
 3004     782   757   759   806
 3005     757   782   804   806
 3006     778   782   783   804
 3007     779   778   783   804
 3008     782   783   804   806
 3009     783   779   804   805
 3010     783   804   806   807
 3011     804   783   805   807
 3012     735   739   786   759
 3013     782   735   786   759
 3014     739   786   759   761
 3015     786   782   759   806
 3016     786   759   761   808
 3017     759   786   806   808
 3018     782   786   787   806
 3019     783   782   787   806
 3020     786   787   806   808
 3021     787   783   806   807
 3022     787   806   808   809
 3023     806   787   807   809
 3024     739   743   790   761
 3025     786   739   790   761
 3026     743   790   761   763
 3027     790   786   761   808
 3028     790   761   763   810
 3029     761   790   808   810
 3030     786   790   791   808
 3031     787   786   791   808
 3032     790   791   808   810
 3033     791   787   808   809
 3034     791   808   810   811
 3035     808   791   809   811
 3036     743   747   794   763
 3037     790   743   794   763
 3038     747   794   763   765
 3039     794   790   763   810
 3040     794   763   765   812
 3041     763   794   810   812
 3042     790   794   795   810
 3043     791   790   795   810
 3044     794   795   810   812
 3045     795   791   810   811
 3046     795   810   812   813
 3047     810   795   811   813
 3048     747   751   798   765
 3049     794   747   798   765
 3050     751   798   765   767
 3051     798   794   765   812
 3052     798   765   767   814
 3053     765   798   812   814
 3054     794   798   799   812
 3055     795   794   799   812
 3056     798   799   812   814
 3057     799   795   812   813
 3058     799   812   814   815
 3059     812   799   813   815
 3060     751   726   772   767
 3061     798   751   772   767
 3062     726   772   767   754
 3063     772   798   767   814
 3064     772   767   754   800
 3065     767   772   814   800
 3066     798   772   774   814
 3067     799   798   774   814
 3068     772   774   814   800
 3069     774   799   814   815
 3070     774   814   800   802
 3071     814   774   815   802
 3072     770   771   817   774
 3073     816   770   817   774
 3074     771   817   774   775
 3075     817   816   774   820
 3076     817   774   775   821
 3077     774   817   820   821
 3078     816   817   819   820
 3079     818   816   819   820
 3080     817   819   820   821
 3081     819   818   820   822
 3082     819   820   821   823
 3083     820   819   822   823
 3084     771   777   824   775
 3085     817   771   824   775
 3086     777   824   775   779
 3087     824   817   775   821
 3088     824   775   779   826
 3089     775   824   821   826
 3090     817   824   825   821
 3091     819   817   825   821
 3092     824   825   821   826
 3093     825   819   821   823
 3094     825   821   826   827
 3095     821   825   823   827
 3096     777   781   828   779
 3097     824   777   828   779
 3098     781   828   779   783
 3099     828   824   779   826
 3100     828   779   783   830
 3101     779   828   826   830
 3102     824   828   829   826
 3103     825   824   829   826
 3104     828   829   826   830
 3105     829   825   826   827
 3106     829   826   830   831
 3107     826   829   827   831
 3108     781   785   832   783
 3109     828   781   832   783
 3110     785   832   783   787
 3111     832   828   783   830
 3112     832   783   787   834
 3113     783   832   830   834
 3114     828   832   833   830
 3115     829   828   833   830
 3116     832   833   830   834
 3117     833   829   830   831
 3118     833   830   834   835
 3119     830   833   831   835
 3120     785   789   836   787
 3121     832   785   836   787
 3122     789   836   787   791
 3123     836   832   787   834
 3124     836   787   791   838
 3125     787   836   834   838
 3126     832   836   837   834
 3127     833   832   837   834
 3128     836   837   834   838
 3129     837   833   834   835
 3130     837   834   838   839
 3131     834   837   835   839
 3132     789   793   840   791
 3133     836   789   840   791
 3134     793   840   791   795
 3135     840   836   791   838
 3136     840   791   795   842
 3137     791   840   838   842
 3138     836   840   841   838
 3139     837   836   841   838
 3140     840   841   838   842
 3141     841   837   838   839
 3142     841   838   842   843
 3143     838   841   839   843
 3144     793   797   844   795
 3145     840   793   844   795
 3146     797   844   795   799
 3147     844   840   795   842
 3148     844   795   799   846
 3149     795   844   842   846
 3150     840   844   845   842
 3151     841   840   845   842
 3152     844   845   842   846
 3153     845   841   842   843
 3154     845   842   846   847
 3155     842   845   843   847
 3156     797   770   816   799
 3157     844   797   816   799
 3158     770   816   799   774
 3159     816   844   799   846
 3160     816   799   774   820
 3161     799   816   846   820
 3162     844   816   818   846
 3163     845   844   818   846
 3164     816   818   846   820
 3165     818   845   846   847
 3166     818   846   820   822
 3167     846   818   847   822
 3168     774   775   821   802
 3169     820   774   821   802
 3170     775   821   802   803
 3171     821   820   802   848
 3172     821   802   803   849
 3173     802   821   848   849
 3174     820   821   823   848
 3175     822   820   823   848
 3176     821   823   848   849
 3177     823   822   848   850
 3178     823   848   849   851
 3179     848   823   850   851
 3180     775   779   826   803
 3181     821   775   826   803
 3182     779   826   803   805
 3183     826   821   803   849
 3184     826   803   805   852
 3185     803   826   849   852
 3186     821   826   827   849
 3187     823   821   827   849
 3188     826   827   849   852
 3189     827   823   849   851
 3190     827   849   852   853
 3191     849   827   851   853
 3192     779   783   830   805
 3193     826   779   830   805
 3194     783   830   805   807
 3195     830   826   805   852
 3196     830   805   807   854
 3197     805   830   852   854
 3198     826   830   831   852
 3199     827   826   831   852
 3200     830   831   852   854
 3201     831   827   852   853
 3202     831   852   854   855
 3203     852   831   853   855
 3204     783   787   834   807
 3205     830   783   834   807
 3206     787   834   807   809
 3207     834   830   807   854
 3208     834   807   809   856
 3209     807   834   854   856
 3210     830   834   835   854
 3211     831   830   835   854
 3212     834   835   854   856
 3213     835   831   854   855
 3214     835   854   856   857
 3215     854   835   855   857
 3216     787   791   838   809
 3217     834   787   838   809
 3218     791   838   809   811
 3219     838   834   809   856
 3220     838   809   811   858
 3221     809   838   856   858
 3222     834   838   839   856
 3223     835   834   839   856
 3224     838   839   856   858
 3225     839   835   856   857
 3226     839   856   858   859
 3227     856   839   857   859
 3228     791   795   842   811
 3229     838   791   842   811
 3230     795   842   811   813
 3231     842   838   811   858
 3232     842   811   813   860
 3233     811   842   858   860
 3234     838   842   843   858
 3235     839   838   843   858
 3236     842   843   858   860
 3237     843   839   858   859
 3238     843   858   860   861
 3239     858   843   859   861
 3240     795   799   846   813
 3241     842   795   846   813
 3242     799   846   813   815
 3243     846   842   813   860
 3244     846   813   815   862
 3245     813   846   860   862
 3246     842   846   847   860
 3247     843   842   847   860
 3248     846   847   860   862
 3249     847   843   860   861
 3250     847   860   862   863
 3251     860   847   861   863
 3252     799   774   820   815
 3253     846   799   820   815
 3254     774   820   815   802
 3255     820   846   815   862
 3256     820   815   802   848
 3257     815   820   862   848
 3258     846   820   822   862
 3259     847   846   822   862
 3260     820   822   862   848
 3261     822   847   862   863
 3262     822   862   848   850
 3263     862   822   863   850
 3264     818   819   865   822
 3265     864   818   865   822
 3266     819   865   822   823
 3267     865   864   822   868
 3268     865   822   823   869
 3269     822   865   868   869
 3270     864   865   867   868
 3271     866   864   867   868
 3272     865   867   868   869
 3273     867   866   868   870
 3274     867   868   869   871
 3275     868   867   870   871
 3276     819   825   872   823
 3277     865   819   872   823
 3278     825   872   823   827
 3279     872   865   823   869
 3280     872   823   827   874
 3281     823   872   869   874
 3282     865   872   873   869
 3283     867   865   873   869
 3284     872   873   869   874
 3285     873   867   869   871
 3286     873   869   874   875
 3287     869   873   871   875
 3288     825   829   876   827
 3289     872   825   876   827
 3290     829   876   827   831
 3291     876   872   827   874
 3292     876   827   831   878
 3293     827   876   874   878
 3294     872   876   877   874
 3295     873   872   877   874
 3296     876   877   874   878
 3297     877   873   874   875
 3298     877   874   878   879
 3299     874   877   875   879
 3300     829   833   880   831
 3301     876   829   880   831
 3302     833   880   831   835
 3303     880   876   831   878
 3304     880   831   835   882
 3305     831   880   878   882
 3306     876   880   881   878
 3307     877   876   881   878
 3308     880   881   878   882
 3309     881   877   878   879
 3310     881   878   882   883
 3311     878   881   879   883
 3312     833   837   884   835
 3313     880   833   884   835
 3314     837   884   835   839
 3315     884   880   835   882
 3316     884   835   839   886
 3317     835   884   882   886
 3318     880   884   885   882
 3319     881   880   885   882
 3320     884   885   882   886
 3321     885   881   882   883
 3322     885   882   886   887
 3323     882   885   883   887
 3324     837   841   888   839
 3325     884   837   888   839
 3326     841   888   839   843
 3327     888   884   839   886
 3328     888   839   843   890
 3329     839   888   886   890
 3330     884   888   889   886
 3331     885   884   889   886
 3332     888   889   886   890
 3333     889   885   886   887
 3334     889   886   890   891
 3335     886   889   887   891
 3336     841   845   892   843
 3337     888   841   892   843
 3338     845   892   843   847
 3339     892   888   843   890
 3340     892   843   847   894
 3341     843   892   890   894
 3342     888   892   893   890
 3343     889   888   893   890
 3344     892   893   890   894
 3345     893   889   890   891
 3346     893   890   894   895
 3347     890   893   891   895
 3348     845   818   864   847
 3349     892   845   864   847
 3350     818   864   847   822
 3351     864   892   847   894
 3352     864   847   822   868
 3353     847   864   894   868
 3354     892   864   866   894
 3355     893   892   866   894
 3356     864   866   894   868
 3357     866   893   894   895
 3358     866   894   868   870
 3359     894   866   895   870
 3360     822   823   869   850
 3361     868   822   869   850
 3362     823   869   850   851
 3363     869   868   850   896
 3364     869   850   851   897
 3365     850   869   896   897
 3366     868   869   871   896
 3367     870   868   871   896
 3368     869   871   896   897
 3369     871   870   896   898
 3370     871   896   897   899
 3371     896   871   898   899
 3372     823   827   874   851
 3373     869   823   874   851
 3374     827   874   851   853
 3375     874   869   851   897
 3376     874   851   853   900
 3377     851   874   897   900
 3378     869   874   875   897
 3379     871   869   875   897
 3380     874   875   897   900
 3381     875   871   897   899
 3382     875   897   900   901
 3383     897   875   899   901
 3384     827   831   878   853
 3385     874   827   878   853
 3386     831   878   853   855
 3387     878   874   853   900
 3388     878   853   855   902
 3389     853   878   900   902
 3390     874   878   879   900
 3391     875   874   879   900
 3392     878   879   900   902
 3393     879   875   900   901
 3394     879   900   902   903
 3395     900   879   901   903
 3396     831   835   882   855
 3397     878   831   882   855
 3398     835   882   855   857
 3399     882   878   855   902
 3400     882   855   857   904
 3401     855   882   902   904
 3402     878   882   883   902
 3403     879   878   883   902
 3404     882   883   902   904
 3405     883   879   902   903
 3406     883   902   904   905
 3407     902   883   903   905
 3408     835   839   886   857
 3409     882   835   886   857
 3410     839   886   857   859
 3411     886   882   857   904
 3412     886   857   859   906
 3413     857   886   904   906
 3414     882   886   887   904
 3415     883   882   887   904
 3416     886   887   904   906
 3417     887   883   904   905
 3418     887   904   906   907
 3419     904   887   905   907
 3420     839   843   890   859
 3421     886   839   890   859
 3422     843   890   859   861
 3423     890   886   859   906
 3424     890   859   861   908
 3425     859   890   906   908
 3426     886   890   891   906
 3427     887   886   891   906
 3428     890   891   906   908
 3429     891   887   906   907
 3430     891   906   908   909
 3431     906   891   907   909
 3432     843   847   894   861
 3433     890   843   894   861
 3434     847   894   861   863
 3435     894   890   861   908
 3436     894   861   863   910
 3437     861   894   908   910
 3438     890   894   895   908
 3439     891   890   895   908
 3440     894   895   908   910
 3441     895   891   908   909
 3442     895   908   910   911
 3443     908   895   909   911
 3444     847   822   868   863
 3445     894   847   868   863
 3446     822   868   863   850
 3447     868   894   863   910
 3448     868   863   850   896
 3449     863   868   910   896
 3450     894   868   870   910
 3451     895   894   870   910
 3452     868   870   910   896
 3453     870   895   910   911
 3454     870   910   896   898
 3455     910   870   911   898
 3456     866   867   913   870
 3457     912   866   913   870
 3458     867   913   870   871
 3459     913   912   870   916
 3460     913   870   871   917
 3461     870   913   916   917
 3462     912   913   915   916
 3463     914   912   915   916
 3464     913   915   916   917
 3465     915   914   916   918
 3466     915   916   917   919
 3467     916   915   918   919
 3468     867   873   920   871
 3469     913   867   920   871
 3470     873   920   871   875
 3471     920   913   871   917
 3472     920   871   875   922
 3473     871   920   917   922
 3474     913   920   921   917
 3475     915   913   921   917
 3476     920   921   917   922
 3477     921   915   917   919
 3478     921   917   922   923
 3479     917   921   919   923
 3480     873   877   924   875
 3481     920   873   924   875
 3482     877   924   875   879
 3483     924   920   875   922
 3484     924   875   879   926
 3485     875   924   922   926
 3486     920   924   925   922
 3487     921   920   925   922
 3488     924   925   922   926
 3489     925   921   922   923
 3490     925   922   926   927
 3491     922   925   923   927
 3492     877   881   928   879
 3493     924   877   928   879
 3494     881   928   879   883
 3495     928   924   879   926
 3496     928   879   883   930
 3497     879   928   926   930
 3498     924   928   929   926
 3499     925   924   929   926
 3500     928   929   926   930
 3501     929   925   926   927
 3502     929   926   930   931
 3503     926   929   927   931
 3504     881   885   932   883
 3505     928   881   932   883
 3506     885   932   883   887
 3507     932   928   883   930
 3508     932   883   887   934
 3509     883   932   930   934
 3510     928   932   933   930
 3511     929   928   933   930
 3512     932   933   930   934
 3513     933   929   930   931
 3514     933   930   934   935
 3515     930   933   931   935
 3516     885   889   936   887
 3517     932   885   936   887
 3518     889   936   887   891
 3519     936   932   887   934
 3520     936   887   891   938
 3521     887   936   934   938
 3522     932   936   937   934
 3523     933   932   937   934
 3524     936   937   934   938
 3525     937   933   934   935
 3526     937   934   938   939
 3527     934   937   935   939
 3528     889   893   940   891
 3529     936   889   940   891
 3530     893   940   891   895
 3531     940   936   891   938
 3532     940   891   895   942
 3533     891   940   938   942
 3534     936   940   941   938
 3535     937   936   941   938
 3536     940   941   938   942
 3537     941   937   938   939
 3538     941   938   942   943
 3539     938   941   939   943
 3540     893   866   912   895
 3541     940   893   912   895
 3542     866   912   895   870
 3543     912   940   895   942
 3544     912   895   870   916
 3545     895   912   942   916
 3546     940   912   914   942
 3547     941   940   914   942
 3548     912   914   942   916
 3549     914   941   942   943
 3550     914   942   916   918
 3551     942   914   943   918
 3552     870   871   917   898
 3553     916   870   917   898
 3554     871   917   898   899
 3555     917   916   898   944
 3556     917   898   899   945
 3557     898   917   944   945
 3558     916   917   919   944
 3559     918   916   919   944
 3560     917   919   944   945
 3561     919   918   944   946
 3562     919   944   945   947
 3563     944   919   946   947
 3564     871   875   922   899
 3565     917   871   922   899
 3566     875   922   899   901
 3567     922   917   899   945
 3568     922   899   901   948
 3569     899   922   945   948
 3570     917   922   923   945
 3571     919   917   923   945
 3572     922   923   945   948
 3573     923   919   945   947
 3574     923   945   948   949
 3575     945   923   947   949
 3576     875   879   926   901
 3577     922   875   926   901
 3578     879   926   901   903
 3579     926   922   901   948
 3580     926   901   903   950
 3581     901   926   948   950
 3582     922   926   927   948
 3583     923   922   927   948
 3584     926   927   948   950
 3585     927   923   948   949
 3586     927   948   950   951
 3587     948   927   949   951
 3588     879   883   930   903
 3589     926   879   930   903
 3590     883   930   903   905
 3591     930   926   903   950
 3592     930   903   905   952
 3593     903   930   950   952
 3594     926   930   931   950
 3595     927   926   931   950
 3596     930   931   950   952
 3597     931   927   950   951
 3598     931   950   952   953
 3599     950   931   951   953
 3600     883   887   934   905
 3601     930   883   934   905
 3602     887   934   905   907
 3603     934   930   905   952
 3604     934   905   907   954
 3605     905   934   952   954
 3606     930   934   935   952
 3607     931   930   935   952
 3608     934   935   952   954
 3609     935   931   952   953
 3610     935   952   954   955
 3611     952   935   953   955
 3612     887   891   938   907
 3613     934   887   938   907
 3614     891   938   907   909
 3615     938   934   907   954
 3616     938   907   909   956
 3617     907   938   954   956
 3618     934   938   939   954
 3619     935   934   939   954
 3620     938   939   954   956
 3621     939   935   954   955
 3622     939   954   956   957
 3623     954   939   955   957
 3624     891   895   942   909
 3625     938   891   942   909
 3626     895   942   909   911
 3627     942   938   909   956
 3628     942   909   911   958
 3629     909   942   956   958
 3630     938   942   943   956
 3631     939   938   943   956
 3632     942   943   956   958
 3633     943   939   956   957
 3634     943   956   958   959
 3635     956   943   957   959
 3636     895   870   916   911
 3637     942   895   916   911
 3638     870   916   911   898
 3639     916   942   911   958
 3640     916   911   898   944
 3641     911   916   958   944
 3642     942   916   918   958
 3643     943   942   918   958
 3644     916   918   958   944
 3645     918   943   958   959
 3646     918   958   944   946
 3647     958   918   959   946
 3648     914   915   961   918
 3649     960   914   961   918
 3650     915   961   918   919
 3651     961   960   918   964
 3652     961   918   919   965
 3653     918   961   964   965
 3654     960   961   963   964
 3655     962   960   963   964
 3656     961   963   964   965
 3657     963   962   964   966
 3658     963   964   965   967
 3659     964   963   966   967
 3660     915   921   968   919
 3661     961   915   968   919
 3662     921   968   919   923
 3663     968   961   919   965
 3664     968   919   923   970
 3665     919   968   965   970
 3666     961   968   969   965
 3667     963   961   969   965
 3668     968   969   965   970
 3669     969   963   965   967
 3670     969   965   970   971
 3671     965   969   967   971
 3672     921   925   972   923
 3673     968   921   972   923
 3674     925   972   923   927
 3675     972   968   923   970
 3676     972   923   927   974
 3677     923   972   970   974
 3678     968   972   973   970
 3679     969   968   973   970
 3680     972   973   970   974
 3681     973   969   970   971
 3682     973   970   974   975
 3683     970   973   971   975
 3684     925   929   976   927
 3685     972   925   976   927
 3686     929   976   927   931
 3687     976   972   927   974
 3688     976   927   931   978
 3689     927   976   974   978
 3690     972   976   977   974
 3691     973   972   977   974
 3692     976   977   974   978
 3693     977   973   974   975
 3694     977   974   978   979
 3695     974   977   975   979
 3696     929   933   980   931
 3697     976   929   980   931
 3698     933   980   931   935
 3699     980   976   931   978
 3700     980   931   935   982
 3701     931   980   978   982
 3702     976   980   981   978
 3703     977   976   981   978
 3704     980   981   978   982
 3705     981   977   978   979
 3706     981   978   982   983
 3707     978   981   979   983
 3708     933   937   984   935
 3709     980   933   984   935
 3710     937   984   935   939
 3711     984   980   935   982
 3712     984   935   939   986
 3713     935   984   982   986
 3714     980   984   985   982
 3715     981   980   985   982
 3716     984   985   982   986
 3717     985   981   982   983
 3718     985   982   986   987
 3719     982   985   983   987
 3720     937   941   988   939
 3721     984   937   988   939
 3722     941   988   939   943
 3723     988   984   939   986
 3724     988   939   943   990
 3725     939   988   986   990
 3726     984   988   989   986
 3727     985   984   989   986
 3728     988   989   986   990
 3729     989   985   986   987
 3730     989   986   990   991
 3731     986   989   987   991
 3732     941   914   960   943
 3733     988   941   960   943
 3734     914   960   943   918
 3735     960   988   943   990
 3736     960   943   918   964
 3737     943   960   990   964
 3738     988   960   962   990
 3739     989   988   962   990
 3740     960   962   990   964
 3741     962   989   990   991
 3742     962   990   964   966
 3743     990   962   991   966
 3744     918   919   965   946
 3745     964   918   965   946
 3746     919   965   946   947
 3747     965   964   946   992
 3748     965   946   947   993
 3749     946   965   992   993
 3750     964   965   967   992
 3751     966   964   967   992
 3752     965   967   992   993
 3753     967   966   992   994
 3754     967   992   993   995
 3755     992   967   994   995
 3756     919   923   970   947
 3757     965   919   970   947
 3758     923   970   947   949
 3759     970   965   947   993
 3760     970   947   949   996
 3761     947   970   993   996
 3762     965   970   971   993
 3763     967   965   971   993
 3764     970   971   993   996
 3765     971   967   993   995
 3766     971   993   996   997
 3767     993   971   995   997
 3768     923   927   974   949
 3769     970   923   974   949
 3770     927   974   949   951
 3771     974   970   949   996
 3772     974   949   951   998
 3773     949   974   996   998
 3774     970   974   975   996
 3775     971   970   975   996
 3776     974   975   996   998
 3777     975   971   996   997
 3778     975   996   998   999
 3779     996   975   997   999
 3780     927   931   978   951
 3781     974   927   978   951
 3782     931   978   951   953
 3783     978   974   951   998
 3784     978   951   953  1000
 3785     951   978   998  1000
 3786     974   978   979   998
 3787     975   974   979   998
 3788     978   979   998  1000
 3789     979   975   998   999
 3790     979   998  1000  1001
 3791     998   979   999  1001
 3792     931   935   982   953
 3793     978   931   982   953
 3794     935   982   953   955
 3795     982   978   953  1000
 3796     982   953   955  1002
 3797     953   982  1000  1002
 3798     978   982   983  1000
 3799     979   978   983  1000
 3800     982   983  1000  1002
 3801     983   979  1000  1001
 3802     983  1000  1002  1003
 3803    1000   983  1001  1003
 3804     935   939   986   955
 3805     982   935   986   955
 3806     939   986   955   957
 3807     986   982   955  1002
 3808     986   955   957  1004
 3809     955   986  1002  1004
 3810     982   986   987  1002
 3811     983   982   987  1002
 3812     986   987  1002  1004
 3813     987   983  1002  1003
 3814     987  1002  1004  1005
 3815    1002   987  1003  1005
 3816     939   943   990   957
 3817     986   939   990   957
 3818     943   990   957   959
 3819     990   986   957  1004
 3820     990   957   959  1006
 3821     957   990  1004  1006
 3822     986   990   991  1004
 3823     987   986   991  1004
 3824     990   991  1004  1006
 3825     991   987  1004  1005
 3826     991  1004  1006  1007
 3827    1004   991  1005  1007
 3828     943   918   964   959
 3829     990   943   964   959
 3830     918   964   959   946
 3831     964   990   959  1006
 3832     964   959   946   992
 3833     959   964  1006   992
 3834     990   964   966  1006
 3835     991   990   966  1006
 3836     964   966  1006   992
 3837     966   991  1006  1007
 3838     966  1006   992   994
 3839    1006   966  1007   994
 3840     458   459  1009   462
 3841    1008   458  1009   462
 3842     459  1009   462   463
 3843    1009  1008   462  1012
 3844    1009   462   463  1013
 3845     462  1009  1012  1013
 3846    1008  1009  1011  1012
 3847    1010  1008  1011  1012
 3848    1009  1011  1012  1013
 3849    1011  1010  1012  1014
 3850    1011  1012  1013  1015
 3851    1012  1011  1014  1015
 3852     459   465  1016   463
 3853    1009   459  1016   463
 3854     465  1016   463   467
 3855    1016  1009   463  1013
 3856    1016   463   467  1018
 3857     463  1016  1013  1018
 3858    1009  1016  1017  1013
 3859    1011  1009  1017  1013
 3860    1016  1017  1013  1018
 3861    1017  1011  1013  1015
 3862    1017  1013  1018  1019
 3863    1013  1017  1015  1019
 3864     465   469  1020   467
 3865    1016   465  1020   467
 3866     469  1020   467   471
 3867    1020  1016   467  1018
 3868    1020   467   471  1022
 3869     467  1020  1018  1022
 3870    1016  1020  1021  1018
 3871    1017  1016  1021  1018
 3872    1020  1021  1018  1022
 3873    1021  1017  1018  1019
 3874    1021  1018  1022  1023
 3875    1018  1021  1019  1023
 3876     469   473  1024   471
 3877    1020   469  1024   471
 3878     473  1024   471   475
 3879    1024  1020   471  1022
 3880    1024   471   475  1026
 3881     471  1024  1022  1026
 3882    1020  1024  1025  1022
 3883    1021  1020  1025  1022
 3884    1024  1025  1022  1026
 3885    1025  1021  1022  1023
 3886    1025  1022  1026  1027
 3887    1022  1025  1023  1027
 3888     473   477  1028   475
 3889    1024   473  1028   475
 3890     477  1028   475   479
 3891    1028  1024   475  1026
 3892    1028   475   479  1030
 3893     475  1028  1026  1030
 3894    1024  1028  1029  1026
 3895    1025  1024  1029  1026
 3896    1028  1029  1026  1030
 3897    1029  1025  1026  1027
 3898    1029  1026  1030  1031
 3899    1026  1029  1027  1031
 3900     477   481  1032   479
 3901    1028   477  1032   479
 3902     481  1032   479   483
 3903    1032  1028   479  1030
 3904    1032   479   483  1034
 3905     479  1032  1030  1034
 3906    1028  1032  1033  1030
 3907    1029  1028  1033  1030
 3908    1032  1033  1030  1034
 3909    1033  1029  1030  1031
 3910    1033  1030  1034  1035
 3911    1030  1033  1031  1035
 3912     481   485  1036   483
 3913    1032   481  1036   483
 3914     485  1036   483   487
 3915    1036  1032   483  1034
 3916    1036   483   487  1038
 3917     483  1036  1034  1038
 3918    1032  1036  1037  1034
 3919    1033  1032  1037  1034
 3920    1036  1037  1034  1038
 3921    1037  1033  1034  1035
 3922    1037  1034  1038  1039
 3923    1034  1037  1035  1039
 3924     485   458  1008   487
 3925    1036   485  1008   487
 3926     458  1008   487   462
 3927    1008  1036   487  1038
 3928    1008   487   462  1012
 3929     487  1008  1038  1012
 3930    1036  1008  1010  1038
 3931    1037  1036  1010  1038
 3932    1008  1010  1038  1012
 3933    1010  1037  1038  1039
 3934    1010  1038  1012  1014
 3935    1038  1010  1039  1014
 3936     462   463  1013   490
 3937    1012   462  1013   490
 3938     463  1013   490   491
 3939    1013  1012   490  1040
 3940    1013   490   491  1041
 3941     490  1013  1040  1041
 3942    1012  1013  1015  1040
 3943    1014  1012  1015  1040
 3944    1013  1015  1040  1041
 3945    1015  1014  1040  1042
 3946    1015  1040  1041  1043
 3947    1040  1015  1042  1043
 3948     463   467  1018   491
 3949    1013   463  1018   491
 3950     467  1018   491   493
 3951    1018  1013   491  1041
 3952    1018   491   493  1044
 3953     491  1018  1041  1044
 3954    1013  1018  1019  1041
 3955    1015  1013  1019  1041
 3956    1018  1019  1041  1044
 3957    1019  1015  1041  1043
 3958    1041  1019  1044  1045
 3959    1041  1019  1043  1045
 3960     467   471  1022   493
 3961    1018   467  1022   493
 3962     471  1022   493   495
 3963    1022  1018   493  1044
 3964    1022   493   495  1046
 3965     493  1022  1044  1046
 3966    1018  1022  1023  1044
 3967    1019  1018  1023  1044
 3968    1022  1023  1044  1046
 3969    1019  1023  1044  1045
 3970    1044  1023  1046  1047
 3971    1023  1044  1045  1047
 3972     471   475  1026   495
 3973    1022   471  1026   495
 3974     475  1026   495   497
 3975    1026  1022   495  1046
 3976    1026   495   497  1048
 3977     495  1026  1046  1048
 3978    1022  1026  1027  1046
 3979    1023  1022  1027  1046
 3980    1026  1027  1046  1048
 3981    1027  1023  1046  1047
 3982    1027  1046  1048  1049
 3983    1046  1027  1047  1049
 3984     475   479  1030   497
 3985    1026   475  1030   497
 3986     479  1030   497   499
 3987    1030  1026   497  1048
 3988    1030   497   499  1050
 3989     497  1030  1048  1050
 3990    1026  1030  1031  1048
 3991    1027  1026  1031  1048
 3992    1030  1031  1048  1050
 3993    1031  1027  1048  1049
 3994    1031  1048  1050  1051
 3995    1048  1031  1049  1051
 3996     479   483  1034   499
 3997    1030   479  1034   499
 3998     483  1034   499   501
 3999    1034  1030   499  1050
 4000    1034   499   501  1052
 4001     499  1034  1050  1052
 4002    1030  1034  1035  1050
 4003    1031  1030  1035  1050
 4004    1034  1035  1050  1052
 4005    1035  1031  1050  1051
 4006    1035  1050  1052  1053
 4007    1050  1035  1051  1053
 4008     483   487  1038   501
 4009    1034   483  1038   501
 4010     487  1038   501   503
 4011    1038  1034   501  1052
 4012    1038   501   503  1054
 4013     501  1038  1052  1054
 4014    1034  1038  1039  1052
 4015    1035  1034  1039  1052
 4016    1038  1039  1052  1054
 4017    1039  1035  1052  1053
 4018    1039  1052  1054  1055
 4019    1052  1039  1053  1055
 4020     487   462  1012   503
 4021    1038   487  1012   503
 4022     462  1012   503   490
 4023    1012  1038   503  1054
 4024    1012   503   490  1040
 4025     503  1012  1054  1040
 4026    1038  1012  1014  1054
 4027    1039  1038  1014  1054
 4028    1012  1014  1054  1040
 4029    1014  1039  1054  1055
 4030    1014  1054  1040  1042
 4031    1054  1014  1055  1042
 4032     962   963  1057   966
 4033    1056   962  1057   966
 4034     963  1057   966   967
 4035    1057  1056   966  1060
 4036    1057   966   967  1061
 4037     966  1057  1060  1061
 4038    1056  1057  1059  1060
 4039    1058  1056  1059  1060
 4040    1057  1059  1060  1061
 4041    1059  1058  1060  1062
 4042    1059  1060  1061  1063
 4043    1060  1059  1062  1063
 4044     963   969  1064   967
 4045    1057   963  1064   967
 4046     969  1064   967   971
 4047    1064  1057   967  1061
 4048    1064   967   971  1066
 4049     967  1064  1061  1066
 4050    1057  1064  1065  1061
 4051    1059  1057  1065  1061
 4052    1064  1065  1061  1066
 4053    1065  1059  1061  1063
 4054    1065  1061  1066  1067
 4055    1061  1065  1063  1067
 4056     969   973  1068   971
 4057    1064   969  1068   971
 4058     973  1068   971   975
 4059    1068  1064   971  1066
 4060    1068   971   975  1070
 4061     971  1068  1066  1070
 4062    1064  1068  1069  1066
 4063    1065  1064  1069  1066
 4064    1068  1069  1066  1070
 4065    1069  1065  1066  1067
 4066    1069  1066  1070  1071
 4067    1066  1069  1067  1071
 4068     973   977  1072   975
 4069    1068   973  1072   975
 4070     977  1072   975   979
 4071    1072  1068   975  1070
 4072    1072   975   979  1074
 4073     975  1072  1070  1074
 4074    1068  1072  1073  1070
 4075    1069  1068  1073  1070
 4076    1072  1073  1070  1074
 4077    1073  1069  1070  1071
 4078    1073  1070  1074  1075
 4079    1070  1073  1071  1075
 4080     977   981  1076   979
 4081    1072   977  1076   979
 4082     981  1076   979   983
 4083    1076  1072   979  1074
 4084    1076   979   983  1078
 4085     979  1076  1074  1078
 4086    1072  1076  1077  1074
 4087    1073  1072  1077  1074
 4088    1076  1077  1074  1078
 4089    1077  1073  1074  1075
 4090    1077  1074  1078  1079
 4091    1074  1077  1075  1079
 4092     981   985  1080   983
 4093    1076   981  1080   983
 4094     985  1080   983   987
 4095    1080  1076   983  1078
 4096    1080   983   987  1082
 4097     983  1080  1078  1082
 4098    1076  1080  1081  1078
 4099    1077  1076  1081  1078
 4100    1080  1081  1078  1082
 4101    1081  1077  1078  1079
 4102    1081  1078  1082  1083
 4103    1078  1081  1079  1083
 4104     985   989  1084   987
 4105    1080   985  1084   987
 4106     989  1084   987   991
 4107    1084  1080   987  1082
 4108    1084   987   991  1086
 4109     987  1084  1082  1086
 4110    1080  1084  1085  1082
 4111    1081  1080  1085  1082
 4112    1084  1085  1082  1086
 4113    1085  1081  1082  1083
 4114    1085  1082  1086  1087
 4115    1082  1085  1083  1087
 4116     989   962  1056   991
 4117    1084   989  1056   991
 4118     962  1056   991   966
 4119    1056  1084   991  1086
 4120    1056   991   966  1060
 4121     991  1056  1086  1060
 4122    1084  1056  1058  1086
 4123    1085  1084  1058  1086
 4124    1056  1058  1086  1060
 4125    1058  1085  1086  1087
 4126    1058  1086  1060  1062
 4127    1086  1058  1087  1062
 4128     966   967  1061   994
 4129    1060   966  1061   994
 4130     967  1061   994   995
 4131    1061  1060   994  1088
 4132    1061   994   995  1089
 4133     994  1061  1088  1089
 4134    1060  1061  1063  1088
 4135    1062  1060  1063  1088
 4136    1061  1063  1088  1089
 4137    1063  1062  1088  1042
 4138    1063  1088  1089  1055
 4139    1088  1063  1042  1055
 4140     967   971  1066   995
 4141    1061   967  1066   995
 4142     971  1066   995   997
 4143    1066  1061   995  1089
 4144    1066   995   997  1090
 4145     995  1066  1089  1090
 4146    1061  1066  1067  1089
 4147    1063  1061  1067  1089
 4148    1066  1067  1089  1090
 4149    1067  1063  1089  1055
 4150    1067  1089  1090  1053
 4151    1089  1067  1055  1053
 4152     971   975  1070   997
 4153    1066   971  1070   997
 4154     975  1070   997   999
 4155    1070  1066   997  1090
 4156    1070   997   999  1091
 4157     997  1070  1090  1091
 4158    1066  1070  1071  1090
 4159    1067  1066  1071  1090
 4160    1070  1071  1090  1091
 4161    1071  1067  1090  1053
 4162    1071  1090  1091  1051
 4163    1090  1071  1053  1051
 4164     975   979  1074   999
 4165    1070   975  1074   999
 4166     979  1074   999  1001
 4167    1074  1070   999  1091
 4168    1074   999  1001  1092
 4169     999  1074  1091  1092
 4170    1070  1074  1075  1091
 4171    1071  1070  1075  1091
 4172    1074  1075  1091  1092
 4173    1075  1071  1091  1051
 4174    1075  1091  1092  1049
 4175    1091  1075  1051  1049
 4176     979   983  1078  1001
 4177    1074   979  1078  1001
 4178     983  1078  1001  1003
 4179    1078  1074  1001  1092
 4180    1078  1001  1003  1093
 4181    1001  1078  1092  1093
 4182    1074  1078  1079  1092
 4183    1075  1074  1079  1092
 4184    1078  1079  1092  1093
 4185    1079  1075  1092  1049
 4186    1079  1092  1093  1094
 4187    1092  1079  1049  1094
 4188     983   987  1082  1003
 4189    1078   983  1082  1003
 4190     987  1082  1003  1005
 4191    1082  1078  1003  1093
 4192    1082  1003  1005  1095
 4193    1003  1082  1093  1095
 4194    1078  1082  1083  1093
 4195    1079  1078  1083  1093
 4196    1082  1083  1093  1095
 4197    1083  1079  1093  1094
 4198    1093  1083  1095  1096
 4199    1093  1083  1094  1096
 4200     987   991  1086  1005
 4201    1082   987  1086  1005
 4202     991  1086  1005  1007
 4203    1086  1082  1005  1095
 4204    1086  1005  1007  1097
 4205    1005  1086  1095  1097
 4206    1082  1086  1087  1095
 4207    1083  1082  1087  1095
 4208    1086  1087  1095  1097
 4209    1083  1087  1095  1096
 4210    1095  1087  1097  1098
 4211    1087  1095  1096  1098
 4212     991   966  1060  1007
 4213    1086   991  1060  1007
 4214     966  1060  1007   994
 4215    1060  1086  1007  1097
 4216    1060  1007   994  1088
 4217    1007  1060  1097  1088
 4218    1086  1060  1062  1097
 4219    1087  1086  1062  1097
 4220    1060  1062  1097  1088
 4221    1062  1087  1097  1098
 4222    1062  1097  1088  1042
 4223    1097  1062  1098  1042
 4224    1010  1011  1100  1014
 4225    1099  1010  1100  1014
 4226    1011  1100  1014  1015
 4227    1100  1099  1014  1103
 4228    1100  1014  1015  1104
 4229    1014  1100  1103  1104
 4230    1099  1100  1102  1103
 4231    1101  1099  1102  1103
 4232    1100  1102  1103  1104
 4233    1102  1101  1103  1105
 4234    1102  1103  1104  1106
 4235    1103  1102  1105  1106
 4236    1011  1017  1107  1015
 4237    1100  1011  1107  1015
 4238    1017  1107  1015  1019
 4239    1107  1100  1015  1104
 4240    1107  1015  1019  1109
 4241    1015  1107  1104  1109
 4242    1100  1107  1108  1104
 4243    1102  1100  1108  1104
 4244    1107  1108  1104  1109
 4245    1108  1102  1104  1106
 4246    1108  1104  1109  1110
 4247    1104  1108  1106  1110
 4248    1017  1021  1111  1019
 4249    1107  1017  1111  1019
 4250    1021  1111  1019  1023
 4251    1111  1107  1019  1109
 4252    1111  1019  1023  1113
 4253    1019  1111  1109  1113
 4254    1107  1111  1112  1109
 4255    1108  1107  1112  1109
 4256    1111  1112  1109  1113
 4257    1112  1108  1109  1110
 4258    1112  1109  1113  1114
 4259    1109  1112  1110  1114
 4260    1021  1025  1115  1023
 4261    1111  1021  1115  1023
 4262    1025  1115  1023  1027
 4263    1115  1111  1023  1113
 4264    1115  1023  1027  1117
 4265    1023  1115  1113  1117
 4266    1111  1115  1116  1113
 4267    1112  1111  1116  1113
 4268    1115  1116  1113  1117
 4269    1116  1112  1113  1114
 4270    1116  1113  1117  1118
 4271    1113  1116  1114  1118
 4272    1025  1029  1119  1027
 4273    1115  1025  1119  1027
 4274    1029  1119  1027  1031
 4275    1119  1115  1027  1117
 4276    1119  1027  1031  1121
 4277    1027  1119  1117  1121
 4278    1115  1119  1120  1117
 4279    1116  1115  1120  1117
 4280    1119  1120  1117  1121
 4281    1120  1116  1117  1118
 4282    1120  1117  1121  1122
 4283    1117  1120  1118  1122
 4284    1029  1033  1123  1031
 4285    1119  1029  1123  1031
 4286    1033  1123  1031  1035
 4287    1123  1119  1031  1121
 4288    1123  1031  1035  1125
 4289    1031  1123  1121  1125
 4290    1119  1123  1124  1121
 4291    1120  1119  1124  1121
 4292    1123  1124  1121  1125
 4293    1124  1120  1121  1122
 4294    1124  1121  1125  1126
 4295    1121  1124  1122  1126
 4296    1033  1037  1127  1035
 4297    1123  1033  1127  1035
 4298    1037  1127  1035  1039
 4299    1127  1123  1035  1125
 4300    1127  1035  1039  1129
 4301    1035  1127  1125  1129
 4302    1123  1127  1128  1125
 4303    1124  1123  1128  1125
 4304    1127  1128  1125  1129
 4305    1128  1124  1125  1126
 4306    1128  1125  1129  1130
 4307    1125  1128  1126  1130
 4308    1037  1010  1099  1039
 4309    1127  1037  1099  1039
 4310    1010  1099  1039  1014
 4311    1099  1127  1039  1129
 4312    1099  1039  1014  1103
 4313    1039  1099  1129  1103
 4314    1127  1099  1101  1129
 4315    1128  1127  1101  1129
 4316    1099  1101  1129  1103
 4317    1101  1128  1129  1130
 4318    1101  1129  1103  1105
 4319    1129  1101  1130  1105
 4320    1015  1014  1104  1042
 4321    1103  1014  1104  1042
 4322    1015  1104  1042  1043
 4323    1104  1103  1042  1131
 4324    1104  1042  1043  1132
 4325    1042  1104  1131  1132
 4326    1103  1104  1106  1131
 4327    1105  1103  1106  1131
 4328    1104  1106  1131  1132
 4329    1106  1105  1131  1133
 4330    1106  1131  1132  1134
 4331    1131  1106  1133  1134
 4332    1019  1015  1109  1043
 4333    1015  1104  1109  1043
 4334    1109  1019  1043  1045
 4335    1109  1104  1043  1132
 4336    1109  1043  1045  1135
 4337    1043  1109  1132  1135
 4338    1104  1109  1110  1132
 4339    1106  1104  1110  1132
 4340    1109  1110  1132  1135
 4341    1110  1106  1132  1134
 4342    1110  1132  1135  1136
 4343    1132  1110  1134  1136
 4344    1023  1019  1113  1045
 4345    1019  1109  1113  1045
 4346    1113  1023  1045  1047
 4347    1113  1109  1045  1135
 4348    1113  1045  1047  1137
 4349    1045  1113  1135  1137
 4350    1109  1113  1114  1135
 4351    1110  1109  1114  1135
 4352    1113  1114  1135  1137
 4353    1114  1110  1135  1136
 4354    1114  1135  1137  1138
 4355    1135  1114  1136  1138
 4356    1023  1027  1117  1047
 4357    1113  1023  1117  1047
 4358    1027  1117  1047  1049
 4359    1117  1113  1047  1137
 4360    1117  1047  1049  1139
 4361    1047  1117  1137  1139
 4362    1113  1117  1118  1137
 4363    1114  1113  1118  1137
 4364    1117  1118  1137  1139
 4365    1118  1114  1137  1138
 4366    1118  1137  1139  1140
 4367    1137  1118  1138  1140
 4368    1027  1031  1121  1049
 4369    1117  1027  1121  1049
 4370    1031  1121  1049  1051
 4371    1121  1117  1049  1139
 4372    1121  1049  1051  1141
 4373    1049  1121  1139  1141
 4374    1117  1121  1122  1139
 4375    1118  1117  1122  1139
 4376    1121  1122  1139  1141
 4377    1122  1118  1139  1140
 4378    1122  1139  1141  1142
 4379    1139  1122  1140  1142
 4380    1031  1035  1125  1051
 4381    1121  1031  1125  1051
 4382    1035  1125  1051  1053
 4383    1125  1121  1051  1141
 4384    1125  1051  1053  1143
 4385    1051  1125  1141  1143
 4386    1121  1125  1126  1141
 4387    1122  1121  1126  1141
 4388    1125  1126  1141  1143
 4389    1126  1122  1141  1142
 4390    1126  1141  1143  1144
 4391    1141  1126  1142  1144
 4392    1035  1039  1129  1053
 4393    1125  1035  1129  1053
 4394    1039  1129  1053  1055
 4395    1129  1125  1053  1143
 4396    1129  1053  1055  1145
 4397    1053  1129  1143  1145
 4398    1125  1129  1130  1143
 4399    1126  1125  1130  1143
 4400    1129  1130  1143  1145
 4401    1130  1126  1143  1144
 4402    1130  1143  1145  1146
 4403    1143  1130  1144  1146
 4404    1039  1014  1103  1055
 4405    1129  1039  1103  1055
 4406    1014  1103  1055  1042
 4407    1103  1129  1055  1145
 4408    1103  1055  1042  1131
 4409    1055  1103  1145  1131
 4410    1129  1103  1105  1145
 4411    1130  1129  1105  1145
 4412    1103  1105  1145  1131
 4413    1105  1130  1145  1146
 4414    1105  1145  1131  1133
 4415    1145  1105  1146  1133
 4416    1058  1059  1148  1062
 4417    1147  1058  1148  1062
 4418    1059  1148  1062  1063
 4419    1148  1147  1062  1151
 4420    1148  1062  1063  1152
 4421    1062  1148  1151  1152
 4422    1147  1148  1150  1151
 4423    1149  1147  1150  1151
 4424    1148  1150  1151  1152
 4425    1150  1149  1151  1153
 4426    1150  1151  1152  1154
 4427    1151  1150  1153  1154
 4428    1059  1065  1155  1063
 4429    1148  1059  1155  1063
 4430    1065  1155  1063  1067
 4431    1155  1148  1063  1152
 4432    1155  1063  1067  1157
 4433    1063  1155  1152  1157
 4434    1148  1155  1156  1152
 4435    1150  1148  1156  1152
 4436    1155  1156  1152  1157
 4437    1156  1150  1152  1154
 4438    1156  1152  1157  1158
 4439    1152  1156  1154  1158
 4440    1065  1069  1159  1067
 4441    1155  1065  1159  1067
 4442    1069  1159  1067  1071
 4443    1159  1155  1067  1157
 4444    1159  1067  1071  1161
 4445    1067  1159  1157  1161
 4446    1155  1159  1160  1157
 4447    1156  1155  1160  1157
 4448    1159  1160  1157  1161
 4449    1160  1156  1157  1158
 4450    1160  1157  1161  1162
 4451    1157  1160  1158  1162
 4452    1069  1073  1163  1071
 4453    1159  1069  1163  1071
 4454    1073  1163  1071  1075
 4455    1163  1159  1071  1161
 4456    1163  1071  1075  1165
 4457    1071  1163  1161  1165
 4458    1159  1163  1164  1161
 4459    1160  1159  1164  1161
 4460    1163  1164  1161  1165
 4461    1164  1160  1161  1162
 4462    1164  1161  1165  1166
 4463    1161  1164  1162  1166
 4464    1073  1077  1167  1075
 4465    1163  1073  1167  1075
 4466    1077  1167  1075  1079
 4467    1167  1163  1075  1165
 4468    1167  1075  1079  1169
 4469    1075  1167  1165  1169
 4470    1163  1167  1168  1165
 4471    1164  1163  1168  1165
 4472    1167  1168  1165  1169
 4473    1168  1164  1165  1166
 4474    1168  1165  1169  1170
 4475    1165  1168  1166  1170
 4476    1077  1081  1171  1079
 4477    1167  1077  1171  1079
 4478    1081  1171  1079  1083
 4479    1171  1167  1079  1169
 4480    1171  1079  1083  1173
 4481    1079  1171  1169  1173
 4482    1167  1171  1172  1169
 4483    1168  1167  1172  1169
 4484    1171  1172  1169  1173
 4485    1172  1168  1169  1170
 4486    1172  1169  1173  1174
 4487    1169  1172  1170  1174
 4488    1081  1085  1175  1083
 4489    1171  1081  1175  1083
 4490    1085  1175  1083  1087
 4491    1175  1171  1083  1173
 4492    1175  1083  1087  1177
 4493    1083  1175  1173  1177
 4494    1171  1175  1176  1173
 4495    1172  1171  1176  1173
 4496    1175  1176  1173  1177
 4497    1176  1172  1173  1174
 4498    1176  1173  1177  1178
 4499    1173  1176  1174  1178
 4500    1085  1058  1147  1087
 4501    1175  1085  1147  1087
 4502    1058  1147  1087  1062
 4503    1147  1175  1087  1177
 4504    1147  1087  1062  1151
 4505    1087  1147  1177  1151
 4506    1175  1147  1149  1177
 4507    1176  1175  1149  1177
 4508    1147  1149  1177  1151
 4509    1149  1176  1177  1178
 4510    1149  1177  1151  1153
 4511    1177  1149  1178  1153
 4512    1062  1063  1152  1042
 4513    1151  1062  1152  1042
 4514    1063  1152  1042  1055
 4515    1152  1151  1042  1131
 4516    1152  1042  1055  1145
 4517    1042  1152  1131  1145
 4518    1151  1152  1154  1131
 4519    1153  1151  1154  1131
 4520    1152  1154  1131  1145
 4521    1154  1153  1131  1133
 4522    1154  1131  1145  1146
 4523    1131  1154  1133  1146
 4524    1063  1067  1157  1055
 4525    1152  1063  1157  1055
 4526    1067  1157  1055  1053
 4527    1157  1152  1055  1145
 4528    1157  1055  1053  1143
 4529    1055  1157  1145  1143
 4530    1152  1157  1158  1145
 4531    1154  1152  1158  1145
 4532    1157  1158  1145  1143
 4533    1158  1154  1145  1146
 4534    1158  1145  1143  1144
 4535    1145  1158  1146  1144
 4536    1067  1071  1161  1053
 4537    1157  1067  1161  1053
 4538    1071  1161  1053  1051
 4539    1161  1157  1053  1143
 4540    1161  1053  1051  1141
 4541    1053  1161  1143  1141
 4542    1157  1161  1162  1143
 4543    1158  1157  1162  1143
 4544    1161  1162  1143  1141
 4545    1162  1158  1143  1144
 4546    1162  1143  1141  1142
 4547    1143  1162  1144  1142
 4548    1071  1075  1165  1051
 4549    1161  1071  1165  1051
 4550    1075  1165  1051  1049
 4551    1165  1161  1051  1141
 4552    1165  1051  1049  1139
 4553    1051  1165  1141  1139
 4554    1161  1165  1166  1141
 4555    1162  1161  1166  1141
 4556    1165  1166  1141  1139
 4557    1166  1162  1141  1142
 4558    1166  1141  1139  1140
 4559    1141  1166  1142  1140
 4560    1079  1075  1169  1049
 4561    1165  1075  1169  1049
 4562    1079  1169  1049  1094
 4563    1169  1165  1049  1139
 4564    1169  1049  1094  1179
 4565    1049  1169  1139  1179
 4566    1165  1169  1170  1139
 4567    1166  1165  1170  1139
 4568    1169  1170  1139  1179
 4569    1170  1166  1139  1140
 4570    1170  1139  1179  1180
 4571    1139  1170  1140  1180
 4572    1083  1079  1173  1094
 4573    1079  1169  1173  1094
 4574    1173  1083  1094  1096
 4575    1173  1169  1094  1179
 4576    1173  1094  1096  1181
 4577    1094  1173  1179  1181
 4578    1169  1173  1174  1179
 4579    1170  1169  1174  1179
 4580    1173  1174  1179  1181
 4581    1174  1170  1179  1180
 4582    1174  1179  1181  1182
 4583    1179  1174  1180  1182
 4584    1087  1083  1177  1096
 4585    1083  1173  1177  1096
 4586    1177  1087  1096  1098
 4587    1177  1173  1096  1181
 4588    1177  1096  1098  1183
 4589    1096  1177  1181  1183
 4590    1173  1177  1178  1181
 4591    1174  1173  1178  1181
 4592    1177  1178  1181  1183
 4593    1178  1174  1181  1182
 4594    1178  1181  1183  1184
 4595    1181  1178  1182  1184
 4596    1087  1062  1151  1098
 4597    1177  1087  1151  1098
 4598    1062  1151  1098  1042
 4599    1151  1177  1098  1183
 4600    1151  1098  1042  1131
 4601    1098  1151  1183  1131
 4602    1177  1151  1153  1183
 4603    1178  1177  1153  1183
 4604    1151  1153  1183  1131
 4605    1153  1178  1183  1184
 4606    1153  1183  1131  1133
 4607    1183  1153  1184  1133
 4608    1101  1102  1186  1105
 4609    1185  1101  1186  1105
 4610    1102  1186  1105  1106
 4611    1186  1185  1105  1189
 4612    1186  1105  1106  1190
 4613    1105  1186  1189  1190
 4614    1185  1186  1188  1189
 4615    1187  1185  1188  1189
 4616    1186  1188  1189  1190
 4617    1188  1187  1189  1191
 4618    1188  1189  1190  1192
 4619    1189  1188  1191  1192
 4620    1102  1108  1193  1106
 4621    1186  1102  1193  1106
 4622    1108  1193  1106  1110
 4623    1193  1186  1106  1190
 4624    1193  1106  1110  1195
 4625    1106  1193  1190  1195
 4626    1186  1193  1194  1190
 4627    1188  1186  1194  1190
 4628    1193  1194  1190  1195
 4629    1194  1188  1190  1192
 4630    1194  1190  1195  1196
 4631    1190  1194  1192  1196
 4632    1108  1112  1197  1110
 4633    1193  1108  1197  1110
 4634    1112  1197  1110  1114
 4635    1197  1193  1110  1195
 4636    1197  1110  1114  1199
 4637    1110  1197  1195  1199
 4638    1193  1197  1198  1195
 4639    1194  1193  1198  1195
 4640    1197  1198  1195  1199
 4641    1198  1194  1195  1196
 4642    1198  1195  1199  1200
 4643    1195  1198  1196  1200
 4644    1112  1116  1201  1114
 4645    1197  1112  1201  1114
 4646    1116  1201  1114  1118
 4647    1201  1197  1114  1199
 4648    1201  1114  1118  1203
 4649    1114  1201  1199  1203
 4650    1197  1201  1202  1199
 4651    1198  1197  1202  1199
 4652    1201  1202  1199  1203
 4653    1202  1198  1199  1200
 4654    1202  1199  1203  1204
 4655    1199  1202  1200  1204
 4656    1116  1120  1205  1118
 4657    1201  1116  1205  1118
 4658    1120  1205  1118  1122
 4659    1205  1201  1118  1203
 4660    1205  1118  1122  1207
 4661    1118  1205  1203  1207
 4662    1201  1205  1206  1203
 4663    1202  1201  1206  1203
 4664    1205  1206  1203  1207
 4665    1206  1202  1203  1204
 4666    1206  1203  1207  1208
 4667    1203  1206  1204  1208
 4668    1120  1124  1209  1122
 4669    1205  1120  1209  1122
 4670    1124  1209  1122  1126
 4671    1209  1205  1122  1207
 4672    1209  1122  1126  1211
 4673    1122  1209  1207  1211
 4674    1205  1209  1210  1207
 4675    1206  1205  1210  1207
 4676    1209  1210  1207  1211
 4677    1210  1206  1207  1208
 4678    1210  1207  1211  1212
 4679    1207  1210  1208  1212
 4680    1124  1128  1213  1126
 4681    1209  1124  1213  1126
 4682    1128  1213  1126  1130
 4683    1213  1209  1126  1211
 4684    1213  1126  1130  1215
 4685    1126  1213  1211  1215
 4686    1209  1213  1214  1211
 4687    1210  1209  1214  1211
 4688    1213  1214  1211  1215
 4689    1214  1210  1211  1212
 4690    1214  1211  1215  1216
 4691    1211  1214  1212  1216
 4692    1128  1101  1185  1130
 4693    1213  1128  1185  1130
 4694    1101  1185  1130  1105
 4695    1185  1213  1130  1215
 4696    1185  1130  1105  1189
 4697    1130  1185  1215  1189
 4698    1213  1185  1187  1215
 4699    1214  1213  1187  1215
 4700    1185  1187  1215  1189
 4701    1187  1214  1215  1216
 4702    1187  1215  1189  1191
 4703    1215  1187  1216  1191
 4704    1149  1150  1218  1153
 4705    1217  1149  1218  1153
 4706    1150  1218  1153  1154
 4707    1218  1217  1153  1221
 4708    1218  1153  1154  1222
 4709    1153  1218  1221  1222
 4710    1217  1218  1220  1221
 4711    1219  1217  1220  1221
 4712    1218  1220  1221  1222
 4713    1220  1219  1221  1223
 4714    1220  1221  1222  1224
 4715    1221  1220  1223  1224
 4716    1150  1156  1225  1154
 4717    1218  1150  1225  1154
 4718    1156  1225  1154  1158
 4719    1225  1218  1154  1222
 4720    1225  1154  1158  1227
 4721    1154  1225  1222  1227
 4722    1218  1225  1226  1222
 4723    1220  1218  1226  1222
 4724    1225  1226  1222  1227
 4725    1226  1220  1222  1224
 4726    1226  1222  1227  1228
 4727    1222  1226  1224  1228
 4728    1156  1160  1229  1158
 4729    1225  1156  1229  1158
 4730    1160  1229  1158  1162
 4731    1229  1225  1158  1227
 4732    1229  1158  1162  1231
 4733    1158  1229  1227  1231
 4734    1225  1229  1230  1227
 4735    1226  1225  1230  1227
 4736    1229  1230  1227  1231
 4737    1230  1226  1227  1228
 4738    1230  1227  1231  1232
 4739    1227  1230  1228  1232
 4740    1160  1164  1233  1162
 4741    1229  1160  1233  1162
 4742    1164  1233  1162  1166
 4743    1233  1229  1162  1231
 4744    1233  1162  1166  1235
 4745    1162  1233  1231  1235
 4746    1229  1233  1234  1231
 4747    1230  1229  1234  1231
 4748    1233  1234  1231  1235
 4749    1234  1230  1231  1232
 4750    1234  1231  1235  1236
 4751    1231  1234  1232  1236
 4752    1164  1168  1237  1166
 4753    1233  1164  1237  1166
 4754    1168  1237  1166  1170
 4755    1237  1233  1166  1235
 4756    1237  1166  1170  1239
 4757    1166  1237  1235  1239
 4758    1233  1237  1238  1235
 4759    1234  1233  1238  1235
 4760    1237  1238  1235  1239
 4761    1238  1234  1235  1236
 4762    1238  1235  1239  1240
 4763    1235  1238  1236  1240
 4764    1168  1172  1241  1170
 4765    1237  1168  1241  1170
 4766    1172  1241  1170  1174
 4767    1241  1237  1170  1239
 4768    1241  1170  1174  1243
 4769    1170  1241  1239  1243
 4770    1237  1241  1242  1239
 4771    1238  1237  1242  1239
 4772    1241  1242  1239  1243
 4773    1242  1238  1239  1240
 4774    1242  1239  1243  1244
 4775    1239  1242  1240  1244
 4776    1172  1176  1245  1174
 4777    1241  1172  1245  1174
 4778    1176  1245  1174  1178
 4779    1245  1241  1174  1243
 4780    1245  1174  1178  1247
 4781    1174  1245  1243  1247
 4782    1241  1245  1246  1243
 4783    1242  1241  1246  1243
 4784    1245  1246  1243  1247
 4785    1246  1242  1243  1244
 4786    1246  1243  1247  1248
 4787    1243  1246  1244  1248
 4788    1176  1149  1217  1178
 4789    1245  1176  1217  1178
 4790    1149  1217  1178  1153
 4791    1217  1245  1178  1247
 4792    1217  1178  1153  1221
 4793    1178  1217  1247  1221
 4794    1245  1217  1219  1247
 4795    1246  1245  1219  1247
 4796    1217  1219  1247  1221
 4797    1219  1246  1247  1248
 4798    1219  1247  1221  1223
 4799    1247  1219  1248  1223
 4800    1105  1106  1190  1133
 4801    1189  1105  1190  1133
 4802    1106  1190  1133  1134
 4803    1190  1189  1133  1249
 4804    1190  1133  1134  1250
 4805    1133  1190  1249  1250
 4806    1189  1190  1192  1249
 4807    1191  1189  1192  1249
 4808    1190  1192  1249  1250
 4809    1192  1191  1249  1251
 4810    1192  1249  1250  1252
 4811    1249  1192  1251  1252
 4812    1106  1110  1195  1134
 4813    1190  1106  1195  1134
 4814    1110  1195  1134  1136
 4815    1195  1190  1134  1250
 4816    1195  1134  1136  1253
 4817    1134  1195  1250  1253
 4818    1190  1195  1196  1250
 4819    1192  1190  1196  1250
 4820    1195  1196  1250  1253
 4821    1196  1192  1250  1252
 4822    1196  1250  1253  1254
 4823    1250  1196  1252  1254
 4824    1110  1114  1199  1136
 4825    1195  1110  1199  1136
 4826    1114  1199  1136  1138
 4827    1199  1195  1136  1253
 4828    1199  1136  1138  1255
 4829    1136  1199  1253  1255
 4830    1195  1199  1200  1253
 4831    1196  1195  1200  1253
 4832    1199  1200  1253  1255
 4833    1200  1196  1253  1254
 4834    1200  1253  1255  1256
 4835    1253  1200  1254  1256
 4836    1114  1118  1203  1138
 4837    1199  1114  1203  1138
 4838    1118  1203  1138  1140
 4839    1203  1199  1138  1255
 4840    1203  1138  1140  1257
 4841    1138  1203  1255  1257
 4842    1199  1203  1204  1255
 4843    1200  1199  1204  1255
 4844    1203  1204  1255  1257
 4845    1204  1200  1255  1256
 4846    1204  1255  1257  1258
 4847    1255  1204  1256  1258
 4848    1118  1122  1207  1140
 4849    1203  1118  1207  1140
 4850    1122  1207  1140  1142
 4851    1207  1203  1140  1257
 4852    1207  1140  1142  1259
 4853    1140  1207  1257  1259
 4854    1203  1207  1208  1257
 4855    1204  1203  1208  1257
 4856    1207  1208  1257  1259
 4857    1208  1204  1257  1258
 4858    1208  1257  1259  1260
 4859    1257  1208  1258  1260
 4860    1122  1126  1211  1142
 4861    1207  1122  1211  1142
 4862    1126  1211  1142  1144
 4863    1211  1207  1142  1259
 4864    1211  1142  1144  1261
 4865    1142  1211  1259  1261
 4866    1207  1211  1212  1259
 4867    1208  1207  1212  1259
 4868    1211  1212  1259  1261
 4869    1212  1208  1259  1260
 4870    1212  1259  1261  1262
 4871    1259  1212  1260  1262
 4872    1126  1130  1215  1144
 4873    1211  1126  1215  1144
 4874    1130  1215  1144  1146
 4875    1215  1211  1144  1261
 4876    1215  1144  1146  1263
 4877    1144  1215  1261  1263
 4878    1211  1215  1216  1261
 4879    1212  1211  1216  1261
 4880    1215  1216  1261  1263
 4881    1216  1212  1261  1262
 4882    1216  1261  1263  1264
 4883    1261  1216  1262  1264
 4884    1130  1105  1189  1146
 4885    1215  1130  1189  1146
 4886    1105  1189  1146  1133
 4887    1189  1215  1146  1263
 4888    1189  1146  1133  1249
 4889    1146  1189  1263  1249
 4890    1215  1189  1191  1263
 4891    1216  1215  1191  1263
 4892    1189  1191  1263  1249
 4893    1191  1216  1263  1264
 4894    1191  1263  1249  1251
 4895    1263  1191  1264  1251
 4896    1153  1154  1222  1133
 4897    1221  1153  1222  1133
 4898    1154  1222  1133  1146
 4899    1222  1221  1133  1249
 4900    1222  1133  1146  1263
 4901    1133  1222  1249  1263
 4902    1221  1222  1224  1249
 4903    1223  1221  1224  1249
 4904    1222  1224  1249  1263
 4905    1224  1223  1249  1251
 4906    1224  1249  1263  1264
 4907    1249  1224  1251  1264
 4908    1154  1158  1227  1146
 4909    1222  1154  1227  1146
 4910    1158  1227  1146  1144
 4911    1227  1222  1146  1263
 4912    1227  1146  1144  1261
 4913    1146  1227  1263  1261
 4914    1222  1227  1228  1263
 4915    1224  1222  1228  1263
 4916    1227  1228  1263  1261
 4917    1228  1224  1263  1264
 4918    1228  1263  1261  1262
 4919    1263  1228  1264  1262
 4920    1158  1162  1231  1144
 4921    1227  1158  1231  1144
 4922    1162  1231  1144  1142
 4923    1231  1227  1144  1261
 4924    1231  1144  1142  1259
 4925    1144  1231  1261  1259
 4926    1227  1231  1232  1261
 4927    1228  1227  1232  1261
 4928    1231  1232  1261  1259
 4929    1232  1228  1261  1262
 4930    1232  1261  1259  1260
 4931    1261  1232  1262  1260
 4932    1162  1166  1235  1142
 4933    1231  1162  1235  1142
 4934    1166  1235  1142  1140
 4935    1235  1231  1142  1259
 4936    1235  1142  1140  1257
 4937    1142  1235  1259  1257
 4938    1231  1235  1236  1259
 4939    1232  1231  1236  1259
 4940    1235  1236  1259  1257
 4941    1236  1232  1259  1260
 4942    1236  1259  1257  1258
 4943    1259  1236  1260  1258
 4944    1166  1170  1239  1140
 4945    1235  1166  1239  1140
 4946    1170  1239  1140  1180
 4947    1239  1235  1140  1257
 4948    1239  1140  1180  1265
 4949    1140  1239  1257  1265
 4950    1235  1239  1240  1257
 4951    1236  1235  1240  1257
 4952    1239  1240  1257  1265
 4953    1240  1236  1257  1258
 4954    1240  1257  1265  1266
 4955    1257  1240  1258  1266
 4956    1170  1174  1243  1180
 4957    1239  1170  1243  1180
 4958    1174  1243  1180  1182
 4959    1243  1239  1180  1265
 4960    1243  1180  1182  1267
 4961    1180  1243  1265  1267
 4962    1239  1243  1244  1265
 4963    1240  1239  1244  1265
 4964    1243  1244  1265  1267
 4965    1244  1240  1265  1266
 4966    1244  1265  1267  1268
 4967    1265  1244  1266  1268
 4968    1174  1178  1247  1182
 4969    1243  1174  1247  1182
 4970    1178  1247  1182  1184
 4971    1247  1243  1182  1267
 4972    1247  1182  1184  1269
 4973    1182  1247  1267  1269
 4974    1243  1247  1248  1267
 4975    1244  1243  1248  1267
 4976    1247  1248  1267  1269
 4977    1248  1244  1267  1268
 4978    1248  1267  1269  1270
 4979    1267  1248  1268  1270
 4980    1178  1153  1221  1184
 4981    1247  1178  1221  1184
 4982    1153  1221  1184  1133
 4983    1221  1247  1184  1269
 4984    1221  1184  1133  1249
 4985    1184  1221  1269  1249
 4986    1247  1221  1223  1269
 4987    1248  1247  1223  1269
 4988    1221  1223  1269  1249
 4989    1223  1248  1269  1270
 4990    1223  1269  1249  1251
 4991    1269  1223  1270  1251
# Generated by tetgen rat_uterus_test_mesh_low_res.ele 
