19968  4  0
    0       0     1     4    15
    1       3     0     4    15
    2       1     4    15    16
    3       4     3    15    18
    4       4    15    16    19
    5      15     4    18    19
    6       1     2     5    16
    7       4     1     5    16
    8       2     5    16    17
    9       5     4    16    19
   10       5    16    17    20
   11      16     5    19    20
   12       3     4     7    18
   13       6     3     7    18
   14       4     7    18    19
   15       7     6    18    21
   16       7    18    19    22
   17      18     7    21    22
   18       4     5     8    19
   19       7     4     8    19
   20       5     8    19    20
   21       8     7    19    22
   22       8    19    20    23
   23      19     8    22    23
   24       6     7    10    21
   25       9     6    10    21
   26       7    10    21    22
   27      10     9    21    24
   28      10    21    22    25
   29      21    10    24    25
   30       7     8    11    22
   31      10     7    11    22
   32       8    11    22    23
   33      11    10    22    25
   34      11    22    23    26
   35      22    11    25    26
   36       9    10    13    24
   37      12     9    13    24
   38      10    13    24    25
   39      13    12    24    27
   40      13    24    25    28
   41      24    13    27    28
   42      10    11    14    25
   43      13    10    14    25
   44      11    14    25    26
   45      14    13    25    28
   46      14    25    26    29
   47      25    14    28    29
   48      15    16    19    30
   49      18    15    19    30
   50      16    19    30    31
   51      19    18    30    33
   52      19    30    31    34
   53      30    19    33    34
   54      16    17    20    31
   55      19    16    20    31
   56      17    20    31    32
   57      20    19    31    34
   58      20    31    32    35
   59      31    20    34    35
   60      18    19    22    33
   61      21    18    22    33
   62      19    22    33    34
   63      22    21    33    36
   64      22    33    34    37
   65      33    22    36    37
   66      19    20    23    34
   67      22    19    23    34
   68      20    23    34    35
   69      23    22    34    37
   70      23    34    35    38
   71      34    23    37    38
   72      21    22    25    36
   73      24    21    25    36
   74      22    25    36    37
   75      25    24    36    39
   76      25    36    37    40
   77      36    25    39    40
   78      22    23    26    37
   79      25    22    26    37
   80      23    26    37    38
   81      26    25    37    40
   82      26    37    38    41
   83      37    26    40    41
   84      24    25    28    39
   85      27    24    28    39
   86      25    28    39    40
   87      28    27    39    42
   88      28    39    40    43
   89      39    28    42    43
   90      25    26    29    40
   91      28    25    29    40
   92      26    29    40    41
   93      29    28    40    43
   94      29    40    41    44
   95      40    29    43    44
   96       2    45    47    17
   97       5     2    47    17
   98      45    47    17    55
   99      47     5    17    20
  100      47    17    55    57
  101      17    47    20    57
  102      45    46    48    55
  103      47    45    48    55
  104      46    48    55    56
  105      48    47    55    57
  106      48    55    56    58
  107      55    48    57    58
  108       5    47    49    20
  109       8     5    49    20
  110      47    49    20    57
  111      49     8    20    23
  112      49    20    57    59
  113      20    49    23    59
  114      47    48    50    57
  115      49    47    50    57
  116      48    50    57    58
  117      50    49    57    59
  118      50    57    58    60
  119      57    50    59    60
  120       8    49    51    23
  121      11     8    51    23
  122      49    51    23    59
  123      51    11    23    26
  124      51    23    59    61
  125      23    51    26    61
  126      49    50    52    59
  127      51    49    52    59
  128      50    52    59    60
  129      52    51    59    61
  130      52    59    60    62
  131      59    52    61    62
  132      11    51    53    26
  133      14    11    53    26
  134      51    53    26    61
  135      53    14    26    29
  136      53    26    61    63
  137      26    53    29    63
  138      51    52    54    61
  139      53    51    54    61
  140      52    54    61    62
  141      54    53    61    63
  142      54    61    62    64
  143      61    54    63    64
  144      17    55    57    32
  145      20    17    57    32
  146      55    57    32    65
  147      57    20    32    35
  148      57    32    65    67
  149      32    57    35    67
  150      55    56    58    65
  151      57    55    58    65
  152      56    58    65    66
  153      58    57    65    67
  154      58    65    66    68
  155      65    58    67    68
  156      20    57    59    35
  157      23    20    59    35
  158      57    59    35    67
  159      59    23    35    38
  160      59    35    67    69
  161      35    59    38    69
  162      57    58    60    67
  163      59    57    60    67
  164      58    60    67    68
  165      60    59    67    69
  166      60    67    68    70
  167      67    60    69    70
  168      23    59    61    38
  169      26    23    61    38
  170      59    61    38    69
  171      61    26    38    41
  172      61    38    69    71
  173      38    61    41    71
  174      59    60    62    69
  175      61    59    62    69
  176      60    62    69    70
  177      62    61    69    71
  178      62    69    70    72
  179      69    62    71    72
  180      26    61    63    41
  181      29    26    63    41
  182      61    63    41    71
  183      63    29    41    44
  184      63    41    71    73
  185      41    63    44    73
  186      61    62    64    71
  187      63    61    64    71
  188      62    64    71    72
  189      64    63    71    73
  190      64    71    72    74
  191      71    64    73    74
  192      46    75    77    56
  193      48    46    77    56
  194      75    77    56    85
  195      77    48    56    58
  196      77    56    85    87
  197      56    77    58    87
  198      75    76    78    85
  199      77    75    78    85
  200      76    78    85    86
  201      78    77    85    87
  202      78    85    86    88
  203      85    78    87    88
  204      48    77    79    58
  205      50    48    79    58
  206      77    79    58    87
  207      79    50    58    60
  208      79    58    87    89
  209      58    79    60    89
  210      77    78    80    87
  211      79    77    80    87
  212      78    80    87    88
  213      80    79    87    89
  214      80    87    88    90
  215      87    80    89    90
  216      50    79    81    60
  217      52    50    81    60
  218      79    81    60    89
  219      81    52    60    62
  220      81    60    89    91
  221      60    81    62    91
  222      79    80    82    89
  223      81    79    82    89
  224      80    82    89    90
  225      82    81    89    91
  226      82    89    90    92
  227      89    82    91    92
  228      52    81    83    62
  229      54    52    83    62
  230      81    83    62    91
  231      83    54    62    64
  232      83    62    91    93
  233      62    83    64    93
  234      81    82    84    91
  235      83    81    84    91
  236      82    84    91    92
  237      84    83    91    93
  238      84    91    92    94
  239      91    84    93    94
  240      56    85    87    66
  241      58    56    87    66
  242      85    87    66    95
  243      87    58    66    68
  244      87    66    95    97
  245      66    87    68    97
  246      85    86    88    95
  247      87    85    88    95
  248      86    88    95    96
  249      88    87    95    97
  250      88    95    96    98
  251      95    88    97    98
  252      58    87    89    68
  253      60    58    89    68
  254      87    89    68    97
  255      89    60    68    70
  256      89    68    97    99
  257      68    89    70    99
  258      87    88    90    97
  259      89    87    90    97
  260      88    90    97    98
  261      90    89    97    99
  262      90    97    98   100
  263      97    90    99   100
  264      60    89    91    70
  265      62    60    91    70
  266      89    91    70    99
  267      91    62    70    72
  268      91    70    99   101
  269      70    91    72   101
  270      89    90    92    99
  271      91    89    92    99
  272      90    92    99   100
  273      92    91    99   101
  274      92    99   100   102
  275      99    92   101   102
  276      62    91    93    72
  277      64    62    93    72
  278      91    93    72   101
  279      93    64    72    74
  280      93    72   101   103
  281      72    93    74   103
  282      91    92    94   101
  283      93    91    94   101
  284      92    94   101   102
  285      94    93   101   103
  286      94   101   102   104
  287     101    94   103   104
  288      76   105   107    86
  289      78    76   107    86
  290     105   107    86   115
  291     107    78    86    88
  292     107    86   115   117
  293      86   107    88   117
  294     105   106   108   115
  295     107   105   108   115
  296     106   108   115   116
  297     108   107   115   117
  298     108   115   116   118
  299     115   108   117   118
  300      78   107   109    88
  301      80    78   109    88
  302     107   109    88   117
  303     109    80    88    90
  304     109    88   117   119
  305      88   109    90   119
  306     107   108   110   117
  307     109   107   110   117
  308     108   110   117   118
  309     110   109   117   119
  310     110   117   118   120
  311     117   110   119   120
  312      80   109   111    90
  313      82    80   111    90
  314     109   111    90   119
  315     111    82    90    92
  316     111    90   119   121
  317      90   111    92   121
  318     109   110   112   119
  319     111   109   112   119
  320     110   112   119   120
  321     112   111   119   121
  322     112   119   120   122
  323     119   112   121   122
  324      82   111   113    92
  325      84    82   113    92
  326     111   113    92   121
  327     113    84    92    94
  328     113    92   121   123
  329      92   113    94   123
  330     111   112   114   121
  331     113   111   114   121
  332     112   114   121   122
  333     114   113   121   123
  334     114   121   122   124
  335     121   114   123   124
  336      86   115   117    96
  337      88    86   117    96
  338     115   117    96   125
  339     117    88    96    98
  340     117    96   125   127
  341      96   117    98   127
  342     115   116   118   125
  343     117   115   118   125
  344     116   118   125   126
  345     118   117   125   127
  346     118   125   126   128
  347     125   118   127   128
  348      88   117   119    98
  349      90    88   119    98
  350     117   119    98   127
  351     119    90    98   100
  352     119    98   127   129
  353      98   119   100   129
  354     117   118   120   127
  355     119   117   120   127
  356     118   120   127   128
  357     120   119   127   129
  358     120   127   128   130
  359     127   120   129   130
  360      90   119   121   100
  361      92    90   121   100
  362     119   121   100   129
  363     121    92   100   102
  364     121   100   129   131
  365     100   121   102   131
  366     119   120   122   129
  367     121   119   122   129
  368     120   122   129   130
  369     122   121   129   131
  370     122   129   130   132
  371     129   122   131   132
  372      92   121   123   102
  373      94    92   123   102
  374     121   123   102   131
  375     123    94   102   104
  376     123   102   131   133
  377     102   123   104   133
  378     121   122   124   131
  379     123   121   124   131
  380     122   124   131   132
  381     124   123   131   133
  382     124   131   132   134
  383     131   124   133   134
  384     106   135   137   116
  385     108   106   137   116
  386     135   137   116   145
  387     137   108   116   118
  388     137   116   145   147
  389     116   137   118   147
  390     135   136   138   145
  391     137   135   138   145
  392     136   138   145   146
  393     138   137   145   147
  394     138   145   146   148
  395     145   138   147   148
  396     108   137   139   118
  397     110   108   139   118
  398     137   139   118   147
  399     139   110   118   120
  400     139   118   147   149
  401     118   139   120   149
  402     137   138   140   147
  403     139   137   140   147
  404     138   140   147   148
  405     140   139   147   149
  406     140   147   148   150
  407     147   140   149   150
  408     110   139   141   120
  409     112   110   141   120
  410     139   141   120   149
  411     141   112   120   122
  412     141   120   149   151
  413     120   141   122   151
  414     139   140   142   149
  415     141   139   142   149
  416     140   142   149   150
  417     142   141   149   151
  418     142   149   150   152
  419     149   142   151   152
  420     112   141   143   122
  421     114   112   143   122
  422     141   143   122   151
  423     143   114   122   124
  424     143   122   151   153
  425     122   143   124   153
  426     141   142   144   151
  427     143   141   144   151
  428     142   144   151   152
  429     144   143   151   153
  430     144   151   152   154
  431     151   144   153   154
  432     116   145   147   126
  433     118   116   147   126
  434     145   147   126   155
  435     147   118   126   128
  436     147   126   155   157
  437     126   147   128   157
  438     145   146   148   155
  439     147   145   148   155
  440     146   148   155   156
  441     148   147   155   157
  442     148   155   156   158
  443     155   148   157   158
  444     118   147   149   128
  445     120   118   149   128
  446     147   149   128   157
  447     149   120   128   130
  448     149   128   157   159
  449     128   149   130   159
  450     147   148   150   157
  451     149   147   150   157
  452     148   150   157   158
  453     150   149   157   159
  454     150   157   158   160
  455     157   150   159   160
  456     120   149   151   130
  457     122   120   151   130
  458     149   151   130   159
  459     151   122   130   132
  460     151   130   159   161
  461     130   151   132   161
  462     149   150   152   159
  463     151   149   152   159
  464     150   152   159   160
  465     152   151   159   161
  466     152   159   160   162
  467     159   152   161   162
  468     122   151   153   132
  469     124   122   153   132
  470     151   153   132   161
  471     153   124   132   134
  472     153   132   161   163
  473     132   153   134   163
  474     151   152   154   161
  475     153   151   154   161
  476     152   154   161   162
  477     154   153   161   163
  478     154   161   162   164
  479     161   154   163   164
  480     136   165   167   146
  481     138   136   167   146
  482     165   167   146   175
  483     167   138   146   148
  484     167   146   175   177
  485     146   167   148   177
  486     165   166   168   175
  487     167   165   168   175
  488     166   168   175   176
  489     168   167   175   177
  490     168   175   176   178
  491     175   168   177   178
  492     138   167   169   148
  493     140   138   169   148
  494     167   169   148   177
  495     169   140   148   150
  496     169   148   177   179
  497     148   169   150   179
  498     167   168   170   177
  499     169   167   170   177
  500     168   170   177   178
  501     170   169   177   179
  502     170   177   178   180
  503     177   170   179   180
  504     140   169   171   150
  505     142   140   171   150
  506     169   171   150   179
  507     171   142   150   152
  508     171   150   179   181
  509     150   171   152   181
  510     169   170   172   179
  511     171   169   172   179
  512     170   172   179   180
  513     172   171   179   181
  514     172   179   180   182
  515     179   172   181   182
  516     142   171   173   152
  517     144   142   173   152
  518     171   173   152   181
  519     173   144   152   154
  520     173   152   181   183
  521     152   173   154   183
  522     171   172   174   181
  523     173   171   174   181
  524     172   174   181   182
  525     174   173   181   183
  526     174   181   182   184
  527     181   174   183   184
  528     146   175   177   156
  529     148   146   177   156
  530     175   177   156   185
  531     177   148   156   158
  532     177   156   185   187
  533     156   177   158   187
  534     175   176   178   185
  535     177   175   178   185
  536     176   178   185   186
  537     178   177   185   187
  538     178   185   186   188
  539     185   178   187   188
  540     148   177   179   158
  541     150   148   179   158
  542     177   179   158   187
  543     179   150   158   160
  544     179   158   187   189
  545     158   179   160   189
  546     177   178   180   187
  547     179   177   180   187
  548     178   180   187   188
  549     180   179   187   189
  550     180   187   188   190
  551     187   180   189   190
  552     150   179   181   160
  553     152   150   181   160
  554     179   181   160   189
  555     181   152   160   162
  556     181   160   189   191
  557     160   181   162   191
  558     179   180   182   189
  559     181   179   182   189
  560     180   182   189   190
  561     182   181   189   191
  562     182   189   190   192
  563     189   182   191   192
  564     152   181   183   162
  565     154   152   183   162
  566     181   183   162   191
  567     183   154   162   164
  568     183   162   191   193
  569     162   183   164   193
  570     181   182   184   191
  571     183   181   184   191
  572     182   184   191   192
  573     184   183   191   193
  574     184   191   192   194
  575     191   184   193   194
  576     166   195   197   176
  577     168   166   197   176
  578     195   197   176   205
  579     197   168   176   178
  580     197   176   205   207
  581     176   197   178   207
  582     195   196   198   205
  583     197   195   198   205
  584     196   198   205   206
  585     198   197   205   207
  586     198   205   206   208
  587     205   198   207   208
  588     168   197   199   178
  589     170   168   199   178
  590     197   199   178   207
  591     199   170   178   180
  592     199   178   207   209
  593     178   199   180   209
  594     197   198   200   207
  595     199   197   200   207
  596     198   200   207   208
  597     200   199   207   209
  598     200   207   208   210
  599     207   200   209   210
  600     170   199   201   180
  601     172   170   201   180
  602     199   201   180   209
  603     201   172   180   182
  604     201   180   209   211
  605     180   201   182   211
  606     199   200   202   209
  607     201   199   202   209
  608     200   202   209   210
  609     202   201   209   211
  610     202   209   210   212
  611     209   202   211   212
  612     172   201   203   182
  613     174   172   203   182
  614     201   203   182   211
  615     203   174   182   184
  616     203   182   211   213
  617     182   203   184   213
  618     201   202   204   211
  619     203   201   204   211
  620     202   204   211   212
  621     204   203   211   213
  622     204   211   212   214
  623     211   204   213   214
  624     176   205   207   186
  625     178   176   207   186
  626     205   207   186   215
  627     207   178   186   188
  628     207   186   215   217
  629     186   207   188   217
  630     205   206   208   215
  631     207   205   208   215
  632     206   208   215   216
  633     208   207   215   217
  634     208   215   216   218
  635     215   208   217   218
  636     178   207   209   188
  637     180   178   209   188
  638     207   209   188   217
  639     209   180   188   190
  640     209   188   217   219
  641     188   209   190   219
  642     207   208   210   217
  643     209   207   210   217
  644     208   210   217   218
  645     210   209   217   219
  646     210   217   218   220
  647     217   210   219   220
  648     180   209   211   190
  649     182   180   211   190
  650     209   211   190   219
  651     211   182   190   192
  652     211   190   219   221
  653     190   211   192   221
  654     209   210   212   219
  655     211   209   212   219
  656     210   212   219   220
  657     212   211   219   221
  658     212   219   220   222
  659     219   212   221   222
  660     182   211   213   192
  661     184   182   213   192
  662     211   213   192   221
  663     213   184   192   194
  664     213   192   221   223
  665     192   213   194   223
  666     211   212   214   221
  667     213   211   214   221
  668     212   214   221   222
  669     214   213   221   223
  670     214   221   222   224
  671     221   214   223   224
  672     196   225   226   206
  673     198   196   226   206
  674     225   226   206   230
  675     226   198   206   208
  676     226   206   230   231
  677     206   226   208   231
  678     225     0     3   230
  679     226   225     3   230
  680       0     3   230    15
  681       3   226   230   231
  682       3   230    15    18
  683     230     3   231    18
  684     198   226   227   208
  685     200   198   227   208
  686     226   227   208   231
  687     227   200   208   210
  688     227   208   231   232
  689     208   227   210   232
  690     226     3     6   231
  691     227   226     6   231
  692       3     6   231    18
  693       6   227   231   232
  694       6   231    18    21
  695     231     6   232    21
  696     200   227   228   210
  697     202   200   228   210
  698     227   228   210   232
  699     228   202   210   212
  700     228   210   232   233
  701     210   228   212   233
  702     227     6     9   232
  703     228   227     9   232
  704       6     9   232    21
  705       9   228   232   233
  706       9   232    21    24
  707     232     9   233    24
  708     202   228   229   212
  709     204   202   229   212
  710     228   229   212   233
  711     229   204   212   214
  712     229   212   233   234
  713     212   229   214   234
  714     228     9    12   233
  715     229   228    12   233
  716       9    12   233    24
  717      12   229   233   234
  718      12   233    24    27
  719     233    12   234    27
  720     206   230   231   216
  721     208   206   231   216
  722     230   231   216   235
  723     231   208   216   218
  724     231   216   235   236
  725     216   231   218   236
  726     230    15    18   235
  727     231   230    18   235
  728      15    18   235    30
  729      18   231   235   236
  730      18   235    30    33
  731     235    18   236    33
  732     208   231   232   218
  733     210   208   232   218
  734     231   232   218   236
  735     232   210   218   220
  736     232   218   236   237
  737     218   232   220   237
  738     231    18    21   236
  739     232   231    21   236
  740      18    21   236    33
  741      21   232   236   237
  742      21   236    33    36
  743     236    21   237    36
  744     210   232   233   220
  745     212   210   233   220
  746     232   233   220   237
  747     233   212   220   222
  748     233   220   237   238
  749     220   233   222   238
  750     232    21    24   237
  751     233   232    24   237
  752      21    24   237    36
  753      24   233   237   238
  754      24   237    36    39
  755     237    24   238    39
  756     212   233   234   222
  757     214   212   234   222
  758     233   234   222   238
  759     234   214   222   224
  760     234   222   238   239
  761     222   234   224   239
  762     233    24    27   238
  763     234   233    27   238
  764      24    27   238    39
  765      27   234   238   239
  766      27   238    39    42
  767     238    27   239    42
  768      12    13   241    27
  769     240    12   241    27
  770      13   241    27    28
  771     241   240    27   252
  772     241    27    28   253
  773      27   241   252   253
  774      13    14   242    28
  775     241    13   242    28
  776      14   242    28    29
  777     242   241    28   253
  778     242    28    29   254
  779      28   242   253   254
  780     240   241   244   252
  781     243   240   244   252
  782     241   244   252   253
  783     244   243   252   255
  784     244   252   253   256
  785     252   244   255   256
  786     241   242   245   253
  787     244   241   245   253
  788     242   245   253   254
  789     245   244   253   256
  790     245   253   254   257
  791     253   245   256   257
  792     243   244   247   255
  793     246   243   247   255
  794     244   247   255   256
  795     247   246   255   258
  796     247   255   256   259
  797     255   247   258   259
  798     244   245   248   256
  799     247   244   248   256
  800     245   248   256   257
  801     248   247   256   259
  802     248   256   257   260
  803     256   248   259   260
  804     246   247   250   258
  805     249   246   250   258
  806     247   250   258   259
  807     250   249   258   261
  808     250   258   259   262
  809     258   250   261   262
  810     247   248   251   259
  811     250   247   251   259
  812     248   251   259   260
  813     251   250   259   262
  814     251   259   260   263
  815     259   251   262   263
  816      27    28   253    42
  817     252    27   253    42
  818      28   253    42    43
  819     253   252    42   264
  820     253    42    43   265
  821      42   253   264   265
  822      28    29   254    43
  823     253    28   254    43
  824      29   254    43    44
  825     254   253    43   265
  826     254    43    44   266
  827      43   254   265   266
  828     252   253   256   264
  829     255   252   256   264
  830     253   256   264   265
  831     256   255   264   267
  832     256   264   265   268
  833     264   256   267   268
  834     253   254   257   265
  835     256   253   257   265
  836     254   257   265   266
  837     257   256   265   268
  838     257   265   266   269
  839     265   257   268   269
  840     255   256   259   267
  841     258   255   259   267
  842     256   259   267   268
  843     259   258   267   270
  844     259   267   268   271
  845     267   259   270   271
  846     256   257   260   268
  847     259   256   260   268
  848     257   260   268   269
  849     260   259   268   271
  850     260   268   269   272
  851     268   260   271   272
  852     258   259   262   270
  853     261   258   262   270
  854     259   262   270   271
  855     262   261   270   273
  856     262   270   271   274
  857     270   262   273   274
  858     259   260   263   271
  859     262   259   263   271
  860     260   263   271   272
  861     263   262   271   274
  862     263   271   272   275
  863     271   263   274   275
  864      14    53   276    29
  865     242    14   276    29
  866      53   276    29    63
  867     276   242    29   254
  868     276    29    63   284
  869      29   276   254   284
  870      53    54   277    63
  871     276    53   277    63
  872      54   277    63    64
  873     277   276    63   284
  874     277    63    64   285
  875      63   277   284   285
  876     242   276   278   254
  877     245   242   278   254
  878     276   278   254   284
  879     278   245   254   257
  880     278   254   284   286
  881     254   278   257   286
  882     276   277   279   284
  883     278   276   279   284
  884     277   279   284   285
  885     279   278   284   286
  886     279   284   285   287
  887     284   279   286   287
  888     245   278   280   257
  889     248   245   280   257
  890     278   280   257   286
  891     280   248   257   260
  892     280   257   286   288
  893     257   280   260   288
  894     278   279   281   286
  895     280   278   281   286
  896     279   281   286   287
  897     281   280   286   288
  898     281   286   287   289
  899     286   281   288   289
  900     248   280   282   260
  901     251   248   282   260
  902     280   282   260   288
  903     282   251   260   263
  904     282   260   288   290
  905     260   282   263   290
  906     280   281   283   288
  907     282   280   283   288
  908     281   283   288   289
  909     283   282   288   290
  910     283   288   289   291
  911     288   283   290   291
  912      29    63   284    44
  913     254    29   284    44
  914      63   284    44    73
  915     284   254    44   266
  916     284    44    73   292
  917      44   284   266   292
  918      63    64   285    73
  919     284    63   285    73
  920      64   285    73    74
  921     285   284    73   292
  922     285    73    74   293
  923      73   285   292   293
  924     254   284   286   266
  925     257   254   286   266
  926     284   286   266   292
  927     286   257   266   269
  928     286   266   292   294
  929     266   286   269   294
  930     284   285   287   292
  931     286   284   287   292
  932     285   287   292   293
  933     287   286   292   294
  934     287   292   293   295
  935     292   287   294   295
  936     257   286   288   269
  937     260   257   288   269
  938     286   288   269   294
  939     288   260   269   272
  940     288   269   294   296
  941     269   288   272   296
  942     286   287   289   294
  943     288   286   289   294
  944     287   289   294   295
  945     289   288   294   296
  946     289   294   295   297
  947     294   289   296   297
  948     260   288   290   272
  949     263   260   290   272
  950     288   290   272   296
  951     290   263   272   275
  952     290   272   296   298
  953     272   290   275   298
  954     288   289   291   296
  955     290   288   291   296
  956     289   291   296   297
  957     291   290   296   298
  958     291   296   297   299
  959     296   291   298   299
  960      54    83   300    64
  961     277    54   300    64
  962      83   300    64    93
  963     300   277    64   285
  964     300    64    93   308
  965      64   300   285   308
  966      83    84   301    93
  967     300    83   301    93
  968      84   301    93    94
  969     301   300    93   308
  970     301    93    94   309
  971      93   301   308   309
  972     277   300   302   285
  973     279   277   302   285
  974     300   302   285   308
  975     302   279   285   287
  976     302   285   308   310
  977     285   302   287   310
  978     300   301   303   308
  979     302   300   303   308
  980     301   303   308   309
  981     303   302   308   310
  982     303   308   309   311
  983     308   303   310   311
  984     279   302   304   287
  985     281   279   304   287
  986     302   304   287   310
  987     304   281   287   289
  988     304   287   310   312
  989     287   304   289   312
  990     302   303   305   310
  991     304   302   305   310
  992     303   305   310   311
  993     305   304   310   312
  994     305   310   311   313
  995     310   305   312   313
  996     281   304   306   289
  997     283   281   306   289
  998     304   306   289   312
  999     306   283   289   291
 1000     306   289   312   314
 1001     289   306   291   314
 1002     304   305   307   312
 1003     306   304   307   312
 1004     305   307   312   313
 1005     307   306   312   314
 1006     307   312   313   315
 1007     312   307   314   315
 1008      64    93   308    74
 1009     285    64   308    74
 1010      93   308    74   103
 1011     308   285    74   293
 1012     308    74   103   316
 1013      74   308   293   316
 1014      93    94   309   103
 1015     308    93   309   103
 1016      94   309   103   104
 1017     309   308   103   316
 1018     309   103   104   317
 1019     103   309   316   317
 1020     285   308   310   293
 1021     287   285   310   293
 1022     308   310   293   316
 1023     310   287   293   295
 1024     310   293   316   318
 1025     293   310   295   318
 1026     308   309   311   316
 1027     310   308   311   316
 1028     309   311   316   317
 1029     311   310   316   318
 1030     311   316   317   319
 1031     316   311   318   319
 1032     287   310   312   295
 1033     289   287   312   295
 1034     310   312   295   318
 1035     312   289   295   297
 1036     312   295   318   320
 1037     295   312   297   320
 1038     310   311   313   318
 1039     312   310   313   318
 1040     311   313   318   319
 1041     313   312   318   320
 1042     313   318   319   321
 1043     318   313   320   321
 1044     289   312   314   297
 1045     291   289   314   297
 1046     312   314   297   320
 1047     314   291   297   299
 1048     314   297   320   322
 1049     297   314   299   322
 1050     312   313   315   320
 1051     314   312   315   320
 1052     313   315   320   321
 1053     315   314   320   322
 1054     315   320   321   323
 1055     320   315   322   323
 1056      84   113   324    94
 1057     301    84   324    94
 1058     113   324    94   123
 1059     324   301    94   309
 1060     324    94   123   332
 1061      94   324   309   332
 1062     113   114   325   123
 1063     324   113   325   123
 1064     114   325   123   124
 1065     325   324   123   332
 1066     325   123   124   333
 1067     123   325   332   333
 1068     301   324   326   309
 1069     303   301   326   309
 1070     324   326   309   332
 1071     326   303   309   311
 1072     326   309   332   334
 1073     309   326   311   334
 1074     324   325   327   332
 1075     326   324   327   332
 1076     325   327   332   333
 1077     327   326   332   334
 1078     327   332   333   335
 1079     332   327   334   335
 1080     303   326   328   311
 1081     305   303   328   311
 1082     326   328   311   334
 1083     328   305   311   313
 1084     328   311   334   336
 1085     311   328   313   336
 1086     326   327   329   334
 1087     328   326   329   334
 1088     327   329   334   335
 1089     329   328   334   336
 1090     329   334   335   337
 1091     334   329   336   337
 1092     305   328   330   313
 1093     307   305   330   313
 1094     328   330   313   336
 1095     330   307   313   315
 1096     330   313   336   338
 1097     313   330   315   338
 1098     328   329   331   336
 1099     330   328   331   336
 1100     329   331   336   337
 1101     331   330   336   338
 1102     331   336   337   339
 1103     336   331   338   339
 1104      94   123   332   104
 1105     309    94   332   104
 1106     123   332   104   133
 1107     332   309   104   317
 1108     332   104   133   340
 1109     104   332   317   340
 1110     123   124   333   133
 1111     332   123   333   133
 1112     124   333   133   134
 1113     333   332   133   340
 1114     333   133   134   341
 1115     133   333   340   341
 1116     309   332   334   317
 1117     311   309   334   317
 1118     332   334   317   340
 1119     334   311   317   319
 1120     334   317   340   342
 1121     317   334   319   342
 1122     332   333   335   340
 1123     334   332   335   340
 1124     333   335   340   341
 1125     335   334   340   342
 1126     335   340   341   343
 1127     340   335   342   343
 1128     311   334   336   319
 1129     313   311   336   319
 1130     334   336   319   342
 1131     336   313   319   321
 1132     336   319   342   344
 1133     319   336   321   344
 1134     334   335   337   342
 1135     336   334   337   342
 1136     335   337   342   343
 1137     337   336   342   344
 1138     337   342   343   345
 1139     342   337   344   345
 1140     313   336   338   321
 1141     315   313   338   321
 1142     336   338   321   344
 1143     338   315   321   323
 1144     338   321   344   346
 1145     321   338   323   346
 1146     336   337   339   344
 1147     338   336   339   344
 1148     337   339   344   345
 1149     339   338   344   346
 1150     339   344   345   347
 1151     344   339   346   347
 1152     114   143   348   124
 1153     325   114   348   124
 1154     143   348   124   153
 1155     348   325   124   333
 1156     348   124   153   356
 1157     124   348   333   356
 1158     143   144   349   153
 1159     348   143   349   153
 1160     144   349   153   154
 1161     349   348   153   356
 1162     349   153   154   357
 1163     153   349   356   357
 1164     325   348   350   333
 1165     327   325   350   333
 1166     348   350   333   356
 1167     350   327   333   335
 1168     350   333   356   358
 1169     333   350   335   358
 1170     348   349   351   356
 1171     350   348   351   356
 1172     349   351   356   357
 1173     351   350   356   358
 1174     351   356   357   359
 1175     356   351   358   359
 1176     327   350   352   335
 1177     329   327   352   335
 1178     350   352   335   358
 1179     352   329   335   337
 1180     352   335   358   360
 1181     335   352   337   360
 1182     350   351   353   358
 1183     352   350   353   358
 1184     351   353   358   359
 1185     353   352   358   360
 1186     353   358   359   361
 1187     358   353   360   361
 1188     329   352   354   337
 1189     331   329   354   337
 1190     352   354   337   360
 1191     354   331   337   339
 1192     354   337   360   362
 1193     337   354   339   362
 1194     352   353   355   360
 1195     354   352   355   360
 1196     353   355   360   361
 1197     355   354   360   362
 1198     355   360   361   363
 1199     360   355   362   363
 1200     124   153   356   134
 1201     333   124   356   134
 1202     153   356   134   163
 1203     356   333   134   341
 1204     356   134   163   364
 1205     134   356   341   364
 1206     153   154   357   163
 1207     356   153   357   163
 1208     154   357   163   164
 1209     357   356   163   364
 1210     357   163   164   365
 1211     163   357   364   365
 1212     333   356   358   341
 1213     335   333   358   341
 1214     356   358   341   364
 1215     358   335   341   343
 1216     358   341   364   366
 1217     341   358   343   366
 1218     356   357   359   364
 1219     358   356   359   364
 1220     357   359   364   365
 1221     359   358   364   366
 1222     359   364   365   367
 1223     364   359   366   367
 1224     335   358   360   343
 1225     337   335   360   343
 1226     358   360   343   366
 1227     360   337   343   345
 1228     360   343   366   368
 1229     343   360   345   368
 1230     358   359   361   366
 1231     360   358   361   366
 1232     359   361   366   367
 1233     361   360   366   368
 1234     361   366   367   369
 1235     366   361   368   369
 1236     337   360   362   345
 1237     339   337   362   345
 1238     360   362   345   368
 1239     362   339   345   347
 1240     362   345   368   370
 1241     345   362   347   370
 1242     360   361   363   368
 1243     362   360   363   368
 1244     361   363   368   369
 1245     363   362   368   370
 1246     363   368   369   371
 1247     368   363   370   371
 1248     144   173   372   154
 1249     349   144   372   154
 1250     173   372   154   183
 1251     372   349   154   357
 1252     372   154   183   380
 1253     154   372   357   380
 1254     173   174   373   183
 1255     372   173   373   183
 1256     174   373   183   184
 1257     373   372   183   380
 1258     373   183   184   381
 1259     183   373   380   381
 1260     349   372   374   357
 1261     351   349   374   357
 1262     372   374   357   380
 1263     374   351   357   359
 1264     374   357   380   382
 1265     357   374   359   382
 1266     372   373   375   380
 1267     374   372   375   380
 1268     373   375   380   381
 1269     375   374   380   382
 1270     375   380   381   383
 1271     380   375   382   383
 1272     351   374   376   359
 1273     353   351   376   359
 1274     374   376   359   382
 1275     376   353   359   361
 1276     376   359   382   384
 1277     359   376   361   384
 1278     374   375   377   382
 1279     376   374   377   382
 1280     375   377   382   383
 1281     377   376   382   384
 1282     377   382   383   385
 1283     382   377   384   385
 1284     353   376   378   361
 1285     355   353   378   361
 1286     376   378   361   384
 1287     378   355   361   363
 1288     378   361   384   386
 1289     361   378   363   386
 1290     376   377   379   384
 1291     378   376   379   384
 1292     377   379   384   385
 1293     379   378   384   386
 1294     379   384   385   387
 1295     384   379   386   387
 1296     154   183   380   164
 1297     357   154   380   164
 1298     183   380   164   193
 1299     380   357   164   365
 1300     380   164   193   388
 1301     164   380   365   388
 1302     183   184   381   193
 1303     380   183   381   193
 1304     184   381   193   194
 1305     381   380   193   388
 1306     381   193   194   389
 1307     193   381   388   389
 1308     357   380   382   365
 1309     359   357   382   365
 1310     380   382   365   388
 1311     382   359   365   367
 1312     382   365   388   390
 1313     365   382   367   390
 1314     380   381   383   388
 1315     382   380   383   388
 1316     381   383   388   389
 1317     383   382   388   390
 1318     383   388   389   391
 1319     388   383   390   391
 1320     359   382   384   367
 1321     361   359   384   367
 1322     382   384   367   390
 1323     384   361   367   369
 1324     384   367   390   392
 1325     367   384   369   392
 1326     382   383   385   390
 1327     384   382   385   390
 1328     383   385   390   391
 1329     385   384   390   392
 1330     385   390   391   393
 1331     390   385   392   393
 1332     361   384   386   369
 1333     363   361   386   369
 1334     384   386   369   392
 1335     386   363   369   371
 1336     386   369   392   394
 1337     369   386   371   394
 1338     384   385   387   392
 1339     386   384   387   392
 1340     385   387   392   393
 1341     387   386   392   394
 1342     387   392   393   395
 1343     392   387   394   395
 1344     174   203   396   184
 1345     373   174   396   184
 1346     203   396   184   213
 1347     396   373   184   381
 1348     396   184   213   404
 1349     184   396   381   404
 1350     203   204   397   213
 1351     396   203   397   213
 1352     204   397   213   214
 1353     397   396   213   404
 1354     397   213   214   405
 1355     213   397   404   405
 1356     373   396   398   381
 1357     375   373   398   381
 1358     396   398   381   404
 1359     398   375   381   383
 1360     398   381   404   406
 1361     381   398   383   406
 1362     396   397   399   404
 1363     398   396   399   404
 1364     397   399   404   405
 1365     399   398   404   406
 1366     399   404   405   407
 1367     404   399   406   407
 1368     375   398   400   383
 1369     377   375   400   383
 1370     398   400   383   406
 1371     400   377   383   385
 1372     400   383   406   408
 1373     383   400   385   408
 1374     398   399   401   406
 1375     400   398   401   406
 1376     399   401   406   407
 1377     401   400   406   408
 1378     401   406   407   409
 1379     406   401   408   409
 1380     377   400   402   385
 1381     379   377   402   385
 1382     400   402   385   408
 1383     402   379   385   387
 1384     402   385   408   410
 1385     385   402   387   410
 1386     400   401   403   408
 1387     402   400   403   408
 1388     401   403   408   409
 1389     403   402   408   410
 1390     403   408   409   411
 1391     408   403   410   411
 1392     184   213   404   194
 1393     381   184   404   194
 1394     213   404   194   223
 1395     404   381   194   389
 1396     404   194   223   412
 1397     194   404   389   412
 1398     213   214   405   223
 1399     404   213   405   223
 1400     214   405   223   224
 1401     405   404   223   412
 1402     405   223   224   413
 1403     223   405   412   413
 1404     381   404   406   389
 1405     383   381   406   389
 1406     404   406   389   412
 1407     406   383   389   391
 1408     406   389   412   414
 1409     389   406   391   414
 1410     404   405   407   412
 1411     406   404   407   412
 1412     405   407   412   413
 1413     407   406   412   414
 1414     407   412   413   415
 1415     412   407   414   415
 1416     383   406   408   391
 1417     385   383   408   391
 1418     406   408   391   414
 1419     408   385   391   393
 1420     408   391   414   416
 1421     391   408   393   416
 1422     406   407   409   414
 1423     408   406   409   414
 1424     407   409   414   415
 1425     409   408   414   416
 1426     409   414   415   417
 1427     414   409   416   417
 1428     385   408   410   393
 1429     387   385   410   393
 1430     408   410   393   416
 1431     410   387   393   395
 1432     410   393   416   418
 1433     393   410   395   418
 1434     408   409   411   416
 1435     410   408   411   416
 1436     409   411   416   417
 1437     411   410   416   418
 1438     411   416   417   419
 1439     416   411   418   419
 1440     204   229   420   214
 1441     397   204   420   214
 1442     229   420   214   234
 1443     420   397   214   405
 1444     420   214   234   424
 1445     214   420   405   424
 1446     229    12   240   234
 1447     420   229   240   234
 1448      12   240   234    27
 1449     240   420   234   424
 1450     240   234    27   252
 1451     234   240   424   252
 1452     397   420   421   405
 1453     399   397   421   405
 1454     420   421   405   424
 1455     421   399   405   407
 1456     421   405   424   425
 1457     405   421   407   425
 1458     420   240   243   424
 1459     421   420   243   424
 1460     240   243   424   252
 1461     243   421   424   425
 1462     243   424   252   255
 1463     424   243   425   255
 1464     399   421   422   407
 1465     401   399   422   407
 1466     421   422   407   425
 1467     422   401   407   409
 1468     422   407   425   426
 1469     407   422   409   426
 1470     421   243   246   425
 1471     422   421   246   425
 1472     243   246   425   255
 1473     246   422   425   426
 1474     246   425   255   258
 1475     425   246   426   258
 1476     401   422   423   409
 1477     403   401   423   409
 1478     422   423   409   426
 1479     423   403   409   411
 1480     423   409   426   427
 1481     409   423   411   427
 1482     422   246   249   426
 1483     423   422   249   426
 1484     246   249   426   258
 1485     249   423   426   427
 1486     249   426   258   261
 1487     426   249   427   261
 1488     214   234   424   224
 1489     405   214   424   224
 1490     234   424   224   239
 1491     424   405   224   413
 1492     424   224   239   428
 1493     224   424   413   428
 1494     234    27   252   239
 1495     424   234   252   239
 1496      27   252   239    42
 1497     252   424   239   428
 1498     252   239    42   264
 1499     239   252   428   264
 1500     405   424   425   413
 1501     407   405   425   413
 1502     424   425   413   428
 1503     425   407   413   415
 1504     425   413   428   429
 1505     413   425   415   429
 1506     424   252   255   428
 1507     425   424   255   428
 1508     252   255   428   264
 1509     255   425   428   429
 1510     255   428   264   267
 1511     428   255   429   267
 1512     407   425   426   415
 1513     409   407   426   415
 1514     425   426   415   429
 1515     426   409   415   417
 1516     426   415   429   430
 1517     415   426   417   430
 1518     425   255   258   429
 1519     426   425   258   429
 1520     255   258   429   267
 1521     258   426   429   430
 1522     258   429   267   270
 1523     429   258   430   270
 1524     409   426   427   417
 1525     411   409   427   417
 1526     426   427   417   430
 1527     427   411   417   419
 1528     427   417   430   431
 1529     417   427   419   431
 1530     426   258   261   430
 1531     427   426   261   430
 1532     258   261   430   270
 1533     261   427   430   431
 1534     261   430   270   273
 1535     430   261   431   273
 1536     249   250   433   261
 1537     432   249   433   261
 1538     250   433   261   262
 1539     433   432   261   444
 1540     433   261   262   445
 1541     261   433   444   445
 1542     250   251   434   262
 1543     433   250   434   262
 1544     251   434   262   263
 1545     434   433   262   445
 1546     434   262   263   446
 1547     262   434   445   446
 1548     432   433   436   444
 1549     435   432   436   444
 1550     433   436   444   445
 1551     436   435   444   447
 1552     436   444   445   448
 1553     444   436   447   448
 1554     433   434   437   445
 1555     436   433   437   445
 1556     434   437   445   446
 1557     437   436   445   448
 1558     437   445   446   449
 1559     445   437   448   449
 1560     435   436   439   447
 1561     438   435   439   447
 1562     436   439   447   448
 1563     439   438   447   450
 1564     439   447   448   451
 1565     447   439   450   451
 1566     436   437   440   448
 1567     439   436   440   448
 1568     437   440   448   449
 1569     440   439   448   451
 1570     440   448   449   452
 1571     448   440   451   452
 1572     438   439   442   450
 1573     441   438   442   450
 1574     439   442   450   451
 1575     442   441   450   453
 1576     442   450   451   454
 1577     450   442   453   454
 1578     439   440   443   451
 1579     442   439   443   451
 1580     440   443   451   452
 1581     443   442   451   454
 1582     443   451   452   455
 1583     451   443   454   455
 1584     261   262   445   273
 1585     444   261   445   273
 1586     262   445   273   274
 1587     445   444   273   456
 1588     445   273   274   457
 1589     273   445   456   457
 1590     262   263   446   274
 1591     445   262   446   274
 1592     263   446   274   275
 1593     446   445   274   457
 1594     446   274   275   458
 1595     274   446   457   458
 1596     444   445   448   456
 1597     447   444   448   456
 1598     445   448   456   457
 1599     448   447   456   459
 1600     448   456   457   460
 1601     456   448   459   460
 1602     445   446   449   457
 1603     448   445   449   457
 1604     446   449   457   458
 1605     449   448   457   460
 1606     449   457   458   461
 1607     457   449   460   461
 1608     447   448   451   459
 1609     450   447   451   459
 1610     448   451   459   460
 1611     451   450   459   462
 1612     451   459   460   463
 1613     459   451   462   463
 1614     448   449   452   460
 1615     451   448   452   460
 1616     449   452   460   461
 1617     452   451   460   463
 1618     452   460   461   464
 1619     460   452   463   464
 1620     450   451   454   462
 1621     453   450   454   462
 1622     451   454   462   463
 1623     454   453   462   465
 1624     454   462   463   466
 1625     462   454   465   466
 1626     451   452   455   463
 1627     454   451   455   463
 1628     452   455   463   464
 1629     455   454   463   466
 1630     455   463   464   467
 1631     463   455   466   467
 1632     251   282   468   263
 1633     434   251   468   263
 1634     282   468   263   290
 1635     468   434   263   446
 1636     468   263   290   476
 1637     263   468   446   476
 1638     282   283   469   290
 1639     468   282   469   290
 1640     283   469   290   291
 1641     469   468   290   476
 1642     469   290   291   477
 1643     290   469   476   477
 1644     434   468   470   446
 1645     437   434   470   446
 1646     468   470   446   476
 1647     470   437   446   449
 1648     470   446   476   478
 1649     446   470   449   478
 1650     468   469   471   476
 1651     470   468   471   476
 1652     469   471   476   477
 1653     471   470   476   478
 1654     471   476   477   479
 1655     476   471   478   479
 1656     437   470   472   449
 1657     440   437   472   449
 1658     470   472   449   478
 1659     472   440   449   452
 1660     472   449   478   480
 1661     449   472   452   480
 1662     470   471   473   478
 1663     472   470   473   478
 1664     471   473   478   479
 1665     473   472   478   480
 1666     473   478   479   481
 1667     478   473   480   481
 1668     440   472   474   452
 1669     443   440   474   452
 1670     472   474   452   480
 1671     474   443   452   455
 1672     474   452   480   482
 1673     452   474   455   482
 1674     472   473   475   480
 1675     474   472   475   480
 1676     473   475   480   481
 1677     475   474   480   482
 1678     475   480   481   483
 1679     480   475   482   483
 1680     263   290   476   275
 1681     446   263   476   275
 1682     290   476   275   298
 1683     476   446   275   458
 1684     476   275   298   484
 1685     275   476   458   484
 1686     290   291   477   298
 1687     476   290   477   298
 1688     291   477   298   299
 1689     477   476   298   484
 1690     477   298   299   485
 1691     298   477   484   485
 1692     446   476   478   458
 1693     449   446   478   458
 1694     476   478   458   484
 1695     478   449   458   461
 1696     478   458   484   486
 1697     458   478   461   486
 1698     476   477   479   484
 1699     478   476   479   484
 1700     477   479   484   485
 1701     479   478   484   486
 1702     479   484   485   487
 1703     484   479   486   487
 1704     449   478   480   461
 1705     452   449   480   461
 1706     478   480   461   486
 1707     480   452   461   464
 1708     480   461   486   488
 1709     461   480   464   488
 1710     478   479   481   486
 1711     480   478   481   486
 1712     479   481   486   487
 1713     481   480   486   488
 1714     481   486   487   489
 1715     486   481   488   489
 1716     452   480   482   464
 1717     455   452   482   464
 1718     480   482   464   488
 1719     482   455   464   467
 1720     482   464   488   490
 1721     464   482   467   490
 1722     480   481   483   488
 1723     482   480   483   488
 1724     481   483   488   489
 1725     483   482   488   490
 1726     483   488   489   491
 1727     488   483   490   491
 1728     283   306   492   291
 1729     469   283   492   291
 1730     306   492   291   314
 1731     492   469   291   477
 1732     492   291   314   500
 1733     291   492   477   500
 1734     306   307   493   314
 1735     492   306   493   314
 1736     307   493   314   315
 1737     493   492   314   500
 1738     493   314   315   501
 1739     314   493   500   501
 1740     469   492   494   477
 1741     471   469   494   477
 1742     492   494   477   500
 1743     494   471   477   479
 1744     494   477   500   502
 1745     477   494   479   502
 1746     492   493   495   500
 1747     494   492   495   500
 1748     493   495   500   501
 1749     495   494   500   502
 1750     495   500   501   503
 1751     500   495   502   503
 1752     471   494   496   479
 1753     473   471   496   479
 1754     494   496   479   502
 1755     496   473   479   481
 1756     496   479   502   504
 1757     479   496   481   504
 1758     494   495   497   502
 1759     496   494   497   502
 1760     495   497   502   503
 1761     497   496   502   504
 1762     497   502   503   505
 1763     502   497   504   505
 1764     473   496   498   481
 1765     475   473   498   481
 1766     496   498   481   504
 1767     498   475   481   483
 1768     498   481   504   506
 1769     481   498   483   506
 1770     496   497   499   504
 1771     498   496   499   504
 1772     497   499   504   505
 1773     499   498   504   506
 1774     499   504   505   507
 1775     504   499   506   507
 1776     291   314   500   299
 1777     477   291   500   299
 1778     314   500   299   322
 1779     500   477   299   485
 1780     500   299   322   508
 1781     299   500   485   508
 1782     314   315   501   322
 1783     500   314   501   322
 1784     315   501   322   323
 1785     501   500   322   508
 1786     501   322   323   509
 1787     322   501   508   509
 1788     477   500   502   485
 1789     479   477   502   485
 1790     500   502   485   508
 1791     502   479   485   487
 1792     502   485   508   510
 1793     485   502   487   510
 1794     500   501   503   508
 1795     502   500   503   508
 1796     501   503   508   509
 1797     503   502   508   510
 1798     503   508   509   511
 1799     508   503   510   511
 1800     479   502   504   487
 1801     481   479   504   487
 1802     502   504   487   510
 1803     504   481   487   489
 1804     504   487   510   512
 1805     487   504   489   512
 1806     502   503   505   510
 1807     504   502   505   510
 1808     503   505   510   511
 1809     505   504   510   512
 1810     505   510   511   513
 1811     510   505   512   513
 1812     481   504   506   489
 1813     483   481   506   489
 1814     504   506   489   512
 1815     506   483   489   491
 1816     506   489   512   514
 1817     489   506   491   514
 1818     504   505   507   512
 1819     506   504   507   512
 1820     505   507   512   513
 1821     507   506   512   514
 1822     507   512   513   515
 1823     512   507   514   515
 1824     307   330   516   315
 1825     493   307   516   315
 1826     330   516   315   338
 1827     516   493   315   501
 1828     516   315   338   524
 1829     315   516   501   524
 1830     330   331   517   338
 1831     516   330   517   338
 1832     331   517   338   339
 1833     517   516   338   524
 1834     517   338   339   525
 1835     338   517   524   525
 1836     493   516   518   501
 1837     495   493   518   501
 1838     516   518   501   524
 1839     518   495   501   503
 1840     518   501   524   526
 1841     501   518   503   526
 1842     516   517   519   524
 1843     518   516   519   524
 1844     517   519   524   525
 1845     519   518   524   526
 1846     519   524   525   527
 1847     524   519   526   527
 1848     495   518   520   503
 1849     497   495   520   503
 1850     518   520   503   526
 1851     520   497   503   505
 1852     520   503   526   528
 1853     503   520   505   528
 1854     518   519   521   526
 1855     520   518   521   526
 1856     519   521   526   527
 1857     521   520   526   528
 1858     521   526   527   529
 1859     526   521   528   529
 1860     497   520   522   505
 1861     499   497   522   505
 1862     520   522   505   528
 1863     522   499   505   507
 1864     522   505   528   530
 1865     505   522   507   530
 1866     520   521   523   528
 1867     522   520   523   528
 1868     521   523   528   529
 1869     523   522   528   530
 1870     523   528   529   531
 1871     528   523   530   531
 1872     315   338   524   323
 1873     501   315   524   323
 1874     338   524   323   346
 1875     524   501   323   509
 1876     524   323   346   532
 1877     323   524   509   532
 1878     338   339   525   346
 1879     524   338   525   346
 1880     339   525   346   347
 1881     525   524   346   532
 1882     525   346   347   533
 1883     346   525   532   533
 1884     501   524   526   509
 1885     503   501   526   509
 1886     524   526   509   532
 1887     526   503   509   511
 1888     526   509   532   534
 1889     509   526   511   534
 1890     524   525   527   532
 1891     526   524   527   532
 1892     525   527   532   533
 1893     527   526   532   534
 1894     527   532   533   535
 1895     532   527   534   535
 1896     503   526   528   511
 1897     505   503   528   511
 1898     526   528   511   534
 1899     528   505   511   513
 1900     528   511   534   536
 1901     511   528   513   536
 1902     526   527   529   534
 1903     528   526   529   534
 1904     527   529   534   535
 1905     529   528   534   536
 1906     529   534   535   537
 1907     534   529   536   537
 1908     505   528   530   513
 1909     507   505   530   513
 1910     528   530   513   536
 1911     530   507   513   515
 1912     530   513   536   538
 1913     513   530   515   538
 1914     528   529   531   536
 1915     530   528   531   536
 1916     529   531   536   537
 1917     531   530   536   538
 1918     531   536   537   539
 1919     536   531   538   539
 1920     331   354   540   339
 1921     517   331   540   339
 1922     354   540   339   362
 1923     540   517   339   525
 1924     540   339   362   548
 1925     339   540   525   548
 1926     354   355   541   362
 1927     540   354   541   362
 1928     355   541   362   363
 1929     541   540   362   548
 1930     541   362   363   549
 1931     362   541   548   549
 1932     517   540   542   525
 1933     519   517   542   525
 1934     540   542   525   548
 1935     542   519   525   527
 1936     542   525   548   550
 1937     525   542   527   550
 1938     540   541   543   548
 1939     542   540   543   548
 1940     541   543   548   549
 1941     543   542   548   550
 1942     543   548   549   551
 1943     548   543   550   551
 1944     519   542   544   527
 1945     521   519   544   527
 1946     542   544   527   550
 1947     544   521   527   529
 1948     544   527   550   552
 1949     527   544   529   552
 1950     542   543   545   550
 1951     544   542   545   550
 1952     543   545   550   551
 1953     545   544   550   552
 1954     545   550   551   553
 1955     550   545   552   553
 1956     521   544   546   529
 1957     523   521   546   529
 1958     544   546   529   552
 1959     546   523   529   531
 1960     546   529   552   554
 1961     529   546   531   554
 1962     544   545   547   552
 1963     546   544   547   552
 1964     545   547   552   553
 1965     547   546   552   554
 1966     547   552   553   555
 1967     552   547   554   555
 1968     339   362   548   347
 1969     525   339   548   347
 1970     362   548   347   370
 1971     548   525   347   533
 1972     548   347   370   556
 1973     347   548   533   556
 1974     362   363   549   370
 1975     548   362   549   370
 1976     363   549   370   371
 1977     549   548   370   556
 1978     549   370   371   557
 1979     370   549   556   557
 1980     525   548   550   533
 1981     527   525   550   533
 1982     548   550   533   556
 1983     550   527   533   535
 1984     550   533   556   558
 1985     533   550   535   558
 1986     548   549   551   556
 1987     550   548   551   556
 1988     549   551   556   557
 1989     551   550   556   558
 1990     551   556   557   559
 1991     556   551   558   559
 1992     527   550   552   535
 1993     529   527   552   535
 1994     550   552   535   558
 1995     552   529   535   537
 1996     552   535   558   560
 1997     535   552   537   560
 1998     550   551   553   558
 1999     552   550   553   558
 2000     551   553   558   559
 2001     553   552   558   560
 2002     553   558   559   561
 2003     558   553   560   561
 2004     529   552   554   537
 2005     531   529   554   537
 2006     552   554   537   560
 2007     554   531   537   539
 2008     554   537   560   562
 2009     537   554   539   562
 2010     552   553   555   560
 2011     554   552   555   560
 2012     553   555   560   561
 2013     555   554   560   562
 2014     555   560   561   563
 2015     560   555   562   563
 2016     355   378   564   363
 2017     541   355   564   363
 2018     378   564   363   386
 2019     564   541   363   549
 2020     564   363   386   572
 2021     363   564   549   572
 2022     378   379   565   386
 2023     564   378   565   386
 2024     379   565   386   387
 2025     565   564   386   572
 2026     565   386   387   573
 2027     386   565   572   573
 2028     541   564   566   549
 2029     543   541   566   549
 2030     564   566   549   572
 2031     566   543   549   551
 2032     566   549   572   574
 2033     549   566   551   574
 2034     564   565   567   572
 2035     566   564   567   572
 2036     565   567   572   573
 2037     567   566   572   574
 2038     567   572   573   575
 2039     572   567   574   575
 2040     543   566   568   551
 2041     545   543   568   551
 2042     566   568   551   574
 2043     568   545   551   553
 2044     568   551   574   576
 2045     551   568   553   576
 2046     566   567   569   574
 2047     568   566   569   574
 2048     567   569   574   575
 2049     569   568   574   576
 2050     569   574   575   577
 2051     574   569   576   577
 2052     545   568   570   553
 2053     547   545   570   553
 2054     568   570   553   576
 2055     570   547   553   555
 2056     570   553   576   578
 2057     553   570   555   578
 2058     568   569   571   576
 2059     570   568   571   576
 2060     569   571   576   577
 2061     571   570   576   578
 2062     571   576   577   579
 2063     576   571   578   579
 2064     363   386   572   371
 2065     549   363   572   371
 2066     386   572   371   394
 2067     572   549   371   557
 2068     572   371   394   580
 2069     371   572   557   580
 2070     386   387   573   394
 2071     572   386   573   394
 2072     387   573   394   395
 2073     573   572   394   580
 2074     573   394   395   581
 2075     394   573   580   581
 2076     549   572   574   557
 2077     551   549   574   557
 2078     572   574   557   580
 2079     574   551   557   559
 2080     574   557   580   582
 2081     557   574   559   582
 2082     572   573   575   580
 2083     574   572   575   580
 2084     573   575   580   581
 2085     575   574   580   582
 2086     575   580   581   583
 2087     580   575   582   583
 2088     551   574   576   559
 2089     553   551   576   559
 2090     574   576   559   582
 2091     576   553   559   561
 2092     576   559   582   584
 2093     559   576   561   584
 2094     574   575   577   582
 2095     576   574   577   582
 2096     575   577   582   583
 2097     577   576   582   584
 2098     577   582   583   585
 2099     582   577   584   585
 2100     553   576   578   561
 2101     555   553   578   561
 2102     576   578   561   584
 2103     578   555   561   563
 2104     578   561   584   586
 2105     561   578   563   586
 2106     576   577   579   584
 2107     578   576   579   584
 2108     577   579   584   585
 2109     579   578   584   586
 2110     579   584   585   587
 2111     584   579   586   587
 2112     379   402   588   387
 2113     565   379   588   387
 2114     402   588   387   410
 2115     588   565   387   573
 2116     588   387   410   596
 2117     387   588   573   596
 2118     402   403   589   410
 2119     588   402   589   410
 2120     403   589   410   411
 2121     589   588   410   596
 2122     589   410   411   597
 2123     410   589   596   597
 2124     565   588   590   573
 2125     567   565   590   573
 2126     588   590   573   596
 2127     590   567   573   575
 2128     590   573   596   598
 2129     573   590   575   598
 2130     588   589   591   596
 2131     590   588   591   596
 2132     589   591   596   597
 2133     591   590   596   598
 2134     591   596   597   599
 2135     596   591   598   599
 2136     567   590   592   575
 2137     569   567   592   575
 2138     590   592   575   598
 2139     592   569   575   577
 2140     592   575   598   600
 2141     575   592   577   600
 2142     590   591   593   598
 2143     592   590   593   598
 2144     591   593   598   599
 2145     593   592   598   600
 2146     593   598   599   601
 2147     598   593   600   601
 2148     569   592   594   577
 2149     571   569   594   577
 2150     592   594   577   600
 2151     594   571   577   579
 2152     594   577   600   602
 2153     577   594   579   602
 2154     592   593   595   600
 2155     594   592   595   600
 2156     593   595   600   601
 2157     595   594   600   602
 2158     595   600   601   603
 2159     600   595   602   603
 2160     387   410   596   395
 2161     573   387   596   395
 2162     410   596   395   418
 2163     596   573   395   581
 2164     596   395   418   604
 2165     395   596   581   604
 2166     410   411   597   418
 2167     596   410   597   418
 2168     411   597   418   419
 2169     597   596   418   604
 2170     597   418   419   605
 2171     418   597   604   605
 2172     573   596   598   581
 2173     575   573   598   581
 2174     596   598   581   604
 2175     598   575   581   583
 2176     598   581   604   606
 2177     581   598   583   606
 2178     596   597   599   604
 2179     598   596   599   604
 2180     597   599   604   605
 2181     599   598   604   606
 2182     599   604   605   607
 2183     604   599   606   607
 2184     575   598   600   583
 2185     577   575   600   583
 2186     598   600   583   606
 2187     600   577   583   585
 2188     600   583   606   608
 2189     583   600   585   608
 2190     598   599   601   606
 2191     600   598   601   606
 2192     599   601   606   607
 2193     601   600   606   608
 2194     601   606   607   609
 2195     606   601   608   609
 2196     577   600   602   585
 2197     579   577   602   585
 2198     600   602   585   608
 2199     602   579   585   587
 2200     602   585   608   610
 2201     585   602   587   610
 2202     600   601   603   608
 2203     602   600   603   608
 2204     601   603   608   609
 2205     603   602   608   610
 2206     603   608   609   611
 2207     608   603   610   611
 2208     403   423   612   411
 2209     589   403   612   411
 2210     423   612   411   427
 2211     612   589   411   597
 2212     612   411   427   616
 2213     411   612   597   616
 2214     423   249   432   427
 2215     612   423   432   427
 2216     249   432   427   261
 2217     432   612   427   616
 2218     432   427   261   444
 2219     427   432   616   444
 2220     589   612   613   597
 2221     591   589   613   597
 2222     612   613   597   616
 2223     613   591   597   599
 2224     613   597   616   617
 2225     597   613   599   617
 2226     612   432   435   616
 2227     613   612   435   616
 2228     432   435   616   444
 2229     435   613   616   617
 2230     435   616   444   447
 2231     616   435   617   447
 2232     591   613   614   599
 2233     593   591   614   599
 2234     613   614   599   617
 2235     614   593   599   601
 2236     614   599   617   618
 2237     599   614   601   618
 2238     613   435   438   617
 2239     614   613   438   617
 2240     435   438   617   447
 2241     438   614   617   618
 2242     438   617   447   450
 2243     617   438   618   450
 2244     593   614   615   601
 2245     595   593   615   601
 2246     614   615   601   618
 2247     615   595   601   603
 2248     615   601   618   619
 2249     601   615   603   619
 2250     614   438   441   618
 2251     615   614   441   618
 2252     438   441   618   450
 2253     441   615   618   619
 2254     441   618   450   453
 2255     618   441   619   453
 2256     411   427   616   419
 2257     597   411   616   419
 2258     427   616   419   431
 2259     616   597   419   605
 2260     616   419   431   620
 2261     419   616   605   620
 2262     427   261   444   431
 2263     616   427   444   431
 2264     261   444   431   273
 2265     444   616   431   620
 2266     444   431   273   456
 2267     431   444   620   456
 2268     597   616   617   605
 2269     599   597   617   605
 2270     616   617   605   620
 2271     617   599   605   607
 2272     617   605   620   621
 2273     605   617   607   621
 2274     616   444   447   620
 2275     617   616   447   620
 2276     444   447   620   456
 2277     447   617   620   621
 2278     447   620   456   459
 2279     620   447   621   459
 2280     599   617   618   607
 2281     601   599   618   607
 2282     617   618   607   621
 2283     618   601   607   609
 2284     618   607   621   622
 2285     607   618   609   622
 2286     617   447   450   621
 2287     618   617   450   621
 2288     447   450   621   459
 2289     450   618   621   622
 2290     450   621   459   462
 2291     621   450   622   462
 2292     601   618   619   609
 2293     603   601   619   609
 2294     618   619   609   622
 2295     619   603   609   611
 2296     619   609   622   623
 2297     609   619   611   623
 2298     618   450   453   622
 2299     619   618   453   622
 2300     450   453   622   462
 2301     453   619   622   623
 2302     453   622   462   465
 2303     622   453   623   465
 2304     441   442   625   453
 2305     624   441   625   453
 2306     442   625   453   454
 2307     625   624   453   636
 2308     625   453   454   637
 2309     453   625   636   637
 2310     442   443   626   454
 2311     625   442   626   454
 2312     443   626   454   455
 2313     626   625   454   637
 2314     626   454   455   638
 2315     454   626   637   638
 2316     624   625   628   636
 2317     627   624   628   636
 2318     625   628   636   637
 2319     628   627   636   639
 2320     628   636   637   640
 2321     636   628   639   640
 2322     625   626   629   637
 2323     628   625   629   637
 2324     626   629   637   638
 2325     629   628   637   640
 2326     629   637   638   641
 2327     637   629   640   641
 2328     627   628   631   639
 2329     630   627   631   639
 2330     628   631   639   640
 2331     631   630   639   642
 2332     631   639   640   643
 2333     639   631   642   643
 2334     628   629   632   640
 2335     631   628   632   640
 2336     629   632   640   641
 2337     632   631   640   643
 2338     632   640   641   644
 2339     640   632   643   644
 2340     630   631   634   642
 2341     633   630   634   642
 2342     631   634   642   643
 2343     634   633   642   645
 2344     634   642   643   646
 2345     642   634   645   646
 2346     631   632   635   643
 2347     634   631   635   643
 2348     632   635   643   644
 2349     635   634   643   646
 2350     635   643   644   647
 2351     643   635   646   647
 2352     453   454   637   465
 2353     636   453   637   465
 2354     454   637   465   466
 2355     637   636   465   648
 2356     637   465   466   649
 2357     465   637   648   649
 2358     454   455   638   466
 2359     637   454   638   466
 2360     455   638   466   467
 2361     638   637   466   649
 2362     638   466   467   650
 2363     466   638   649   650
 2364     636   637   640   648
 2365     639   636   640   648
 2366     637   640   648   649
 2367     640   639   648   651
 2368     640   648   649   652
 2369     648   640   651   652
 2370     637   638   641   649
 2371     640   637   641   649
 2372     638   641   649   650
 2373     641   640   649   652
 2374     641   649   650   653
 2375     649   641   652   653
 2376     639   640   643   651
 2377     642   639   643   651
 2378     640   643   651   652
 2379     643   642   651   654
 2380     643   651   652   655
 2381     651   643   654   655
 2382     640   641   644   652
 2383     643   640   644   652
 2384     641   644   652   653
 2385     644   643   652   655
 2386     644   652   653   656
 2387     652   644   655   656
 2388     642   643   646   654
 2389     645   642   646   654
 2390     643   646   654   655
 2391     646   645   654   657
 2392     646   654   655   658
 2393     654   646   657   658
 2394     643   644   647   655
 2395     646   643   647   655
 2396     644   647   655   656
 2397     647   646   655   658
 2398     647   655   656   659
 2399     655   647   658   659
 2400     443   474   660   455
 2401     626   443   660   455
 2402     474   660   455   482
 2403     660   626   455   638
 2404     660   455   482   668
 2405     455   660   638   668
 2406     474   475   661   482
 2407     660   474   661   482
 2408     475   661   482   483
 2409     661   660   482   668
 2410     661   482   483   669
 2411     482   661   668   669
 2412     626   660   662   638
 2413     629   626   662   638
 2414     660   662   638   668
 2415     662   629   638   641
 2416     662   638   668   670
 2417     638   662   641   670
 2418     660   661   663   668
 2419     662   660   663   668
 2420     661   663   668   669
 2421     663   662   668   670
 2422     663   668   669   671
 2423     668   663   670   671
 2424     629   662   664   641
 2425     632   629   664   641
 2426     662   664   641   670
 2427     664   632   641   644
 2428     664   641   670   672
 2429     641   664   644   672
 2430     662   663   665   670
 2431     664   662   665   670
 2432     663   665   670   671
 2433     665   664   670   672
 2434     665   670   671   673
 2435     670   665   672   673
 2436     632   664   666   644
 2437     635   632   666   644
 2438     664   666   644   672
 2439     666   635   644   647
 2440     666   644   672   674
 2441     644   666   647   674
 2442     664   665   667   672
 2443     666   664   667   672
 2444     665   667   672   673
 2445     667   666   672   674
 2446     667   672   673   675
 2447     672   667   674   675
 2448     455   482   668   467
 2449     638   455   668   467
 2450     482   668   467   490
 2451     668   638   467   650
 2452     668   467   490   676
 2453     467   668   650   676
 2454     482   483   669   490
 2455     668   482   669   490
 2456     483   669   490   491
 2457     669   668   490   676
 2458     669   490   491   677
 2459     490   669   676   677
 2460     638   668   670   650
 2461     641   638   670   650
 2462     668   670   650   676
 2463     670   641   650   653
 2464     670   650   676   678
 2465     650   670   653   678
 2466     668   669   671   676
 2467     670   668   671   676
 2468     669   671   676   677
 2469     671   670   676   678
 2470     671   676   677   679
 2471     676   671   678   679
 2472     641   670   672   653
 2473     644   641   672   653
 2474     670   672   653   678
 2475     672   644   653   656
 2476     672   653   678   680
 2477     653   672   656   680
 2478     670   671   673   678
 2479     672   670   673   678
 2480     671   673   678   679
 2481     673   672   678   680
 2482     673   678   679   681
 2483     678   673   680   681
 2484     644   672   674   656
 2485     647   644   674   656
 2486     672   674   656   680
 2487     674   647   656   659
 2488     674   656   680   682
 2489     656   674   659   682
 2490     672   673   675   680
 2491     674   672   675   680
 2492     673   675   680   681
 2493     675   674   680   682
 2494     675   680   681   683
 2495     680   675   682   683
 2496     475   498   684   483
 2497     661   475   684   483
 2498     498   684   483   506
 2499     684   661   483   669
 2500     684   483   506   692
 2501     483   684   669   692
 2502     498   499   685   506
 2503     684   498   685   506
 2504     499   685   506   507
 2505     685   684   506   692
 2506     685   506   507   693
 2507     506   685   692   693
 2508     661   684   686   669
 2509     663   661   686   669
 2510     684   686   669   692
 2511     686   663   669   671
 2512     686   669   692   694
 2513     669   686   671   694
 2514     684   685   687   692
 2515     686   684   687   692
 2516     685   687   692   693
 2517     687   686   692   694
 2518     687   692   693   695
 2519     692   687   694   695
 2520     663   686   688   671
 2521     665   663   688   671
 2522     686   688   671   694
 2523     688   665   671   673
 2524     688   671   694   696
 2525     671   688   673   696
 2526     686   687   689   694
 2527     688   686   689   694
 2528     687   689   694   695
 2529     689   688   694   696
 2530     689   694   695   697
 2531     694   689   696   697
 2532     665   688   690   673
 2533     667   665   690   673
 2534     688   690   673   696
 2535     690   667   673   675
 2536     690   673   696   698
 2537     673   690   675   698
 2538     688   689   691   696
 2539     690   688   691   696
 2540     689   691   696   697
 2541     691   690   696   698
 2542     691   696   697   699
 2543     696   691   698   699
 2544     483   506   692   491
 2545     669   483   692   491
 2546     506   692   491   514
 2547     692   669   491   677
 2548     692   491   514   700
 2549     491   692   677   700
 2550     506   507   693   514
 2551     692   506   693   514
 2552     507   693   514   515
 2553     693   692   514   700
 2554     693   514   515   701
 2555     514   693   700   701
 2556     669   692   694   677
 2557     671   669   694   677
 2558     692   694   677   700
 2559     694   671   677   679
 2560     694   677   700   702
 2561     677   694   679   702
 2562     692   693   695   700
 2563     694   692   695   700
 2564     693   695   700   701
 2565     695   694   700   702
 2566     695   700   701   703
 2567     700   695   702   703
 2568     671   694   696   679
 2569     673   671   696   679
 2570     694   696   679   702
 2571     696   673   679   681
 2572     696   679   702   704
 2573     679   696   681   704
 2574     694   695   697   702
 2575     696   694   697   702
 2576     695   697   702   703
 2577     697   696   702   704
 2578     697   702   703   705
 2579     702   697   704   705
 2580     673   696   698   681
 2581     675   673   698   681
 2582     696   698   681   704
 2583     698   675   681   683
 2584     698   681   704   706
 2585     681   698   683   706
 2586     696   697   699   704
 2587     698   696   699   704
 2588     697   699   704   705
 2589     699   698   704   706
 2590     699   704   705   707
 2591     704   699   706   707
 2592     499   522   708   507
 2593     685   499   708   507
 2594     522   708   507   530
 2595     708   685   507   693
 2596     708   507   530   716
 2597     507   708   693   716
 2598     522   523   709   530
 2599     708   522   709   530
 2600     523   709   530   531
 2601     709   708   530   716
 2602     709   530   531   717
 2603     530   709   716   717
 2604     685   708   710   693
 2605     687   685   710   693
 2606     708   710   693   716
 2607     710   687   693   695
 2608     710   693   716   718
 2609     693   710   695   718
 2610     708   709   711   716
 2611     710   708   711   716
 2612     709   711   716   717
 2613     711   710   716   718
 2614     711   716   717   719
 2615     716   711   718   719
 2616     687   710   712   695
 2617     689   687   712   695
 2618     710   712   695   718
 2619     712   689   695   697
 2620     712   695   718   720
 2621     695   712   697   720
 2622     710   711   713   718
 2623     712   710   713   718
 2624     711   713   718   719
 2625     713   712   718   720
 2626     713   718   719   721
 2627     718   713   720   721
 2628     689   712   714   697
 2629     691   689   714   697
 2630     712   714   697   720
 2631     714   691   697   699
 2632     714   697   720   722
 2633     697   714   699   722
 2634     712   713   715   720
 2635     714   712   715   720
 2636     713   715   720   721
 2637     715   714   720   722
 2638     715   720   721   723
 2639     720   715   722   723
 2640     507   530   716   515
 2641     693   507   716   515
 2642     530   716   515   538
 2643     716   693   515   701
 2644     716   515   538   724
 2645     515   716   701   724
 2646     530   531   717   538
 2647     716   530   717   538
 2648     531   717   538   539
 2649     717   716   538   724
 2650     717   538   539   725
 2651     538   717   724   725
 2652     693   716   718   701
 2653     695   693   718   701
 2654     716   718   701   724
 2655     718   695   701   703
 2656     718   701   724   726
 2657     701   718   703   726
 2658     716   717   719   724
 2659     718   716   719   724
 2660     717   719   724   725
 2661     719   718   724   726
 2662     719   724   725   727
 2663     724   719   726   727
 2664     695   718   720   703
 2665     697   695   720   703
 2666     718   720   703   726
 2667     720   697   703   705
 2668     720   703   726   728
 2669     703   720   705   728
 2670     718   719   721   726
 2671     720   718   721   726
 2672     719   721   726   727
 2673     721   720   726   728
 2674     721   726   727   729
 2675     726   721   728   729
 2676     697   720   722   705
 2677     699   697   722   705
 2678     720   722   705   728
 2679     722   699   705   707
 2680     722   705   728   730
 2681     705   722   707   730
 2682     720   721   723   728
 2683     722   720   723   728
 2684     721   723   728   729
 2685     723   722   728   730
 2686     723   728   729   731
 2687     728   723   730   731
 2688     523   546   732   531
 2689     709   523   732   531
 2690     546   732   531   554
 2691     732   709   531   717
 2692     732   531   554   740
 2693     531   732   717   740
 2694     546   547   733   554
 2695     732   546   733   554
 2696     547   733   554   555
 2697     733   732   554   740
 2698     733   554   555   741
 2699     554   733   740   741
 2700     709   732   734   717
 2701     711   709   734   717
 2702     732   734   717   740
 2703     734   711   717   719
 2704     734   717   740   742
 2705     717   734   719   742
 2706     732   733   735   740
 2707     734   732   735   740
 2708     733   735   740   741
 2709     735   734   740   742
 2710     735   740   741   743
 2711     740   735   742   743
 2712     711   734   736   719
 2713     713   711   736   719
 2714     734   736   719   742
 2715     736   713   719   721
 2716     736   719   742   744
 2717     719   736   721   744
 2718     734   735   737   742
 2719     736   734   737   742
 2720     735   737   742   743
 2721     737   736   742   744
 2722     737   742   743   745
 2723     742   737   744   745
 2724     713   736   738   721
 2725     715   713   738   721
 2726     736   738   721   744
 2727     738   715   721   723
 2728     738   721   744   746
 2729     721   738   723   746
 2730     736   737   739   744
 2731     738   736   739   744
 2732     737   739   744   745
 2733     739   738   744   746
 2734     739   744   745   747
 2735     744   739   746   747
 2736     531   554   740   539
 2737     717   531   740   539
 2738     554   740   539   562
 2739     740   717   539   725
 2740     740   539   562   748
 2741     539   740   725   748
 2742     554   555   741   562
 2743     740   554   741   562
 2744     555   741   562   563
 2745     741   740   562   748
 2746     741   562   563   749
 2747     562   741   748   749
 2748     717   740   742   725
 2749     719   717   742   725
 2750     740   742   725   748
 2751     742   719   725   727
 2752     742   725   748   750
 2753     725   742   727   750
 2754     740   741   743   748
 2755     742   740   743   748
 2756     741   743   748   749
 2757     743   742   748   750
 2758     743   748   749   751
 2759     748   743   750   751
 2760     719   742   744   727
 2761     721   719   744   727
 2762     742   744   727   750
 2763     744   721   727   729
 2764     744   727   750   752
 2765     727   744   729   752
 2766     742   743   745   750
 2767     744   742   745   750
 2768     743   745   750   751
 2769     745   744   750   752
 2770     745   750   751   753
 2771     750   745   752   753
 2772     721   744   746   729
 2773     723   721   746   729
 2774     744   746   729   752
 2775     746   723   729   731
 2776     746   729   752   754
 2777     729   746   731   754
 2778     744   745   747   752
 2779     746   744   747   752
 2780     745   747   752   753
 2781     747   746   752   754
 2782     747   752   753   755
 2783     752   747   754   755
 2784     547   570   756   555
 2785     733   547   756   555
 2786     570   756   555   578
 2787     756   733   555   741
 2788     756   555   578   764
 2789     555   756   741   764
 2790     570   571   757   578
 2791     756   570   757   578
 2792     571   757   578   579
 2793     757   756   578   764
 2794     757   578   579   765
 2795     578   757   764   765
 2796     733   756   758   741
 2797     735   733   758   741
 2798     756   758   741   764
 2799     758   735   741   743
 2800     758   741   764   766
 2801     741   758   743   766
 2802     756   757   759   764
 2803     758   756   759   764
 2804     757   759   764   765
 2805     759   758   764   766
 2806     759   764   765   767
 2807     764   759   766   767
 2808     735   758   760   743
 2809     737   735   760   743
 2810     758   760   743   766
 2811     760   737   743   745
 2812     760   743   766   768
 2813     743   760   745   768
 2814     758   759   761   766
 2815     760   758   761   766
 2816     759   761   766   767
 2817     761   760   766   768
 2818     761   766   767   769
 2819     766   761   768   769
 2820     737   760   762   745
 2821     739   737   762   745
 2822     760   762   745   768
 2823     762   739   745   747
 2824     762   745   768   770
 2825     745   762   747   770
 2826     760   761   763   768
 2827     762   760   763   768
 2828     761   763   768   769
 2829     763   762   768   770
 2830     763   768   769   771
 2831     768   763   770   771
 2832     555   578   764   563
 2833     741   555   764   563
 2834     578   764   563   586
 2835     764   741   563   749
 2836     764   563   586   772
 2837     563   764   749   772
 2838     578   579   765   586
 2839     764   578   765   586
 2840     579   765   586   587
 2841     765   764   586   772
 2842     765   586   587   773
 2843     586   765   772   773
 2844     741   764   766   749
 2845     743   741   766   749
 2846     764   766   749   772
 2847     766   743   749   751
 2848     766   749   772   774
 2849     749   766   751   774
 2850     764   765   767   772
 2851     766   764   767   772
 2852     765   767   772   773
 2853     767   766   772   774
 2854     767   772   773   775
 2855     772   767   774   775
 2856     743   766   768   751
 2857     745   743   768   751
 2858     766   768   751   774
 2859     768   745   751   753
 2860     768   751   774   776
 2861     751   768   753   776
 2862     766   767   769   774
 2863     768   766   769   774
 2864     767   769   774   775
 2865     769   768   774   776
 2866     769   774   775   777
 2867     774   769   776   777
 2868     745   768   770   753
 2869     747   745   770   753
 2870     768   770   753   776
 2871     770   747   753   755
 2872     770   753   776   778
 2873     753   770   755   778
 2874     768   769   771   776
 2875     770   768   771   776
 2876     769   771   776   777
 2877     771   770   776   778
 2878     771   776   777   779
 2879     776   771   778   779
 2880     571   594   780   579
 2881     757   571   780   579
 2882     594   780   579   602
 2883     780   757   579   765
 2884     780   579   602   788
 2885     579   780   765   788
 2886     594   595   781   602
 2887     780   594   781   602
 2888     595   781   602   603
 2889     781   780   602   788
 2890     781   602   603   789
 2891     602   781   788   789
 2892     757   780   782   765
 2893     759   757   782   765
 2894     780   782   765   788
 2895     782   759   765   767
 2896     782   765   788   790
 2897     765   782   767   790
 2898     780   781   783   788
 2899     782   780   783   788
 2900     781   783   788   789
 2901     783   782   788   790
 2902     783   788   789   791
 2903     788   783   790   791
 2904     759   782   784   767
 2905     761   759   784   767
 2906     782   784   767   790
 2907     784   761   767   769
 2908     784   767   790   792
 2909     767   784   769   792
 2910     782   783   785   790
 2911     784   782   785   790
 2912     783   785   790   791
 2913     785   784   790   792
 2914     785   790   791   793
 2915     790   785   792   793
 2916     761   784   786   769
 2917     763   761   786   769
 2918     784   786   769   792
 2919     786   763   769   771
 2920     786   769   792   794
 2921     769   786   771   794
 2922     784   785   787   792
 2923     786   784   787   792
 2924     785   787   792   793
 2925     787   786   792   794
 2926     787   792   793   795
 2927     792   787   794   795
 2928     579   602   788   587
 2929     765   579   788   587
 2930     602   788   587   610
 2931     788   765   587   773
 2932     788   587   610   796
 2933     587   788   773   796
 2934     602   603   789   610
 2935     788   602   789   610
 2936     603   789   610   611
 2937     789   788   610   796
 2938     789   610   611   797
 2939     610   789   796   797
 2940     765   788   790   773
 2941     767   765   790   773
 2942     788   790   773   796
 2943     790   767   773   775
 2944     790   773   796   798
 2945     773   790   775   798
 2946     788   789   791   796
 2947     790   788   791   796
 2948     789   791   796   797
 2949     791   790   796   798
 2950     791   796   797   799
 2951     796   791   798   799
 2952     767   790   792   775
 2953     769   767   792   775
 2954     790   792   775   798
 2955     792   769   775   777
 2956     792   775   798   800
 2957     775   792   777   800
 2958     790   791   793   798
 2959     792   790   793   798
 2960     791   793   798   799
 2961     793   792   798   800
 2962     793   798   799   801
 2963     798   793   800   801
 2964     769   792   794   777
 2965     771   769   794   777
 2966     792   794   777   800
 2967     794   771   777   779
 2968     794   777   800   802
 2969     777   794   779   802
 2970     792   793   795   800
 2971     794   792   795   800
 2972     793   795   800   801
 2973     795   794   800   802
 2974     795   800   801   803
 2975     800   795   802   803
 2976     595   615   804   603
 2977     781   595   804   603
 2978     615   804   603   619
 2979     804   781   603   789
 2980     804   603   619   808
 2981     603   804   789   808
 2982     615   441   624   619
 2983     804   615   624   619
 2984     441   624   619   453
 2985     624   804   619   808
 2986     624   619   453   636
 2987     619   624   808   636
 2988     781   804   805   789
 2989     783   781   805   789
 2990     804   805   789   808
 2991     805   783   789   791
 2992     805   789   808   809
 2993     789   805   791   809
 2994     804   624   627   808
 2995     805   804   627   808
 2996     624   627   808   636
 2997     627   805   808   809
 2998     627   808   636   639
 2999     808   627   809   639
 3000     783   805   806   791
 3001     785   783   806   791
 3002     805   806   791   809
 3003     806   785   791   793
 3004     806   791   809   810
 3005     791   806   793   810
 3006     805   627   630   809
 3007     806   805   630   809
 3008     627   630   809   639
 3009     630   806   809   810
 3010     630   809   639   642
 3011     809   630   810   642
 3012     785   806   807   793
 3013     787   785   807   793
 3014     806   807   793   810
 3015     807   787   793   795
 3016     807   793   810   811
 3017     793   807   795   811
 3018     806   630   633   810
 3019     807   806   633   810
 3020     630   633   810   642
 3021     633   807   810   811
 3022     633   810   642   645
 3023     810   633   811   645
 3024     603   619   808   611
 3025     789   603   808   611
 3026     619   808   611   623
 3027     808   789   611   797
 3028     808   611   623   812
 3029     611   808   797   812
 3030     619   453   636   623
 3031     808   619   636   623
 3032     453   636   623   465
 3033     636   808   623   812
 3034     636   623   465   648
 3035     623   636   812   648
 3036     789   808   809   797
 3037     791   789   809   797
 3038     808   809   797   812
 3039     809   791   797   799
 3040     809   797   812   813
 3041     797   809   799   813
 3042     808   636   639   812
 3043     809   808   639   812
 3044     636   639   812   648
 3045     639   809   812   813
 3046     639   812   648   651
 3047     812   639   813   651
 3048     791   809   810   799
 3049     793   791   810   799
 3050     809   810   799   813
 3051     810   793   799   801
 3052     810   799   813   814
 3053     799   810   801   814
 3054     809   639   642   813
 3055     810   809   642   813
 3056     639   642   813   651
 3057     642   810   813   814
 3058     642   813   651   654
 3059     813   642   814   654
 3060     793   810   811   801
 3061     795   793   811   801
 3062     810   811   801   814
 3063     811   795   801   803
 3064     811   801   814   815
 3065     801   811   803   815
 3066     810   642   645   814
 3067     811   810   645   814
 3068     642   645   814   654
 3069     645   811   814   815
 3070     645   814   654   657
 3071     814   645   815   657
 3072     633   634   817   645
 3073     816   633   817   645
 3074     634   817   645   646
 3075     817   816   645   828
 3076     817   645   646   829
 3077     645   817   828   829
 3078     634   635   818   646
 3079     817   634   818   646
 3080     635   818   646   647
 3081     818   817   646   829
 3082     818   646   647   830
 3083     646   818   829   830
 3084     816   817   820   828
 3085     819   816   820   828
 3086     817   820   828   829
 3087     820   819   828   831
 3088     820   828   829   832
 3089     828   820   831   832
 3090     817   818   821   829
 3091     820   817   821   829
 3092     818   821   829   830
 3093     821   820   829   832
 3094     821   829   830   833
 3095     829   821   832   833
 3096     819   820   823   831
 3097     822   819   823   831
 3098     820   823   831   832
 3099     823   822   831   834
 3100     823   831   832   835
 3101     831   823   834   835
 3102     820   821   824   832
 3103     823   820   824   832
 3104     821   824   832   833
 3105     824   823   832   835
 3106     824   832   833   836
 3107     832   824   835   836
 3108     822   823   826   834
 3109     825   822   826   834
 3110     823   826   834   835
 3111     826   825   834   837
 3112     826   834   835   838
 3113     834   826   837   838
 3114     823   824   827   835
 3115     826   823   827   835
 3116     824   827   835   836
 3117     827   826   835   838
 3118     827   835   836   839
 3119     835   827   838   839
 3120     645   646   829   657
 3121     828   645   829   657
 3122     646   829   657   658
 3123     829   828   657   840
 3124     829   657   658   841
 3125     657   829   840   841
 3126     646   647   830   658
 3127     829   646   830   658
 3128     647   830   658   659
 3129     830   829   658   841
 3130     830   658   659   842
 3131     658   830   841   842
 3132     828   829   832   840
 3133     831   828   832   840
 3134     829   832   840   841
 3135     832   831   840   843
 3136     832   840   841   844
 3137     840   832   843   844
 3138     829   830   833   841
 3139     832   829   833   841
 3140     830   833   841   842
 3141     833   832   841   844
 3142     833   841   842   845
 3143     841   833   844   845
 3144     831   832   835   843
 3145     834   831   835   843
 3146     832   835   843   844
 3147     835   834   843   846
 3148     835   843   844   847
 3149     843   835   846   847
 3150     832   833   836   844
 3151     835   832   836   844
 3152     833   836   844   845
 3153     836   835   844   847
 3154     836   844   845   848
 3155     844   836   847   848
 3156     834   835   838   846
 3157     837   834   838   846
 3158     835   838   846   847
 3159     838   837   846   849
 3160     838   846   847   850
 3161     846   838   849   850
 3162     835   836   839   847
 3163     838   835   839   847
 3164     836   839   847   848
 3165     839   838   847   850
 3166     839   847   848   851
 3167     847   839   850   851
 3168     635   666   852   647
 3169     818   635   852   647
 3170     666   852   647   674
 3171     852   818   647   830
 3172     852   647   674   860
 3173     647   852   830   860
 3174     666   667   853   674
 3175     852   666   853   674
 3176     667   853   674   675
 3177     853   852   674   860
 3178     853   674   675   861
 3179     674   853   860   861
 3180     818   852   854   830
 3181     821   818   854   830
 3182     852   854   830   860
 3183     854   821   830   833
 3184     854   830   860   862
 3185     830   854   833   862
 3186     852   853   855   860
 3187     854   852   855   860
 3188     853   855   860   861
 3189     855   854   860   862
 3190     855   860   861   863
 3191     860   855   862   863
 3192     821   854   856   833
 3193     824   821   856   833
 3194     854   856   833   862
 3195     856   824   833   836
 3196     856   833   862   864
 3197     833   856   836   864
 3198     854   855   857   862
 3199     856   854   857   862
 3200     855   857   862   863
 3201     857   856   862   864
 3202     857   862   863   865
 3203     862   857   864   865
 3204     824   856   858   836
 3205     827   824   858   836
 3206     856   858   836   864
 3207     858   827   836   839
 3208     858   836   864   866
 3209     836   858   839   866
 3210     856   857   859   864
 3211     858   856   859   864
 3212     857   859   864   865
 3213     859   858   864   866
 3214     859   864   865   867
 3215     864   859   866   867
 3216     647   674   860   659
 3217     830   647   860   659
 3218     674   860   659   682
 3219     860   830   659   842
 3220     860   659   682   868
 3221     659   860   842   868
 3222     674   675   861   682
 3223     860   674   861   682
 3224     675   861   682   683
 3225     861   860   682   868
 3226     861   682   683   869
 3227     682   861   868   869
 3228     830   860   862   842
 3229     833   830   862   842
 3230     860   862   842   868
 3231     862   833   842   845
 3232     862   842   868   870
 3233     842   862   845   870
 3234     860   861   863   868
 3235     862   860   863   868
 3236     861   863   868   869
 3237     863   862   868   870
 3238     863   868   869   871
 3239     868   863   870   871
 3240     833   862   864   845
 3241     836   833   864   845
 3242     862   864   845   870
 3243     864   836   845   848
 3244     864   845   870   872
 3245     845   864   848   872
 3246     862   863   865   870
 3247     864   862   865   870
 3248     863   865   870   871
 3249     865   864   870   872
 3250     865   870   871   873
 3251     870   865   872   873
 3252     836   864   866   848
 3253     839   836   866   848
 3254     864   866   848   872
 3255     866   839   848   851
 3256     866   848   872   874
 3257     848   866   851   874
 3258     864   865   867   872
 3259     866   864   867   872
 3260     865   867   872   873
 3261     867   866   872   874
 3262     867   872   873   875
 3263     872   867   874   875
 3264     667   690   876   675
 3265     853   667   876   675
 3266     690   876   675   698
 3267     876   853   675   861
 3268     876   675   698   884
 3269     675   876   861   884
 3270     690   691   877   698
 3271     876   690   877   698
 3272     691   877   698   699
 3273     877   876   698   884
 3274     877   698   699   885
 3275     698   877   884   885
 3276     853   876   878   861
 3277     855   853   878   861
 3278     876   878   861   884
 3279     878   855   861   863
 3280     878   861   884   886
 3281     861   878   863   886
 3282     876   877   879   884
 3283     878   876   879   884
 3284     877   879   884   885
 3285     879   878   884   886
 3286     879   884   885   887
 3287     884   879   886   887
 3288     855   878   880   863
 3289     857   855   880   863
 3290     878   880   863   886
 3291     880   857   863   865
 3292     880   863   886   888
 3293     863   880   865   888
 3294     878   879   881   886
 3295     880   878   881   886
 3296     879   881   886   887
 3297     881   880   886   888
 3298     881   886   887   889
 3299     886   881   888   889
 3300     857   880   882   865
 3301     859   857   882   865
 3302     880   882   865   888
 3303     882   859   865   867
 3304     882   865   888   890
 3305     865   882   867   890
 3306     880   881   883   888
 3307     882   880   883   888
 3308     881   883   888   889
 3309     883   882   888   890
 3310     883   888   889   891
 3311     888   883   890   891
 3312     675   698   884   683
 3313     861   675   884   683
 3314     698   884   683   706
 3315     884   861   683   869
 3316     884   683   706   892
 3317     683   884   869   892
 3318     698   699   885   706
 3319     884   698   885   706
 3320     699   885   706   707
 3321     885   884   706   892
 3322     885   706   707   893
 3323     706   885   892   893
 3324     861   884   886   869
 3325     863   861   886   869
 3326     884   886   869   892
 3327     886   863   869   871
 3328     886   869   892   894
 3329     869   886   871   894
 3330     884   885   887   892
 3331     886   884   887   892
 3332     885   887   892   893
 3333     887   886   892   894
 3334     887   892   893   895
 3335     892   887   894   895
 3336     863   886   888   871
 3337     865   863   888   871
 3338     886   888   871   894
 3339     888   865   871   873
 3340     888   871   894   896
 3341     871   888   873   896
 3342     886   887   889   894
 3343     888   886   889   894
 3344     887   889   894   895
 3345     889   888   894   896
 3346     889   894   895   897
 3347     894   889   896   897
 3348     865   888   890   873
 3349     867   865   890   873
 3350     888   890   873   896
 3351     890   867   873   875
 3352     890   873   896   898
 3353     873   890   875   898
 3354     888   889   891   896
 3355     890   888   891   896
 3356     889   891   896   897
 3357     891   890   896   898
 3358     891   896   897   899
 3359     896   891   898   899
 3360     691   714   900   699
 3361     877   691   900   699
 3362     714   900   699   722
 3363     900   877   699   885
 3364     900   699   722   908
 3365     699   900   885   908
 3366     714   715   901   722
 3367     900   714   901   722
 3368     715   901   722   723
 3369     901   900   722   908
 3370     901   722   723   909
 3371     722   901   908   909
 3372     877   900   902   885
 3373     879   877   902   885
 3374     900   902   885   908
 3375     902   879   885   887
 3376     902   885   908   910
 3377     885   902   887   910
 3378     900   901   903   908
 3379     902   900   903   908
 3380     901   903   908   909
 3381     903   902   908   910
 3382     903   908   909   911
 3383     908   903   910   911
 3384     879   902   904   887
 3385     881   879   904   887
 3386     902   904   887   910
 3387     904   881   887   889
 3388     904   887   910   912
 3389     887   904   889   912
 3390     902   903   905   910
 3391     904   902   905   910
 3392     903   905   910   911
 3393     905   904   910   912
 3394     905   910   911   913
 3395     910   905   912   913
 3396     881   904   906   889
 3397     883   881   906   889
 3398     904   906   889   912
 3399     906   883   889   891
 3400     906   889   912   914
 3401     889   906   891   914
 3402     904   905   907   912
 3403     906   904   907   912
 3404     905   907   912   913
 3405     907   906   912   914
 3406     907   912   913   915
 3407     912   907   914   915
 3408     699   722   908   707
 3409     885   699   908   707
 3410     722   908   707   730
 3411     908   885   707   893
 3412     908   707   730   916
 3413     707   908   893   916
 3414     722   723   909   730
 3415     908   722   909   730
 3416     723   909   730   731
 3417     909   908   730   916
 3418     909   730   731   917
 3419     730   909   916   917
 3420     885   908   910   893
 3421     887   885   910   893
 3422     908   910   893   916
 3423     910   887   893   895
 3424     910   893   916   918
 3425     893   910   895   918
 3426     908   909   911   916
 3427     910   908   911   916
 3428     909   911   916   917
 3429     911   910   916   918
 3430     911   916   917   919
 3431     916   911   918   919
 3432     887   910   912   895
 3433     889   887   912   895
 3434     910   912   895   918
 3435     912   889   895   897
 3436     912   895   918   920
 3437     895   912   897   920
 3438     910   911   913   918
 3439     912   910   913   918
 3440     911   913   918   919
 3441     913   912   918   920
 3442     913   918   919   921
 3443     918   913   920   921
 3444     889   912   914   897
 3445     891   889   914   897
 3446     912   914   897   920
 3447     914   891   897   899
 3448     914   897   920   922
 3449     897   914   899   922
 3450     912   913   915   920
 3451     914   912   915   920
 3452     913   915   920   921
 3453     915   914   920   922
 3454     915   920   921   923
 3455     920   915   922   923
 3456     715   738   924   723
 3457     901   715   924   723
 3458     738   924   723   746
 3459     924   901   723   909
 3460     924   723   746   932
 3461     723   924   909   932
 3462     738   739   925   746
 3463     924   738   925   746
 3464     739   925   746   747
 3465     925   924   746   932
 3466     925   746   747   933
 3467     746   925   932   933
 3468     901   924   926   909
 3469     903   901   926   909
 3470     924   926   909   932
 3471     926   903   909   911
 3472     926   909   932   934
 3473     909   926   911   934
 3474     924   925   927   932
 3475     926   924   927   932
 3476     925   927   932   933
 3477     927   926   932   934
 3478     927   932   933   935
 3479     932   927   934   935
 3480     903   926   928   911
 3481     905   903   928   911
 3482     926   928   911   934
 3483     928   905   911   913
 3484     928   911   934   936
 3485     911   928   913   936
 3486     926   927   929   934
 3487     928   926   929   934
 3488     927   929   934   935
 3489     929   928   934   936
 3490     929   934   935   937
 3491     934   929   936   937
 3492     905   928   930   913
 3493     907   905   930   913
 3494     928   930   913   936
 3495     930   907   913   915
 3496     930   913   936   938
 3497     913   930   915   938
 3498     928   929   931   936
 3499     930   928   931   936
 3500     929   931   936   937
 3501     931   930   936   938
 3502     931   936   937   939
 3503     936   931   938   939
 3504     723   746   932   731
 3505     909   723   932   731
 3506     746   932   731   754
 3507     932   909   731   917
 3508     932   731   754   940
 3509     731   932   917   940
 3510     746   747   933   754
 3511     932   746   933   754
 3512     747   933   754   755
 3513     933   932   754   940
 3514     933   754   755   941
 3515     754   933   940   941
 3516     909   932   934   917
 3517     911   909   934   917
 3518     932   934   917   940
 3519     934   911   917   919
 3520     934   917   940   942
 3521     917   934   919   942
 3522     932   933   935   940
 3523     934   932   935   940
 3524     933   935   940   941
 3525     935   934   940   942
 3526     935   940   941   943
 3527     940   935   942   943
 3528     911   934   936   919
 3529     913   911   936   919
 3530     934   936   919   942
 3531     936   913   919   921
 3532     936   919   942   944
 3533     919   936   921   944
 3534     934   935   937   942
 3535     936   934   937   942
 3536     935   937   942   943
 3537     937   936   942   944
 3538     937   942   943   945
 3539     942   937   944   945
 3540     913   936   938   921
 3541     915   913   938   921
 3542     936   938   921   944
 3543     938   915   921   923
 3544     938   921   944   946
 3545     921   938   923   946
 3546     936   937   939   944
 3547     938   936   939   944
 3548     937   939   944   945
 3549     939   938   944   946
 3550     939   944   945   947
 3551     944   939   946   947
 3552     739   762   948   747
 3553     925   739   948   747
 3554     762   948   747   770
 3555     948   925   747   933
 3556     948   747   770   956
 3557     747   948   933   956
 3558     762   763   949   770
 3559     948   762   949   770
 3560     763   949   770   771
 3561     949   948   770   956
 3562     949   770   771   957
 3563     770   949   956   957
 3564     925   948   950   933
 3565     927   925   950   933
 3566     948   950   933   956
 3567     950   927   933   935
 3568     950   933   956   958
 3569     933   950   935   958
 3570     948   949   951   956
 3571     950   948   951   956
 3572     949   951   956   957
 3573     951   950   956   958
 3574     951   956   957   959
 3575     956   951   958   959
 3576     927   950   952   935
 3577     929   927   952   935
 3578     950   952   935   958
 3579     952   929   935   937
 3580     952   935   958   960
 3581     935   952   937   960
 3582     950   951   953   958
 3583     952   950   953   958
 3584     951   953   958   959
 3585     953   952   958   960
 3586     953   958   959   961
 3587     958   953   960   961
 3588     929   952   954   937
 3589     931   929   954   937
 3590     952   954   937   960
 3591     954   931   937   939
 3592     954   937   960   962
 3593     937   954   939   962
 3594     952   953   955   960
 3595     954   952   955   960
 3596     953   955   960   961
 3597     955   954   960   962
 3598     955   960   961   963
 3599     960   955   962   963
 3600     747   770   956   755
 3601     933   747   956   755
 3602     770   956   755   778
 3603     956   933   755   941
 3604     956   755   778   964
 3605     755   956   941   964
 3606     770   771   957   778
 3607     956   770   957   778
 3608     771   957   778   779
 3609     957   956   778   964
 3610     957   778   779   965
 3611     778   957   964   965
 3612     933   956   958   941
 3613     935   933   958   941
 3614     956   958   941   964
 3615     958   935   941   943
 3616     958   941   964   966
 3617     941   958   943   966
 3618     956   957   959   964
 3619     958   956   959   964
 3620     957   959   964   965
 3621     959   958   964   966
 3622     959   964   965   967
 3623     964   959   966   967
 3624     935   958   960   943
 3625     937   935   960   943
 3626     958   960   943   966
 3627     960   937   943   945
 3628     960   943   966   968
 3629     943   960   945   968
 3630     958   959   961   966
 3631     960   958   961   966
 3632     959   961   966   967
 3633     961   960   966   968
 3634     961   966   967   969
 3635     966   961   968   969
 3636     937   960   962   945
 3637     939   937   962   945
 3638     960   962   945   968
 3639     962   939   945   947
 3640     962   945   968   970
 3641     945   962   947   970
 3642     960   961   963   968
 3643     962   960   963   968
 3644     961   963   968   969
 3645     963   962   968   970
 3646     963   968   969   971
 3647     968   963   970   971
 3648     763   786   972   771
 3649     949   763   972   771
 3650     786   972   771   794
 3651     972   949   771   957
 3652     972   771   794   980
 3653     771   972   957   980
 3654     786   787   973   794
 3655     972   786   973   794
 3656     787   973   794   795
 3657     973   972   794   980
 3658     973   794   795   981
 3659     794   973   980   981
 3660     949   972   974   957
 3661     951   949   974   957
 3662     972   974   957   980
 3663     974   951   957   959
 3664     974   957   980   982
 3665     957   974   959   982
 3666     972   973   975   980
 3667     974   972   975   980
 3668     973   975   980   981
 3669     975   974   980   982
 3670     975   980   981   983
 3671     980   975   982   983
 3672     951   974   976   959
 3673     953   951   976   959
 3674     974   976   959   982
 3675     976   953   959   961
 3676     976   959   982   984
 3677     959   976   961   984
 3678     974   975   977   982
 3679     976   974   977   982
 3680     975   977   982   983
 3681     977   976   982   984
 3682     977   982   983   985
 3683     982   977   984   985
 3684     953   976   978   961
 3685     955   953   978   961
 3686     976   978   961   984
 3687     978   955   961   963
 3688     978   961   984   986
 3689     961   978   963   986
 3690     976   977   979   984
 3691     978   976   979   984
 3692     977   979   984   985
 3693     979   978   984   986
 3694     979   984   985   987
 3695     984   979   986   987
 3696     771   794   980   779
 3697     957   771   980   779
 3698     794   980   779   802
 3699     980   957   779   965
 3700     980   779   802   988
 3701     779   980   965   988
 3702     794   795   981   802
 3703     980   794   981   802
 3704     795   981   802   803
 3705     981   980   802   988
 3706     981   802   803   989
 3707     802   981   988   989
 3708     957   980   982   965
 3709     959   957   982   965
 3710     980   982   965   988
 3711     982   959   965   967
 3712     982   965   988   990
 3713     965   982   967   990
 3714     980   981   983   988
 3715     982   980   983   988
 3716     981   983   988   989
 3717     983   982   988   990
 3718     983   988   989   991
 3719     988   983   990   991
 3720     959   982   984   967
 3721     961   959   984   967
 3722     982   984   967   990
 3723     984   961   967   969
 3724     984   967   990   992
 3725     967   984   969   992
 3726     982   983   985   990
 3727     984   982   985   990
 3728     983   985   990   991
 3729     985   984   990   992
 3730     985   990   991   993
 3731     990   985   992   993
 3732     961   984   986   969
 3733     963   961   986   969
 3734     984   986   969   992
 3735     986   963   969   971
 3736     986   969   992   994
 3737     969   986   971   994
 3738     984   985   987   992
 3739     986   984   987   992
 3740     985   987   992   993
 3741     987   986   992   994
 3742     987   992   993   995
 3743     992   987   994   995
 3744     787   807   996   795
 3745     973   787   996   795
 3746     807   996   795   811
 3747     996   973   795   981
 3748     996   795   811  1000
 3749     795   996   981  1000
 3750     807   633   816   811
 3751     996   807   816   811
 3752     633   816   811   645
 3753     816   996   811  1000
 3754     816   811   645   828
 3755     811   816  1000   828
 3756     973   996   997   981
 3757     975   973   997   981
 3758     996   997   981  1000
 3759     997   975   981   983
 3760     997   981  1000  1001
 3761     981   997   983  1001
 3762     996   816   819  1000
 3763     997   996   819  1000
 3764     816   819  1000   828
 3765     819   997  1000  1001
 3766     819  1000   828   831
 3767    1000   819  1001   831
 3768     975   997   998   983
 3769     977   975   998   983
 3770     997   998   983  1001
 3771     998   977   983   985
 3772     998   983  1001  1002
 3773     983   998   985  1002
 3774     997   819   822  1001
 3775     998   997   822  1001
 3776     819   822  1001   831
 3777     822   998  1001  1002
 3778     822  1001   831   834
 3779    1001   822  1002   834
 3780     977   998   999   985
 3781     979   977   999   985
 3782     998   999   985  1002
 3783     999   979   985   987
 3784     999   985  1002  1003
 3785     985   999   987  1003
 3786     998   822   825  1002
 3787     999   998   825  1002
 3788     822   825  1002   834
 3789     825   999  1002  1003
 3790     825  1002   834   837
 3791    1002   825  1003   837
 3792     795   811  1000   803
 3793     981   795  1000   803
 3794     811  1000   803   815
 3795    1000   981   803   989
 3796    1000   803   815  1004
 3797     803  1000   989  1004
 3798     811   645   828   815
 3799    1000   811   828   815
 3800     645   828   815   657
 3801     828  1000   815  1004
 3802     828   815   657   840
 3803     815   828  1004   840
 3804     981  1000  1001   989
 3805     983   981  1001   989
 3806    1000  1001   989  1004
 3807    1001   983   989   991
 3808    1001   989  1004  1005
 3809     989  1001   991  1005
 3810    1000   828   831  1004
 3811    1001  1000   831  1004
 3812     828   831  1004   840
 3813     831  1001  1004  1005
 3814     831  1004   840   843
 3815    1004   831  1005   843
 3816     983  1001  1002   991
 3817     985   983  1002   991
 3818    1001  1002   991  1005
 3819    1002   985   991   993
 3820    1002   991  1005  1006
 3821     991  1002   993  1006
 3822    1001   831   834  1005
 3823    1002  1001   834  1005
 3824     831   834  1005   843
 3825     834  1002  1005  1006
 3826     834  1005   843   846
 3827    1005   834  1006   846
 3828     985  1002  1003   993
 3829     987   985  1003   993
 3830    1002  1003   993  1006
 3831    1003   987   993   995
 3832    1003   993  1006  1007
 3833     993  1003   995  1007
 3834    1002   834   837  1006
 3835    1003  1002   837  1006
 3836     834   837  1006   846
 3837     837  1003  1006  1007
 3838     837  1006   846   849
 3839    1006   837  1007   849
 3840     825   826  1009   837
 3841    1008   825  1009   837
 3842     826  1009   837   838
 3843    1009  1008   837  1020
 3844    1009   837   838  1021
 3845     837  1009  1020  1021
 3846     826   827  1010   838
 3847    1009   826  1010   838
 3848     827  1010   838   839
 3849    1010  1009   838  1021
 3850    1010   838   839  1022
 3851     838  1010  1021  1022
 3852    1008  1009  1012  1020
 3853    1011  1008  1012  1020
 3854    1009  1012  1020  1021
 3855    1012  1011  1020  1023
 3856    1012  1020  1021  1024
 3857    1020  1012  1023  1024
 3858    1009  1010  1013  1021
 3859    1012  1009  1013  1021
 3860    1010  1013  1021  1022
 3861    1013  1012  1021  1024
 3862    1013  1021  1022  1025
 3863    1021  1013  1024  1025
 3864    1011  1012  1015  1023
 3865    1014  1011  1015  1023
 3866    1012  1015  1023  1024
 3867    1015  1014  1023  1026
 3868    1015  1023  1024  1027
 3869    1023  1015  1026  1027
 3870    1012  1013  1016  1024
 3871    1015  1012  1016  1024
 3872    1013  1016  1024  1025
 3873    1016  1015  1024  1027
 3874    1016  1024  1025  1028
 3875    1024  1016  1027  1028
 3876    1014  1015  1018  1026
 3877    1017  1014  1018  1026
 3878    1015  1018  1026  1027
 3879    1018  1017  1026  1029
 3880    1018  1026  1027  1030
 3881    1026  1018  1029  1030
 3882    1015  1016  1019  1027
 3883    1018  1015  1019  1027
 3884    1016  1019  1027  1028
 3885    1019  1018  1027  1030
 3886    1019  1027  1028  1031
 3887    1027  1019  1030  1031
 3888     837   838  1021   849
 3889    1020   837  1021   849
 3890     838  1021   849   850
 3891    1021  1020   849  1032
 3892    1021   849   850  1033
 3893     849  1021  1032  1033
 3894     838   839  1022   850
 3895    1021   838  1022   850
 3896     839  1022   850   851
 3897    1022  1021   850  1033
 3898    1022   850   851  1034
 3899     850  1022  1033  1034
 3900    1020  1021  1024  1032
 3901    1023  1020  1024  1032
 3902    1021  1024  1032  1033
 3903    1024  1023  1032  1035
 3904    1024  1032  1033  1036
 3905    1032  1024  1035  1036
 3906    1021  1022  1025  1033
 3907    1024  1021  1025  1033
 3908    1022  1025  1033  1034
 3909    1025  1024  1033  1036
 3910    1025  1033  1034  1037
 3911    1033  1025  1036  1037
 3912    1023  1024  1027  1035
 3913    1026  1023  1027  1035
 3914    1024  1027  1035  1036
 3915    1027  1026  1035  1038
 3916    1027  1035  1036  1039
 3917    1035  1027  1038  1039
 3918    1024  1025  1028  1036
 3919    1027  1024  1028  1036
 3920    1025  1028  1036  1037
 3921    1028  1027  1036  1039
 3922    1028  1036  1037  1040
 3923    1036  1028  1039  1040
 3924    1026  1027  1030  1038
 3925    1029  1026  1030  1038
 3926    1027  1030  1038  1039
 3927    1030  1029  1038  1041
 3928    1030  1038  1039  1042
 3929    1038  1030  1041  1042
 3930    1027  1028  1031  1039
 3931    1030  1027  1031  1039
 3932    1028  1031  1039  1040
 3933    1031  1030  1039  1042
 3934    1031  1039  1040  1043
 3935    1039  1031  1042  1043
 3936     827   858  1044   839
 3937    1010   827  1044   839
 3938     858  1044   839   866
 3939    1044  1010   839  1022
 3940    1044   839   866  1052
 3941     839  1044  1022  1052
 3942     858   859  1045   866
 3943    1044   858  1045   866
 3944     859  1045   866   867
 3945    1045  1044   866  1052
 3946    1045   866   867  1053
 3947     866  1045  1052  1053
 3948    1010  1044  1046  1022
 3949    1013  1010  1046  1022
 3950    1044  1046  1022  1052
 3951    1046  1013  1022  1025
 3952    1046  1022  1052  1054
 3953    1022  1046  1025  1054
 3954    1044  1045  1047  1052
 3955    1046  1044  1047  1052
 3956    1045  1047  1052  1053
 3957    1047  1046  1052  1054
 3958    1047  1052  1053  1055
 3959    1052  1047  1054  1055
 3960    1013  1046  1048  1025
 3961    1016  1013  1048  1025
 3962    1046  1048  1025  1054
 3963    1048  1016  1025  1028
 3964    1048  1025  1054  1056
 3965    1025  1048  1028  1056
 3966    1046  1047  1049  1054
 3967    1048  1046  1049  1054
 3968    1047  1049  1054  1055
 3969    1049  1048  1054  1056
 3970    1049  1054  1055  1057
 3971    1054  1049  1056  1057
 3972    1016  1048  1050  1028
 3973    1019  1016  1050  1028
 3974    1048  1050  1028  1056
 3975    1050  1019  1028  1031
 3976    1050  1028  1056  1058
 3977    1028  1050  1031  1058
 3978    1048  1049  1051  1056
 3979    1050  1048  1051  1056
 3980    1049  1051  1056  1057
 3981    1051  1050  1056  1058
 3982    1051  1056  1057  1059
 3983    1056  1051  1058  1059
 3984     839   866  1052   851
 3985    1022   839  1052   851
 3986     866  1052   851   874
 3987    1052  1022   851  1034
 3988    1052   851   874  1060
 3989     851  1052  1034  1060
 3990     866   867  1053   874
 3991    1052   866  1053   874
 3992     867  1053   874   875
 3993    1053  1052   874  1060
 3994    1053   874   875  1061
 3995     874  1053  1060  1061
 3996    1022  1052  1054  1034
 3997    1025  1022  1054  1034
 3998    1052  1054  1034  1060
 3999    1054  1025  1034  1037
 4000    1054  1034  1060  1062
 4001    1034  1054  1037  1062
 4002    1052  1053  1055  1060
 4003    1054  1052  1055  1060
 4004    1053  1055  1060  1061
 4005    1055  1054  1060  1062
 4006    1055  1060  1061  1063
 4007    1060  1055  1062  1063
 4008    1025  1054  1056  1037
 4009    1028  1025  1056  1037
 4010    1054  1056  1037  1062
 4011    1056  1028  1037  1040
 4012    1056  1037  1062  1064
 4013    1037  1056  1040  1064
 4014    1054  1055  1057  1062
 4015    1056  1054  1057  1062
 4016    1055  1057  1062  1063
 4017    1057  1056  1062  1064
 4018    1057  1062  1063  1065
 4019    1062  1057  1064  1065
 4020    1028  1056  1058  1040
 4021    1031  1028  1058  1040
 4022    1056  1058  1040  1064
 4023    1058  1031  1040  1043
 4024    1058  1040  1064  1066
 4025    1040  1058  1043  1066
 4026    1056  1057  1059  1064
 4027    1058  1056  1059  1064
 4028    1057  1059  1064  1065
 4029    1059  1058  1064  1066
 4030    1059  1064  1065  1067
 4031    1064  1059  1066  1067
 4032     859   882  1068   867
 4033    1045   859  1068   867
 4034     882  1068   867   890
 4035    1068  1045   867  1053
 4036    1068   867   890  1076
 4037     867  1068  1053  1076
 4038     882   883  1069   890
 4039    1068   882  1069   890
 4040     883  1069   890   891
 4041    1069  1068   890  1076
 4042    1069   890   891  1077
 4043     890  1069  1076  1077
 4044    1045  1068  1070  1053
 4045    1047  1045  1070  1053
 4046    1068  1070  1053  1076
 4047    1070  1047  1053  1055
 4048    1070  1053  1076  1078
 4049    1053  1070  1055  1078
 4050    1068  1069  1071  1076
 4051    1070  1068  1071  1076
 4052    1069  1071  1076  1077
 4053    1071  1070  1076  1078
 4054    1071  1076  1077  1079
 4055    1076  1071  1078  1079
 4056    1047  1070  1072  1055
 4057    1049  1047  1072  1055
 4058    1070  1072  1055  1078
 4059    1072  1049  1055  1057
 4060    1072  1055  1078  1080
 4061    1055  1072  1057  1080
 4062    1070  1071  1073  1078
 4063    1072  1070  1073  1078
 4064    1071  1073  1078  1079
 4065    1073  1072  1078  1080
 4066    1073  1078  1079  1081
 4067    1078  1073  1080  1081
 4068    1049  1072  1074  1057
 4069    1051  1049  1074  1057
 4070    1072  1074  1057  1080
 4071    1074  1051  1057  1059
 4072    1074  1057  1080  1082
 4073    1057  1074  1059  1082
 4074    1072  1073  1075  1080
 4075    1074  1072  1075  1080
 4076    1073  1075  1080  1081
 4077    1075  1074  1080  1082
 4078    1075  1080  1081  1083
 4079    1080  1075  1082  1083
 4080     867   890  1076   875
 4081    1053   867  1076   875
 4082     890  1076   875   898
 4083    1076  1053   875  1061
 4084    1076   875   898  1084
 4085     875  1076  1061  1084
 4086     890   891  1077   898
 4087    1076   890  1077   898
 4088     891  1077   898   899
 4089    1077  1076   898  1084
 4090    1077   898   899  1085
 4091     898  1077  1084  1085
 4092    1053  1076  1078  1061
 4093    1055  1053  1078  1061
 4094    1076  1078  1061  1084
 4095    1078  1055  1061  1063
 4096    1078  1061  1084  1086
 4097    1061  1078  1063  1086
 4098    1076  1077  1079  1084
 4099    1078  1076  1079  1084
 4100    1077  1079  1084  1085
 4101    1079  1078  1084  1086
 4102    1079  1084  1085  1087
 4103    1084  1079  1086  1087
 4104    1055  1078  1080  1063
 4105    1057  1055  1080  1063
 4106    1078  1080  1063  1086
 4107    1080  1057  1063  1065
 4108    1080  1063  1086  1088
 4109    1063  1080  1065  1088
 4110    1078  1079  1081  1086
 4111    1080  1078  1081  1086
 4112    1079  1081  1086  1087
 4113    1081  1080  1086  1088
 4114    1081  1086  1087  1089
 4115    1086  1081  1088  1089
 4116    1057  1080  1082  1065
 4117    1059  1057  1082  1065
 4118    1080  1082  1065  1088
 4119    1082  1059  1065  1067
 4120    1082  1065  1088  1090
 4121    1065  1082  1067  1090
 4122    1080  1081  1083  1088
 4123    1082  1080  1083  1088
 4124    1081  1083  1088  1089
 4125    1083  1082  1088  1090
 4126    1083  1088  1089  1091
 4127    1088  1083  1090  1091
 4128     883   906  1092   891
 4129    1069   883  1092   891
 4130     906  1092   891   914
 4131    1092  1069   891  1077
 4132    1092   891   914  1100
 4133     891  1092  1077  1100
 4134     906   907  1093   914
 4135    1092   906  1093   914
 4136     907  1093   914   915
 4137    1093  1092   914  1100
 4138    1093   914   915  1101
 4139     914  1093  1100  1101
 4140    1069  1092  1094  1077
 4141    1071  1069  1094  1077
 4142    1092  1094  1077  1100
 4143    1094  1071  1077  1079
 4144    1094  1077  1100  1102
 4145    1077  1094  1079  1102
 4146    1092  1093  1095  1100
 4147    1094  1092  1095  1100
 4148    1093  1095  1100  1101
 4149    1095  1094  1100  1102
 4150    1095  1100  1101  1103
 4151    1100  1095  1102  1103
 4152    1071  1094  1096  1079
 4153    1073  1071  1096  1079
 4154    1094  1096  1079  1102
 4155    1096  1073  1079  1081
 4156    1096  1079  1102  1104
 4157    1079  1096  1081  1104
 4158    1094  1095  1097  1102
 4159    1096  1094  1097  1102
 4160    1095  1097  1102  1103
 4161    1097  1096  1102  1104
 4162    1097  1102  1103  1105
 4163    1102  1097  1104  1105
 4164    1073  1096  1098  1081
 4165    1075  1073  1098  1081
 4166    1096  1098  1081  1104
 4167    1098  1075  1081  1083
 4168    1098  1081  1104  1106
 4169    1081  1098  1083  1106
 4170    1096  1097  1099  1104
 4171    1098  1096  1099  1104
 4172    1097  1099  1104  1105
 4173    1099  1098  1104  1106
 4174    1099  1104  1105  1107
 4175    1104  1099  1106  1107
 4176     891   914  1100   899
 4177    1077   891  1100   899
 4178     914  1100   899   922
 4179    1100  1077   899  1085
 4180    1100   899   922  1108
 4181     899  1100  1085  1108
 4182     914   915  1101   922
 4183    1100   914  1101   922
 4184     915  1101   922   923
 4185    1101  1100   922  1108
 4186    1101   922   923  1109
 4187     922  1101  1108  1109
 4188    1077  1100  1102  1085
 4189    1079  1077  1102  1085
 4190    1100  1102  1085  1108
 4191    1102  1079  1085  1087
 4192    1102  1085  1108  1110
 4193    1085  1102  1087  1110
 4194    1100  1101  1103  1108
 4195    1102  1100  1103  1108
 4196    1101  1103  1108  1109
 4197    1103  1102  1108  1110
 4198    1103  1108  1109  1111
 4199    1108  1103  1110  1111
 4200    1079  1102  1104  1087
 4201    1081  1079  1104  1087
 4202    1102  1104  1087  1110
 4203    1104  1081  1087  1089
 4204    1104  1087  1110  1112
 4205    1087  1104  1089  1112
 4206    1102  1103  1105  1110
 4207    1104  1102  1105  1110
 4208    1103  1105  1110  1111
 4209    1105  1104  1110  1112
 4210    1105  1110  1111  1113
 4211    1110  1105  1112  1113
 4212    1081  1104  1106  1089
 4213    1083  1081  1106  1089
 4214    1104  1106  1089  1112
 4215    1106  1083  1089  1091
 4216    1106  1089  1112  1114
 4217    1089  1106  1091  1114
 4218    1104  1105  1107  1112
 4219    1106  1104  1107  1112
 4220    1105  1107  1112  1113
 4221    1107  1106  1112  1114
 4222    1107  1112  1113  1115
 4223    1112  1107  1114  1115
 4224     907   930  1116   915
 4225    1093   907  1116   915
 4226     930  1116   915   938
 4227    1116  1093   915  1101
 4228    1116   915   938  1124
 4229     915  1116  1101  1124
 4230     930   931  1117   938
 4231    1116   930  1117   938
 4232     931  1117   938   939
 4233    1117  1116   938  1124
 4234    1117   938   939  1125
 4235     938  1117  1124  1125
 4236    1093  1116  1118  1101
 4237    1095  1093  1118  1101
 4238    1116  1118  1101  1124
 4239    1118  1095  1101  1103
 4240    1118  1101  1124  1126
 4241    1101  1118  1103  1126
 4242    1116  1117  1119  1124
 4243    1118  1116  1119  1124
 4244    1117  1119  1124  1125
 4245    1119  1118  1124  1126
 4246    1119  1124  1125  1127
 4247    1124  1119  1126  1127
 4248    1095  1118  1120  1103
 4249    1097  1095  1120  1103
 4250    1118  1120  1103  1126
 4251    1120  1097  1103  1105
 4252    1120  1103  1126  1128
 4253    1103  1120  1105  1128
 4254    1118  1119  1121  1126
 4255    1120  1118  1121  1126
 4256    1119  1121  1126  1127
 4257    1121  1120  1126  1128
 4258    1121  1126  1127  1129
 4259    1126  1121  1128  1129
 4260    1097  1120  1122  1105
 4261    1099  1097  1122  1105
 4262    1120  1122  1105  1128
 4263    1122  1099  1105  1107
 4264    1122  1105  1128  1130
 4265    1105  1122  1107  1130
 4266    1120  1121  1123  1128
 4267    1122  1120  1123  1128
 4268    1121  1123  1128  1129
 4269    1123  1122  1128  1130
 4270    1123  1128  1129  1131
 4271    1128  1123  1130  1131
 4272     915   938  1124   923
 4273    1101   915  1124   923
 4274     938  1124   923   946
 4275    1124  1101   923  1109
 4276    1124   923   946  1132
 4277     923  1124  1109  1132
 4278     938   939  1125   946
 4279    1124   938  1125   946
 4280     939  1125   946   947
 4281    1125  1124   946  1132
 4282    1125   946   947  1133
 4283     946  1125  1132  1133
 4284    1101  1124  1126  1109
 4285    1103  1101  1126  1109
 4286    1124  1126  1109  1132
 4287    1126  1103  1109  1111
 4288    1126  1109  1132  1134
 4289    1109  1126  1111  1134
 4290    1124  1125  1127  1132
 4291    1126  1124  1127  1132
 4292    1125  1127  1132  1133
 4293    1127  1126  1132  1134
 4294    1127  1132  1133  1135
 4295    1132  1127  1134  1135
 4296    1103  1126  1128  1111
 4297    1105  1103  1128  1111
 4298    1126  1128  1111  1134
 4299    1128  1105  1111  1113
 4300    1128  1111  1134  1136
 4301    1111  1128  1113  1136
 4302    1126  1127  1129  1134
 4303    1128  1126  1129  1134
 4304    1127  1129  1134  1135
 4305    1129  1128  1134  1136
 4306    1129  1134  1135  1137
 4307    1134  1129  1136  1137
 4308    1105  1128  1130  1113
 4309    1107  1105  1130  1113
 4310    1128  1130  1113  1136
 4311    1130  1107  1113  1115
 4312    1130  1113  1136  1138
 4313    1113  1130  1115  1138
 4314    1128  1129  1131  1136
 4315    1130  1128  1131  1136
 4316    1129  1131  1136  1137
 4317    1131  1130  1136  1138
 4318    1131  1136  1137  1139
 4319    1136  1131  1138  1139
 4320     931   954  1140   939
 4321    1117   931  1140   939
 4322     954  1140   939   962
 4323    1140  1117   939  1125
 4324    1140   939   962  1148
 4325     939  1140  1125  1148
 4326     954   955  1141   962
 4327    1140   954  1141   962
 4328     955  1141   962   963
 4329    1141  1140   962  1148
 4330    1141   962   963  1149
 4331     962  1141  1148  1149
 4332    1117  1140  1142  1125
 4333    1119  1117  1142  1125
 4334    1140  1142  1125  1148
 4335    1142  1119  1125  1127
 4336    1142  1125  1148  1150
 4337    1125  1142  1127  1150
 4338    1140  1141  1143  1148
 4339    1142  1140  1143  1148
 4340    1141  1143  1148  1149
 4341    1143  1142  1148  1150
 4342    1143  1148  1149  1151
 4343    1148  1143  1150  1151
 4344    1119  1142  1144  1127
 4345    1121  1119  1144  1127
 4346    1142  1144  1127  1150
 4347    1144  1121  1127  1129
 4348    1144  1127  1150  1152
 4349    1127  1144  1129  1152
 4350    1142  1143  1145  1150
 4351    1144  1142  1145  1150
 4352    1143  1145  1150  1151
 4353    1145  1144  1150  1152
 4354    1145  1150  1151  1153
 4355    1150  1145  1152  1153
 4356    1121  1144  1146  1129
 4357    1123  1121  1146  1129
 4358    1144  1146  1129  1152
 4359    1146  1123  1129  1131
 4360    1146  1129  1152  1154
 4361    1129  1146  1131  1154
 4362    1144  1145  1147  1152
 4363    1146  1144  1147  1152
 4364    1145  1147  1152  1153
 4365    1147  1146  1152  1154
 4366    1147  1152  1153  1155
 4367    1152  1147  1154  1155
 4368     939   962  1148   947
 4369    1125   939  1148   947
 4370     962  1148   947   970
 4371    1148  1125   947  1133
 4372    1148   947   970  1156
 4373     947  1148  1133  1156
 4374     962   963  1149   970
 4375    1148   962  1149   970
 4376     963  1149   970   971
 4377    1149  1148   970  1156
 4378    1149   970   971  1157
 4379     970  1149  1156  1157
 4380    1125  1148  1150  1133
 4381    1127  1125  1150  1133
 4382    1148  1150  1133  1156
 4383    1150  1127  1133  1135
 4384    1150  1133  1156  1158
 4385    1133  1150  1135  1158
 4386    1148  1149  1151  1156
 4387    1150  1148  1151  1156
 4388    1149  1151  1156  1157
 4389    1151  1150  1156  1158
 4390    1151  1156  1157  1159
 4391    1156  1151  1158  1159
 4392    1127  1150  1152  1135
 4393    1129  1127  1152  1135
 4394    1150  1152  1135  1158
 4395    1152  1129  1135  1137
 4396    1152  1135  1158  1160
 4397    1135  1152  1137  1160
 4398    1150  1151  1153  1158
 4399    1152  1150  1153  1158
 4400    1151  1153  1158  1159
 4401    1153  1152  1158  1160
 4402    1153  1158  1159  1161
 4403    1158  1153  1160  1161
 4404    1129  1152  1154  1137
 4405    1131  1129  1154  1137
 4406    1152  1154  1137  1160
 4407    1154  1131  1137  1139
 4408    1154  1137  1160  1162
 4409    1137  1154  1139  1162
 4410    1152  1153  1155  1160
 4411    1154  1152  1155  1160
 4412    1153  1155  1160  1161
 4413    1155  1154  1160  1162
 4414    1155  1160  1161  1163
 4415    1160  1155  1162  1163
 4416     955   978  1164   963
 4417    1141   955  1164   963
 4418     978  1164   963   986
 4419    1164  1141   963  1149
 4420    1164   963   986  1172
 4421     963  1164  1149  1172
 4422     978   979  1165   986
 4423    1164   978  1165   986
 4424     979  1165   986   987
 4425    1165  1164   986  1172
 4426    1165   986   987  1173
 4427     986  1165  1172  1173
 4428    1141  1164  1166  1149
 4429    1143  1141  1166  1149
 4430    1164  1166  1149  1172
 4431    1166  1143  1149  1151
 4432    1166  1149  1172  1174
 4433    1149  1166  1151  1174
 4434    1164  1165  1167  1172
 4435    1166  1164  1167  1172
 4436    1165  1167  1172  1173
 4437    1167  1166  1172  1174
 4438    1167  1172  1173  1175
 4439    1172  1167  1174  1175
 4440    1143  1166  1168  1151
 4441    1145  1143  1168  1151
 4442    1166  1168  1151  1174
 4443    1168  1145  1151  1153
 4444    1168  1151  1174  1176
 4445    1151  1168  1153  1176
 4446    1166  1167  1169  1174
 4447    1168  1166  1169  1174
 4448    1167  1169  1174  1175
 4449    1169  1168  1174  1176
 4450    1169  1174  1175  1177
 4451    1174  1169  1176  1177
 4452    1145  1168  1170  1153
 4453    1147  1145  1170  1153
 4454    1168  1170  1153  1176
 4455    1170  1147  1153  1155
 4456    1170  1153  1176  1178
 4457    1153  1170  1155  1178
 4458    1168  1169  1171  1176
 4459    1170  1168  1171  1176
 4460    1169  1171  1176  1177
 4461    1171  1170  1176  1178
 4462    1171  1176  1177  1179
 4463    1176  1171  1178  1179
 4464     963   986  1172   971
 4465    1149   963  1172   971
 4466     986  1172   971   994
 4467    1172  1149   971  1157
 4468    1172   971   994  1180
 4469     971  1172  1157  1180
 4470     986   987  1173   994
 4471    1172   986  1173   994
 4472     987  1173   994   995
 4473    1173  1172   994  1180
 4474    1173   994   995  1181
 4475     994  1173  1180  1181
 4476    1149  1172  1174  1157
 4477    1151  1149  1174  1157
 4478    1172  1174  1157  1180
 4479    1174  1151  1157  1159
 4480    1174  1157  1180  1182
 4481    1157  1174  1159  1182
 4482    1172  1173  1175  1180
 4483    1174  1172  1175  1180
 4484    1173  1175  1180  1181
 4485    1175  1174  1180  1182
 4486    1175  1180  1181  1183
 4487    1180  1175  1182  1183
 4488    1151  1174  1176  1159
 4489    1153  1151  1176  1159
 4490    1174  1176  1159  1182
 4491    1176  1153  1159  1161
 4492    1176  1159  1182  1184
 4493    1159  1176  1161  1184
 4494    1174  1175  1177  1182
 4495    1176  1174  1177  1182
 4496    1175  1177  1182  1183
 4497    1177  1176  1182  1184
 4498    1177  1182  1183  1185
 4499    1182  1177  1184  1185
 4500    1153  1176  1178  1161
 4501    1155  1153  1178  1161
 4502    1176  1178  1161  1184
 4503    1178  1155  1161  1163
 4504    1178  1161  1184  1186
 4505    1161  1178  1163  1186
 4506    1176  1177  1179  1184
 4507    1178  1176  1179  1184
 4508    1177  1179  1184  1185
 4509    1179  1178  1184  1186
 4510    1179  1184  1185  1187
 4511    1184  1179  1186  1187
 4512     979   999  1188   987
 4513    1165   979  1188   987
 4514     999  1188   987  1003
 4515    1188  1165   987  1173
 4516    1188   987  1003  1192
 4517     987  1188  1173  1192
 4518     999   825  1008  1003
 4519    1188   999  1008  1003
 4520     825  1008  1003   837
 4521    1008  1188  1003  1192
 4522    1008  1003   837  1020
 4523    1003  1008  1192  1020
 4524    1165  1188  1189  1173
 4525    1167  1165  1189  1173
 4526    1188  1189  1173  1192
 4527    1189  1167  1173  1175
 4528    1189  1173  1192  1193
 4529    1173  1189  1175  1193
 4530    1188  1008  1011  1192
 4531    1189  1188  1011  1192
 4532    1008  1011  1192  1020
 4533    1011  1189  1192  1193
 4534    1011  1192  1020  1023
 4535    1192  1011  1193  1023
 4536    1167  1189  1190  1175
 4537    1169  1167  1190  1175
 4538    1189  1190  1175  1193
 4539    1190  1169  1175  1177
 4540    1190  1175  1193  1194
 4541    1175  1190  1177  1194
 4542    1189  1011  1014  1193
 4543    1190  1189  1014  1193
 4544    1011  1014  1193  1023
 4545    1014  1190  1193  1194
 4546    1014  1193  1023  1026
 4547    1193  1014  1194  1026
 4548    1169  1190  1191  1177
 4549    1171  1169  1191  1177
 4550    1190  1191  1177  1194
 4551    1191  1171  1177  1179
 4552    1191  1177  1194  1195
 4553    1177  1191  1179  1195
 4554    1190  1014  1017  1194
 4555    1191  1190  1017  1194
 4556    1014  1017  1194  1026
 4557    1017  1191  1194  1195
 4558    1017  1194  1026  1029
 4559    1194  1017  1195  1029
 4560     987  1003  1192   995
 4561    1173   987  1192   995
 4562    1003  1192   995  1007
 4563    1192  1173   995  1181
 4564    1192   995  1007  1196
 4565     995  1192  1181  1196
 4566    1003   837  1020  1007
 4567    1192  1003  1020  1007
 4568     837  1020  1007   849
 4569    1020  1192  1007  1196
 4570    1020  1007   849  1032
 4571    1007  1020  1196  1032
 4572    1173  1192  1193  1181
 4573    1175  1173  1193  1181
 4574    1192  1193  1181  1196
 4575    1193  1175  1181  1183
 4576    1193  1181  1196  1197
 4577    1181  1193  1183  1197
 4578    1192  1020  1023  1196
 4579    1193  1192  1023  1196
 4580    1020  1023  1196  1032
 4581    1023  1193  1196  1197
 4582    1023  1196  1032  1035
 4583    1196  1023  1197  1035
 4584    1175  1193  1194  1183
 4585    1177  1175  1194  1183
 4586    1193  1194  1183  1197
 4587    1194  1177  1183  1185
 4588    1194  1183  1197  1198
 4589    1183  1194  1185  1198
 4590    1193  1023  1026  1197
 4591    1194  1193  1026  1197
 4592    1023  1026  1197  1035
 4593    1026  1194  1197  1198
 4594    1026  1197  1035  1038
 4595    1197  1026  1198  1038
 4596    1177  1194  1195  1185
 4597    1179  1177  1195  1185
 4598    1194  1195  1185  1198
 4599    1195  1179  1185  1187
 4600    1195  1185  1198  1199
 4601    1185  1195  1187  1199
 4602    1194  1026  1029  1198
 4603    1195  1194  1029  1198
 4604    1026  1029  1198  1038
 4605    1029  1195  1198  1199
 4606    1029  1198  1038  1041
 4607    1198  1029  1199  1041
 4608    1017  1018  1201  1029
 4609    1200  1017  1201  1029
 4610    1018  1201  1029  1030
 4611    1201  1200  1029  1212
 4612    1201  1029  1030  1213
 4613    1029  1201  1212  1213
 4614    1018  1019  1202  1030
 4615    1201  1018  1202  1030
 4616    1019  1202  1030  1031
 4617    1202  1201  1030  1213
 4618    1202  1030  1031  1214
 4619    1030  1202  1213  1214
 4620    1200  1201  1204  1212
 4621    1203  1200  1204  1212
 4622    1201  1204  1212  1213
 4623    1204  1203  1212  1215
 4624    1204  1212  1213  1216
 4625    1212  1204  1215  1216
 4626    1201  1202  1205  1213
 4627    1204  1201  1205  1213
 4628    1202  1205  1213  1214
 4629    1205  1204  1213  1216
 4630    1205  1213  1214  1217
 4631    1213  1205  1216  1217
 4632    1203  1204  1207  1215
 4633    1206  1203  1207  1215
 4634    1204  1207  1215  1216
 4635    1207  1206  1215  1218
 4636    1207  1215  1216  1219
 4637    1215  1207  1218  1219
 4638    1204  1205  1208  1216
 4639    1207  1204  1208  1216
 4640    1205  1208  1216  1217
 4641    1208  1207  1216  1219
 4642    1208  1216  1217  1220
 4643    1216  1208  1219  1220
 4644    1206  1207  1210  1218
 4645    1209  1206  1210  1218
 4646    1207  1210  1218  1219
 4647    1210  1209  1218  1221
 4648    1210  1218  1219  1222
 4649    1218  1210  1221  1222
 4650    1207  1208  1211  1219
 4651    1210  1207  1211  1219
 4652    1208  1211  1219  1220
 4653    1211  1210  1219  1222
 4654    1211  1219  1220  1223
 4655    1219  1211  1222  1223
 4656    1029  1030  1213  1041
 4657    1212  1029  1213  1041
 4658    1030  1213  1041  1042
 4659    1213  1212  1041  1224
 4660    1213  1041  1042  1225
 4661    1041  1213  1224  1225
 4662    1030  1031  1214  1042
 4663    1213  1030  1214  1042
 4664    1031  1214  1042  1043
 4665    1214  1213  1042  1225
 4666    1214  1042  1043  1226
 4667    1042  1214  1225  1226
 4668    1212  1213  1216  1224
 4669    1215  1212  1216  1224
 4670    1213  1216  1224  1225
 4671    1216  1215  1224  1227
 4672    1216  1224  1225  1228
 4673    1224  1216  1227  1228
 4674    1213  1214  1217  1225
 4675    1216  1213  1217  1225
 4676    1214  1217  1225  1226
 4677    1217  1216  1225  1228
 4678    1217  1225  1226  1229
 4679    1225  1217  1228  1229
 4680    1215  1216  1219  1227
 4681    1218  1215  1219  1227
 4682    1216  1219  1227  1228
 4683    1219  1218  1227  1230
 4684    1219  1227  1228  1231
 4685    1227  1219  1230  1231
 4686    1216  1217  1220  1228
 4687    1219  1216  1220  1228
 4688    1217  1220  1228  1229
 4689    1220  1219  1228  1231
 4690    1220  1228  1229  1232
 4691    1228  1220  1231  1232
 4692    1218  1219  1222  1230
 4693    1221  1218  1222  1230
 4694    1219  1222  1230  1231
 4695    1222  1221  1230  1233
 4696    1222  1230  1231  1234
 4697    1230  1222  1233  1234
 4698    1219  1220  1223  1231
 4699    1222  1219  1223  1231
 4700    1220  1223  1231  1232
 4701    1223  1222  1231  1234
 4702    1223  1231  1232  1235
 4703    1231  1223  1234  1235
 4704    1019  1050  1236  1031
 4705    1202  1019  1236  1031
 4706    1050  1236  1031  1058
 4707    1236  1202  1031  1214
 4708    1236  1031  1058  1244
 4709    1031  1236  1214  1244
 4710    1050  1051  1237  1058
 4711    1236  1050  1237  1058
 4712    1051  1237  1058  1059
 4713    1237  1236  1058  1244
 4714    1237  1058  1059  1245
 4715    1058  1237  1244  1245
 4716    1202  1236  1238  1214
 4717    1205  1202  1238  1214
 4718    1236  1238  1214  1244
 4719    1238  1205  1214  1217
 4720    1238  1214  1244  1246
 4721    1214  1238  1217  1246
 4722    1236  1237  1239  1244
 4723    1238  1236  1239  1244
 4724    1237  1239  1244  1245
 4725    1239  1238  1244  1246
 4726    1239  1244  1245  1247
 4727    1244  1239  1246  1247
 4728    1205  1238  1240  1217
 4729    1208  1205  1240  1217
 4730    1238  1240  1217  1246
 4731    1240  1208  1217  1220
 4732    1240  1217  1246  1248
 4733    1217  1240  1220  1248
 4734    1238  1239  1241  1246
 4735    1240  1238  1241  1246
 4736    1239  1241  1246  1247
 4737    1241  1240  1246  1248
 4738    1241  1246  1247  1249
 4739    1246  1241  1248  1249
 4740    1208  1240  1242  1220
 4741    1211  1208  1242  1220
 4742    1240  1242  1220  1248
 4743    1242  1211  1220  1223
 4744    1242  1220  1248  1250
 4745    1220  1242  1223  1250
 4746    1240  1241  1243  1248
 4747    1242  1240  1243  1248
 4748    1241  1243  1248  1249
 4749    1243  1242  1248  1250
 4750    1243  1248  1249  1251
 4751    1248  1243  1250  1251
 4752    1031  1058  1244  1043
 4753    1214  1031  1244  1043
 4754    1058  1244  1043  1066
 4755    1244  1214  1043  1226
 4756    1244  1043  1066  1252
 4757    1043  1244  1226  1252
 4758    1058  1059  1245  1066
 4759    1244  1058  1245  1066
 4760    1059  1245  1066  1067
 4761    1245  1244  1066  1252
 4762    1245  1066  1067  1253
 4763    1066  1245  1252  1253
 4764    1214  1244  1246  1226
 4765    1217  1214  1246  1226
 4766    1244  1246  1226  1252
 4767    1246  1217  1226  1229
 4768    1246  1226  1252  1254
 4769    1226  1246  1229  1254
 4770    1244  1245  1247  1252
 4771    1246  1244  1247  1252
 4772    1245  1247  1252  1253
 4773    1247  1246  1252  1254
 4774    1247  1252  1253  1255
 4775    1252  1247  1254  1255
 4776    1217  1246  1248  1229
 4777    1220  1217  1248  1229
 4778    1246  1248  1229  1254
 4779    1248  1220  1229  1232
 4780    1248  1229  1254  1256
 4781    1229  1248  1232  1256
 4782    1246  1247  1249  1254
 4783    1248  1246  1249  1254
 4784    1247  1249  1254  1255
 4785    1249  1248  1254  1256
 4786    1249  1254  1255  1257
 4787    1254  1249  1256  1257
 4788    1220  1248  1250  1232
 4789    1223  1220  1250  1232
 4790    1248  1250  1232  1256
 4791    1250  1223  1232  1235
 4792    1250  1232  1256  1258
 4793    1232  1250  1235  1258
 4794    1248  1249  1251  1256
 4795    1250  1248  1251  1256
 4796    1249  1251  1256  1257
 4797    1251  1250  1256  1258
 4798    1251  1256  1257  1259
 4799    1256  1251  1258  1259
 4800    1051  1074  1260  1059
 4801    1237  1051  1260  1059
 4802    1074  1260  1059  1082
 4803    1260  1237  1059  1245
 4804    1260  1059  1082  1268
 4805    1059  1260  1245  1268
 4806    1074  1075  1261  1082
 4807    1260  1074  1261  1082
 4808    1075  1261  1082  1083
 4809    1261  1260  1082  1268
 4810    1261  1082  1083  1269
 4811    1082  1261  1268  1269
 4812    1237  1260  1262  1245
 4813    1239  1237  1262  1245
 4814    1260  1262  1245  1268
 4815    1262  1239  1245  1247
 4816    1262  1245  1268  1270
 4817    1245  1262  1247  1270
 4818    1260  1261  1263  1268
 4819    1262  1260  1263  1268
 4820    1261  1263  1268  1269
 4821    1263  1262  1268  1270
 4822    1263  1268  1269  1271
 4823    1268  1263  1270  1271
 4824    1239  1262  1264  1247
 4825    1241  1239  1264  1247
 4826    1262  1264  1247  1270
 4827    1264  1241  1247  1249
 4828    1264  1247  1270  1272
 4829    1247  1264  1249  1272
 4830    1262  1263  1265  1270
 4831    1264  1262  1265  1270
 4832    1263  1265  1270  1271
 4833    1265  1264  1270  1272
 4834    1265  1270  1271  1273
 4835    1270  1265  1272  1273
 4836    1241  1264  1266  1249
 4837    1243  1241  1266  1249
 4838    1264  1266  1249  1272
 4839    1266  1243  1249  1251
 4840    1266  1249  1272  1274
 4841    1249  1266  1251  1274
 4842    1264  1265  1267  1272
 4843    1266  1264  1267  1272
 4844    1265  1267  1272  1273
 4845    1267  1266  1272  1274
 4846    1267  1272  1273  1275
 4847    1272  1267  1274  1275
 4848    1059  1082  1268  1067
 4849    1245  1059  1268  1067
 4850    1082  1268  1067  1090
 4851    1268  1245  1067  1253
 4852    1268  1067  1090  1276
 4853    1067  1268  1253  1276
 4854    1082  1083  1269  1090
 4855    1268  1082  1269  1090
 4856    1083  1269  1090  1091
 4857    1269  1268  1090  1276
 4858    1269  1090  1091  1277
 4859    1090  1269  1276  1277
 4860    1245  1268  1270  1253
 4861    1247  1245  1270  1253
 4862    1268  1270  1253  1276
 4863    1270  1247  1253  1255
 4864    1270  1253  1276  1278
 4865    1253  1270  1255  1278
 4866    1268  1269  1271  1276
 4867    1270  1268  1271  1276
 4868    1269  1271  1276  1277
 4869    1271  1270  1276  1278
 4870    1271  1276  1277  1279
 4871    1276  1271  1278  1279
 4872    1247  1270  1272  1255
 4873    1249  1247  1272  1255
 4874    1270  1272  1255  1278
 4875    1272  1249  1255  1257
 4876    1272  1255  1278  1280
 4877    1255  1272  1257  1280
 4878    1270  1271  1273  1278
 4879    1272  1270  1273  1278
 4880    1271  1273  1278  1279
 4881    1273  1272  1278  1280
 4882    1273  1278  1279  1281
 4883    1278  1273  1280  1281
 4884    1249  1272  1274  1257
 4885    1251  1249  1274  1257
 4886    1272  1274  1257  1280
 4887    1274  1251  1257  1259
 4888    1274  1257  1280  1282
 4889    1257  1274  1259  1282
 4890    1272  1273  1275  1280
 4891    1274  1272  1275  1280
 4892    1273  1275  1280  1281
 4893    1275  1274  1280  1282
 4894    1275  1280  1281  1283
 4895    1280  1275  1282  1283
 4896    1075  1098  1284  1083
 4897    1261  1075  1284  1083
 4898    1098  1284  1083  1106
 4899    1284  1261  1083  1269
 4900    1284  1083  1106  1292
 4901    1083  1284  1269  1292
 4902    1098  1099  1285  1106
 4903    1284  1098  1285  1106
 4904    1099  1285  1106  1107
 4905    1285  1284  1106  1292
 4906    1285  1106  1107  1293
 4907    1106  1285  1292  1293
 4908    1261  1284  1286  1269
 4909    1263  1261  1286  1269
 4910    1284  1286  1269  1292
 4911    1286  1263  1269  1271
 4912    1286  1269  1292  1294
 4913    1269  1286  1271  1294
 4914    1284  1285  1287  1292
 4915    1286  1284  1287  1292
 4916    1285  1287  1292  1293
 4917    1287  1286  1292  1294
 4918    1287  1292  1293  1295
 4919    1292  1287  1294  1295
 4920    1263  1286  1288  1271
 4921    1265  1263  1288  1271
 4922    1286  1288  1271  1294
 4923    1288  1265  1271  1273
 4924    1288  1271  1294  1296
 4925    1271  1288  1273  1296
 4926    1286  1287  1289  1294
 4927    1288  1286  1289  1294
 4928    1287  1289  1294  1295
 4929    1289  1288  1294  1296
 4930    1289  1294  1295  1297
 4931    1294  1289  1296  1297
 4932    1265  1288  1290  1273
 4933    1267  1265  1290  1273
 4934    1288  1290  1273  1296
 4935    1290  1267  1273  1275
 4936    1290  1273  1296  1298
 4937    1273  1290  1275  1298
 4938    1288  1289  1291  1296
 4939    1290  1288  1291  1296
 4940    1289  1291  1296  1297
 4941    1291  1290  1296  1298
 4942    1291  1296  1297  1299
 4943    1296  1291  1298  1299
 4944    1083  1106  1292  1091
 4945    1269  1083  1292  1091
 4946    1106  1292  1091  1114
 4947    1292  1269  1091  1277
 4948    1292  1091  1114  1300
 4949    1091  1292  1277  1300
 4950    1106  1107  1293  1114
 4951    1292  1106  1293  1114
 4952    1107  1293  1114  1115
 4953    1293  1292  1114  1300
 4954    1293  1114  1115  1301
 4955    1114  1293  1300  1301
 4956    1269  1292  1294  1277
 4957    1271  1269  1294  1277
 4958    1292  1294  1277  1300
 4959    1294  1271  1277  1279
 4960    1294  1277  1300  1302
 4961    1277  1294  1279  1302
 4962    1292  1293  1295  1300
 4963    1294  1292  1295  1300
 4964    1293  1295  1300  1301
 4965    1295  1294  1300  1302
 4966    1295  1300  1301  1303
 4967    1300  1295  1302  1303
 4968    1271  1294  1296  1279
 4969    1273  1271  1296  1279
 4970    1294  1296  1279  1302
 4971    1296  1273  1279  1281
 4972    1296  1279  1302  1304
 4973    1279  1296  1281  1304
 4974    1294  1295  1297  1302
 4975    1296  1294  1297  1302
 4976    1295  1297  1302  1303
 4977    1297  1296  1302  1304
 4978    1297  1302  1303  1305
 4979    1302  1297  1304  1305
 4980    1273  1296  1298  1281
 4981    1275  1273  1298  1281
 4982    1296  1298  1281  1304
 4983    1298  1275  1281  1283
 4984    1298  1281  1304  1306
 4985    1281  1298  1283  1306
 4986    1296  1297  1299  1304
 4987    1298  1296  1299  1304
 4988    1297  1299  1304  1305
 4989    1299  1298  1304  1306
 4990    1299  1304  1305  1307
 4991    1304  1299  1306  1307
 4992    1099  1122  1308  1107
 4993    1285  1099  1308  1107
 4994    1122  1308  1107  1130
 4995    1308  1285  1107  1293
 4996    1308  1107  1130  1316
 4997    1107  1308  1293  1316
 4998    1122  1123  1309  1130
 4999    1308  1122  1309  1130
 5000    1123  1309  1130  1131
 5001    1309  1308  1130  1316
 5002    1309  1130  1131  1317
 5003    1130  1309  1316  1317
 5004    1285  1308  1310  1293
 5005    1287  1285  1310  1293
 5006    1308  1310  1293  1316
 5007    1310  1287  1293  1295
 5008    1310  1293  1316  1318
 5009    1293  1310  1295  1318
 5010    1308  1309  1311  1316
 5011    1310  1308  1311  1316
 5012    1309  1311  1316  1317
 5013    1311  1310  1316  1318
 5014    1311  1316  1317  1319
 5015    1316  1311  1318  1319
 5016    1287  1310  1312  1295
 5017    1289  1287  1312  1295
 5018    1310  1312  1295  1318
 5019    1312  1289  1295  1297
 5020    1312  1295  1318  1320
 5021    1295  1312  1297  1320
 5022    1310  1311  1313  1318
 5023    1312  1310  1313  1318
 5024    1311  1313  1318  1319
 5025    1313  1312  1318  1320
 5026    1313  1318  1319  1321
 5027    1318  1313  1320  1321
 5028    1289  1312  1314  1297
 5029    1291  1289  1314  1297
 5030    1312  1314  1297  1320
 5031    1314  1291  1297  1299
 5032    1314  1297  1320  1322
 5033    1297  1314  1299  1322
 5034    1312  1313  1315  1320
 5035    1314  1312  1315  1320
 5036    1313  1315  1320  1321
 5037    1315  1314  1320  1322
 5038    1315  1320  1321  1323
 5039    1320  1315  1322  1323
 5040    1107  1130  1316  1115
 5041    1293  1107  1316  1115
 5042    1130  1316  1115  1138
 5043    1316  1293  1115  1301
 5044    1316  1115  1138  1324
 5045    1115  1316  1301  1324
 5046    1130  1131  1317  1138
 5047    1316  1130  1317  1138
 5048    1131  1317  1138  1139
 5049    1317  1316  1138  1324
 5050    1317  1138  1139  1325
 5051    1138  1317  1324  1325
 5052    1293  1316  1318  1301
 5053    1295  1293  1318  1301
 5054    1316  1318  1301  1324
 5055    1318  1295  1301  1303
 5056    1318  1301  1324  1326
 5057    1301  1318  1303  1326
 5058    1316  1317  1319  1324
 5059    1318  1316  1319  1324
 5060    1317  1319  1324  1325
 5061    1319  1318  1324  1326
 5062    1319  1324  1325  1327
 5063    1324  1319  1326  1327
 5064    1295  1318  1320  1303
 5065    1297  1295  1320  1303
 5066    1318  1320  1303  1326
 5067    1320  1297  1303  1305
 5068    1320  1303  1326  1328
 5069    1303  1320  1305  1328
 5070    1318  1319  1321  1326
 5071    1320  1318  1321  1326
 5072    1319  1321  1326  1327
 5073    1321  1320  1326  1328
 5074    1321  1326  1327  1329
 5075    1326  1321  1328  1329
 5076    1297  1320  1322  1305
 5077    1299  1297  1322  1305
 5078    1320  1322  1305  1328
 5079    1322  1299  1305  1307
 5080    1322  1305  1328  1330
 5081    1305  1322  1307  1330
 5082    1320  1321  1323  1328
 5083    1322  1320  1323  1328
 5084    1321  1323  1328  1329
 5085    1323  1322  1328  1330
 5086    1323  1328  1329  1331
 5087    1328  1323  1330  1331
 5088    1123  1146  1332  1131
 5089    1309  1123  1332  1131
 5090    1146  1332  1131  1154
 5091    1332  1309  1131  1317
 5092    1332  1131  1154  1340
 5093    1131  1332  1317  1340
 5094    1146  1147  1333  1154
 5095    1332  1146  1333  1154
 5096    1147  1333  1154  1155
 5097    1333  1332  1154  1340
 5098    1333  1154  1155  1341
 5099    1154  1333  1340  1341
 5100    1309  1332  1334  1317
 5101    1311  1309  1334  1317
 5102    1332  1334  1317  1340
 5103    1334  1311  1317  1319
 5104    1334  1317  1340  1342
 5105    1317  1334  1319  1342
 5106    1332  1333  1335  1340
 5107    1334  1332  1335  1340
 5108    1333  1335  1340  1341
 5109    1335  1334  1340  1342
 5110    1335  1340  1341  1343
 5111    1340  1335  1342  1343
 5112    1311  1334  1336  1319
 5113    1313  1311  1336  1319
 5114    1334  1336  1319  1342
 5115    1336  1313  1319  1321
 5116    1336  1319  1342  1344
 5117    1319  1336  1321  1344
 5118    1334  1335  1337  1342
 5119    1336  1334  1337  1342
 5120    1335  1337  1342  1343
 5121    1337  1336  1342  1344
 5122    1337  1342  1343  1345
 5123    1342  1337  1344  1345
 5124    1313  1336  1338  1321
 5125    1315  1313  1338  1321
 5126    1336  1338  1321  1344
 5127    1338  1315  1321  1323
 5128    1338  1321  1344  1346
 5129    1321  1338  1323  1346
 5130    1336  1337  1339  1344
 5131    1338  1336  1339  1344
 5132    1337  1339  1344  1345
 5133    1339  1338  1344  1346
 5134    1339  1344  1345  1347
 5135    1344  1339  1346  1347
 5136    1131  1154  1340  1139
 5137    1317  1131  1340  1139
 5138    1154  1340  1139  1162
 5139    1340  1317  1139  1325
 5140    1340  1139  1162  1348
 5141    1139  1340  1325  1348
 5142    1154  1155  1341  1162
 5143    1340  1154  1341  1162
 5144    1155  1341  1162  1163
 5145    1341  1340  1162  1348
 5146    1341  1162  1163  1349
 5147    1162  1341  1348  1349
 5148    1317  1340  1342  1325
 5149    1319  1317  1342  1325
 5150    1340  1342  1325  1348
 5151    1342  1319  1325  1327
 5152    1342  1325  1348  1350
 5153    1325  1342  1327  1350
 5154    1340  1341  1343  1348
 5155    1342  1340  1343  1348
 5156    1341  1343  1348  1349
 5157    1343  1342  1348  1350
 5158    1343  1348  1349  1351
 5159    1348  1343  1350  1351
 5160    1319  1342  1344  1327
 5161    1321  1319  1344  1327
 5162    1342  1344  1327  1350
 5163    1344  1321  1327  1329
 5164    1344  1327  1350  1352
 5165    1327  1344  1329  1352
 5166    1342  1343  1345  1350
 5167    1344  1342  1345  1350
 5168    1343  1345  1350  1351
 5169    1345  1344  1350  1352
 5170    1345  1350  1351  1353
 5171    1350  1345  1352  1353
 5172    1321  1344  1346  1329
 5173    1323  1321  1346  1329
 5174    1344  1346  1329  1352
 5175    1346  1323  1329  1331
 5176    1346  1329  1352  1354
 5177    1329  1346  1331  1354
 5178    1344  1345  1347  1352
 5179    1346  1344  1347  1352
 5180    1345  1347  1352  1353
 5181    1347  1346  1352  1354
 5182    1347  1352  1353  1355
 5183    1352  1347  1354  1355
 5184    1147  1170  1356  1155
 5185    1333  1147  1356  1155
 5186    1170  1356  1155  1178
 5187    1356  1333  1155  1341
 5188    1356  1155  1178  1364
 5189    1155  1356  1341  1364
 5190    1170  1171  1357  1178
 5191    1356  1170  1357  1178
 5192    1171  1357  1178  1179
 5193    1357  1356  1178  1364
 5194    1357  1178  1179  1365
 5195    1178  1357  1364  1365
 5196    1333  1356  1358  1341
 5197    1335  1333  1358  1341
 5198    1356  1358  1341  1364
 5199    1358  1335  1341  1343
 5200    1358  1341  1364  1366
 5201    1341  1358  1343  1366
 5202    1356  1357  1359  1364
 5203    1358  1356  1359  1364
 5204    1357  1359  1364  1365
 5205    1359  1358  1364  1366
 5206    1359  1364  1365  1367
 5207    1364  1359  1366  1367
 5208    1335  1358  1360  1343
 5209    1337  1335  1360  1343
 5210    1358  1360  1343  1366
 5211    1360  1337  1343  1345
 5212    1360  1343  1366  1368
 5213    1343  1360  1345  1368
 5214    1358  1359  1361  1366
 5215    1360  1358  1361  1366
 5216    1359  1361  1366  1367
 5217    1361  1360  1366  1368
 5218    1361  1366  1367  1369
 5219    1366  1361  1368  1369
 5220    1337  1360  1362  1345
 5221    1339  1337  1362  1345
 5222    1360  1362  1345  1368
 5223    1362  1339  1345  1347
 5224    1362  1345  1368  1370
 5225    1345  1362  1347  1370
 5226    1360  1361  1363  1368
 5227    1362  1360  1363  1368
 5228    1361  1363  1368  1369
 5229    1363  1362  1368  1370
 5230    1363  1368  1369  1371
 5231    1368  1363  1370  1371
 5232    1155  1178  1364  1163
 5233    1341  1155  1364  1163
 5234    1178  1364  1163  1186
 5235    1364  1341  1163  1349
 5236    1364  1163  1186  1372
 5237    1163  1364  1349  1372
 5238    1178  1179  1365  1186
 5239    1364  1178  1365  1186
 5240    1179  1365  1186  1187
 5241    1365  1364  1186  1372
 5242    1365  1186  1187  1373
 5243    1186  1365  1372  1373
 5244    1341  1364  1366  1349
 5245    1343  1341  1366  1349
 5246    1364  1366  1349  1372
 5247    1366  1343  1349  1351
 5248    1366  1349  1372  1374
 5249    1349  1366  1351  1374
 5250    1364  1365  1367  1372
 5251    1366  1364  1367  1372
 5252    1365  1367  1372  1373
 5253    1367  1366  1372  1374
 5254    1367  1372  1373  1375
 5255    1372  1367  1374  1375
 5256    1343  1366  1368  1351
 5257    1345  1343  1368  1351
 5258    1366  1368  1351  1374
 5259    1368  1345  1351  1353
 5260    1368  1351  1374  1376
 5261    1351  1368  1353  1376
 5262    1366  1367  1369  1374
 5263    1368  1366  1369  1374
 5264    1367  1369  1374  1375
 5265    1369  1368  1374  1376
 5266    1369  1374  1375  1377
 5267    1374  1369  1376  1377
 5268    1345  1368  1370  1353
 5269    1347  1345  1370  1353
 5270    1368  1370  1353  1376
 5271    1370  1347  1353  1355
 5272    1370  1353  1376  1378
 5273    1353  1370  1355  1378
 5274    1368  1369  1371  1376
 5275    1370  1368  1371  1376
 5276    1369  1371  1376  1377
 5277    1371  1370  1376  1378
 5278    1371  1376  1377  1379
 5279    1376  1371  1378  1379
 5280    1171  1191  1380  1179
 5281    1357  1171  1380  1179
 5282    1191  1380  1179  1195
 5283    1380  1357  1179  1365
 5284    1380  1179  1195  1384
 5285    1179  1380  1365  1384
 5286    1191  1017  1200  1195
 5287    1380  1191  1200  1195
 5288    1017  1200  1195  1029
 5289    1200  1380  1195  1384
 5290    1200  1195  1029  1212
 5291    1195  1200  1384  1212
 5292    1357  1380  1381  1365
 5293    1359  1357  1381  1365
 5294    1380  1381  1365  1384
 5295    1381  1359  1365  1367
 5296    1381  1365  1384  1385
 5297    1365  1381  1367  1385
 5298    1380  1200  1203  1384
 5299    1381  1380  1203  1384
 5300    1200  1203  1384  1212
 5301    1203  1381  1384  1385
 5302    1203  1384  1212  1215
 5303    1384  1203  1385  1215
 5304    1359  1381  1382  1367
 5305    1361  1359  1382  1367
 5306    1381  1382  1367  1385
 5307    1382  1361  1367  1369
 5308    1382  1367  1385  1386
 5309    1367  1382  1369  1386
 5310    1381  1203  1206  1385
 5311    1382  1381  1206  1385
 5312    1203  1206  1385  1215
 5313    1206  1382  1385  1386
 5314    1206  1385  1215  1218
 5315    1385  1206  1386  1218
 5316    1361  1382  1383  1369
 5317    1363  1361  1383  1369
 5318    1382  1383  1369  1386
 5319    1383  1363  1369  1371
 5320    1383  1369  1386  1387
 5321    1369  1383  1371  1387
 5322    1382  1206  1209  1386
 5323    1383  1382  1209  1386
 5324    1206  1209  1386  1218
 5325    1209  1383  1386  1387
 5326    1209  1386  1218  1221
 5327    1386  1209  1387  1221
 5328    1179  1195  1384  1187
 5329    1365  1179  1384  1187
 5330    1195  1384  1187  1199
 5331    1384  1365  1187  1373
 5332    1384  1187  1199  1388
 5333    1187  1384  1373  1388
 5334    1195  1029  1212  1199
 5335    1384  1195  1212  1199
 5336    1029  1212  1199  1041
 5337    1212  1384  1199  1388
 5338    1212  1199  1041  1224
 5339    1199  1212  1388  1224
 5340    1365  1384  1385  1373
 5341    1367  1365  1385  1373
 5342    1384  1385  1373  1388
 5343    1385  1367  1373  1375
 5344    1385  1373  1388  1389
 5345    1373  1385  1375  1389
 5346    1384  1212  1215  1388
 5347    1385  1384  1215  1388
 5348    1212  1215  1388  1224
 5349    1215  1385  1388  1389
 5350    1215  1388  1224  1227
 5351    1388  1215  1389  1227
 5352    1367  1385  1386  1375
 5353    1369  1367  1386  1375
 5354    1385  1386  1375  1389
 5355    1386  1369  1375  1377
 5356    1386  1375  1389  1390
 5357    1375  1386  1377  1390
 5358    1385  1215  1218  1389
 5359    1386  1385  1218  1389
 5360    1215  1218  1389  1227
 5361    1218  1386  1389  1390
 5362    1218  1389  1227  1230
 5363    1389  1218  1390  1230
 5364    1369  1386  1387  1377
 5365    1371  1369  1387  1377
 5366    1386  1387  1377  1390
 5367    1387  1371  1377  1379
 5368    1387  1377  1390  1391
 5369    1377  1387  1379  1391
 5370    1386  1218  1221  1390
 5371    1387  1386  1221  1390
 5372    1218  1221  1390  1230
 5373    1221  1387  1390  1391
 5374    1221  1390  1230  1233
 5375    1390  1221  1391  1233
 5376    1209  1210  1393  1221
 5377    1392  1209  1393  1221
 5378    1210  1393  1221  1222
 5379    1393  1392  1221  1404
 5380    1393  1221  1222  1405
 5381    1221  1393  1404  1405
 5382    1210  1211  1394  1222
 5383    1393  1210  1394  1222
 5384    1211  1394  1222  1223
 5385    1394  1393  1222  1405
 5386    1394  1222  1223  1406
 5387    1222  1394  1405  1406
 5388    1392  1393  1396  1404
 5389    1395  1392  1396  1404
 5390    1393  1396  1404  1405
 5391    1396  1395  1404  1407
 5392    1396  1404  1405  1408
 5393    1404  1396  1407  1408
 5394    1393  1394  1397  1405
 5395    1396  1393  1397  1405
 5396    1394  1397  1405  1406
 5397    1397  1396  1405  1408
 5398    1397  1405  1406  1409
 5399    1405  1397  1408  1409
 5400    1395  1396  1399  1407
 5401    1398  1395  1399  1407
 5402    1396  1399  1407  1408
 5403    1399  1398  1407  1410
 5404    1399  1407  1408  1411
 5405    1407  1399  1410  1411
 5406    1396  1397  1400  1408
 5407    1399  1396  1400  1408
 5408    1397  1400  1408  1409
 5409    1400  1399  1408  1411
 5410    1400  1408  1409  1412
 5411    1408  1400  1411  1412
 5412    1398  1399  1402  1410
 5413    1401  1398  1402  1410
 5414    1399  1402  1410  1411
 5415    1402  1401  1410  1413
 5416    1402  1410  1411  1414
 5417    1410  1402  1413  1414
 5418    1399  1400  1403  1411
 5419    1402  1399  1403  1411
 5420    1400  1403  1411  1412
 5421    1403  1402  1411  1414
 5422    1403  1411  1412  1415
 5423    1411  1403  1414  1415
 5424    1221  1222  1405  1233
 5425    1404  1221  1405  1233
 5426    1222  1405  1233  1234
 5427    1405  1404  1233  1416
 5428    1405  1233  1234  1417
 5429    1233  1405  1416  1417
 5430    1222  1223  1406  1234
 5431    1405  1222  1406  1234
 5432    1223  1406  1234  1235
 5433    1406  1405  1234  1417
 5434    1406  1234  1235  1418
 5435    1234  1406  1417  1418
 5436    1404  1405  1408  1416
 5437    1407  1404  1408  1416
 5438    1405  1408  1416  1417
 5439    1408  1407  1416  1419
 5440    1408  1416  1417  1420
 5441    1416  1408  1419  1420
 5442    1405  1406  1409  1417
 5443    1408  1405  1409  1417
 5444    1406  1409  1417  1418
 5445    1409  1408  1417  1420
 5446    1409  1417  1418  1421
 5447    1417  1409  1420  1421
 5448    1407  1408  1411  1419
 5449    1410  1407  1411  1419
 5450    1408  1411  1419  1420
 5451    1411  1410  1419  1422
 5452    1411  1419  1420  1423
 5453    1419  1411  1422  1423
 5454    1408  1409  1412  1420
 5455    1411  1408  1412  1420
 5456    1409  1412  1420  1421
 5457    1412  1411  1420  1423
 5458    1412  1420  1421  1424
 5459    1420  1412  1423  1424
 5460    1410  1411  1414  1422
 5461    1413  1410  1414  1422
 5462    1411  1414  1422  1423
 5463    1414  1413  1422  1425
 5464    1414  1422  1423  1426
 5465    1422  1414  1425  1426
 5466    1411  1412  1415  1423
 5467    1414  1411  1415  1423
 5468    1412  1415  1423  1424
 5469    1415  1414  1423  1426
 5470    1415  1423  1424  1427
 5471    1423  1415  1426  1427
 5472    1211  1242  1428  1223
 5473    1394  1211  1428  1223
 5474    1242  1428  1223  1250
 5475    1428  1394  1223  1406
 5476    1428  1223  1250  1436
 5477    1223  1428  1406  1436
 5478    1242  1243  1429  1250
 5479    1428  1242  1429  1250
 5480    1243  1429  1250  1251
 5481    1429  1428  1250  1436
 5482    1429  1250  1251  1437
 5483    1250  1429  1436  1437
 5484    1394  1428  1430  1406
 5485    1397  1394  1430  1406
 5486    1428  1430  1406  1436
 5487    1430  1397  1406  1409
 5488    1430  1406  1436  1438
 5489    1406  1430  1409  1438
 5490    1428  1429  1431  1436
 5491    1430  1428  1431  1436
 5492    1429  1431  1436  1437
 5493    1431  1430  1436  1438
 5494    1431  1436  1437  1439
 5495    1436  1431  1438  1439
 5496    1397  1430  1432  1409
 5497    1400  1397  1432  1409
 5498    1430  1432  1409  1438
 5499    1432  1400  1409  1412
 5500    1432  1409  1438  1440
 5501    1409  1432  1412  1440
 5502    1430  1431  1433  1438
 5503    1432  1430  1433  1438
 5504    1431  1433  1438  1439
 5505    1433  1432  1438  1440
 5506    1433  1438  1439  1441
 5507    1438  1433  1440  1441
 5508    1400  1432  1434  1412
 5509    1403  1400  1434  1412
 5510    1432  1434  1412  1440
 5511    1434  1403  1412  1415
 5512    1434  1412  1440  1442
 5513    1412  1434  1415  1442
 5514    1432  1433  1435  1440
 5515    1434  1432  1435  1440
 5516    1433  1435  1440  1441
 5517    1435  1434  1440  1442
 5518    1435  1440  1441  1443
 5519    1440  1435  1442  1443
 5520    1223  1250  1436  1235
 5521    1406  1223  1436  1235
 5522    1250  1436  1235  1258
 5523    1436  1406  1235  1418
 5524    1436  1235  1258  1444
 5525    1235  1436  1418  1444
 5526    1250  1251  1437  1258
 5527    1436  1250  1437  1258
 5528    1251  1437  1258  1259
 5529    1437  1436  1258  1444
 5530    1437  1258  1259  1445
 5531    1258  1437  1444  1445
 5532    1406  1436  1438  1418
 5533    1409  1406  1438  1418
 5534    1436  1438  1418  1444
 5535    1438  1409  1418  1421
 5536    1438  1418  1444  1446
 5537    1418  1438  1421  1446
 5538    1436  1437  1439  1444
 5539    1438  1436  1439  1444
 5540    1437  1439  1444  1445
 5541    1439  1438  1444  1446
 5542    1439  1444  1445  1447
 5543    1444  1439  1446  1447
 5544    1409  1438  1440  1421
 5545    1412  1409  1440  1421
 5546    1438  1440  1421  1446
 5547    1440  1412  1421  1424
 5548    1440  1421  1446  1448
 5549    1421  1440  1424  1448
 5550    1438  1439  1441  1446
 5551    1440  1438  1441  1446
 5552    1439  1441  1446  1447
 5553    1441  1440  1446  1448
 5554    1441  1446  1447  1449
 5555    1446  1441  1448  1449
 5556    1412  1440  1442  1424
 5557    1415  1412  1442  1424
 5558    1440  1442  1424  1448
 5559    1442  1415  1424  1427
 5560    1442  1424  1448  1450
 5561    1424  1442  1427  1450
 5562    1440  1441  1443  1448
 5563    1442  1440  1443  1448
 5564    1441  1443  1448  1449
 5565    1443  1442  1448  1450
 5566    1443  1448  1449  1451
 5567    1448  1443  1450  1451
 5568    1243  1266  1452  1251
 5569    1429  1243  1452  1251
 5570    1266  1452  1251  1274
 5571    1452  1429  1251  1437
 5572    1452  1251  1274  1460
 5573    1251  1452  1437  1460
 5574    1266  1267  1453  1274
 5575    1452  1266  1453  1274
 5576    1267  1453  1274  1275
 5577    1453  1452  1274  1460
 5578    1453  1274  1275  1461
 5579    1274  1453  1460  1461
 5580    1429  1452  1454  1437
 5581    1431  1429  1454  1437
 5582    1452  1454  1437  1460
 5583    1454  1431  1437  1439
 5584    1454  1437  1460  1462
 5585    1437  1454  1439  1462
 5586    1452  1453  1455  1460
 5587    1454  1452  1455  1460
 5588    1453  1455  1460  1461
 5589    1455  1454  1460  1462
 5590    1455  1460  1461  1463
 5591    1460  1455  1462  1463
 5592    1431  1454  1456  1439
 5593    1433  1431  1456  1439
 5594    1454  1456  1439  1462
 5595    1456  1433  1439  1441
 5596    1456  1439  1462  1464
 5597    1439  1456  1441  1464
 5598    1454  1455  1457  1462
 5599    1456  1454  1457  1462
 5600    1455  1457  1462  1463
 5601    1457  1456  1462  1464
 5602    1457  1462  1463  1465
 5603    1462  1457  1464  1465
 5604    1433  1456  1458  1441
 5605    1435  1433  1458  1441
 5606    1456  1458  1441  1464
 5607    1458  1435  1441  1443
 5608    1458  1441  1464  1466
 5609    1441  1458  1443  1466
 5610    1456  1457  1459  1464
 5611    1458  1456  1459  1464
 5612    1457  1459  1464  1465
 5613    1459  1458  1464  1466
 5614    1459  1464  1465  1467
 5615    1464  1459  1466  1467
 5616    1251  1274  1460  1259
 5617    1437  1251  1460  1259
 5618    1274  1460  1259  1282
 5619    1460  1437  1259  1445
 5620    1460  1259  1282  1468
 5621    1259  1460  1445  1468
 5622    1274  1275  1461  1282
 5623    1460  1274  1461  1282
 5624    1275  1461  1282  1283
 5625    1461  1460  1282  1468
 5626    1461  1282  1283  1469
 5627    1282  1461  1468  1469
 5628    1437  1460  1462  1445
 5629    1439  1437  1462  1445
 5630    1460  1462  1445  1468
 5631    1462  1439  1445  1447
 5632    1462  1445  1468  1470
 5633    1445  1462  1447  1470
 5634    1460  1461  1463  1468
 5635    1462  1460  1463  1468
 5636    1461  1463  1468  1469
 5637    1463  1462  1468  1470
 5638    1463  1468  1469  1471
 5639    1468  1463  1470  1471
 5640    1439  1462  1464  1447
 5641    1441  1439  1464  1447
 5642    1462  1464  1447  1470
 5643    1464  1441  1447  1449
 5644    1464  1447  1470  1472
 5645    1447  1464  1449  1472
 5646    1462  1463  1465  1470
 5647    1464  1462  1465  1470
 5648    1463  1465  1470  1471
 5649    1465  1464  1470  1472
 5650    1465  1470  1471  1473
 5651    1470  1465  1472  1473
 5652    1441  1464  1466  1449
 5653    1443  1441  1466  1449
 5654    1464  1466  1449  1472
 5655    1466  1443  1449  1451
 5656    1466  1449  1472  1474
 5657    1449  1466  1451  1474
 5658    1464  1465  1467  1472
 5659    1466  1464  1467  1472
 5660    1465  1467  1472  1473
 5661    1467  1466  1472  1474
 5662    1467  1472  1473  1475
 5663    1472  1467  1474  1475
 5664    1267  1290  1476  1275
 5665    1453  1267  1476  1275
 5666    1290  1476  1275  1298
 5667    1476  1453  1275  1461
 5668    1476  1275  1298  1484
 5669    1275  1476  1461  1484
 5670    1290  1291  1477  1298
 5671    1476  1290  1477  1298
 5672    1291  1477  1298  1299
 5673    1477  1476  1298  1484
 5674    1477  1298  1299  1485
 5675    1298  1477  1484  1485
 5676    1453  1476  1478  1461
 5677    1455  1453  1478  1461
 5678    1476  1478  1461  1484
 5679    1478  1455  1461  1463
 5680    1478  1461  1484  1486
 5681    1461  1478  1463  1486
 5682    1476  1477  1479  1484
 5683    1478  1476  1479  1484
 5684    1477  1479  1484  1485
 5685    1479  1478  1484  1486
 5686    1479  1484  1485  1487
 5687    1484  1479  1486  1487
 5688    1455  1478  1480  1463
 5689    1457  1455  1480  1463
 5690    1478  1480  1463  1486
 5691    1480  1457  1463  1465
 5692    1480  1463  1486  1488
 5693    1463  1480  1465  1488
 5694    1478  1479  1481  1486
 5695    1480  1478  1481  1486
 5696    1479  1481  1486  1487
 5697    1481  1480  1486  1488
 5698    1481  1486  1487  1489
 5699    1486  1481  1488  1489
 5700    1457  1480  1482  1465
 5701    1459  1457  1482  1465
 5702    1480  1482  1465  1488
 5703    1482  1459  1465  1467
 5704    1482  1465  1488  1490
 5705    1465  1482  1467  1490
 5706    1480  1481  1483  1488
 5707    1482  1480  1483  1488
 5708    1481  1483  1488  1489
 5709    1483  1482  1488  1490
 5710    1483  1488  1489  1491
 5711    1488  1483  1490  1491
 5712    1275  1298  1484  1283
 5713    1461  1275  1484  1283
 5714    1298  1484  1283  1306
 5715    1484  1461  1283  1469
 5716    1484  1283  1306  1492
 5717    1283  1484  1469  1492
 5718    1298  1299  1485  1306
 5719    1484  1298  1485  1306
 5720    1299  1485  1306  1307
 5721    1485  1484  1306  1492
 5722    1485  1306  1307  1493
 5723    1306  1485  1492  1493
 5724    1461  1484  1486  1469
 5725    1463  1461  1486  1469
 5726    1484  1486  1469  1492
 5727    1486  1463  1469  1471
 5728    1486  1469  1492  1494
 5729    1469  1486  1471  1494
 5730    1484  1485  1487  1492
 5731    1486  1484  1487  1492
 5732    1485  1487  1492  1493
 5733    1487  1486  1492  1494
 5734    1487  1492  1493  1495
 5735    1492  1487  1494  1495
 5736    1463  1486  1488  1471
 5737    1465  1463  1488  1471
 5738    1486  1488  1471  1494
 5739    1488  1465  1471  1473
 5740    1488  1471  1494  1496
 5741    1471  1488  1473  1496
 5742    1486  1487  1489  1494
 5743    1488  1486  1489  1494
 5744    1487  1489  1494  1495
 5745    1489  1488  1494  1496
 5746    1489  1494  1495  1497
 5747    1494  1489  1496  1497
 5748    1465  1488  1490  1473
 5749    1467  1465  1490  1473
 5750    1488  1490  1473  1496
 5751    1490  1467  1473  1475
 5752    1490  1473  1496  1498
 5753    1473  1490  1475  1498
 5754    1488  1489  1491  1496
 5755    1490  1488  1491  1496
 5756    1489  1491  1496  1497
 5757    1491  1490  1496  1498
 5758    1491  1496  1497  1499
 5759    1496  1491  1498  1499
 5760    1291  1314  1500  1299
 5761    1477  1291  1500  1299
 5762    1314  1500  1299  1322
 5763    1500  1477  1299  1485
 5764    1500  1299  1322  1508
 5765    1299  1500  1485  1508
 5766    1314  1315  1501  1322
 5767    1500  1314  1501  1322
 5768    1315  1501  1322  1323
 5769    1501  1500  1322  1508
 5770    1501  1322  1323  1509
 5771    1322  1501  1508  1509
 5772    1477  1500  1502  1485
 5773    1479  1477  1502  1485
 5774    1500  1502  1485  1508
 5775    1502  1479  1485  1487
 5776    1502  1485  1508  1510
 5777    1485  1502  1487  1510
 5778    1500  1501  1503  1508
 5779    1502  1500  1503  1508
 5780    1501  1503  1508  1509
 5781    1503  1502  1508  1510
 5782    1503  1508  1509  1511
 5783    1508  1503  1510  1511
 5784    1479  1502  1504  1487
 5785    1481  1479  1504  1487
 5786    1502  1504  1487  1510
 5787    1504  1481  1487  1489
 5788    1504  1487  1510  1512
 5789    1487  1504  1489  1512
 5790    1502  1503  1505  1510
 5791    1504  1502  1505  1510
 5792    1503  1505  1510  1511
 5793    1505  1504  1510  1512
 5794    1505  1510  1511  1513
 5795    1510  1505  1512  1513
 5796    1481  1504  1506  1489
 5797    1483  1481  1506  1489
 5798    1504  1506  1489  1512
 5799    1506  1483  1489  1491
 5800    1506  1489  1512  1514
 5801    1489  1506  1491  1514
 5802    1504  1505  1507  1512
 5803    1506  1504  1507  1512
 5804    1505  1507  1512  1513
 5805    1507  1506  1512  1514
 5806    1507  1512  1513  1515
 5807    1512  1507  1514  1515
 5808    1299  1322  1508  1307
 5809    1485  1299  1508  1307
 5810    1322  1508  1307  1330
 5811    1508  1485  1307  1493
 5812    1508  1307  1330  1516
 5813    1307  1508  1493  1516
 5814    1322  1323  1509  1330
 5815    1508  1322  1509  1330
 5816    1323  1509  1330  1331
 5817    1509  1508  1330  1516
 5818    1509  1330  1331  1517
 5819    1330  1509  1516  1517
 5820    1485  1508  1510  1493
 5821    1487  1485  1510  1493
 5822    1508  1510  1493  1516
 5823    1510  1487  1493  1495
 5824    1510  1493  1516  1518
 5825    1493  1510  1495  1518
 5826    1508  1509  1511  1516
 5827    1510  1508  1511  1516
 5828    1509  1511  1516  1517
 5829    1511  1510  1516  1518
 5830    1511  1516  1517  1519
 5831    1516  1511  1518  1519
 5832    1487  1510  1512  1495
 5833    1489  1487  1512  1495
 5834    1510  1512  1495  1518
 5835    1512  1489  1495  1497
 5836    1512  1495  1518  1520
 5837    1495  1512  1497  1520
 5838    1510  1511  1513  1518
 5839    1512  1510  1513  1518
 5840    1511  1513  1518  1519
 5841    1513  1512  1518  1520
 5842    1513  1518  1519  1521
 5843    1518  1513  1520  1521
 5844    1489  1512  1514  1497
 5845    1491  1489  1514  1497
 5846    1512  1514  1497  1520
 5847    1514  1491  1497  1499
 5848    1514  1497  1520  1522
 5849    1497  1514  1499  1522
 5850    1512  1513  1515  1520
 5851    1514  1512  1515  1520
 5852    1513  1515  1520  1521
 5853    1515  1514  1520  1522
 5854    1515  1520  1521  1523
 5855    1520  1515  1522  1523
 5856    1315  1338  1524  1323
 5857    1501  1315  1524  1323
 5858    1338  1524  1323  1346
 5859    1524  1501  1323  1509
 5860    1524  1323  1346  1532
 5861    1323  1524  1509  1532
 5862    1338  1339  1525  1346
 5863    1524  1338  1525  1346
 5864    1339  1525  1346  1347
 5865    1525  1524  1346  1532
 5866    1525  1346  1347  1533
 5867    1346  1525  1532  1533
 5868    1501  1524  1526  1509
 5869    1503  1501  1526  1509
 5870    1524  1526  1509  1532
 5871    1526  1503  1509  1511
 5872    1526  1509  1532  1534
 5873    1509  1526  1511  1534
 5874    1524  1525  1527  1532
 5875    1526  1524  1527  1532
 5876    1525  1527  1532  1533
 5877    1527  1526  1532  1534
 5878    1527  1532  1533  1535
 5879    1532  1527  1534  1535
 5880    1503  1526  1528  1511
 5881    1505  1503  1528  1511
 5882    1526  1528  1511  1534
 5883    1528  1505  1511  1513
 5884    1528  1511  1534  1536
 5885    1511  1528  1513  1536
 5886    1526  1527  1529  1534
 5887    1528  1526  1529  1534
 5888    1527  1529  1534  1535
 5889    1529  1528  1534  1536
 5890    1529  1534  1535  1537
 5891    1534  1529  1536  1537
 5892    1505  1528  1530  1513
 5893    1507  1505  1530  1513
 5894    1528  1530  1513  1536
 5895    1530  1507  1513  1515
 5896    1530  1513  1536  1538
 5897    1513  1530  1515  1538
 5898    1528  1529  1531  1536
 5899    1530  1528  1531  1536
 5900    1529  1531  1536  1537
 5901    1531  1530  1536  1538
 5902    1531  1536  1537  1539
 5903    1536  1531  1538  1539
 5904    1323  1346  1532  1331
 5905    1509  1323  1532  1331
 5906    1346  1532  1331  1354
 5907    1532  1509  1331  1517
 5908    1532  1331  1354  1540
 5909    1331  1532  1517  1540
 5910    1346  1347  1533  1354
 5911    1532  1346  1533  1354
 5912    1347  1533  1354  1355
 5913    1533  1532  1354  1540
 5914    1533  1354  1355  1541
 5915    1354  1533  1540  1541
 5916    1509  1532  1534  1517
 5917    1511  1509  1534  1517
 5918    1532  1534  1517  1540
 5919    1534  1511  1517  1519
 5920    1534  1517  1540  1542
 5921    1517  1534  1519  1542
 5922    1532  1533  1535  1540
 5923    1534  1532  1535  1540
 5924    1533  1535  1540  1541
 5925    1535  1534  1540  1542
 5926    1535  1540  1541  1543
 5927    1540  1535  1542  1543
 5928    1511  1534  1536  1519
 5929    1513  1511  1536  1519
 5930    1534  1536  1519  1542
 5931    1536  1513  1519  1521
 5932    1536  1519  1542  1544
 5933    1519  1536  1521  1544
 5934    1534  1535  1537  1542
 5935    1536  1534  1537  1542
 5936    1535  1537  1542  1543
 5937    1537  1536  1542  1544
 5938    1537  1542  1543  1545
 5939    1542  1537  1544  1545
 5940    1513  1536  1538  1521
 5941    1515  1513  1538  1521
 5942    1536  1538  1521  1544
 5943    1538  1515  1521  1523
 5944    1538  1521  1544  1546
 5945    1521  1538  1523  1546
 5946    1536  1537  1539  1544
 5947    1538  1536  1539  1544
 5948    1537  1539  1544  1545
 5949    1539  1538  1544  1546
 5950    1539  1544  1545  1547
 5951    1544  1539  1546  1547
 5952    1339  1362  1548  1347
 5953    1525  1339  1548  1347
 5954    1362  1548  1347  1370
 5955    1548  1525  1347  1533
 5956    1548  1347  1370  1556
 5957    1347  1548  1533  1556
 5958    1362  1363  1549  1370
 5959    1548  1362  1549  1370
 5960    1363  1549  1370  1371
 5961    1549  1548  1370  1556
 5962    1549  1370  1371  1557
 5963    1370  1549  1556  1557
 5964    1525  1548  1550  1533
 5965    1527  1525  1550  1533
 5966    1548  1550  1533  1556
 5967    1550  1527  1533  1535
 5968    1550  1533  1556  1558
 5969    1533  1550  1535  1558
 5970    1548  1549  1551  1556
 5971    1550  1548  1551  1556
 5972    1549  1551  1556  1557
 5973    1551  1550  1556  1558
 5974    1551  1556  1557  1559
 5975    1556  1551  1558  1559
 5976    1527  1550  1552  1535
 5977    1529  1527  1552  1535
 5978    1550  1552  1535  1558
 5979    1552  1529  1535  1537
 5980    1552  1535  1558  1560
 5981    1535  1552  1537  1560
 5982    1550  1551  1553  1558
 5983    1552  1550  1553  1558
 5984    1551  1553  1558  1559
 5985    1553  1552  1558  1560
 5986    1553  1558  1559  1561
 5987    1558  1553  1560  1561
 5988    1529  1552  1554  1537
 5989    1531  1529  1554  1537
 5990    1552  1554  1537  1560
 5991    1554  1531  1537  1539
 5992    1554  1537  1560  1562
 5993    1537  1554  1539  1562
 5994    1552  1553  1555  1560
 5995    1554  1552  1555  1560
 5996    1553  1555  1560  1561
 5997    1555  1554  1560  1562
 5998    1555  1560  1561  1563
 5999    1560  1555  1562  1563
 6000    1347  1370  1556  1355
 6001    1533  1347  1556  1355
 6002    1370  1556  1355  1378
 6003    1556  1533  1355  1541
 6004    1556  1355  1378  1564
 6005    1355  1556  1541  1564
 6006    1370  1371  1557  1378
 6007    1556  1370  1557  1378
 6008    1371  1557  1378  1379
 6009    1557  1556  1378  1564
 6010    1557  1378  1379  1565
 6011    1378  1557  1564  1565
 6012    1533  1556  1558  1541
 6013    1535  1533  1558  1541
 6014    1556  1558  1541  1564
 6015    1558  1535  1541  1543
 6016    1558  1541  1564  1566
 6017    1541  1558  1543  1566
 6018    1556  1557  1559  1564
 6019    1558  1556  1559  1564
 6020    1557  1559  1564  1565
 6021    1559  1558  1564  1566
 6022    1559  1564  1565  1567
 6023    1564  1559  1566  1567
 6024    1535  1558  1560  1543
 6025    1537  1535  1560  1543
 6026    1558  1560  1543  1566
 6027    1560  1537  1543  1545
 6028    1560  1543  1566  1568
 6029    1543  1560  1545  1568
 6030    1558  1559  1561  1566
 6031    1560  1558  1561  1566
 6032    1559  1561  1566  1567
 6033    1561  1560  1566  1568
 6034    1561  1566  1567  1569
 6035    1566  1561  1568  1569
 6036    1537  1560  1562  1545
 6037    1539  1537  1562  1545
 6038    1560  1562  1545  1568
 6039    1562  1539  1545  1547
 6040    1562  1545  1568  1570
 6041    1545  1562  1547  1570
 6042    1560  1561  1563  1568
 6043    1562  1560  1563  1568
 6044    1561  1563  1568  1569
 6045    1563  1562  1568  1570
 6046    1563  1568  1569  1571
 6047    1568  1563  1570  1571
 6048    1363  1383  1572  1371
 6049    1549  1363  1572  1371
 6050    1383  1572  1371  1387
 6051    1572  1549  1371  1557
 6052    1572  1371  1387  1576
 6053    1371  1572  1557  1576
 6054    1383  1209  1392  1387
 6055    1572  1383  1392  1387
 6056    1209  1392  1387  1221
 6057    1392  1572  1387  1576
 6058    1392  1387  1221  1404
 6059    1387  1392  1576  1404
 6060    1549  1572  1573  1557
 6061    1551  1549  1573  1557
 6062    1572  1573  1557  1576
 6063    1573  1551  1557  1559
 6064    1573  1557  1576  1577
 6065    1557  1573  1559  1577
 6066    1572  1392  1395  1576
 6067    1573  1572  1395  1576
 6068    1392  1395  1576  1404
 6069    1395  1573  1576  1577
 6070    1395  1576  1404  1407
 6071    1576  1395  1577  1407
 6072    1551  1573  1574  1559
 6073    1553  1551  1574  1559
 6074    1573  1574  1559  1577
 6075    1574  1553  1559  1561
 6076    1574  1559  1577  1578
 6077    1559  1574  1561  1578
 6078    1573  1395  1398  1577
 6079    1574  1573  1398  1577
 6080    1395  1398  1577  1407
 6081    1398  1574  1577  1578
 6082    1398  1577  1407  1410
 6083    1577  1398  1578  1410
 6084    1553  1574  1575  1561
 6085    1555  1553  1575  1561
 6086    1574  1575  1561  1578
 6087    1575  1555  1561  1563
 6088    1575  1561  1578  1579
 6089    1561  1575  1563  1579
 6090    1574  1398  1401  1578
 6091    1575  1574  1401  1578
 6092    1398  1401  1578  1410
 6093    1401  1575  1578  1579
 6094    1401  1578  1410  1413
 6095    1578  1401  1579  1413
 6096    1371  1387  1576  1379
 6097    1557  1371  1576  1379
 6098    1387  1576  1379  1391
 6099    1576  1557  1379  1565
 6100    1576  1379  1391  1580
 6101    1379  1576  1565  1580
 6102    1387  1221  1404  1391
 6103    1576  1387  1404  1391
 6104    1221  1404  1391  1233
 6105    1404  1576  1391  1580
 6106    1404  1391  1233  1416
 6107    1391  1404  1580  1416
 6108    1557  1576  1577  1565
 6109    1559  1557  1577  1565
 6110    1576  1577  1565  1580
 6111    1577  1559  1565  1567
 6112    1577  1565  1580  1581
 6113    1565  1577  1567  1581
 6114    1576  1404  1407  1580
 6115    1577  1576  1407  1580
 6116    1404  1407  1580  1416
 6117    1407  1577  1580  1581
 6118    1407  1580  1416  1419
 6119    1580  1407  1581  1419
 6120    1559  1577  1578  1567
 6121    1561  1559  1578  1567
 6122    1577  1578  1567  1581
 6123    1578  1561  1567  1569
 6124    1578  1567  1581  1582
 6125    1567  1578  1569  1582
 6126    1577  1407  1410  1581
 6127    1578  1577  1410  1581
 6128    1407  1410  1581  1419
 6129    1410  1578  1581  1582
 6130    1410  1581  1419  1422
 6131    1581  1410  1582  1422
 6132    1561  1578  1579  1569
 6133    1563  1561  1579  1569
 6134    1578  1579  1569  1582
 6135    1579  1563  1569  1571
 6136    1579  1569  1582  1583
 6137    1569  1579  1571  1583
 6138    1578  1410  1413  1582
 6139    1579  1578  1413  1582
 6140    1410  1413  1582  1422
 6141    1413  1579  1582  1583
 6142    1413  1582  1422  1425
 6143    1582  1413  1583  1425
 6144    1401  1402  1585  1413
 6145    1584  1401  1585  1413
 6146    1402  1585  1413  1414
 6147    1585  1584  1413  1596
 6148    1585  1413  1414  1597
 6149    1413  1585  1596  1597
 6150    1402  1403  1586  1414
 6151    1585  1402  1586  1414
 6152    1403  1586  1414  1415
 6153    1586  1585  1414  1597
 6154    1586  1414  1415  1598
 6155    1414  1586  1597  1598
 6156    1584  1585  1588  1596
 6157    1587  1584  1588  1596
 6158    1585  1588  1596  1597
 6159    1588  1587  1596  1599
 6160    1588  1596  1597  1600
 6161    1596  1588  1599  1600
 6162    1585  1586  1589  1597
 6163    1588  1585  1589  1597
 6164    1586  1589  1597  1598
 6165    1589  1588  1597  1600
 6166    1589  1597  1598  1601
 6167    1597  1589  1600  1601
 6168    1587  1588  1591  1599
 6169    1590  1587  1591  1599
 6170    1588  1591  1599  1600
 6171    1591  1590  1599  1602
 6172    1591  1599  1600  1603
 6173    1599  1591  1602  1603
 6174    1588  1589  1592  1600
 6175    1591  1588  1592  1600
 6176    1589  1592  1600  1601
 6177    1592  1591  1600  1603
 6178    1592  1600  1601  1604
 6179    1600  1592  1603  1604
 6180    1590  1591  1594  1602
 6181    1593  1590  1594  1602
 6182    1591  1594  1602  1603
 6183    1594  1593  1602  1605
 6184    1594  1602  1603  1606
 6185    1602  1594  1605  1606
 6186    1591  1592  1595  1603
 6187    1594  1591  1595  1603
 6188    1592  1595  1603  1604
 6189    1595  1594  1603  1606
 6190    1595  1603  1604  1607
 6191    1603  1595  1606  1607
 6192    1413  1414  1597  1425
 6193    1596  1413  1597  1425
 6194    1414  1597  1425  1426
 6195    1597  1596  1425  1608
 6196    1597  1425  1426  1609
 6197    1425  1597  1608  1609
 6198    1414  1415  1598  1426
 6199    1597  1414  1598  1426
 6200    1415  1598  1426  1427
 6201    1598  1597  1426  1609
 6202    1598  1426  1427  1610
 6203    1426  1598  1609  1610
 6204    1596  1597  1600  1608
 6205    1599  1596  1600  1608
 6206    1597  1600  1608  1609
 6207    1600  1599  1608  1611
 6208    1600  1608  1609  1612
 6209    1608  1600  1611  1612
 6210    1597  1598  1601  1609
 6211    1600  1597  1601  1609
 6212    1598  1601  1609  1610
 6213    1601  1600  1609  1612
 6214    1601  1609  1610  1613
 6215    1609  1601  1612  1613
 6216    1599  1600  1603  1611
 6217    1602  1599  1603  1611
 6218    1600  1603  1611  1612
 6219    1603  1602  1611  1614
 6220    1603  1611  1612  1615
 6221    1611  1603  1614  1615
 6222    1600  1601  1604  1612
 6223    1603  1600  1604  1612
 6224    1601  1604  1612  1613
 6225    1604  1603  1612  1615
 6226    1604  1612  1613  1616
 6227    1612  1604  1615  1616
 6228    1602  1603  1606  1614
 6229    1605  1602  1606  1614
 6230    1603  1606  1614  1615
 6231    1606  1605  1614  1617
 6232    1606  1614  1615  1618
 6233    1614  1606  1617  1618
 6234    1603  1604  1607  1615
 6235    1606  1603  1607  1615
 6236    1604  1607  1615  1616
 6237    1607  1606  1615  1618
 6238    1607  1615  1616  1619
 6239    1615  1607  1618  1619
 6240    1403  1434  1620  1415
 6241    1586  1403  1620  1415
 6242    1434  1620  1415  1442
 6243    1620  1586  1415  1598
 6244    1620  1415  1442  1628
 6245    1415  1620  1598  1628
 6246    1434  1435  1621  1442
 6247    1620  1434  1621  1442
 6248    1435  1621  1442  1443
 6249    1621  1620  1442  1628
 6250    1621  1442  1443  1629
 6251    1442  1621  1628  1629
 6252    1586  1620  1622  1598
 6253    1589  1586  1622  1598
 6254    1620  1622  1598  1628
 6255    1622  1589  1598  1601
 6256    1622  1598  1628  1630
 6257    1598  1622  1601  1630
 6258    1620  1621  1623  1628
 6259    1622  1620  1623  1628
 6260    1621  1623  1628  1629
 6261    1623  1622  1628  1630
 6262    1623  1628  1629  1631
 6263    1628  1623  1630  1631
 6264    1589  1622  1624  1601
 6265    1592  1589  1624  1601
 6266    1622  1624  1601  1630
 6267    1624  1592  1601  1604
 6268    1624  1601  1630  1632
 6269    1601  1624  1604  1632
 6270    1622  1623  1625  1630
 6271    1624  1622  1625  1630
 6272    1623  1625  1630  1631
 6273    1625  1624  1630  1632
 6274    1625  1630  1631  1633
 6275    1630  1625  1632  1633
 6276    1592  1624  1626  1604
 6277    1595  1592  1626  1604
 6278    1624  1626  1604  1632
 6279    1626  1595  1604  1607
 6280    1626  1604  1632  1634
 6281    1604  1626  1607  1634
 6282    1624  1625  1627  1632
 6283    1626  1624  1627  1632
 6284    1625  1627  1632  1633
 6285    1627  1626  1632  1634
 6286    1627  1632  1633  1635
 6287    1632  1627  1634  1635
 6288    1415  1442  1628  1427
 6289    1598  1415  1628  1427
 6290    1442  1628  1427  1450
 6291    1628  1598  1427  1610
 6292    1628  1427  1450  1636
 6293    1427  1628  1610  1636
 6294    1442  1443  1629  1450
 6295    1628  1442  1629  1450
 6296    1443  1629  1450  1451
 6297    1629  1628  1450  1636
 6298    1629  1450  1451  1637
 6299    1450  1629  1636  1637
 6300    1598  1628  1630  1610
 6301    1601  1598  1630  1610
 6302    1628  1630  1610  1636
 6303    1630  1601  1610  1613
 6304    1630  1610  1636  1638
 6305    1610  1630  1613  1638
 6306    1628  1629  1631  1636
 6307    1630  1628  1631  1636
 6308    1629  1631  1636  1637
 6309    1631  1630  1636  1638
 6310    1631  1636  1637  1639
 6311    1636  1631  1638  1639
 6312    1601  1630  1632  1613
 6313    1604  1601  1632  1613
 6314    1630  1632  1613  1638
 6315    1632  1604  1613  1616
 6316    1632  1613  1638  1640
 6317    1613  1632  1616  1640
 6318    1630  1631  1633  1638
 6319    1632  1630  1633  1638
 6320    1631  1633  1638  1639
 6321    1633  1632  1638  1640
 6322    1633  1638  1639  1641
 6323    1638  1633  1640  1641
 6324    1604  1632  1634  1616
 6325    1607  1604  1634  1616
 6326    1632  1634  1616  1640
 6327    1634  1607  1616  1619
 6328    1634  1616  1640  1642
 6329    1616  1634  1619  1642
 6330    1632  1633  1635  1640
 6331    1634  1632  1635  1640
 6332    1633  1635  1640  1641
 6333    1635  1634  1640  1642
 6334    1635  1640  1641  1643
 6335    1640  1635  1642  1643
 6336    1435  1458  1644  1443
 6337    1621  1435  1644  1443
 6338    1458  1644  1443  1466
 6339    1644  1621  1443  1629
 6340    1644  1443  1466  1652
 6341    1443  1644  1629  1652
 6342    1458  1459  1645  1466
 6343    1644  1458  1645  1466
 6344    1459  1645  1466  1467
 6345    1645  1644  1466  1652
 6346    1645  1466  1467  1653
 6347    1466  1645  1652  1653
 6348    1621  1644  1646  1629
 6349    1623  1621  1646  1629
 6350    1644  1646  1629  1652
 6351    1646  1623  1629  1631
 6352    1646  1629  1652  1654
 6353    1629  1646  1631  1654
 6354    1644  1645  1647  1652
 6355    1646  1644  1647  1652
 6356    1645  1647  1652  1653
 6357    1647  1646  1652  1654
 6358    1647  1652  1653  1655
 6359    1652  1647  1654  1655
 6360    1623  1646  1648  1631
 6361    1625  1623  1648  1631
 6362    1646  1648  1631  1654
 6363    1648  1625  1631  1633
 6364    1648  1631  1654  1656
 6365    1631  1648  1633  1656
 6366    1646  1647  1649  1654
 6367    1648  1646  1649  1654
 6368    1647  1649  1654  1655
 6369    1649  1648  1654  1656
 6370    1649  1654  1655  1657
 6371    1654  1649  1656  1657
 6372    1625  1648  1650  1633
 6373    1627  1625  1650  1633
 6374    1648  1650  1633  1656
 6375    1650  1627  1633  1635
 6376    1650  1633  1656  1658
 6377    1633  1650  1635  1658
 6378    1648  1649  1651  1656
 6379    1650  1648  1651  1656
 6380    1649  1651  1656  1657
 6381    1651  1650  1656  1658
 6382    1651  1656  1657  1659
 6383    1656  1651  1658  1659
 6384    1443  1466  1652  1451
 6385    1629  1443  1652  1451
 6386    1466  1652  1451  1474
 6387    1652  1629  1451  1637
 6388    1652  1451  1474  1660
 6389    1451  1652  1637  1660
 6390    1466  1467  1653  1474
 6391    1652  1466  1653  1474
 6392    1467  1653  1474  1475
 6393    1653  1652  1474  1660
 6394    1653  1474  1475  1661
 6395    1474  1653  1660  1661
 6396    1629  1652  1654  1637
 6397    1631  1629  1654  1637
 6398    1652  1654  1637  1660
 6399    1654  1631  1637  1639
 6400    1654  1637  1660  1662
 6401    1637  1654  1639  1662
 6402    1652  1653  1655  1660
 6403    1654  1652  1655  1660
 6404    1653  1655  1660  1661
 6405    1655  1654  1660  1662
 6406    1655  1660  1661  1663
 6407    1660  1655  1662  1663
 6408    1631  1654  1656  1639
 6409    1633  1631  1656  1639
 6410    1654  1656  1639  1662
 6411    1656  1633  1639  1641
 6412    1656  1639  1662  1664
 6413    1639  1656  1641  1664
 6414    1654  1655  1657  1662
 6415    1656  1654  1657  1662
 6416    1655  1657  1662  1663
 6417    1657  1656  1662  1664
 6418    1657  1662  1663  1665
 6419    1662  1657  1664  1665
 6420    1633  1656  1658  1641
 6421    1635  1633  1658  1641
 6422    1656  1658  1641  1664
 6423    1658  1635  1641  1643
 6424    1658  1641  1664  1666
 6425    1641  1658  1643  1666
 6426    1656  1657  1659  1664
 6427    1658  1656  1659  1664
 6428    1657  1659  1664  1665
 6429    1659  1658  1664  1666
 6430    1659  1664  1665  1667
 6431    1664  1659  1666  1667
 6432    1459  1482  1668  1467
 6433    1645  1459  1668  1467
 6434    1482  1668  1467  1490
 6435    1668  1645  1467  1653
 6436    1668  1467  1490  1676
 6437    1467  1668  1653  1676
 6438    1482  1483  1669  1490
 6439    1668  1482  1669  1490
 6440    1483  1669  1490  1491
 6441    1669  1668  1490  1676
 6442    1669  1490  1491  1677
 6443    1490  1669  1676  1677
 6444    1645  1668  1670  1653
 6445    1647  1645  1670  1653
 6446    1668  1670  1653  1676
 6447    1670  1647  1653  1655
 6448    1670  1653  1676  1678
 6449    1653  1670  1655  1678
 6450    1668  1669  1671  1676
 6451    1670  1668  1671  1676
 6452    1669  1671  1676  1677
 6453    1671  1670  1676  1678
 6454    1671  1676  1677  1679
 6455    1676  1671  1678  1679
 6456    1647  1670  1672  1655
 6457    1649  1647  1672  1655
 6458    1670  1672  1655  1678
 6459    1672  1649  1655  1657
 6460    1672  1655  1678  1680
 6461    1655  1672  1657  1680
 6462    1670  1671  1673  1678
 6463    1672  1670  1673  1678
 6464    1671  1673  1678  1679
 6465    1673  1672  1678  1680
 6466    1673  1678  1679  1681
 6467    1678  1673  1680  1681
 6468    1649  1672  1674  1657
 6469    1651  1649  1674  1657
 6470    1672  1674  1657  1680
 6471    1674  1651  1657  1659
 6472    1674  1657  1680  1682
 6473    1657  1674  1659  1682
 6474    1672  1673  1675  1680
 6475    1674  1672  1675  1680
 6476    1673  1675  1680  1681
 6477    1675  1674  1680  1682
 6478    1675  1680  1681  1683
 6479    1680  1675  1682  1683
 6480    1467  1490  1676  1475
 6481    1653  1467  1676  1475
 6482    1490  1676  1475  1498
 6483    1676  1653  1475  1661
 6484    1676  1475  1498  1684
 6485    1475  1676  1661  1684
 6486    1490  1491  1677  1498
 6487    1676  1490  1677  1498
 6488    1491  1677  1498  1499
 6489    1677  1676  1498  1684
 6490    1677  1498  1499  1685
 6491    1498  1677  1684  1685
 6492    1653  1676  1678  1661
 6493    1655  1653  1678  1661
 6494    1676  1678  1661  1684
 6495    1678  1655  1661  1663
 6496    1678  1661  1684  1686
 6497    1661  1678  1663  1686
 6498    1676  1677  1679  1684
 6499    1678  1676  1679  1684
 6500    1677  1679  1684  1685
 6501    1679  1678  1684  1686
 6502    1679  1684  1685  1687
 6503    1684  1679  1686  1687
 6504    1655  1678  1680  1663
 6505    1657  1655  1680  1663
 6506    1678  1680  1663  1686
 6507    1680  1657  1663  1665
 6508    1680  1663  1686  1688
 6509    1663  1680  1665  1688
 6510    1678  1679  1681  1686
 6511    1680  1678  1681  1686
 6512    1679  1681  1686  1687
 6513    1681  1680  1686  1688
 6514    1681  1686  1687  1689
 6515    1686  1681  1688  1689
 6516    1657  1680  1682  1665
 6517    1659  1657  1682  1665
 6518    1680  1682  1665  1688
 6519    1682  1659  1665  1667
 6520    1682  1665  1688  1690
 6521    1665  1682  1667  1690
 6522    1680  1681  1683  1688
 6523    1682  1680  1683  1688
 6524    1681  1683  1688  1689
 6525    1683  1682  1688  1690
 6526    1683  1688  1689  1691
 6527    1688  1683  1690  1691
 6528    1483  1506  1692  1491
 6529    1669  1483  1692  1491
 6530    1506  1692  1491  1514
 6531    1692  1669  1491  1677
 6532    1692  1491  1514  1700
 6533    1491  1692  1677  1700
 6534    1506  1507  1693  1514
 6535    1692  1506  1693  1514
 6536    1507  1693  1514  1515
 6537    1693  1692  1514  1700
 6538    1693  1514  1515  1701
 6539    1514  1693  1700  1701
 6540    1669  1692  1694  1677
 6541    1671  1669  1694  1677
 6542    1692  1694  1677  1700
 6543    1694  1671  1677  1679
 6544    1694  1677  1700  1702
 6545    1677  1694  1679  1702
 6546    1692  1693  1695  1700
 6547    1694  1692  1695  1700
 6548    1693  1695  1700  1701
 6549    1695  1694  1700  1702
 6550    1695  1700  1701  1703
 6551    1700  1695  1702  1703
 6552    1671  1694  1696  1679
 6553    1673  1671  1696  1679
 6554    1694  1696  1679  1702
 6555    1696  1673  1679  1681
 6556    1696  1679  1702  1704
 6557    1679  1696  1681  1704
 6558    1694  1695  1697  1702
 6559    1696  1694  1697  1702
 6560    1695  1697  1702  1703
 6561    1697  1696  1702  1704
 6562    1697  1702  1703  1705
 6563    1702  1697  1704  1705
 6564    1673  1696  1698  1681
 6565    1675  1673  1698  1681
 6566    1696  1698  1681  1704
 6567    1698  1675  1681  1683
 6568    1698  1681  1704  1706
 6569    1681  1698  1683  1706
 6570    1696  1697  1699  1704
 6571    1698  1696  1699  1704
 6572    1697  1699  1704  1705
 6573    1699  1698  1704  1706
 6574    1699  1704  1705  1707
 6575    1704  1699  1706  1707
 6576    1491  1514  1700  1499
 6577    1677  1491  1700  1499
 6578    1514  1700  1499  1522
 6579    1700  1677  1499  1685
 6580    1700  1499  1522  1708
 6581    1499  1700  1685  1708
 6582    1514  1515  1701  1522
 6583    1700  1514  1701  1522
 6584    1515  1701  1522  1523
 6585    1701  1700  1522  1708
 6586    1701  1522  1523  1709
 6587    1522  1701  1708  1709
 6588    1677  1700  1702  1685
 6589    1679  1677  1702  1685
 6590    1700  1702  1685  1708
 6591    1702  1679  1685  1687
 6592    1702  1685  1708  1710
 6593    1685  1702  1687  1710
 6594    1700  1701  1703  1708
 6595    1702  1700  1703  1708
 6596    1701  1703  1708  1709
 6597    1703  1702  1708  1710
 6598    1703  1708  1709  1711
 6599    1708  1703  1710  1711
 6600    1679  1702  1704  1687
 6601    1681  1679  1704  1687
 6602    1702  1704  1687  1710
 6603    1704  1681  1687  1689
 6604    1704  1687  1710  1712
 6605    1687  1704  1689  1712
 6606    1702  1703  1705  1710
 6607    1704  1702  1705  1710
 6608    1703  1705  1710  1711
 6609    1705  1704  1710  1712
 6610    1705  1710  1711  1713
 6611    1710  1705  1712  1713
 6612    1681  1704  1706  1689
 6613    1683  1681  1706  1689
 6614    1704  1706  1689  1712
 6615    1706  1683  1689  1691
 6616    1706  1689  1712  1714
 6617    1689  1706  1691  1714
 6618    1704  1705  1707  1712
 6619    1706  1704  1707  1712
 6620    1705  1707  1712  1713
 6621    1707  1706  1712  1714
 6622    1707  1712  1713  1715
 6623    1712  1707  1714  1715
 6624    1507  1530  1716  1515
 6625    1693  1507  1716  1515
 6626    1530  1716  1515  1538
 6627    1716  1693  1515  1701
 6628    1716  1515  1538  1724
 6629    1515  1716  1701  1724
 6630    1530  1531  1717  1538
 6631    1716  1530  1717  1538
 6632    1531  1717  1538  1539
 6633    1717  1716  1538  1724
 6634    1717  1538  1539  1725
 6635    1538  1717  1724  1725
 6636    1693  1716  1718  1701
 6637    1695  1693  1718  1701
 6638    1716  1718  1701  1724
 6639    1718  1695  1701  1703
 6640    1718  1701  1724  1726
 6641    1701  1718  1703  1726
 6642    1716  1717  1719  1724
 6643    1718  1716  1719  1724
 6644    1717  1719  1724  1725
 6645    1719  1718  1724  1726
 6646    1719  1724  1725  1727
 6647    1724  1719  1726  1727
 6648    1695  1718  1720  1703
 6649    1697  1695  1720  1703
 6650    1718  1720  1703  1726
 6651    1720  1697  1703  1705
 6652    1720  1703  1726  1728
 6653    1703  1720  1705  1728
 6654    1718  1719  1721  1726
 6655    1720  1718  1721  1726
 6656    1719  1721  1726  1727
 6657    1721  1720  1726  1728
 6658    1721  1726  1727  1729
 6659    1726  1721  1728  1729
 6660    1697  1720  1722  1705
 6661    1699  1697  1722  1705
 6662    1720  1722  1705  1728
 6663    1722  1699  1705  1707
 6664    1722  1705  1728  1730
 6665    1705  1722  1707  1730
 6666    1720  1721  1723  1728
 6667    1722  1720  1723  1728
 6668    1721  1723  1728  1729
 6669    1723  1722  1728  1730
 6670    1723  1728  1729  1731
 6671    1728  1723  1730  1731
 6672    1515  1538  1724  1523
 6673    1701  1515  1724  1523
 6674    1538  1724  1523  1546
 6675    1724  1701  1523  1709
 6676    1724  1523  1546  1732
 6677    1523  1724  1709  1732
 6678    1538  1539  1725  1546
 6679    1724  1538  1725  1546
 6680    1539  1725  1546  1547
 6681    1725  1724  1546  1732
 6682    1725  1546  1547  1733
 6683    1546  1725  1732  1733
 6684    1701  1724  1726  1709
 6685    1703  1701  1726  1709
 6686    1724  1726  1709  1732
 6687    1726  1703  1709  1711
 6688    1726  1709  1732  1734
 6689    1709  1726  1711  1734
 6690    1724  1725  1727  1732
 6691    1726  1724  1727  1732
 6692    1725  1727  1732  1733
 6693    1727  1726  1732  1734
 6694    1727  1732  1733  1735
 6695    1732  1727  1734  1735
 6696    1703  1726  1728  1711
 6697    1705  1703  1728  1711
 6698    1726  1728  1711  1734
 6699    1728  1705  1711  1713
 6700    1728  1711  1734  1736
 6701    1711  1728  1713  1736
 6702    1726  1727  1729  1734
 6703    1728  1726  1729  1734
 6704    1727  1729  1734  1735
 6705    1729  1728  1734  1736
 6706    1729  1734  1735  1737
 6707    1734  1729  1736  1737
 6708    1705  1728  1730  1713
 6709    1707  1705  1730  1713
 6710    1728  1730  1713  1736
 6711    1730  1707  1713  1715
 6712    1730  1713  1736  1738
 6713    1713  1730  1715  1738
 6714    1728  1729  1731  1736
 6715    1730  1728  1731  1736
 6716    1729  1731  1736  1737
 6717    1731  1730  1736  1738
 6718    1731  1736  1737  1739
 6719    1736  1731  1738  1739
 6720    1531  1554  1740  1539
 6721    1717  1531  1740  1539
 6722    1554  1740  1539  1562
 6723    1740  1717  1539  1725
 6724    1740  1539  1562  1748
 6725    1539  1740  1725  1748
 6726    1554  1555  1741  1562
 6727    1740  1554  1741  1562
 6728    1555  1741  1562  1563
 6729    1741  1740  1562  1748
 6730    1741  1562  1563  1749
 6731    1562  1741  1748  1749
 6732    1717  1740  1742  1725
 6733    1719  1717  1742  1725
 6734    1740  1742  1725  1748
 6735    1742  1719  1725  1727
 6736    1742  1725  1748  1750
 6737    1725  1742  1727  1750
 6738    1740  1741  1743  1748
 6739    1742  1740  1743  1748
 6740    1741  1743  1748  1749
 6741    1743  1742  1748  1750
 6742    1743  1748  1749  1751
 6743    1748  1743  1750  1751
 6744    1719  1742  1744  1727
 6745    1721  1719  1744  1727
 6746    1742  1744  1727  1750
 6747    1744  1721  1727  1729
 6748    1744  1727  1750  1752
 6749    1727  1744  1729  1752
 6750    1742  1743  1745  1750
 6751    1744  1742  1745  1750
 6752    1743  1745  1750  1751
 6753    1745  1744  1750  1752
 6754    1745  1750  1751  1753
 6755    1750  1745  1752  1753
 6756    1721  1744  1746  1729
 6757    1723  1721  1746  1729
 6758    1744  1746  1729  1752
 6759    1746  1723  1729  1731
 6760    1746  1729  1752  1754
 6761    1729  1746  1731  1754
 6762    1744  1745  1747  1752
 6763    1746  1744  1747  1752
 6764    1745  1747  1752  1753
 6765    1747  1746  1752  1754
 6766    1747  1752  1753  1755
 6767    1752  1747  1754  1755
 6768    1539  1562  1748  1547
 6769    1725  1539  1748  1547
 6770    1562  1748  1547  1570
 6771    1748  1725  1547  1733
 6772    1748  1547  1570  1756
 6773    1547  1748  1733  1756
 6774    1562  1563  1749  1570
 6775    1748  1562  1749  1570
 6776    1563  1749  1570  1571
 6777    1749  1748  1570  1756
 6778    1749  1570  1571  1757
 6779    1570  1749  1756  1757
 6780    1725  1748  1750  1733
 6781    1727  1725  1750  1733
 6782    1748  1750  1733  1756
 6783    1750  1727  1733  1735
 6784    1750  1733  1756  1758
 6785    1733  1750  1735  1758
 6786    1748  1749  1751  1756
 6787    1750  1748  1751  1756
 6788    1749  1751  1756  1757
 6789    1751  1750  1756  1758
 6790    1751  1756  1757  1759
 6791    1756  1751  1758  1759
 6792    1727  1750  1752  1735
 6793    1729  1727  1752  1735
 6794    1750  1752  1735  1758
 6795    1752  1729  1735  1737
 6796    1752  1735  1758  1760
 6797    1735  1752  1737  1760
 6798    1750  1751  1753  1758
 6799    1752  1750  1753  1758
 6800    1751  1753  1758  1759
 6801    1753  1752  1758  1760
 6802    1753  1758  1759  1761
 6803    1758  1753  1760  1761
 6804    1729  1752  1754  1737
 6805    1731  1729  1754  1737
 6806    1752  1754  1737  1760
 6807    1754  1731  1737  1739
 6808    1754  1737  1760  1762
 6809    1737  1754  1739  1762
 6810    1752  1753  1755  1760
 6811    1754  1752  1755  1760
 6812    1753  1755  1760  1761
 6813    1755  1754  1760  1762
 6814    1755  1760  1761  1763
 6815    1760  1755  1762  1763
 6816    1555  1575  1764  1563
 6817    1741  1555  1764  1563
 6818    1575  1764  1563  1579
 6819    1764  1741  1563  1749
 6820    1764  1563  1579  1768
 6821    1563  1764  1749  1768
 6822    1575  1401  1584  1579
 6823    1764  1575  1584  1579
 6824    1401  1584  1579  1413
 6825    1584  1764  1579  1768
 6826    1584  1579  1413  1596
 6827    1579  1584  1768  1596
 6828    1741  1764  1765  1749
 6829    1743  1741  1765  1749
 6830    1764  1765  1749  1768
 6831    1765  1743  1749  1751
 6832    1765  1749  1768  1769
 6833    1749  1765  1751  1769
 6834    1764  1584  1587  1768
 6835    1765  1764  1587  1768
 6836    1584  1587  1768  1596
 6837    1587  1765  1768  1769
 6838    1587  1768  1596  1599
 6839    1768  1587  1769  1599
 6840    1743  1765  1766  1751
 6841    1745  1743  1766  1751
 6842    1765  1766  1751  1769
 6843    1766  1745  1751  1753
 6844    1766  1751  1769  1770
 6845    1751  1766  1753  1770
 6846    1765  1587  1590  1769
 6847    1766  1765  1590  1769
 6848    1587  1590  1769  1599
 6849    1590  1766  1769  1770
 6850    1590  1769  1599  1602
 6851    1769  1590  1770  1602
 6852    1745  1766  1767  1753
 6853    1747  1745  1767  1753
 6854    1766  1767  1753  1770
 6855    1767  1747  1753  1755
 6856    1767  1753  1770  1771
 6857    1753  1767  1755  1771
 6858    1766  1590  1593  1770
 6859    1767  1766  1593  1770
 6860    1590  1593  1770  1602
 6861    1593  1767  1770  1771
 6862    1593  1770  1602  1605
 6863    1770  1593  1771  1605
 6864    1563  1579  1768  1571
 6865    1749  1563  1768  1571
 6866    1579  1768  1571  1583
 6867    1768  1749  1571  1757
 6868    1768  1571  1583  1772
 6869    1571  1768  1757  1772
 6870    1579  1413  1596  1583
 6871    1768  1579  1596  1583
 6872    1413  1596  1583  1425
 6873    1596  1768  1583  1772
 6874    1596  1583  1425  1608
 6875    1583  1596  1772  1608
 6876    1749  1768  1769  1757
 6877    1751  1749  1769  1757
 6878    1768  1769  1757  1772
 6879    1769  1751  1757  1759
 6880    1769  1757  1772  1773
 6881    1757  1769  1759  1773
 6882    1768  1596  1599  1772
 6883    1769  1768  1599  1772
 6884    1596  1599  1772  1608
 6885    1599  1769  1772  1773
 6886    1599  1772  1608  1611
 6887    1772  1599  1773  1611
 6888    1751  1769  1770  1759
 6889    1753  1751  1770  1759
 6890    1769  1770  1759  1773
 6891    1770  1753  1759  1761
 6892    1770  1759  1773  1774
 6893    1759  1770  1761  1774
 6894    1769  1599  1602  1773
 6895    1770  1769  1602  1773
 6896    1599  1602  1773  1611
 6897    1602  1770  1773  1774
 6898    1602  1773  1611  1614
 6899    1773  1602  1774  1614
 6900    1753  1770  1771  1761
 6901    1755  1753  1771  1761
 6902    1770  1771  1761  1774
 6903    1771  1755  1761  1763
 6904    1771  1761  1774  1775
 6905    1761  1771  1763  1775
 6906    1770  1602  1605  1774
 6907    1771  1770  1605  1774
 6908    1602  1605  1774  1614
 6909    1605  1771  1774  1775
 6910    1605  1774  1614  1617
 6911    1774  1605  1775  1617
 6912    1593  1594  1777  1605
 6913    1776  1593  1777  1605
 6914    1594  1777  1605  1606
 6915    1777  1776  1605  1788
 6916    1777  1605  1606  1789
 6917    1605  1777  1788  1789
 6918    1594  1595  1778  1606
 6919    1777  1594  1778  1606
 6920    1595  1778  1606  1607
 6921    1778  1777  1606  1789
 6922    1778  1606  1607  1790
 6923    1606  1778  1789  1790
 6924    1776  1777  1780  1788
 6925    1779  1776  1780  1788
 6926    1777  1780  1788  1789
 6927    1780  1779  1788  1791
 6928    1780  1788  1789  1792
 6929    1788  1780  1791  1792
 6930    1777  1778  1781  1789
 6931    1780  1777  1781  1789
 6932    1778  1781  1789  1790
 6933    1781  1780  1789  1792
 6934    1781  1789  1790  1793
 6935    1789  1781  1792  1793
 6936    1779  1780  1783  1791
 6937    1782  1779  1783  1791
 6938    1780  1783  1791  1792
 6939    1783  1782  1791  1794
 6940    1783  1791  1792  1795
 6941    1791  1783  1794  1795
 6942    1780  1781  1784  1792
 6943    1783  1780  1784  1792
 6944    1781  1784  1792  1793
 6945    1784  1783  1792  1795
 6946    1784  1792  1793  1796
 6947    1792  1784  1795  1796
 6948    1782  1783  1786  1794
 6949    1785  1782  1786  1794
 6950    1783  1786  1794  1795
 6951    1786  1785  1794  1797
 6952    1786  1794  1795  1798
 6953    1794  1786  1797  1798
 6954    1783  1784  1787  1795
 6955    1786  1783  1787  1795
 6956    1784  1787  1795  1796
 6957    1787  1786  1795  1798
 6958    1787  1795  1796  1799
 6959    1795  1787  1798  1799
 6960    1605  1606  1789  1617
 6961    1788  1605  1789  1617
 6962    1606  1789  1617  1618
 6963    1789  1788  1617  1800
 6964    1789  1617  1618  1801
 6965    1617  1789  1800  1801
 6966    1606  1607  1790  1618
 6967    1789  1606  1790  1618
 6968    1607  1790  1618  1619
 6969    1790  1789  1618  1801
 6970    1790  1618  1619  1802
 6971    1618  1790  1801  1802
 6972    1788  1789  1792  1800
 6973    1791  1788  1792  1800
 6974    1789  1792  1800  1801
 6975    1792  1791  1800  1803
 6976    1792  1800  1801  1804
 6977    1800  1792  1803  1804
 6978    1789  1790  1793  1801
 6979    1792  1789  1793  1801
 6980    1790  1793  1801  1802
 6981    1793  1792  1801  1804
 6982    1793  1801  1802  1805
 6983    1801  1793  1804  1805
 6984    1791  1792  1795  1803
 6985    1794  1791  1795  1803
 6986    1792  1795  1803  1804
 6987    1795  1794  1803  1806
 6988    1795  1803  1804  1807
 6989    1803  1795  1806  1807
 6990    1792  1793  1796  1804
 6991    1795  1792  1796  1804
 6992    1793  1796  1804  1805
 6993    1796  1795  1804  1807
 6994    1796  1804  1805  1808
 6995    1804  1796  1807  1808
 6996    1794  1795  1798  1806
 6997    1797  1794  1798  1806
 6998    1795  1798  1806  1807
 6999    1798  1797  1806  1809
 7000    1798  1806  1807  1810
 7001    1806  1798  1809  1810
 7002    1795  1796  1799  1807
 7003    1798  1795  1799  1807
 7004    1796  1799  1807  1808
 7005    1799  1798  1807  1810
 7006    1799  1807  1808  1811
 7007    1807  1799  1810  1811
 7008    1595  1626  1812  1607
 7009    1778  1595  1812  1607
 7010    1626  1812  1607  1634
 7011    1812  1778  1607  1790
 7012    1812  1607  1634  1820
 7013    1607  1812  1790  1820
 7014    1626  1627  1813  1634
 7015    1812  1626  1813  1634
 7016    1627  1813  1634  1635
 7017    1813  1812  1634  1820
 7018    1813  1634  1635  1821
 7019    1634  1813  1820  1821
 7020    1778  1812  1814  1790
 7021    1781  1778  1814  1790
 7022    1812  1814  1790  1820
 7023    1814  1781  1790  1793
 7024    1814  1790  1820  1822
 7025    1790  1814  1793  1822
 7026    1812  1813  1815  1820
 7027    1814  1812  1815  1820
 7028    1813  1815  1820  1821
 7029    1815  1814  1820  1822
 7030    1815  1820  1821  1823
 7031    1820  1815  1822  1823
 7032    1781  1814  1816  1793
 7033    1784  1781  1816  1793
 7034    1814  1816  1793  1822
 7035    1816  1784  1793  1796
 7036    1816  1793  1822  1824
 7037    1793  1816  1796  1824
 7038    1814  1815  1817  1822
 7039    1816  1814  1817  1822
 7040    1815  1817  1822  1823
 7041    1817  1816  1822  1824
 7042    1817  1822  1823  1825
 7043    1822  1817  1824  1825
 7044    1784  1816  1818  1796
 7045    1787  1784  1818  1796
 7046    1816  1818  1796  1824
 7047    1818  1787  1796  1799
 7048    1818  1796  1824  1826
 7049    1796  1818  1799  1826
 7050    1816  1817  1819  1824
 7051    1818  1816  1819  1824
 7052    1817  1819  1824  1825
 7053    1819  1818  1824  1826
 7054    1819  1824  1825  1827
 7055    1824  1819  1826  1827
 7056    1607  1634  1820  1619
 7057    1790  1607  1820  1619
 7058    1634  1820  1619  1642
 7059    1820  1790  1619  1802
 7060    1820  1619  1642  1828
 7061    1619  1820  1802  1828
 7062    1634  1635  1821  1642
 7063    1820  1634  1821  1642
 7064    1635  1821  1642  1643
 7065    1821  1820  1642  1828
 7066    1821  1642  1643  1829
 7067    1642  1821  1828  1829
 7068    1790  1820  1822  1802
 7069    1793  1790  1822  1802
 7070    1820  1822  1802  1828
 7071    1822  1793  1802  1805
 7072    1822  1802  1828  1830
 7073    1802  1822  1805  1830
 7074    1820  1821  1823  1828
 7075    1822  1820  1823  1828
 7076    1821  1823  1828  1829
 7077    1823  1822  1828  1830
 7078    1823  1828  1829  1831
 7079    1828  1823  1830  1831
 7080    1793  1822  1824  1805
 7081    1796  1793  1824  1805
 7082    1822  1824  1805  1830
 7083    1824  1796  1805  1808
 7084    1824  1805  1830  1832
 7085    1805  1824  1808  1832
 7086    1822  1823  1825  1830
 7087    1824  1822  1825  1830
 7088    1823  1825  1830  1831
 7089    1825  1824  1830  1832
 7090    1825  1830  1831  1833
 7091    1830  1825  1832  1833
 7092    1796  1824  1826  1808
 7093    1799  1796  1826  1808
 7094    1824  1826  1808  1832
 7095    1826  1799  1808  1811
 7096    1826  1808  1832  1834
 7097    1808  1826  1811  1834
 7098    1824  1825  1827  1832
 7099    1826  1824  1827  1832
 7100    1825  1827  1832  1833
 7101    1827  1826  1832  1834
 7102    1827  1832  1833  1835
 7103    1832  1827  1834  1835
 7104    1627  1650  1836  1635
 7105    1813  1627  1836  1635
 7106    1650  1836  1635  1658
 7107    1836  1813  1635  1821
 7108    1836  1635  1658  1844
 7109    1635  1836  1821  1844
 7110    1650  1651  1837  1658
 7111    1836  1650  1837  1658
 7112    1651  1837  1658  1659
 7113    1837  1836  1658  1844
 7114    1837  1658  1659  1845
 7115    1658  1837  1844  1845
 7116    1813  1836  1838  1821
 7117    1815  1813  1838  1821
 7118    1836  1838  1821  1844
 7119    1838  1815  1821  1823
 7120    1838  1821  1844  1846
 7121    1821  1838  1823  1846
 7122    1836  1837  1839  1844
 7123    1838  1836  1839  1844
 7124    1837  1839  1844  1845
 7125    1839  1838  1844  1846
 7126    1839  1844  1845  1847
 7127    1844  1839  1846  1847
 7128    1815  1838  1840  1823
 7129    1817  1815  1840  1823
 7130    1838  1840  1823  1846
 7131    1840  1817  1823  1825
 7132    1840  1823  1846  1848
 7133    1823  1840  1825  1848
 7134    1838  1839  1841  1846
 7135    1840  1838  1841  1846
 7136    1839  1841  1846  1847
 7137    1841  1840  1846  1848
 7138    1841  1846  1847  1849
 7139    1846  1841  1848  1849
 7140    1817  1840  1842  1825
 7141    1819  1817  1842  1825
 7142    1840  1842  1825  1848
 7143    1842  1819  1825  1827
 7144    1842  1825  1848  1850
 7145    1825  1842  1827  1850
 7146    1840  1841  1843  1848
 7147    1842  1840  1843  1848
 7148    1841  1843  1848  1849
 7149    1843  1842  1848  1850
 7150    1843  1848  1849  1851
 7151    1848  1843  1850  1851
 7152    1635  1658  1844  1643
 7153    1821  1635  1844  1643
 7154    1658  1844  1643  1666
 7155    1844  1821  1643  1829
 7156    1844  1643  1666  1852
 7157    1643  1844  1829  1852
 7158    1658  1659  1845  1666
 7159    1844  1658  1845  1666
 7160    1659  1845  1666  1667
 7161    1845  1844  1666  1852
 7162    1845  1666  1667  1853
 7163    1666  1845  1852  1853
 7164    1821  1844  1846  1829
 7165    1823  1821  1846  1829
 7166    1844  1846  1829  1852
 7167    1846  1823  1829  1831
 7168    1846  1829  1852  1854
 7169    1829  1846  1831  1854
 7170    1844  1845  1847  1852
 7171    1846  1844  1847  1852
 7172    1845  1847  1852  1853
 7173    1847  1846  1852  1854
 7174    1847  1852  1853  1855
 7175    1852  1847  1854  1855
 7176    1823  1846  1848  1831
 7177    1825  1823  1848  1831
 7178    1846  1848  1831  1854
 7179    1848  1825  1831  1833
 7180    1848  1831  1854  1856
 7181    1831  1848  1833  1856
 7182    1846  1847  1849  1854
 7183    1848  1846  1849  1854
 7184    1847  1849  1854  1855
 7185    1849  1848  1854  1856
 7186    1849  1854  1855  1857
 7187    1854  1849  1856  1857
 7188    1825  1848  1850  1833
 7189    1827  1825  1850  1833
 7190    1848  1850  1833  1856
 7191    1850  1827  1833  1835
 7192    1850  1833  1856  1858
 7193    1833  1850  1835  1858
 7194    1848  1849  1851  1856
 7195    1850  1848  1851  1856
 7196    1849  1851  1856  1857
 7197    1851  1850  1856  1858
 7198    1851  1856  1857  1859
 7199    1856  1851  1858  1859
 7200    1651  1674  1860  1659
 7201    1837  1651  1860  1659
 7202    1674  1860  1659  1682
 7203    1860  1837  1659  1845
 7204    1860  1659  1682  1868
 7205    1659  1860  1845  1868
 7206    1674  1675  1861  1682
 7207    1860  1674  1861  1682
 7208    1675  1861  1682  1683
 7209    1861  1860  1682  1868
 7210    1861  1682  1683  1869
 7211    1682  1861  1868  1869
 7212    1837  1860  1862  1845
 7213    1839  1837  1862  1845
 7214    1860  1862  1845  1868
 7215    1862  1839  1845  1847
 7216    1862  1845  1868  1870
 7217    1845  1862  1847  1870
 7218    1860  1861  1863  1868
 7219    1862  1860  1863  1868
 7220    1861  1863  1868  1869
 7221    1863  1862  1868  1870
 7222    1863  1868  1869  1871
 7223    1868  1863  1870  1871
 7224    1839  1862  1864  1847
 7225    1841  1839  1864  1847
 7226    1862  1864  1847  1870
 7227    1864  1841  1847  1849
 7228    1864  1847  1870  1872
 7229    1847  1864  1849  1872
 7230    1862  1863  1865  1870
 7231    1864  1862  1865  1870
 7232    1863  1865  1870  1871
 7233    1865  1864  1870  1872
 7234    1865  1870  1871  1873
 7235    1870  1865  1872  1873
 7236    1841  1864  1866  1849
 7237    1843  1841  1866  1849
 7238    1864  1866  1849  1872
 7239    1866  1843  1849  1851
 7240    1866  1849  1872  1874
 7241    1849  1866  1851  1874
 7242    1864  1865  1867  1872
 7243    1866  1864  1867  1872
 7244    1865  1867  1872  1873
 7245    1867  1866  1872  1874
 7246    1867  1872  1873  1875
 7247    1872  1867  1874  1875
 7248    1659  1682  1868  1667
 7249    1845  1659  1868  1667
 7250    1682  1868  1667  1690
 7251    1868  1845  1667  1853
 7252    1868  1667  1690  1876
 7253    1667  1868  1853  1876
 7254    1682  1683  1869  1690
 7255    1868  1682  1869  1690
 7256    1683  1869  1690  1691
 7257    1869  1868  1690  1876
 7258    1869  1690  1691  1877
 7259    1690  1869  1876  1877
 7260    1845  1868  1870  1853
 7261    1847  1845  1870  1853
 7262    1868  1870  1853  1876
 7263    1870  1847  1853  1855
 7264    1870  1853  1876  1878
 7265    1853  1870  1855  1878
 7266    1868  1869  1871  1876
 7267    1870  1868  1871  1876
 7268    1869  1871  1876  1877
 7269    1871  1870  1876  1878
 7270    1871  1876  1877  1879
 7271    1876  1871  1878  1879
 7272    1847  1870  1872  1855
 7273    1849  1847  1872  1855
 7274    1870  1872  1855  1878
 7275    1872  1849  1855  1857
 7276    1872  1855  1878  1880
 7277    1855  1872  1857  1880
 7278    1870  1871  1873  1878
 7279    1872  1870  1873  1878
 7280    1871  1873  1878  1879
 7281    1873  1872  1878  1880
 7282    1873  1878  1879  1881
 7283    1878  1873  1880  1881
 7284    1849  1872  1874  1857
 7285    1851  1849  1874  1857
 7286    1872  1874  1857  1880
 7287    1874  1851  1857  1859
 7288    1874  1857  1880  1882
 7289    1857  1874  1859  1882
 7290    1872  1873  1875  1880
 7291    1874  1872  1875  1880
 7292    1873  1875  1880  1881
 7293    1875  1874  1880  1882
 7294    1875  1880  1881  1883
 7295    1880  1875  1882  1883
 7296    1675  1698  1884  1683
 7297    1861  1675  1884  1683
 7298    1698  1884  1683  1706
 7299    1884  1861  1683  1869
 7300    1884  1683  1706  1892
 7301    1683  1884  1869  1892
 7302    1698  1699  1885  1706
 7303    1884  1698  1885  1706
 7304    1699  1885  1706  1707
 7305    1885  1884  1706  1892
 7306    1885  1706  1707  1893
 7307    1706  1885  1892  1893
 7308    1861  1884  1886  1869
 7309    1863  1861  1886  1869
 7310    1884  1886  1869  1892
 7311    1886  1863  1869  1871
 7312    1886  1869  1892  1894
 7313    1869  1886  1871  1894
 7314    1884  1885  1887  1892
 7315    1886  1884  1887  1892
 7316    1885  1887  1892  1893
 7317    1887  1886  1892  1894
 7318    1887  1892  1893  1895
 7319    1892  1887  1894  1895
 7320    1863  1886  1888  1871
 7321    1865  1863  1888  1871
 7322    1886  1888  1871  1894
 7323    1888  1865  1871  1873
 7324    1888  1871  1894  1896
 7325    1871  1888  1873  1896
 7326    1886  1887  1889  1894
 7327    1888  1886  1889  1894
 7328    1887  1889  1894  1895
 7329    1889  1888  1894  1896
 7330    1889  1894  1895  1897
 7331    1894  1889  1896  1897
 7332    1865  1888  1890  1873
 7333    1867  1865  1890  1873
 7334    1888  1890  1873  1896
 7335    1890  1867  1873  1875
 7336    1890  1873  1896  1898
 7337    1873  1890  1875  1898
 7338    1888  1889  1891  1896
 7339    1890  1888  1891  1896
 7340    1889  1891  1896  1897
 7341    1891  1890  1896  1898
 7342    1891  1896  1897  1899
 7343    1896  1891  1898  1899
 7344    1683  1706  1892  1691
 7345    1869  1683  1892  1691
 7346    1706  1892  1691  1714
 7347    1892  1869  1691  1877
 7348    1892  1691  1714  1900
 7349    1691  1892  1877  1900
 7350    1706  1707  1893  1714
 7351    1892  1706  1893  1714
 7352    1707  1893  1714  1715
 7353    1893  1892  1714  1900
 7354    1893  1714  1715  1901
 7355    1714  1893  1900  1901
 7356    1869  1892  1894  1877
 7357    1871  1869  1894  1877
 7358    1892  1894  1877  1900
 7359    1894  1871  1877  1879
 7360    1894  1877  1900  1902
 7361    1877  1894  1879  1902
 7362    1892  1893  1895  1900
 7363    1894  1892  1895  1900
 7364    1893  1895  1900  1901
 7365    1895  1894  1900  1902
 7366    1895  1900  1901  1903
 7367    1900  1895  1902  1903
 7368    1871  1894  1896  1879
 7369    1873  1871  1896  1879
 7370    1894  1896  1879  1902
 7371    1896  1873  1879  1881
 7372    1896  1879  1902  1904
 7373    1879  1896  1881  1904
 7374    1894  1895  1897  1902
 7375    1896  1894  1897  1902
 7376    1895  1897  1902  1903
 7377    1897  1896  1902  1904
 7378    1897  1902  1903  1905
 7379    1902  1897  1904  1905
 7380    1873  1896  1898  1881
 7381    1875  1873  1898  1881
 7382    1896  1898  1881  1904
 7383    1898  1875  1881  1883
 7384    1898  1881  1904  1906
 7385    1881  1898  1883  1906
 7386    1896  1897  1899  1904
 7387    1898  1896  1899  1904
 7388    1897  1899  1904  1905
 7389    1899  1898  1904  1906
 7390    1899  1904  1905  1907
 7391    1904  1899  1906  1907
 7392    1699  1722  1908  1707
 7393    1885  1699  1908  1707
 7394    1722  1908  1707  1730
 7395    1908  1885  1707  1893
 7396    1908  1707  1730  1916
 7397    1707  1908  1893  1916
 7398    1722  1723  1909  1730
 7399    1908  1722  1909  1730
 7400    1723  1909  1730  1731
 7401    1909  1908  1730  1916
 7402    1909  1730  1731  1917
 7403    1730  1909  1916  1917
 7404    1885  1908  1910  1893
 7405    1887  1885  1910  1893
 7406    1908  1910  1893  1916
 7407    1910  1887  1893  1895
 7408    1910  1893  1916  1918
 7409    1893  1910  1895  1918
 7410    1908  1909  1911  1916
 7411    1910  1908  1911  1916
 7412    1909  1911  1916  1917
 7413    1911  1910  1916  1918
 7414    1911  1916  1917  1919
 7415    1916  1911  1918  1919
 7416    1887  1910  1912  1895
 7417    1889  1887  1912  1895
 7418    1910  1912  1895  1918
 7419    1912  1889  1895  1897
 7420    1912  1895  1918  1920
 7421    1895  1912  1897  1920
 7422    1910  1911  1913  1918
 7423    1912  1910  1913  1918
 7424    1911  1913  1918  1919
 7425    1913  1912  1918  1920
 7426    1913  1918  1919  1921
 7427    1918  1913  1920  1921
 7428    1889  1912  1914  1897
 7429    1891  1889  1914  1897
 7430    1912  1914  1897  1920
 7431    1914  1891  1897  1899
 7432    1914  1897  1920  1922
 7433    1897  1914  1899  1922
 7434    1912  1913  1915  1920
 7435    1914  1912  1915  1920
 7436    1913  1915  1920  1921
 7437    1915  1914  1920  1922
 7438    1915  1920  1921  1923
 7439    1920  1915  1922  1923
 7440    1707  1730  1916  1715
 7441    1893  1707  1916  1715
 7442    1730  1916  1715  1738
 7443    1916  1893  1715  1901
 7444    1916  1715  1738  1924
 7445    1715  1916  1901  1924
 7446    1730  1731  1917  1738
 7447    1916  1730  1917  1738
 7448    1731  1917  1738  1739
 7449    1917  1916  1738  1924
 7450    1917  1738  1739  1925
 7451    1738  1917  1924  1925
 7452    1893  1916  1918  1901
 7453    1895  1893  1918  1901
 7454    1916  1918  1901  1924
 7455    1918  1895  1901  1903
 7456    1918  1901  1924  1926
 7457    1901  1918  1903  1926
 7458    1916  1917  1919  1924
 7459    1918  1916  1919  1924
 7460    1917  1919  1924  1925
 7461    1919  1918  1924  1926
 7462    1919  1924  1925  1927
 7463    1924  1919  1926  1927
 7464    1895  1918  1920  1903
 7465    1897  1895  1920  1903
 7466    1918  1920  1903  1926
 7467    1920  1897  1903  1905
 7468    1920  1903  1926  1928
 7469    1903  1920  1905  1928
 7470    1918  1919  1921  1926
 7471    1920  1918  1921  1926
 7472    1919  1921  1926  1927
 7473    1921  1920  1926  1928
 7474    1921  1926  1927  1929
 7475    1926  1921  1928  1929
 7476    1897  1920  1922  1905
 7477    1899  1897  1922  1905
 7478    1920  1922  1905  1928
 7479    1922  1899  1905  1907
 7480    1922  1905  1928  1930
 7481    1905  1922  1907  1930
 7482    1920  1921  1923  1928
 7483    1922  1920  1923  1928
 7484    1921  1923  1928  1929
 7485    1923  1922  1928  1930
 7486    1923  1928  1929  1931
 7487    1928  1923  1930  1931
 7488    1723  1746  1932  1731
 7489    1909  1723  1932  1731
 7490    1746  1932  1731  1754
 7491    1932  1909  1731  1917
 7492    1932  1731  1754  1940
 7493    1731  1932  1917  1940
 7494    1746  1747  1933  1754
 7495    1932  1746  1933  1754
 7496    1747  1933  1754  1755
 7497    1933  1932  1754  1940
 7498    1933  1754  1755  1941
 7499    1754  1933  1940  1941
 7500    1909  1932  1934  1917
 7501    1911  1909  1934  1917
 7502    1932  1934  1917  1940
 7503    1934  1911  1917  1919
 7504    1934  1917  1940  1942
 7505    1917  1934  1919  1942
 7506    1932  1933  1935  1940
 7507    1934  1932  1935  1940
 7508    1933  1935  1940  1941
 7509    1935  1934  1940  1942
 7510    1935  1940  1941  1943
 7511    1940  1935  1942  1943
 7512    1911  1934  1936  1919
 7513    1913  1911  1936  1919
 7514    1934  1936  1919  1942
 7515    1936  1913  1919  1921
 7516    1936  1919  1942  1944
 7517    1919  1936  1921  1944
 7518    1934  1935  1937  1942
 7519    1936  1934  1937  1942
 7520    1935  1937  1942  1943
 7521    1937  1936  1942  1944
 7522    1937  1942  1943  1945
 7523    1942  1937  1944  1945
 7524    1913  1936  1938  1921
 7525    1915  1913  1938  1921
 7526    1936  1938  1921  1944
 7527    1938  1915  1921  1923
 7528    1938  1921  1944  1946
 7529    1921  1938  1923  1946
 7530    1936  1937  1939  1944
 7531    1938  1936  1939  1944
 7532    1937  1939  1944  1945
 7533    1939  1938  1944  1946
 7534    1939  1944  1945  1947
 7535    1944  1939  1946  1947
 7536    1731  1754  1940  1739
 7537    1917  1731  1940  1739
 7538    1754  1940  1739  1762
 7539    1940  1917  1739  1925
 7540    1940  1739  1762  1948
 7541    1739  1940  1925  1948
 7542    1754  1755  1941  1762
 7543    1940  1754  1941  1762
 7544    1755  1941  1762  1763
 7545    1941  1940  1762  1948
 7546    1941  1762  1763  1949
 7547    1762  1941  1948  1949
 7548    1917  1940  1942  1925
 7549    1919  1917  1942  1925
 7550    1940  1942  1925  1948
 7551    1942  1919  1925  1927
 7552    1942  1925  1948  1950
 7553    1925  1942  1927  1950
 7554    1940  1941  1943  1948
 7555    1942  1940  1943  1948
 7556    1941  1943  1948  1949
 7557    1943  1942  1948  1950
 7558    1943  1948  1949  1951
 7559    1948  1943  1950  1951
 7560    1919  1942  1944  1927
 7561    1921  1919  1944  1927
 7562    1942  1944  1927  1950
 7563    1944  1921  1927  1929
 7564    1944  1927  1950  1952
 7565    1927  1944  1929  1952
 7566    1942  1943  1945  1950
 7567    1944  1942  1945  1950
 7568    1943  1945  1950  1951
 7569    1945  1944  1950  1952
 7570    1945  1950  1951  1953
 7571    1950  1945  1952  1953
 7572    1921  1944  1946  1929
 7573    1923  1921  1946  1929
 7574    1944  1946  1929  1952
 7575    1946  1923  1929  1931
 7576    1946  1929  1952  1954
 7577    1929  1946  1931  1954
 7578    1944  1945  1947  1952
 7579    1946  1944  1947  1952
 7580    1945  1947  1952  1953
 7581    1947  1946  1952  1954
 7582    1947  1952  1953  1955
 7583    1952  1947  1954  1955
 7584    1747  1767  1956  1755
 7585    1933  1747  1956  1755
 7586    1767  1956  1755  1771
 7587    1956  1933  1755  1941
 7588    1956  1755  1771  1960
 7589    1755  1956  1941  1960
 7590    1767  1593  1776  1771
 7591    1956  1767  1776  1771
 7592    1593  1776  1771  1605
 7593    1776  1956  1771  1960
 7594    1776  1771  1605  1788
 7595    1771  1776  1960  1788
 7596    1933  1956  1957  1941
 7597    1935  1933  1957  1941
 7598    1956  1957  1941  1960
 7599    1957  1935  1941  1943
 7600    1957  1941  1960  1961
 7601    1941  1957  1943  1961
 7602    1956  1776  1779  1960
 7603    1957  1956  1779  1960
 7604    1776  1779  1960  1788
 7605    1779  1957  1960  1961
 7606    1779  1960  1788  1791
 7607    1960  1779  1961  1791
 7608    1935  1957  1958  1943
 7609    1937  1935  1958  1943
 7610    1957  1958  1943  1961
 7611    1958  1937  1943  1945
 7612    1958  1943  1961  1962
 7613    1943  1958  1945  1962
 7614    1957  1779  1782  1961
 7615    1958  1957  1782  1961
 7616    1779  1782  1961  1791
 7617    1782  1958  1961  1962
 7618    1782  1961  1791  1794
 7619    1961  1782  1962  1794
 7620    1937  1958  1959  1945
 7621    1939  1937  1959  1945
 7622    1958  1959  1945  1962
 7623    1959  1939  1945  1947
 7624    1959  1945  1962  1963
 7625    1945  1959  1947  1963
 7626    1958  1782  1785  1962
 7627    1959  1958  1785  1962
 7628    1782  1785  1962  1794
 7629    1785  1959  1962  1963
 7630    1785  1962  1794  1797
 7631    1962  1785  1963  1797
 7632    1755  1771  1960  1763
 7633    1941  1755  1960  1763
 7634    1771  1960  1763  1775
 7635    1960  1941  1763  1949
 7636    1960  1763  1775  1964
 7637    1763  1960  1949  1964
 7638    1771  1605  1788  1775
 7639    1960  1771  1788  1775
 7640    1605  1788  1775  1617
 7641    1788  1960  1775  1964
 7642    1788  1775  1617  1800
 7643    1775  1788  1964  1800
 7644    1941  1960  1961  1949
 7645    1943  1941  1961  1949
 7646    1960  1961  1949  1964
 7647    1961  1943  1949  1951
 7648    1961  1949  1964  1965
 7649    1949  1961  1951  1965
 7650    1960  1788  1791  1964
 7651    1961  1960  1791  1964
 7652    1788  1791  1964  1800
 7653    1791  1961  1964  1965
 7654    1791  1964  1800  1803
 7655    1964  1791  1965  1803
 7656    1943  1961  1962  1951
 7657    1945  1943  1962  1951
 7658    1961  1962  1951  1965
 7659    1962  1945  1951  1953
 7660    1962  1951  1965  1966
 7661    1951  1962  1953  1966
 7662    1961  1791  1794  1965
 7663    1962  1961  1794  1965
 7664    1791  1794  1965  1803
 7665    1794  1962  1965  1966
 7666    1794  1965  1803  1806
 7667    1965  1794  1966  1806
 7668    1945  1962  1963  1953
 7669    1947  1945  1963  1953
 7670    1962  1963  1953  1966
 7671    1963  1947  1953  1955
 7672    1963  1953  1966  1967
 7673    1953  1963  1955  1967
 7674    1962  1794  1797  1966
 7675    1963  1962  1797  1966
 7676    1794  1797  1966  1806
 7677    1797  1963  1966  1967
 7678    1797  1966  1806  1809
 7679    1966  1797  1967  1809
 7680    1968  1969  1972  1983
 7681    1971  1968  1972  1983
 7682    1969  1972  1983  1984
 7683    1972  1971  1983  1986
 7684    1972  1983  1984  1987
 7685    1983  1972  1986  1987
 7686    1969  1970  1973  1984
 7687    1972  1969  1973  1984
 7688    1970  1973  1984  1985
 7689    1973  1972  1984  1987
 7690    1973  1984  1985  1988
 7691    1984  1973  1987  1988
 7692    1971  1972  1975  1986
 7693    1974  1971  1975  1986
 7694    1972  1975  1986  1987
 7695    1975  1974  1986  1989
 7696    1975  1986  1987  1990
 7697    1986  1975  1989  1990
 7698    1972  1973  1976  1987
 7699    1975  1972  1976  1987
 7700    1973  1976  1987  1988
 7701    1976  1975  1987  1990
 7702    1976  1987  1988  1991
 7703    1987  1976  1990  1991
 7704    1974  1975  1978  1989
 7705    1977  1974  1978  1989
 7706    1975  1978  1989  1990
 7707    1978  1977  1989  1992
 7708    1978  1989  1990  1993
 7709    1989  1978  1992  1993
 7710    1975  1976  1979  1990
 7711    1978  1975  1979  1990
 7712    1976  1979  1990  1991
 7713    1979  1978  1990  1993
 7714    1979  1990  1991  1994
 7715    1990  1979  1993  1994
 7716    1977  1978  1981  1992
 7717    1980  1977  1981  1992
 7718    1978  1981  1992  1993
 7719    1981  1980  1992  1995
 7720    1981  1992  1993  1996
 7721    1992  1981  1995  1996
 7722    1978  1979  1982  1993
 7723    1981  1978  1982  1993
 7724    1979  1982  1993  1994
 7725    1982  1981  1993  1996
 7726    1982  1993  1994  1997
 7727    1993  1982  1996  1997
 7728    1983  1984  1987  1998
 7729    1986  1983  1987  1998
 7730    1984  1987  1998  1999
 7731    1987  1986  1998  2001
 7732    1987  1998  1999  2002
 7733    1998  1987  2001  2002
 7734    1984  1985  1988  1999
 7735    1987  1984  1988  1999
 7736    1985  1988  1999  2000
 7737    1988  1987  1999  2002
 7738    1988  1999  2000  2003
 7739    1999  1988  2002  2003
 7740    1986  1987  1990  2001
 7741    1989  1986  1990  2001
 7742    1987  1990  2001  2002
 7743    1990  1989  2001  2004
 7744    1990  2001  2002  2005
 7745    2001  1990  2004  2005
 7746    1987  1988  1991  2002
 7747    1990  1987  1991  2002
 7748    1988  1991  2002  2003
 7749    1991  1990  2002  2005
 7750    1991  2002  2003  2006
 7751    2002  1991  2005  2006
 7752    1989  1990  1993  2004
 7753    1992  1989  1993  2004
 7754    1990  1993  2004  2005
 7755    1993  1992  2004  2007
 7756    1993  2004  2005  2008
 7757    2004  1993  2007  2008
 7758    1990  1991  1994  2005
 7759    1993  1990  1994  2005
 7760    1991  1994  2005  2006
 7761    1994  1993  2005  2008
 7762    1994  2005  2006  2009
 7763    2005  1994  2008  2009
 7764    1992  1993  1996  2007
 7765    1995  1992  1996  2007
 7766    1993  1996  2007  2008
 7767    1996  1995  2007  2010
 7768    1996  2007  2008  2011
 7769    2007  1996  2010  2011
 7770    1993  1994  1997  2008
 7771    1996  1993  1997  2008
 7772    1994  1997  2008  2009
 7773    1997  1996  2008  2011
 7774    1997  2008  2009  2012
 7775    2008  1997  2011  2012
 7776    1970  2013  2015  1985
 7777    1973  1970  2015  1985
 7778    2013  2015  1985  2023
 7779    2015  1973  1985  1988
 7780    2015  1985  2023  2025
 7781    1985  2015  1988  2025
 7782    2013  2014  2016  2023
 7783    2015  2013  2016  2023
 7784    2014  2016  2023  2024
 7785    2016  2015  2023  2025
 7786    2016  2023  2024  2026
 7787    2023  2016  2025  2026
 7788    1973  2015  2017  1988
 7789    1976  1973  2017  1988
 7790    2015  2017  1988  2025
 7791    2017  1976  1988  1991
 7792    2017  1988  2025  2027
 7793    1988  2017  1991  2027
 7794    2015  2016  2018  2025
 7795    2017  2015  2018  2025
 7796    2016  2018  2025  2026
 7797    2018  2017  2025  2027
 7798    2018  2025  2026  2028
 7799    2025  2018  2027  2028
 7800    1976  2017  2019  1991
 7801    1979  1976  2019  1991
 7802    2017  2019  1991  2027
 7803    2019  1979  1991  1994
 7804    2019  1991  2027  2029
 7805    1991  2019  1994  2029
 7806    2017  2018  2020  2027
 7807    2019  2017  2020  2027
 7808    2018  2020  2027  2028
 7809    2020  2019  2027  2029
 7810    2020  2027  2028  2030
 7811    2027  2020  2029  2030
 7812    1979  2019  2021  1994
 7813    1982  1979  2021  1994
 7814    2019  2021  1994  2029
 7815    2021  1982  1994  1997
 7816    2021  1994  2029  2031
 7817    1994  2021  1997  2031
 7818    2019  2020  2022  2029
 7819    2021  2019  2022  2029
 7820    2020  2022  2029  2030
 7821    2022  2021  2029  2031
 7822    2022  2029  2030  2032
 7823    2029  2022  2031  2032
 7824    1985  2023  2025  2000
 7825    1988  1985  2025  2000
 7826    2023  2025  2000  2033
 7827    2025  1988  2000  2003
 7828    2025  2000  2033  2035
 7829    2000  2025  2003  2035
 7830    2023  2024  2026  2033
 7831    2025  2023  2026  2033
 7832    2024  2026  2033  2034
 7833    2026  2025  2033  2035
 7834    2026  2033  2034  2036
 7835    2033  2026  2035  2036
 7836    1988  2025  2027  2003
 7837    1991  1988  2027  2003
 7838    2025  2027  2003  2035
 7839    2027  1991  2003  2006
 7840    2027  2003  2035  2037
 7841    2003  2027  2006  2037
 7842    2025  2026  2028  2035
 7843    2027  2025  2028  2035
 7844    2026  2028  2035  2036
 7845    2028  2027  2035  2037
 7846    2028  2035  2036  2038
 7847    2035  2028  2037  2038
 7848    1991  2027  2029  2006
 7849    1994  1991  2029  2006
 7850    2027  2029  2006  2037
 7851    2029  1994  2006  2009
 7852    2029  2006  2037  2039
 7853    2006  2029  2009  2039
 7854    2027  2028  2030  2037
 7855    2029  2027  2030  2037
 7856    2028  2030  2037  2038
 7857    2030  2029  2037  2039
 7858    2030  2037  2038  2040
 7859    2037  2030  2039  2040
 7860    1994  2029  2031  2009
 7861    1997  1994  2031  2009
 7862    2029  2031  2009  2039
 7863    2031  1997  2009  2012
 7864    2031  2009  2039  2041
 7865    2009  2031  2012  2041
 7866    2029  2030  2032  2039
 7867    2031  2029  2032  2039
 7868    2030  2032  2039  2040
 7869    2032  2031  2039  2041
 7870    2032  2039  2040  2042
 7871    2039  2032  2041  2042
 7872    2014  2043  2045  2024
 7873    2016  2014  2045  2024
 7874    2043  2045  2024  2053
 7875    2045  2016  2024  2026
 7876    2045  2024  2053  2055
 7877    2024  2045  2026  2055
 7878    2043  2044  2046  2053
 7879    2045  2043  2046  2053
 7880    2044  2046  2053  2054
 7881    2046  2045  2053  2055
 7882    2046  2053  2054  2056
 7883    2053  2046  2055  2056
 7884    2016  2045  2047  2026
 7885    2018  2016  2047  2026
 7886    2045  2047  2026  2055
 7887    2047  2018  2026  2028
 7888    2047  2026  2055  2057
 7889    2026  2047  2028  2057
 7890    2045  2046  2048  2055
 7891    2047  2045  2048  2055
 7892    2046  2048  2055  2056
 7893    2048  2047  2055  2057
 7894    2048  2055  2056  2058
 7895    2055  2048  2057  2058
 7896    2018  2047  2049  2028
 7897    2020  2018  2049  2028
 7898    2047  2049  2028  2057
 7899    2049  2020  2028  2030
 7900    2049  2028  2057  2059
 7901    2028  2049  2030  2059
 7902    2047  2048  2050  2057
 7903    2049  2047  2050  2057
 7904    2048  2050  2057  2058
 7905    2050  2049  2057  2059
 7906    2050  2057  2058  2060
 7907    2057  2050  2059  2060
 7908    2020  2049  2051  2030
 7909    2022  2020  2051  2030
 7910    2049  2051  2030  2059
 7911    2051  2022  2030  2032
 7912    2051  2030  2059  2061
 7913    2030  2051  2032  2061
 7914    2049  2050  2052  2059
 7915    2051  2049  2052  2059
 7916    2050  2052  2059  2060
 7917    2052  2051  2059  2061
 7918    2052  2059  2060  2062
 7919    2059  2052  2061  2062
 7920    2024  2053  2055  2034
 7921    2026  2024  2055  2034
 7922    2053  2055  2034  2063
 7923    2055  2026  2034  2036
 7924    2055  2034  2063  2065
 7925    2034  2055  2036  2065
 7926    2053  2054  2056  2063
 7927    2055  2053  2056  2063
 7928    2054  2056  2063  2064
 7929    2056  2055  2063  2065
 7930    2056  2063  2064  2066
 7931    2063  2056  2065  2066
 7932    2026  2055  2057  2036
 7933    2028  2026  2057  2036
 7934    2055  2057  2036  2065
 7935    2057  2028  2036  2038
 7936    2057  2036  2065  2067
 7937    2036  2057  2038  2067
 7938    2055  2056  2058  2065
 7939    2057  2055  2058  2065
 7940    2056  2058  2065  2066
 7941    2058  2057  2065  2067
 7942    2058  2065  2066  2068
 7943    2065  2058  2067  2068
 7944    2028  2057  2059  2038
 7945    2030  2028  2059  2038
 7946    2057  2059  2038  2067
 7947    2059  2030  2038  2040
 7948    2059  2038  2067  2069
 7949    2038  2059  2040  2069
 7950    2057  2058  2060  2067
 7951    2059  2057  2060  2067
 7952    2058  2060  2067  2068
 7953    2060  2059  2067  2069
 7954    2060  2067  2068  2070
 7955    2067  2060  2069  2070
 7956    2030  2059  2061  2040
 7957    2032  2030  2061  2040
 7958    2059  2061  2040  2069
 7959    2061  2032  2040  2042
 7960    2061  2040  2069  2071
 7961    2040  2061  2042  2071
 7962    2059  2060  2062  2069
 7963    2061  2059  2062  2069
 7964    2060  2062  2069  2070
 7965    2062  2061  2069  2071
 7966    2062  2069  2070  2072
 7967    2069  2062  2071  2072
 7968    2044  2073  2075  2054
 7969    2046  2044  2075  2054
 7970    2073  2075  2054  2083
 7971    2075  2046  2054  2056
 7972    2075  2054  2083  2085
 7973    2054  2075  2056  2085
 7974    2073  2074  2076  2083
 7975    2075  2073  2076  2083
 7976    2074  2076  2083  2084
 7977    2076  2075  2083  2085
 7978    2076  2083  2084  2086
 7979    2083  2076  2085  2086
 7980    2046  2075  2077  2056
 7981    2048  2046  2077  2056
 7982    2075  2077  2056  2085
 7983    2077  2048  2056  2058
 7984    2077  2056  2085  2087
 7985    2056  2077  2058  2087
 7986    2075  2076  2078  2085
 7987    2077  2075  2078  2085
 7988    2076  2078  2085  2086
 7989    2078  2077  2085  2087
 7990    2078  2085  2086  2088
 7991    2085  2078  2087  2088
 7992    2048  2077  2079  2058
 7993    2050  2048  2079  2058
 7994    2077  2079  2058  2087
 7995    2079  2050  2058  2060
 7996    2079  2058  2087  2089
 7997    2058  2079  2060  2089
 7998    2077  2078  2080  2087
 7999    2079  2077  2080  2087
 8000    2078  2080  2087  2088
 8001    2080  2079  2087  2089
 8002    2080  2087  2088  2090
 8003    2087  2080  2089  2090
 8004    2050  2079  2081  2060
 8005    2052  2050  2081  2060
 8006    2079  2081  2060  2089
 8007    2081  2052  2060  2062
 8008    2081  2060  2089  2091
 8009    2060  2081  2062  2091
 8010    2079  2080  2082  2089
 8011    2081  2079  2082  2089
 8012    2080  2082  2089  2090
 8013    2082  2081  2089  2091
 8014    2082  2089  2090  2092
 8015    2089  2082  2091  2092
 8016    2054  2083  2085  2064
 8017    2056  2054  2085  2064
 8018    2083  2085  2064  2093
 8019    2085  2056  2064  2066
 8020    2085  2064  2093  2095
 8021    2064  2085  2066  2095
 8022    2083  2084  2086  2093
 8023    2085  2083  2086  2093
 8024    2084  2086  2093  2094
 8025    2086  2085  2093  2095
 8026    2086  2093  2094  2096
 8027    2093  2086  2095  2096
 8028    2056  2085  2087  2066
 8029    2058  2056  2087  2066
 8030    2085  2087  2066  2095
 8031    2087  2058  2066  2068
 8032    2087  2066  2095  2097
 8033    2066  2087  2068  2097
 8034    2085  2086  2088  2095
 8035    2087  2085  2088  2095
 8036    2086  2088  2095  2096
 8037    2088  2087  2095  2097
 8038    2088  2095  2096  2098
 8039    2095  2088  2097  2098
 8040    2058  2087  2089  2068
 8041    2060  2058  2089  2068
 8042    2087  2089  2068  2097
 8043    2089  2060  2068  2070
 8044    2089  2068  2097  2099
 8045    2068  2089  2070  2099
 8046    2087  2088  2090  2097
 8047    2089  2087  2090  2097
 8048    2088  2090  2097  2098
 8049    2090  2089  2097  2099
 8050    2090  2097  2098  2100
 8051    2097  2090  2099  2100
 8052    2060  2089  2091  2070
 8053    2062  2060  2091  2070
 8054    2089  2091  2070  2099
 8055    2091  2062  2070  2072
 8056    2091  2070  2099  2101
 8057    2070  2091  2072  2101
 8058    2089  2090  2092  2099
 8059    2091  2089  2092  2099
 8060    2090  2092  2099  2100
 8061    2092  2091  2099  2101
 8062    2092  2099  2100  2102
 8063    2099  2092  2101  2102
 8064    2074  2103  2105  2084
 8065    2076  2074  2105  2084
 8066    2103  2105  2084  2113
 8067    2105  2076  2084  2086
 8068    2105  2084  2113  2115
 8069    2084  2105  2086  2115
 8070    2103  2104  2106  2113
 8071    2105  2103  2106  2113
 8072    2104  2106  2113  2114
 8073    2106  2105  2113  2115
 8074    2106  2113  2114  2116
 8075    2113  2106  2115  2116
 8076    2076  2105  2107  2086
 8077    2078  2076  2107  2086
 8078    2105  2107  2086  2115
 8079    2107  2078  2086  2088
 8080    2107  2086  2115  2117
 8081    2086  2107  2088  2117
 8082    2105  2106  2108  2115
 8083    2107  2105  2108  2115
 8084    2106  2108  2115  2116
 8085    2108  2107  2115  2117
 8086    2108  2115  2116  2118
 8087    2115  2108  2117  2118
 8088    2078  2107  2109  2088
 8089    2080  2078  2109  2088
 8090    2107  2109  2088  2117
 8091    2109  2080  2088  2090
 8092    2109  2088  2117  2119
 8093    2088  2109  2090  2119
 8094    2107  2108  2110  2117
 8095    2109  2107  2110  2117
 8096    2108  2110  2117  2118
 8097    2110  2109  2117  2119
 8098    2110  2117  2118  2120
 8099    2117  2110  2119  2120
 8100    2080  2109  2111  2090
 8101    2082  2080  2111  2090
 8102    2109  2111  2090  2119
 8103    2111  2082  2090  2092
 8104    2111  2090  2119  2121
 8105    2090  2111  2092  2121
 8106    2109  2110  2112  2119
 8107    2111  2109  2112  2119
 8108    2110  2112  2119  2120
 8109    2112  2111  2119  2121
 8110    2112  2119  2120  2122
 8111    2119  2112  2121  2122
 8112    2084  2113  2115  2094
 8113    2086  2084  2115  2094
 8114    2113  2115  2094  2123
 8115    2115  2086  2094  2096
 8116    2115  2094  2123  2125
 8117    2094  2115  2096  2125
 8118    2113  2114  2116  2123
 8119    2115  2113  2116  2123
 8120    2114  2116  2123  2124
 8121    2116  2115  2123  2125
 8122    2116  2123  2124  2126
 8123    2123  2116  2125  2126
 8124    2086  2115  2117  2096
 8125    2088  2086  2117  2096
 8126    2115  2117  2096  2125
 8127    2117  2088  2096  2098
 8128    2117  2096  2125  2127
 8129    2096  2117  2098  2127
 8130    2115  2116  2118  2125
 8131    2117  2115  2118  2125
 8132    2116  2118  2125  2126
 8133    2118  2117  2125  2127
 8134    2118  2125  2126  2128
 8135    2125  2118  2127  2128
 8136    2088  2117  2119  2098
 8137    2090  2088  2119  2098
 8138    2117  2119  2098  2127
 8139    2119  2090  2098  2100
 8140    2119  2098  2127  2129
 8141    2098  2119  2100  2129
 8142    2117  2118  2120  2127
 8143    2119  2117  2120  2127
 8144    2118  2120  2127  2128
 8145    2120  2119  2127  2129
 8146    2120  2127  2128  2130
 8147    2127  2120  2129  2130
 8148    2090  2119  2121  2100
 8149    2092  2090  2121  2100
 8150    2119  2121  2100  2129
 8151    2121  2092  2100  2102
 8152    2121  2100  2129  2131
 8153    2100  2121  2102  2131
 8154    2119  2120  2122  2129
 8155    2121  2119  2122  2129
 8156    2120  2122  2129  2130
 8157    2122  2121  2129  2131
 8158    2122  2129  2130  2132
 8159    2129  2122  2131  2132
 8160    2104  2133  2135  2114
 8161    2106  2104  2135  2114
 8162    2133  2135  2114  2143
 8163    2135  2106  2114  2116
 8164    2135  2114  2143  2145
 8165    2114  2135  2116  2145
 8166    2133  2134  2136  2143
 8167    2135  2133  2136  2143
 8168    2134  2136  2143  2144
 8169    2136  2135  2143  2145
 8170    2136  2143  2144  2146
 8171    2143  2136  2145  2146
 8172    2106  2135  2137  2116
 8173    2108  2106  2137  2116
 8174    2135  2137  2116  2145
 8175    2137  2108  2116  2118
 8176    2137  2116  2145  2147
 8177    2116  2137  2118  2147
 8178    2135  2136  2138  2145
 8179    2137  2135  2138  2145
 8180    2136  2138  2145  2146
 8181    2138  2137  2145  2147
 8182    2138  2145  2146  2148
 8183    2145  2138  2147  2148
 8184    2108  2137  2139  2118
 8185    2110  2108  2139  2118
 8186    2137  2139  2118  2147
 8187    2139  2110  2118  2120
 8188    2139  2118  2147  2149
 8189    2118  2139  2120  2149
 8190    2137  2138  2140  2147
 8191    2139  2137  2140  2147
 8192    2138  2140  2147  2148
 8193    2140  2139  2147  2149
 8194    2140  2147  2148  2150
 8195    2147  2140  2149  2150
 8196    2110  2139  2141  2120
 8197    2112  2110  2141  2120
 8198    2139  2141  2120  2149
 8199    2141  2112  2120  2122
 8200    2141  2120  2149  2151
 8201    2120  2141  2122  2151
 8202    2139  2140  2142  2149
 8203    2141  2139  2142  2149
 8204    2140  2142  2149  2150
 8205    2142  2141  2149  2151
 8206    2142  2149  2150  2152
 8207    2149  2142  2151  2152
 8208    2114  2143  2145  2124
 8209    2116  2114  2145  2124
 8210    2143  2145  2124  2153
 8211    2145  2116  2124  2126
 8212    2145  2124  2153  2155
 8213    2124  2145  2126  2155
 8214    2143  2144  2146  2153
 8215    2145  2143  2146  2153
 8216    2144  2146  2153  2154
 8217    2146  2145  2153  2155
 8218    2146  2153  2154  2156
 8219    2153  2146  2155  2156
 8220    2116  2145  2147  2126
 8221    2118  2116  2147  2126
 8222    2145  2147  2126  2155
 8223    2147  2118  2126  2128
 8224    2147  2126  2155  2157
 8225    2126  2147  2128  2157
 8226    2145  2146  2148  2155
 8227    2147  2145  2148  2155
 8228    2146  2148  2155  2156
 8229    2148  2147  2155  2157
 8230    2148  2155  2156  2158
 8231    2155  2148  2157  2158
 8232    2118  2147  2149  2128
 8233    2120  2118  2149  2128
 8234    2147  2149  2128  2157
 8235    2149  2120  2128  2130
 8236    2149  2128  2157  2159
 8237    2128  2149  2130  2159
 8238    2147  2148  2150  2157
 8239    2149  2147  2150  2157
 8240    2148  2150  2157  2158
 8241    2150  2149  2157  2159
 8242    2150  2157  2158  2160
 8243    2157  2150  2159  2160
 8244    2120  2149  2151  2130
 8245    2122  2120  2151  2130
 8246    2149  2151  2130  2159
 8247    2151  2122  2130  2132
 8248    2151  2130  2159  2161
 8249    2130  2151  2132  2161
 8250    2149  2150  2152  2159
 8251    2151  2149  2152  2159
 8252    2150  2152  2159  2160
 8253    2152  2151  2159  2161
 8254    2152  2159  2160  2162
 8255    2159  2152  2161  2162
 8256    2134  2163  2165  2144
 8257    2136  2134  2165  2144
 8258    2163  2165  2144  2173
 8259    2165  2136  2144  2146
 8260    2165  2144  2173  2175
 8261    2144  2165  2146  2175
 8262    2163  2164  2166  2173
 8263    2165  2163  2166  2173
 8264    2164  2166  2173  2174
 8265    2166  2165  2173  2175
 8266    2166  2173  2174  2176
 8267    2173  2166  2175  2176
 8268    2136  2165  2167  2146
 8269    2138  2136  2167  2146
 8270    2165  2167  2146  2175
 8271    2167  2138  2146  2148
 8272    2167  2146  2175  2177
 8273    2146  2167  2148  2177
 8274    2165  2166  2168  2175
 8275    2167  2165  2168  2175
 8276    2166  2168  2175  2176
 8277    2168  2167  2175  2177
 8278    2168  2175  2176  2178
 8279    2175  2168  2177  2178
 8280    2138  2167  2169  2148
 8281    2140  2138  2169  2148
 8282    2167  2169  2148  2177
 8283    2169  2140  2148  2150
 8284    2169  2148  2177  2179
 8285    2148  2169  2150  2179
 8286    2167  2168  2170  2177
 8287    2169  2167  2170  2177
 8288    2168  2170  2177  2178
 8289    2170  2169  2177  2179
 8290    2170  2177  2178  2180
 8291    2177  2170  2179  2180
 8292    2140  2169  2171  2150
 8293    2142  2140  2171  2150
 8294    2169  2171  2150  2179
 8295    2171  2142  2150  2152
 8296    2171  2150  2179  2181
 8297    2150  2171  2152  2181
 8298    2169  2170  2172  2179
 8299    2171  2169  2172  2179
 8300    2170  2172  2179  2180
 8301    2172  2171  2179  2181
 8302    2172  2179  2180  2182
 8303    2179  2172  2181  2182
 8304    2144  2173  2175  2154
 8305    2146  2144  2175  2154
 8306    2173  2175  2154  2183
 8307    2175  2146  2154  2156
 8308    2175  2154  2183  2185
 8309    2154  2175  2156  2185
 8310    2173  2174  2176  2183
 8311    2175  2173  2176  2183
 8312    2174  2176  2183  2184
 8313    2176  2175  2183  2185
 8314    2176  2183  2184  2186
 8315    2183  2176  2185  2186
 8316    2146  2175  2177  2156
 8317    2148  2146  2177  2156
 8318    2175  2177  2156  2185
 8319    2177  2148  2156  2158
 8320    2177  2156  2185  2187
 8321    2156  2177  2158  2187
 8322    2175  2176  2178  2185
 8323    2177  2175  2178  2185
 8324    2176  2178  2185  2186
 8325    2178  2177  2185  2187
 8326    2178  2185  2186  2188
 8327    2185  2178  2187  2188
 8328    2148  2177  2179  2158
 8329    2150  2148  2179  2158
 8330    2177  2179  2158  2187
 8331    2179  2150  2158  2160
 8332    2179  2158  2187  2189
 8333    2158  2179  2160  2189
 8334    2177  2178  2180  2187
 8335    2179  2177  2180  2187
 8336    2178  2180  2187  2188
 8337    2180  2179  2187  2189
 8338    2180  2187  2188  2190
 8339    2187  2180  2189  2190
 8340    2150  2179  2181  2160
 8341    2152  2150  2181  2160
 8342    2179  2181  2160  2189
 8343    2181  2152  2160  2162
 8344    2181  2160  2189  2191
 8345    2160  2181  2162  2191
 8346    2179  2180  2182  2189
 8347    2181  2179  2182  2189
 8348    2180  2182  2189  2190
 8349    2182  2181  2189  2191
 8350    2182  2189  2190  2192
 8351    2189  2182  2191  2192
 8352    2164  2193  2194  2174
 8353    2166  2164  2194  2174
 8354    2193  2194  2174  2198
 8355    2194  2166  2174  2176
 8356    2194  2174  2198  2199
 8357    2174  2194  2176  2199
 8358    2193  1968  1971  2198
 8359    2194  2193  1971  2198
 8360    1968  1971  2198  1983
 8361    1971  2194  2198  2199
 8362    1971  2198  1983  1986
 8363    2198  1971  2199  1986
 8364    2166  2194  2195  2176
 8365    2168  2166  2195  2176
 8366    2194  2195  2176  2199
 8367    2195  2168  2176  2178
 8368    2195  2176  2199  2200
 8369    2176  2195  2178  2200
 8370    2194  1971  1974  2199
 8371    2195  2194  1974  2199
 8372    1971  1974  2199  1986
 8373    1974  2195  2199  2200
 8374    1974  2199  1986  1989
 8375    2199  1974  2200  1989
 8376    2168  2195  2196  2178
 8377    2170  2168  2196  2178
 8378    2195  2196  2178  2200
 8379    2196  2170  2178  2180
 8380    2196  2178  2200  2201
 8381    2178  2196  2180  2201
 8382    2195  1974  1977  2200
 8383    2196  2195  1977  2200
 8384    1974  1977  2200  1989
 8385    1977  2196  2200  2201
 8386    1977  2200  1989  1992
 8387    2200  1977  2201  1992
 8388    2170  2196  2197  2180
 8389    2172  2170  2197  2180
 8390    2196  2197  2180  2201
 8391    2197  2172  2180  2182
 8392    2197  2180  2201  2202
 8393    2180  2197  2182  2202
 8394    2196  1977  1980  2201
 8395    2197  2196  1980  2201
 8396    1977  1980  2201  1992
 8397    1980  2197  2201  2202
 8398    1980  2201  1992  1995
 8399    2201  1980  2202  1995
 8400    2174  2198  2199  2184
 8401    2176  2174  2199  2184
 8402    2198  2199  2184  2203
 8403    2199  2176  2184  2186
 8404    2199  2184  2203  2204
 8405    2184  2199  2186  2204
 8406    2198  1983  1986  2203
 8407    2199  2198  1986  2203
 8408    1983  1986  2203  1998
 8409    1986  2199  2203  2204
 8410    1986  2203  1998  2001
 8411    2203  1986  2204  2001
 8412    2176  2199  2200  2186
 8413    2178  2176  2200  2186
 8414    2199  2200  2186  2204
 8415    2200  2178  2186  2188
 8416    2200  2186  2204  2205
 8417    2186  2200  2188  2205
 8418    2199  1986  1989  2204
 8419    2200  2199  1989  2204
 8420    1986  1989  2204  2001
 8421    1989  2200  2204  2205
 8422    1989  2204  2001  2004
 8423    2204  1989  2205  2004
 8424    2178  2200  2201  2188
 8425    2180  2178  2201  2188
 8426    2200  2201  2188  2205
 8427    2201  2180  2188  2190
 8428    2201  2188  2205  2206
 8429    2188  2201  2190  2206
 8430    2200  1989  1992  2205
 8431    2201  2200  1992  2205
 8432    1989  1992  2205  2004
 8433    1992  2201  2205  2206
 8434    1992  2205  2004  2007
 8435    2205  1992  2206  2007
 8436    2180  2201  2202  2190
 8437    2182  2180  2202  2190
 8438    2201  2202  2190  2206
 8439    2202  2182  2190  2192
 8440    2202  2190  2206  2207
 8441    2190  2202  2192  2207
 8442    2201  1992  1995  2206
 8443    2202  2201  1995  2206
 8444    1992  1995  2206  2007
 8445    1995  2202  2206  2207
 8446    1995  2206  2007  2010
 8447    2206  1995  2207  2010
 8448    1980  1981  2209  1995
 8449    2208  1980  2209  1995
 8450    1981  2209  1995  1996
 8451    2209  2208  1995  2220
 8452    2209  1995  1996  2221
 8453    1995  2209  2220  2221
 8454    1981  1982  2210  1996
 8455    2209  1981  2210  1996
 8456    1982  2210  1996  1997
 8457    2210  2209  1996  2221
 8458    2210  1996  1997  2222
 8459    1996  2210  2221  2222
 8460    2208  2209  2212  2220
 8461    2211  2208  2212  2220
 8462    2209  2212  2220  2221
 8463    2212  2211  2220  2223
 8464    2212  2220  2221  2224
 8465    2220  2212  2223  2224
 8466    2209  2210  2213  2221
 8467    2212  2209  2213  2221
 8468    2210  2213  2221  2222
 8469    2213  2212  2221  2224
 8470    2213  2221  2222  2225
 8471    2221  2213  2224  2225
 8472    2211  2212  2215  2223
 8473    2214  2211  2215  2223
 8474    2212  2215  2223  2224
 8475    2215  2214  2223  2226
 8476    2215  2223  2224  2227
 8477    2223  2215  2226  2227
 8478    2212  2213  2216  2224
 8479    2215  2212  2216  2224
 8480    2213  2216  2224  2225
 8481    2216  2215  2224  2227
 8482    2216  2224  2225  2228
 8483    2224  2216  2227  2228
 8484    2214  2215  2218  2226
 8485    2217  2214  2218  2226
 8486    2215  2218  2226  2227
 8487    2218  2217  2226  2229
 8488    2218  2226  2227  2230
 8489    2226  2218  2229  2230
 8490    2215  2216  2219  2227
 8491    2218  2215  2219  2227
 8492    2216  2219  2227  2228
 8493    2219  2218  2227  2230
 8494    2219  2227  2228  2231
 8495    2227  2219  2230  2231
 8496    1995  1996  2221  2010
 8497    2220  1995  2221  2010
 8498    1996  2221  2010  2011
 8499    2221  2220  2010  2232
 8500    2221  2010  2011  2233
 8501    2010  2221  2232  2233
 8502    1996  1997  2222  2011
 8503    2221  1996  2222  2011
 8504    1997  2222  2011  2012
 8505    2222  2221  2011  2233
 8506    2222  2011  2012  2234
 8507    2011  2222  2233  2234
 8508    2220  2221  2224  2232
 8509    2223  2220  2224  2232
 8510    2221  2224  2232  2233
 8511    2224  2223  2232  2235
 8512    2224  2232  2233  2236
 8513    2232  2224  2235  2236
 8514    2221  2222  2225  2233
 8515    2224  2221  2225  2233
 8516    2222  2225  2233  2234
 8517    2225  2224  2233  2236
 8518    2225  2233  2234  2237
 8519    2233  2225  2236  2237
 8520    2223  2224  2227  2235
 8521    2226  2223  2227  2235
 8522    2224  2227  2235  2236
 8523    2227  2226  2235  2238
 8524    2227  2235  2236  2239
 8525    2235  2227  2238  2239
 8526    2224  2225  2228  2236
 8527    2227  2224  2228  2236
 8528    2225  2228  2236  2237
 8529    2228  2227  2236  2239
 8530    2228  2236  2237  2240
 8531    2236  2228  2239  2240
 8532    2226  2227  2230  2238
 8533    2229  2226  2230  2238
 8534    2227  2230  2238  2239
 8535    2230  2229  2238  2241
 8536    2230  2238  2239  2242
 8537    2238  2230  2241  2242
 8538    2227  2228  2231  2239
 8539    2230  2227  2231  2239
 8540    2228  2231  2239  2240
 8541    2231  2230  2239  2242
 8542    2231  2239  2240  2243
 8543    2239  2231  2242  2243
 8544    1982  2021  2244  1997
 8545    2210  1982  2244  1997
 8546    2021  2244  1997  2031
 8547    2244  2210  1997  2222
 8548    2244  1997  2031  2252
 8549    1997  2244  2222  2252
 8550    2021  2022  2245  2031
 8551    2244  2021  2245  2031
 8552    2022  2245  2031  2032
 8553    2245  2244  2031  2252
 8554    2245  2031  2032  2253
 8555    2031  2245  2252  2253
 8556    2210  2244  2246  2222
 8557    2213  2210  2246  2222
 8558    2244  2246  2222  2252
 8559    2246  2213  2222  2225
 8560    2246  2222  2252  2254
 8561    2222  2246  2225  2254
 8562    2244  2245  2247  2252
 8563    2246  2244  2247  2252
 8564    2245  2247  2252  2253
 8565    2247  2246  2252  2254
 8566    2247  2252  2253  2255
 8567    2252  2247  2254  2255
 8568    2213  2246  2248  2225
 8569    2216  2213  2248  2225
 8570    2246  2248  2225  2254
 8571    2248  2216  2225  2228
 8572    2248  2225  2254  2256
 8573    2225  2248  2228  2256
 8574    2246  2247  2249  2254
 8575    2248  2246  2249  2254
 8576    2247  2249  2254  2255
 8577    2249  2248  2254  2256
 8578    2249  2254  2255  2257
 8579    2254  2249  2256  2257
 8580    2216  2248  2250  2228
 8581    2219  2216  2250  2228
 8582    2248  2250  2228  2256
 8583    2250  2219  2228  2231
 8584    2250  2228  2256  2258
 8585    2228  2250  2231  2258
 8586    2248  2249  2251  2256
 8587    2250  2248  2251  2256
 8588    2249  2251  2256  2257
 8589    2251  2250  2256  2258
 8590    2251  2256  2257  2259
 8591    2256  2251  2258  2259
 8592    1997  2031  2252  2012
 8593    2222  1997  2252  2012
 8594    2031  2252  2012  2041
 8595    2252  2222  2012  2234
 8596    2252  2012  2041  2260
 8597    2012  2252  2234  2260
 8598    2031  2032  2253  2041
 8599    2252  2031  2253  2041
 8600    2032  2253  2041  2042
 8601    2253  2252  2041  2260
 8602    2253  2041  2042  2261
 8603    2041  2253  2260  2261
 8604    2222  2252  2254  2234
 8605    2225  2222  2254  2234
 8606    2252  2254  2234  2260
 8607    2254  2225  2234  2237
 8608    2254  2234  2260  2262
 8609    2234  2254  2237  2262
 8610    2252  2253  2255  2260
 8611    2254  2252  2255  2260
 8612    2253  2255  2260  2261
 8613    2255  2254  2260  2262
 8614    2255  2260  2261  2263
 8615    2260  2255  2262  2263
 8616    2225  2254  2256  2237
 8617    2228  2225  2256  2237
 8618    2254  2256  2237  2262
 8619    2256  2228  2237  2240
 8620    2256  2237  2262  2264
 8621    2237  2256  2240  2264
 8622    2254  2255  2257  2262
 8623    2256  2254  2257  2262
 8624    2255  2257  2262  2263
 8625    2257  2256  2262  2264
 8626    2257  2262  2263  2265
 8627    2262  2257  2264  2265
 8628    2228  2256  2258  2240
 8629    2231  2228  2258  2240
 8630    2256  2258  2240  2264
 8631    2258  2231  2240  2243
 8632    2258  2240  2264  2266
 8633    2240  2258  2243  2266
 8634    2256  2257  2259  2264
 8635    2258  2256  2259  2264
 8636    2257  2259  2264  2265
 8637    2259  2258  2264  2266
 8638    2259  2264  2265  2267
 8639    2264  2259  2266  2267
 8640    2022  2051  2268  2032
 8641    2245  2022  2268  2032
 8642    2051  2268  2032  2061
 8643    2268  2245  2032  2253
 8644    2268  2032  2061  2276
 8645    2032  2268  2253  2276
 8646    2051  2052  2269  2061
 8647    2268  2051  2269  2061
 8648    2052  2269  2061  2062
 8649    2269  2268  2061  2276
 8650    2269  2061  2062  2277
 8651    2061  2269  2276  2277
 8652    2245  2268  2270  2253
 8653    2247  2245  2270  2253
 8654    2268  2270  2253  2276
 8655    2270  2247  2253  2255
 8656    2270  2253  2276  2278
 8657    2253  2270  2255  2278
 8658    2268  2269  2271  2276
 8659    2270  2268  2271  2276
 8660    2269  2271  2276  2277
 8661    2271  2270  2276  2278
 8662    2271  2276  2277  2279
 8663    2276  2271  2278  2279
 8664    2247  2270  2272  2255
 8665    2249  2247  2272  2255
 8666    2270  2272  2255  2278
 8667    2272  2249  2255  2257
 8668    2272  2255  2278  2280
 8669    2255  2272  2257  2280
 8670    2270  2271  2273  2278
 8671    2272  2270  2273  2278
 8672    2271  2273  2278  2279
 8673    2273  2272  2278  2280
 8674    2273  2278  2279  2281
 8675    2278  2273  2280  2281
 8676    2249  2272  2274  2257
 8677    2251  2249  2274  2257
 8678    2272  2274  2257  2280
 8679    2274  2251  2257  2259
 8680    2274  2257  2280  2282
 8681    2257  2274  2259  2282
 8682    2272  2273  2275  2280
 8683    2274  2272  2275  2280
 8684    2273  2275  2280  2281
 8685    2275  2274  2280  2282
 8686    2275  2280  2281  2283
 8687    2280  2275  2282  2283
 8688    2032  2061  2276  2042
 8689    2253  2032  2276  2042
 8690    2061  2276  2042  2071
 8691    2276  2253  2042  2261
 8692    2276  2042  2071  2284
 8693    2042  2276  2261  2284
 8694    2061  2062  2277  2071
 8695    2276  2061  2277  2071
 8696    2062  2277  2071  2072
 8697    2277  2276  2071  2284
 8698    2277  2071  2072  2285
 8699    2071  2277  2284  2285
 8700    2253  2276  2278  2261
 8701    2255  2253  2278  2261
 8702    2276  2278  2261  2284
 8703    2278  2255  2261  2263
 8704    2278  2261  2284  2286
 8705    2261  2278  2263  2286
 8706    2276  2277  2279  2284
 8707    2278  2276  2279  2284
 8708    2277  2279  2284  2285
 8709    2279  2278  2284  2286
 8710    2279  2284  2285  2287
 8711    2284  2279  2286  2287
 8712    2255  2278  2280  2263
 8713    2257  2255  2280  2263
 8714    2278  2280  2263  2286
 8715    2280  2257  2263  2265
 8716    2280  2263  2286  2288
 8717    2263  2280  2265  2288
 8718    2278  2279  2281  2286
 8719    2280  2278  2281  2286
 8720    2279  2281  2286  2287
 8721    2281  2280  2286  2288
 8722    2281  2286  2287  2289
 8723    2286  2281  2288  2289
 8724    2257  2280  2282  2265
 8725    2259  2257  2282  2265
 8726    2280  2282  2265  2288
 8727    2282  2259  2265  2267
 8728    2282  2265  2288  2290
 8729    2265  2282  2267  2290
 8730    2280  2281  2283  2288
 8731    2282  2280  2283  2288
 8732    2281  2283  2288  2289
 8733    2283  2282  2288  2290
 8734    2283  2288  2289  2291
 8735    2288  2283  2290  2291
 8736    2052  2081  2292  2062
 8737    2269  2052  2292  2062
 8738    2081  2292  2062  2091
 8739    2292  2269  2062  2277
 8740    2292  2062  2091  2300
 8741    2062  2292  2277  2300
 8742    2081  2082  2293  2091
 8743    2292  2081  2293  2091
 8744    2082  2293  2091  2092
 8745    2293  2292  2091  2300
 8746    2293  2091  2092  2301
 8747    2091  2293  2300  2301
 8748    2269  2292  2294  2277
 8749    2271  2269  2294  2277
 8750    2292  2294  2277  2300
 8751    2294  2271  2277  2279
 8752    2294  2277  2300  2302
 8753    2277  2294  2279  2302
 8754    2292  2293  2295  2300
 8755    2294  2292  2295  2300
 8756    2293  2295  2300  2301
 8757    2295  2294  2300  2302
 8758    2295  2300  2301  2303
 8759    2300  2295  2302  2303
 8760    2271  2294  2296  2279
 8761    2273  2271  2296  2279
 8762    2294  2296  2279  2302
 8763    2296  2273  2279  2281
 8764    2296  2279  2302  2304
 8765    2279  2296  2281  2304
 8766    2294  2295  2297  2302
 8767    2296  2294  2297  2302
 8768    2295  2297  2302  2303
 8769    2297  2296  2302  2304
 8770    2297  2302  2303  2305
 8771    2302  2297  2304  2305
 8772    2273  2296  2298  2281
 8773    2275  2273  2298  2281
 8774    2296  2298  2281  2304
 8775    2298  2275  2281  2283
 8776    2298  2281  2304  2306
 8777    2281  2298  2283  2306
 8778    2296  2297  2299  2304
 8779    2298  2296  2299  2304
 8780    2297  2299  2304  2305
 8781    2299  2298  2304  2306
 8782    2299  2304  2305  2307
 8783    2304  2299  2306  2307
 8784    2062  2091  2300  2072
 8785    2277  2062  2300  2072
 8786    2091  2300  2072  2101
 8787    2300  2277  2072  2285
 8788    2300  2072  2101  2308
 8789    2072  2300  2285  2308
 8790    2091  2092  2301  2101
 8791    2300  2091  2301  2101
 8792    2092  2301  2101  2102
 8793    2301  2300  2101  2308
 8794    2301  2101  2102  2309
 8795    2101  2301  2308  2309
 8796    2277  2300  2302  2285
 8797    2279  2277  2302  2285
 8798    2300  2302  2285  2308
 8799    2302  2279  2285  2287
 8800    2302  2285  2308  2310
 8801    2285  2302  2287  2310
 8802    2300  2301  2303  2308
 8803    2302  2300  2303  2308
 8804    2301  2303  2308  2309
 8805    2303  2302  2308  2310
 8806    2303  2308  2309  2311
 8807    2308  2303  2310  2311
 8808    2279  2302  2304  2287
 8809    2281  2279  2304  2287
 8810    2302  2304  2287  2310
 8811    2304  2281  2287  2289
 8812    2304  2287  2310  2312
 8813    2287  2304  2289  2312
 8814    2302  2303  2305  2310
 8815    2304  2302  2305  2310
 8816    2303  2305  2310  2311
 8817    2305  2304  2310  2312
 8818    2305  2310  2311  2313
 8819    2310  2305  2312  2313
 8820    2281  2304  2306  2289
 8821    2283  2281  2306  2289
 8822    2304  2306  2289  2312
 8823    2306  2283  2289  2291
 8824    2306  2289  2312  2314
 8825    2289  2306  2291  2314
 8826    2304  2305  2307  2312
 8827    2306  2304  2307  2312
 8828    2305  2307  2312  2313
 8829    2307  2306  2312  2314
 8830    2307  2312  2313  2315
 8831    2312  2307  2314  2315
 8832    2082  2111  2316  2092
 8833    2293  2082  2316  2092
 8834    2111  2316  2092  2121
 8835    2316  2293  2092  2301
 8836    2316  2092  2121  2324
 8837    2092  2316  2301  2324
 8838    2111  2112  2317  2121
 8839    2316  2111  2317  2121
 8840    2112  2317  2121  2122
 8841    2317  2316  2121  2324
 8842    2317  2121  2122  2325
 8843    2121  2317  2324  2325
 8844    2293  2316  2318  2301
 8845    2295  2293  2318  2301
 8846    2316  2318  2301  2324
 8847    2318  2295  2301  2303
 8848    2318  2301  2324  2326
 8849    2301  2318  2303  2326
 8850    2316  2317  2319  2324
 8851    2318  2316  2319  2324
 8852    2317  2319  2324  2325
 8853    2319  2318  2324  2326
 8854    2319  2324  2325  2327
 8855    2324  2319  2326  2327
 8856    2295  2318  2320  2303
 8857    2297  2295  2320  2303
 8858    2318  2320  2303  2326
 8859    2320  2297  2303  2305
 8860    2320  2303  2326  2328
 8861    2303  2320  2305  2328
 8862    2318  2319  2321  2326
 8863    2320  2318  2321  2326
 8864    2319  2321  2326  2327
 8865    2321  2320  2326  2328
 8866    2321  2326  2327  2329
 8867    2326  2321  2328  2329
 8868    2297  2320  2322  2305
 8869    2299  2297  2322  2305
 8870    2320  2322  2305  2328
 8871    2322  2299  2305  2307
 8872    2322  2305  2328  2330
 8873    2305  2322  2307  2330
 8874    2320  2321  2323  2328
 8875    2322  2320  2323  2328
 8876    2321  2323  2328  2329
 8877    2323  2322  2328  2330
 8878    2323  2328  2329  2331
 8879    2328  2323  2330  2331
 8880    2092  2121  2324  2102
 8881    2301  2092  2324  2102
 8882    2121  2324  2102  2131
 8883    2324  2301  2102  2309
 8884    2324  2102  2131  2332
 8885    2102  2324  2309  2332
 8886    2121  2122  2325  2131
 8887    2324  2121  2325  2131
 8888    2122  2325  2131  2132
 8889    2325  2324  2131  2332
 8890    2325  2131  2132  2333
 8891    2131  2325  2332  2333
 8892    2301  2324  2326  2309
 8893    2303  2301  2326  2309
 8894    2324  2326  2309  2332
 8895    2326  2303  2309  2311
 8896    2326  2309  2332  2334
 8897    2309  2326  2311  2334
 8898    2324  2325  2327  2332
 8899    2326  2324  2327  2332
 8900    2325  2327  2332  2333
 8901    2327  2326  2332  2334
 8902    2327  2332  2333  2335
 8903    2332  2327  2334  2335
 8904    2303  2326  2328  2311
 8905    2305  2303  2328  2311
 8906    2326  2328  2311  2334
 8907    2328  2305  2311  2313
 8908    2328  2311  2334  2336
 8909    2311  2328  2313  2336
 8910    2326  2327  2329  2334
 8911    2328  2326  2329  2334
 8912    2327  2329  2334  2335
 8913    2329  2328  2334  2336
 8914    2329  2334  2335  2337
 8915    2334  2329  2336  2337
 8916    2305  2328  2330  2313
 8917    2307  2305  2330  2313
 8918    2328  2330  2313  2336
 8919    2330  2307  2313  2315
 8920    2330  2313  2336  2338
 8921    2313  2330  2315  2338
 8922    2328  2329  2331  2336
 8923    2330  2328  2331  2336
 8924    2329  2331  2336  2337
 8925    2331  2330  2336  2338
 8926    2331  2336  2337  2339
 8927    2336  2331  2338  2339
 8928    2112  2141  2340  2122
 8929    2317  2112  2340  2122
 8930    2141  2340  2122  2151
 8931    2340  2317  2122  2325
 8932    2340  2122  2151  2348
 8933    2122  2340  2325  2348
 8934    2141  2142  2341  2151
 8935    2340  2141  2341  2151
 8936    2142  2341  2151  2152
 8937    2341  2340  2151  2348
 8938    2341  2151  2152  2349
 8939    2151  2341  2348  2349
 8940    2317  2340  2342  2325
 8941    2319  2317  2342  2325
 8942    2340  2342  2325  2348
 8943    2342  2319  2325  2327
 8944    2342  2325  2348  2350
 8945    2325  2342  2327  2350
 8946    2340  2341  2343  2348
 8947    2342  2340  2343  2348
 8948    2341  2343  2348  2349
 8949    2343  2342  2348  2350
 8950    2343  2348  2349  2351
 8951    2348  2343  2350  2351
 8952    2319  2342  2344  2327
 8953    2321  2319  2344  2327
 8954    2342  2344  2327  2350
 8955    2344  2321  2327  2329
 8956    2344  2327  2350  2352
 8957    2327  2344  2329  2352
 8958    2342  2343  2345  2350
 8959    2344  2342  2345  2350
 8960    2343  2345  2350  2351
 8961    2345  2344  2350  2352
 8962    2345  2350  2351  2353
 8963    2350  2345  2352  2353
 8964    2321  2344  2346  2329
 8965    2323  2321  2346  2329
 8966    2344  2346  2329  2352
 8967    2346  2323  2329  2331
 8968    2346  2329  2352  2354
 8969    2329  2346  2331  2354
 8970    2344  2345  2347  2352
 8971    2346  2344  2347  2352
 8972    2345  2347  2352  2353
 8973    2347  2346  2352  2354
 8974    2347  2352  2353  2355
 8975    2352  2347  2354  2355
 8976    2122  2151  2348  2132
 8977    2325  2122  2348  2132
 8978    2151  2348  2132  2161
 8979    2348  2325  2132  2333
 8980    2348  2132  2161  2356
 8981    2132  2348  2333  2356
 8982    2151  2152  2349  2161
 8983    2348  2151  2349  2161
 8984    2152  2349  2161  2162
 8985    2349  2348  2161  2356
 8986    2349  2161  2162  2357
 8987    2161  2349  2356  2357
 8988    2325  2348  2350  2333
 8989    2327  2325  2350  2333
 8990    2348  2350  2333  2356
 8991    2350  2327  2333  2335
 8992    2350  2333  2356  2358
 8993    2333  2350  2335  2358
 8994    2348  2349  2351  2356
 8995    2350  2348  2351  2356
 8996    2349  2351  2356  2357
 8997    2351  2350  2356  2358
 8998    2351  2356  2357  2359
 8999    2356  2351  2358  2359
 9000    2327  2350  2352  2335
 9001    2329  2327  2352  2335
 9002    2350  2352  2335  2358
 9003    2352  2329  2335  2337
 9004    2352  2335  2358  2360
 9005    2335  2352  2337  2360
 9006    2350  2351  2353  2358
 9007    2352  2350  2353  2358
 9008    2351  2353  2358  2359
 9009    2353  2352  2358  2360
 9010    2353  2358  2359  2361
 9011    2358  2353  2360  2361
 9012    2329  2352  2354  2337
 9013    2331  2329  2354  2337
 9014    2352  2354  2337  2360
 9015    2354  2331  2337  2339
 9016    2354  2337  2360  2362
 9017    2337  2354  2339  2362
 9018    2352  2353  2355  2360
 9019    2354  2352  2355  2360
 9020    2353  2355  2360  2361
 9021    2355  2354  2360  2362
 9022    2355  2360  2361  2363
 9023    2360  2355  2362  2363
 9024    2142  2171  2364  2152
 9025    2341  2142  2364  2152
 9026    2171  2364  2152  2181
 9027    2364  2341  2152  2349
 9028    2364  2152  2181  2372
 9029    2152  2364  2349  2372
 9030    2171  2172  2365  2181
 9031    2364  2171  2365  2181
 9032    2172  2365  2181  2182
 9033    2365  2364  2181  2372
 9034    2365  2181  2182  2373
 9035    2181  2365  2372  2373
 9036    2341  2364  2366  2349
 9037    2343  2341  2366  2349
 9038    2364  2366  2349  2372
 9039    2366  2343  2349  2351
 9040    2366  2349  2372  2374
 9041    2349  2366  2351  2374
 9042    2364  2365  2367  2372
 9043    2366  2364  2367  2372
 9044    2365  2367  2372  2373
 9045    2367  2366  2372  2374
 9046    2367  2372  2373  2375
 9047    2372  2367  2374  2375
 9048    2343  2366  2368  2351
 9049    2345  2343  2368  2351
 9050    2366  2368  2351  2374
 9051    2368  2345  2351  2353
 9052    2368  2351  2374  2376
 9053    2351  2368  2353  2376
 9054    2366  2367  2369  2374
 9055    2368  2366  2369  2374
 9056    2367  2369  2374  2375
 9057    2369  2368  2374  2376
 9058    2369  2374  2375  2377
 9059    2374  2369  2376  2377
 9060    2345  2368  2370  2353
 9061    2347  2345  2370  2353
 9062    2368  2370  2353  2376
 9063    2370  2347  2353  2355
 9064    2370  2353  2376  2378
 9065    2353  2370  2355  2378
 9066    2368  2369  2371  2376
 9067    2370  2368  2371  2376
 9068    2369  2371  2376  2377
 9069    2371  2370  2376  2378
 9070    2371  2376  2377  2379
 9071    2376  2371  2378  2379
 9072    2152  2181  2372  2162
 9073    2349  2152  2372  2162
 9074    2181  2372  2162  2191
 9075    2372  2349  2162  2357
 9076    2372  2162  2191  2380
 9077    2162  2372  2357  2380
 9078    2181  2182  2373  2191
 9079    2372  2181  2373  2191
 9080    2182  2373  2191  2192
 9081    2373  2372  2191  2380
 9082    2373  2191  2192  2381
 9083    2191  2373  2380  2381
 9084    2349  2372  2374  2357
 9085    2351  2349  2374  2357
 9086    2372  2374  2357  2380
 9087    2374  2351  2357  2359
 9088    2374  2357  2380  2382
 9089    2357  2374  2359  2382
 9090    2372  2373  2375  2380
 9091    2374  2372  2375  2380
 9092    2373  2375  2380  2381
 9093    2375  2374  2380  2382
 9094    2375  2380  2381  2383
 9095    2380  2375  2382  2383
 9096    2351  2374  2376  2359
 9097    2353  2351  2376  2359
 9098    2374  2376  2359  2382
 9099    2376  2353  2359  2361
 9100    2376  2359  2382  2384
 9101    2359  2376  2361  2384
 9102    2374  2375  2377  2382
 9103    2376  2374  2377  2382
 9104    2375  2377  2382  2383
 9105    2377  2376  2382  2384
 9106    2377  2382  2383  2385
 9107    2382  2377  2384  2385
 9108    2353  2376  2378  2361
 9109    2355  2353  2378  2361
 9110    2376  2378  2361  2384
 9111    2378  2355  2361  2363
 9112    2378  2361  2384  2386
 9113    2361  2378  2363  2386
 9114    2376  2377  2379  2384
 9115    2378  2376  2379  2384
 9116    2377  2379  2384  2385
 9117    2379  2378  2384  2386
 9118    2379  2384  2385  2387
 9119    2384  2379  2386  2387
 9120    2172  2197  2388  2182
 9121    2365  2172  2388  2182
 9122    2197  2388  2182  2202
 9123    2388  2365  2182  2373
 9124    2388  2182  2202  2392
 9125    2182  2388  2373  2392
 9126    2197  1980  2208  2202
 9127    2388  2197  2208  2202
 9128    1980  2208  2202  1995
 9129    2208  2388  2202  2392
 9130    2208  2202  1995  2220
 9131    2202  2208  2392  2220
 9132    2365  2388  2389  2373
 9133    2367  2365  2389  2373
 9134    2388  2389  2373  2392
 9135    2389  2367  2373  2375
 9136    2389  2373  2392  2393
 9137    2373  2389  2375  2393
 9138    2388  2208  2211  2392
 9139    2389  2388  2211  2392
 9140    2208  2211  2392  2220
 9141    2211  2389  2392  2393
 9142    2211  2392  2220  2223
 9143    2392  2211  2393  2223
 9144    2367  2389  2390  2375
 9145    2369  2367  2390  2375
 9146    2389  2390  2375  2393
 9147    2390  2369  2375  2377
 9148    2390  2375  2393  2394
 9149    2375  2390  2377  2394
 9150    2389  2211  2214  2393
 9151    2390  2389  2214  2393
 9152    2211  2214  2393  2223
 9153    2214  2390  2393  2394
 9154    2214  2393  2223  2226
 9155    2393  2214  2394  2226
 9156    2369  2390  2391  2377
 9157    2371  2369  2391  2377
 9158    2390  2391  2377  2394
 9159    2391  2371  2377  2379
 9160    2391  2377  2394  2395
 9161    2377  2391  2379  2395
 9162    2390  2214  2217  2394
 9163    2391  2390  2217  2394
 9164    2214  2217  2394  2226
 9165    2217  2391  2394  2395
 9166    2217  2394  2226  2229
 9167    2394  2217  2395  2229
 9168    2182  2202  2392  2192
 9169    2373  2182  2392  2192
 9170    2202  2392  2192  2207
 9171    2392  2373  2192  2381
 9172    2392  2192  2207  2396
 9173    2192  2392  2381  2396
 9174    2202  1995  2220  2207
 9175    2392  2202  2220  2207
 9176    1995  2220  2207  2010
 9177    2220  2392  2207  2396
 9178    2220  2207  2010  2232
 9179    2207  2220  2396  2232
 9180    2373  2392  2393  2381
 9181    2375  2373  2393  2381
 9182    2392  2393  2381  2396
 9183    2393  2375  2381  2383
 9184    2393  2381  2396  2397
 9185    2381  2393  2383  2397
 9186    2392  2220  2223  2396
 9187    2393  2392  2223  2396
 9188    2220  2223  2396  2232
 9189    2223  2393  2396  2397
 9190    2223  2396  2232  2235
 9191    2396  2223  2397  2235
 9192    2375  2393  2394  2383
 9193    2377  2375  2394  2383
 9194    2393  2394  2383  2397
 9195    2394  2377  2383  2385
 9196    2394  2383  2397  2398
 9197    2383  2394  2385  2398
 9198    2393  2223  2226  2397
 9199    2394  2393  2226  2397
 9200    2223  2226  2397  2235
 9201    2226  2394  2397  2398
 9202    2226  2397  2235  2238
 9203    2397  2226  2398  2238
 9204    2377  2394  2395  2385
 9205    2379  2377  2395  2385
 9206    2394  2395  2385  2398
 9207    2395  2379  2385  2387
 9208    2395  2385  2398  2399
 9209    2385  2395  2387  2399
 9210    2394  2226  2229  2398
 9211    2395  2394  2229  2398
 9212    2226  2229  2398  2238
 9213    2229  2395  2398  2399
 9214    2229  2398  2238  2241
 9215    2398  2229  2399  2241
 9216    2217  2218  2401  2229
 9217    2400  2217  2401  2229
 9218    2218  2401  2229  2230
 9219    2401  2400  2229  2412
 9220    2401  2229  2230  2413
 9221    2229  2401  2412  2413
 9222    2218  2219  2402  2230
 9223    2401  2218  2402  2230
 9224    2219  2402  2230  2231
 9225    2402  2401  2230  2413
 9226    2402  2230  2231  2414
 9227    2230  2402  2413  2414
 9228    2400  2401  2404  2412
 9229    2403  2400  2404  2412
 9230    2401  2404  2412  2413
 9231    2404  2403  2412  2415
 9232    2404  2412  2413  2416
 9233    2412  2404  2415  2416
 9234    2401  2402  2405  2413
 9235    2404  2401  2405  2413
 9236    2402  2405  2413  2414
 9237    2405  2404  2413  2416
 9238    2405  2413  2414  2417
 9239    2413  2405  2416  2417
 9240    2403  2404  2407  2415
 9241    2406  2403  2407  2415
 9242    2404  2407  2415  2416
 9243    2407  2406  2415  2418
 9244    2407  2415  2416  2419
 9245    2415  2407  2418  2419
 9246    2404  2405  2408  2416
 9247    2407  2404  2408  2416
 9248    2405  2408  2416  2417
 9249    2408  2407  2416  2419
 9250    2408  2416  2417  2420
 9251    2416  2408  2419  2420
 9252    2406  2407  2410  2418
 9253    2409  2406  2410  2418
 9254    2407  2410  2418  2419
 9255    2410  2409  2418  2421
 9256    2410  2418  2419  2422
 9257    2418  2410  2421  2422
 9258    2407  2408  2411  2419
 9259    2410  2407  2411  2419
 9260    2408  2411  2419  2420
 9261    2411  2410  2419  2422
 9262    2411  2419  2420  2423
 9263    2419  2411  2422  2423
 9264    2229  2230  2413  2241
 9265    2412  2229  2413  2241
 9266    2230  2413  2241  2242
 9267    2413  2412  2241  2424
 9268    2413  2241  2242  2425
 9269    2241  2413  2424  2425
 9270    2230  2231  2414  2242
 9271    2413  2230  2414  2242
 9272    2231  2414  2242  2243
 9273    2414  2413  2242  2425
 9274    2414  2242  2243  2426
 9275    2242  2414  2425  2426
 9276    2412  2413  2416  2424
 9277    2415  2412  2416  2424
 9278    2413  2416  2424  2425
 9279    2416  2415  2424  2427
 9280    2416  2424  2425  2428
 9281    2424  2416  2427  2428
 9282    2413  2414  2417  2425
 9283    2416  2413  2417  2425
 9284    2414  2417  2425  2426
 9285    2417  2416  2425  2428
 9286    2417  2425  2426  2429
 9287    2425  2417  2428  2429
 9288    2415  2416  2419  2427
 9289    2418  2415  2419  2427
 9290    2416  2419  2427  2428
 9291    2419  2418  2427  2430
 9292    2419  2427  2428  2431
 9293    2427  2419  2430  2431
 9294    2416  2417  2420  2428
 9295    2419  2416  2420  2428
 9296    2417  2420  2428  2429
 9297    2420  2419  2428  2431
 9298    2420  2428  2429  2432
 9299    2428  2420  2431  2432
 9300    2418  2419  2422  2430
 9301    2421  2418  2422  2430
 9302    2419  2422  2430  2431
 9303    2422  2421  2430  2433
 9304    2422  2430  2431  2434
 9305    2430  2422  2433  2434
 9306    2419  2420  2423  2431
 9307    2422  2419  2423  2431
 9308    2420  2423  2431  2432
 9309    2423  2422  2431  2434
 9310    2423  2431  2432  2435
 9311    2431  2423  2434  2435
 9312    2219  2250  2436  2231
 9313    2402  2219  2436  2231
 9314    2250  2436  2231  2258
 9315    2436  2402  2231  2414
 9316    2436  2231  2258  2444
 9317    2231  2436  2414  2444
 9318    2250  2251  2437  2258
 9319    2436  2250  2437  2258
 9320    2251  2437  2258  2259
 9321    2437  2436  2258  2444
 9322    2437  2258  2259  2445
 9323    2258  2437  2444  2445
 9324    2402  2436  2438  2414
 9325    2405  2402  2438  2414
 9326    2436  2438  2414  2444
 9327    2438  2405  2414  2417
 9328    2438  2414  2444  2446
 9329    2414  2438  2417  2446
 9330    2436  2437  2439  2444
 9331    2438  2436  2439  2444
 9332    2437  2439  2444  2445
 9333    2439  2438  2444  2446
 9334    2439  2444  2445  2447
 9335    2444  2439  2446  2447
 9336    2405  2438  2440  2417
 9337    2408  2405  2440  2417
 9338    2438  2440  2417  2446
 9339    2440  2408  2417  2420
 9340    2440  2417  2446  2448
 9341    2417  2440  2420  2448
 9342    2438  2439  2441  2446
 9343    2440  2438  2441  2446
 9344    2439  2441  2446  2447
 9345    2441  2440  2446  2448
 9346    2441  2446  2447  2449
 9347    2446  2441  2448  2449
 9348    2408  2440  2442  2420
 9349    2411  2408  2442  2420
 9350    2440  2442  2420  2448
 9351    2442  2411  2420  2423
 9352    2442  2420  2448  2450
 9353    2420  2442  2423  2450
 9354    2440  2441  2443  2448
 9355    2442  2440  2443  2448
 9356    2441  2443  2448  2449
 9357    2443  2442  2448  2450
 9358    2443  2448  2449  2451
 9359    2448  2443  2450  2451
 9360    2231  2258  2444  2243
 9361    2414  2231  2444  2243
 9362    2258  2444  2243  2266
 9363    2444  2414  2243  2426
 9364    2444  2243  2266  2452
 9365    2243  2444  2426  2452
 9366    2258  2259  2445  2266
 9367    2444  2258  2445  2266
 9368    2259  2445  2266  2267
 9369    2445  2444  2266  2452
 9370    2445  2266  2267  2453
 9371    2266  2445  2452  2453
 9372    2414  2444  2446  2426
 9373    2417  2414  2446  2426
 9374    2444  2446  2426  2452
 9375    2446  2417  2426  2429
 9376    2446  2426  2452  2454
 9377    2426  2446  2429  2454
 9378    2444  2445  2447  2452
 9379    2446  2444  2447  2452
 9380    2445  2447  2452  2453
 9381    2447  2446  2452  2454
 9382    2447  2452  2453  2455
 9383    2452  2447  2454  2455
 9384    2417  2446  2448  2429
 9385    2420  2417  2448  2429
 9386    2446  2448  2429  2454
 9387    2448  2420  2429  2432
 9388    2448  2429  2454  2456
 9389    2429  2448  2432  2456
 9390    2446  2447  2449  2454
 9391    2448  2446  2449  2454
 9392    2447  2449  2454  2455
 9393    2449  2448  2454  2456
 9394    2449  2454  2455  2457
 9395    2454  2449  2456  2457
 9396    2420  2448  2450  2432
 9397    2423  2420  2450  2432
 9398    2448  2450  2432  2456
 9399    2450  2423  2432  2435
 9400    2450  2432  2456  2458
 9401    2432  2450  2435  2458
 9402    2448  2449  2451  2456
 9403    2450  2448  2451  2456
 9404    2449  2451  2456  2457
 9405    2451  2450  2456  2458
 9406    2451  2456  2457  2459
 9407    2456  2451  2458  2459
 9408    2251  2274  2460  2259
 9409    2437  2251  2460  2259
 9410    2274  2460  2259  2282
 9411    2460  2437  2259  2445
 9412    2460  2259  2282  2468
 9413    2259  2460  2445  2468
 9414    2274  2275  2461  2282
 9415    2460  2274  2461  2282
 9416    2275  2461  2282  2283
 9417    2461  2460  2282  2468
 9418    2461  2282  2283  2469
 9419    2282  2461  2468  2469
 9420    2437  2460  2462  2445
 9421    2439  2437  2462  2445
 9422    2460  2462  2445  2468
 9423    2462  2439  2445  2447
 9424    2462  2445  2468  2470
 9425    2445  2462  2447  2470
 9426    2460  2461  2463  2468
 9427    2462  2460  2463  2468
 9428    2461  2463  2468  2469
 9429    2463  2462  2468  2470
 9430    2463  2468  2469  2471
 9431    2468  2463  2470  2471
 9432    2439  2462  2464  2447
 9433    2441  2439  2464  2447
 9434    2462  2464  2447  2470
 9435    2464  2441  2447  2449
 9436    2464  2447  2470  2472
 9437    2447  2464  2449  2472
 9438    2462  2463  2465  2470
 9439    2464  2462  2465  2470
 9440    2463  2465  2470  2471
 9441    2465  2464  2470  2472
 9442    2465  2470  2471  2473
 9443    2470  2465  2472  2473
 9444    2441  2464  2466  2449
 9445    2443  2441  2466  2449
 9446    2464  2466  2449  2472
 9447    2466  2443  2449  2451
 9448    2466  2449  2472  2474
 9449    2449  2466  2451  2474
 9450    2464  2465  2467  2472
 9451    2466  2464  2467  2472
 9452    2465  2467  2472  2473
 9453    2467  2466  2472  2474
 9454    2467  2472  2473  2475
 9455    2472  2467  2474  2475
 9456    2259  2282  2468  2267
 9457    2445  2259  2468  2267
 9458    2282  2468  2267  2290
 9459    2468  2445  2267  2453
 9460    2468  2267  2290  2476
 9461    2267  2468  2453  2476
 9462    2282  2283  2469  2290
 9463    2468  2282  2469  2290
 9464    2283  2469  2290  2291
 9465    2469  2468  2290  2476
 9466    2469  2290  2291  2477
 9467    2290  2469  2476  2477
 9468    2445  2468  2470  2453
 9469    2447  2445  2470  2453
 9470    2468  2470  2453  2476
 9471    2470  2447  2453  2455
 9472    2470  2453  2476  2478
 9473    2453  2470  2455  2478
 9474    2468  2469  2471  2476
 9475    2470  2468  2471  2476
 9476    2469  2471  2476  2477
 9477    2471  2470  2476  2478
 9478    2471  2476  2477  2479
 9479    2476  2471  2478  2479
 9480    2447  2470  2472  2455
 9481    2449  2447  2472  2455
 9482    2470  2472  2455  2478
 9483    2472  2449  2455  2457
 9484    2472  2455  2478  2480
 9485    2455  2472  2457  2480
 9486    2470  2471  2473  2478
 9487    2472  2470  2473  2478
 9488    2471  2473  2478  2479
 9489    2473  2472  2478  2480
 9490    2473  2478  2479  2481
 9491    2478  2473  2480  2481
 9492    2449  2472  2474  2457
 9493    2451  2449  2474  2457
 9494    2472  2474  2457  2480
 9495    2474  2451  2457  2459
 9496    2474  2457  2480  2482
 9497    2457  2474  2459  2482
 9498    2472  2473  2475  2480
 9499    2474  2472  2475  2480
 9500    2473  2475  2480  2481
 9501    2475  2474  2480  2482
 9502    2475  2480  2481  2483
 9503    2480  2475  2482  2483
 9504    2275  2298  2484  2283
 9505    2461  2275  2484  2283
 9506    2298  2484  2283  2306
 9507    2484  2461  2283  2469
 9508    2484  2283  2306  2492
 9509    2283  2484  2469  2492
 9510    2298  2299  2485  2306
 9511    2484  2298  2485  2306
 9512    2299  2485  2306  2307
 9513    2485  2484  2306  2492
 9514    2485  2306  2307  2493
 9515    2306  2485  2492  2493
 9516    2461  2484  2486  2469
 9517    2463  2461  2486  2469
 9518    2484  2486  2469  2492
 9519    2486  2463  2469  2471
 9520    2486  2469  2492  2494
 9521    2469  2486  2471  2494
 9522    2484  2485  2487  2492
 9523    2486  2484  2487  2492
 9524    2485  2487  2492  2493
 9525    2487  2486  2492  2494
 9526    2487  2492  2493  2495
 9527    2492  2487  2494  2495
 9528    2463  2486  2488  2471
 9529    2465  2463  2488  2471
 9530    2486  2488  2471  2494
 9531    2488  2465  2471  2473
 9532    2488  2471  2494  2496
 9533    2471  2488  2473  2496
 9534    2486  2487  2489  2494
 9535    2488  2486  2489  2494
 9536    2487  2489  2494  2495
 9537    2489  2488  2494  2496
 9538    2489  2494  2495  2497
 9539    2494  2489  2496  2497
 9540    2465  2488  2490  2473
 9541    2467  2465  2490  2473
 9542    2488  2490  2473  2496
 9543    2490  2467  2473  2475
 9544    2490  2473  2496  2498
 9545    2473  2490  2475  2498
 9546    2488  2489  2491  2496
 9547    2490  2488  2491  2496
 9548    2489  2491  2496  2497
 9549    2491  2490  2496  2498
 9550    2491  2496  2497  2499
 9551    2496  2491  2498  2499
 9552    2283  2306  2492  2291
 9553    2469  2283  2492  2291
 9554    2306  2492  2291  2314
 9555    2492  2469  2291  2477
 9556    2492  2291  2314  2500
 9557    2291  2492  2477  2500
 9558    2306  2307  2493  2314
 9559    2492  2306  2493  2314
 9560    2307  2493  2314  2315
 9561    2493  2492  2314  2500
 9562    2493  2314  2315  2501
 9563    2314  2493  2500  2501
 9564    2469  2492  2494  2477
 9565    2471  2469  2494  2477
 9566    2492  2494  2477  2500
 9567    2494  2471  2477  2479
 9568    2494  2477  2500  2502
 9569    2477  2494  2479  2502
 9570    2492  2493  2495  2500
 9571    2494  2492  2495  2500
 9572    2493  2495  2500  2501
 9573    2495  2494  2500  2502
 9574    2495  2500  2501  2503
 9575    2500  2495  2502  2503
 9576    2471  2494  2496  2479
 9577    2473  2471  2496  2479
 9578    2494  2496  2479  2502
 9579    2496  2473  2479  2481
 9580    2496  2479  2502  2504
 9581    2479  2496  2481  2504
 9582    2494  2495  2497  2502
 9583    2496  2494  2497  2502
 9584    2495  2497  2502  2503
 9585    2497  2496  2502  2504
 9586    2497  2502  2503  2505
 9587    2502  2497  2504  2505
 9588    2473  2496  2498  2481
 9589    2475  2473  2498  2481
 9590    2496  2498  2481  2504
 9591    2498  2475  2481  2483
 9592    2498  2481  2504  2506
 9593    2481  2498  2483  2506
 9594    2496  2497  2499  2504
 9595    2498  2496  2499  2504
 9596    2497  2499  2504  2505
 9597    2499  2498  2504  2506
 9598    2499  2504  2505  2507
 9599    2504  2499  2506  2507
 9600    2299  2322  2508  2307
 9601    2485  2299  2508  2307
 9602    2322  2508  2307  2330
 9603    2508  2485  2307  2493
 9604    2508  2307  2330  2516
 9605    2307  2508  2493  2516
 9606    2322  2323  2509  2330
 9607    2508  2322  2509  2330
 9608    2323  2509  2330  2331
 9609    2509  2508  2330  2516
 9610    2509  2330  2331  2517
 9611    2330  2509  2516  2517
 9612    2485  2508  2510  2493
 9613    2487  2485  2510  2493
 9614    2508  2510  2493  2516
 9615    2510  2487  2493  2495
 9616    2510  2493  2516  2518
 9617    2493  2510  2495  2518
 9618    2508  2509  2511  2516
 9619    2510  2508  2511  2516
 9620    2509  2511  2516  2517
 9621    2511  2510  2516  2518
 9622    2511  2516  2517  2519
 9623    2516  2511  2518  2519
 9624    2487  2510  2512  2495
 9625    2489  2487  2512  2495
 9626    2510  2512  2495  2518
 9627    2512  2489  2495  2497
 9628    2512  2495  2518  2520
 9629    2495  2512  2497  2520
 9630    2510  2511  2513  2518
 9631    2512  2510  2513  2518
 9632    2511  2513  2518  2519
 9633    2513  2512  2518  2520
 9634    2513  2518  2519  2521
 9635    2518  2513  2520  2521
 9636    2489  2512  2514  2497
 9637    2491  2489  2514  2497
 9638    2512  2514  2497  2520
 9639    2514  2491  2497  2499
 9640    2514  2497  2520  2522
 9641    2497  2514  2499  2522
 9642    2512  2513  2515  2520
 9643    2514  2512  2515  2520
 9644    2513  2515  2520  2521
 9645    2515  2514  2520  2522
 9646    2515  2520  2521  2523
 9647    2520  2515  2522  2523
 9648    2307  2330  2516  2315
 9649    2493  2307  2516  2315
 9650    2330  2516  2315  2338
 9651    2516  2493  2315  2501
 9652    2516  2315  2338  2524
 9653    2315  2516  2501  2524
 9654    2330  2331  2517  2338
 9655    2516  2330  2517  2338
 9656    2331  2517  2338  2339
 9657    2517  2516  2338  2524
 9658    2517  2338  2339  2525
 9659    2338  2517  2524  2525
 9660    2493  2516  2518  2501
 9661    2495  2493  2518  2501
 9662    2516  2518  2501  2524
 9663    2518  2495  2501  2503
 9664    2518  2501  2524  2526
 9665    2501  2518  2503  2526
 9666    2516  2517  2519  2524
 9667    2518  2516  2519  2524
 9668    2517  2519  2524  2525
 9669    2519  2518  2524  2526
 9670    2519  2524  2525  2527
 9671    2524  2519  2526  2527
 9672    2495  2518  2520  2503
 9673    2497  2495  2520  2503
 9674    2518  2520  2503  2526
 9675    2520  2497  2503  2505
 9676    2520  2503  2526  2528
 9677    2503  2520  2505  2528
 9678    2518  2519  2521  2526
 9679    2520  2518  2521  2526
 9680    2519  2521  2526  2527
 9681    2521  2520  2526  2528
 9682    2521  2526  2527  2529
 9683    2526  2521  2528  2529
 9684    2497  2520  2522  2505
 9685    2499  2497  2522  2505
 9686    2520  2522  2505  2528
 9687    2522  2499  2505  2507
 9688    2522  2505  2528  2530
 9689    2505  2522  2507  2530
 9690    2520  2521  2523  2528
 9691    2522  2520  2523  2528
 9692    2521  2523  2528  2529
 9693    2523  2522  2528  2530
 9694    2523  2528  2529  2531
 9695    2528  2523  2530  2531
 9696    2323  2346  2532  2331
 9697    2509  2323  2532  2331
 9698    2346  2532  2331  2354
 9699    2532  2509  2331  2517
 9700    2532  2331  2354  2540
 9701    2331  2532  2517  2540
 9702    2346  2347  2533  2354
 9703    2532  2346  2533  2354
 9704    2347  2533  2354  2355
 9705    2533  2532  2354  2540
 9706    2533  2354  2355  2541
 9707    2354  2533  2540  2541
 9708    2509  2532  2534  2517
 9709    2511  2509  2534  2517
 9710    2532  2534  2517  2540
 9711    2534  2511  2517  2519
 9712    2534  2517  2540  2542
 9713    2517  2534  2519  2542
 9714    2532  2533  2535  2540
 9715    2534  2532  2535  2540
 9716    2533  2535  2540  2541
 9717    2535  2534  2540  2542
 9718    2535  2540  2541  2543
 9719    2540  2535  2542  2543
 9720    2511  2534  2536  2519
 9721    2513  2511  2536  2519
 9722    2534  2536  2519  2542
 9723    2536  2513  2519  2521
 9724    2536  2519  2542  2544
 9725    2519  2536  2521  2544
 9726    2534  2535  2537  2542
 9727    2536  2534  2537  2542
 9728    2535  2537  2542  2543
 9729    2537  2536  2542  2544
 9730    2537  2542  2543  2545
 9731    2542  2537  2544  2545
 9732    2513  2536  2538  2521
 9733    2515  2513  2538  2521
 9734    2536  2538  2521  2544
 9735    2538  2515  2521  2523
 9736    2538  2521  2544  2546
 9737    2521  2538  2523  2546
 9738    2536  2537  2539  2544
 9739    2538  2536  2539  2544
 9740    2537  2539  2544  2545
 9741    2539  2538  2544  2546
 9742    2539  2544  2545  2547
 9743    2544  2539  2546  2547
 9744    2331  2354  2540  2339
 9745    2517  2331  2540  2339
 9746    2354  2540  2339  2362
 9747    2540  2517  2339  2525
 9748    2540  2339  2362  2548
 9749    2339  2540  2525  2548
 9750    2354  2355  2541  2362
 9751    2540  2354  2541  2362
 9752    2355  2541  2362  2363
 9753    2541  2540  2362  2548
 9754    2541  2362  2363  2549
 9755    2362  2541  2548  2549
 9756    2517  2540  2542  2525
 9757    2519  2517  2542  2525
 9758    2540  2542  2525  2548
 9759    2542  2519  2525  2527
 9760    2542  2525  2548  2550
 9761    2525  2542  2527  2550
 9762    2540  2541  2543  2548
 9763    2542  2540  2543  2548
 9764    2541  2543  2548  2549
 9765    2543  2542  2548  2550
 9766    2543  2548  2549  2551
 9767    2548  2543  2550  2551
 9768    2519  2542  2544  2527
 9769    2521  2519  2544  2527
 9770    2542  2544  2527  2550
 9771    2544  2521  2527  2529
 9772    2544  2527  2550  2552
 9773    2527  2544  2529  2552
 9774    2542  2543  2545  2550
 9775    2544  2542  2545  2550
 9776    2543  2545  2550  2551
 9777    2545  2544  2550  2552
 9778    2545  2550  2551  2553
 9779    2550  2545  2552  2553
 9780    2521  2544  2546  2529
 9781    2523  2521  2546  2529
 9782    2544  2546  2529  2552
 9783    2546  2523  2529  2531
 9784    2546  2529  2552  2554
 9785    2529  2546  2531  2554
 9786    2544  2545  2547  2552
 9787    2546  2544  2547  2552
 9788    2545  2547  2552  2553
 9789    2547  2546  2552  2554
 9790    2547  2552  2553  2555
 9791    2552  2547  2554  2555
 9792    2347  2370  2556  2355
 9793    2533  2347  2556  2355
 9794    2370  2556  2355  2378
 9795    2556  2533  2355  2541
 9796    2556  2355  2378  2564
 9797    2355  2556  2541  2564
 9798    2370  2371  2557  2378
 9799    2556  2370  2557  2378
 9800    2371  2557  2378  2379
 9801    2557  2556  2378  2564
 9802    2557  2378  2379  2565
 9803    2378  2557  2564  2565
 9804    2533  2556  2558  2541
 9805    2535  2533  2558  2541
 9806    2556  2558  2541  2564
 9807    2558  2535  2541  2543
 9808    2558  2541  2564  2566
 9809    2541  2558  2543  2566
 9810    2556  2557  2559  2564
 9811    2558  2556  2559  2564
 9812    2557  2559  2564  2565
 9813    2559  2558  2564  2566
 9814    2559  2564  2565  2567
 9815    2564  2559  2566  2567
 9816    2535  2558  2560  2543
 9817    2537  2535  2560  2543
 9818    2558  2560  2543  2566
 9819    2560  2537  2543  2545
 9820    2560  2543  2566  2568
 9821    2543  2560  2545  2568
 9822    2558  2559  2561  2566
 9823    2560  2558  2561  2566
 9824    2559  2561  2566  2567
 9825    2561  2560  2566  2568
 9826    2561  2566  2567  2569
 9827    2566  2561  2568  2569
 9828    2537  2560  2562  2545
 9829    2539  2537  2562  2545
 9830    2560  2562  2545  2568
 9831    2562  2539  2545  2547
 9832    2562  2545  2568  2570
 9833    2545  2562  2547  2570
 9834    2560  2561  2563  2568
 9835    2562  2560  2563  2568
 9836    2561  2563  2568  2569
 9837    2563  2562  2568  2570
 9838    2563  2568  2569  2571
 9839    2568  2563  2570  2571
 9840    2355  2378  2564  2363
 9841    2541  2355  2564  2363
 9842    2378  2564  2363  2386
 9843    2564  2541  2363  2549
 9844    2564  2363  2386  2572
 9845    2363  2564  2549  2572
 9846    2378  2379  2565  2386
 9847    2564  2378  2565  2386
 9848    2379  2565  2386  2387
 9849    2565  2564  2386  2572
 9850    2565  2386  2387  2573
 9851    2386  2565  2572  2573
 9852    2541  2564  2566  2549
 9853    2543  2541  2566  2549
 9854    2564  2566  2549  2572
 9855    2566  2543  2549  2551
 9856    2566  2549  2572  2574
 9857    2549  2566  2551  2574
 9858    2564  2565  2567  2572
 9859    2566  2564  2567  2572
 9860    2565  2567  2572  2573
 9861    2567  2566  2572  2574
 9862    2567  2572  2573  2575
 9863    2572  2567  2574  2575
 9864    2543  2566  2568  2551
 9865    2545  2543  2568  2551
 9866    2566  2568  2551  2574
 9867    2568  2545  2551  2553
 9868    2568  2551  2574  2576
 9869    2551  2568  2553  2576
 9870    2566  2567  2569  2574
 9871    2568  2566  2569  2574
 9872    2567  2569  2574  2575
 9873    2569  2568  2574  2576
 9874    2569  2574  2575  2577
 9875    2574  2569  2576  2577
 9876    2545  2568  2570  2553
 9877    2547  2545  2570  2553
 9878    2568  2570  2553  2576
 9879    2570  2547  2553  2555
 9880    2570  2553  2576  2578
 9881    2553  2570  2555  2578
 9882    2568  2569  2571  2576
 9883    2570  2568  2571  2576
 9884    2569  2571  2576  2577
 9885    2571  2570  2576  2578
 9886    2571  2576  2577  2579
 9887    2576  2571  2578  2579
 9888    2371  2391  2580  2379
 9889    2557  2371  2580  2379
 9890    2391  2580  2379  2395
 9891    2580  2557  2379  2565
 9892    2580  2379  2395  2584
 9893    2379  2580  2565  2584
 9894    2391  2217  2400  2395
 9895    2580  2391  2400  2395
 9896    2217  2400  2395  2229
 9897    2400  2580  2395  2584
 9898    2400  2395  2229  2412
 9899    2395  2400  2584  2412
 9900    2557  2580  2581  2565
 9901    2559  2557  2581  2565
 9902    2580  2581  2565  2584
 9903    2581  2559  2565  2567
 9904    2581  2565  2584  2585
 9905    2565  2581  2567  2585
 9906    2580  2400  2403  2584
 9907    2581  2580  2403  2584
 9908    2400  2403  2584  2412
 9909    2403  2581  2584  2585
 9910    2403  2584  2412  2415
 9911    2584  2403  2585  2415
 9912    2559  2581  2582  2567
 9913    2561  2559  2582  2567
 9914    2581  2582  2567  2585
 9915    2582  2561  2567  2569
 9916    2582  2567  2585  2586
 9917    2567  2582  2569  2586
 9918    2581  2403  2406  2585
 9919    2582  2581  2406  2585
 9920    2403  2406  2585  2415
 9921    2406  2582  2585  2586
 9922    2406  2585  2415  2418
 9923    2585  2406  2586  2418
 9924    2561  2582  2583  2569
 9925    2563  2561  2583  2569
 9926    2582  2583  2569  2586
 9927    2583  2563  2569  2571
 9928    2583  2569  2586  2587
 9929    2569  2583  2571  2587
 9930    2582  2406  2409  2586
 9931    2583  2582  2409  2586
 9932    2406  2409  2586  2418
 9933    2409  2583  2586  2587
 9934    2409  2586  2418  2421
 9935    2586  2409  2587  2421
 9936    2379  2395  2584  2387
 9937    2565  2379  2584  2387
 9938    2395  2584  2387  2399
 9939    2584  2565  2387  2573
 9940    2584  2387  2399  2588
 9941    2387  2584  2573  2588
 9942    2395  2229  2412  2399
 9943    2584  2395  2412  2399
 9944    2229  2412  2399  2241
 9945    2412  2584  2399  2588
 9946    2412  2399  2241  2424
 9947    2399  2412  2588  2424
 9948    2565  2584  2585  2573
 9949    2567  2565  2585  2573
 9950    2584  2585  2573  2588
 9951    2585  2567  2573  2575
 9952    2585  2573  2588  2589
 9953    2573  2585  2575  2589
 9954    2584  2412  2415  2588
 9955    2585  2584  2415  2588
 9956    2412  2415  2588  2424
 9957    2415  2585  2588  2589
 9958    2415  2588  2424  2427
 9959    2588  2415  2589  2427
 9960    2567  2585  2586  2575
 9961    2569  2567  2586  2575
 9962    2585  2586  2575  2589
 9963    2586  2569  2575  2577
 9964    2586  2575  2589  2590
 9965    2575  2586  2577  2590
 9966    2585  2415  2418  2589
 9967    2586  2585  2418  2589
 9968    2415  2418  2589  2427
 9969    2418  2586  2589  2590
 9970    2418  2589  2427  2430
 9971    2589  2418  2590  2430
 9972    2569  2586  2587  2577
 9973    2571  2569  2587  2577
 9974    2586  2587  2577  2590
 9975    2587  2571  2577  2579
 9976    2587  2577  2590  2591
 9977    2577  2587  2579  2591
 9978    2586  2418  2421  2590
 9979    2587  2586  2421  2590
 9980    2418  2421  2590  2430
 9981    2421  2587  2590  2591
 9982    2421  2590  2430  2433
 9983    2590  2421  2591  2433
 9984    2409  2410  2593  2421
 9985    2592  2409  2593  2421
 9986    2410  2593  2421  2422
 9987    2593  2592  2421  2604
 9988    2593  2421  2422  2605
 9989    2421  2593  2604  2605
 9990    2410  2411  2594  2422
 9991    2593  2410  2594  2422
 9992    2411  2594  2422  2423
 9993    2594  2593  2422  2605
 9994    2594  2422  2423  2606
 9995    2422  2594  2605  2606
 9996    2592  2593  2596  2604
 9997    2595  2592  2596  2604
 9998    2593  2596  2604  2605
 9999    2596  2595  2604  2607
10000    2596  2604  2605  2608
10001    2604  2596  2607  2608
10002    2593  2594  2597  2605
10003    2596  2593  2597  2605
10004    2594  2597  2605  2606
10005    2597  2596  2605  2608
10006    2597  2605  2606  2609
10007    2605  2597  2608  2609
10008    2595  2596  2599  2607
10009    2598  2595  2599  2607
10010    2596  2599  2607  2608
10011    2599  2598  2607  2610
10012    2599  2607  2608  2611
10013    2607  2599  2610  2611
10014    2596  2597  2600  2608
10015    2599  2596  2600  2608
10016    2597  2600  2608  2609
10017    2600  2599  2608  2611
10018    2600  2608  2609  2612
10019    2608  2600  2611  2612
10020    2598  2599  2602  2610
10021    2601  2598  2602  2610
10022    2599  2602  2610  2611
10023    2602  2601  2610  2613
10024    2602  2610  2611  2614
10025    2610  2602  2613  2614
10026    2599  2600  2603  2611
10027    2602  2599  2603  2611
10028    2600  2603  2611  2612
10029    2603  2602  2611  2614
10030    2603  2611  2612  2615
10031    2611  2603  2614  2615
10032    2421  2422  2605  2433
10033    2604  2421  2605  2433
10034    2422  2605  2433  2434
10035    2605  2604  2433  2616
10036    2605  2433  2434  2617
10037    2433  2605  2616  2617
10038    2422  2423  2606  2434
10039    2605  2422  2606  2434
10040    2423  2606  2434  2435
10041    2606  2605  2434  2617
10042    2606  2434  2435  2618
10043    2434  2606  2617  2618
10044    2604  2605  2608  2616
10045    2607  2604  2608  2616
10046    2605  2608  2616  2617
10047    2608  2607  2616  2619
10048    2608  2616  2617  2620
10049    2616  2608  2619  2620
10050    2605  2606  2609  2617
10051    2608  2605  2609  2617
10052    2606  2609  2617  2618
10053    2609  2608  2617  2620
10054    2609  2617  2618  2621
10055    2617  2609  2620  2621
10056    2607  2608  2611  2619
10057    2610  2607  2611  2619
10058    2608  2611  2619  2620
10059    2611  2610  2619  2622
10060    2611  2619  2620  2623
10061    2619  2611  2622  2623
10062    2608  2609  2612  2620
10063    2611  2608  2612  2620
10064    2609  2612  2620  2621
10065    2612  2611  2620  2623
10066    2612  2620  2621  2624
10067    2620  2612  2623  2624
10068    2610  2611  2614  2622
10069    2613  2610  2614  2622
10070    2611  2614  2622  2623
10071    2614  2613  2622  2625
10072    2614  2622  2623  2626
10073    2622  2614  2625  2626
10074    2611  2612  2615  2623
10075    2614  2611  2615  2623
10076    2612  2615  2623  2624
10077    2615  2614  2623  2626
10078    2615  2623  2624  2627
10079    2623  2615  2626  2627
10080    2411  2442  2628  2423
10081    2594  2411  2628  2423
10082    2442  2628  2423  2450
10083    2628  2594  2423  2606
10084    2628  2423  2450  2636
10085    2423  2628  2606  2636
10086    2442  2443  2629  2450
10087    2628  2442  2629  2450
10088    2443  2629  2450  2451
10089    2629  2628  2450  2636
10090    2629  2450  2451  2637
10091    2450  2629  2636  2637
10092    2594  2628  2630  2606
10093    2597  2594  2630  2606
10094    2628  2630  2606  2636
10095    2630  2597  2606  2609
10096    2630  2606  2636  2638
10097    2606  2630  2609  2638
10098    2628  2629  2631  2636
10099    2630  2628  2631  2636
10100    2629  2631  2636  2637
10101    2631  2630  2636  2638
10102    2631  2636  2637  2639
10103    2636  2631  2638  2639
10104    2597  2630  2632  2609
10105    2600  2597  2632  2609
10106    2630  2632  2609  2638
10107    2632  2600  2609  2612
10108    2632  2609  2638  2640
10109    2609  2632  2612  2640
10110    2630  2631  2633  2638
10111    2632  2630  2633  2638
10112    2631  2633  2638  2639
10113    2633  2632  2638  2640
10114    2633  2638  2639  2641
10115    2638  2633  2640  2641
10116    2600  2632  2634  2612
10117    2603  2600  2634  2612
10118    2632  2634  2612  2640
10119    2634  2603  2612  2615
10120    2634  2612  2640  2642
10121    2612  2634  2615  2642
10122    2632  2633  2635  2640
10123    2634  2632  2635  2640
10124    2633  2635  2640  2641
10125    2635  2634  2640  2642
10126    2635  2640  2641  2643
10127    2640  2635  2642  2643
10128    2423  2450  2636  2435
10129    2606  2423  2636  2435
10130    2450  2636  2435  2458
10131    2636  2606  2435  2618
10132    2636  2435  2458  2644
10133    2435  2636  2618  2644
10134    2450  2451  2637  2458
10135    2636  2450  2637  2458
10136    2451  2637  2458  2459
10137    2637  2636  2458  2644
10138    2637  2458  2459  2645
10139    2458  2637  2644  2645
10140    2606  2636  2638  2618
10141    2609  2606  2638  2618
10142    2636  2638  2618  2644
10143    2638  2609  2618  2621
10144    2638  2618  2644  2646
10145    2618  2638  2621  2646
10146    2636  2637  2639  2644
10147    2638  2636  2639  2644
10148    2637  2639  2644  2645
10149    2639  2638  2644  2646
10150    2639  2644  2645  2647
10151    2644  2639  2646  2647
10152    2609  2638  2640  2621
10153    2612  2609  2640  2621
10154    2638  2640  2621  2646
10155    2640  2612  2621  2624
10156    2640  2621  2646  2648
10157    2621  2640  2624  2648
10158    2638  2639  2641  2646
10159    2640  2638  2641  2646
10160    2639  2641  2646  2647
10161    2641  2640  2646  2648
10162    2641  2646  2647  2649
10163    2646  2641  2648  2649
10164    2612  2640  2642  2624
10165    2615  2612  2642  2624
10166    2640  2642  2624  2648
10167    2642  2615  2624  2627
10168    2642  2624  2648  2650
10169    2624  2642  2627  2650
10170    2640  2641  2643  2648
10171    2642  2640  2643  2648
10172    2641  2643  2648  2649
10173    2643  2642  2648  2650
10174    2643  2648  2649  2651
10175    2648  2643  2650  2651
10176    2443  2466  2652  2451
10177    2629  2443  2652  2451
10178    2466  2652  2451  2474
10179    2652  2629  2451  2637
10180    2652  2451  2474  2660
10181    2451  2652  2637  2660
10182    2466  2467  2653  2474
10183    2652  2466  2653  2474
10184    2467  2653  2474  2475
10185    2653  2652  2474  2660
10186    2653  2474  2475  2661
10187    2474  2653  2660  2661
10188    2629  2652  2654  2637
10189    2631  2629  2654  2637
10190    2652  2654  2637  2660
10191    2654  2631  2637  2639
10192    2654  2637  2660  2662
10193    2637  2654  2639  2662
10194    2652  2653  2655  2660
10195    2654  2652  2655  2660
10196    2653  2655  2660  2661
10197    2655  2654  2660  2662
10198    2655  2660  2661  2663
10199    2660  2655  2662  2663
10200    2631  2654  2656  2639
10201    2633  2631  2656  2639
10202    2654  2656  2639  2662
10203    2656  2633  2639  2641
10204    2656  2639  2662  2664
10205    2639  2656  2641  2664
10206    2654  2655  2657  2662
10207    2656  2654  2657  2662
10208    2655  2657  2662  2663
10209    2657  2656  2662  2664
10210    2657  2662  2663  2665
10211    2662  2657  2664  2665
10212    2633  2656  2658  2641
10213    2635  2633  2658  2641
10214    2656  2658  2641  2664
10215    2658  2635  2641  2643
10216    2658  2641  2664  2666
10217    2641  2658  2643  2666
10218    2656  2657  2659  2664
10219    2658  2656  2659  2664
10220    2657  2659  2664  2665
10221    2659  2658  2664  2666
10222    2659  2664  2665  2667
10223    2664  2659  2666  2667
10224    2451  2474  2660  2459
10225    2637  2451  2660  2459
10226    2474  2660  2459  2482
10227    2660  2637  2459  2645
10228    2660  2459  2482  2668
10229    2459  2660  2645  2668
10230    2474  2475  2661  2482
10231    2660  2474  2661  2482
10232    2475  2661  2482  2483
10233    2661  2660  2482  2668
10234    2661  2482  2483  2669
10235    2482  2661  2668  2669
10236    2637  2660  2662  2645
10237    2639  2637  2662  2645
10238    2660  2662  2645  2668
10239    2662  2639  2645  2647
10240    2662  2645  2668  2670
10241    2645  2662  2647  2670
10242    2660  2661  2663  2668
10243    2662  2660  2663  2668
10244    2661  2663  2668  2669
10245    2663  2662  2668  2670
10246    2663  2668  2669  2671
10247    2668  2663  2670  2671
10248    2639  2662  2664  2647
10249    2641  2639  2664  2647
10250    2662  2664  2647  2670
10251    2664  2641  2647  2649
10252    2664  2647  2670  2672
10253    2647  2664  2649  2672
10254    2662  2663  2665  2670
10255    2664  2662  2665  2670
10256    2663  2665  2670  2671
10257    2665  2664  2670  2672
10258    2665  2670  2671  2673
10259    2670  2665  2672  2673
10260    2641  2664  2666  2649
10261    2643  2641  2666  2649
10262    2664  2666  2649  2672
10263    2666  2643  2649  2651
10264    2666  2649  2672  2674
10265    2649  2666  2651  2674
10266    2664  2665  2667  2672
10267    2666  2664  2667  2672
10268    2665  2667  2672  2673
10269    2667  2666  2672  2674
10270    2667  2672  2673  2675
10271    2672  2667  2674  2675
10272    2467  2490  2676  2475
10273    2653  2467  2676  2475
10274    2490  2676  2475  2498
10275    2676  2653  2475  2661
10276    2676  2475  2498  2684
10277    2475  2676  2661  2684
10278    2490  2491  2677  2498
10279    2676  2490  2677  2498
10280    2491  2677  2498  2499
10281    2677  2676  2498  2684
10282    2677  2498  2499  2685
10283    2498  2677  2684  2685
10284    2653  2676  2678  2661
10285    2655  2653  2678  2661
10286    2676  2678  2661  2684
10287    2678  2655  2661  2663
10288    2678  2661  2684  2686
10289    2661  2678  2663  2686
10290    2676  2677  2679  2684
10291    2678  2676  2679  2684
10292    2677  2679  2684  2685
10293    2679  2678  2684  2686
10294    2679  2684  2685  2687
10295    2684  2679  2686  2687
10296    2655  2678  2680  2663
10297    2657  2655  2680  2663
10298    2678  2680  2663  2686
10299    2680  2657  2663  2665
10300    2680  2663  2686  2688
10301    2663  2680  2665  2688
10302    2678  2679  2681  2686
10303    2680  2678  2681  2686
10304    2679  2681  2686  2687
10305    2681  2680  2686  2688
10306    2681  2686  2687  2689
10307    2686  2681  2688  2689
10308    2657  2680  2682  2665
10309    2659  2657  2682  2665
10310    2680  2682  2665  2688
10311    2682  2659  2665  2667
10312    2682  2665  2688  2690
10313    2665  2682  2667  2690
10314    2680  2681  2683  2688
10315    2682  2680  2683  2688
10316    2681  2683  2688  2689
10317    2683  2682  2688  2690
10318    2683  2688  2689  2691
10319    2688  2683  2690  2691
10320    2475  2498  2684  2483
10321    2661  2475  2684  2483
10322    2498  2684  2483  2506
10323    2684  2661  2483  2669
10324    2684  2483  2506  2692
10325    2483  2684  2669  2692
10326    2498  2499  2685  2506
10327    2684  2498  2685  2506
10328    2499  2685  2506  2507
10329    2685  2684  2506  2692
10330    2685  2506  2507  2693
10331    2506  2685  2692  2693
10332    2661  2684  2686  2669
10333    2663  2661  2686  2669
10334    2684  2686  2669  2692
10335    2686  2663  2669  2671
10336    2686  2669  2692  2694
10337    2669  2686  2671  2694
10338    2684  2685  2687  2692
10339    2686  2684  2687  2692
10340    2685  2687  2692  2693
10341    2687  2686  2692  2694
10342    2687  2692  2693  2695
10343    2692  2687  2694  2695
10344    2663  2686  2688  2671
10345    2665  2663  2688  2671
10346    2686  2688  2671  2694
10347    2688  2665  2671  2673
10348    2688  2671  2694  2696
10349    2671  2688  2673  2696
10350    2686  2687  2689  2694
10351    2688  2686  2689  2694
10352    2687  2689  2694  2695
10353    2689  2688  2694  2696
10354    2689  2694  2695  2697
10355    2694  2689  2696  2697
10356    2665  2688  2690  2673
10357    2667  2665  2690  2673
10358    2688  2690  2673  2696
10359    2690  2667  2673  2675
10360    2690  2673  2696  2698
10361    2673  2690  2675  2698
10362    2688  2689  2691  2696
10363    2690  2688  2691  2696
10364    2689  2691  2696  2697
10365    2691  2690  2696  2698
10366    2691  2696  2697  2699
10367    2696  2691  2698  2699
10368    2491  2514  2700  2499
10369    2677  2491  2700  2499
10370    2514  2700  2499  2522
10371    2700  2677  2499  2685
10372    2700  2499  2522  2708
10373    2499  2700  2685  2708
10374    2514  2515  2701  2522
10375    2700  2514  2701  2522
10376    2515  2701  2522  2523
10377    2701  2700  2522  2708
10378    2701  2522  2523  2709
10379    2522  2701  2708  2709
10380    2677  2700  2702  2685
10381    2679  2677  2702  2685
10382    2700  2702  2685  2708
10383    2702  2679  2685  2687
10384    2702  2685  2708  2710
10385    2685  2702  2687  2710
10386    2700  2701  2703  2708
10387    2702  2700  2703  2708
10388    2701  2703  2708  2709
10389    2703  2702  2708  2710
10390    2703  2708  2709  2711
10391    2708  2703  2710  2711
10392    2679  2702  2704  2687
10393    2681  2679  2704  2687
10394    2702  2704  2687  2710
10395    2704  2681  2687  2689
10396    2704  2687  2710  2712
10397    2687  2704  2689  2712
10398    2702  2703  2705  2710
10399    2704  2702  2705  2710
10400    2703  2705  2710  2711
10401    2705  2704  2710  2712
10402    2705  2710  2711  2713
10403    2710  2705  2712  2713
10404    2681  2704  2706  2689
10405    2683  2681  2706  2689
10406    2704  2706  2689  2712
10407    2706  2683  2689  2691
10408    2706  2689  2712  2714
10409    2689  2706  2691  2714
10410    2704  2705  2707  2712
10411    2706  2704  2707  2712
10412    2705  2707  2712  2713
10413    2707  2706  2712  2714
10414    2707  2712  2713  2715
10415    2712  2707  2714  2715
10416    2499  2522  2708  2507
10417    2685  2499  2708  2507
10418    2522  2708  2507  2530
10419    2708  2685  2507  2693
10420    2708  2507  2530  2716
10421    2507  2708  2693  2716
10422    2522  2523  2709  2530
10423    2708  2522  2709  2530
10424    2523  2709  2530  2531
10425    2709  2708  2530  2716
10426    2709  2530  2531  2717
10427    2530  2709  2716  2717
10428    2685  2708  2710  2693
10429    2687  2685  2710  2693
10430    2708  2710  2693  2716
10431    2710  2687  2693  2695
10432    2710  2693  2716  2718
10433    2693  2710  2695  2718
10434    2708  2709  2711  2716
10435    2710  2708  2711  2716
10436    2709  2711  2716  2717
10437    2711  2710  2716  2718
10438    2711  2716  2717  2719
10439    2716  2711  2718  2719
10440    2687  2710  2712  2695
10441    2689  2687  2712  2695
10442    2710  2712  2695  2718
10443    2712  2689  2695  2697
10444    2712  2695  2718  2720
10445    2695  2712  2697  2720
10446    2710  2711  2713  2718
10447    2712  2710  2713  2718
10448    2711  2713  2718  2719
10449    2713  2712  2718  2720
10450    2713  2718  2719  2721
10451    2718  2713  2720  2721
10452    2689  2712  2714  2697
10453    2691  2689  2714  2697
10454    2712  2714  2697  2720
10455    2714  2691  2697  2699
10456    2714  2697  2720  2722
10457    2697  2714  2699  2722
10458    2712  2713  2715  2720
10459    2714  2712  2715  2720
10460    2713  2715  2720  2721
10461    2715  2714  2720  2722
10462    2715  2720  2721  2723
10463    2720  2715  2722  2723
10464    2515  2538  2724  2523
10465    2701  2515  2724  2523
10466    2538  2724  2523  2546
10467    2724  2701  2523  2709
10468    2724  2523  2546  2732
10469    2523  2724  2709  2732
10470    2538  2539  2725  2546
10471    2724  2538  2725  2546
10472    2539  2725  2546  2547
10473    2725  2724  2546  2732
10474    2725  2546  2547  2733
10475    2546  2725  2732  2733
10476    2701  2724  2726  2709
10477    2703  2701  2726  2709
10478    2724  2726  2709  2732
10479    2726  2703  2709  2711
10480    2726  2709  2732  2734
10481    2709  2726  2711  2734
10482    2724  2725  2727  2732
10483    2726  2724  2727  2732
10484    2725  2727  2732  2733
10485    2727  2726  2732  2734
10486    2727  2732  2733  2735
10487    2732  2727  2734  2735
10488    2703  2726  2728  2711
10489    2705  2703  2728  2711
10490    2726  2728  2711  2734
10491    2728  2705  2711  2713
10492    2728  2711  2734  2736
10493    2711  2728  2713  2736
10494    2726  2727  2729  2734
10495    2728  2726  2729  2734
10496    2727  2729  2734  2735
10497    2729  2728  2734  2736
10498    2729  2734  2735  2737
10499    2734  2729  2736  2737
10500    2705  2728  2730  2713
10501    2707  2705  2730  2713
10502    2728  2730  2713  2736
10503    2730  2707  2713  2715
10504    2730  2713  2736  2738
10505    2713  2730  2715  2738
10506    2728  2729  2731  2736
10507    2730  2728  2731  2736
10508    2729  2731  2736  2737
10509    2731  2730  2736  2738
10510    2731  2736  2737  2739
10511    2736  2731  2738  2739
10512    2523  2546  2732  2531
10513    2709  2523  2732  2531
10514    2546  2732  2531  2554
10515    2732  2709  2531  2717
10516    2732  2531  2554  2740
10517    2531  2732  2717  2740
10518    2546  2547  2733  2554
10519    2732  2546  2733  2554
10520    2547  2733  2554  2555
10521    2733  2732  2554  2740
10522    2733  2554  2555  2741
10523    2554  2733  2740  2741
10524    2709  2732  2734  2717
10525    2711  2709  2734  2717
10526    2732  2734  2717  2740
10527    2734  2711  2717  2719
10528    2734  2717  2740  2742
10529    2717  2734  2719  2742
10530    2732  2733  2735  2740
10531    2734  2732  2735  2740
10532    2733  2735  2740  2741
10533    2735  2734  2740  2742
10534    2735  2740  2741  2743
10535    2740  2735  2742  2743
10536    2711  2734  2736  2719
10537    2713  2711  2736  2719
10538    2734  2736  2719  2742
10539    2736  2713  2719  2721
10540    2736  2719  2742  2744
10541    2719  2736  2721  2744
10542    2734  2735  2737  2742
10543    2736  2734  2737  2742
10544    2735  2737  2742  2743
10545    2737  2736  2742  2744
10546    2737  2742  2743  2745
10547    2742  2737  2744  2745
10548    2713  2736  2738  2721
10549    2715  2713  2738  2721
10550    2736  2738  2721  2744
10551    2738  2715  2721  2723
10552    2738  2721  2744  2746
10553    2721  2738  2723  2746
10554    2736  2737  2739  2744
10555    2738  2736  2739  2744
10556    2737  2739  2744  2745
10557    2739  2738  2744  2746
10558    2739  2744  2745  2747
10559    2744  2739  2746  2747
10560    2539  2562  2748  2547
10561    2725  2539  2748  2547
10562    2562  2748  2547  2570
10563    2748  2725  2547  2733
10564    2748  2547  2570  2756
10565    2547  2748  2733  2756
10566    2562  2563  2749  2570
10567    2748  2562  2749  2570
10568    2563  2749  2570  2571
10569    2749  2748  2570  2756
10570    2749  2570  2571  2757
10571    2570  2749  2756  2757
10572    2725  2748  2750  2733
10573    2727  2725  2750  2733
10574    2748  2750  2733  2756
10575    2750  2727  2733  2735
10576    2750  2733  2756  2758
10577    2733  2750  2735  2758
10578    2748  2749  2751  2756
10579    2750  2748  2751  2756
10580    2749  2751  2756  2757
10581    2751  2750  2756  2758
10582    2751  2756  2757  2759
10583    2756  2751  2758  2759
10584    2727  2750  2752  2735
10585    2729  2727  2752  2735
10586    2750  2752  2735  2758
10587    2752  2729  2735  2737
10588    2752  2735  2758  2760
10589    2735  2752  2737  2760
10590    2750  2751  2753  2758
10591    2752  2750  2753  2758
10592    2751  2753  2758  2759
10593    2753  2752  2758  2760
10594    2753  2758  2759  2761
10595    2758  2753  2760  2761
10596    2729  2752  2754  2737
10597    2731  2729  2754  2737
10598    2752  2754  2737  2760
10599    2754  2731  2737  2739
10600    2754  2737  2760  2762
10601    2737  2754  2739  2762
10602    2752  2753  2755  2760
10603    2754  2752  2755  2760
10604    2753  2755  2760  2761
10605    2755  2754  2760  2762
10606    2755  2760  2761  2763
10607    2760  2755  2762  2763
10608    2547  2570  2756  2555
10609    2733  2547  2756  2555
10610    2570  2756  2555  2578
10611    2756  2733  2555  2741
10612    2756  2555  2578  2764
10613    2555  2756  2741  2764
10614    2570  2571  2757  2578
10615    2756  2570  2757  2578
10616    2571  2757  2578  2579
10617    2757  2756  2578  2764
10618    2757  2578  2579  2765
10619    2578  2757  2764  2765
10620    2733  2756  2758  2741
10621    2735  2733  2758  2741
10622    2756  2758  2741  2764
10623    2758  2735  2741  2743
10624    2758  2741  2764  2766
10625    2741  2758  2743  2766
10626    2756  2757  2759  2764
10627    2758  2756  2759  2764
10628    2757  2759  2764  2765
10629    2759  2758  2764  2766
10630    2759  2764  2765  2767
10631    2764  2759  2766  2767
10632    2735  2758  2760  2743
10633    2737  2735  2760  2743
10634    2758  2760  2743  2766
10635    2760  2737  2743  2745
10636    2760  2743  2766  2768
10637    2743  2760  2745  2768
10638    2758  2759  2761  2766
10639    2760  2758  2761  2766
10640    2759  2761  2766  2767
10641    2761  2760  2766  2768
10642    2761  2766  2767  2769
10643    2766  2761  2768  2769
10644    2737  2760  2762  2745
10645    2739  2737  2762  2745
10646    2760  2762  2745  2768
10647    2762  2739  2745  2747
10648    2762  2745  2768  2770
10649    2745  2762  2747  2770
10650    2760  2761  2763  2768
10651    2762  2760  2763  2768
10652    2761  2763  2768  2769
10653    2763  2762  2768  2770
10654    2763  2768  2769  2771
10655    2768  2763  2770  2771
10656    2563  2583  2772  2571
10657    2749  2563  2772  2571
10658    2583  2772  2571  2587
10659    2772  2749  2571  2757
10660    2772  2571  2587  2776
10661    2571  2772  2757  2776
10662    2583  2409  2592  2587
10663    2772  2583  2592  2587
10664    2409  2592  2587  2421
10665    2592  2772  2587  2776
10666    2592  2587  2421  2604
10667    2587  2592  2776  2604
10668    2749  2772  2773  2757
10669    2751  2749  2773  2757
10670    2772  2773  2757  2776
10671    2773  2751  2757  2759
10672    2773  2757  2776  2777
10673    2757  2773  2759  2777
10674    2772  2592  2595  2776
10675    2773  2772  2595  2776
10676    2592  2595  2776  2604
10677    2595  2773  2776  2777
10678    2595  2776  2604  2607
10679    2776  2595  2777  2607
10680    2751  2773  2774  2759
10681    2753  2751  2774  2759
10682    2773  2774  2759  2777
10683    2774  2753  2759  2761
10684    2774  2759  2777  2778
10685    2759  2774  2761  2778
10686    2773  2595  2598  2777
10687    2774  2773  2598  2777
10688    2595  2598  2777  2607
10689    2598  2774  2777  2778
10690    2598  2777  2607  2610
10691    2777  2598  2778  2610
10692    2753  2774  2775  2761
10693    2755  2753  2775  2761
10694    2774  2775  2761  2778
10695    2775  2755  2761  2763
10696    2775  2761  2778  2779
10697    2761  2775  2763  2779
10698    2774  2598  2601  2778
10699    2775  2774  2601  2778
10700    2598  2601  2778  2610
10701    2601  2775  2778  2779
10702    2601  2778  2610  2613
10703    2778  2601  2779  2613
10704    2571  2587  2776  2579
10705    2757  2571  2776  2579
10706    2587  2776  2579  2591
10707    2776  2757  2579  2765
10708    2776  2579  2591  2780
10709    2579  2776  2765  2780
10710    2587  2421  2604  2591
10711    2776  2587  2604  2591
10712    2421  2604  2591  2433
10713    2604  2776  2591  2780
10714    2604  2591  2433  2616
10715    2591  2604  2780  2616
10716    2757  2776  2777  2765
10717    2759  2757  2777  2765
10718    2776  2777  2765  2780
10719    2777  2759  2765  2767
10720    2777  2765  2780  2781
10721    2765  2777  2767  2781
10722    2776  2604  2607  2780
10723    2777  2776  2607  2780
10724    2604  2607  2780  2616
10725    2607  2777  2780  2781
10726    2607  2780  2616  2619
10727    2780  2607  2781  2619
10728    2759  2777  2778  2767
10729    2761  2759  2778  2767
10730    2777  2778  2767  2781
10731    2778  2761  2767  2769
10732    2778  2767  2781  2782
10733    2767  2778  2769  2782
10734    2777  2607  2610  2781
10735    2778  2777  2610  2781
10736    2607  2610  2781  2619
10737    2610  2778  2781  2782
10738    2610  2781  2619  2622
10739    2781  2610  2782  2622
10740    2761  2778  2779  2769
10741    2763  2761  2779  2769
10742    2778  2779  2769  2782
10743    2779  2763  2769  2771
10744    2779  2769  2782  2783
10745    2769  2779  2771  2783
10746    2778  2610  2613  2782
10747    2779  2778  2613  2782
10748    2610  2613  2782  2622
10749    2613  2779  2782  2783
10750    2613  2782  2622  2625
10751    2782  2613  2783  2625
10752    2601  2602  2785  2613
10753    2784  2601  2785  2613
10754    2602  2785  2613  2614
10755    2785  2784  2613  2796
10756    2785  2613  2614  2797
10757    2613  2785  2796  2797
10758    2602  2603  2786  2614
10759    2785  2602  2786  2614
10760    2603  2786  2614  2615
10761    2786  2785  2614  2797
10762    2786  2614  2615  2798
10763    2614  2786  2797  2798
10764    2784  2785  2788  2796
10765    2787  2784  2788  2796
10766    2785  2788  2796  2797
10767    2788  2787  2796  2799
10768    2788  2796  2797  2800
10769    2796  2788  2799  2800
10770    2785  2786  2789  2797
10771    2788  2785  2789  2797
10772    2786  2789  2797  2798
10773    2789  2788  2797  2800
10774    2789  2797  2798  2801
10775    2797  2789  2800  2801
10776    2787  2788  2791  2799
10777    2790  2787  2791  2799
10778    2788  2791  2799  2800
10779    2791  2790  2799  2802
10780    2791  2799  2800  2803
10781    2799  2791  2802  2803
10782    2788  2789  2792  2800
10783    2791  2788  2792  2800
10784    2789  2792  2800  2801
10785    2792  2791  2800  2803
10786    2792  2800  2801  2804
10787    2800  2792  2803  2804
10788    2790  2791  2794  2802
10789    2793  2790  2794  2802
10790    2791  2794  2802  2803
10791    2794  2793  2802  2805
10792    2794  2802  2803  2806
10793    2802  2794  2805  2806
10794    2791  2792  2795  2803
10795    2794  2791  2795  2803
10796    2792  2795  2803  2804
10797    2795  2794  2803  2806
10798    2795  2803  2804  2807
10799    2803  2795  2806  2807
10800    2613  2614  2797  2625
10801    2796  2613  2797  2625
10802    2614  2797  2625  2626
10803    2797  2796  2625  2808
10804    2797  2625  2626  2809
10805    2625  2797  2808  2809
10806    2614  2615  2798  2626
10807    2797  2614  2798  2626
10808    2615  2798  2626  2627
10809    2798  2797  2626  2809
10810    2798  2626  2627  2810
10811    2626  2798  2809  2810
10812    2796  2797  2800  2808
10813    2799  2796  2800  2808
10814    2797  2800  2808  2809
10815    2800  2799  2808  2811
10816    2800  2808  2809  2812
10817    2808  2800  2811  2812
10818    2797  2798  2801  2809
10819    2800  2797  2801  2809
10820    2798  2801  2809  2810
10821    2801  2800  2809  2812
10822    2801  2809  2810  2813
10823    2809  2801  2812  2813
10824    2799  2800  2803  2811
10825    2802  2799  2803  2811
10826    2800  2803  2811  2812
10827    2803  2802  2811  2814
10828    2803  2811  2812  2815
10829    2811  2803  2814  2815
10830    2800  2801  2804  2812
10831    2803  2800  2804  2812
10832    2801  2804  2812  2813
10833    2804  2803  2812  2815
10834    2804  2812  2813  2816
10835    2812  2804  2815  2816
10836    2802  2803  2806  2814
10837    2805  2802  2806  2814
10838    2803  2806  2814  2815
10839    2806  2805  2814  2817
10840    2806  2814  2815  2818
10841    2814  2806  2817  2818
10842    2803  2804  2807  2815
10843    2806  2803  2807  2815
10844    2804  2807  2815  2816
10845    2807  2806  2815  2818
10846    2807  2815  2816  2819
10847    2815  2807  2818  2819
10848    2603  2634  2820  2615
10849    2786  2603  2820  2615
10850    2634  2820  2615  2642
10851    2820  2786  2615  2798
10852    2820  2615  2642  2828
10853    2615  2820  2798  2828
10854    2634  2635  2821  2642
10855    2820  2634  2821  2642
10856    2635  2821  2642  2643
10857    2821  2820  2642  2828
10858    2821  2642  2643  2829
10859    2642  2821  2828  2829
10860    2786  2820  2822  2798
10861    2789  2786  2822  2798
10862    2820  2822  2798  2828
10863    2822  2789  2798  2801
10864    2822  2798  2828  2830
10865    2798  2822  2801  2830
10866    2820  2821  2823  2828
10867    2822  2820  2823  2828
10868    2821  2823  2828  2829
10869    2823  2822  2828  2830
10870    2823  2828  2829  2831
10871    2828  2823  2830  2831
10872    2789  2822  2824  2801
10873    2792  2789  2824  2801
10874    2822  2824  2801  2830
10875    2824  2792  2801  2804
10876    2824  2801  2830  2832
10877    2801  2824  2804  2832
10878    2822  2823  2825  2830
10879    2824  2822  2825  2830
10880    2823  2825  2830  2831
10881    2825  2824  2830  2832
10882    2825  2830  2831  2833
10883    2830  2825  2832  2833
10884    2792  2824  2826  2804
10885    2795  2792  2826  2804
10886    2824  2826  2804  2832
10887    2826  2795  2804  2807
10888    2826  2804  2832  2834
10889    2804  2826  2807  2834
10890    2824  2825  2827  2832
10891    2826  2824  2827  2832
10892    2825  2827  2832  2833
10893    2827  2826  2832  2834
10894    2827  2832  2833  2835
10895    2832  2827  2834  2835
10896    2615  2642  2828  2627
10897    2798  2615  2828  2627
10898    2642  2828  2627  2650
10899    2828  2798  2627  2810
10900    2828  2627  2650  2836
10901    2627  2828  2810  2836
10902    2642  2643  2829  2650
10903    2828  2642  2829  2650
10904    2643  2829  2650  2651
10905    2829  2828  2650  2836
10906    2829  2650  2651  2837
10907    2650  2829  2836  2837
10908    2798  2828  2830  2810
10909    2801  2798  2830  2810
10910    2828  2830  2810  2836
10911    2830  2801  2810  2813
10912    2830  2810  2836  2838
10913    2810  2830  2813  2838
10914    2828  2829  2831  2836
10915    2830  2828  2831  2836
10916    2829  2831  2836  2837
10917    2831  2830  2836  2838
10918    2831  2836  2837  2839
10919    2836  2831  2838  2839
10920    2801  2830  2832  2813
10921    2804  2801  2832  2813
10922    2830  2832  2813  2838
10923    2832  2804  2813  2816
10924    2832  2813  2838  2840
10925    2813  2832  2816  2840
10926    2830  2831  2833  2838
10927    2832  2830  2833  2838
10928    2831  2833  2838  2839
10929    2833  2832  2838  2840
10930    2833  2838  2839  2841
10931    2838  2833  2840  2841
10932    2804  2832  2834  2816
10933    2807  2804  2834  2816
10934    2832  2834  2816  2840
10935    2834  2807  2816  2819
10936    2834  2816  2840  2842
10937    2816  2834  2819  2842
10938    2832  2833  2835  2840
10939    2834  2832  2835  2840
10940    2833  2835  2840  2841
10941    2835  2834  2840  2842
10942    2835  2840  2841  2843
10943    2840  2835  2842  2843
10944    2635  2658  2844  2643
10945    2821  2635  2844  2643
10946    2658  2844  2643  2666
10947    2844  2821  2643  2829
10948    2844  2643  2666  2852
10949    2643  2844  2829  2852
10950    2658  2659  2845  2666
10951    2844  2658  2845  2666
10952    2659  2845  2666  2667
10953    2845  2844  2666  2852
10954    2845  2666  2667  2853
10955    2666  2845  2852  2853
10956    2821  2844  2846  2829
10957    2823  2821  2846  2829
10958    2844  2846  2829  2852
10959    2846  2823  2829  2831
10960    2846  2829  2852  2854
10961    2829  2846  2831  2854
10962    2844  2845  2847  2852
10963    2846  2844  2847  2852
10964    2845  2847  2852  2853
10965    2847  2846  2852  2854
10966    2847  2852  2853  2855
10967    2852  2847  2854  2855
10968    2823  2846  2848  2831
10969    2825  2823  2848  2831
10970    2846  2848  2831  2854
10971    2848  2825  2831  2833
10972    2848  2831  2854  2856
10973    2831  2848  2833  2856
10974    2846  2847  2849  2854
10975    2848  2846  2849  2854
10976    2847  2849  2854  2855
10977    2849  2848  2854  2856
10978    2849  2854  2855  2857
10979    2854  2849  2856  2857
10980    2825  2848  2850  2833
10981    2827  2825  2850  2833
10982    2848  2850  2833  2856
10983    2850  2827  2833  2835
10984    2850  2833  2856  2858
10985    2833  2850  2835  2858
10986    2848  2849  2851  2856
10987    2850  2848  2851  2856
10988    2849  2851  2856  2857
10989    2851  2850  2856  2858
10990    2851  2856  2857  2859
10991    2856  2851  2858  2859
10992    2643  2666  2852  2651
10993    2829  2643  2852  2651
10994    2666  2852  2651  2674
10995    2852  2829  2651  2837
10996    2852  2651  2674  2860
10997    2651  2852  2837  2860
10998    2666  2667  2853  2674
10999    2852  2666  2853  2674
11000    2667  2853  2674  2675
11001    2853  2852  2674  2860
11002    2853  2674  2675  2861
11003    2674  2853  2860  2861
11004    2829  2852  2854  2837
11005    2831  2829  2854  2837
11006    2852  2854  2837  2860
11007    2854  2831  2837  2839
11008    2854  2837  2860  2862
11009    2837  2854  2839  2862
11010    2852  2853  2855  2860
11011    2854  2852  2855  2860
11012    2853  2855  2860  2861
11013    2855  2854  2860  2862
11014    2855  2860  2861  2863
11015    2860  2855  2862  2863
11016    2831  2854  2856  2839
11017    2833  2831  2856  2839
11018    2854  2856  2839  2862
11019    2856  2833  2839  2841
11020    2856  2839  2862  2864
11021    2839  2856  2841  2864
11022    2854  2855  2857  2862
11023    2856  2854  2857  2862
11024    2855  2857  2862  2863
11025    2857  2856  2862  2864
11026    2857  2862  2863  2865
11027    2862  2857  2864  2865
11028    2833  2856  2858  2841
11029    2835  2833  2858  2841
11030    2856  2858  2841  2864
11031    2858  2835  2841  2843
11032    2858  2841  2864  2866
11033    2841  2858  2843  2866
11034    2856  2857  2859  2864
11035    2858  2856  2859  2864
11036    2857  2859  2864  2865
11037    2859  2858  2864  2866
11038    2859  2864  2865  2867
11039    2864  2859  2866  2867
11040    2659  2682  2868  2667
11041    2845  2659  2868  2667
11042    2682  2868  2667  2690
11043    2868  2845  2667  2853
11044    2868  2667  2690  2876
11045    2667  2868  2853  2876
11046    2682  2683  2869  2690
11047    2868  2682  2869  2690
11048    2683  2869  2690  2691
11049    2869  2868  2690  2876
11050    2869  2690  2691  2877
11051    2690  2869  2876  2877
11052    2845  2868  2870  2853
11053    2847  2845  2870  2853
11054    2868  2870  2853  2876
11055    2870  2847  2853  2855
11056    2870  2853  2876  2878
11057    2853  2870  2855  2878
11058    2868  2869  2871  2876
11059    2870  2868  2871  2876
11060    2869  2871  2876  2877
11061    2871  2870  2876  2878
11062    2871  2876  2877  2879
11063    2876  2871  2878  2879
11064    2847  2870  2872  2855
11065    2849  2847  2872  2855
11066    2870  2872  2855  2878
11067    2872  2849  2855  2857
11068    2872  2855  2878  2880
11069    2855  2872  2857  2880
11070    2870  2871  2873  2878
11071    2872  2870  2873  2878
11072    2871  2873  2878  2879
11073    2873  2872  2878  2880
11074    2873  2878  2879  2881
11075    2878  2873  2880  2881
11076    2849  2872  2874  2857
11077    2851  2849  2874  2857
11078    2872  2874  2857  2880
11079    2874  2851  2857  2859
11080    2874  2857  2880  2882
11081    2857  2874  2859  2882
11082    2872  2873  2875  2880
11083    2874  2872  2875  2880
11084    2873  2875  2880  2881
11085    2875  2874  2880  2882
11086    2875  2880  2881  2883
11087    2880  2875  2882  2883
11088    2667  2690  2876  2675
11089    2853  2667  2876  2675
11090    2690  2876  2675  2698
11091    2876  2853  2675  2861
11092    2876  2675  2698  2884
11093    2675  2876  2861  2884
11094    2690  2691  2877  2698
11095    2876  2690  2877  2698
11096    2691  2877  2698  2699
11097    2877  2876  2698  2884
11098    2877  2698  2699  2885
11099    2698  2877  2884  2885
11100    2853  2876  2878  2861
11101    2855  2853  2878  2861
11102    2876  2878  2861  2884
11103    2878  2855  2861  2863
11104    2878  2861  2884  2886
11105    2861  2878  2863  2886
11106    2876  2877  2879  2884
11107    2878  2876  2879  2884
11108    2877  2879  2884  2885
11109    2879  2878  2884  2886
11110    2879  2884  2885  2887
11111    2884  2879  2886  2887
11112    2855  2878  2880  2863
11113    2857  2855  2880  2863
11114    2878  2880  2863  2886
11115    2880  2857  2863  2865
11116    2880  2863  2886  2888
11117    2863  2880  2865  2888
11118    2878  2879  2881  2886
11119    2880  2878  2881  2886
11120    2879  2881  2886  2887
11121    2881  2880  2886  2888
11122    2881  2886  2887  2889
11123    2886  2881  2888  2889
11124    2857  2880  2882  2865
11125    2859  2857  2882  2865
11126    2880  2882  2865  2888
11127    2882  2859  2865  2867
11128    2882  2865  2888  2890
11129    2865  2882  2867  2890
11130    2880  2881  2883  2888
11131    2882  2880  2883  2888
11132    2881  2883  2888  2889
11133    2883  2882  2888  2890
11134    2883  2888  2889  2891
11135    2888  2883  2890  2891
11136    2683  2706  2892  2691
11137    2869  2683  2892  2691
11138    2706  2892  2691  2714
11139    2892  2869  2691  2877
11140    2892  2691  2714  2900
11141    2691  2892  2877  2900
11142    2706  2707  2893  2714
11143    2892  2706  2893  2714
11144    2707  2893  2714  2715
11145    2893  2892  2714  2900
11146    2893  2714  2715  2901
11147    2714  2893  2900  2901
11148    2869  2892  2894  2877
11149    2871  2869  2894  2877
11150    2892  2894  2877  2900
11151    2894  2871  2877  2879
11152    2894  2877  2900  2902
11153    2877  2894  2879  2902
11154    2892  2893  2895  2900
11155    2894  2892  2895  2900
11156    2893  2895  2900  2901
11157    2895  2894  2900  2902
11158    2895  2900  2901  2903
11159    2900  2895  2902  2903
11160    2871  2894  2896  2879
11161    2873  2871  2896  2879
11162    2894  2896  2879  2902
11163    2896  2873  2879  2881
11164    2896  2879  2902  2904
11165    2879  2896  2881  2904
11166    2894  2895  2897  2902
11167    2896  2894  2897  2902
11168    2895  2897  2902  2903
11169    2897  2896  2902  2904
11170    2897  2902  2903  2905
11171    2902  2897  2904  2905
11172    2873  2896  2898  2881
11173    2875  2873  2898  2881
11174    2896  2898  2881  2904
11175    2898  2875  2881  2883
11176    2898  2881  2904  2906
11177    2881  2898  2883  2906
11178    2896  2897  2899  2904
11179    2898  2896  2899  2904
11180    2897  2899  2904  2905
11181    2899  2898  2904  2906
11182    2899  2904  2905  2907
11183    2904  2899  2906  2907
11184    2691  2714  2900  2699
11185    2877  2691  2900  2699
11186    2714  2900  2699  2722
11187    2900  2877  2699  2885
11188    2900  2699  2722  2908
11189    2699  2900  2885  2908
11190    2714  2715  2901  2722
11191    2900  2714  2901  2722
11192    2715  2901  2722  2723
11193    2901  2900  2722  2908
11194    2901  2722  2723  2909
11195    2722  2901  2908  2909
11196    2877  2900  2902  2885
11197    2879  2877  2902  2885
11198    2900  2902  2885  2908
11199    2902  2879  2885  2887
11200    2902  2885  2908  2910
11201    2885  2902  2887  2910
11202    2900  2901  2903  2908
11203    2902  2900  2903  2908
11204    2901  2903  2908  2909
11205    2903  2902  2908  2910
11206    2903  2908  2909  2911
11207    2908  2903  2910  2911
11208    2879  2902  2904  2887
11209    2881  2879  2904  2887
11210    2902  2904  2887  2910
11211    2904  2881  2887  2889
11212    2904  2887  2910  2912
11213    2887  2904  2889  2912
11214    2902  2903  2905  2910
11215    2904  2902  2905  2910
11216    2903  2905  2910  2911
11217    2905  2904  2910  2912
11218    2905  2910  2911  2913
11219    2910  2905  2912  2913
11220    2881  2904  2906  2889
11221    2883  2881  2906  2889
11222    2904  2906  2889  2912
11223    2906  2883  2889  2891
11224    2906  2889  2912  2914
11225    2889  2906  2891  2914
11226    2904  2905  2907  2912
11227    2906  2904  2907  2912
11228    2905  2907  2912  2913
11229    2907  2906  2912  2914
11230    2907  2912  2913  2915
11231    2912  2907  2914  2915
11232    2707  2730  2916  2715
11233    2893  2707  2916  2715
11234    2730  2916  2715  2738
11235    2916  2893  2715  2901
11236    2916  2715  2738  2924
11237    2715  2916  2901  2924
11238    2730  2731  2917  2738
11239    2916  2730  2917  2738
11240    2731  2917  2738  2739
11241    2917  2916  2738  2924
11242    2917  2738  2739  2925
11243    2738  2917  2924  2925
11244    2893  2916  2918  2901
11245    2895  2893  2918  2901
11246    2916  2918  2901  2924
11247    2918  2895  2901  2903
11248    2918  2901  2924  2926
11249    2901  2918  2903  2926
11250    2916  2917  2919  2924
11251    2918  2916  2919  2924
11252    2917  2919  2924  2925
11253    2919  2918  2924  2926
11254    2919  2924  2925  2927
11255    2924  2919  2926  2927
11256    2895  2918  2920  2903
11257    2897  2895  2920  2903
11258    2918  2920  2903  2926
11259    2920  2897  2903  2905
11260    2920  2903  2926  2928
11261    2903  2920  2905  2928
11262    2918  2919  2921  2926
11263    2920  2918  2921  2926
11264    2919  2921  2926  2927
11265    2921  2920  2926  2928
11266    2921  2926  2927  2929
11267    2926  2921  2928  2929
11268    2897  2920  2922  2905
11269    2899  2897  2922  2905
11270    2920  2922  2905  2928
11271    2922  2899  2905  2907
11272    2922  2905  2928  2930
11273    2905  2922  2907  2930
11274    2920  2921  2923  2928
11275    2922  2920  2923  2928
11276    2921  2923  2928  2929
11277    2923  2922  2928  2930
11278    2923  2928  2929  2931
11279    2928  2923  2930  2931
11280    2715  2738  2924  2723
11281    2901  2715  2924  2723
11282    2738  2924  2723  2746
11283    2924  2901  2723  2909
11284    2924  2723  2746  2932
11285    2723  2924  2909  2932
11286    2738  2739  2925  2746
11287    2924  2738  2925  2746
11288    2739  2925  2746  2747
11289    2925  2924  2746  2932
11290    2925  2746  2747  2933
11291    2746  2925  2932  2933
11292    2901  2924  2926  2909
11293    2903  2901  2926  2909
11294    2924  2926  2909  2932
11295    2926  2903  2909  2911
11296    2926  2909  2932  2934
11297    2909  2926  2911  2934
11298    2924  2925  2927  2932
11299    2926  2924  2927  2932
11300    2925  2927  2932  2933
11301    2927  2926  2932  2934
11302    2927  2932  2933  2935
11303    2932  2927  2934  2935
11304    2903  2926  2928  2911
11305    2905  2903  2928  2911
11306    2926  2928  2911  2934
11307    2928  2905  2911  2913
11308    2928  2911  2934  2936
11309    2911  2928  2913  2936
11310    2926  2927  2929  2934
11311    2928  2926  2929  2934
11312    2927  2929  2934  2935
11313    2929  2928  2934  2936
11314    2929  2934  2935  2937
11315    2934  2929  2936  2937
11316    2905  2928  2930  2913
11317    2907  2905  2930  2913
11318    2928  2930  2913  2936
11319    2930  2907  2913  2915
11320    2930  2913  2936  2938
11321    2913  2930  2915  2938
11322    2928  2929  2931  2936
11323    2930  2928  2931  2936
11324    2929  2931  2936  2937
11325    2931  2930  2936  2938
11326    2931  2936  2937  2939
11327    2936  2931  2938  2939
11328    2731  2754  2940  2739
11329    2917  2731  2940  2739
11330    2754  2940  2739  2762
11331    2940  2917  2739  2925
11332    2940  2739  2762  2948
11333    2739  2940  2925  2948
11334    2754  2755  2941  2762
11335    2940  2754  2941  2762
11336    2755  2941  2762  2763
11337    2941  2940  2762  2948
11338    2941  2762  2763  2949
11339    2762  2941  2948  2949
11340    2917  2940  2942  2925
11341    2919  2917  2942  2925
11342    2940  2942  2925  2948
11343    2942  2919  2925  2927
11344    2942  2925  2948  2950
11345    2925  2942  2927  2950
11346    2940  2941  2943  2948
11347    2942  2940  2943  2948
11348    2941  2943  2948  2949
11349    2943  2942  2948  2950
11350    2943  2948  2949  2951
11351    2948  2943  2950  2951
11352    2919  2942  2944  2927
11353    2921  2919  2944  2927
11354    2942  2944  2927  2950
11355    2944  2921  2927  2929
11356    2944  2927  2950  2952
11357    2927  2944  2929  2952
11358    2942  2943  2945  2950
11359    2944  2942  2945  2950
11360    2943  2945  2950  2951
11361    2945  2944  2950  2952
11362    2945  2950  2951  2953
11363    2950  2945  2952  2953
11364    2921  2944  2946  2929
11365    2923  2921  2946  2929
11366    2944  2946  2929  2952
11367    2946  2923  2929  2931
11368    2946  2929  2952  2954
11369    2929  2946  2931  2954
11370    2944  2945  2947  2952
11371    2946  2944  2947  2952
11372    2945  2947  2952  2953
11373    2947  2946  2952  2954
11374    2947  2952  2953  2955
11375    2952  2947  2954  2955
11376    2739  2762  2948  2747
11377    2925  2739  2948  2747
11378    2762  2948  2747  2770
11379    2948  2925  2747  2933
11380    2948  2747  2770  2956
11381    2747  2948  2933  2956
11382    2762  2763  2949  2770
11383    2948  2762  2949  2770
11384    2763  2949  2770  2771
11385    2949  2948  2770  2956
11386    2949  2770  2771  2957
11387    2770  2949  2956  2957
11388    2925  2948  2950  2933
11389    2927  2925  2950  2933
11390    2948  2950  2933  2956
11391    2950  2927  2933  2935
11392    2950  2933  2956  2958
11393    2933  2950  2935  2958
11394    2948  2949  2951  2956
11395    2950  2948  2951  2956
11396    2949  2951  2956  2957
11397    2951  2950  2956  2958
11398    2951  2956  2957  2959
11399    2956  2951  2958  2959
11400    2927  2950  2952  2935
11401    2929  2927  2952  2935
11402    2950  2952  2935  2958
11403    2952  2929  2935  2937
11404    2952  2935  2958  2960
11405    2935  2952  2937  2960
11406    2950  2951  2953  2958
11407    2952  2950  2953  2958
11408    2951  2953  2958  2959
11409    2953  2952  2958  2960
11410    2953  2958  2959  2961
11411    2958  2953  2960  2961
11412    2929  2952  2954  2937
11413    2931  2929  2954  2937
11414    2952  2954  2937  2960
11415    2954  2931  2937  2939
11416    2954  2937  2960  2962
11417    2937  2954  2939  2962
11418    2952  2953  2955  2960
11419    2954  2952  2955  2960
11420    2953  2955  2960  2961
11421    2955  2954  2960  2962
11422    2955  2960  2961  2963
11423    2960  2955  2962  2963
11424    2755  2775  2964  2763
11425    2941  2755  2964  2763
11426    2775  2964  2763  2779
11427    2964  2941  2763  2949
11428    2964  2763  2779  2968
11429    2763  2964  2949  2968
11430    2775  2601  2784  2779
11431    2964  2775  2784  2779
11432    2601  2784  2779  2613
11433    2784  2964  2779  2968
11434    2784  2779  2613  2796
11435    2779  2784  2968  2796
11436    2941  2964  2965  2949
11437    2943  2941  2965  2949
11438    2964  2965  2949  2968
11439    2965  2943  2949  2951
11440    2965  2949  2968  2969
11441    2949  2965  2951  2969
11442    2964  2784  2787  2968
11443    2965  2964  2787  2968
11444    2784  2787  2968  2796
11445    2787  2965  2968  2969
11446    2787  2968  2796  2799
11447    2968  2787  2969  2799
11448    2943  2965  2966  2951
11449    2945  2943  2966  2951
11450    2965  2966  2951  2969
11451    2966  2945  2951  2953
11452    2966  2951  2969  2970
11453    2951  2966  2953  2970
11454    2965  2787  2790  2969
11455    2966  2965  2790  2969
11456    2787  2790  2969  2799
11457    2790  2966  2969  2970
11458    2790  2969  2799  2802
11459    2969  2790  2970  2802
11460    2945  2966  2967  2953
11461    2947  2945  2967  2953
11462    2966  2967  2953  2970
11463    2967  2947  2953  2955
11464    2967  2953  2970  2971
11465    2953  2967  2955  2971
11466    2966  2790  2793  2970
11467    2967  2966  2793  2970
11468    2790  2793  2970  2802
11469    2793  2967  2970  2971
11470    2793  2970  2802  2805
11471    2970  2793  2971  2805
11472    2763  2779  2968  2771
11473    2949  2763  2968  2771
11474    2779  2968  2771  2783
11475    2968  2949  2771  2957
11476    2968  2771  2783  2972
11477    2771  2968  2957  2972
11478    2779  2613  2796  2783
11479    2968  2779  2796  2783
11480    2613  2796  2783  2625
11481    2796  2968  2783  2972
11482    2796  2783  2625  2808
11483    2783  2796  2972  2808
11484    2949  2968  2969  2957
11485    2951  2949  2969  2957
11486    2968  2969  2957  2972
11487    2969  2951  2957  2959
11488    2969  2957  2972  2973
11489    2957  2969  2959  2973
11490    2968  2796  2799  2972
11491    2969  2968  2799  2972
11492    2796  2799  2972  2808
11493    2799  2969  2972  2973
11494    2799  2972  2808  2811
11495    2972  2799  2973  2811
11496    2951  2969  2970  2959
11497    2953  2951  2970  2959
11498    2969  2970  2959  2973
11499    2970  2953  2959  2961
11500    2970  2959  2973  2974
11501    2959  2970  2961  2974
11502    2969  2799  2802  2973
11503    2970  2969  2802  2973
11504    2799  2802  2973  2811
11505    2802  2970  2973  2974
11506    2802  2973  2811  2814
11507    2973  2802  2974  2814
11508    2953  2970  2971  2961
11509    2955  2953  2971  2961
11510    2970  2971  2961  2974
11511    2971  2955  2961  2963
11512    2971  2961  2974  2975
11513    2961  2971  2963  2975
11514    2970  2802  2805  2974
11515    2971  2970  2805  2974
11516    2802  2805  2974  2814
11517    2805  2971  2974  2975
11518    2805  2974  2814  2817
11519    2974  2805  2975  2817
11520    2793  2794  2977  2805
11521    2976  2793  2977  2805
11522    2794  2977  2805  2806
11523    2977  2976  2805  2988
11524    2977  2805  2806  2989
11525    2805  2977  2988  2989
11526    2794  2795  2978  2806
11527    2977  2794  2978  2806
11528    2795  2978  2806  2807
11529    2978  2977  2806  2989
11530    2978  2806  2807  2990
11531    2806  2978  2989  2990
11532    2976  2977  2980  2988
11533    2979  2976  2980  2988
11534    2977  2980  2988  2989
11535    2980  2979  2988  2991
11536    2980  2988  2989  2992
11537    2988  2980  2991  2992
11538    2977  2978  2981  2989
11539    2980  2977  2981  2989
11540    2978  2981  2989  2990
11541    2981  2980  2989  2992
11542    2981  2989  2990  2993
11543    2989  2981  2992  2993
11544    2979  2980  2983  2991
11545    2982  2979  2983  2991
11546    2980  2983  2991  2992
11547    2983  2982  2991  2994
11548    2983  2991  2992  2995
11549    2991  2983  2994  2995
11550    2980  2981  2984  2992
11551    2983  2980  2984  2992
11552    2981  2984  2992  2993
11553    2984  2983  2992  2995
11554    2984  2992  2993  2996
11555    2992  2984  2995  2996
11556    2982  2983  2986  2994
11557    2985  2982  2986  2994
11558    2983  2986  2994  2995
11559    2986  2985  2994  2997
11560    2986  2994  2995  2998
11561    2994  2986  2997  2998
11562    2983  2984  2987  2995
11563    2986  2983  2987  2995
11564    2984  2987  2995  2996
11565    2987  2986  2995  2998
11566    2987  2995  2996  2999
11567    2995  2987  2998  2999
11568    2805  2806  2989  2817
11569    2988  2805  2989  2817
11570    2806  2989  2817  2818
11571    2989  2988  2817  3000
11572    2989  2817  2818  3001
11573    2817  2989  3000  3001
11574    2806  2807  2990  2818
11575    2989  2806  2990  2818
11576    2807  2990  2818  2819
11577    2990  2989  2818  3001
11578    2990  2818  2819  3002
11579    2818  2990  3001  3002
11580    2988  2989  2992  3000
11581    2991  2988  2992  3000
11582    2989  2992  3000  3001
11583    2992  2991  3000  3003
11584    2992  3000  3001  3004
11585    3000  2992  3003  3004
11586    2989  2990  2993  3001
11587    2992  2989  2993  3001
11588    2990  2993  3001  3002
11589    2993  2992  3001  3004
11590    2993  3001  3002  3005
11591    3001  2993  3004  3005
11592    2991  2992  2995  3003
11593    2994  2991  2995  3003
11594    2992  2995  3003  3004
11595    2995  2994  3003  3006
11596    2995  3003  3004  3007
11597    3003  2995  3006  3007
11598    2992  2993  2996  3004
11599    2995  2992  2996  3004
11600    2993  2996  3004  3005
11601    2996  2995  3004  3007
11602    2996  3004  3005  3008
11603    3004  2996  3007  3008
11604    2994  2995  2998  3006
11605    2997  2994  2998  3006
11606    2995  2998  3006  3007
11607    2998  2997  3006  3009
11608    2998  3006  3007  3010
11609    3006  2998  3009  3010
11610    2995  2996  2999  3007
11611    2998  2995  2999  3007
11612    2996  2999  3007  3008
11613    2999  2998  3007  3010
11614    2999  3007  3008  3011
11615    3007  2999  3010  3011
11616    2795  2826  3012  2807
11617    2978  2795  3012  2807
11618    2826  3012  2807  2834
11619    3012  2978  2807  2990
11620    3012  2807  2834  3020
11621    2807  3012  2990  3020
11622    2826  2827  3013  2834
11623    3012  2826  3013  2834
11624    2827  3013  2834  2835
11625    3013  3012  2834  3020
11626    3013  2834  2835  3021
11627    2834  3013  3020  3021
11628    2978  3012  3014  2990
11629    2981  2978  3014  2990
11630    3012  3014  2990  3020
11631    3014  2981  2990  2993
11632    3014  2990  3020  3022
11633    2990  3014  2993  3022
11634    3012  3013  3015  3020
11635    3014  3012  3015  3020
11636    3013  3015  3020  3021
11637    3015  3014  3020  3022
11638    3015  3020  3021  3023
11639    3020  3015  3022  3023
11640    2981  3014  3016  2993
11641    2984  2981  3016  2993
11642    3014  3016  2993  3022
11643    3016  2984  2993  2996
11644    3016  2993  3022  3024
11645    2993  3016  2996  3024
11646    3014  3015  3017  3022
11647    3016  3014  3017  3022
11648    3015  3017  3022  3023
11649    3017  3016  3022  3024
11650    3017  3022  3023  3025
11651    3022  3017  3024  3025
11652    2984  3016  3018  2996
11653    2987  2984  3018  2996
11654    3016  3018  2996  3024
11655    3018  2987  2996  2999
11656    3018  2996  3024  3026
11657    2996  3018  2999  3026
11658    3016  3017  3019  3024
11659    3018  3016  3019  3024
11660    3017  3019  3024  3025
11661    3019  3018  3024  3026
11662    3019  3024  3025  3027
11663    3024  3019  3026  3027
11664    2807  2834  3020  2819
11665    2990  2807  3020  2819
11666    2834  3020  2819  2842
11667    3020  2990  2819  3002
11668    3020  2819  2842  3028
11669    2819  3020  3002  3028
11670    2834  2835  3021  2842
11671    3020  2834  3021  2842
11672    2835  3021  2842  2843
11673    3021  3020  2842  3028
11674    3021  2842  2843  3029
11675    2842  3021  3028  3029
11676    2990  3020  3022  3002
11677    2993  2990  3022  3002
11678    3020  3022  3002  3028
11679    3022  2993  3002  3005
11680    3022  3002  3028  3030
11681    3002  3022  3005  3030
11682    3020  3021  3023  3028
11683    3022  3020  3023  3028
11684    3021  3023  3028  3029
11685    3023  3022  3028  3030
11686    3023  3028  3029  3031
11687    3028  3023  3030  3031
11688    2993  3022  3024  3005
11689    2996  2993  3024  3005
11690    3022  3024  3005  3030
11691    3024  2996  3005  3008
11692    3024  3005  3030  3032
11693    3005  3024  3008  3032
11694    3022  3023  3025  3030
11695    3024  3022  3025  3030
11696    3023  3025  3030  3031
11697    3025  3024  3030  3032
11698    3025  3030  3031  3033
11699    3030  3025  3032  3033
11700    2996  3024  3026  3008
11701    2999  2996  3026  3008
11702    3024  3026  3008  3032
11703    3026  2999  3008  3011
11704    3026  3008  3032  3034
11705    3008  3026  3011  3034
11706    3024  3025  3027  3032
11707    3026  3024  3027  3032
11708    3025  3027  3032  3033
11709    3027  3026  3032  3034
11710    3027  3032  3033  3035
11711    3032  3027  3034  3035
11712    2827  2850  3036  2835
11713    3013  2827  3036  2835
11714    2850  3036  2835  2858
11715    3036  3013  2835  3021
11716    3036  2835  2858  3044
11717    2835  3036  3021  3044
11718    2850  2851  3037  2858
11719    3036  2850  3037  2858
11720    2851  3037  2858  2859
11721    3037  3036  2858  3044
11722    3037  2858  2859  3045
11723    2858  3037  3044  3045
11724    3013  3036  3038  3021
11725    3015  3013  3038  3021
11726    3036  3038  3021  3044
11727    3038  3015  3021  3023
11728    3038  3021  3044  3046
11729    3021  3038  3023  3046
11730    3036  3037  3039  3044
11731    3038  3036  3039  3044
11732    3037  3039  3044  3045
11733    3039  3038  3044  3046
11734    3039  3044  3045  3047
11735    3044  3039  3046  3047
11736    3015  3038  3040  3023
11737    3017  3015  3040  3023
11738    3038  3040  3023  3046
11739    3040  3017  3023  3025
11740    3040  3023  3046  3048
11741    3023  3040  3025  3048
11742    3038  3039  3041  3046
11743    3040  3038  3041  3046
11744    3039  3041  3046  3047
11745    3041  3040  3046  3048
11746    3041  3046  3047  3049
11747    3046  3041  3048  3049
11748    3017  3040  3042  3025
11749    3019  3017  3042  3025
11750    3040  3042  3025  3048
11751    3042  3019  3025  3027
11752    3042  3025  3048  3050
11753    3025  3042  3027  3050
11754    3040  3041  3043  3048
11755    3042  3040  3043  3048
11756    3041  3043  3048  3049
11757    3043  3042  3048  3050
11758    3043  3048  3049  3051
11759    3048  3043  3050  3051
11760    2835  2858  3044  2843
11761    3021  2835  3044  2843
11762    2858  3044  2843  2866
11763    3044  3021  2843  3029
11764    3044  2843  2866  3052
11765    2843  3044  3029  3052
11766    2858  2859  3045  2866
11767    3044  2858  3045  2866
11768    2859  3045  2866  2867
11769    3045  3044  2866  3052
11770    3045  2866  2867  3053
11771    2866  3045  3052  3053
11772    3021  3044  3046  3029
11773    3023  3021  3046  3029
11774    3044  3046  3029  3052
11775    3046  3023  3029  3031
11776    3046  3029  3052  3054
11777    3029  3046  3031  3054
11778    3044  3045  3047  3052
11779    3046  3044  3047  3052
11780    3045  3047  3052  3053
11781    3047  3046  3052  3054
11782    3047  3052  3053  3055
11783    3052  3047  3054  3055
11784    3023  3046  3048  3031
11785    3025  3023  3048  3031
11786    3046  3048  3031  3054
11787    3048  3025  3031  3033
11788    3048  3031  3054  3056
11789    3031  3048  3033  3056
11790    3046  3047  3049  3054
11791    3048  3046  3049  3054
11792    3047  3049  3054  3055
11793    3049  3048  3054  3056
11794    3049  3054  3055  3057
11795    3054  3049  3056  3057
11796    3025  3048  3050  3033
11797    3027  3025  3050  3033
11798    3048  3050  3033  3056
11799    3050  3027  3033  3035
11800    3050  3033  3056  3058
11801    3033  3050  3035  3058
11802    3048  3049  3051  3056
11803    3050  3048  3051  3056
11804    3049  3051  3056  3057
11805    3051  3050  3056  3058
11806    3051  3056  3057  3059
11807    3056  3051  3058  3059
11808    2851  2874  3060  2859
11809    3037  2851  3060  2859
11810    2874  3060  2859  2882
11811    3060  3037  2859  3045
11812    3060  2859  2882  3068
11813    2859  3060  3045  3068
11814    2874  2875  3061  2882
11815    3060  2874  3061  2882
11816    2875  3061  2882  2883
11817    3061  3060  2882  3068
11818    3061  2882  2883  3069
11819    2882  3061  3068  3069
11820    3037  3060  3062  3045
11821    3039  3037  3062  3045
11822    3060  3062  3045  3068
11823    3062  3039  3045  3047
11824    3062  3045  3068  3070
11825    3045  3062  3047  3070
11826    3060  3061  3063  3068
11827    3062  3060  3063  3068
11828    3061  3063  3068  3069
11829    3063  3062  3068  3070
11830    3063  3068  3069  3071
11831    3068  3063  3070  3071
11832    3039  3062  3064  3047
11833    3041  3039  3064  3047
11834    3062  3064  3047  3070
11835    3064  3041  3047  3049
11836    3064  3047  3070  3072
11837    3047  3064  3049  3072
11838    3062  3063  3065  3070
11839    3064  3062  3065  3070
11840    3063  3065  3070  3071
11841    3065  3064  3070  3072
11842    3065  3070  3071  3073
11843    3070  3065  3072  3073
11844    3041  3064  3066  3049
11845    3043  3041  3066  3049
11846    3064  3066  3049  3072
11847    3066  3043  3049  3051
11848    3066  3049  3072  3074
11849    3049  3066  3051  3074
11850    3064  3065  3067  3072
11851    3066  3064  3067  3072
11852    3065  3067  3072  3073
11853    3067  3066  3072  3074
11854    3067  3072  3073  3075
11855    3072  3067  3074  3075
11856    2859  2882  3068  2867
11857    3045  2859  3068  2867
11858    2882  3068  2867  2890
11859    3068  3045  2867  3053
11860    3068  2867  2890  3076
11861    2867  3068  3053  3076
11862    2882  2883  3069  2890
11863    3068  2882  3069  2890
11864    2883  3069  2890  2891
11865    3069  3068  2890  3076
11866    3069  2890  2891  3077
11867    2890  3069  3076  3077
11868    3045  3068  3070  3053
11869    3047  3045  3070  3053
11870    3068  3070  3053  3076
11871    3070  3047  3053  3055
11872    3070  3053  3076  3078
11873    3053  3070  3055  3078
11874    3068  3069  3071  3076
11875    3070  3068  3071  3076
11876    3069  3071  3076  3077
11877    3071  3070  3076  3078
11878    3071  3076  3077  3079
11879    3076  3071  3078  3079
11880    3047  3070  3072  3055
11881    3049  3047  3072  3055
11882    3070  3072  3055  3078
11883    3072  3049  3055  3057
11884    3072  3055  3078  3080
11885    3055  3072  3057  3080
11886    3070  3071  3073  3078
11887    3072  3070  3073  3078
11888    3071  3073  3078  3079
11889    3073  3072  3078  3080
11890    3073  3078  3079  3081
11891    3078  3073  3080  3081
11892    3049  3072  3074  3057
11893    3051  3049  3074  3057
11894    3072  3074  3057  3080
11895    3074  3051  3057  3059
11896    3074  3057  3080  3082
11897    3057  3074  3059  3082
11898    3072  3073  3075  3080
11899    3074  3072  3075  3080
11900    3073  3075  3080  3081
11901    3075  3074  3080  3082
11902    3075  3080  3081  3083
11903    3080  3075  3082  3083
11904    2875  2898  3084  2883
11905    3061  2875  3084  2883
11906    2898  3084  2883  2906
11907    3084  3061  2883  3069
11908    3084  2883  2906  3092
11909    2883  3084  3069  3092
11910    2898  2899  3085  2906
11911    3084  2898  3085  2906
11912    2899  3085  2906  2907
11913    3085  3084  2906  3092
11914    3085  2906  2907  3093
11915    2906  3085  3092  3093
11916    3061  3084  3086  3069
11917    3063  3061  3086  3069
11918    3084  3086  3069  3092
11919    3086  3063  3069  3071
11920    3086  3069  3092  3094
11921    3069  3086  3071  3094
11922    3084  3085  3087  3092
11923    3086  3084  3087  3092
11924    3085  3087  3092  3093
11925    3087  3086  3092  3094
11926    3087  3092  3093  3095
11927    3092  3087  3094  3095
11928    3063  3086  3088  3071
11929    3065  3063  3088  3071
11930    3086  3088  3071  3094
11931    3088  3065  3071  3073
11932    3088  3071  3094  3096
11933    3071  3088  3073  3096
11934    3086  3087  3089  3094
11935    3088  3086  3089  3094
11936    3087  3089  3094  3095
11937    3089  3088  3094  3096
11938    3089  3094  3095  3097
11939    3094  3089  3096  3097
11940    3065  3088  3090  3073
11941    3067  3065  3090  3073
11942    3088  3090  3073  3096
11943    3090  3067  3073  3075
11944    3090  3073  3096  3098
11945    3073  3090  3075  3098
11946    3088  3089  3091  3096
11947    3090  3088  3091  3096
11948    3089  3091  3096  3097
11949    3091  3090  3096  3098
11950    3091  3096  3097  3099
11951    3096  3091  3098  3099
11952    2883  2906  3092  2891
11953    3069  2883  3092  2891
11954    2906  3092  2891  2914
11955    3092  3069  2891  3077
11956    3092  2891  2914  3100
11957    2891  3092  3077  3100
11958    2906  2907  3093  2914
11959    3092  2906  3093  2914
11960    2907  3093  2914  2915
11961    3093  3092  2914  3100
11962    3093  2914  2915  3101
11963    2914  3093  3100  3101
11964    3069  3092  3094  3077
11965    3071  3069  3094  3077
11966    3092  3094  3077  3100
11967    3094  3071  3077  3079
11968    3094  3077  3100  3102
11969    3077  3094  3079  3102
11970    3092  3093  3095  3100
11971    3094  3092  3095  3100
11972    3093  3095  3100  3101
11973    3095  3094  3100  3102
11974    3095  3100  3101  3103
11975    3100  3095  3102  3103
11976    3071  3094  3096  3079
11977    3073  3071  3096  3079
11978    3094  3096  3079  3102
11979    3096  3073  3079  3081
11980    3096  3079  3102  3104
11981    3079  3096  3081  3104
11982    3094  3095  3097  3102
11983    3096  3094  3097  3102
11984    3095  3097  3102  3103
11985    3097  3096  3102  3104
11986    3097  3102  3103  3105
11987    3102  3097  3104  3105
11988    3073  3096  3098  3081
11989    3075  3073  3098  3081
11990    3096  3098  3081  3104
11991    3098  3075  3081  3083
11992    3098  3081  3104  3106
11993    3081  3098  3083  3106
11994    3096  3097  3099  3104
11995    3098  3096  3099  3104
11996    3097  3099  3104  3105
11997    3099  3098  3104  3106
11998    3099  3104  3105  3107
11999    3104  3099  3106  3107
12000    2899  2922  3108  2907
12001    3085  2899  3108  2907
12002    2922  3108  2907  2930
12003    3108  3085  2907  3093
12004    3108  2907  2930  3116
12005    2907  3108  3093  3116
12006    2922  2923  3109  2930
12007    3108  2922  3109  2930
12008    2923  3109  2930  2931
12009    3109  3108  2930  3116
12010    3109  2930  2931  3117
12011    2930  3109  3116  3117
12012    3085  3108  3110  3093
12013    3087  3085  3110  3093
12014    3108  3110  3093  3116
12015    3110  3087  3093  3095
12016    3110  3093  3116  3118
12017    3093  3110  3095  3118
12018    3108  3109  3111  3116
12019    3110  3108  3111  3116
12020    3109  3111  3116  3117
12021    3111  3110  3116  3118
12022    3111  3116  3117  3119
12023    3116  3111  3118  3119
12024    3087  3110  3112  3095
12025    3089  3087  3112  3095
12026    3110  3112  3095  3118
12027    3112  3089  3095  3097
12028    3112  3095  3118  3120
12029    3095  3112  3097  3120
12030    3110  3111  3113  3118
12031    3112  3110  3113  3118
12032    3111  3113  3118  3119
12033    3113  3112  3118  3120
12034    3113  3118  3119  3121
12035    3118  3113  3120  3121
12036    3089  3112  3114  3097
12037    3091  3089  3114  3097
12038    3112  3114  3097  3120
12039    3114  3091  3097  3099
12040    3114  3097  3120  3122
12041    3097  3114  3099  3122
12042    3112  3113  3115  3120
12043    3114  3112  3115  3120
12044    3113  3115  3120  3121
12045    3115  3114  3120  3122
12046    3115  3120  3121  3123
12047    3120  3115  3122  3123
12048    2907  2930  3116  2915
12049    3093  2907  3116  2915
12050    2930  3116  2915  2938
12051    3116  3093  2915  3101
12052    3116  2915  2938  3124
12053    2915  3116  3101  3124
12054    2930  2931  3117  2938
12055    3116  2930  3117  2938
12056    2931  3117  2938  2939
12057    3117  3116  2938  3124
12058    3117  2938  2939  3125
12059    2938  3117  3124  3125
12060    3093  3116  3118  3101
12061    3095  3093  3118  3101
12062    3116  3118  3101  3124
12063    3118  3095  3101  3103
12064    3118  3101  3124  3126
12065    3101  3118  3103  3126
12066    3116  3117  3119  3124
12067    3118  3116  3119  3124
12068    3117  3119  3124  3125
12069    3119  3118  3124  3126
12070    3119  3124  3125  3127
12071    3124  3119  3126  3127
12072    3095  3118  3120  3103
12073    3097  3095  3120  3103
12074    3118  3120  3103  3126
12075    3120  3097  3103  3105
12076    3120  3103  3126  3128
12077    3103  3120  3105  3128
12078    3118  3119  3121  3126
12079    3120  3118  3121  3126
12080    3119  3121  3126  3127
12081    3121  3120  3126  3128
12082    3121  3126  3127  3129
12083    3126  3121  3128  3129
12084    3097  3120  3122  3105
12085    3099  3097  3122  3105
12086    3120  3122  3105  3128
12087    3122  3099  3105  3107
12088    3122  3105  3128  3130
12089    3105  3122  3107  3130
12090    3120  3121  3123  3128
12091    3122  3120  3123  3128
12092    3121  3123  3128  3129
12093    3123  3122  3128  3130
12094    3123  3128  3129  3131
12095    3128  3123  3130  3131
12096    2923  2946  3132  2931
12097    3109  2923  3132  2931
12098    2946  3132  2931  2954
12099    3132  3109  2931  3117
12100    3132  2931  2954  3140
12101    2931  3132  3117  3140
12102    2946  2947  3133  2954
12103    3132  2946  3133  2954
12104    2947  3133  2954  2955
12105    3133  3132  2954  3140
12106    3133  2954  2955  3141
12107    2954  3133  3140  3141
12108    3109  3132  3134  3117
12109    3111  3109  3134  3117
12110    3132  3134  3117  3140
12111    3134  3111  3117  3119
12112    3134  3117  3140  3142
12113    3117  3134  3119  3142
12114    3132  3133  3135  3140
12115    3134  3132  3135  3140
12116    3133  3135  3140  3141
12117    3135  3134  3140  3142
12118    3135  3140  3141  3143
12119    3140  3135  3142  3143
12120    3111  3134  3136  3119
12121    3113  3111  3136  3119
12122    3134  3136  3119  3142
12123    3136  3113  3119  3121
12124    3136  3119  3142  3144
12125    3119  3136  3121  3144
12126    3134  3135  3137  3142
12127    3136  3134  3137  3142
12128    3135  3137  3142  3143
12129    3137  3136  3142  3144
12130    3137  3142  3143  3145
12131    3142  3137  3144  3145
12132    3113  3136  3138  3121
12133    3115  3113  3138  3121
12134    3136  3138  3121  3144
12135    3138  3115  3121  3123
12136    3138  3121  3144  3146
12137    3121  3138  3123  3146
12138    3136  3137  3139  3144
12139    3138  3136  3139  3144
12140    3137  3139  3144  3145
12141    3139  3138  3144  3146
12142    3139  3144  3145  3147
12143    3144  3139  3146  3147
12144    2931  2954  3140  2939
12145    3117  2931  3140  2939
12146    2954  3140  2939  2962
12147    3140  3117  2939  3125
12148    3140  2939  2962  3148
12149    2939  3140  3125  3148
12150    2954  2955  3141  2962
12151    3140  2954  3141  2962
12152    2955  3141  2962  2963
12153    3141  3140  2962  3148
12154    3141  2962  2963  3149
12155    2962  3141  3148  3149
12156    3117  3140  3142  3125
12157    3119  3117  3142  3125
12158    3140  3142  3125  3148
12159    3142  3119  3125  3127
12160    3142  3125  3148  3150
12161    3125  3142  3127  3150
12162    3140  3141  3143  3148
12163    3142  3140  3143  3148
12164    3141  3143  3148  3149
12165    3143  3142  3148  3150
12166    3143  3148  3149  3151
12167    3148  3143  3150  3151
12168    3119  3142  3144  3127
12169    3121  3119  3144  3127
12170    3142  3144  3127  3150
12171    3144  3121  3127  3129
12172    3144  3127  3150  3152
12173    3127  3144  3129  3152
12174    3142  3143  3145  3150
12175    3144  3142  3145  3150
12176    3143  3145  3150  3151
12177    3145  3144  3150  3152
12178    3145  3150  3151  3153
12179    3150  3145  3152  3153
12180    3121  3144  3146  3129
12181    3123  3121  3146  3129
12182    3144  3146  3129  3152
12183    3146  3123  3129  3131
12184    3146  3129  3152  3154
12185    3129  3146  3131  3154
12186    3144  3145  3147  3152
12187    3146  3144  3147  3152
12188    3145  3147  3152  3153
12189    3147  3146  3152  3154
12190    3147  3152  3153  3155
12191    3152  3147  3154  3155
12192    2947  2967  3156  2955
12193    3133  2947  3156  2955
12194    2967  3156  2955  2971
12195    3156  3133  2955  3141
12196    3156  2955  2971  3160
12197    2955  3156  3141  3160
12198    2967  2793  2976  2971
12199    3156  2967  2976  2971
12200    2793  2976  2971  2805
12201    2976  3156  2971  3160
12202    2976  2971  2805  2988
12203    2971  2976  3160  2988
12204    3133  3156  3157  3141
12205    3135  3133  3157  3141
12206    3156  3157  3141  3160
12207    3157  3135  3141  3143
12208    3157  3141  3160  3161
12209    3141  3157  3143  3161
12210    3156  2976  2979  3160
12211    3157  3156  2979  3160
12212    2976  2979  3160  2988
12213    2979  3157  3160  3161
12214    2979  3160  2988  2991
12215    3160  2979  3161  2991
12216    3135  3157  3158  3143
12217    3137  3135  3158  3143
12218    3157  3158  3143  3161
12219    3158  3137  3143  3145
12220    3158  3143  3161  3162
12221    3143  3158  3145  3162
12222    3157  2979  2982  3161
12223    3158  3157  2982  3161
12224    2979  2982  3161  2991
12225    2982  3158  3161  3162
12226    2982  3161  2991  2994
12227    3161  2982  3162  2994
12228    3137  3158  3159  3145
12229    3139  3137  3159  3145
12230    3158  3159  3145  3162
12231    3159  3139  3145  3147
12232    3159  3145  3162  3163
12233    3145  3159  3147  3163
12234    3158  2982  2985  3162
12235    3159  3158  2985  3162
12236    2982  2985  3162  2994
12237    2985  3159  3162  3163
12238    2985  3162  2994  2997
12239    3162  2985  3163  2997
12240    2955  2971  3160  2963
12241    3141  2955  3160  2963
12242    2971  3160  2963  2975
12243    3160  3141  2963  3149
12244    3160  2963  2975  3164
12245    2963  3160  3149  3164
12246    2971  2805  2988  2975
12247    3160  2971  2988  2975
12248    2805  2988  2975  2817
12249    2988  3160  2975  3164
12250    2988  2975  2817  3000
12251    2975  2988  3164  3000
12252    3141  3160  3161  3149
12253    3143  3141  3161  3149
12254    3160  3161  3149  3164
12255    3161  3143  3149  3151
12256    3161  3149  3164  3165
12257    3149  3161  3151  3165
12258    3160  2988  2991  3164
12259    3161  3160  2991  3164
12260    2988  2991  3164  3000
12261    2991  3161  3164  3165
12262    2991  3164  3000  3003
12263    3164  2991  3165  3003
12264    3143  3161  3162  3151
12265    3145  3143  3162  3151
12266    3161  3162  3151  3165
12267    3162  3145  3151  3153
12268    3162  3151  3165  3166
12269    3151  3162  3153  3166
12270    3161  2991  2994  3165
12271    3162  3161  2994  3165
12272    2991  2994  3165  3003
12273    2994  3162  3165  3166
12274    2994  3165  3003  3006
12275    3165  2994  3166  3006
12276    3145  3162  3163  3153
12277    3147  3145  3163  3153
12278    3162  3163  3153  3166
12279    3163  3147  3153  3155
12280    3163  3153  3166  3167
12281    3153  3163  3155  3167
12282    3162  2994  2997  3166
12283    3163  3162  2997  3166
12284    2994  2997  3166  3006
12285    2997  3163  3166  3167
12286    2997  3166  3006  3009
12287    3166  2997  3167  3009
12288    2985  2986  3169  2997
12289    3168  2985  3169  2997
12290    2986  3169  2997  2998
12291    3169  3168  2997  3180
12292    3169  2997  2998  3181
12293    2997  3169  3180  3181
12294    2986  2987  3170  2998
12295    3169  2986  3170  2998
12296    2987  3170  2998  2999
12297    3170  3169  2998  3181
12298    3170  2998  2999  3182
12299    2998  3170  3181  3182
12300    3168  3169  3172  3180
12301    3171  3168  3172  3180
12302    3169  3172  3180  3181
12303    3172  3171  3180  3183
12304    3172  3180  3181  3184
12305    3180  3172  3183  3184
12306    3169  3170  3173  3181
12307    3172  3169  3173  3181
12308    3170  3173  3181  3182
12309    3173  3172  3181  3184
12310    3173  3181  3182  3185
12311    3181  3173  3184  3185
12312    3171  3172  3175  3183
12313    3174  3171  3175  3183
12314    3172  3175  3183  3184
12315    3175  3174  3183  3186
12316    3175  3183  3184  3187
12317    3183  3175  3186  3187
12318    3172  3173  3176  3184
12319    3175  3172  3176  3184
12320    3173  3176  3184  3185
12321    3176  3175  3184  3187
12322    3176  3184  3185  3188
12323    3184  3176  3187  3188
12324    3174  3175  3178  3186
12325    3177  3174  3178  3186
12326    3175  3178  3186  3187
12327    3178  3177  3186  3189
12328    3178  3186  3187  3190
12329    3186  3178  3189  3190
12330    3175  3176  3179  3187
12331    3178  3175  3179  3187
12332    3176  3179  3187  3188
12333    3179  3178  3187  3190
12334    3179  3187  3188  3191
12335    3187  3179  3190  3191
12336    2997  2998  3181  3009
12337    3180  2997  3181  3009
12338    2998  3181  3009  3010
12339    3181  3180  3009  3192
12340    3181  3009  3010  3193
12341    3009  3181  3192  3193
12342    2998  2999  3182  3010
12343    3181  2998  3182  3010
12344    2999  3182  3010  3011
12345    3182  3181  3010  3193
12346    3182  3010  3011  3194
12347    3010  3182  3193  3194
12348    3180  3181  3184  3192
12349    3183  3180  3184  3192
12350    3181  3184  3192  3193
12351    3184  3183  3192  3195
12352    3184  3192  3193  3196
12353    3192  3184  3195  3196
12354    3181  3182  3185  3193
12355    3184  3181  3185  3193
12356    3182  3185  3193  3194
12357    3185  3184  3193  3196
12358    3185  3193  3194  3197
12359    3193  3185  3196  3197
12360    3183  3184  3187  3195
12361    3186  3183  3187  3195
12362    3184  3187  3195  3196
12363    3187  3186  3195  3198
12364    3187  3195  3196  3199
12365    3195  3187  3198  3199
12366    3184  3185  3188  3196
12367    3187  3184  3188  3196
12368    3185  3188  3196  3197
12369    3188  3187  3196  3199
12370    3188  3196  3197  3200
12371    3196  3188  3199  3200
12372    3186  3187  3190  3198
12373    3189  3186  3190  3198
12374    3187  3190  3198  3199
12375    3190  3189  3198  3201
12376    3190  3198  3199  3202
12377    3198  3190  3201  3202
12378    3187  3188  3191  3199
12379    3190  3187  3191  3199
12380    3188  3191  3199  3200
12381    3191  3190  3199  3202
12382    3191  3199  3200  3203
12383    3199  3191  3202  3203
12384    2987  3018  3204  2999
12385    3170  2987  3204  2999
12386    3018  3204  2999  3026
12387    3204  3170  2999  3182
12388    3204  2999  3026  3212
12389    2999  3204  3182  3212
12390    3018  3019  3205  3026
12391    3204  3018  3205  3026
12392    3019  3205  3026  3027
12393    3205  3204  3026  3212
12394    3205  3026  3027  3213
12395    3026  3205  3212  3213
12396    3170  3204  3206  3182
12397    3173  3170  3206  3182
12398    3204  3206  3182  3212
12399    3206  3173  3182  3185
12400    3206  3182  3212  3214
12401    3182  3206  3185  3214
12402    3204  3205  3207  3212
12403    3206  3204  3207  3212
12404    3205  3207  3212  3213
12405    3207  3206  3212  3214
12406    3207  3212  3213  3215
12407    3212  3207  3214  3215
12408    3173  3206  3208  3185
12409    3176  3173  3208  3185
12410    3206  3208  3185  3214
12411    3208  3176  3185  3188
12412    3208  3185  3214  3216
12413    3185  3208  3188  3216
12414    3206  3207  3209  3214
12415    3208  3206  3209  3214
12416    3207  3209  3214  3215
12417    3209  3208  3214  3216
12418    3209  3214  3215  3217
12419    3214  3209  3216  3217
12420    3176  3208  3210  3188
12421    3179  3176  3210  3188
12422    3208  3210  3188  3216
12423    3210  3179  3188  3191
12424    3210  3188  3216  3218
12425    3188  3210  3191  3218
12426    3208  3209  3211  3216
12427    3210  3208  3211  3216
12428    3209  3211  3216  3217
12429    3211  3210  3216  3218
12430    3211  3216  3217  3219
12431    3216  3211  3218  3219
12432    2999  3026  3212  3011
12433    3182  2999  3212  3011
12434    3026  3212  3011  3034
12435    3212  3182  3011  3194
12436    3212  3011  3034  3220
12437    3011  3212  3194  3220
12438    3026  3027  3213  3034
12439    3212  3026  3213  3034
12440    3027  3213  3034  3035
12441    3213  3212  3034  3220
12442    3213  3034  3035  3221
12443    3034  3213  3220  3221
12444    3182  3212  3214  3194
12445    3185  3182  3214  3194
12446    3212  3214  3194  3220
12447    3214  3185  3194  3197
12448    3214  3194  3220  3222
12449    3194  3214  3197  3222
12450    3212  3213  3215  3220
12451    3214  3212  3215  3220
12452    3213  3215  3220  3221
12453    3215  3214  3220  3222
12454    3215  3220  3221  3223
12455    3220  3215  3222  3223
12456    3185  3214  3216  3197
12457    3188  3185  3216  3197
12458    3214  3216  3197  3222
12459    3216  3188  3197  3200
12460    3216  3197  3222  3224
12461    3197  3216  3200  3224
12462    3214  3215  3217  3222
12463    3216  3214  3217  3222
12464    3215  3217  3222  3223
12465    3217  3216  3222  3224
12466    3217  3222  3223  3225
12467    3222  3217  3224  3225
12468    3188  3216  3218  3200
12469    3191  3188  3218  3200
12470    3216  3218  3200  3224
12471    3218  3191  3200  3203
12472    3218  3200  3224  3226
12473    3200  3218  3203  3226
12474    3216  3217  3219  3224
12475    3218  3216  3219  3224
12476    3217  3219  3224  3225
12477    3219  3218  3224  3226
12478    3219  3224  3225  3227
12479    3224  3219  3226  3227
12480    3019  3042  3228  3027
12481    3205  3019  3228  3027
12482    3042  3228  3027  3050
12483    3228  3205  3027  3213
12484    3228  3027  3050  3236
12485    3027  3228  3213  3236
12486    3042  3043  3229  3050
12487    3228  3042  3229  3050
12488    3043  3229  3050  3051
12489    3229  3228  3050  3236
12490    3229  3050  3051  3237
12491    3050  3229  3236  3237
12492    3205  3228  3230  3213
12493    3207  3205  3230  3213
12494    3228  3230  3213  3236
12495    3230  3207  3213  3215
12496    3230  3213  3236  3238
12497    3213  3230  3215  3238
12498    3228  3229  3231  3236
12499    3230  3228  3231  3236
12500    3229  3231  3236  3237
12501    3231  3230  3236  3238
12502    3231  3236  3237  3239
12503    3236  3231  3238  3239
12504    3207  3230  3232  3215
12505    3209  3207  3232  3215
12506    3230  3232  3215  3238
12507    3232  3209  3215  3217
12508    3232  3215  3238  3240
12509    3215  3232  3217  3240
12510    3230  3231  3233  3238
12511    3232  3230  3233  3238
12512    3231  3233  3238  3239
12513    3233  3232  3238  3240
12514    3233  3238  3239  3241
12515    3238  3233  3240  3241
12516    3209  3232  3234  3217
12517    3211  3209  3234  3217
12518    3232  3234  3217  3240
12519    3234  3211  3217  3219
12520    3234  3217  3240  3242
12521    3217  3234  3219  3242
12522    3232  3233  3235  3240
12523    3234  3232  3235  3240
12524    3233  3235  3240  3241
12525    3235  3234  3240  3242
12526    3235  3240  3241  3243
12527    3240  3235  3242  3243
12528    3027  3050  3236  3035
12529    3213  3027  3236  3035
12530    3050  3236  3035  3058
12531    3236  3213  3035  3221
12532    3236  3035  3058  3244
12533    3035  3236  3221  3244
12534    3050  3051  3237  3058
12535    3236  3050  3237  3058
12536    3051  3237  3058  3059
12537    3237  3236  3058  3244
12538    3237  3058  3059  3245
12539    3058  3237  3244  3245
12540    3213  3236  3238  3221
12541    3215  3213  3238  3221
12542    3236  3238  3221  3244
12543    3238  3215  3221  3223
12544    3238  3221  3244  3246
12545    3221  3238  3223  3246
12546    3236  3237  3239  3244
12547    3238  3236  3239  3244
12548    3237  3239  3244  3245
12549    3239  3238  3244  3246
12550    3239  3244  3245  3247
12551    3244  3239  3246  3247
12552    3215  3238  3240  3223
12553    3217  3215  3240  3223
12554    3238  3240  3223  3246
12555    3240  3217  3223  3225
12556    3240  3223  3246  3248
12557    3223  3240  3225  3248
12558    3238  3239  3241  3246
12559    3240  3238  3241  3246
12560    3239  3241  3246  3247
12561    3241  3240  3246  3248
12562    3241  3246  3247  3249
12563    3246  3241  3248  3249
12564    3217  3240  3242  3225
12565    3219  3217  3242  3225
12566    3240  3242  3225  3248
12567    3242  3219  3225  3227
12568    3242  3225  3248  3250
12569    3225  3242  3227  3250
12570    3240  3241  3243  3248
12571    3242  3240  3243  3248
12572    3241  3243  3248  3249
12573    3243  3242  3248  3250
12574    3243  3248  3249  3251
12575    3248  3243  3250  3251
12576    3043  3066  3252  3051
12577    3229  3043  3252  3051
12578    3066  3252  3051  3074
12579    3252  3229  3051  3237
12580    3252  3051  3074  3260
12581    3051  3252  3237  3260
12582    3066  3067  3253  3074
12583    3252  3066  3253  3074
12584    3067  3253  3074  3075
12585    3253  3252  3074  3260
12586    3253  3074  3075  3261
12587    3074  3253  3260  3261
12588    3229  3252  3254  3237
12589    3231  3229  3254  3237
12590    3252  3254  3237  3260
12591    3254  3231  3237  3239
12592    3254  3237  3260  3262
12593    3237  3254  3239  3262
12594    3252  3253  3255  3260
12595    3254  3252  3255  3260
12596    3253  3255  3260  3261
12597    3255  3254  3260  3262
12598    3255  3260  3261  3263
12599    3260  3255  3262  3263
12600    3231  3254  3256  3239
12601    3233  3231  3256  3239
12602    3254  3256  3239  3262
12603    3256  3233  3239  3241
12604    3256  3239  3262  3264
12605    3239  3256  3241  3264
12606    3254  3255  3257  3262
12607    3256  3254  3257  3262
12608    3255  3257  3262  3263
12609    3257  3256  3262  3264
12610    3257  3262  3263  3265
12611    3262  3257  3264  3265
12612    3233  3256  3258  3241
12613    3235  3233  3258  3241
12614    3256  3258  3241  3264
12615    3258  3235  3241  3243
12616    3258  3241  3264  3266
12617    3241  3258  3243  3266
12618    3256  3257  3259  3264
12619    3258  3256  3259  3264
12620    3257  3259  3264  3265
12621    3259  3258  3264  3266
12622    3259  3264  3265  3267
12623    3264  3259  3266  3267
12624    3051  3074  3260  3059
12625    3237  3051  3260  3059
12626    3074  3260  3059  3082
12627    3260  3237  3059  3245
12628    3260  3059  3082  3268
12629    3059  3260  3245  3268
12630    3074  3075  3261  3082
12631    3260  3074  3261  3082
12632    3075  3261  3082  3083
12633    3261  3260  3082  3268
12634    3261  3082  3083  3269
12635    3082  3261  3268  3269
12636    3237  3260  3262  3245
12637    3239  3237  3262  3245
12638    3260  3262  3245  3268
12639    3262  3239  3245  3247
12640    3262  3245  3268  3270
12641    3245  3262  3247  3270
12642    3260  3261  3263  3268
12643    3262  3260  3263  3268
12644    3261  3263  3268  3269
12645    3263  3262  3268  3270
12646    3263  3268  3269  3271
12647    3268  3263  3270  3271
12648    3239  3262  3264  3247
12649    3241  3239  3264  3247
12650    3262  3264  3247  3270
12651    3264  3241  3247  3249
12652    3264  3247  3270  3272
12653    3247  3264  3249  3272
12654    3262  3263  3265  3270
12655    3264  3262  3265  3270
12656    3263  3265  3270  3271
12657    3265  3264  3270  3272
12658    3265  3270  3271  3273
12659    3270  3265  3272  3273
12660    3241  3264  3266  3249
12661    3243  3241  3266  3249
12662    3264  3266  3249  3272
12663    3266  3243  3249  3251
12664    3266  3249  3272  3274
12665    3249  3266  3251  3274
12666    3264  3265  3267  3272
12667    3266  3264  3267  3272
12668    3265  3267  3272  3273
12669    3267  3266  3272  3274
12670    3267  3272  3273  3275
12671    3272  3267  3274  3275
12672    3067  3090  3276  3075
12673    3253  3067  3276  3075
12674    3090  3276  3075  3098
12675    3276  3253  3075  3261
12676    3276  3075  3098  3284
12677    3075  3276  3261  3284
12678    3090  3091  3277  3098
12679    3276  3090  3277  3098
12680    3091  3277  3098  3099
12681    3277  3276  3098  3284
12682    3277  3098  3099  3285
12683    3098  3277  3284  3285
12684    3253  3276  3278  3261
12685    3255  3253  3278  3261
12686    3276  3278  3261  3284
12687    3278  3255  3261  3263
12688    3278  3261  3284  3286
12689    3261  3278  3263  3286
12690    3276  3277  3279  3284
12691    3278  3276  3279  3284
12692    3277  3279  3284  3285
12693    3279  3278  3284  3286
12694    3279  3284  3285  3287
12695    3284  3279  3286  3287
12696    3255  3278  3280  3263
12697    3257  3255  3280  3263
12698    3278  3280  3263  3286
12699    3280  3257  3263  3265
12700    3280  3263  3286  3288
12701    3263  3280  3265  3288
12702    3278  3279  3281  3286
12703    3280  3278  3281  3286
12704    3279  3281  3286  3287
12705    3281  3280  3286  3288
12706    3281  3286  3287  3289
12707    3286  3281  3288  3289
12708    3257  3280  3282  3265
12709    3259  3257  3282  3265
12710    3280  3282  3265  3288
12711    3282  3259  3265  3267
12712    3282  3265  3288  3290
12713    3265  3282  3267  3290
12714    3280  3281  3283  3288
12715    3282  3280  3283  3288
12716    3281  3283  3288  3289
12717    3283  3282  3288  3290
12718    3283  3288  3289  3291
12719    3288  3283  3290  3291
12720    3075  3098  3284  3083
12721    3261  3075  3284  3083
12722    3098  3284  3083  3106
12723    3284  3261  3083  3269
12724    3284  3083  3106  3292
12725    3083  3284  3269  3292
12726    3098  3099  3285  3106
12727    3284  3098  3285  3106
12728    3099  3285  3106  3107
12729    3285  3284  3106  3292
12730    3285  3106  3107  3293
12731    3106  3285  3292  3293
12732    3261  3284  3286  3269
12733    3263  3261  3286  3269
12734    3284  3286  3269  3292
12735    3286  3263  3269  3271
12736    3286  3269  3292  3294
12737    3269  3286  3271  3294
12738    3284  3285  3287  3292
12739    3286  3284  3287  3292
12740    3285  3287  3292  3293
12741    3287  3286  3292  3294
12742    3287  3292  3293  3295
12743    3292  3287  3294  3295
12744    3263  3286  3288  3271
12745    3265  3263  3288  3271
12746    3286  3288  3271  3294
12747    3288  3265  3271  3273
12748    3288  3271  3294  3296
12749    3271  3288  3273  3296
12750    3286  3287  3289  3294
12751    3288  3286  3289  3294
12752    3287  3289  3294  3295
12753    3289  3288  3294  3296
12754    3289  3294  3295  3297
12755    3294  3289  3296  3297
12756    3265  3288  3290  3273
12757    3267  3265  3290  3273
12758    3288  3290  3273  3296
12759    3290  3267  3273  3275
12760    3290  3273  3296  3298
12761    3273  3290  3275  3298
12762    3288  3289  3291  3296
12763    3290  3288  3291  3296
12764    3289  3291  3296  3297
12765    3291  3290  3296  3298
12766    3291  3296  3297  3299
12767    3296  3291  3298  3299
12768    3091  3114  3300  3099
12769    3277  3091  3300  3099
12770    3114  3300  3099  3122
12771    3300  3277  3099  3285
12772    3300  3099  3122  3308
12773    3099  3300  3285  3308
12774    3114  3115  3301  3122
12775    3300  3114  3301  3122
12776    3115  3301  3122  3123
12777    3301  3300  3122  3308
12778    3301  3122  3123  3309
12779    3122  3301  3308  3309
12780    3277  3300  3302  3285
12781    3279  3277  3302  3285
12782    3300  3302  3285  3308
12783    3302  3279  3285  3287
12784    3302  3285  3308  3310
12785    3285  3302  3287  3310
12786    3300  3301  3303  3308
12787    3302  3300  3303  3308
12788    3301  3303  3308  3309
12789    3303  3302  3308  3310
12790    3303  3308  3309  3311
12791    3308  3303  3310  3311
12792    3279  3302  3304  3287
12793    3281  3279  3304  3287
12794    3302  3304  3287  3310
12795    3304  3281  3287  3289
12796    3304  3287  3310  3312
12797    3287  3304  3289  3312
12798    3302  3303  3305  3310
12799    3304  3302  3305  3310
12800    3303  3305  3310  3311
12801    3305  3304  3310  3312
12802    3305  3310  3311  3313
12803    3310  3305  3312  3313
12804    3281  3304  3306  3289
12805    3283  3281  3306  3289
12806    3304  3306  3289  3312
12807    3306  3283  3289  3291
12808    3306  3289  3312  3314
12809    3289  3306  3291  3314
12810    3304  3305  3307  3312
12811    3306  3304  3307  3312
12812    3305  3307  3312  3313
12813    3307  3306  3312  3314
12814    3307  3312  3313  3315
12815    3312  3307  3314  3315
12816    3099  3122  3308  3107
12817    3285  3099  3308  3107
12818    3122  3308  3107  3130
12819    3308  3285  3107  3293
12820    3308  3107  3130  3316
12821    3107  3308  3293  3316
12822    3122  3123  3309  3130
12823    3308  3122  3309  3130
12824    3123  3309  3130  3131
12825    3309  3308  3130  3316
12826    3309  3130  3131  3317
12827    3130  3309  3316  3317
12828    3285  3308  3310  3293
12829    3287  3285  3310  3293
12830    3308  3310  3293  3316
12831    3310  3287  3293  3295
12832    3310  3293  3316  3318
12833    3293  3310  3295  3318
12834    3308  3309  3311  3316
12835    3310  3308  3311  3316
12836    3309  3311  3316  3317
12837    3311  3310  3316  3318
12838    3311  3316  3317  3319
12839    3316  3311  3318  3319
12840    3287  3310  3312  3295
12841    3289  3287  3312  3295
12842    3310  3312  3295  3318
12843    3312  3289  3295  3297
12844    3312  3295  3318  3320
12845    3295  3312  3297  3320
12846    3310  3311  3313  3318
12847    3312  3310  3313  3318
12848    3311  3313  3318  3319
12849    3313  3312  3318  3320
12850    3313  3318  3319  3321
12851    3318  3313  3320  3321
12852    3289  3312  3314  3297
12853    3291  3289  3314  3297
12854    3312  3314  3297  3320
12855    3314  3291  3297  3299
12856    3314  3297  3320  3322
12857    3297  3314  3299  3322
12858    3312  3313  3315  3320
12859    3314  3312  3315  3320
12860    3313  3315  3320  3321
12861    3315  3314  3320  3322
12862    3315  3320  3321  3323
12863    3320  3315  3322  3323
12864    3115  3138  3324  3123
12865    3301  3115  3324  3123
12866    3138  3324  3123  3146
12867    3324  3301  3123  3309
12868    3324  3123  3146  3332
12869    3123  3324  3309  3332
12870    3138  3139  3325  3146
12871    3324  3138  3325  3146
12872    3139  3325  3146  3147
12873    3325  3324  3146  3332
12874    3325  3146  3147  3333
12875    3146  3325  3332  3333
12876    3301  3324  3326  3309
12877    3303  3301  3326  3309
12878    3324  3326  3309  3332
12879    3326  3303  3309  3311
12880    3326  3309  3332  3334
12881    3309  3326  3311  3334
12882    3324  3325  3327  3332
12883    3326  3324  3327  3332
12884    3325  3327  3332  3333
12885    3327  3326  3332  3334
12886    3327  3332  3333  3335
12887    3332  3327  3334  3335
12888    3303  3326  3328  3311
12889    3305  3303  3328  3311
12890    3326  3328  3311  3334
12891    3328  3305  3311  3313
12892    3328  3311  3334  3336
12893    3311  3328  3313  3336
12894    3326  3327  3329  3334
12895    3328  3326  3329  3334
12896    3327  3329  3334  3335
12897    3329  3328  3334  3336
12898    3329  3334  3335  3337
12899    3334  3329  3336  3337
12900    3305  3328  3330  3313
12901    3307  3305  3330  3313
12902    3328  3330  3313  3336
12903    3330  3307  3313  3315
12904    3330  3313  3336  3338
12905    3313  3330  3315  3338
12906    3328  3329  3331  3336
12907    3330  3328  3331  3336
12908    3329  3331  3336  3337
12909    3331  3330  3336  3338
12910    3331  3336  3337  3339
12911    3336  3331  3338  3339
12912    3123  3146  3332  3131
12913    3309  3123  3332  3131
12914    3146  3332  3131  3154
12915    3332  3309  3131  3317
12916    3332  3131  3154  3340
12917    3131  3332  3317  3340
12918    3146  3147  3333  3154
12919    3332  3146  3333  3154
12920    3147  3333  3154  3155
12921    3333  3332  3154  3340
12922    3333  3154  3155  3341
12923    3154  3333  3340  3341
12924    3309  3332  3334  3317
12925    3311  3309  3334  3317
12926    3332  3334  3317  3340
12927    3334  3311  3317  3319
12928    3334  3317  3340  3342
12929    3317  3334  3319  3342
12930    3332  3333  3335  3340
12931    3334  3332  3335  3340
12932    3333  3335  3340  3341
12933    3335  3334  3340  3342
12934    3335  3340  3341  3343
12935    3340  3335  3342  3343
12936    3311  3334  3336  3319
12937    3313  3311  3336  3319
12938    3334  3336  3319  3342
12939    3336  3313  3319  3321
12940    3336  3319  3342  3344
12941    3319  3336  3321  3344
12942    3334  3335  3337  3342
12943    3336  3334  3337  3342
12944    3335  3337  3342  3343
12945    3337  3336  3342  3344
12946    3337  3342  3343  3345
12947    3342  3337  3344  3345
12948    3313  3336  3338  3321
12949    3315  3313  3338  3321
12950    3336  3338  3321  3344
12951    3338  3315  3321  3323
12952    3338  3321  3344  3346
12953    3321  3338  3323  3346
12954    3336  3337  3339  3344
12955    3338  3336  3339  3344
12956    3337  3339  3344  3345
12957    3339  3338  3344  3346
12958    3339  3344  3345  3347
12959    3344  3339  3346  3347
12960    3139  3159  3348  3147
12961    3325  3139  3348  3147
12962    3159  3348  3147  3163
12963    3348  3325  3147  3333
12964    3348  3147  3163  3352
12965    3147  3348  3333  3352
12966    3159  2985  3168  3163
12967    3348  3159  3168  3163
12968    2985  3168  3163  2997
12969    3168  3348  3163  3352
12970    3168  3163  2997  3180
12971    3163  3168  3352  3180
12972    3325  3348  3349  3333
12973    3327  3325  3349  3333
12974    3348  3349  3333  3352
12975    3349  3327  3333  3335
12976    3349  3333  3352  3353
12977    3333  3349  3335  3353
12978    3348  3168  3171  3352
12979    3349  3348  3171  3352
12980    3168  3171  3352  3180
12981    3171  3349  3352  3353
12982    3171  3352  3180  3183
12983    3352  3171  3353  3183
12984    3327  3349  3350  3335
12985    3329  3327  3350  3335
12986    3349  3350  3335  3353
12987    3350  3329  3335  3337
12988    3350  3335  3353  3354
12989    3335  3350  3337  3354
12990    3349  3171  3174  3353
12991    3350  3349  3174  3353
12992    3171  3174  3353  3183
12993    3174  3350  3353  3354
12994    3174  3353  3183  3186
12995    3353  3174  3354  3186
12996    3329  3350  3351  3337
12997    3331  3329  3351  3337
12998    3350  3351  3337  3354
12999    3351  3331  3337  3339
13000    3351  3337  3354  3355
13001    3337  3351  3339  3355
13002    3350  3174  3177  3354
13003    3351  3350  3177  3354
13004    3174  3177  3354  3186
13005    3177  3351  3354  3355
13006    3177  3354  3186  3189
13007    3354  3177  3355  3189
13008    3147  3163  3352  3155
13009    3333  3147  3352  3155
13010    3163  3352  3155  3167
13011    3352  3333  3155  3341
13012    3352  3155  3167  3356
13013    3155  3352  3341  3356
13014    3163  2997  3180  3167
13015    3352  3163  3180  3167
13016    2997  3180  3167  3009
13017    3180  3352  3167  3356
13018    3180  3167  3009  3192
13019    3167  3180  3356  3192
13020    3333  3352  3353  3341
13021    3335  3333  3353  3341
13022    3352  3353  3341  3356
13023    3353  3335  3341  3343
13024    3353  3341  3356  3357
13025    3341  3353  3343  3357
13026    3352  3180  3183  3356
13027    3353  3352  3183  3356
13028    3180  3183  3356  3192
13029    3183  3353  3356  3357
13030    3183  3356  3192  3195
13031    3356  3183  3357  3195
13032    3335  3353  3354  3343
13033    3337  3335  3354  3343
13034    3353  3354  3343  3357
13035    3354  3337  3343  3345
13036    3354  3343  3357  3358
13037    3343  3354  3345  3358
13038    3353  3183  3186  3357
13039    3354  3353  3186  3357
13040    3183  3186  3357  3195
13041    3186  3354  3357  3358
13042    3186  3357  3195  3198
13043    3357  3186  3358  3198
13044    3337  3354  3355  3345
13045    3339  3337  3355  3345
13046    3354  3355  3345  3358
13047    3355  3339  3345  3347
13048    3355  3345  3358  3359
13049    3345  3355  3347  3359
13050    3354  3186  3189  3358
13051    3355  3354  3189  3358
13052    3186  3189  3358  3198
13053    3189  3355  3358  3359
13054    3189  3358  3198  3201
13055    3358  3189  3359  3201
13056    3177  3178  3361  3189
13057    3360  3177  3361  3189
13058    3178  3361  3189  3190
13059    3361  3360  3189  3372
13060    3361  3189  3190  3373
13061    3189  3361  3372  3373
13062    3178  3179  3362  3190
13063    3361  3178  3362  3190
13064    3179  3362  3190  3191
13065    3362  3361  3190  3373
13066    3362  3190  3191  3374
13067    3190  3362  3373  3374
13068    3360  3361  3364  3372
13069    3363  3360  3364  3372
13070    3361  3364  3372  3373
13071    3364  3363  3372  3375
13072    3364  3372  3373  3376
13073    3372  3364  3375  3376
13074    3361  3362  3365  3373
13075    3364  3361  3365  3373
13076    3362  3365  3373  3374
13077    3365  3364  3373  3376
13078    3365  3373  3374  3377
13079    3373  3365  3376  3377
13080    3363  3364  3367  3375
13081    3366  3363  3367  3375
13082    3364  3367  3375  3376
13083    3367  3366  3375  3378
13084    3367  3375  3376  3379
13085    3375  3367  3378  3379
13086    3364  3365  3368  3376
13087    3367  3364  3368  3376
13088    3365  3368  3376  3377
13089    3368  3367  3376  3379
13090    3368  3376  3377  3380
13091    3376  3368  3379  3380
13092    3366  3367  3370  3378
13093    3369  3366  3370  3378
13094    3367  3370  3378  3379
13095    3370  3369  3378  3381
13096    3370  3378  3379  3382
13097    3378  3370  3381  3382
13098    3367  3368  3371  3379
13099    3370  3367  3371  3379
13100    3368  3371  3379  3380
13101    3371  3370  3379  3382
13102    3371  3379  3380  3383
13103    3379  3371  3382  3383
13104    3189  3190  3373  3201
13105    3372  3189  3373  3201
13106    3190  3373  3201  3202
13107    3373  3372  3201  3384
13108    3373  3201  3202  3385
13109    3201  3373  3384  3385
13110    3190  3191  3374  3202
13111    3373  3190  3374  3202
13112    3191  3374  3202  3203
13113    3374  3373  3202  3385
13114    3374  3202  3203  3386
13115    3202  3374  3385  3386
13116    3372  3373  3376  3384
13117    3375  3372  3376  3384
13118    3373  3376  3384  3385
13119    3376  3375  3384  3387
13120    3376  3384  3385  3388
13121    3384  3376  3387  3388
13122    3373  3374  3377  3385
13123    3376  3373  3377  3385
13124    3374  3377  3385  3386
13125    3377  3376  3385  3388
13126    3377  3385  3386  3389
13127    3385  3377  3388  3389
13128    3375  3376  3379  3387
13129    3378  3375  3379  3387
13130    3376  3379  3387  3388
13131    3379  3378  3387  3390
13132    3379  3387  3388  3391
13133    3387  3379  3390  3391
13134    3376  3377  3380  3388
13135    3379  3376  3380  3388
13136    3377  3380  3388  3389
13137    3380  3379  3388  3391
13138    3380  3388  3389  3392
13139    3388  3380  3391  3392
13140    3378  3379  3382  3390
13141    3381  3378  3382  3390
13142    3379  3382  3390  3391
13143    3382  3381  3390  3393
13144    3382  3390  3391  3394
13145    3390  3382  3393  3394
13146    3379  3380  3383  3391
13147    3382  3379  3383  3391
13148    3380  3383  3391  3392
13149    3383  3382  3391  3394
13150    3383  3391  3392  3395
13151    3391  3383  3394  3395
13152    3179  3210  3396  3191
13153    3362  3179  3396  3191
13154    3210  3396  3191  3218
13155    3396  3362  3191  3374
13156    3396  3191  3218  3404
13157    3191  3396  3374  3404
13158    3210  3211  3397  3218
13159    3396  3210  3397  3218
13160    3211  3397  3218  3219
13161    3397  3396  3218  3404
13162    3397  3218  3219  3405
13163    3218  3397  3404  3405
13164    3362  3396  3398  3374
13165    3365  3362  3398  3374
13166    3396  3398  3374  3404
13167    3398  3365  3374  3377
13168    3398  3374  3404  3406
13169    3374  3398  3377  3406
13170    3396  3397  3399  3404
13171    3398  3396  3399  3404
13172    3397  3399  3404  3405
13173    3399  3398  3404  3406
13174    3399  3404  3405  3407
13175    3404  3399  3406  3407
13176    3365  3398  3400  3377
13177    3368  3365  3400  3377
13178    3398  3400  3377  3406
13179    3400  3368  3377  3380
13180    3400  3377  3406  3408
13181    3377  3400  3380  3408
13182    3398  3399  3401  3406
13183    3400  3398  3401  3406
13184    3399  3401  3406  3407
13185    3401  3400  3406  3408
13186    3401  3406  3407  3409
13187    3406  3401  3408  3409
13188    3368  3400  3402  3380
13189    3371  3368  3402  3380
13190    3400  3402  3380  3408
13191    3402  3371  3380  3383
13192    3402  3380  3408  3410
13193    3380  3402  3383  3410
13194    3400  3401  3403  3408
13195    3402  3400  3403  3408
13196    3401  3403  3408  3409
13197    3403  3402  3408  3410
13198    3403  3408  3409  3411
13199    3408  3403  3410  3411
13200    3191  3218  3404  3203
13201    3374  3191  3404  3203
13202    3218  3404  3203  3226
13203    3404  3374  3203  3386
13204    3404  3203  3226  3412
13205    3203  3404  3386  3412
13206    3218  3219  3405  3226
13207    3404  3218  3405  3226
13208    3219  3405  3226  3227
13209    3405  3404  3226  3412
13210    3405  3226  3227  3413
13211    3226  3405  3412  3413
13212    3374  3404  3406  3386
13213    3377  3374  3406  3386
13214    3404  3406  3386  3412
13215    3406  3377  3386  3389
13216    3406  3386  3412  3414
13217    3386  3406  3389  3414
13218    3404  3405  3407  3412
13219    3406  3404  3407  3412
13220    3405  3407  3412  3413
13221    3407  3406  3412  3414
13222    3407  3412  3413  3415
13223    3412  3407  3414  3415
13224    3377  3406  3408  3389
13225    3380  3377  3408  3389
13226    3406  3408  3389  3414
13227    3408  3380  3389  3392
13228    3408  3389  3414  3416
13229    3389  3408  3392  3416
13230    3406  3407  3409  3414
13231    3408  3406  3409  3414
13232    3407  3409  3414  3415
13233    3409  3408  3414  3416
13234    3409  3414  3415  3417
13235    3414  3409  3416  3417
13236    3380  3408  3410  3392
13237    3383  3380  3410  3392
13238    3408  3410  3392  3416
13239    3410  3383  3392  3395
13240    3410  3392  3416  3418
13241    3392  3410  3395  3418
13242    3408  3409  3411  3416
13243    3410  3408  3411  3416
13244    3409  3411  3416  3417
13245    3411  3410  3416  3418
13246    3411  3416  3417  3419
13247    3416  3411  3418  3419
13248    3211  3234  3420  3219
13249    3397  3211  3420  3219
13250    3234  3420  3219  3242
13251    3420  3397  3219  3405
13252    3420  3219  3242  3428
13253    3219  3420  3405  3428
13254    3234  3235  3421  3242
13255    3420  3234  3421  3242
13256    3235  3421  3242  3243
13257    3421  3420  3242  3428
13258    3421  3242  3243  3429
13259    3242  3421  3428  3429
13260    3397  3420  3422  3405
13261    3399  3397  3422  3405
13262    3420  3422  3405  3428
13263    3422  3399  3405  3407
13264    3422  3405  3428  3430
13265    3405  3422  3407  3430
13266    3420  3421  3423  3428
13267    3422  3420  3423  3428
13268    3421  3423  3428  3429
13269    3423  3422  3428  3430
13270    3423  3428  3429  3431
13271    3428  3423  3430  3431
13272    3399  3422  3424  3407
13273    3401  3399  3424  3407
13274    3422  3424  3407  3430
13275    3424  3401  3407  3409
13276    3424  3407  3430  3432
13277    3407  3424  3409  3432
13278    3422  3423  3425  3430
13279    3424  3422  3425  3430
13280    3423  3425  3430  3431
13281    3425  3424  3430  3432
13282    3425  3430  3431  3433
13283    3430  3425  3432  3433
13284    3401  3424  3426  3409
13285    3403  3401  3426  3409
13286    3424  3426  3409  3432
13287    3426  3403  3409  3411
13288    3426  3409  3432  3434
13289    3409  3426  3411  3434
13290    3424  3425  3427  3432
13291    3426  3424  3427  3432
13292    3425  3427  3432  3433
13293    3427  3426  3432  3434
13294    3427  3432  3433  3435
13295    3432  3427  3434  3435
13296    3219  3242  3428  3227
13297    3405  3219  3428  3227
13298    3242  3428  3227  3250
13299    3428  3405  3227  3413
13300    3428  3227  3250  3436
13301    3227  3428  3413  3436
13302    3242  3243  3429  3250
13303    3428  3242  3429  3250
13304    3243  3429  3250  3251
13305    3429  3428  3250  3436
13306    3429  3250  3251  3437
13307    3250  3429  3436  3437
13308    3405  3428  3430  3413
13309    3407  3405  3430  3413
13310    3428  3430  3413  3436
13311    3430  3407  3413  3415
13312    3430  3413  3436  3438
13313    3413  3430  3415  3438
13314    3428  3429  3431  3436
13315    3430  3428  3431  3436
13316    3429  3431  3436  3437
13317    3431  3430  3436  3438
13318    3431  3436  3437  3439
13319    3436  3431  3438  3439
13320    3407  3430  3432  3415
13321    3409  3407  3432  3415
13322    3430  3432  3415  3438
13323    3432  3409  3415  3417
13324    3432  3415  3438  3440
13325    3415  3432  3417  3440
13326    3430  3431  3433  3438
13327    3432  3430  3433  3438
13328    3431  3433  3438  3439
13329    3433  3432  3438  3440
13330    3433  3438  3439  3441
13331    3438  3433  3440  3441
13332    3409  3432  3434  3417
13333    3411  3409  3434  3417
13334    3432  3434  3417  3440
13335    3434  3411  3417  3419
13336    3434  3417  3440  3442
13337    3417  3434  3419  3442
13338    3432  3433  3435  3440
13339    3434  3432  3435  3440
13340    3433  3435  3440  3441
13341    3435  3434  3440  3442
13342    3435  3440  3441  3443
13343    3440  3435  3442  3443
13344    3235  3258  3444  3243
13345    3421  3235  3444  3243
13346    3258  3444  3243  3266
13347    3444  3421  3243  3429
13348    3444  3243  3266  3452
13349    3243  3444  3429  3452
13350    3258  3259  3445  3266
13351    3444  3258  3445  3266
13352    3259  3445  3266  3267
13353    3445  3444  3266  3452
13354    3445  3266  3267  3453
13355    3266  3445  3452  3453
13356    3421  3444  3446  3429
13357    3423  3421  3446  3429
13358    3444  3446  3429  3452
13359    3446  3423  3429  3431
13360    3446  3429  3452  3454
13361    3429  3446  3431  3454
13362    3444  3445  3447  3452
13363    3446  3444  3447  3452
13364    3445  3447  3452  3453
13365    3447  3446  3452  3454
13366    3447  3452  3453  3455
13367    3452  3447  3454  3455
13368    3423  3446  3448  3431
13369    3425  3423  3448  3431
13370    3446  3448  3431  3454
13371    3448  3425  3431  3433
13372    3448  3431  3454  3456
13373    3431  3448  3433  3456
13374    3446  3447  3449  3454
13375    3448  3446  3449  3454
13376    3447  3449  3454  3455
13377    3449  3448  3454  3456
13378    3449  3454  3455  3457
13379    3454  3449  3456  3457
13380    3425  3448  3450  3433
13381    3427  3425  3450  3433
13382    3448  3450  3433  3456
13383    3450  3427  3433  3435
13384    3450  3433  3456  3458
13385    3433  3450  3435  3458
13386    3448  3449  3451  3456
13387    3450  3448  3451  3456
13388    3449  3451  3456  3457
13389    3451  3450  3456  3458
13390    3451  3456  3457  3459
13391    3456  3451  3458  3459
13392    3243  3266  3452  3251
13393    3429  3243  3452  3251
13394    3266  3452  3251  3274
13395    3452  3429  3251  3437
13396    3452  3251  3274  3460
13397    3251  3452  3437  3460
13398    3266  3267  3453  3274
13399    3452  3266  3453  3274
13400    3267  3453  3274  3275
13401    3453  3452  3274  3460
13402    3453  3274  3275  3461
13403    3274  3453  3460  3461
13404    3429  3452  3454  3437
13405    3431  3429  3454  3437
13406    3452  3454  3437  3460
13407    3454  3431  3437  3439
13408    3454  3437  3460  3462
13409    3437  3454  3439  3462
13410    3452  3453  3455  3460
13411    3454  3452  3455  3460
13412    3453  3455  3460  3461
13413    3455  3454  3460  3462
13414    3455  3460  3461  3463
13415    3460  3455  3462  3463
13416    3431  3454  3456  3439
13417    3433  3431  3456  3439
13418    3454  3456  3439  3462
13419    3456  3433  3439  3441
13420    3456  3439  3462  3464
13421    3439  3456  3441  3464
13422    3454  3455  3457  3462
13423    3456  3454  3457  3462
13424    3455  3457  3462  3463
13425    3457  3456  3462  3464
13426    3457  3462  3463  3465
13427    3462  3457  3464  3465
13428    3433  3456  3458  3441
13429    3435  3433  3458  3441
13430    3456  3458  3441  3464
13431    3458  3435  3441  3443
13432    3458  3441  3464  3466
13433    3441  3458  3443  3466
13434    3456  3457  3459  3464
13435    3458  3456  3459  3464
13436    3457  3459  3464  3465
13437    3459  3458  3464  3466
13438    3459  3464  3465  3467
13439    3464  3459  3466  3467
13440    3259  3282  3468  3267
13441    3445  3259  3468  3267
13442    3282  3468  3267  3290
13443    3468  3445  3267  3453
13444    3468  3267  3290  3476
13445    3267  3468  3453  3476
13446    3282  3283  3469  3290
13447    3468  3282  3469  3290
13448    3283  3469  3290  3291
13449    3469  3468  3290  3476
13450    3469  3290  3291  3477
13451    3290  3469  3476  3477
13452    3445  3468  3470  3453
13453    3447  3445  3470  3453
13454    3468  3470  3453  3476
13455    3470  3447  3453  3455
13456    3470  3453  3476  3478
13457    3453  3470  3455  3478
13458    3468  3469  3471  3476
13459    3470  3468  3471  3476
13460    3469  3471  3476  3477
13461    3471  3470  3476  3478
13462    3471  3476  3477  3479
13463    3476  3471  3478  3479
13464    3447  3470  3472  3455
13465    3449  3447  3472  3455
13466    3470  3472  3455  3478
13467    3472  3449  3455  3457
13468    3472  3455  3478  3480
13469    3455  3472  3457  3480
13470    3470  3471  3473  3478
13471    3472  3470  3473  3478
13472    3471  3473  3478  3479
13473    3473  3472  3478  3480
13474    3473  3478  3479  3481
13475    3478  3473  3480  3481
13476    3449  3472  3474  3457
13477    3451  3449  3474  3457
13478    3472  3474  3457  3480
13479    3474  3451  3457  3459
13480    3474  3457  3480  3482
13481    3457  3474  3459  3482
13482    3472  3473  3475  3480
13483    3474  3472  3475  3480
13484    3473  3475  3480  3481
13485    3475  3474  3480  3482
13486    3475  3480  3481  3483
13487    3480  3475  3482  3483
13488    3267  3290  3476  3275
13489    3453  3267  3476  3275
13490    3290  3476  3275  3298
13491    3476  3453  3275  3461
13492    3476  3275  3298  3484
13493    3275  3476  3461  3484
13494    3290  3291  3477  3298
13495    3476  3290  3477  3298
13496    3291  3477  3298  3299
13497    3477  3476  3298  3484
13498    3477  3298  3299  3485
13499    3298  3477  3484  3485
13500    3453  3476  3478  3461
13501    3455  3453  3478  3461
13502    3476  3478  3461  3484
13503    3478  3455  3461  3463
13504    3478  3461  3484  3486
13505    3461  3478  3463  3486
13506    3476  3477  3479  3484
13507    3478  3476  3479  3484
13508    3477  3479  3484  3485
13509    3479  3478  3484  3486
13510    3479  3484  3485  3487
13511    3484  3479  3486  3487
13512    3455  3478  3480  3463
13513    3457  3455  3480  3463
13514    3478  3480  3463  3486
13515    3480  3457  3463  3465
13516    3480  3463  3486  3488
13517    3463  3480  3465  3488
13518    3478  3479  3481  3486
13519    3480  3478  3481  3486
13520    3479  3481  3486  3487
13521    3481  3480  3486  3488
13522    3481  3486  3487  3489
13523    3486  3481  3488  3489
13524    3457  3480  3482  3465
13525    3459  3457  3482  3465
13526    3480  3482  3465  3488
13527    3482  3459  3465  3467
13528    3482  3465  3488  3490
13529    3465  3482  3467  3490
13530    3480  3481  3483  3488
13531    3482  3480  3483  3488
13532    3481  3483  3488  3489
13533    3483  3482  3488  3490
13534    3483  3488  3489  3491
13535    3488  3483  3490  3491
13536    3283  3306  3492  3291
13537    3469  3283  3492  3291
13538    3306  3492  3291  3314
13539    3492  3469  3291  3477
13540    3492  3291  3314  3500
13541    3291  3492  3477  3500
13542    3306  3307  3493  3314
13543    3492  3306  3493  3314
13544    3307  3493  3314  3315
13545    3493  3492  3314  3500
13546    3493  3314  3315  3501
13547    3314  3493  3500  3501
13548    3469  3492  3494  3477
13549    3471  3469  3494  3477
13550    3492  3494  3477  3500
13551    3494  3471  3477  3479
13552    3494  3477  3500  3502
13553    3477  3494  3479  3502
13554    3492  3493  3495  3500
13555    3494  3492  3495  3500
13556    3493  3495  3500  3501
13557    3495  3494  3500  3502
13558    3495  3500  3501  3503
13559    3500  3495  3502  3503
13560    3471  3494  3496  3479
13561    3473  3471  3496  3479
13562    3494  3496  3479  3502
13563    3496  3473  3479  3481
13564    3496  3479  3502  3504
13565    3479  3496  3481  3504
13566    3494  3495  3497  3502
13567    3496  3494  3497  3502
13568    3495  3497  3502  3503
13569    3497  3496  3502  3504
13570    3497  3502  3503  3505
13571    3502  3497  3504  3505
13572    3473  3496  3498  3481
13573    3475  3473  3498  3481
13574    3496  3498  3481  3504
13575    3498  3475  3481  3483
13576    3498  3481  3504  3506
13577    3481  3498  3483  3506
13578    3496  3497  3499  3504
13579    3498  3496  3499  3504
13580    3497  3499  3504  3505
13581    3499  3498  3504  3506
13582    3499  3504  3505  3507
13583    3504  3499  3506  3507
13584    3291  3314  3500  3299
13585    3477  3291  3500  3299
13586    3314  3500  3299  3322
13587    3500  3477  3299  3485
13588    3500  3299  3322  3508
13589    3299  3500  3485  3508
13590    3314  3315  3501  3322
13591    3500  3314  3501  3322
13592    3315  3501  3322  3323
13593    3501  3500  3322  3508
13594    3501  3322  3323  3509
13595    3322  3501  3508  3509
13596    3477  3500  3502  3485
13597    3479  3477  3502  3485
13598    3500  3502  3485  3508
13599    3502  3479  3485  3487
13600    3502  3485  3508  3510
13601    3485  3502  3487  3510
13602    3500  3501  3503  3508
13603    3502  3500  3503  3508
13604    3501  3503  3508  3509
13605    3503  3502  3508  3510
13606    3503  3508  3509  3511
13607    3508  3503  3510  3511
13608    3479  3502  3504  3487
13609    3481  3479  3504  3487
13610    3502  3504  3487  3510
13611    3504  3481  3487  3489
13612    3504  3487  3510  3512
13613    3487  3504  3489  3512
13614    3502  3503  3505  3510
13615    3504  3502  3505  3510
13616    3503  3505  3510  3511
13617    3505  3504  3510  3512
13618    3505  3510  3511  3513
13619    3510  3505  3512  3513
13620    3481  3504  3506  3489
13621    3483  3481  3506  3489
13622    3504  3506  3489  3512
13623    3506  3483  3489  3491
13624    3506  3489  3512  3514
13625    3489  3506  3491  3514
13626    3504  3505  3507  3512
13627    3506  3504  3507  3512
13628    3505  3507  3512  3513
13629    3507  3506  3512  3514
13630    3507  3512  3513  3515
13631    3512  3507  3514  3515
13632    3307  3330  3516  3315
13633    3493  3307  3516  3315
13634    3330  3516  3315  3338
13635    3516  3493  3315  3501
13636    3516  3315  3338  3524
13637    3315  3516  3501  3524
13638    3330  3331  3517  3338
13639    3516  3330  3517  3338
13640    3331  3517  3338  3339
13641    3517  3516  3338  3524
13642    3517  3338  3339  3525
13643    3338  3517  3524  3525
13644    3493  3516  3518  3501
13645    3495  3493  3518  3501
13646    3516  3518  3501  3524
13647    3518  3495  3501  3503
13648    3518  3501  3524  3526
13649    3501  3518  3503  3526
13650    3516  3517  3519  3524
13651    3518  3516  3519  3524
13652    3517  3519  3524  3525
13653    3519  3518  3524  3526
13654    3519  3524  3525  3527
13655    3524  3519  3526  3527
13656    3495  3518  3520  3503
13657    3497  3495  3520  3503
13658    3518  3520  3503  3526
13659    3520  3497  3503  3505
13660    3520  3503  3526  3528
13661    3503  3520  3505  3528
13662    3518  3519  3521  3526
13663    3520  3518  3521  3526
13664    3519  3521  3526  3527
13665    3521  3520  3526  3528
13666    3521  3526  3527  3529
13667    3526  3521  3528  3529
13668    3497  3520  3522  3505
13669    3499  3497  3522  3505
13670    3520  3522  3505  3528
13671    3522  3499  3505  3507
13672    3522  3505  3528  3530
13673    3505  3522  3507  3530
13674    3520  3521  3523  3528
13675    3522  3520  3523  3528
13676    3521  3523  3528  3529
13677    3523  3522  3528  3530
13678    3523  3528  3529  3531
13679    3528  3523  3530  3531
13680    3315  3338  3524  3323
13681    3501  3315  3524  3323
13682    3338  3524  3323  3346
13683    3524  3501  3323  3509
13684    3524  3323  3346  3532
13685    3323  3524  3509  3532
13686    3338  3339  3525  3346
13687    3524  3338  3525  3346
13688    3339  3525  3346  3347
13689    3525  3524  3346  3532
13690    3525  3346  3347  3533
13691    3346  3525  3532  3533
13692    3501  3524  3526  3509
13693    3503  3501  3526  3509
13694    3524  3526  3509  3532
13695    3526  3503  3509  3511
13696    3526  3509  3532  3534
13697    3509  3526  3511  3534
13698    3524  3525  3527  3532
13699    3526  3524  3527  3532
13700    3525  3527  3532  3533
13701    3527  3526  3532  3534
13702    3527  3532  3533  3535
13703    3532  3527  3534  3535
13704    3503  3526  3528  3511
13705    3505  3503  3528  3511
13706    3526  3528  3511  3534
13707    3528  3505  3511  3513
13708    3528  3511  3534  3536
13709    3511  3528  3513  3536
13710    3526  3527  3529  3534
13711    3528  3526  3529  3534
13712    3527  3529  3534  3535
13713    3529  3528  3534  3536
13714    3529  3534  3535  3537
13715    3534  3529  3536  3537
13716    3505  3528  3530  3513
13717    3507  3505  3530  3513
13718    3528  3530  3513  3536
13719    3530  3507  3513  3515
13720    3530  3513  3536  3538
13721    3513  3530  3515  3538
13722    3528  3529  3531  3536
13723    3530  3528  3531  3536
13724    3529  3531  3536  3537
13725    3531  3530  3536  3538
13726    3531  3536  3537  3539
13727    3536  3531  3538  3539
13728    3331  3351  3540  3339
13729    3517  3331  3540  3339
13730    3351  3540  3339  3355
13731    3540  3517  3339  3525
13732    3540  3339  3355  3544
13733    3339  3540  3525  3544
13734    3351  3177  3360  3355
13735    3540  3351  3360  3355
13736    3177  3360  3355  3189
13737    3360  3540  3355  3544
13738    3360  3355  3189  3372
13739    3355  3360  3544  3372
13740    3517  3540  3541  3525
13741    3519  3517  3541  3525
13742    3540  3541  3525  3544
13743    3541  3519  3525  3527
13744    3541  3525  3544  3545
13745    3525  3541  3527  3545
13746    3540  3360  3363  3544
13747    3541  3540  3363  3544
13748    3360  3363  3544  3372
13749    3363  3541  3544  3545
13750    3363  3544  3372  3375
13751    3544  3363  3545  3375
13752    3519  3541  3542  3527
13753    3521  3519  3542  3527
13754    3541  3542  3527  3545
13755    3542  3521  3527  3529
13756    3542  3527  3545  3546
13757    3527  3542  3529  3546
13758    3541  3363  3366  3545
13759    3542  3541  3366  3545
13760    3363  3366  3545  3375
13761    3366  3542  3545  3546
13762    3366  3545  3375  3378
13763    3545  3366  3546  3378
13764    3521  3542  3543  3529
13765    3523  3521  3543  3529
13766    3542  3543  3529  3546
13767    3543  3523  3529  3531
13768    3543  3529  3546  3547
13769    3529  3543  3531  3547
13770    3542  3366  3369  3546
13771    3543  3542  3369  3546
13772    3366  3369  3546  3378
13773    3369  3543  3546  3547
13774    3369  3546  3378  3381
13775    3546  3369  3547  3381
13776    3339  3355  3544  3347
13777    3525  3339  3544  3347
13778    3355  3544  3347  3359
13779    3544  3525  3347  3533
13780    3544  3347  3359  3548
13781    3347  3544  3533  3548
13782    3355  3189  3372  3359
13783    3544  3355  3372  3359
13784    3189  3372  3359  3201
13785    3372  3544  3359  3548
13786    3372  3359  3201  3384
13787    3359  3372  3548  3384
13788    3525  3544  3545  3533
13789    3527  3525  3545  3533
13790    3544  3545  3533  3548
13791    3545  3527  3533  3535
13792    3545  3533  3548  3549
13793    3533  3545  3535  3549
13794    3544  3372  3375  3548
13795    3545  3544  3375  3548
13796    3372  3375  3548  3384
13797    3375  3545  3548  3549
13798    3375  3548  3384  3387
13799    3548  3375  3549  3387
13800    3527  3545  3546  3535
13801    3529  3527  3546  3535
13802    3545  3546  3535  3549
13803    3546  3529  3535  3537
13804    3546  3535  3549  3550
13805    3535  3546  3537  3550
13806    3545  3375  3378  3549
13807    3546  3545  3378  3549
13808    3375  3378  3549  3387
13809    3378  3546  3549  3550
13810    3378  3549  3387  3390
13811    3549  3378  3550  3390
13812    3529  3546  3547  3537
13813    3531  3529  3547  3537
13814    3546  3547  3537  3550
13815    3547  3531  3537  3539
13816    3547  3537  3550  3551
13817    3537  3547  3539  3551
13818    3546  3378  3381  3550
13819    3547  3546  3381  3550
13820    3378  3381  3550  3390
13821    3381  3547  3550  3551
13822    3381  3550  3390  3393
13823    3550  3381  3551  3393
13824    3369  3370  3553  3381
13825    3552  3369  3553  3381
13826    3370  3553  3381  3382
13827    3553  3552  3381  3564
13828    3553  3381  3382  3565
13829    3381  3553  3564  3565
13830    3370  3371  3554  3382
13831    3553  3370  3554  3382
13832    3371  3554  3382  3383
13833    3554  3553  3382  3565
13834    3554  3382  3383  3566
13835    3382  3554  3565  3566
13836    3552  3553  3556  3564
13837    3555  3552  3556  3564
13838    3553  3556  3564  3565
13839    3556  3555  3564  3567
13840    3556  3564  3565  3568
13841    3564  3556  3567  3568
13842    3553  3554  3557  3565
13843    3556  3553  3557  3565
13844    3554  3557  3565  3566
13845    3557  3556  3565  3568
13846    3557  3565  3566  3569
13847    3565  3557  3568  3569
13848    3555  3556  3559  3567
13849    3558  3555  3559  3567
13850    3556  3559  3567  3568
13851    3559  3558  3567  3570
13852    3559  3567  3568  3571
13853    3567  3559  3570  3571
13854    3556  3557  3560  3568
13855    3559  3556  3560  3568
13856    3557  3560  3568  3569
13857    3560  3559  3568  3571
13858    3560  3568  3569  3572
13859    3568  3560  3571  3572
13860    3558  3559  3562  3570
13861    3561  3558  3562  3570
13862    3559  3562  3570  3571
13863    3562  3561  3570  3573
13864    3562  3570  3571  3574
13865    3570  3562  3573  3574
13866    3559  3560  3563  3571
13867    3562  3559  3563  3571
13868    3560  3563  3571  3572
13869    3563  3562  3571  3574
13870    3563  3571  3572  3575
13871    3571  3563  3574  3575
13872    3381  3382  3565  3393
13873    3564  3381  3565  3393
13874    3382  3565  3393  3394
13875    3565  3564  3393  3576
13876    3565  3393  3394  3577
13877    3393  3565  3576  3577
13878    3382  3383  3566  3394
13879    3565  3382  3566  3394
13880    3383  3566  3394  3395
13881    3566  3565  3394  3577
13882    3566  3394  3395  3578
13883    3394  3566  3577  3578
13884    3564  3565  3568  3576
13885    3567  3564  3568  3576
13886    3565  3568  3576  3577
13887    3568  3567  3576  3579
13888    3568  3576  3577  3580
13889    3576  3568  3579  3580
13890    3565  3566  3569  3577
13891    3568  3565  3569  3577
13892    3566  3569  3577  3578
13893    3569  3568  3577  3580
13894    3569  3577  3578  3581
13895    3577  3569  3580  3581
13896    3567  3568  3571  3579
13897    3570  3567  3571  3579
13898    3568  3571  3579  3580
13899    3571  3570  3579  3582
13900    3571  3579  3580  3583
13901    3579  3571  3582  3583
13902    3568  3569  3572  3580
13903    3571  3568  3572  3580
13904    3569  3572  3580  3581
13905    3572  3571  3580  3583
13906    3572  3580  3581  3584
13907    3580  3572  3583  3584
13908    3570  3571  3574  3582
13909    3573  3570  3574  3582
13910    3571  3574  3582  3583
13911    3574  3573  3582  3585
13912    3574  3582  3583  3586
13913    3582  3574  3585  3586
13914    3571  3572  3575  3583
13915    3574  3571  3575  3583
13916    3572  3575  3583  3584
13917    3575  3574  3583  3586
13918    3575  3583  3584  3587
13919    3583  3575  3586  3587
13920    3371  3402  3588  3383
13921    3554  3371  3588  3383
13922    3402  3588  3383  3410
13923    3588  3554  3383  3566
13924    3588  3383  3410  3596
13925    3383  3588  3566  3596
13926    3402  3403  3589  3410
13927    3588  3402  3589  3410
13928    3403  3589  3410  3411
13929    3589  3588  3410  3596
13930    3589  3410  3411  3597
13931    3410  3589  3596  3597
13932    3554  3588  3590  3566
13933    3557  3554  3590  3566
13934    3588  3590  3566  3596
13935    3590  3557  3566  3569
13936    3590  3566  3596  3598
13937    3566  3590  3569  3598
13938    3588  3589  3591  3596
13939    3590  3588  3591  3596
13940    3589  3591  3596  3597
13941    3591  3590  3596  3598
13942    3591  3596  3597  3599
13943    3596  3591  3598  3599
13944    3557  3590  3592  3569
13945    3560  3557  3592  3569
13946    3590  3592  3569  3598
13947    3592  3560  3569  3572
13948    3592  3569  3598  3600
13949    3569  3592  3572  3600
13950    3590  3591  3593  3598
13951    3592  3590  3593  3598
13952    3591  3593  3598  3599
13953    3593  3592  3598  3600
13954    3593  3598  3599  3601
13955    3598  3593  3600  3601
13956    3560  3592  3594  3572
13957    3563  3560  3594  3572
13958    3592  3594  3572  3600
13959    3594  3563  3572  3575
13960    3594  3572  3600  3602
13961    3572  3594  3575  3602
13962    3592  3593  3595  3600
13963    3594  3592  3595  3600
13964    3593  3595  3600  3601
13965    3595  3594  3600  3602
13966    3595  3600  3601  3603
13967    3600  3595  3602  3603
13968    3383  3410  3596  3395
13969    3566  3383  3596  3395
13970    3410  3596  3395  3418
13971    3596  3566  3395  3578
13972    3596  3395  3418  3604
13973    3395  3596  3578  3604
13974    3410  3411  3597  3418
13975    3596  3410  3597  3418
13976    3411  3597  3418  3419
13977    3597  3596  3418  3604
13978    3597  3418  3419  3605
13979    3418  3597  3604  3605
13980    3566  3596  3598  3578
13981    3569  3566  3598  3578
13982    3596  3598  3578  3604
13983    3598  3569  3578  3581
13984    3598  3578  3604  3606
13985    3578  3598  3581  3606
13986    3596  3597  3599  3604
13987    3598  3596  3599  3604
13988    3597  3599  3604  3605
13989    3599  3598  3604  3606
13990    3599  3604  3605  3607
13991    3604  3599  3606  3607
13992    3569  3598  3600  3581
13993    3572  3569  3600  3581
13994    3598  3600  3581  3606
13995    3600  3572  3581  3584
13996    3600  3581  3606  3608
13997    3581  3600  3584  3608
13998    3598  3599  3601  3606
13999    3600  3598  3601  3606
14000    3599  3601  3606  3607
14001    3601  3600  3606  3608
14002    3601  3606  3607  3609
14003    3606  3601  3608  3609
14004    3572  3600  3602  3584
14005    3575  3572  3602  3584
14006    3600  3602  3584  3608
14007    3602  3575  3584  3587
14008    3602  3584  3608  3610
14009    3584  3602  3587  3610
14010    3600  3601  3603  3608
14011    3602  3600  3603  3608
14012    3601  3603  3608  3609
14013    3603  3602  3608  3610
14014    3603  3608  3609  3611
14015    3608  3603  3610  3611
14016    3403  3426  3612  3411
14017    3589  3403  3612  3411
14018    3426  3612  3411  3434
14019    3612  3589  3411  3597
14020    3612  3411  3434  3620
14021    3411  3612  3597  3620
14022    3426  3427  3613  3434
14023    3612  3426  3613  3434
14024    3427  3613  3434  3435
14025    3613  3612  3434  3620
14026    3613  3434  3435  3621
14027    3434  3613  3620  3621
14028    3589  3612  3614  3597
14029    3591  3589  3614  3597
14030    3612  3614  3597  3620
14031    3614  3591  3597  3599
14032    3614  3597  3620  3622
14033    3597  3614  3599  3622
14034    3612  3613  3615  3620
14035    3614  3612  3615  3620
14036    3613  3615  3620  3621
14037    3615  3614  3620  3622
14038    3615  3620  3621  3623
14039    3620  3615  3622  3623
14040    3591  3614  3616  3599
14041    3593  3591  3616  3599
14042    3614  3616  3599  3622
14043    3616  3593  3599  3601
14044    3616  3599  3622  3624
14045    3599  3616  3601  3624
14046    3614  3615  3617  3622
14047    3616  3614  3617  3622
14048    3615  3617  3622  3623
14049    3617  3616  3622  3624
14050    3617  3622  3623  3625
14051    3622  3617  3624  3625
14052    3593  3616  3618  3601
14053    3595  3593  3618  3601
14054    3616  3618  3601  3624
14055    3618  3595  3601  3603
14056    3618  3601  3624  3626
14057    3601  3618  3603  3626
14058    3616  3617  3619  3624
14059    3618  3616  3619  3624
14060    3617  3619  3624  3625
14061    3619  3618  3624  3626
14062    3619  3624  3625  3627
14063    3624  3619  3626  3627
14064    3411  3434  3620  3419
14065    3597  3411  3620  3419
14066    3434  3620  3419  3442
14067    3620  3597  3419  3605
14068    3620  3419  3442  3628
14069    3419  3620  3605  3628
14070    3434  3435  3621  3442
14071    3620  3434  3621  3442
14072    3435  3621  3442  3443
14073    3621  3620  3442  3628
14074    3621  3442  3443  3629
14075    3442  3621  3628  3629
14076    3597  3620  3622  3605
14077    3599  3597  3622  3605
14078    3620  3622  3605  3628
14079    3622  3599  3605  3607
14080    3622  3605  3628  3630
14081    3605  3622  3607  3630
14082    3620  3621  3623  3628
14083    3622  3620  3623  3628
14084    3621  3623  3628  3629
14085    3623  3622  3628  3630
14086    3623  3628  3629  3631
14087    3628  3623  3630  3631
14088    3599  3622  3624  3607
14089    3601  3599  3624  3607
14090    3622  3624  3607  3630
14091    3624  3601  3607  3609
14092    3624  3607  3630  3632
14093    3607  3624  3609  3632
14094    3622  3623  3625  3630
14095    3624  3622  3625  3630
14096    3623  3625  3630  3631
14097    3625  3624  3630  3632
14098    3625  3630  3631  3633
14099    3630  3625  3632  3633
14100    3601  3624  3626  3609
14101    3603  3601  3626  3609
14102    3624  3626  3609  3632
14103    3626  3603  3609  3611
14104    3626  3609  3632  3634
14105    3609  3626  3611  3634
14106    3624  3625  3627  3632
14107    3626  3624  3627  3632
14108    3625  3627  3632  3633
14109    3627  3626  3632  3634
14110    3627  3632  3633  3635
14111    3632  3627  3634  3635
14112    3427  3450  3636  3435
14113    3613  3427  3636  3435
14114    3450  3636  3435  3458
14115    3636  3613  3435  3621
14116    3636  3435  3458  3644
14117    3435  3636  3621  3644
14118    3450  3451  3637  3458
14119    3636  3450  3637  3458
14120    3451  3637  3458  3459
14121    3637  3636  3458  3644
14122    3637  3458  3459  3645
14123    3458  3637  3644  3645
14124    3613  3636  3638  3621
14125    3615  3613  3638  3621
14126    3636  3638  3621  3644
14127    3638  3615  3621  3623
14128    3638  3621  3644  3646
14129    3621  3638  3623  3646
14130    3636  3637  3639  3644
14131    3638  3636  3639  3644
14132    3637  3639  3644  3645
14133    3639  3638  3644  3646
14134    3639  3644  3645  3647
14135    3644  3639  3646  3647
14136    3615  3638  3640  3623
14137    3617  3615  3640  3623
14138    3638  3640  3623  3646
14139    3640  3617  3623  3625
14140    3640  3623  3646  3648
14141    3623  3640  3625  3648
14142    3638  3639  3641  3646
14143    3640  3638  3641  3646
14144    3639  3641  3646  3647
14145    3641  3640  3646  3648
14146    3641  3646  3647  3649
14147    3646  3641  3648  3649
14148    3617  3640  3642  3625
14149    3619  3617  3642  3625
14150    3640  3642  3625  3648
14151    3642  3619  3625  3627
14152    3642  3625  3648  3650
14153    3625  3642  3627  3650
14154    3640  3641  3643  3648
14155    3642  3640  3643  3648
14156    3641  3643  3648  3649
14157    3643  3642  3648  3650
14158    3643  3648  3649  3651
14159    3648  3643  3650  3651
14160    3435  3458  3644  3443
14161    3621  3435  3644  3443
14162    3458  3644  3443  3466
14163    3644  3621  3443  3629
14164    3644  3443  3466  3652
14165    3443  3644  3629  3652
14166    3458  3459  3645  3466
14167    3644  3458  3645  3466
14168    3459  3645  3466  3467
14169    3645  3644  3466  3652
14170    3645  3466  3467  3653
14171    3466  3645  3652  3653
14172    3621  3644  3646  3629
14173    3623  3621  3646  3629
14174    3644  3646  3629  3652
14175    3646  3623  3629  3631
14176    3646  3629  3652  3654
14177    3629  3646  3631  3654
14178    3644  3645  3647  3652
14179    3646  3644  3647  3652
14180    3645  3647  3652  3653
14181    3647  3646  3652  3654
14182    3647  3652  3653  3655
14183    3652  3647  3654  3655
14184    3623  3646  3648  3631
14185    3625  3623  3648  3631
14186    3646  3648  3631  3654
14187    3648  3625  3631  3633
14188    3648  3631  3654  3656
14189    3631  3648  3633  3656
14190    3646  3647  3649  3654
14191    3648  3646  3649  3654
14192    3647  3649  3654  3655
14193    3649  3648  3654  3656
14194    3649  3654  3655  3657
14195    3654  3649  3656  3657
14196    3625  3648  3650  3633
14197    3627  3625  3650  3633
14198    3648  3650  3633  3656
14199    3650  3627  3633  3635
14200    3650  3633  3656  3658
14201    3633  3650  3635  3658
14202    3648  3649  3651  3656
14203    3650  3648  3651  3656
14204    3649  3651  3656  3657
14205    3651  3650  3656  3658
14206    3651  3656  3657  3659
14207    3656  3651  3658  3659
14208    3451  3474  3660  3459
14209    3637  3451  3660  3459
14210    3474  3660  3459  3482
14211    3660  3637  3459  3645
14212    3660  3459  3482  3668
14213    3459  3660  3645  3668
14214    3474  3475  3661  3482
14215    3660  3474  3661  3482
14216    3475  3661  3482  3483
14217    3661  3660  3482  3668
14218    3661  3482  3483  3669
14219    3482  3661  3668  3669
14220    3637  3660  3662  3645
14221    3639  3637  3662  3645
14222    3660  3662  3645  3668
14223    3662  3639  3645  3647
14224    3662  3645  3668  3670
14225    3645  3662  3647  3670
14226    3660  3661  3663  3668
14227    3662  3660  3663  3668
14228    3661  3663  3668  3669
14229    3663  3662  3668  3670
14230    3663  3668  3669  3671
14231    3668  3663  3670  3671
14232    3639  3662  3664  3647
14233    3641  3639  3664  3647
14234    3662  3664  3647  3670
14235    3664  3641  3647  3649
14236    3664  3647  3670  3672
14237    3647  3664  3649  3672
14238    3662  3663  3665  3670
14239    3664  3662  3665  3670
14240    3663  3665  3670  3671
14241    3665  3664  3670  3672
14242    3665  3670  3671  3673
14243    3670  3665  3672  3673
14244    3641  3664  3666  3649
14245    3643  3641  3666  3649
14246    3664  3666  3649  3672
14247    3666  3643  3649  3651
14248    3666  3649  3672  3674
14249    3649  3666  3651  3674
14250    3664  3665  3667  3672
14251    3666  3664  3667  3672
14252    3665  3667  3672  3673
14253    3667  3666  3672  3674
14254    3667  3672  3673  3675
14255    3672  3667  3674  3675
14256    3459  3482  3668  3467
14257    3645  3459  3668  3467
14258    3482  3668  3467  3490
14259    3668  3645  3467  3653
14260    3668  3467  3490  3676
14261    3467  3668  3653  3676
14262    3482  3483  3669  3490
14263    3668  3482  3669  3490
14264    3483  3669  3490  3491
14265    3669  3668  3490  3676
14266    3669  3490  3491  3677
14267    3490  3669  3676  3677
14268    3645  3668  3670  3653
14269    3647  3645  3670  3653
14270    3668  3670  3653  3676
14271    3670  3647  3653  3655
14272    3670  3653  3676  3678
14273    3653  3670  3655  3678
14274    3668  3669  3671  3676
14275    3670  3668  3671  3676
14276    3669  3671  3676  3677
14277    3671  3670  3676  3678
14278    3671  3676  3677  3679
14279    3676  3671  3678  3679
14280    3647  3670  3672  3655
14281    3649  3647  3672  3655
14282    3670  3672  3655  3678
14283    3672  3649  3655  3657
14284    3672  3655  3678  3680
14285    3655  3672  3657  3680
14286    3670  3671  3673  3678
14287    3672  3670  3673  3678
14288    3671  3673  3678  3679
14289    3673  3672  3678  3680
14290    3673  3678  3679  3681
14291    3678  3673  3680  3681
14292    3649  3672  3674  3657
14293    3651  3649  3674  3657
14294    3672  3674  3657  3680
14295    3674  3651  3657  3659
14296    3674  3657  3680  3682
14297    3657  3674  3659  3682
14298    3672  3673  3675  3680
14299    3674  3672  3675  3680
14300    3673  3675  3680  3681
14301    3675  3674  3680  3682
14302    3675  3680  3681  3683
14303    3680  3675  3682  3683
14304    3475  3498  3684  3483
14305    3661  3475  3684  3483
14306    3498  3684  3483  3506
14307    3684  3661  3483  3669
14308    3684  3483  3506  3692
14309    3483  3684  3669  3692
14310    3498  3499  3685  3506
14311    3684  3498  3685  3506
14312    3499  3685  3506  3507
14313    3685  3684  3506  3692
14314    3685  3506  3507  3693
14315    3506  3685  3692  3693
14316    3661  3684  3686  3669
14317    3663  3661  3686  3669
14318    3684  3686  3669  3692
14319    3686  3663  3669  3671
14320    3686  3669  3692  3694
14321    3669  3686  3671  3694
14322    3684  3685  3687  3692
14323    3686  3684  3687  3692
14324    3685  3687  3692  3693
14325    3687  3686  3692  3694
14326    3687  3692  3693  3695
14327    3692  3687  3694  3695
14328    3663  3686  3688  3671
14329    3665  3663  3688  3671
14330    3686  3688  3671  3694
14331    3688  3665  3671  3673
14332    3688  3671  3694  3696
14333    3671  3688  3673  3696
14334    3686  3687  3689  3694
14335    3688  3686  3689  3694
14336    3687  3689  3694  3695
14337    3689  3688  3694  3696
14338    3689  3694  3695  3697
14339    3694  3689  3696  3697
14340    3665  3688  3690  3673
14341    3667  3665  3690  3673
14342    3688  3690  3673  3696
14343    3690  3667  3673  3675
14344    3690  3673  3696  3698
14345    3673  3690  3675  3698
14346    3688  3689  3691  3696
14347    3690  3688  3691  3696
14348    3689  3691  3696  3697
14349    3691  3690  3696  3698
14350    3691  3696  3697  3699
14351    3696  3691  3698  3699
14352    3483  3506  3692  3491
14353    3669  3483  3692  3491
14354    3506  3692  3491  3514
14355    3692  3669  3491  3677
14356    3692  3491  3514  3700
14357    3491  3692  3677  3700
14358    3506  3507  3693  3514
14359    3692  3506  3693  3514
14360    3507  3693  3514  3515
14361    3693  3692  3514  3700
14362    3693  3514  3515  3701
14363    3514  3693  3700  3701
14364    3669  3692  3694  3677
14365    3671  3669  3694  3677
14366    3692  3694  3677  3700
14367    3694  3671  3677  3679
14368    3694  3677  3700  3702
14369    3677  3694  3679  3702
14370    3692  3693  3695  3700
14371    3694  3692  3695  3700
14372    3693  3695  3700  3701
14373    3695  3694  3700  3702
14374    3695  3700  3701  3703
14375    3700  3695  3702  3703
14376    3671  3694  3696  3679
14377    3673  3671  3696  3679
14378    3694  3696  3679  3702
14379    3696  3673  3679  3681
14380    3696  3679  3702  3704
14381    3679  3696  3681  3704
14382    3694  3695  3697  3702
14383    3696  3694  3697  3702
14384    3695  3697  3702  3703
14385    3697  3696  3702  3704
14386    3697  3702  3703  3705
14387    3702  3697  3704  3705
14388    3673  3696  3698  3681
14389    3675  3673  3698  3681
14390    3696  3698  3681  3704
14391    3698  3675  3681  3683
14392    3698  3681  3704  3706
14393    3681  3698  3683  3706
14394    3696  3697  3699  3704
14395    3698  3696  3699  3704
14396    3697  3699  3704  3705
14397    3699  3698  3704  3706
14398    3699  3704  3705  3707
14399    3704  3699  3706  3707
14400    3499  3522  3708  3507
14401    3685  3499  3708  3507
14402    3522  3708  3507  3530
14403    3708  3685  3507  3693
14404    3708  3507  3530  3716
14405    3507  3708  3693  3716
14406    3522  3523  3709  3530
14407    3708  3522  3709  3530
14408    3523  3709  3530  3531
14409    3709  3708  3530  3716
14410    3709  3530  3531  3717
14411    3530  3709  3716  3717
14412    3685  3708  3710  3693
14413    3687  3685  3710  3693
14414    3708  3710  3693  3716
14415    3710  3687  3693  3695
14416    3710  3693  3716  3718
14417    3693  3710  3695  3718
14418    3708  3709  3711  3716
14419    3710  3708  3711  3716
14420    3709  3711  3716  3717
14421    3711  3710  3716  3718
14422    3711  3716  3717  3719
14423    3716  3711  3718  3719
14424    3687  3710  3712  3695
14425    3689  3687  3712  3695
14426    3710  3712  3695  3718
14427    3712  3689  3695  3697
14428    3712  3695  3718  3720
14429    3695  3712  3697  3720
14430    3710  3711  3713  3718
14431    3712  3710  3713  3718
14432    3711  3713  3718  3719
14433    3713  3712  3718  3720
14434    3713  3718  3719  3721
14435    3718  3713  3720  3721
14436    3689  3712  3714  3697
14437    3691  3689  3714  3697
14438    3712  3714  3697  3720
14439    3714  3691  3697  3699
14440    3714  3697  3720  3722
14441    3697  3714  3699  3722
14442    3712  3713  3715  3720
14443    3714  3712  3715  3720
14444    3713  3715  3720  3721
14445    3715  3714  3720  3722
14446    3715  3720  3721  3723
14447    3720  3715  3722  3723
14448    3507  3530  3716  3515
14449    3693  3507  3716  3515
14450    3530  3716  3515  3538
14451    3716  3693  3515  3701
14452    3716  3515  3538  3724
14453    3515  3716  3701  3724
14454    3530  3531  3717  3538
14455    3716  3530  3717  3538
14456    3531  3717  3538  3539
14457    3717  3716  3538  3724
14458    3717  3538  3539  3725
14459    3538  3717  3724  3725
14460    3693  3716  3718  3701
14461    3695  3693  3718  3701
14462    3716  3718  3701  3724
14463    3718  3695  3701  3703
14464    3718  3701  3724  3726
14465    3701  3718  3703  3726
14466    3716  3717  3719  3724
14467    3718  3716  3719  3724
14468    3717  3719  3724  3725
14469    3719  3718  3724  3726
14470    3719  3724  3725  3727
14471    3724  3719  3726  3727
14472    3695  3718  3720  3703
14473    3697  3695  3720  3703
14474    3718  3720  3703  3726
14475    3720  3697  3703  3705
14476    3720  3703  3726  3728
14477    3703  3720  3705  3728
14478    3718  3719  3721  3726
14479    3720  3718  3721  3726
14480    3719  3721  3726  3727
14481    3721  3720  3726  3728
14482    3721  3726  3727  3729
14483    3726  3721  3728  3729
14484    3697  3720  3722  3705
14485    3699  3697  3722  3705
14486    3720  3722  3705  3728
14487    3722  3699  3705  3707
14488    3722  3705  3728  3730
14489    3705  3722  3707  3730
14490    3720  3721  3723  3728
14491    3722  3720  3723  3728
14492    3721  3723  3728  3729
14493    3723  3722  3728  3730
14494    3723  3728  3729  3731
14495    3728  3723  3730  3731
14496    3523  3543  3732  3531
14497    3709  3523  3732  3531
14498    3543  3732  3531  3547
14499    3732  3709  3531  3717
14500    3732  3531  3547  3736
14501    3531  3732  3717  3736
14502    3543  3369  3552  3547
14503    3732  3543  3552  3547
14504    3369  3552  3547  3381
14505    3552  3732  3547  3736
14506    3552  3547  3381  3564
14507    3547  3552  3736  3564
14508    3709  3732  3733  3717
14509    3711  3709  3733  3717
14510    3732  3733  3717  3736
14511    3733  3711  3717  3719
14512    3733  3717  3736  3737
14513    3717  3733  3719  3737
14514    3732  3552  3555  3736
14515    3733  3732  3555  3736
14516    3552  3555  3736  3564
14517    3555  3733  3736  3737
14518    3555  3736  3564  3567
14519    3736  3555  3737  3567
14520    3711  3733  3734  3719
14521    3713  3711  3734  3719
14522    3733  3734  3719  3737
14523    3734  3713  3719  3721
14524    3734  3719  3737  3738
14525    3719  3734  3721  3738
14526    3733  3555  3558  3737
14527    3734  3733  3558  3737
14528    3555  3558  3737  3567
14529    3558  3734  3737  3738
14530    3558  3737  3567  3570
14531    3737  3558  3738  3570
14532    3713  3734  3735  3721
14533    3715  3713  3735  3721
14534    3734  3735  3721  3738
14535    3735  3715  3721  3723
14536    3735  3721  3738  3739
14537    3721  3735  3723  3739
14538    3734  3558  3561  3738
14539    3735  3734  3561  3738
14540    3558  3561  3738  3570
14541    3561  3735  3738  3739
14542    3561  3738  3570  3573
14543    3738  3561  3739  3573
14544    3531  3547  3736  3539
14545    3717  3531  3736  3539
14546    3547  3736  3539  3551
14547    3736  3717  3539  3725
14548    3736  3539  3551  3740
14549    3539  3736  3725  3740
14550    3547  3381  3564  3551
14551    3736  3547  3564  3551
14552    3381  3564  3551  3393
14553    3564  3736  3551  3740
14554    3564  3551  3393  3576
14555    3551  3564  3740  3576
14556    3717  3736  3737  3725
14557    3719  3717  3737  3725
14558    3736  3737  3725  3740
14559    3737  3719  3725  3727
14560    3737  3725  3740  3741
14561    3725  3737  3727  3741
14562    3736  3564  3567  3740
14563    3737  3736  3567  3740
14564    3564  3567  3740  3576
14565    3567  3737  3740  3741
14566    3567  3740  3576  3579
14567    3740  3567  3741  3579
14568    3719  3737  3738  3727
14569    3721  3719  3738  3727
14570    3737  3738  3727  3741
14571    3738  3721  3727  3729
14572    3738  3727  3741  3742
14573    3727  3738  3729  3742
14574    3737  3567  3570  3741
14575    3738  3737  3570  3741
14576    3567  3570  3741  3579
14577    3570  3738  3741  3742
14578    3570  3741  3579  3582
14579    3741  3570  3742  3582
14580    3721  3738  3739  3729
14581    3723  3721  3739  3729
14582    3738  3739  3729  3742
14583    3739  3723  3729  3731
14584    3739  3729  3742  3743
14585    3729  3739  3731  3743
14586    3738  3570  3573  3742
14587    3739  3738  3573  3742
14588    3570  3573  3742  3582
14589    3573  3739  3742  3743
14590    3573  3742  3582  3585
14591    3742  3573  3743  3585
14592    3561  3562  3745  3573
14593    3744  3561  3745  3573
14594    3562  3745  3573  3574
14595    3745  3744  3573  3756
14596    3745  3573  3574  3757
14597    3573  3745  3756  3757
14598    3562  3563  3746  3574
14599    3745  3562  3746  3574
14600    3563  3746  3574  3575
14601    3746  3745  3574  3757
14602    3746  3574  3575  3758
14603    3574  3746  3757  3758
14604    3744  3745  3748  3756
14605    3747  3744  3748  3756
14606    3745  3748  3756  3757
14607    3748  3747  3756  3759
14608    3748  3756  3757  3760
14609    3756  3748  3759  3760
14610    3745  3746  3749  3757
14611    3748  3745  3749  3757
14612    3746  3749  3757  3758
14613    3749  3748  3757  3760
14614    3749  3757  3758  3761
14615    3757  3749  3760  3761
14616    3747  3748  3751  3759
14617    3750  3747  3751  3759
14618    3748  3751  3759  3760
14619    3751  3750  3759  3762
14620    3751  3759  3760  3763
14621    3759  3751  3762  3763
14622    3748  3749  3752  3760
14623    3751  3748  3752  3760
14624    3749  3752  3760  3761
14625    3752  3751  3760  3763
14626    3752  3760  3761  3764
14627    3760  3752  3763  3764
14628    3750  3751  3754  3762
14629    3753  3750  3754  3762
14630    3751  3754  3762  3763
14631    3754  3753  3762  3765
14632    3754  3762  3763  3766
14633    3762  3754  3765  3766
14634    3751  3752  3755  3763
14635    3754  3751  3755  3763
14636    3752  3755  3763  3764
14637    3755  3754  3763  3766
14638    3755  3763  3764  3767
14639    3763  3755  3766  3767
14640    3573  3574  3757  3585
14641    3756  3573  3757  3585
14642    3574  3757  3585  3586
14643    3757  3756  3585  3768
14644    3757  3585  3586  3769
14645    3585  3757  3768  3769
14646    3574  3575  3758  3586
14647    3757  3574  3758  3586
14648    3575  3758  3586  3587
14649    3758  3757  3586  3769
14650    3758  3586  3587  3770
14651    3586  3758  3769  3770
14652    3756  3757  3760  3768
14653    3759  3756  3760  3768
14654    3757  3760  3768  3769
14655    3760  3759  3768  3771
14656    3760  3768  3769  3772
14657    3768  3760  3771  3772
14658    3757  3758  3761  3769
14659    3760  3757  3761  3769
14660    3758  3761  3769  3770
14661    3761  3760  3769  3772
14662    3761  3769  3770  3773
14663    3769  3761  3772  3773
14664    3759  3760  3763  3771
14665    3762  3759  3763  3771
14666    3760  3763  3771  3772
14667    3763  3762  3771  3774
14668    3763  3771  3772  3775
14669    3771  3763  3774  3775
14670    3760  3761  3764  3772
14671    3763  3760  3764  3772
14672    3761  3764  3772  3773
14673    3764  3763  3772  3775
14674    3764  3772  3773  3776
14675    3772  3764  3775  3776
14676    3762  3763  3766  3774
14677    3765  3762  3766  3774
14678    3763  3766  3774  3775
14679    3766  3765  3774  3777
14680    3766  3774  3775  3778
14681    3774  3766  3777  3778
14682    3763  3764  3767  3775
14683    3766  3763  3767  3775
14684    3764  3767  3775  3776
14685    3767  3766  3775  3778
14686    3767  3775  3776  3779
14687    3775  3767  3778  3779
14688    3563  3594  3780  3575
14689    3746  3563  3780  3575
14690    3594  3780  3575  3602
14691    3780  3746  3575  3758
14692    3780  3575  3602  3788
14693    3575  3780  3758  3788
14694    3594  3595  3781  3602
14695    3780  3594  3781  3602
14696    3595  3781  3602  3603
14697    3781  3780  3602  3788
14698    3781  3602  3603  3789
14699    3602  3781  3788  3789
14700    3746  3780  3782  3758
14701    3749  3746  3782  3758
14702    3780  3782  3758  3788
14703    3782  3749  3758  3761
14704    3782  3758  3788  3790
14705    3758  3782  3761  3790
14706    3780  3781  3783  3788
14707    3782  3780  3783  3788
14708    3781  3783  3788  3789
14709    3783  3782  3788  3790
14710    3783  3788  3789  3791
14711    3788  3783  3790  3791
14712    3749  3782  3784  3761
14713    3752  3749  3784  3761
14714    3782  3784  3761  3790
14715    3784  3752  3761  3764
14716    3784  3761  3790  3792
14717    3761  3784  3764  3792
14718    3782  3783  3785  3790
14719    3784  3782  3785  3790
14720    3783  3785  3790  3791
14721    3785  3784  3790  3792
14722    3785  3790  3791  3793
14723    3790  3785  3792  3793
14724    3752  3784  3786  3764
14725    3755  3752  3786  3764
14726    3784  3786  3764  3792
14727    3786  3755  3764  3767
14728    3786  3764  3792  3794
14729    3764  3786  3767  3794
14730    3784  3785  3787  3792
14731    3786  3784  3787  3792
14732    3785  3787  3792  3793
14733    3787  3786  3792  3794
14734    3787  3792  3793  3795
14735    3792  3787  3794  3795
14736    3575  3602  3788  3587
14737    3758  3575  3788  3587
14738    3602  3788  3587  3610
14739    3788  3758  3587  3770
14740    3788  3587  3610  3796
14741    3587  3788  3770  3796
14742    3602  3603  3789  3610
14743    3788  3602  3789  3610
14744    3603  3789  3610  3611
14745    3789  3788  3610  3796
14746    3789  3610  3611  3797
14747    3610  3789  3796  3797
14748    3758  3788  3790  3770
14749    3761  3758  3790  3770
14750    3788  3790  3770  3796
14751    3790  3761  3770  3773
14752    3790  3770  3796  3798
14753    3770  3790  3773  3798
14754    3788  3789  3791  3796
14755    3790  3788  3791  3796
14756    3789  3791  3796  3797
14757    3791  3790  3796  3798
14758    3791  3796  3797  3799
14759    3796  3791  3798  3799
14760    3761  3790  3792  3773
14761    3764  3761  3792  3773
14762    3790  3792  3773  3798
14763    3792  3764  3773  3776
14764    3792  3773  3798  3800
14765    3773  3792  3776  3800
14766    3790  3791  3793  3798
14767    3792  3790  3793  3798
14768    3791  3793  3798  3799
14769    3793  3792  3798  3800
14770    3793  3798  3799  3801
14771    3798  3793  3800  3801
14772    3764  3792  3794  3776
14773    3767  3764  3794  3776
14774    3792  3794  3776  3800
14775    3794  3767  3776  3779
14776    3794  3776  3800  3802
14777    3776  3794  3779  3802
14778    3792  3793  3795  3800
14779    3794  3792  3795  3800
14780    3793  3795  3800  3801
14781    3795  3794  3800  3802
14782    3795  3800  3801  3803
14783    3800  3795  3802  3803
14784    3595  3618  3804  3603
14785    3781  3595  3804  3603
14786    3618  3804  3603  3626
14787    3804  3781  3603  3789
14788    3804  3603  3626  3812
14789    3603  3804  3789  3812
14790    3618  3619  3805  3626
14791    3804  3618  3805  3626
14792    3619  3805  3626  3627
14793    3805  3804  3626  3812
14794    3805  3626  3627  3813
14795    3626  3805  3812  3813
14796    3781  3804  3806  3789
14797    3783  3781  3806  3789
14798    3804  3806  3789  3812
14799    3806  3783  3789  3791
14800    3806  3789  3812  3814
14801    3789  3806  3791  3814
14802    3804  3805  3807  3812
14803    3806  3804  3807  3812
14804    3805  3807  3812  3813
14805    3807  3806  3812  3814
14806    3807  3812  3813  3815
14807    3812  3807  3814  3815
14808    3783  3806  3808  3791
14809    3785  3783  3808  3791
14810    3806  3808  3791  3814
14811    3808  3785  3791  3793
14812    3808  3791  3814  3816
14813    3791  3808  3793  3816
14814    3806  3807  3809  3814
14815    3808  3806  3809  3814
14816    3807  3809  3814  3815
14817    3809  3808  3814  3816
14818    3809  3814  3815  3817
14819    3814  3809  3816  3817
14820    3785  3808  3810  3793
14821    3787  3785  3810  3793
14822    3808  3810  3793  3816
14823    3810  3787  3793  3795
14824    3810  3793  3816  3818
14825    3793  3810  3795  3818
14826    3808  3809  3811  3816
14827    3810  3808  3811  3816
14828    3809  3811  3816  3817
14829    3811  3810  3816  3818
14830    3811  3816  3817  3819
14831    3816  3811  3818  3819
14832    3603  3626  3812  3611
14833    3789  3603  3812  3611
14834    3626  3812  3611  3634
14835    3812  3789  3611  3797
14836    3812  3611  3634  3820
14837    3611  3812  3797  3820
14838    3626  3627  3813  3634
14839    3812  3626  3813  3634
14840    3627  3813  3634  3635
14841    3813  3812  3634  3820
14842    3813  3634  3635  3821
14843    3634  3813  3820  3821
14844    3789  3812  3814  3797
14845    3791  3789  3814  3797
14846    3812  3814  3797  3820
14847    3814  3791  3797  3799
14848    3814  3797  3820  3822
14849    3797  3814  3799  3822
14850    3812  3813  3815  3820
14851    3814  3812  3815  3820
14852    3813  3815  3820  3821
14853    3815  3814  3820  3822
14854    3815  3820  3821  3823
14855    3820  3815  3822  3823
14856    3791  3814  3816  3799
14857    3793  3791  3816  3799
14858    3814  3816  3799  3822
14859    3816  3793  3799  3801
14860    3816  3799  3822  3824
14861    3799  3816  3801  3824
14862    3814  3815  3817  3822
14863    3816  3814  3817  3822
14864    3815  3817  3822  3823
14865    3817  3816  3822  3824
14866    3817  3822  3823  3825
14867    3822  3817  3824  3825
14868    3793  3816  3818  3801
14869    3795  3793  3818  3801
14870    3816  3818  3801  3824
14871    3818  3795  3801  3803
14872    3818  3801  3824  3826
14873    3801  3818  3803  3826
14874    3816  3817  3819  3824
14875    3818  3816  3819  3824
14876    3817  3819  3824  3825
14877    3819  3818  3824  3826
14878    3819  3824  3825  3827
14879    3824  3819  3826  3827
14880    3619  3642  3828  3627
14881    3805  3619  3828  3627
14882    3642  3828  3627  3650
14883    3828  3805  3627  3813
14884    3828  3627  3650  3836
14885    3627  3828  3813  3836
14886    3642  3643  3829  3650
14887    3828  3642  3829  3650
14888    3643  3829  3650  3651
14889    3829  3828  3650  3836
14890    3829  3650  3651  3837
14891    3650  3829  3836  3837
14892    3805  3828  3830  3813
14893    3807  3805  3830  3813
14894    3828  3830  3813  3836
14895    3830  3807  3813  3815
14896    3830  3813  3836  3838
14897    3813  3830  3815  3838
14898    3828  3829  3831  3836
14899    3830  3828  3831  3836
14900    3829  3831  3836  3837
14901    3831  3830  3836  3838
14902    3831  3836  3837  3839
14903    3836  3831  3838  3839
14904    3807  3830  3832  3815
14905    3809  3807  3832  3815
14906    3830  3832  3815  3838
14907    3832  3809  3815  3817
14908    3832  3815  3838  3840
14909    3815  3832  3817  3840
14910    3830  3831  3833  3838
14911    3832  3830  3833  3838
14912    3831  3833  3838  3839
14913    3833  3832  3838  3840
14914    3833  3838  3839  3841
14915    3838  3833  3840  3841
14916    3809  3832  3834  3817
14917    3811  3809  3834  3817
14918    3832  3834  3817  3840
14919    3834  3811  3817  3819
14920    3834  3817  3840  3842
14921    3817  3834  3819  3842
14922    3832  3833  3835  3840
14923    3834  3832  3835  3840
14924    3833  3835  3840  3841
14925    3835  3834  3840  3842
14926    3835  3840  3841  3843
14927    3840  3835  3842  3843
14928    3627  3650  3836  3635
14929    3813  3627  3836  3635
14930    3650  3836  3635  3658
14931    3836  3813  3635  3821
14932    3836  3635  3658  3844
14933    3635  3836  3821  3844
14934    3650  3651  3837  3658
14935    3836  3650  3837  3658
14936    3651  3837  3658  3659
14937    3837  3836  3658  3844
14938    3837  3658  3659  3845
14939    3658  3837  3844  3845
14940    3813  3836  3838  3821
14941    3815  3813  3838  3821
14942    3836  3838  3821  3844
14943    3838  3815  3821  3823
14944    3838  3821  3844  3846
14945    3821  3838  3823  3846
14946    3836  3837  3839  3844
14947    3838  3836  3839  3844
14948    3837  3839  3844  3845
14949    3839  3838  3844  3846
14950    3839  3844  3845  3847
14951    3844  3839  3846  3847
14952    3815  3838  3840  3823
14953    3817  3815  3840  3823
14954    3838  3840  3823  3846
14955    3840  3817  3823  3825
14956    3840  3823  3846  3848
14957    3823  3840  3825  3848
14958    3838  3839  3841  3846
14959    3840  3838  3841  3846
14960    3839  3841  3846  3847
14961    3841  3840  3846  3848
14962    3841  3846  3847  3849
14963    3846  3841  3848  3849
14964    3817  3840  3842  3825
14965    3819  3817  3842  3825
14966    3840  3842  3825  3848
14967    3842  3819  3825  3827
14968    3842  3825  3848  3850
14969    3825  3842  3827  3850
14970    3840  3841  3843  3848
14971    3842  3840  3843  3848
14972    3841  3843  3848  3849
14973    3843  3842  3848  3850
14974    3843  3848  3849  3851
14975    3848  3843  3850  3851
14976    3643  3666  3852  3651
14977    3829  3643  3852  3651
14978    3666  3852  3651  3674
14979    3852  3829  3651  3837
14980    3852  3651  3674  3860
14981    3651  3852  3837  3860
14982    3666  3667  3853  3674
14983    3852  3666  3853  3674
14984    3667  3853  3674  3675
14985    3853  3852  3674  3860
14986    3853  3674  3675  3861
14987    3674  3853  3860  3861
14988    3829  3852  3854  3837
14989    3831  3829  3854  3837
14990    3852  3854  3837  3860
14991    3854  3831  3837  3839
14992    3854  3837  3860  3862
14993    3837  3854  3839  3862
14994    3852  3853  3855  3860
14995    3854  3852  3855  3860
14996    3853  3855  3860  3861
14997    3855  3854  3860  3862
14998    3855  3860  3861  3863
14999    3860  3855  3862  3863
15000    3831  3854  3856  3839
15001    3833  3831  3856  3839
15002    3854  3856  3839  3862
15003    3856  3833  3839  3841
15004    3856  3839  3862  3864
15005    3839  3856  3841  3864
15006    3854  3855  3857  3862
15007    3856  3854  3857  3862
15008    3855  3857  3862  3863
15009    3857  3856  3862  3864
15010    3857  3862  3863  3865
15011    3862  3857  3864  3865
15012    3833  3856  3858  3841
15013    3835  3833  3858  3841
15014    3856  3858  3841  3864
15015    3858  3835  3841  3843
15016    3858  3841  3864  3866
15017    3841  3858  3843  3866
15018    3856  3857  3859  3864
15019    3858  3856  3859  3864
15020    3857  3859  3864  3865
15021    3859  3858  3864  3866
15022    3859  3864  3865  3867
15023    3864  3859  3866  3867
15024    3651  3674  3860  3659
15025    3837  3651  3860  3659
15026    3674  3860  3659  3682
15027    3860  3837  3659  3845
15028    3860  3659  3682  3868
15029    3659  3860  3845  3868
15030    3674  3675  3861  3682
15031    3860  3674  3861  3682
15032    3675  3861  3682  3683
15033    3861  3860  3682  3868
15034    3861  3682  3683  3869
15035    3682  3861  3868  3869
15036    3837  3860  3862  3845
15037    3839  3837  3862  3845
15038    3860  3862  3845  3868
15039    3862  3839  3845  3847
15040    3862  3845  3868  3870
15041    3845  3862  3847  3870
15042    3860  3861  3863  3868
15043    3862  3860  3863  3868
15044    3861  3863  3868  3869
15045    3863  3862  3868  3870
15046    3863  3868  3869  3871
15047    3868  3863  3870  3871
15048    3839  3862  3864  3847
15049    3841  3839  3864  3847
15050    3862  3864  3847  3870
15051    3864  3841  3847  3849
15052    3864  3847  3870  3872
15053    3847  3864  3849  3872
15054    3862  3863  3865  3870
15055    3864  3862  3865  3870
15056    3863  3865  3870  3871
15057    3865  3864  3870  3872
15058    3865  3870  3871  3873
15059    3870  3865  3872  3873
15060    3841  3864  3866  3849
15061    3843  3841  3866  3849
15062    3864  3866  3849  3872
15063    3866  3843  3849  3851
15064    3866  3849  3872  3874
15065    3849  3866  3851  3874
15066    3864  3865  3867  3872
15067    3866  3864  3867  3872
15068    3865  3867  3872  3873
15069    3867  3866  3872  3874
15070    3867  3872  3873  3875
15071    3872  3867  3874  3875
15072    3667  3690  3876  3675
15073    3853  3667  3876  3675
15074    3690  3876  3675  3698
15075    3876  3853  3675  3861
15076    3876  3675  3698  3884
15077    3675  3876  3861  3884
15078    3690  3691  3877  3698
15079    3876  3690  3877  3698
15080    3691  3877  3698  3699
15081    3877  3876  3698  3884
15082    3877  3698  3699  3885
15083    3698  3877  3884  3885
15084    3853  3876  3878  3861
15085    3855  3853  3878  3861
15086    3876  3878  3861  3884
15087    3878  3855  3861  3863
15088    3878  3861  3884  3886
15089    3861  3878  3863  3886
15090    3876  3877  3879  3884
15091    3878  3876  3879  3884
15092    3877  3879  3884  3885
15093    3879  3878  3884  3886
15094    3879  3884  3885  3887
15095    3884  3879  3886  3887
15096    3855  3878  3880  3863
15097    3857  3855  3880  3863
15098    3878  3880  3863  3886
15099    3880  3857  3863  3865
15100    3880  3863  3886  3888
15101    3863  3880  3865  3888
15102    3878  3879  3881  3886
15103    3880  3878  3881  3886
15104    3879  3881  3886  3887
15105    3881  3880  3886  3888
15106    3881  3886  3887  3889
15107    3886  3881  3888  3889
15108    3857  3880  3882  3865
15109    3859  3857  3882  3865
15110    3880  3882  3865  3888
15111    3882  3859  3865  3867
15112    3882  3865  3888  3890
15113    3865  3882  3867  3890
15114    3880  3881  3883  3888
15115    3882  3880  3883  3888
15116    3881  3883  3888  3889
15117    3883  3882  3888  3890
15118    3883  3888  3889  3891
15119    3888  3883  3890  3891
15120    3675  3698  3884  3683
15121    3861  3675  3884  3683
15122    3698  3884  3683  3706
15123    3884  3861  3683  3869
15124    3884  3683  3706  3892
15125    3683  3884  3869  3892
15126    3698  3699  3885  3706
15127    3884  3698  3885  3706
15128    3699  3885  3706  3707
15129    3885  3884  3706  3892
15130    3885  3706  3707  3893
15131    3706  3885  3892  3893
15132    3861  3884  3886  3869
15133    3863  3861  3886  3869
15134    3884  3886  3869  3892
15135    3886  3863  3869  3871
15136    3886  3869  3892  3894
15137    3869  3886  3871  3894
15138    3884  3885  3887  3892
15139    3886  3884  3887  3892
15140    3885  3887  3892  3893
15141    3887  3886  3892  3894
15142    3887  3892  3893  3895
15143    3892  3887  3894  3895
15144    3863  3886  3888  3871
15145    3865  3863  3888  3871
15146    3886  3888  3871  3894
15147    3888  3865  3871  3873
15148    3888  3871  3894  3896
15149    3871  3888  3873  3896
15150    3886  3887  3889  3894
15151    3888  3886  3889  3894
15152    3887  3889  3894  3895
15153    3889  3888  3894  3896
15154    3889  3894  3895  3897
15155    3894  3889  3896  3897
15156    3865  3888  3890  3873
15157    3867  3865  3890  3873
15158    3888  3890  3873  3896
15159    3890  3867  3873  3875
15160    3890  3873  3896  3898
15161    3873  3890  3875  3898
15162    3888  3889  3891  3896
15163    3890  3888  3891  3896
15164    3889  3891  3896  3897
15165    3891  3890  3896  3898
15166    3891  3896  3897  3899
15167    3896  3891  3898  3899
15168    3691  3714  3900  3699
15169    3877  3691  3900  3699
15170    3714  3900  3699  3722
15171    3900  3877  3699  3885
15172    3900  3699  3722  3908
15173    3699  3900  3885  3908
15174    3714  3715  3901  3722
15175    3900  3714  3901  3722
15176    3715  3901  3722  3723
15177    3901  3900  3722  3908
15178    3901  3722  3723  3909
15179    3722  3901  3908  3909
15180    3877  3900  3902  3885
15181    3879  3877  3902  3885
15182    3900  3902  3885  3908
15183    3902  3879  3885  3887
15184    3902  3885  3908  3910
15185    3885  3902  3887  3910
15186    3900  3901  3903  3908
15187    3902  3900  3903  3908
15188    3901  3903  3908  3909
15189    3903  3902  3908  3910
15190    3903  3908  3909  3911
15191    3908  3903  3910  3911
15192    3879  3902  3904  3887
15193    3881  3879  3904  3887
15194    3902  3904  3887  3910
15195    3904  3881  3887  3889
15196    3904  3887  3910  3912
15197    3887  3904  3889  3912
15198    3902  3903  3905  3910
15199    3904  3902  3905  3910
15200    3903  3905  3910  3911
15201    3905  3904  3910  3912
15202    3905  3910  3911  3913
15203    3910  3905  3912  3913
15204    3881  3904  3906  3889
15205    3883  3881  3906  3889
15206    3904  3906  3889  3912
15207    3906  3883  3889  3891
15208    3906  3889  3912  3914
15209    3889  3906  3891  3914
15210    3904  3905  3907  3912
15211    3906  3904  3907  3912
15212    3905  3907  3912  3913
15213    3907  3906  3912  3914
15214    3907  3912  3913  3915
15215    3912  3907  3914  3915
15216    3699  3722  3908  3707
15217    3885  3699  3908  3707
15218    3722  3908  3707  3730
15219    3908  3885  3707  3893
15220    3908  3707  3730  3916
15221    3707  3908  3893  3916
15222    3722  3723  3909  3730
15223    3908  3722  3909  3730
15224    3723  3909  3730  3731
15225    3909  3908  3730  3916
15226    3909  3730  3731  3917
15227    3730  3909  3916  3917
15228    3885  3908  3910  3893
15229    3887  3885  3910  3893
15230    3908  3910  3893  3916
15231    3910  3887  3893  3895
15232    3910  3893  3916  3918
15233    3893  3910  3895  3918
15234    3908  3909  3911  3916
15235    3910  3908  3911  3916
15236    3909  3911  3916  3917
15237    3911  3910  3916  3918
15238    3911  3916  3917  3919
15239    3916  3911  3918  3919
15240    3887  3910  3912  3895
15241    3889  3887  3912  3895
15242    3910  3912  3895  3918
15243    3912  3889  3895  3897
15244    3912  3895  3918  3920
15245    3895  3912  3897  3920
15246    3910  3911  3913  3918
15247    3912  3910  3913  3918
15248    3911  3913  3918  3919
15249    3913  3912  3918  3920
15250    3913  3918  3919  3921
15251    3918  3913  3920  3921
15252    3889  3912  3914  3897
15253    3891  3889  3914  3897
15254    3912  3914  3897  3920
15255    3914  3891  3897  3899
15256    3914  3897  3920  3922
15257    3897  3914  3899  3922
15258    3912  3913  3915  3920
15259    3914  3912  3915  3920
15260    3913  3915  3920  3921
15261    3915  3914  3920  3922
15262    3915  3920  3921  3923
15263    3920  3915  3922  3923
15264    3715  3735  3924  3723
15265    3901  3715  3924  3723
15266    3735  3924  3723  3739
15267    3924  3901  3723  3909
15268    3924  3723  3739  3928
15269    3723  3924  3909  3928
15270    3735  3561  3744  3739
15271    3924  3735  3744  3739
15272    3561  3744  3739  3573
15273    3744  3924  3739  3928
15274    3744  3739  3573  3756
15275    3739  3744  3928  3756
15276    3901  3924  3925  3909
15277    3903  3901  3925  3909
15278    3924  3925  3909  3928
15279    3925  3903  3909  3911
15280    3925  3909  3928  3929
15281    3909  3925  3911  3929
15282    3924  3744  3747  3928
15283    3925  3924  3747  3928
15284    3744  3747  3928  3756
15285    3747  3925  3928  3929
15286    3747  3928  3756  3759
15287    3928  3747  3929  3759
15288    3903  3925  3926  3911
15289    3905  3903  3926  3911
15290    3925  3926  3911  3929
15291    3926  3905  3911  3913
15292    3926  3911  3929  3930
15293    3911  3926  3913  3930
15294    3925  3747  3750  3929
15295    3926  3925  3750  3929
15296    3747  3750  3929  3759
15297    3750  3926  3929  3930
15298    3750  3929  3759  3762
15299    3929  3750  3930  3762
15300    3905  3926  3927  3913
15301    3907  3905  3927  3913
15302    3926  3927  3913  3930
15303    3927  3907  3913  3915
15304    3927  3913  3930  3931
15305    3913  3927  3915  3931
15306    3926  3750  3753  3930
15307    3927  3926  3753  3930
15308    3750  3753  3930  3762
15309    3753  3927  3930  3931
15310    3753  3930  3762  3765
15311    3930  3753  3931  3765
15312    3723  3739  3928  3731
15313    3909  3723  3928  3731
15314    3739  3928  3731  3743
15315    3928  3909  3731  3917
15316    3928  3731  3743  3932
15317    3731  3928  3917  3932
15318    3739  3573  3756  3743
15319    3928  3739  3756  3743
15320    3573  3756  3743  3585
15321    3756  3928  3743  3932
15322    3756  3743  3585  3768
15323    3743  3756  3932  3768
15324    3909  3928  3929  3917
15325    3911  3909  3929  3917
15326    3928  3929  3917  3932
15327    3929  3911  3917  3919
15328    3929  3917  3932  3933
15329    3917  3929  3919  3933
15330    3928  3756  3759  3932
15331    3929  3928  3759  3932
15332    3756  3759  3932  3768
15333    3759  3929  3932  3933
15334    3759  3932  3768  3771
15335    3932  3759  3933  3771
15336    3911  3929  3930  3919
15337    3913  3911  3930  3919
15338    3929  3930  3919  3933
15339    3930  3913  3919  3921
15340    3930  3919  3933  3934
15341    3919  3930  3921  3934
15342    3929  3759  3762  3933
15343    3930  3929  3762  3933
15344    3759  3762  3933  3771
15345    3762  3930  3933  3934
15346    3762  3933  3771  3774
15347    3933  3762  3934  3774
15348    3913  3930  3931  3921
15349    3915  3913  3931  3921
15350    3930  3931  3921  3934
15351    3931  3915  3921  3923
15352    3931  3921  3934  3935
15353    3921  3931  3923  3935
15354    3930  3762  3765  3934
15355    3931  3930  3765  3934
15356    3762  3765  3934  3774
15357    3765  3931  3934  3935
15358    3765  3934  3774  3777
15359    3934  3765  3935  3777
15360    1785  1786  3937  1797
15361    3936  1785  3937  1797
15362    1786  3937  1797  1798
15363    3937  3936  1797  3948
15364    3937  1797  1798  3949
15365    1797  3937  3948  3949
15366    1786  1787  3938  1798
15367    3937  1786  3938  1798
15368    1787  3938  1798  1799
15369    3938  3937  1798  3949
15370    3938  1798  1799  3950
15371    1798  3938  3949  3950
15372    3936  3937  3940  3948
15373    3939  3936  3940  3948
15374    3937  3940  3948  3949
15375    3940  3939  3948  3951
15376    3940  3948  3949  3952
15377    3948  3940  3951  3952
15378    3937  3938  3941  3949
15379    3940  3937  3941  3949
15380    3938  3941  3949  3950
15381    3941  3940  3949  3952
15382    3941  3949  3950  3953
15383    3949  3941  3952  3953
15384    3939  3940  3943  3951
15385    3942  3939  3943  3951
15386    3940  3943  3951  3952
15387    3943  3942  3951  3954
15388    3943  3951  3952  3955
15389    3951  3943  3954  3955
15390    3940  3941  3944  3952
15391    3943  3940  3944  3952
15392    3941  3944  3952  3953
15393    3944  3943  3952  3955
15394    3944  3952  3953  3956
15395    3952  3944  3955  3956
15396    3942  3943  3946  3954
15397    3945  3942  3946  3954
15398    3943  3946  3954  3955
15399    3946  3945  3954  3957
15400    3946  3954  3955  3958
15401    3954  3946  3957  3958
15402    3943  3944  3947  3955
15403    3946  3943  3947  3955
15404    3944  3947  3955  3956
15405    3947  3946  3955  3958
15406    3947  3955  3956  3959
15407    3955  3947  3958  3959
15408    1797  1798  3949  1809
15409    3948  1797  3949  1809
15410    1798  3949  1809  1810
15411    3949  3948  1809  3960
15412    3949  1809  1810  3961
15413    1809  3949  3960  3961
15414    1798  1799  3950  1810
15415    3949  1798  3950  1810
15416    1799  3950  1810  1811
15417    3950  3949  1810  3961
15418    3950  1810  1811  3962
15419    1810  3950  3961  3962
15420    3948  3949  3952  3960
15421    3951  3948  3952  3960
15422    3949  3952  3960  3961
15423    3952  3951  3960  3963
15424    3952  3960  3961  3964
15425    3960  3952  3963  3964
15426    3949  3950  3953  3961
15427    3952  3949  3953  3961
15428    3950  3953  3961  3962
15429    3953  3952  3961  3964
15430    3953  3961  3962  3965
15431    3961  3953  3964  3965
15432    3951  3952  3955  3963
15433    3954  3951  3955  3963
15434    3952  3955  3963  3964
15435    3955  3954  3963  3966
15436    3955  3963  3964  3967
15437    3963  3955  3966  3967
15438    3952  3953  3956  3964
15439    3955  3952  3956  3964
15440    3953  3956  3964  3965
15441    3956  3955  3964  3967
15442    3956  3964  3965  3968
15443    3964  3956  3967  3968
15444    3954  3955  3958  3966
15445    3957  3954  3958  3966
15446    3955  3958  3966  3967
15447    3958  3957  3966  3969
15448    3958  3966  3967  3970
15449    3966  3958  3969  3970
15450    3955  3956  3959  3967
15451    3958  3955  3959  3967
15452    3956  3959  3967  3968
15453    3959  3958  3967  3970
15454    3959  3967  3968  3971
15455    3967  3959  3970  3971
15456    1787  1818  3972  1799
15457    3938  1787  3972  1799
15458    1818  3972  1799  1826
15459    3972  3938  1799  3950
15460    3972  1799  1826  3980
15461    1799  3972  3950  3980
15462    1818  1819  3973  1826
15463    3972  1818  3973  1826
15464    1819  3973  1826  1827
15465    3973  3972  1826  3980
15466    3973  1826  1827  3981
15467    1826  3973  3980  3981
15468    3938  3972  3974  3950
15469    3941  3938  3974  3950
15470    3972  3974  3950  3980
15471    3974  3941  3950  3953
15472    3974  3950  3980  3982
15473    3950  3974  3953  3982
15474    3972  3973  3975  3980
15475    3974  3972  3975  3980
15476    3973  3975  3980  3981
15477    3975  3974  3980  3982
15478    3975  3980  3981  3983
15479    3980  3975  3982  3983
15480    3941  3974  3976  3953
15481    3944  3941  3976  3953
15482    3974  3976  3953  3982
15483    3976  3944  3953  3956
15484    3976  3953  3982  3984
15485    3953  3976  3956  3984
15486    3974  3975  3977  3982
15487    3976  3974  3977  3982
15488    3975  3977  3982  3983
15489    3977  3976  3982  3984
15490    3977  3982  3983  3985
15491    3982  3977  3984  3985
15492    3944  3976  3978  3956
15493    3947  3944  3978  3956
15494    3976  3978  3956  3984
15495    3978  3947  3956  3959
15496    3978  3956  3984  3986
15497    3956  3978  3959  3986
15498    3976  3977  3979  3984
15499    3978  3976  3979  3984
15500    3977  3979  3984  3985
15501    3979  3978  3984  3986
15502    3979  3984  3985  3987
15503    3984  3979  3986  3987
15504    1799  1826  3980  1811
15505    3950  1799  3980  1811
15506    1826  3980  1811  1834
15507    3980  3950  1811  3962
15508    3980  1811  1834  3988
15509    1811  3980  3962  3988
15510    1826  1827  3981  1834
15511    3980  1826  3981  1834
15512    1827  3981  1834  1835
15513    3981  3980  1834  3988
15514    3981  1834  1835  3989
15515    1834  3981  3988  3989
15516    3950  3980  3982  3962
15517    3953  3950  3982  3962
15518    3980  3982  3962  3988
15519    3982  3953  3962  3965
15520    3982  3962  3988  3990
15521    3962  3982  3965  3990
15522    3980  3981  3983  3988
15523    3982  3980  3983  3988
15524    3981  3983  3988  3989
15525    3983  3982  3988  3990
15526    3983  3988  3989  3991
15527    3988  3983  3990  3991
15528    3953  3982  3984  3965
15529    3956  3953  3984  3965
15530    3982  3984  3965  3990
15531    3984  3956  3965  3968
15532    3984  3965  3990  3992
15533    3965  3984  3968  3992
15534    3982  3983  3985  3990
15535    3984  3982  3985  3990
15536    3983  3985  3990  3991
15537    3985  3984  3990  3992
15538    3985  3990  3991  3993
15539    3990  3985  3992  3993
15540    3956  3984  3986  3968
15541    3959  3956  3986  3968
15542    3984  3986  3968  3992
15543    3986  3959  3968  3971
15544    3986  3968  3992  3994
15545    3968  3986  3971  3994
15546    3984  3985  3987  3992
15547    3986  3984  3987  3992
15548    3985  3987  3992  3993
15549    3987  3986  3992  3994
15550    3987  3992  3993  3995
15551    3992  3987  3994  3995
15552    1819  1842  3996  1827
15553    3973  1819  3996  1827
15554    1842  3996  1827  1850
15555    3996  3973  1827  3981
15556    3996  1827  1850  4004
15557    1827  3996  3981  4004
15558    1842  1843  3997  1850
15559    3996  1842  3997  1850
15560    1843  3997  1850  1851
15561    3997  3996  1850  4004
15562    3997  1850  1851  4005
15563    1850  3997  4004  4005
15564    3973  3996  3998  3981
15565    3975  3973  3998  3981
15566    3996  3998  3981  4004
15567    3998  3975  3981  3983
15568    3998  3981  4004  4006
15569    3981  3998  3983  4006
15570    3996  3997  3999  4004
15571    3998  3996  3999  4004
15572    3997  3999  4004  4005
15573    3999  3998  4004  4006
15574    3999  4004  4005  4007
15575    4004  3999  4006  4007
15576    3975  3998  4000  3983
15577    3977  3975  4000  3983
15578    3998  4000  3983  4006
15579    4000  3977  3983  3985
15580    4000  3983  4006  4008
15581    3983  4000  3985  4008
15582    3998  3999  4001  4006
15583    4000  3998  4001  4006
15584    3999  4001  4006  4007
15585    4001  4000  4006  4008
15586    4001  4006  4007  4009
15587    4006  4001  4008  4009
15588    3977  4000  4002  3985
15589    3979  3977  4002  3985
15590    4000  4002  3985  4008
15591    4002  3979  3985  3987
15592    4002  3985  4008  4010
15593    3985  4002  3987  4010
15594    4000  4001  4003  4008
15595    4002  4000  4003  4008
15596    4001  4003  4008  4009
15597    4003  4002  4008  4010
15598    4003  4008  4009  4011
15599    4008  4003  4010  4011
15600    1827  1850  4004  1835
15601    3981  1827  4004  1835
15602    1850  4004  1835  1858
15603    4004  3981  1835  3989
15604    4004  1835  1858  4012
15605    1835  4004  3989  4012
15606    1850  1851  4005  1858
15607    4004  1850  4005  1858
15608    1851  4005  1858  1859
15609    4005  4004  1858  4012
15610    4005  1858  1859  4013
15611    1858  4005  4012  4013
15612    3981  4004  4006  3989
15613    3983  3981  4006  3989
15614    4004  4006  3989  4012
15615    4006  3983  3989  3991
15616    4006  3989  4012  4014
15617    3989  4006  3991  4014
15618    4004  4005  4007  4012
15619    4006  4004  4007  4012
15620    4005  4007  4012  4013
15621    4007  4006  4012  4014
15622    4007  4012  4013  4015
15623    4012  4007  4014  4015
15624    3983  4006  4008  3991
15625    3985  3983  4008  3991
15626    4006  4008  3991  4014
15627    4008  3985  3991  3993
15628    4008  3991  4014  4016
15629    3991  4008  3993  4016
15630    4006  4007  4009  4014
15631    4008  4006  4009  4014
15632    4007  4009  4014  4015
15633    4009  4008  4014  4016
15634    4009  4014  4015  4017
15635    4014  4009  4016  4017
15636    3985  4008  4010  3993
15637    3987  3985  4010  3993
15638    4008  4010  3993  4016
15639    4010  3987  3993  3995
15640    4010  3993  4016  4018
15641    3993  4010  3995  4018
15642    4008  4009  4011  4016
15643    4010  4008  4011  4016
15644    4009  4011  4016  4017
15645    4011  4010  4016  4018
15646    4011  4016  4017  4019
15647    4016  4011  4018  4019
15648    1843  1866  4020  1851
15649    3997  1843  4020  1851
15650    1866  4020  1851  1874
15651    4020  3997  1851  4005
15652    4020  1851  1874  4028
15653    1851  4020  4005  4028
15654    1866  1867  4021  1874
15655    4020  1866  4021  1874
15656    1867  4021  1874  1875
15657    4021  4020  1874  4028
15658    4021  1874  1875  4029
15659    1874  4021  4028  4029
15660    3997  4020  4022  4005
15661    3999  3997  4022  4005
15662    4020  4022  4005  4028
15663    4022  3999  4005  4007
15664    4022  4005  4028  4030
15665    4005  4022  4007  4030
15666    4020  4021  4023  4028
15667    4022  4020  4023  4028
15668    4021  4023  4028  4029
15669    4023  4022  4028  4030
15670    4023  4028  4029  4031
15671    4028  4023  4030  4031
15672    3999  4022  4024  4007
15673    4001  3999  4024  4007
15674    4022  4024  4007  4030
15675    4024  4001  4007  4009
15676    4024  4007  4030  4032
15677    4007  4024  4009  4032
15678    4022  4023  4025  4030
15679    4024  4022  4025  4030
15680    4023  4025  4030  4031
15681    4025  4024  4030  4032
15682    4025  4030  4031  4033
15683    4030  4025  4032  4033
15684    4001  4024  4026  4009
15685    4003  4001  4026  4009
15686    4024  4026  4009  4032
15687    4026  4003  4009  4011
15688    4026  4009  4032  4034
15689    4009  4026  4011  4034
15690    4024  4025  4027  4032
15691    4026  4024  4027  4032
15692    4025  4027  4032  4033
15693    4027  4026  4032  4034
15694    4027  4032  4033  4035
15695    4032  4027  4034  4035
15696    1851  1874  4028  1859
15697    4005  1851  4028  1859
15698    1874  4028  1859  1882
15699    4028  4005  1859  4013
15700    4028  1859  1882  4036
15701    1859  4028  4013  4036
15702    1874  1875  4029  1882
15703    4028  1874  4029  1882
15704    1875  4029  1882  1883
15705    4029  4028  1882  4036
15706    4029  1882  1883  4037
15707    1882  4029  4036  4037
15708    4005  4028  4030  4013
15709    4007  4005  4030  4013
15710    4028  4030  4013  4036
15711    4030  4007  4013  4015
15712    4030  4013  4036  4038
15713    4013  4030  4015  4038
15714    4028  4029  4031  4036
15715    4030  4028  4031  4036
15716    4029  4031  4036  4037
15717    4031  4030  4036  4038
15718    4031  4036  4037  4039
15719    4036  4031  4038  4039
15720    4007  4030  4032  4015
15721    4009  4007  4032  4015
15722    4030  4032  4015  4038
15723    4032  4009  4015  4017
15724    4032  4015  4038  4040
15725    4015  4032  4017  4040
15726    4030  4031  4033  4038
15727    4032  4030  4033  4038
15728    4031  4033  4038  4039
15729    4033  4032  4038  4040
15730    4033  4038  4039  4041
15731    4038  4033  4040  4041
15732    4009  4032  4034  4017
15733    4011  4009  4034  4017
15734    4032  4034  4017  4040
15735    4034  4011  4017  4019
15736    4034  4017  4040  4042
15737    4017  4034  4019  4042
15738    4032  4033  4035  4040
15739    4034  4032  4035  4040
15740    4033  4035  4040  4041
15741    4035  4034  4040  4042
15742    4035  4040  4041  4043
15743    4040  4035  4042  4043
15744    1867  1890  4044  1875
15745    4021  1867  4044  1875
15746    1890  4044  1875  1898
15747    4044  4021  1875  4029
15748    4044  1875  1898  4052
15749    1875  4044  4029  4052
15750    1890  1891  4045  1898
15751    4044  1890  4045  1898
15752    1891  4045  1898  1899
15753    4045  4044  1898  4052
15754    4045  1898  1899  4053
15755    1898  4045  4052  4053
15756    4021  4044  4046  4029
15757    4023  4021  4046  4029
15758    4044  4046  4029  4052
15759    4046  4023  4029  4031
15760    4046  4029  4052  4054
15761    4029  4046  4031  4054
15762    4044  4045  4047  4052
15763    4046  4044  4047  4052
15764    4045  4047  4052  4053
15765    4047  4046  4052  4054
15766    4047  4052  4053  4055
15767    4052  4047  4054  4055
15768    4023  4046  4048  4031
15769    4025  4023  4048  4031
15770    4046  4048  4031  4054
15771    4048  4025  4031  4033
15772    4048  4031  4054  4056
15773    4031  4048  4033  4056
15774    4046  4047  4049  4054
15775    4048  4046  4049  4054
15776    4047  4049  4054  4055
15777    4049  4048  4054  4056
15778    4049  4054  4055  4057
15779    4054  4049  4056  4057
15780    4025  4048  4050  4033
15781    4027  4025  4050  4033
15782    4048  4050  4033  4056
15783    4050  4027  4033  4035
15784    4050  4033  4056  4058
15785    4033  4050  4035  4058
15786    4048  4049  4051  4056
15787    4050  4048  4051  4056
15788    4049  4051  4056  4057
15789    4051  4050  4056  4058
15790    4051  4056  4057  4059
15791    4056  4051  4058  4059
15792    1875  1898  4052  1883
15793    4029  1875  4052  1883
15794    1898  4052  1883  1906
15795    4052  4029  1883  4037
15796    4052  1883  1906  4060
15797    1883  4052  4037  4060
15798    1898  1899  4053  1906
15799    4052  1898  4053  1906
15800    1899  4053  1906  1907
15801    4053  4052  1906  4060
15802    4053  1906  1907  4061
15803    1906  4053  4060  4061
15804    4029  4052  4054  4037
15805    4031  4029  4054  4037
15806    4052  4054  4037  4060
15807    4054  4031  4037  4039
15808    4054  4037  4060  4062
15809    4037  4054  4039  4062
15810    4052  4053  4055  4060
15811    4054  4052  4055  4060
15812    4053  4055  4060  4061
15813    4055  4054  4060  4062
15814    4055  4060  4061  4063
15815    4060  4055  4062  4063
15816    4031  4054  4056  4039
15817    4033  4031  4056  4039
15818    4054  4056  4039  4062
15819    4056  4033  4039  4041
15820    4056  4039  4062  4064
15821    4039  4056  4041  4064
15822    4054  4055  4057  4062
15823    4056  4054  4057  4062
15824    4055  4057  4062  4063
15825    4057  4056  4062  4064
15826    4057  4062  4063  4065
15827    4062  4057  4064  4065
15828    4033  4056  4058  4041
15829    4035  4033  4058  4041
15830    4056  4058  4041  4064
15831    4058  4035  4041  4043
15832    4058  4041  4064  4066
15833    4041  4058  4043  4066
15834    4056  4057  4059  4064
15835    4058  4056  4059  4064
15836    4057  4059  4064  4065
15837    4059  4058  4064  4066
15838    4059  4064  4065  4067
15839    4064  4059  4066  4067
15840    1891  1914  4068  1899
15841    4045  1891  4068  1899
15842    1914  4068  1899  1922
15843    4068  4045  1899  4053
15844    4068  1899  1922  4076
15845    1899  4068  4053  4076
15846    1914  1915  4069  1922
15847    4068  1914  4069  1922
15848    1915  4069  1922  1923
15849    4069  4068  1922  4076
15850    4069  1922  1923  4077
15851    1922  4069  4076  4077
15852    4045  4068  4070  4053
15853    4047  4045  4070  4053
15854    4068  4070  4053  4076
15855    4070  4047  4053  4055
15856    4070  4053  4076  4078
15857    4053  4070  4055  4078
15858    4068  4069  4071  4076
15859    4070  4068  4071  4076
15860    4069  4071  4076  4077
15861    4071  4070  4076  4078
15862    4071  4076  4077  4079
15863    4076  4071  4078  4079
15864    4047  4070  4072  4055
15865    4049  4047  4072  4055
15866    4070  4072  4055  4078
15867    4072  4049  4055  4057
15868    4072  4055  4078  4080
15869    4055  4072  4057  4080
15870    4070  4071  4073  4078
15871    4072  4070  4073  4078
15872    4071  4073  4078  4079
15873    4073  4072  4078  4080
15874    4073  4078  4079  4081
15875    4078  4073  4080  4081
15876    4049  4072  4074  4057
15877    4051  4049  4074  4057
15878    4072  4074  4057  4080
15879    4074  4051  4057  4059
15880    4074  4057  4080  4082
15881    4057  4074  4059  4082
15882    4072  4073  4075  4080
15883    4074  4072  4075  4080
15884    4073  4075  4080  4081
15885    4075  4074  4080  4082
15886    4075  4080  4081  4083
15887    4080  4075  4082  4083
15888    1899  1922  4076  1907
15889    4053  1899  4076  1907
15890    1922  4076  1907  1930
15891    4076  4053  1907  4061
15892    4076  1907  1930  4084
15893    1907  4076  4061  4084
15894    1922  1923  4077  1930
15895    4076  1922  4077  1930
15896    1923  4077  1930  1931
15897    4077  4076  1930  4084
15898    4077  1930  1931  4085
15899    1930  4077  4084  4085
15900    4053  4076  4078  4061
15901    4055  4053  4078  4061
15902    4076  4078  4061  4084
15903    4078  4055  4061  4063
15904    4078  4061  4084  4086
15905    4061  4078  4063  4086
15906    4076  4077  4079  4084
15907    4078  4076  4079  4084
15908    4077  4079  4084  4085
15909    4079  4078  4084  4086
15910    4079  4084  4085  4087
15911    4084  4079  4086  4087
15912    4055  4078  4080  4063
15913    4057  4055  4080  4063
15914    4078  4080  4063  4086
15915    4080  4057  4063  4065
15916    4080  4063  4086  4088
15917    4063  4080  4065  4088
15918    4078  4079  4081  4086
15919    4080  4078  4081  4086
15920    4079  4081  4086  4087
15921    4081  4080  4086  4088
15922    4081  4086  4087  4089
15923    4086  4081  4088  4089
15924    4057  4080  4082  4065
15925    4059  4057  4082  4065
15926    4080  4082  4065  4088
15927    4082  4059  4065  4067
15928    4082  4065  4088  4090
15929    4065  4082  4067  4090
15930    4080  4081  4083  4088
15931    4082  4080  4083  4088
15932    4081  4083  4088  4089
15933    4083  4082  4088  4090
15934    4083  4088  4089  4091
15935    4088  4083  4090  4091
15936    1915  1938  4092  1923
15937    4069  1915  4092  1923
15938    1938  4092  1923  1946
15939    4092  4069  1923  4077
15940    4092  1923  1946  4100
15941    1923  4092  4077  4100
15942    1938  1939  4093  1946
15943    4092  1938  4093  1946
15944    1939  4093  1946  1947
15945    4093  4092  1946  4100
15946    4093  1946  1947  4101
15947    1946  4093  4100  4101
15948    4069  4092  4094  4077
15949    4071  4069  4094  4077
15950    4092  4094  4077  4100
15951    4094  4071  4077  4079
15952    4094  4077  4100  4102
15953    4077  4094  4079  4102
15954    4092  4093  4095  4100
15955    4094  4092  4095  4100
15956    4093  4095  4100  4101
15957    4095  4094  4100  4102
15958    4095  4100  4101  4103
15959    4100  4095  4102  4103
15960    4071  4094  4096  4079
15961    4073  4071  4096  4079
15962    4094  4096  4079  4102
15963    4096  4073  4079  4081
15964    4096  4079  4102  4104
15965    4079  4096  4081  4104
15966    4094  4095  4097  4102
15967    4096  4094  4097  4102
15968    4095  4097  4102  4103
15969    4097  4096  4102  4104
15970    4097  4102  4103  4105
15971    4102  4097  4104  4105
15972    4073  4096  4098  4081
15973    4075  4073  4098  4081
15974    4096  4098  4081  4104
15975    4098  4075  4081  4083
15976    4098  4081  4104  4106
15977    4081  4098  4083  4106
15978    4096  4097  4099  4104
15979    4098  4096  4099  4104
15980    4097  4099  4104  4105
15981    4099  4098  4104  4106
15982    4099  4104  4105  4107
15983    4104  4099  4106  4107
15984    1923  1946  4100  1931
15985    4077  1923  4100  1931
15986    1946  4100  1931  1954
15987    4100  4077  1931  4085
15988    4100  1931  1954  4108
15989    1931  4100  4085  4108
15990    1946  1947  4101  1954
15991    4100  1946  4101  1954
15992    1947  4101  1954  1955
15993    4101  4100  1954  4108
15994    4101  1954  1955  4109
15995    1954  4101  4108  4109
15996    4077  4100  4102  4085
15997    4079  4077  4102  4085
15998    4100  4102  4085  4108
15999    4102  4079  4085  4087
16000    4102  4085  4108  4110
16001    4085  4102  4087  4110
16002    4100  4101  4103  4108
16003    4102  4100  4103  4108
16004    4101  4103  4108  4109
16005    4103  4102  4108  4110
16006    4103  4108  4109  4111
16007    4108  4103  4110  4111
16008    4079  4102  4104  4087
16009    4081  4079  4104  4087
16010    4102  4104  4087  4110
16011    4104  4081  4087  4089
16012    4104  4087  4110  4112
16013    4087  4104  4089  4112
16014    4102  4103  4105  4110
16015    4104  4102  4105  4110
16016    4103  4105  4110  4111
16017    4105  4104  4110  4112
16018    4105  4110  4111  4113
16019    4110  4105  4112  4113
16020    4081  4104  4106  4089
16021    4083  4081  4106  4089
16022    4104  4106  4089  4112
16023    4106  4083  4089  4091
16024    4106  4089  4112  4114
16025    4089  4106  4091  4114
16026    4104  4105  4107  4112
16027    4106  4104  4107  4112
16028    4105  4107  4112  4113
16029    4107  4106  4112  4114
16030    4107  4112  4113  4115
16031    4112  4107  4114  4115
16032    1939  1959  4116  1947
16033    4093  1939  4116  1947
16034    1959  4116  1947  1963
16035    4116  4093  1947  4101
16036    4116  1947  1963  4120
16037    1947  4116  4101  4120
16038    1959  1785  3936  1963
16039    4116  1959  3936  1963
16040    1785  3936  1963  1797
16041    3936  4116  1963  4120
16042    3936  1963  1797  3948
16043    1963  3936  4120  3948
16044    4093  4116  4117  4101
16045    4095  4093  4117  4101
16046    4116  4117  4101  4120
16047    4117  4095  4101  4103
16048    4117  4101  4120  4121
16049    4101  4117  4103  4121
16050    4116  3936  3939  4120
16051    4117  4116  3939  4120
16052    3936  3939  4120  3948
16053    3939  4117  4120  4121
16054    3939  4120  3948  3951
16055    4120  3939  4121  3951
16056    4095  4117  4118  4103
16057    4097  4095  4118  4103
16058    4117  4118  4103  4121
16059    4118  4097  4103  4105
16060    4118  4103  4121  4122
16061    4103  4118  4105  4122
16062    4117  3939  3942  4121
16063    4118  4117  3942  4121
16064    3939  3942  4121  3951
16065    3942  4118  4121  4122
16066    3942  4121  3951  3954
16067    4121  3942  4122  3954
16068    4097  4118  4119  4105
16069    4099  4097  4119  4105
16070    4118  4119  4105  4122
16071    4119  4099  4105  4107
16072    4119  4105  4122  4123
16073    4105  4119  4107  4123
16074    4118  3942  3945  4122
16075    4119  4118  3945  4122
16076    3942  3945  4122  3954
16077    3945  4119  4122  4123
16078    3945  4122  3954  3957
16079    4122  3945  4123  3957
16080    1947  1963  4120  1955
16081    4101  1947  4120  1955
16082    1963  4120  1955  1967
16083    4120  4101  1955  4109
16084    4120  1955  1967  4124
16085    1955  4120  4109  4124
16086    1963  1797  3948  1967
16087    4120  1963  3948  1967
16088    1797  3948  1967  1809
16089    3948  4120  1967  4124
16090    3948  1967  1809  3960
16091    1967  3948  4124  3960
16092    4101  4120  4121  4109
16093    4103  4101  4121  4109
16094    4120  4121  4109  4124
16095    4121  4103  4109  4111
16096    4121  4109  4124  4125
16097    4109  4121  4111  4125
16098    4120  3948  3951  4124
16099    4121  4120  3951  4124
16100    3948  3951  4124  3960
16101    3951  4121  4124  4125
16102    3951  4124  3960  3963
16103    4124  3951  4125  3963
16104    4103  4121  4122  4111
16105    4105  4103  4122  4111
16106    4121  4122  4111  4125
16107    4122  4105  4111  4113
16108    4122  4111  4125  4126
16109    4111  4122  4113  4126
16110    4121  3951  3954  4125
16111    4122  4121  3954  4125
16112    3951  3954  4125  3963
16113    3954  4122  4125  4126
16114    3954  4125  3963  3966
16115    4125  3954  4126  3966
16116    4105  4122  4123  4113
16117    4107  4105  4123  4113
16118    4122  4123  4113  4126
16119    4123  4107  4113  4115
16120    4123  4113  4126  4127
16121    4113  4123  4115  4127
16122    4122  3954  3957  4126
16123    4123  4122  3957  4126
16124    3954  3957  4126  3966
16125    3957  4123  4126  4127
16126    3957  4126  3966  3969
16127    4126  3957  4127  3969
16128    3753  3754  4129  3765
16129    4128  3753  4129  3765
16130    3754  4129  3765  3766
16131    4129  4128  3765  4140
16132    4129  3765  3766  4141
16133    3765  4129  4140  4141
16134    3754  3755  4130  3766
16135    4129  3754  4130  3766
16136    3755  4130  3766  3767
16137    4130  4129  3766  4141
16138    4130  3766  3767  4142
16139    3766  4130  4141  4142
16140    4128  4129  4132  4140
16141    4131  4128  4132  4140
16142    4129  4132  4140  4141
16143    4132  4131  4140  4143
16144    4132  4140  4141  4144
16145    4140  4132  4143  4144
16146    4129  4130  4133  4141
16147    4132  4129  4133  4141
16148    4130  4133  4141  4142
16149    4133  4132  4141  4144
16150    4133  4141  4142  4145
16151    4141  4133  4144  4145
16152    4131  4132  4135  4143
16153    4134  4131  4135  4143
16154    4132  4135  4143  4144
16155    4135  4134  4143  4146
16156    4135  4143  4144  4147
16157    4143  4135  4146  4147
16158    4132  4133  4136  4144
16159    4135  4132  4136  4144
16160    4133  4136  4144  4145
16161    4136  4135  4144  4147
16162    4136  4144  4145  4148
16163    4144  4136  4147  4148
16164    4134  4135  4138  4146
16165    4137  4134  4138  4146
16166    4135  4138  4146  4147
16167    4138  4137  4146  4149
16168    4138  4146  4147  4150
16169    4146  4138  4149  4150
16170    4135  4136  4139  4147
16171    4138  4135  4139  4147
16172    4136  4139  4147  4148
16173    4139  4138  4147  4150
16174    4139  4147  4148  4151
16175    4147  4139  4150  4151
16176    3765  3766  4141  3777
16177    4140  3765  4141  3777
16178    3766  4141  3777  3778
16179    4141  4140  3777  4152
16180    4141  3777  3778  4153
16181    3777  4141  4152  4153
16182    3766  3767  4142  3778
16183    4141  3766  4142  3778
16184    3767  4142  3778  3779
16185    4142  4141  3778  4153
16186    4142  3778  3779  4154
16187    3778  4142  4153  4154
16188    4140  4141  4144  4152
16189    4143  4140  4144  4152
16190    4141  4144  4152  4153
16191    4144  4143  4152  4155
16192    4144  4152  4153  4156
16193    4152  4144  4155  4156
16194    4141  4142  4145  4153
16195    4144  4141  4145  4153
16196    4142  4145  4153  4154
16197    4145  4144  4153  4156
16198    4145  4153  4154  4157
16199    4153  4145  4156  4157
16200    4143  4144  4147  4155
16201    4146  4143  4147  4155
16202    4144  4147  4155  4156
16203    4147  4146  4155  4158
16204    4147  4155  4156  4159
16205    4155  4147  4158  4159
16206    4144  4145  4148  4156
16207    4147  4144  4148  4156
16208    4145  4148  4156  4157
16209    4148  4147  4156  4159
16210    4148  4156  4157  4160
16211    4156  4148  4159  4160
16212    4146  4147  4150  4158
16213    4149  4146  4150  4158
16214    4147  4150  4158  4159
16215    4150  4149  4158  3969
16216    4150  4158  4159  4127
16217    4158  4150  3969  4127
16218    4147  4148  4151  4159
16219    4150  4147  4151  4159
16220    4148  4151  4159  4160
16221    4151  4150  4159  4127
16222    4151  4159  4160  4115
16223    4159  4151  4127  4115
16224    3755  3786  4161  3767
16225    4130  3755  4161  3767
16226    3786  4161  3767  3794
16227    4161  4130  3767  4142
16228    4161  3767  3794  4169
16229    3767  4161  4142  4169
16230    3786  3787  4162  3794
16231    4161  3786  4162  3794
16232    3787  4162  3794  3795
16233    4162  4161  3794  4169
16234    4162  3794  3795  4170
16235    3794  4162  4169  4170
16236    4130  4161  4163  4142
16237    4133  4130  4163  4142
16238    4161  4163  4142  4169
16239    4163  4133  4142  4145
16240    4163  4142  4169  4171
16241    4142  4163  4145  4171
16242    4161  4162  4164  4169
16243    4163  4161  4164  4169
16244    4162  4164  4169  4170
16245    4164  4163  4169  4171
16246    4164  4169  4170  4172
16247    4169  4164  4171  4172
16248    4133  4163  4165  4145
16249    4136  4133  4165  4145
16250    4163  4165  4145  4171
16251    4165  4136  4145  4148
16252    4165  4145  4171  4173
16253    4145  4165  4148  4173
16254    4163  4164  4166  4171
16255    4165  4163  4166  4171
16256    4164  4166  4171  4172
16257    4166  4165  4171  4173
16258    4166  4171  4172  4174
16259    4171  4166  4173  4174
16260    4136  4165  4167  4148
16261    4139  4136  4167  4148
16262    4165  4167  4148  4173
16263    4167  4139  4148  4151
16264    4167  4148  4173  4175
16265    4148  4167  4151  4175
16266    4165  4166  4168  4173
16267    4167  4165  4168  4173
16268    4166  4168  4173  4174
16269    4168  4167  4173  4175
16270    4168  4173  4174  4176
16271    4173  4168  4175  4176
16272    3767  3794  4169  3779
16273    4142  3767  4169  3779
16274    3794  4169  3779  3802
16275    4169  4142  3779  4154
16276    4169  3779  3802  4177
16277    3779  4169  4154  4177
16278    3794  3795  4170  3802
16279    4169  3794  4170  3802
16280    3795  4170  3802  3803
16281    4170  4169  3802  4177
16282    4170  3802  3803  4178
16283    3802  4170  4177  4178
16284    4142  4169  4171  4154
16285    4145  4142  4171  4154
16286    4169  4171  4154  4177
16287    4171  4145  4154  4157
16288    4171  4154  4177  4179
16289    4154  4171  4157  4179
16290    4169  4170  4172  4177
16291    4171  4169  4172  4177
16292    4170  4172  4177  4178
16293    4172  4171  4177  4179
16294    4172  4177  4178  4180
16295    4177  4172  4179  4180
16296    4145  4171  4173  4157
16297    4148  4145  4173  4157
16298    4171  4173  4157  4179
16299    4173  4148  4157  4160
16300    4173  4157  4179  4181
16301    4157  4173  4160  4181
16302    4171  4172  4174  4179
16303    4173  4171  4174  4179
16304    4172  4174  4179  4180
16305    4174  4173  4179  4181
16306    4174  4179  4180  4182
16307    4179  4174  4181  4182
16308    4148  4173  4175  4160
16309    4151  4148  4175  4160
16310    4173  4175  4160  4181
16311    4175  4151  4160  4115
16312    4175  4160  4181  4114
16313    4160  4175  4115  4114
16314    4173  4174  4176  4181
16315    4175  4173  4176  4181
16316    4174  4176  4181  4182
16317    4176  4175  4181  4114
16318    4176  4181  4182  4091
16319    4181  4176  4114  4091
16320    3787  3810  4183  3795
16321    4162  3787  4183  3795
16322    3810  4183  3795  3818
16323    4183  4162  3795  4170
16324    4183  3795  3818  4191
16325    3795  4183  4170  4191
16326    3810  3811  4184  3818
16327    4183  3810  4184  3818
16328    3811  4184  3818  3819
16329    4184  4183  3818  4191
16330    4184  3818  3819  4192
16331    3818  4184  4191  4192
16332    4162  4183  4185  4170
16333    4164  4162  4185  4170
16334    4183  4185  4170  4191
16335    4185  4164  4170  4172
16336    4185  4170  4191  4193
16337    4170  4185  4172  4193
16338    4183  4184  4186  4191
16339    4185  4183  4186  4191
16340    4184  4186  4191  4192
16341    4186  4185  4191  4193
16342    4186  4191  4192  4194
16343    4191  4186  4193  4194
16344    4164  4185  4187  4172
16345    4166  4164  4187  4172
16346    4185  4187  4172  4193
16347    4187  4166  4172  4174
16348    4187  4172  4193  4195
16349    4172  4187  4174  4195
16350    4185  4186  4188  4193
16351    4187  4185  4188  4193
16352    4186  4188  4193  4194
16353    4188  4187  4193  4195
16354    4188  4193  4194  4196
16355    4193  4188  4195  4196
16356    4166  4187  4189  4174
16357    4168  4166  4189  4174
16358    4187  4189  4174  4195
16359    4189  4168  4174  4176
16360    4189  4174  4195  4197
16361    4174  4189  4176  4197
16362    4187  4188  4190  4195
16363    4189  4187  4190  4195
16364    4188  4190  4195  4196
16365    4190  4189  4195  4197
16366    4190  4195  4196  4198
16367    4195  4190  4197  4198
16368    3795  3818  4191  3803
16369    4170  3795  4191  3803
16370    3818  4191  3803  3826
16371    4191  4170  3803  4178
16372    4191  3803  3826  4199
16373    3803  4191  4178  4199
16374    3818  3819  4192  3826
16375    4191  3818  4192  3826
16376    3819  4192  3826  3827
16377    4192  4191  3826  4199
16378    4192  3826  3827  4200
16379    3826  4192  4199  4200
16380    4170  4191  4193  4178
16381    4172  4170  4193  4178
16382    4191  4193  4178  4199
16383    4193  4172  4178  4180
16384    4193  4178  4199  4201
16385    4178  4193  4180  4201
16386    4191  4192  4194  4199
16387    4193  4191  4194  4199
16388    4192  4194  4199  4200
16389    4194  4193  4199  4201
16390    4194  4199  4200  4202
16391    4199  4194  4201  4202
16392    4172  4193  4195  4180
16393    4174  4172  4195  4180
16394    4193  4195  4180  4201
16395    4195  4174  4180  4182
16396    4195  4180  4201  4203
16397    4180  4195  4182  4203
16398    4193  4194  4196  4201
16399    4195  4193  4196  4201
16400    4194  4196  4201  4202
16401    4196  4195  4201  4203
16402    4196  4201  4202  4204
16403    4201  4196  4203  4204
16404    4174  4195  4197  4182
16405    4176  4174  4197  4182
16406    4195  4197  4182  4203
16407    4197  4176  4182  4091
16408    4197  4182  4203  4090
16409    4182  4197  4091  4090
16410    4195  4196  4198  4203
16411    4197  4195  4198  4203
16412    4196  4198  4203  4204
16413    4198  4197  4203  4090
16414    4198  4203  4204  4067
16415    4203  4198  4090  4067
16416    3811  3834  4205  3819
16417    4184  3811  4205  3819
16418    3834  4205  3819  3842
16419    4205  4184  3819  4192
16420    4205  3819  3842  4213
16421    3819  4205  4192  4213
16422    3834  3835  4206  3842
16423    4205  3834  4206  3842
16424    3835  4206  3842  3843
16425    4206  4205  3842  4213
16426    4206  3842  3843  4214
16427    3842  4206  4213  4214
16428    4184  4205  4207  4192
16429    4186  4184  4207  4192
16430    4205  4207  4192  4213
16431    4207  4186  4192  4194
16432    4207  4192  4213  4215
16433    4192  4207  4194  4215
16434    4205  4206  4208  4213
16435    4207  4205  4208  4213
16436    4206  4208  4213  4214
16437    4208  4207  4213  4215
16438    4208  4213  4214  4216
16439    4213  4208  4215  4216
16440    4186  4207  4209  4194
16441    4188  4186  4209  4194
16442    4207  4209  4194  4215
16443    4209  4188  4194  4196
16444    4209  4194  4215  4217
16445    4194  4209  4196  4217
16446    4207  4208  4210  4215
16447    4209  4207  4210  4215
16448    4208  4210  4215  4216
16449    4210  4209  4215  4217
16450    4210  4215  4216  4218
16451    4215  4210  4217  4218
16452    4188  4209  4211  4196
16453    4190  4188  4211  4196
16454    4209  4211  4196  4217
16455    4211  4190  4196  4198
16456    4211  4196  4217  4219
16457    4196  4211  4198  4219
16458    4209  4210  4212  4217
16459    4211  4209  4212  4217
16460    4210  4212  4217  4218
16461    4212  4211  4217  4219
16462    4212  4217  4218  4220
16463    4217  4212  4219  4220
16464    3819  3842  4213  3827
16465    4192  3819  4213  3827
16466    3842  4213  3827  3850
16467    4213  4192  3827  4200
16468    4213  3827  3850  4221
16469    3827  4213  4200  4221
16470    3842  3843  4214  3850
16471    4213  3842  4214  3850
16472    3843  4214  3850  3851
16473    4214  4213  3850  4221
16474    4214  3850  3851  4222
16475    3850  4214  4221  4222
16476    4192  4213  4215  4200
16477    4194  4192  4215  4200
16478    4213  4215  4200  4221
16479    4215  4194  4200  4202
16480    4215  4200  4221  4223
16481    4200  4215  4202  4223
16482    4213  4214  4216  4221
16483    4215  4213  4216  4221
16484    4214  4216  4221  4222
16485    4216  4215  4221  4223
16486    4216  4221  4222  4224
16487    4221  4216  4223  4224
16488    4194  4215  4217  4202
16489    4196  4194  4217  4202
16490    4215  4217  4202  4223
16491    4217  4196  4202  4204
16492    4217  4202  4223  4225
16493    4202  4217  4204  4225
16494    4215  4216  4218  4223
16495    4217  4215  4218  4223
16496    4216  4218  4223  4224
16497    4218  4217  4223  4225
16498    4218  4223  4224  4226
16499    4223  4218  4225  4226
16500    4196  4217  4219  4204
16501    4198  4196  4219  4204
16502    4217  4219  4204  4225
16503    4219  4198  4204  4067
16504    4219  4204  4225  4066
16505    4204  4219  4067  4066
16506    4217  4218  4220  4225
16507    4219  4217  4220  4225
16508    4218  4220  4225  4226
16509    4220  4219  4225  4066
16510    4220  4225  4226  4043
16511    4225  4220  4066  4043
16512    3835  3858  4227  3843
16513    4206  3835  4227  3843
16514    3858  4227  3843  3866
16515    4227  4206  3843  4214
16516    4227  3843  3866  4235
16517    3843  4227  4214  4235
16518    3858  3859  4228  3866
16519    4227  3858  4228  3866
16520    3859  4228  3866  3867
16521    4228  4227  3866  4235
16522    4228  3866  3867  4236
16523    3866  4228  4235  4236
16524    4206  4227  4229  4214
16525    4208  4206  4229  4214
16526    4227  4229  4214  4235
16527    4229  4208  4214  4216
16528    4229  4214  4235  4237
16529    4214  4229  4216  4237
16530    4227  4228  4230  4235
16531    4229  4227  4230  4235
16532    4228  4230  4235  4236
16533    4230  4229  4235  4237
16534    4230  4235  4236  4238
16535    4235  4230  4237  4238
16536    4208  4229  4231  4216
16537    4210  4208  4231  4216
16538    4229  4231  4216  4237
16539    4231  4210  4216  4218
16540    4231  4216  4237  4239
16541    4216  4231  4218  4239
16542    4229  4230  4232  4237
16543    4231  4229  4232  4237
16544    4230  4232  4237  4238
16545    4232  4231  4237  4239
16546    4232  4237  4238  4240
16547    4237  4232  4239  4240
16548    4210  4231  4233  4218
16549    4212  4210  4233  4218
16550    4231  4233  4218  4239
16551    4233  4212  4218  4220
16552    4233  4218  4239  4241
16553    4218  4233  4220  4241
16554    4231  4232  4234  4239
16555    4233  4231  4234  4239
16556    4232  4234  4239  4240
16557    4234  4233  4239  4241
16558    4234  4239  4240  4242
16559    4239  4234  4241  4242
16560    3843  3866  4235  3851
16561    4214  3843  4235  3851
16562    3866  4235  3851  3874
16563    4235  4214  3851  4222
16564    4235  3851  3874  4243
16565    3851  4235  4222  4243
16566    3866  3867  4236  3874
16567    4235  3866  4236  3874
16568    3867  4236  3874  3875
16569    4236  4235  3874  4243
16570    4236  3874  3875  4244
16571    3874  4236  4243  4244
16572    4214  4235  4237  4222
16573    4216  4214  4237  4222
16574    4235  4237  4222  4243
16575    4237  4216  4222  4224
16576    4237  4222  4243  4245
16577    4222  4237  4224  4245
16578    4235  4236  4238  4243
16579    4237  4235  4238  4243
16580    4236  4238  4243  4244
16581    4238  4237  4243  4245
16582    4238  4243  4244  4246
16583    4243  4238  4245  4246
16584    4216  4237  4239  4224
16585    4218  4216  4239  4224
16586    4237  4239  4224  4245
16587    4239  4218  4224  4226
16588    4239  4224  4245  4247
16589    4224  4239  4226  4247
16590    4237  4238  4240  4245
16591    4239  4237  4240  4245
16592    4238  4240  4245  4246
16593    4240  4239  4245  4247
16594    4240  4245  4246  4248
16595    4245  4240  4247  4248
16596    4218  4239  4241  4226
16597    4220  4218  4241  4226
16598    4239  4241  4226  4247
16599    4241  4220  4226  4043
16600    4241  4226  4247  4249
16601    4226  4241  4043  4249
16602    4239  4240  4242  4247
16603    4241  4239  4242  4247
16604    4240  4242  4247  4248
16605    4242  4241  4247  4249
16606    4242  4247  4248  4250
16607    4247  4242  4249  4250
16608    3859  3882  4251  3867
16609    4228  3859  4251  3867
16610    3882  4251  3867  3890
16611    4251  4228  3867  4236
16612    4251  3867  3890  4259
16613    3867  4251  4236  4259
16614    3882  3883  4252  3890
16615    4251  3882  4252  3890
16616    3883  4252  3890  3891
16617    4252  4251  3890  4259
16618    4252  3890  3891  4260
16619    3890  4252  4259  4260
16620    4228  4251  4253  4236
16621    4230  4228  4253  4236
16622    4251  4253  4236  4259
16623    4253  4230  4236  4238
16624    4253  4236  4259  4261
16625    4236  4253  4238  4261
16626    4251  4252  4254  4259
16627    4253  4251  4254  4259
16628    4252  4254  4259  4260
16629    4254  4253  4259  4261
16630    4254  4259  4260  4262
16631    4259  4254  4261  4262
16632    4230  4253  4255  4238
16633    4232  4230  4255  4238
16634    4253  4255  4238  4261
16635    4255  4232  4238  4240
16636    4255  4238  4261  4263
16637    4238  4255  4240  4263
16638    4253  4254  4256  4261
16639    4255  4253  4256  4261
16640    4254  4256  4261  4262
16641    4256  4255  4261  4263
16642    4256  4261  4262  4264
16643    4261  4256  4263  4264
16644    4232  4255  4257  4240
16645    4234  4232  4257  4240
16646    4255  4257  4240  4263
16647    4257  4234  4240  4242
16648    4257  4240  4263  4265
16649    4240  4257  4242  4265
16650    4255  4256  4258  4263
16651    4257  4255  4258  4263
16652    4256  4258  4263  4264
16653    4258  4257  4263  4265
16654    4258  4263  4264  4266
16655    4263  4258  4265  4266
16656    3867  3890  4259  3875
16657    4236  3867  4259  3875
16658    3890  4259  3875  3898
16659    4259  4236  3875  4244
16660    4259  3875  3898  4267
16661    3875  4259  4244  4267
16662    3890  3891  4260  3898
16663    4259  3890  4260  3898
16664    3891  4260  3898  3899
16665    4260  4259  3898  4267
16666    4260  3898  3899  4268
16667    3898  4260  4267  4268
16668    4236  4259  4261  4244
16669    4238  4236  4261  4244
16670    4259  4261  4244  4267
16671    4261  4238  4244  4246
16672    4261  4244  4267  4269
16673    4244  4261  4246  4269
16674    4259  4260  4262  4267
16675    4261  4259  4262  4267
16676    4260  4262  4267  4268
16677    4262  4261  4267  4269
16678    4262  4267  4268  4270
16679    4267  4262  4269  4270
16680    4238  4261  4263  4246
16681    4240  4238  4263  4246
16682    4261  4263  4246  4269
16683    4263  4240  4246  4248
16684    4263  4246  4269  4271
16685    4246  4263  4248  4271
16686    4261  4262  4264  4269
16687    4263  4261  4264  4269
16688    4262  4264  4269  4270
16689    4264  4263  4269  4271
16690    4264  4269  4270  4272
16691    4269  4264  4271  4272
16692    4240  4263  4265  4248
16693    4242  4240  4265  4248
16694    4263  4265  4248  4271
16695    4265  4242  4248  4250
16696    4265  4248  4271  4273
16697    4248  4265  4250  4273
16698    4263  4264  4266  4271
16699    4265  4263  4266  4271
16700    4264  4266  4271  4272
16701    4266  4265  4271  4273
16702    4266  4271  4272  4274
16703    4271  4266  4273  4274
16704    3883  3906  4275  3891
16705    4252  3883  4275  3891
16706    3906  4275  3891  3914
16707    4275  4252  3891  4260
16708    4275  3891  3914  4283
16709    3891  4275  4260  4283
16710    3906  3907  4276  3914
16711    4275  3906  4276  3914
16712    3907  4276  3914  3915
16713    4276  4275  3914  4283
16714    4276  3914  3915  4284
16715    3914  4276  4283  4284
16716    4252  4275  4277  4260
16717    4254  4252  4277  4260
16718    4275  4277  4260  4283
16719    4277  4254  4260  4262
16720    4277  4260  4283  4285
16721    4260  4277  4262  4285
16722    4275  4276  4278  4283
16723    4277  4275  4278  4283
16724    4276  4278  4283  4284
16725    4278  4277  4283  4285
16726    4278  4283  4284  4286
16727    4283  4278  4285  4286
16728    4254  4277  4279  4262
16729    4256  4254  4279  4262
16730    4277  4279  4262  4285
16731    4279  4256  4262  4264
16732    4279  4262  4285  4287
16733    4262  4279  4264  4287
16734    4277  4278  4280  4285
16735    4279  4277  4280  4285
16736    4278  4280  4285  4286
16737    4280  4279  4285  4287
16738    4280  4285  4286  4288
16739    4285  4280  4287  4288
16740    4256  4279  4281  4264
16741    4258  4256  4281  4264
16742    4279  4281  4264  4287
16743    4281  4258  4264  4266
16744    4281  4264  4287  4289
16745    4264  4281  4266  4289
16746    4279  4280  4282  4287
16747    4281  4279  4282  4287
16748    4280  4282  4287  4288
16749    4282  4281  4287  4289
16750    4282  4287  4288  4290
16751    4287  4282  4289  4290
16752    3891  3914  4283  3899
16753    4260  3891  4283  3899
16754    3914  4283  3899  3922
16755    4283  4260  3899  4268
16756    4283  3899  3922  4291
16757    3899  4283  4268  4291
16758    3914  3915  4284  3922
16759    4283  3914  4284  3922
16760    3915  4284  3922  3923
16761    4284  4283  3922  4291
16762    4284  3922  3923  4292
16763    3922  4284  4291  4292
16764    4260  4283  4285  4268
16765    4262  4260  4285  4268
16766    4283  4285  4268  4291
16767    4285  4262  4268  4270
16768    4285  4268  4291  4293
16769    4268  4285  4270  4293
16770    4283  4284  4286  4291
16771    4285  4283  4286  4291
16772    4284  4286  4291  4292
16773    4286  4285  4291  4293
16774    4286  4291  4292  4294
16775    4291  4286  4293  4294
16776    4262  4285  4287  4270
16777    4264  4262  4287  4270
16778    4285  4287  4270  4293
16779    4287  4264  4270  4272
16780    4287  4270  4293  4295
16781    4270  4287  4272  4295
16782    4285  4286  4288  4293
16783    4287  4285  4288  4293
16784    4286  4288  4293  4294
16785    4288  4287  4293  4295
16786    4288  4293  4294  4296
16787    4293  4288  4295  4296
16788    4264  4287  4289  4272
16789    4266  4264  4289  4272
16790    4287  4289  4272  4295
16791    4289  4266  4272  4274
16792    4289  4272  4295  4297
16793    4272  4289  4274  4297
16794    4287  4288  4290  4295
16795    4289  4287  4290  4295
16796    4288  4290  4295  4296
16797    4290  4289  4295  4297
16798    4290  4295  4296  4298
16799    4295  4290  4297  4298
16800    3907  3927  4299  3915
16801    4276  3907  4299  3915
16802    3927  4299  3915  3931
16803    4299  4276  3915  4284
16804    4299  3915  3931  4303
16805    3915  4299  4284  4303
16806    3927  3753  4128  3931
16807    4299  3927  4128  3931
16808    3753  4128  3931  3765
16809    4128  4299  3931  4303
16810    4128  3931  3765  4140
16811    3931  4128  4303  4140
16812    4276  4299  4300  4284
16813    4278  4276  4300  4284
16814    4299  4300  4284  4303
16815    4300  4278  4284  4286
16816    4300  4284  4303  4304
16817    4284  4300  4286  4304
16818    4299  4128  4131  4303
16819    4300  4299  4131  4303
16820    4128  4131  4303  4140
16821    4131  4300  4303  4304
16822    4131  4303  4140  4143
16823    4303  4131  4304  4143
16824    4278  4300  4301  4286
16825    4280  4278  4301  4286
16826    4300  4301  4286  4304
16827    4301  4280  4286  4288
16828    4301  4286  4304  4305
16829    4286  4301  4288  4305
16830    4300  4131  4134  4304
16831    4301  4300  4134  4304
16832    4131  4134  4304  4143
16833    4134  4301  4304  4305
16834    4134  4304  4143  4146
16835    4304  4134  4305  4146
16836    4280  4301  4302  4288
16837    4282  4280  4302  4288
16838    4301  4302  4288  4305
16839    4302  4282  4288  4290
16840    4302  4288  4305  4306
16841    4288  4302  4290  4306
16842    4301  4134  4137  4305
16843    4302  4301  4137  4305
16844    4134  4137  4305  4146
16845    4137  4302  4305  4306
16846    4137  4305  4146  4149
16847    4305  4137  4306  4149
16848    3915  3931  4303  3923
16849    4284  3915  4303  3923
16850    3931  4303  3923  3935
16851    4303  4284  3923  4292
16852    4303  3923  3935  4307
16853    3923  4303  4292  4307
16854    3931  3765  4140  3935
16855    4303  3931  4140  3935
16856    3765  4140  3935  3777
16857    4140  4303  3935  4307
16858    4140  3935  3777  4152
16859    3935  4140  4307  4152
16860    4284  4303  4304  4292
16861    4286  4284  4304  4292
16862    4303  4304  4292  4307
16863    4304  4286  4292  4294
16864    4304  4292  4307  4308
16865    4292  4304  4294  4308
16866    4303  4140  4143  4307
16867    4304  4303  4143  4307
16868    4140  4143  4307  4152
16869    4143  4304  4307  4308
16870    4143  4307  4152  4155
16871    4307  4143  4308  4155
16872    4286  4304  4305  4294
16873    4288  4286  4305  4294
16874    4304  4305  4294  4308
16875    4305  4288  4294  4296
16876    4305  4294  4308  4309
16877    4294  4305  4296  4309
16878    4304  4143  4146  4308
16879    4305  4304  4146  4308
16880    4143  4146  4308  4155
16881    4146  4305  4308  4309
16882    4146  4308  4155  4158
16883    4308  4146  4309  4158
16884    4288  4305  4306  4296
16885    4290  4288  4306  4296
16886    4305  4306  4296  4309
16887    4306  4290  4296  4298
16888    4306  4296  4309  4310
16889    4296  4306  4298  4310
16890    4305  4146  4149  4309
16891    4306  4305  4149  4309
16892    4146  4149  4309  4158
16893    4149  4306  4309  4310
16894    4149  4309  4158  3969
16895    4309  4149  4310  3969
16896    3945  3946  4312  3957
16897    4311  3945  4312  3957
16898    3946  4312  3957  3958
16899    4312  4311  3957  4323
16900    4312  3957  3958  4324
16901    3957  4312  4323  4324
16902    3946  3947  4313  3958
16903    4312  3946  4313  3958
16904    3947  4313  3958  3959
16905    4313  4312  3958  4324
16906    4313  3958  3959  4325
16907    3958  4313  4324  4325
16908    4311  4312  4315  4323
16909    4314  4311  4315  4323
16910    4312  4315  4323  4324
16911    4315  4314  4323  4326
16912    4315  4323  4324  4327
16913    4323  4315  4326  4327
16914    4312  4313  4316  4324
16915    4315  4312  4316  4324
16916    4313  4316  4324  4325
16917    4316  4315  4324  4327
16918    4316  4324  4325  4328
16919    4324  4316  4327  4328
16920    4314  4315  4318  4326
16921    4317  4314  4318  4326
16922    4315  4318  4326  4327
16923    4318  4317  4326  4329
16924    4318  4326  4327  4330
16925    4326  4318  4329  4330
16926    4315  4316  4319  4327
16927    4318  4315  4319  4327
16928    4316  4319  4327  4328
16929    4319  4318  4327  4330
16930    4319  4327  4328  4331
16931    4327  4319  4330  4331
16932    4317  4318  4321  4329
16933    4320  4317  4321  4329
16934    4318  4321  4329  4330
16935    4321  4320  4329  4332
16936    4321  4329  4330  4333
16937    4329  4321  4332  4333
16938    4318  4319  4322  4330
16939    4321  4318  4322  4330
16940    4319  4322  4330  4331
16941    4322  4321  4330  4333
16942    4322  4330  4331  4334
16943    4330  4322  4333  4334
16944    3957  3958  4324  3969
16945    4323  3957  4324  3969
16946    3958  4324  3969  3970
16947    4324  4323  3969  4335
16948    4324  3969  3970  4336
16949    3969  4324  4335  4336
16950    3958  3959  4325  3970
16951    4324  3958  4325  3970
16952    3959  4325  3970  3971
16953    4325  4324  3970  4336
16954    4325  3970  3971  4337
16955    3970  4325  4336  4337
16956    4323  4324  4327  4335
16957    4326  4323  4327  4335
16958    4324  4327  4335  4336
16959    4327  4326  4335  4338
16960    4327  4335  4336  4339
16961    4335  4327  4338  4339
16962    4324  4325  4328  4336
16963    4327  4324  4328  4336
16964    4325  4328  4336  4337
16965    4328  4327  4336  4339
16966    4328  4336  4337  4340
16967    4336  4328  4339  4340
16968    4326  4327  4330  4338
16969    4329  4326  4330  4338
16970    4327  4330  4338  4339
16971    4330  4329  4338  4341
16972    4330  4338  4339  4342
16973    4338  4330  4341  4342
16974    4327  4328  4331  4339
16975    4330  4327  4331  4339
16976    4328  4331  4339  4340
16977    4331  4330  4339  4342
16978    4331  4339  4340  4343
16979    4339  4331  4342  4343
16980    4329  4330  4333  4341
16981    4332  4329  4333  4341
16982    4330  4333  4341  4342
16983    4333  4332  4341  4344
16984    4333  4341  4342  4345
16985    4341  4333  4344  4345
16986    4330  4331  4334  4342
16987    4333  4330  4334  4342
16988    4331  4334  4342  4343
16989    4334  4333  4342  4345
16990    4334  4342  4343  4346
16991    4342  4334  4345  4346
16992    3947  3978  4347  3959
16993    4313  3947  4347  3959
16994    3978  4347  3959  3986
16995    4347  4313  3959  4325
16996    4347  3959  3986  4355
16997    3959  4347  4325  4355
16998    3978  3979  4348  3986
16999    4347  3978  4348  3986
17000    3979  4348  3986  3987
17001    4348  4347  3986  4355
17002    4348  3986  3987  4356
17003    3986  4348  4355  4356
17004    4313  4347  4349  4325
17005    4316  4313  4349  4325
17006    4347  4349  4325  4355
17007    4349  4316  4325  4328
17008    4349  4325  4355  4357
17009    4325  4349  4328  4357
17010    4347  4348  4350  4355
17011    4349  4347  4350  4355
17012    4348  4350  4355  4356
17013    4350  4349  4355  4357
17014    4350  4355  4356  4358
17015    4355  4350  4357  4358
17016    4316  4349  4351  4328
17017    4319  4316  4351  4328
17018    4349  4351  4328  4357
17019    4351  4319  4328  4331
17020    4351  4328  4357  4359
17021    4328  4351  4331  4359
17022    4349  4350  4352  4357
17023    4351  4349  4352  4357
17024    4350  4352  4357  4358
17025    4352  4351  4357  4359
17026    4352  4357  4358  4360
17027    4357  4352  4359  4360
17028    4319  4351  4353  4331
17029    4322  4319  4353  4331
17030    4351  4353  4331  4359
17031    4353  4322  4331  4334
17032    4353  4331  4359  4361
17033    4331  4353  4334  4361
17034    4351  4352  4354  4359
17035    4353  4351  4354  4359
17036    4352  4354  4359  4360
17037    4354  4353  4359  4361
17038    4354  4359  4360  4362
17039    4359  4354  4361  4362
17040    3959  3986  4355  3971
17041    4325  3959  4355  3971
17042    3986  4355  3971  3994
17043    4355  4325  3971  4337
17044    4355  3971  3994  4363
17045    3971  4355  4337  4363
17046    3986  3987  4356  3994
17047    4355  3986  4356  3994
17048    3987  4356  3994  3995
17049    4356  4355  3994  4363
17050    4356  3994  3995  4364
17051    3994  4356  4363  4364
17052    4325  4355  4357  4337
17053    4328  4325  4357  4337
17054    4355  4357  4337  4363
17055    4357  4328  4337  4340
17056    4357  4337  4363  4365
17057    4337  4357  4340  4365
17058    4355  4356  4358  4363
17059    4357  4355  4358  4363
17060    4356  4358  4363  4364
17061    4358  4357  4363  4365
17062    4358  4363  4364  4366
17063    4363  4358  4365  4366
17064    4328  4357  4359  4340
17065    4331  4328  4359  4340
17066    4357  4359  4340  4365
17067    4359  4331  4340  4343
17068    4359  4340  4365  4367
17069    4340  4359  4343  4367
17070    4357  4358  4360  4365
17071    4359  4357  4360  4365
17072    4358  4360  4365  4366
17073    4360  4359  4365  4367
17074    4360  4365  4366  4368
17075    4365  4360  4367  4368
17076    4331  4359  4361  4343
17077    4334  4331  4361  4343
17078    4359  4361  4343  4367
17079    4361  4334  4343  4346
17080    4361  4343  4367  4369
17081    4343  4361  4346  4369
17082    4359  4360  4362  4367
17083    4361  4359  4362  4367
17084    4360  4362  4367  4368
17085    4362  4361  4367  4369
17086    4362  4367  4368  4370
17087    4367  4362  4369  4370
17088    3979  4002  4371  3987
17089    4348  3979  4371  3987
17090    4002  4371  3987  4010
17091    4371  4348  3987  4356
17092    4371  3987  4010  4379
17093    3987  4371  4356  4379
17094    4002  4003  4372  4010
17095    4371  4002  4372  4010
17096    4003  4372  4010  4011
17097    4372  4371  4010  4379
17098    4372  4010  4011  4380
17099    4010  4372  4379  4380
17100    4348  4371  4373  4356
17101    4350  4348  4373  4356
17102    4371  4373  4356  4379
17103    4373  4350  4356  4358
17104    4373  4356  4379  4381
17105    4356  4373  4358  4381
17106    4371  4372  4374  4379
17107    4373  4371  4374  4379
17108    4372  4374  4379  4380
17109    4374  4373  4379  4381
17110    4374  4379  4380  4382
17111    4379  4374  4381  4382
17112    4350  4373  4375  4358
17113    4352  4350  4375  4358
17114    4373  4375  4358  4381
17115    4375  4352  4358  4360
17116    4375  4358  4381  4383
17117    4358  4375  4360  4383
17118    4373  4374  4376  4381
17119    4375  4373  4376  4381
17120    4374  4376  4381  4382
17121    4376  4375  4381  4383
17122    4376  4381  4382  4384
17123    4381  4376  4383  4384
17124    4352  4375  4377  4360
17125    4354  4352  4377  4360
17126    4375  4377  4360  4383
17127    4377  4354  4360  4362
17128    4377  4360  4383  4385
17129    4360  4377  4362  4385
17130    4375  4376  4378  4383
17131    4377  4375  4378  4383
17132    4376  4378  4383  4384
17133    4378  4377  4383  4385
17134    4378  4383  4384  4386
17135    4383  4378  4385  4386
17136    3987  4010  4379  3995
17137    4356  3987  4379  3995
17138    4010  4379  3995  4018
17139    4379  4356  3995  4364
17140    4379  3995  4018  4387
17141    3995  4379  4364  4387
17142    4010  4011  4380  4018
17143    4379  4010  4380  4018
17144    4011  4380  4018  4019
17145    4380  4379  4018  4387
17146    4380  4018  4019  4388
17147    4018  4380  4387  4388
17148    4356  4379  4381  4364
17149    4358  4356  4381  4364
17150    4379  4381  4364  4387
17151    4381  4358  4364  4366
17152    4381  4364  4387  4389
17153    4364  4381  4366  4389
17154    4379  4380  4382  4387
17155    4381  4379  4382  4387
17156    4380  4382  4387  4388
17157    4382  4381  4387  4389
17158    4382  4387  4388  4390
17159    4387  4382  4389  4390
17160    4358  4381  4383  4366
17161    4360  4358  4383  4366
17162    4381  4383  4366  4389
17163    4383  4360  4366  4368
17164    4383  4366  4389  4391
17165    4366  4383  4368  4391
17166    4381  4382  4384  4389
17167    4383  4381  4384  4389
17168    4382  4384  4389  4390
17169    4384  4383  4389  4391
17170    4384  4389  4390  4392
17171    4389  4384  4391  4392
17172    4360  4383  4385  4368
17173    4362  4360  4385  4368
17174    4383  4385  4368  4391
17175    4385  4362  4368  4370
17176    4385  4368  4391  4393
17177    4368  4385  4370  4393
17178    4383  4384  4386  4391
17179    4385  4383  4386  4391
17180    4384  4386  4391  4392
17181    4386  4385  4391  4393
17182    4386  4391  4392  4394
17183    4391  4386  4393  4394
17184    4003  4026  4395  4011
17185    4372  4003  4395  4011
17186    4026  4395  4011  4034
17187    4395  4372  4011  4380
17188    4395  4011  4034  4403
17189    4011  4395  4380  4403
17190    4026  4027  4396  4034
17191    4395  4026  4396  4034
17192    4027  4396  4034  4035
17193    4396  4395  4034  4403
17194    4396  4034  4035  4404
17195    4034  4396  4403  4404
17196    4372  4395  4397  4380
17197    4374  4372  4397  4380
17198    4395  4397  4380  4403
17199    4397  4374  4380  4382
17200    4397  4380  4403  4405
17201    4380  4397  4382  4405
17202    4395  4396  4398  4403
17203    4397  4395  4398  4403
17204    4396  4398  4403  4404
17205    4398  4397  4403  4405
17206    4398  4403  4404  4406
17207    4403  4398  4405  4406
17208    4374  4397  4399  4382
17209    4376  4374  4399  4382
17210    4397  4399  4382  4405
17211    4399  4376  4382  4384
17212    4399  4382  4405  4407
17213    4382  4399  4384  4407
17214    4397  4398  4400  4405
17215    4399  4397  4400  4405
17216    4398  4400  4405  4406
17217    4400  4399  4405  4407
17218    4400  4405  4406  4408
17219    4405  4400  4407  4408
17220    4376  4399  4401  4384
17221    4378  4376  4401  4384
17222    4399  4401  4384  4407
17223    4401  4378  4384  4386
17224    4401  4384  4407  4409
17225    4384  4401  4386  4409
17226    4399  4400  4402  4407
17227    4401  4399  4402  4407
17228    4400  4402  4407  4408
17229    4402  4401  4407  4409
17230    4402  4407  4408  4410
17231    4407  4402  4409  4410
17232    4011  4034  4403  4019
17233    4380  4011  4403  4019
17234    4034  4403  4019  4042
17235    4403  4380  4019  4388
17236    4403  4019  4042  4411
17237    4019  4403  4388  4411
17238    4034  4035  4404  4042
17239    4403  4034  4404  4042
17240    4035  4404  4042  4043
17241    4404  4403  4042  4411
17242    4404  4042  4043  4412
17243    4042  4404  4411  4412
17244    4380  4403  4405  4388
17245    4382  4380  4405  4388
17246    4403  4405  4388  4411
17247    4405  4382  4388  4390
17248    4405  4388  4411  4413
17249    4388  4405  4390  4413
17250    4403  4404  4406  4411
17251    4405  4403  4406  4411
17252    4404  4406  4411  4412
17253    4406  4405  4411  4413
17254    4406  4411  4412  4414
17255    4411  4406  4413  4414
17256    4382  4405  4407  4390
17257    4384  4382  4407  4390
17258    4405  4407  4390  4413
17259    4407  4384  4390  4392
17260    4407  4390  4413  4415
17261    4390  4407  4392  4415
17262    4405  4406  4408  4413
17263    4407  4405  4408  4413
17264    4406  4408  4413  4414
17265    4408  4407  4413  4415
17266    4408  4413  4414  4416
17267    4413  4408  4415  4416
17268    4384  4407  4409  4392
17269    4386  4384  4409  4392
17270    4407  4409  4392  4415
17271    4409  4386  4392  4394
17272    4409  4392  4415  4417
17273    4392  4409  4394  4417
17274    4407  4408  4410  4415
17275    4409  4407  4410  4415
17276    4408  4410  4415  4416
17277    4410  4409  4415  4417
17278    4410  4415  4416  4418
17279    4415  4410  4417  4418
17280    4027  4050  4419  4035
17281    4396  4027  4419  4035
17282    4050  4419  4035  4058
17283    4419  4396  4035  4404
17284    4419  4035  4058  4427
17285    4035  4419  4404  4427
17286    4050  4051  4420  4058
17287    4419  4050  4420  4058
17288    4051  4420  4058  4059
17289    4420  4419  4058  4427
17290    4420  4058  4059  4428
17291    4058  4420  4427  4428
17292    4396  4419  4421  4404
17293    4398  4396  4421  4404
17294    4419  4421  4404  4427
17295    4421  4398  4404  4406
17296    4421  4404  4427  4429
17297    4404  4421  4406  4429
17298    4419  4420  4422  4427
17299    4421  4419  4422  4427
17300    4420  4422  4427  4428
17301    4422  4421  4427  4429
17302    4422  4427  4428  4430
17303    4427  4422  4429  4430
17304    4398  4421  4423  4406
17305    4400  4398  4423  4406
17306    4421  4423  4406  4429
17307    4423  4400  4406  4408
17308    4423  4406  4429  4431
17309    4406  4423  4408  4431
17310    4421  4422  4424  4429
17311    4423  4421  4424  4429
17312    4422  4424  4429  4430
17313    4424  4423  4429  4431
17314    4424  4429  4430  4432
17315    4429  4424  4431  4432
17316    4400  4423  4425  4408
17317    4402  4400  4425  4408
17318    4423  4425  4408  4431
17319    4425  4402  4408  4410
17320    4425  4408  4431  4433
17321    4408  4425  4410  4433
17322    4423  4424  4426  4431
17323    4425  4423  4426  4431
17324    4424  4426  4431  4432
17325    4426  4425  4431  4433
17326    4426  4431  4432  4434
17327    4431  4426  4433  4434
17328    4035  4058  4427  4043
17329    4404  4035  4427  4043
17330    4058  4427  4043  4066
17331    4427  4404  4043  4412
17332    4427  4043  4066  4435
17333    4043  4427  4412  4435
17334    4058  4059  4428  4066
17335    4427  4058  4428  4066
17336    4059  4428  4066  4067
17337    4428  4427  4066  4435
17338    4428  4066  4067  4436
17339    4066  4428  4435  4436
17340    4404  4427  4429  4412
17341    4406  4404  4429  4412
17342    4427  4429  4412  4435
17343    4429  4406  4412  4414
17344    4429  4412  4435  4437
17345    4412  4429  4414  4437
17346    4427  4428  4430  4435
17347    4429  4427  4430  4435
17348    4428  4430  4435  4436
17349    4430  4429  4435  4437
17350    4430  4435  4436  4438
17351    4435  4430  4437  4438
17352    4406  4429  4431  4414
17353    4408  4406  4431  4414
17354    4429  4431  4414  4437
17355    4431  4408  4414  4416
17356    4431  4414  4437  4439
17357    4414  4431  4416  4439
17358    4429  4430  4432  4437
17359    4431  4429  4432  4437
17360    4430  4432  4437  4438
17361    4432  4431  4437  4439
17362    4432  4437  4438  4440
17363    4437  4432  4439  4440
17364    4408  4431  4433  4416
17365    4410  4408  4433  4416
17366    4431  4433  4416  4439
17367    4433  4410  4416  4418
17368    4433  4416  4439  4441
17369    4416  4433  4418  4441
17370    4431  4432  4434  4439
17371    4433  4431  4434  4439
17372    4432  4434  4439  4440
17373    4434  4433  4439  4441
17374    4434  4439  4440  4442
17375    4439  4434  4441  4442
17376    4051  4074  4443  4059
17377    4420  4051  4443  4059
17378    4074  4443  4059  4082
17379    4443  4420  4059  4428
17380    4443  4059  4082  4451
17381    4059  4443  4428  4451
17382    4074  4075  4444  4082
17383    4443  4074  4444  4082
17384    4075  4444  4082  4083
17385    4444  4443  4082  4451
17386    4444  4082  4083  4452
17387    4082  4444  4451  4452
17388    4420  4443  4445  4428
17389    4422  4420  4445  4428
17390    4443  4445  4428  4451
17391    4445  4422  4428  4430
17392    4445  4428  4451  4453
17393    4428  4445  4430  4453
17394    4443  4444  4446  4451
17395    4445  4443  4446  4451
17396    4444  4446  4451  4452
17397    4446  4445  4451  4453
17398    4446  4451  4452  4454
17399    4451  4446  4453  4454
17400    4422  4445  4447  4430
17401    4424  4422  4447  4430
17402    4445  4447  4430  4453
17403    4447  4424  4430  4432
17404    4447  4430  4453  4455
17405    4430  4447  4432  4455
17406    4445  4446  4448  4453
17407    4447  4445  4448  4453
17408    4446  4448  4453  4454
17409    4448  4447  4453  4455
17410    4448  4453  4454  4456
17411    4453  4448  4455  4456
17412    4424  4447  4449  4432
17413    4426  4424  4449  4432
17414    4447  4449  4432  4455
17415    4449  4426  4432  4434
17416    4449  4432  4455  4457
17417    4432  4449  4434  4457
17418    4447  4448  4450  4455
17419    4449  4447  4450  4455
17420    4448  4450  4455  4456
17421    4450  4449  4455  4457
17422    4450  4455  4456  4458
17423    4455  4450  4457  4458
17424    4059  4082  4451  4067
17425    4428  4059  4451  4067
17426    4082  4451  4067  4090
17427    4451  4428  4067  4436
17428    4451  4067  4090  4459
17429    4067  4451  4436  4459
17430    4082  4083  4452  4090
17431    4451  4082  4452  4090
17432    4083  4452  4090  4091
17433    4452  4451  4090  4459
17434    4452  4090  4091  4460
17435    4090  4452  4459  4460
17436    4428  4451  4453  4436
17437    4430  4428  4453  4436
17438    4451  4453  4436  4459
17439    4453  4430  4436  4438
17440    4453  4436  4459  4461
17441    4436  4453  4438  4461
17442    4451  4452  4454  4459
17443    4453  4451  4454  4459
17444    4452  4454  4459  4460
17445    4454  4453  4459  4461
17446    4454  4459  4460  4462
17447    4459  4454  4461  4462
17448    4430  4453  4455  4438
17449    4432  4430  4455  4438
17450    4453  4455  4438  4461
17451    4455  4432  4438  4440
17452    4455  4438  4461  4463
17453    4438  4455  4440  4463
17454    4453  4454  4456  4461
17455    4455  4453  4456  4461
17456    4454  4456  4461  4462
17457    4456  4455  4461  4463
17458    4456  4461  4462  4464
17459    4461  4456  4463  4464
17460    4432  4455  4457  4440
17461    4434  4432  4457  4440
17462    4455  4457  4440  4463
17463    4457  4434  4440  4442
17464    4457  4440  4463  4465
17465    4440  4457  4442  4465
17466    4455  4456  4458  4463
17467    4457  4455  4458  4463
17468    4456  4458  4463  4464
17469    4458  4457  4463  4465
17470    4458  4463  4464  4466
17471    4463  4458  4465  4466
17472    4075  4098  4467  4083
17473    4444  4075  4467  4083
17474    4098  4467  4083  4106
17475    4467  4444  4083  4452
17476    4467  4083  4106  4475
17477    4083  4467  4452  4475
17478    4098  4099  4468  4106
17479    4467  4098  4468  4106
17480    4099  4468  4106  4107
17481    4468  4467  4106  4475
17482    4468  4106  4107  4476
17483    4106  4468  4475  4476
17484    4444  4467  4469  4452
17485    4446  4444  4469  4452
17486    4467  4469  4452  4475
17487    4469  4446  4452  4454
17488    4469  4452  4475  4477
17489    4452  4469  4454  4477
17490    4467  4468  4470  4475
17491    4469  4467  4470  4475
17492    4468  4470  4475  4476
17493    4470  4469  4475  4477
17494    4470  4475  4476  4478
17495    4475  4470  4477  4478
17496    4446  4469  4471  4454
17497    4448  4446  4471  4454
17498    4469  4471  4454  4477
17499    4471  4448  4454  4456
17500    4471  4454  4477  4479
17501    4454  4471  4456  4479
17502    4469  4470  4472  4477
17503    4471  4469  4472  4477
17504    4470  4472  4477  4478
17505    4472  4471  4477  4479
17506    4472  4477  4478  4480
17507    4477  4472  4479  4480
17508    4448  4471  4473  4456
17509    4450  4448  4473  4456
17510    4471  4473  4456  4479
17511    4473  4450  4456  4458
17512    4473  4456  4479  4481
17513    4456  4473  4458  4481
17514    4471  4472  4474  4479
17515    4473  4471  4474  4479
17516    4472  4474  4479  4480
17517    4474  4473  4479  4481
17518    4474  4479  4480  4482
17519    4479  4474  4481  4482
17520    4083  4106  4475  4091
17521    4452  4083  4475  4091
17522    4106  4475  4091  4114
17523    4475  4452  4091  4460
17524    4475  4091  4114  4483
17525    4091  4475  4460  4483
17526    4106  4107  4476  4114
17527    4475  4106  4476  4114
17528    4107  4476  4114  4115
17529    4476  4475  4114  4483
17530    4476  4114  4115  4484
17531    4114  4476  4483  4484
17532    4452  4475  4477  4460
17533    4454  4452  4477  4460
17534    4475  4477  4460  4483
17535    4477  4454  4460  4462
17536    4477  4460  4483  4485
17537    4460  4477  4462  4485
17538    4475  4476  4478  4483
17539    4477  4475  4478  4483
17540    4476  4478  4483  4484
17541    4478  4477  4483  4485
17542    4478  4483  4484  4486
17543    4483  4478  4485  4486
17544    4454  4477  4479  4462
17545    4456  4454  4479  4462
17546    4477  4479  4462  4485
17547    4479  4456  4462  4464
17548    4479  4462  4485  4487
17549    4462  4479  4464  4487
17550    4477  4478  4480  4485
17551    4479  4477  4480  4485
17552    4478  4480  4485  4486
17553    4480  4479  4485  4487
17554    4480  4485  4486  4488
17555    4485  4480  4487  4488
17556    4456  4479  4481  4464
17557    4458  4456  4481  4464
17558    4479  4481  4464  4487
17559    4481  4458  4464  4466
17560    4481  4464  4487  4489
17561    4464  4481  4466  4489
17562    4479  4480  4482  4487
17563    4481  4479  4482  4487
17564    4480  4482  4487  4488
17565    4482  4481  4487  4489
17566    4482  4487  4488  4490
17567    4487  4482  4489  4490
17568    4099  4119  4491  4107
17569    4468  4099  4491  4107
17570    4119  4491  4107  4123
17571    4491  4468  4107  4476
17572    4491  4107  4123  4495
17573    4107  4491  4476  4495
17574    4119  3945  4311  4123
17575    4491  4119  4311  4123
17576    3945  4311  4123  3957
17577    4311  4491  4123  4495
17578    4311  4123  3957  4323
17579    4123  4311  4495  4323
17580    4468  4491  4492  4476
17581    4470  4468  4492  4476
17582    4491  4492  4476  4495
17583    4492  4470  4476  4478
17584    4492  4476  4495  4496
17585    4476  4492  4478  4496
17586    4491  4311  4314  4495
17587    4492  4491  4314  4495
17588    4311  4314  4495  4323
17589    4314  4492  4495  4496
17590    4314  4495  4323  4326
17591    4495  4314  4496  4326
17592    4470  4492  4493  4478
17593    4472  4470  4493  4478
17594    4492  4493  4478  4496
17595    4493  4472  4478  4480
17596    4493  4478  4496  4497
17597    4478  4493  4480  4497
17598    4492  4314  4317  4496
17599    4493  4492  4317  4496
17600    4314  4317  4496  4326
17601    4317  4493  4496  4497
17602    4317  4496  4326  4329
17603    4496  4317  4497  4329
17604    4472  4493  4494  4480
17605    4474  4472  4494  4480
17606    4493  4494  4480  4497
17607    4494  4474  4480  4482
17608    4494  4480  4497  4498
17609    4480  4494  4482  4498
17610    4493  4317  4320  4497
17611    4494  4493  4320  4497
17612    4317  4320  4497  4329
17613    4320  4494  4497  4498
17614    4320  4497  4329  4332
17615    4497  4320  4498  4332
17616    4107  4123  4495  4115
17617    4476  4107  4495  4115
17618    4123  4495  4115  4127
17619    4495  4476  4115  4484
17620    4495  4115  4127  4499
17621    4115  4495  4484  4499
17622    4123  3957  4323  4127
17623    4495  4123  4323  4127
17624    3957  4323  4127  3969
17625    4323  4495  4127  4499
17626    4323  4127  3969  4335
17627    4127  4323  4499  4335
17628    4476  4495  4496  4484
17629    4478  4476  4496  4484
17630    4495  4496  4484  4499
17631    4496  4478  4484  4486
17632    4496  4484  4499  4500
17633    4484  4496  4486  4500
17634    4495  4323  4326  4499
17635    4496  4495  4326  4499
17636    4323  4326  4499  4335
17637    4326  4496  4499  4500
17638    4326  4499  4335  4338
17639    4499  4326  4500  4338
17640    4478  4496  4497  4486
17641    4480  4478  4497  4486
17642    4496  4497  4486  4500
17643    4497  4480  4486  4488
17644    4497  4486  4500  4501
17645    4486  4497  4488  4501
17646    4496  4326  4329  4500
17647    4497  4496  4329  4500
17648    4326  4329  4500  4338
17649    4329  4497  4500  4501
17650    4329  4500  4338  4341
17651    4500  4329  4501  4341
17652    4480  4497  4498  4488
17653    4482  4480  4498  4488
17654    4497  4498  4488  4501
17655    4498  4482  4488  4490
17656    4498  4488  4501  4502
17657    4488  4498  4490  4502
17658    4497  4329  4332  4501
17659    4498  4497  4332  4501
17660    4329  4332  4501  4341
17661    4332  4498  4501  4502
17662    4332  4501  4341  4344
17663    4501  4332  4502  4344
17664    4137  4138  4504  4149
17665    4503  4137  4504  4149
17666    4138  4504  4149  4150
17667    4504  4503  4149  4515
17668    4504  4149  4150  4516
17669    4149  4504  4515  4516
17670    4138  4139  4505  4150
17671    4504  4138  4505  4150
17672    4139  4505  4150  4151
17673    4505  4504  4150  4516
17674    4505  4150  4151  4517
17675    4150  4505  4516  4517
17676    4503  4504  4507  4515
17677    4506  4503  4507  4515
17678    4504  4507  4515  4516
17679    4507  4506  4515  4518
17680    4507  4515  4516  4519
17681    4515  4507  4518  4519
17682    4504  4505  4508  4516
17683    4507  4504  4508  4516
17684    4505  4508  4516  4517
17685    4508  4507  4516  4519
17686    4508  4516  4517  4520
17687    4516  4508  4519  4520
17688    4506  4507  4510  4518
17689    4509  4506  4510  4518
17690    4507  4510  4518  4519
17691    4510  4509  4518  4521
17692    4510  4518  4519  4522
17693    4518  4510  4521  4522
17694    4507  4508  4511  4519
17695    4510  4507  4511  4519
17696    4508  4511  4519  4520
17697    4511  4510  4519  4522
17698    4511  4519  4520  4523
17699    4519  4511  4522  4523
17700    4509  4510  4513  4521
17701    4512  4509  4513  4521
17702    4510  4513  4521  4522
17703    4513  4512  4521  4524
17704    4513  4521  4522  4525
17705    4521  4513  4524  4525
17706    4510  4511  4514  4522
17707    4513  4510  4514  4522
17708    4511  4514  4522  4523
17709    4514  4513  4522  4525
17710    4514  4522  4523  4526
17711    4522  4514  4525  4526
17712    4149  4150  4516  3969
17713    4515  4149  4516  3969
17714    4150  4516  3969  4127
17715    4516  4515  3969  4335
17716    4516  3969  4127  4499
17717    3969  4516  4335  4499
17718    4150  4151  4517  4127
17719    4516  4150  4517  4127
17720    4151  4517  4127  4115
17721    4517  4516  4127  4499
17722    4517  4127  4115  4484
17723    4127  4517  4499  4484
17724    4515  4516  4519  4335
17725    4518  4515  4519  4335
17726    4516  4519  4335  4499
17727    4519  4518  4335  4338
17728    4519  4335  4499  4500
17729    4335  4519  4338  4500
17730    4516  4517  4520  4499
17731    4519  4516  4520  4499
17732    4517  4520  4499  4484
17733    4520  4519  4499  4500
17734    4520  4499  4484  4486
17735    4499  4520  4500  4486
17736    4518  4519  4522  4338
17737    4521  4518  4522  4338
17738    4519  4522  4338  4500
17739    4522  4521  4338  4341
17740    4522  4338  4500  4501
17741    4338  4522  4341  4501
17742    4519  4520  4523  4500
17743    4522  4519  4523  4500
17744    4520  4523  4500  4486
17745    4523  4522  4500  4501
17746    4523  4500  4486  4488
17747    4500  4523  4501  4488
17748    4521  4522  4525  4341
17749    4524  4521  4525  4341
17750    4522  4525  4341  4501
17751    4525  4524  4341  4344
17752    4525  4341  4501  4502
17753    4341  4525  4344  4502
17754    4522  4523  4526  4501
17755    4525  4522  4526  4501
17756    4523  4526  4501  4488
17757    4526  4525  4501  4502
17758    4526  4501  4488  4490
17759    4501  4526  4502  4490
17760    4139  4167  4527  4151
17761    4505  4139  4527  4151
17762    4167  4527  4151  4175
17763    4527  4505  4151  4517
17764    4527  4151  4175  4535
17765    4151  4527  4517  4535
17766    4167  4168  4528  4175
17767    4527  4167  4528  4175
17768    4168  4528  4175  4176
17769    4528  4527  4175  4535
17770    4528  4175  4176  4536
17771    4175  4528  4535  4536
17772    4505  4527  4529  4517
17773    4508  4505  4529  4517
17774    4527  4529  4517  4535
17775    4529  4508  4517  4520
17776    4529  4517  4535  4537
17777    4517  4529  4520  4537
17778    4527  4528  4530  4535
17779    4529  4527  4530  4535
17780    4528  4530  4535  4536
17781    4530  4529  4535  4537
17782    4530  4535  4536  4538
17783    4535  4530  4537  4538
17784    4508  4529  4531  4520
17785    4511  4508  4531  4520
17786    4529  4531  4520  4537
17787    4531  4511  4520  4523
17788    4531  4520  4537  4539
17789    4520  4531  4523  4539
17790    4529  4530  4532  4537
17791    4531  4529  4532  4537
17792    4530  4532  4537  4538
17793    4532  4531  4537  4539
17794    4532  4537  4538  4540
17795    4537  4532  4539  4540
17796    4511  4531  4533  4523
17797    4514  4511  4533  4523
17798    4531  4533  4523  4539
17799    4533  4514  4523  4526
17800    4533  4523  4539  4541
17801    4523  4533  4526  4541
17802    4531  4532  4534  4539
17803    4533  4531  4534  4539
17804    4532  4534  4539  4540
17805    4534  4533  4539  4541
17806    4534  4539  4540  4542
17807    4539  4534  4541  4542
17808    4151  4175  4535  4115
17809    4517  4151  4535  4115
17810    4175  4535  4115  4114
17811    4535  4517  4115  4484
17812    4535  4115  4114  4483
17813    4115  4535  4484  4483
17814    4175  4176  4536  4114
17815    4535  4175  4536  4114
17816    4176  4536  4114  4091
17817    4536  4535  4114  4483
17818    4536  4114  4091  4460
17819    4114  4536  4483  4460
17820    4517  4535  4537  4484
17821    4520  4517  4537  4484
17822    4535  4537  4484  4483
17823    4537  4520  4484  4486
17824    4537  4484  4483  4485
17825    4484  4537  4486  4485
17826    4535  4536  4538  4483
17827    4537  4535  4538  4483
17828    4536  4538  4483  4460
17829    4538  4537  4483  4485
17830    4538  4483  4460  4462
17831    4483  4538  4485  4462
17832    4520  4537  4539  4486
17833    4523  4520  4539  4486
17834    4537  4539  4486  4485
17835    4539  4523  4486  4488
17836    4539  4486  4485  4487
17837    4486  4539  4488  4487
17838    4537  4538  4540  4485
17839    4539  4537  4540  4485
17840    4538  4540  4485  4462
17841    4540  4539  4485  4487
17842    4540  4485  4462  4464
17843    4485  4540  4487  4464
17844    4523  4539  4541  4488
17845    4526  4523  4541  4488
17846    4539  4541  4488  4487
17847    4541  4526  4488  4490
17848    4541  4488  4487  4489
17849    4488  4541  4490  4489
17850    4539  4540  4542  4487
17851    4541  4539  4542  4487
17852    4540  4542  4487  4464
17853    4542  4541  4487  4489
17854    4542  4487  4464  4466
17855    4487  4542  4489  4466
17856    4168  4189  4543  4176
17857    4528  4168  4543  4176
17858    4189  4543  4176  4197
17859    4543  4528  4176  4536
17860    4543  4176  4197  4551
17861    4176  4543  4536  4551
17862    4189  4190  4544  4197
17863    4543  4189  4544  4197
17864    4190  4544  4197  4198
17865    4544  4543  4197  4551
17866    4544  4197  4198  4552
17867    4197  4544  4551  4552
17868    4528  4543  4545  4536
17869    4530  4528  4545  4536
17870    4543  4545  4536  4551
17871    4545  4530  4536  4538
17872    4545  4536  4551  4553
17873    4536  4545  4538  4553
17874    4543  4544  4546  4551
17875    4545  4543  4546  4551
17876    4544  4546  4551  4552
17877    4546  4545  4551  4553
17878    4546  4551  4552  4554
17879    4551  4546  4553  4554
17880    4530  4545  4547  4538
17881    4532  4530  4547  4538
17882    4545  4547  4538  4553
17883    4547  4532  4538  4540
17884    4547  4538  4553  4555
17885    4538  4547  4540  4555
17886    4545  4546  4548  4553
17887    4547  4545  4548  4553
17888    4546  4548  4553  4554
17889    4548  4547  4553  4555
17890    4548  4553  4554  4556
17891    4553  4548  4555  4556
17892    4532  4547  4549  4540
17893    4534  4532  4549  4540
17894    4547  4549  4540  4555
17895    4549  4534  4540  4542
17896    4549  4540  4555  4557
17897    4540  4549  4542  4557
17898    4547  4548  4550  4555
17899    4549  4547  4550  4555
17900    4548  4550  4555  4556
17901    4550  4549  4555  4557
17902    4550  4555  4556  4558
17903    4555  4550  4557  4558
17904    4176  4197  4551  4091
17905    4536  4176  4551  4091
17906    4197  4551  4091  4090
17907    4551  4536  4091  4460
17908    4551  4091  4090  4459
17909    4091  4551  4460  4459
17910    4197  4198  4552  4090
17911    4551  4197  4552  4090
17912    4198  4552  4090  4067
17913    4552  4551  4090  4459
17914    4552  4090  4067  4436
17915    4090  4552  4459  4436
17916    4536  4551  4553  4460
17917    4538  4536  4553  4460
17918    4551  4553  4460  4459
17919    4553  4538  4460  4462
17920    4553  4460  4459  4461
17921    4460  4553  4462  4461
17922    4551  4552  4554  4459
17923    4553  4551  4554  4459
17924    4552  4554  4459  4436
17925    4554  4553  4459  4461
17926    4554  4459  4436  4438
17927    4459  4554  4461  4438
17928    4538  4553  4555  4462
17929    4540  4538  4555  4462
17930    4553  4555  4462  4461
17931    4555  4540  4462  4464
17932    4555  4462  4461  4463
17933    4462  4555  4464  4463
17934    4553  4554  4556  4461
17935    4555  4553  4556  4461
17936    4554  4556  4461  4438
17937    4556  4555  4461  4463
17938    4556  4461  4438  4440
17939    4461  4556  4463  4440
17940    4540  4555  4557  4464
17941    4542  4540  4557  4464
17942    4555  4557  4464  4463
17943    4557  4542  4464  4466
17944    4557  4464  4463  4465
17945    4464  4557  4466  4465
17946    4555  4556  4558  4463
17947    4557  4555  4558  4463
17948    4556  4558  4463  4440
17949    4558  4557  4463  4465
17950    4558  4463  4440  4442
17951    4463  4558  4465  4442
17952    4190  4211  4559  4198
17953    4544  4190  4559  4198
17954    4211  4559  4198  4219
17955    4559  4544  4198  4552
17956    4559  4198  4219  4567
17957    4198  4559  4552  4567
17958    4211  4212  4560  4219
17959    4559  4211  4560  4219
17960    4212  4560  4219  4220
17961    4560  4559  4219  4567
17962    4560  4219  4220  4568
17963    4219  4560  4567  4568
17964    4544  4559  4561  4552
17965    4546  4544  4561  4552
17966    4559  4561  4552  4567
17967    4561  4546  4552  4554
17968    4561  4552  4567  4569
17969    4552  4561  4554  4569
17970    4559  4560  4562  4567
17971    4561  4559  4562  4567
17972    4560  4562  4567  4568
17973    4562  4561  4567  4569
17974    4562  4567  4568  4570
17975    4567  4562  4569  4570
17976    4546  4561  4563  4554
17977    4548  4546  4563  4554
17978    4561  4563  4554  4569
17979    4563  4548  4554  4556
17980    4563  4554  4569  4571
17981    4554  4563  4556  4571
17982    4561  4562  4564  4569
17983    4563  4561  4564  4569
17984    4562  4564  4569  4570
17985    4564  4563  4569  4571
17986    4564  4569  4570  4572
17987    4569  4564  4571  4572
17988    4548  4563  4565  4556
17989    4550  4548  4565  4556
17990    4563  4565  4556  4571
17991    4565  4550  4556  4558
17992    4565  4556  4571  4573
17993    4556  4565  4558  4573
17994    4563  4564  4566  4571
17995    4565  4563  4566  4571
17996    4564  4566  4571  4572
17997    4566  4565  4571  4573
17998    4566  4571  4572  4574
17999    4571  4566  4573  4574
18000    4198  4219  4567  4067
18001    4552  4198  4567  4067
18002    4219  4567  4067  4066
18003    4567  4552  4067  4436
18004    4567  4067  4066  4435
18005    4067  4567  4436  4435
18006    4219  4220  4568  4066
18007    4567  4219  4568  4066
18008    4220  4568  4066  4043
18009    4568  4567  4066  4435
18010    4568  4066  4043  4412
18011    4066  4568  4435  4412
18012    4552  4567  4569  4436
18013    4554  4552  4569  4436
18014    4567  4569  4436  4435
18015    4569  4554  4436  4438
18016    4569  4436  4435  4437
18017    4436  4569  4438  4437
18018    4567  4568  4570  4435
18019    4569  4567  4570  4435
18020    4568  4570  4435  4412
18021    4570  4569  4435  4437
18022    4570  4435  4412  4414
18023    4435  4570  4437  4414
18024    4554  4569  4571  4438
18025    4556  4554  4571  4438
18026    4569  4571  4438  4437
18027    4571  4556  4438  4440
18028    4571  4438  4437  4439
18029    4438  4571  4440  4439
18030    4569  4570  4572  4437
18031    4571  4569  4572  4437
18032    4570  4572  4437  4414
18033    4572  4571  4437  4439
18034    4572  4437  4414  4416
18035    4437  4572  4439  4416
18036    4556  4571  4573  4440
18037    4558  4556  4573  4440
18038    4571  4573  4440  4439
18039    4573  4558  4440  4442
18040    4573  4440  4439  4441
18041    4440  4573  4442  4441
18042    4571  4572  4574  4439
18043    4573  4571  4574  4439
18044    4572  4574  4439  4416
18045    4574  4573  4439  4441
18046    4574  4439  4416  4418
18047    4439  4574  4441  4418
18048    4212  4233  4575  4220
18049    4560  4212  4575  4220
18050    4233  4575  4220  4241
18051    4575  4560  4220  4568
18052    4575  4220  4241  4583
18053    4220  4575  4568  4583
18054    4233  4234  4576  4241
18055    4575  4233  4576  4241
18056    4234  4576  4241  4242
18057    4576  4575  4241  4583
18058    4576  4241  4242  4584
18059    4241  4576  4583  4584
18060    4560  4575  4577  4568
18061    4562  4560  4577  4568
18062    4575  4577  4568  4583
18063    4577  4562  4568  4570
18064    4577  4568  4583  4585
18065    4568  4577  4570  4585
18066    4575  4576  4578  4583
18067    4577  4575  4578  4583
18068    4576  4578  4583  4584
18069    4578  4577  4583  4585
18070    4578  4583  4584  4586
18071    4583  4578  4585  4586
18072    4562  4577  4579  4570
18073    4564  4562  4579  4570
18074    4577  4579  4570  4585
18075    4579  4564  4570  4572
18076    4579  4570  4585  4587
18077    4570  4579  4572  4587
18078    4577  4578  4580  4585
18079    4579  4577  4580  4585
18080    4578  4580  4585  4586
18081    4580  4579  4585  4587
18082    4580  4585  4586  4588
18083    4585  4580  4587  4588
18084    4564  4579  4581  4572
18085    4566  4564  4581  4572
18086    4579  4581  4572  4587
18087    4581  4566  4572  4574
18088    4581  4572  4587  4589
18089    4572  4581  4574  4589
18090    4579  4580  4582  4587
18091    4581  4579  4582  4587
18092    4580  4582  4587  4588
18093    4582  4581  4587  4589
18094    4582  4587  4588  4590
18095    4587  4582  4589  4590
18096    4220  4241  4583  4043
18097    4568  4220  4583  4043
18098    4241  4583  4043  4249
18099    4583  4568  4043  4412
18100    4583  4043  4249  4591
18101    4043  4583  4412  4591
18102    4241  4242  4584  4249
18103    4583  4241  4584  4249
18104    4242  4584  4249  4250
18105    4584  4583  4249  4591
18106    4584  4249  4250  4592
18107    4249  4584  4591  4592
18108    4568  4583  4585  4412
18109    4570  4568  4585  4412
18110    4583  4585  4412  4591
18111    4585  4570  4412  4414
18112    4585  4412  4591  4593
18113    4412  4585  4414  4593
18114    4583  4584  4586  4591
18115    4585  4583  4586  4591
18116    4584  4586  4591  4592
18117    4586  4585  4591  4593
18118    4586  4591  4592  4594
18119    4591  4586  4593  4594
18120    4570  4585  4587  4414
18121    4572  4570  4587  4414
18122    4585  4587  4414  4593
18123    4587  4572  4414  4416
18124    4587  4414  4593  4595
18125    4414  4587  4416  4595
18126    4585  4586  4588  4593
18127    4587  4585  4588  4593
18128    4586  4588  4593  4594
18129    4588  4587  4593  4595
18130    4588  4593  4594  4596
18131    4593  4588  4595  4596
18132    4572  4587  4589  4416
18133    4574  4572  4589  4416
18134    4587  4589  4416  4595
18135    4589  4574  4416  4418
18136    4589  4416  4595  4597
18137    4416  4589  4418  4597
18138    4587  4588  4590  4595
18139    4589  4587  4590  4595
18140    4588  4590  4595  4596
18141    4590  4589  4595  4597
18142    4590  4595  4596  4598
18143    4595  4590  4597  4598
18144    4234  4257  4599  4242
18145    4576  4234  4599  4242
18146    4257  4599  4242  4265
18147    4599  4576  4242  4584
18148    4599  4242  4265  4607
18149    4242  4599  4584  4607
18150    4257  4258  4600  4265
18151    4599  4257  4600  4265
18152    4258  4600  4265  4266
18153    4600  4599  4265  4607
18154    4600  4265  4266  4608
18155    4265  4600  4607  4608
18156    4576  4599  4601  4584
18157    4578  4576  4601  4584
18158    4599  4601  4584  4607
18159    4601  4578  4584  4586
18160    4601  4584  4607  4609
18161    4584  4601  4586  4609
18162    4599  4600  4602  4607
18163    4601  4599  4602  4607
18164    4600  4602  4607  4608
18165    4602  4601  4607  4609
18166    4602  4607  4608  4610
18167    4607  4602  4609  4610
18168    4578  4601  4603  4586
18169    4580  4578  4603  4586
18170    4601  4603  4586  4609
18171    4603  4580  4586  4588
18172    4603  4586  4609  4611
18173    4586  4603  4588  4611
18174    4601  4602  4604  4609
18175    4603  4601  4604  4609
18176    4602  4604  4609  4610
18177    4604  4603  4609  4611
18178    4604  4609  4610  4612
18179    4609  4604  4611  4612
18180    4580  4603  4605  4588
18181    4582  4580  4605  4588
18182    4603  4605  4588  4611
18183    4605  4582  4588  4590
18184    4605  4588  4611  4613
18185    4588  4605  4590  4613
18186    4603  4604  4606  4611
18187    4605  4603  4606  4611
18188    4604  4606  4611  4612
18189    4606  4605  4611  4613
18190    4606  4611  4612  4614
18191    4611  4606  4613  4614
18192    4242  4265  4607  4250
18193    4584  4242  4607  4250
18194    4265  4607  4250  4273
18195    4607  4584  4250  4592
18196    4607  4250  4273  4615
18197    4250  4607  4592  4615
18198    4265  4266  4608  4273
18199    4607  4265  4608  4273
18200    4266  4608  4273  4274
18201    4608  4607  4273  4615
18202    4608  4273  4274  4616
18203    4273  4608  4615  4616
18204    4584  4607  4609  4592
18205    4586  4584  4609  4592
18206    4607  4609  4592  4615
18207    4609  4586  4592  4594
18208    4609  4592  4615  4617
18209    4592  4609  4594  4617
18210    4607  4608  4610  4615
18211    4609  4607  4610  4615
18212    4608  4610  4615  4616
18213    4610  4609  4615  4617
18214    4610  4615  4616  4618
18215    4615  4610  4617  4618
18216    4586  4609  4611  4594
18217    4588  4586  4611  4594
18218    4609  4611  4594  4617
18219    4611  4588  4594  4596
18220    4611  4594  4617  4619
18221    4594  4611  4596  4619
18222    4609  4610  4612  4617
18223    4611  4609  4612  4617
18224    4610  4612  4617  4618
18225    4612  4611  4617  4619
18226    4612  4617  4618  4620
18227    4617  4612  4619  4620
18228    4588  4611  4613  4596
18229    4590  4588  4613  4596
18230    4611  4613  4596  4619
18231    4613  4590  4596  4598
18232    4613  4596  4619  4621
18233    4596  4613  4598  4621
18234    4611  4612  4614  4619
18235    4613  4611  4614  4619
18236    4612  4614  4619  4620
18237    4614  4613  4619  4621
18238    4614  4619  4620  4622
18239    4619  4614  4621  4622
18240    4258  4281  4623  4266
18241    4600  4258  4623  4266
18242    4281  4623  4266  4289
18243    4623  4600  4266  4608
18244    4623  4266  4289  4631
18245    4266  4623  4608  4631
18246    4281  4282  4624  4289
18247    4623  4281  4624  4289
18248    4282  4624  4289  4290
18249    4624  4623  4289  4631
18250    4624  4289  4290  4632
18251    4289  4624  4631  4632
18252    4600  4623  4625  4608
18253    4602  4600  4625  4608
18254    4623  4625  4608  4631
18255    4625  4602  4608  4610
18256    4625  4608  4631  4633
18257    4608  4625  4610  4633
18258    4623  4624  4626  4631
18259    4625  4623  4626  4631
18260    4624  4626  4631  4632
18261    4626  4625  4631  4633
18262    4626  4631  4632  4634
18263    4631  4626  4633  4634
18264    4602  4625  4627  4610
18265    4604  4602  4627  4610
18266    4625  4627  4610  4633
18267    4627  4604  4610  4612
18268    4627  4610  4633  4635
18269    4610  4627  4612  4635
18270    4625  4626  4628  4633
18271    4627  4625  4628  4633
18272    4626  4628  4633  4634
18273    4628  4627  4633  4635
18274    4628  4633  4634  4636
18275    4633  4628  4635  4636
18276    4604  4627  4629  4612
18277    4606  4604  4629  4612
18278    4627  4629  4612  4635
18279    4629  4606  4612  4614
18280    4629  4612  4635  4637
18281    4612  4629  4614  4637
18282    4627  4628  4630  4635
18283    4629  4627  4630  4635
18284    4628  4630  4635  4636
18285    4630  4629  4635  4637
18286    4630  4635  4636  4638
18287    4635  4630  4637  4638
18288    4266  4289  4631  4274
18289    4608  4266  4631  4274
18290    4289  4631  4274  4297
18291    4631  4608  4274  4616
18292    4631  4274  4297  4639
18293    4274  4631  4616  4639
18294    4289  4290  4632  4297
18295    4631  4289  4632  4297
18296    4290  4632  4297  4298
18297    4632  4631  4297  4639
18298    4632  4297  4298  4640
18299    4297  4632  4639  4640
18300    4608  4631  4633  4616
18301    4610  4608  4633  4616
18302    4631  4633  4616  4639
18303    4633  4610  4616  4618
18304    4633  4616  4639  4641
18305    4616  4633  4618  4641
18306    4631  4632  4634  4639
18307    4633  4631  4634  4639
18308    4632  4634  4639  4640
18309    4634  4633  4639  4641
18310    4634  4639  4640  4642
18311    4639  4634  4641  4642
18312    4610  4633  4635  4618
18313    4612  4610  4635  4618
18314    4633  4635  4618  4641
18315    4635  4612  4618  4620
18316    4635  4618  4641  4643
18317    4618  4635  4620  4643
18318    4633  4634  4636  4641
18319    4635  4633  4636  4641
18320    4634  4636  4641  4642
18321    4636  4635  4641  4643
18322    4636  4641  4642  4644
18323    4641  4636  4643  4644
18324    4612  4635  4637  4620
18325    4614  4612  4637  4620
18326    4635  4637  4620  4643
18327    4637  4614  4620  4622
18328    4637  4620  4643  4645
18329    4620  4637  4622  4645
18330    4635  4636  4638  4643
18331    4637  4635  4638  4643
18332    4636  4638  4643  4644
18333    4638  4637  4643  4645
18334    4638  4643  4644  4646
18335    4643  4638  4645  4646
18336    4282  4302  4647  4290
18337    4624  4282  4647  4290
18338    4302  4647  4290  4306
18339    4647  4624  4290  4632
18340    4647  4290  4306  4651
18341    4290  4647  4632  4651
18342    4302  4137  4503  4306
18343    4647  4302  4503  4306
18344    4137  4503  4306  4149
18345    4503  4647  4306  4651
18346    4503  4306  4149  4515
18347    4306  4503  4651  4515
18348    4624  4647  4648  4632
18349    4626  4624  4648  4632
18350    4647  4648  4632  4651
18351    4648  4626  4632  4634
18352    4648  4632  4651  4652
18353    4632  4648  4634  4652
18354    4647  4503  4506  4651
18355    4648  4647  4506  4651
18356    4503  4506  4651  4515
18357    4506  4648  4651  4652
18358    4506  4651  4515  4518
18359    4651  4506  4652  4518
18360    4626  4648  4649  4634
18361    4628  4626  4649  4634
18362    4648  4649  4634  4652
18363    4649  4628  4634  4636
18364    4649  4634  4652  4653
18365    4634  4649  4636  4653
18366    4648  4506  4509  4652
18367    4649  4648  4509  4652
18368    4506  4509  4652  4518
18369    4509  4649  4652  4653
18370    4509  4652  4518  4521
18371    4652  4509  4653  4521
18372    4628  4649  4650  4636
18373    4630  4628  4650  4636
18374    4649  4650  4636  4653
18375    4650  4630  4636  4638
18376    4650  4636  4653  4654
18377    4636  4650  4638  4654
18378    4649  4509  4512  4653
18379    4650  4649  4512  4653
18380    4509  4512  4653  4521
18381    4512  4650  4653  4654
18382    4512  4653  4521  4524
18383    4653  4512  4654  4524
18384    4290  4306  4651  4298
18385    4632  4290  4651  4298
18386    4306  4651  4298  4310
18387    4651  4632  4298  4640
18388    4651  4298  4310  4655
18389    4298  4651  4640  4655
18390    4306  4149  4515  4310
18391    4651  4306  4515  4310
18392    4149  4515  4310  3969
18393    4515  4651  4310  4655
18394    4515  4310  3969  4335
18395    4310  4515  4655  4335
18396    4632  4651  4652  4640
18397    4634  4632  4652  4640
18398    4651  4652  4640  4655
18399    4652  4634  4640  4642
18400    4652  4640  4655  4656
18401    4640  4652  4642  4656
18402    4651  4515  4518  4655
18403    4652  4651  4518  4655
18404    4515  4518  4655  4335
18405    4518  4652  4655  4656
18406    4518  4655  4335  4338
18407    4655  4518  4656  4338
18408    4634  4652  4653  4642
18409    4636  4634  4653  4642
18410    4652  4653  4642  4656
18411    4653  4636  4642  4644
18412    4653  4642  4656  4657
18413    4642  4653  4644  4657
18414    4652  4518  4521  4656
18415    4653  4652  4521  4656
18416    4518  4521  4656  4338
18417    4521  4653  4656  4657
18418    4521  4656  4338  4341
18419    4656  4521  4657  4341
18420    4636  4653  4654  4644
18421    4638  4636  4654  4644
18422    4653  4654  4644  4657
18423    4654  4638  4644  4646
18424    4654  4644  4657  4658
18425    4644  4654  4646  4658
18426    4653  4521  4524  4657
18427    4654  4653  4524  4657
18428    4521  4524  4657  4341
18429    4524  4654  4657  4658
18430    4524  4657  4341  4344
18431    4657  4524  4658  4344
18432    4320  4321  4660  4332
18433    4659  4320  4660  4332
18434    4321  4660  4332  4333
18435    4660  4659  4332  4671
18436    4660  4332  4333  4672
18437    4332  4660  4671  4672
18438    4321  4322  4661  4333
18439    4660  4321  4661  4333
18440    4322  4661  4333  4334
18441    4661  4660  4333  4672
18442    4661  4333  4334  4673
18443    4333  4661  4672  4673
18444    4659  4660  4663  4671
18445    4662  4659  4663  4671
18446    4660  4663  4671  4672
18447    4663  4662  4671  4674
18448    4663  4671  4672  4675
18449    4671  4663  4674  4675
18450    4660  4661  4664  4672
18451    4663  4660  4664  4672
18452    4661  4664  4672  4673
18453    4664  4663  4672  4675
18454    4664  4672  4673  4676
18455    4672  4664  4675  4676
18456    4662  4663  4666  4674
18457    4665  4662  4666  4674
18458    4663  4666  4674  4675
18459    4666  4665  4674  4677
18460    4666  4674  4675  4678
18461    4674  4666  4677  4678
18462    4663  4664  4667  4675
18463    4666  4663  4667  4675
18464    4664  4667  4675  4676
18465    4667  4666  4675  4678
18466    4667  4675  4676  4679
18467    4675  4667  4678  4679
18468    4665  4666  4669  4677
18469    4668  4665  4669  4677
18470    4666  4669  4677  4678
18471    4669  4668  4677  4680
18472    4669  4677  4678  4681
18473    4677  4669  4680  4681
18474    4666  4667  4670  4678
18475    4669  4666  4670  4678
18476    4667  4670  4678  4679
18477    4670  4669  4678  4681
18478    4670  4678  4679  4682
18479    4678  4670  4681  4682
18480    4332  4333  4672  4344
18481    4671  4332  4672  4344
18482    4333  4672  4344  4345
18483    4672  4671  4344  4683
18484    4672  4344  4345  4684
18485    4344  4672  4683  4684
18486    4333  4334  4673  4345
18487    4672  4333  4673  4345
18488    4334  4673  4345  4346
18489    4673  4672  4345  4684
18490    4673  4345  4346  4685
18491    4345  4673  4684  4685
18492    4671  4672  4675  4683
18493    4674  4671  4675  4683
18494    4672  4675  4683  4684
18495    4675  4674  4683  4686
18496    4675  4683  4684  4687
18497    4683  4675  4686  4687
18498    4672  4673  4676  4684
18499    4675  4672  4676  4684
18500    4673  4676  4684  4685
18501    4676  4675  4684  4687
18502    4676  4684  4685  4688
18503    4684  4676  4687  4688
18504    4674  4675  4678  4686
18505    4677  4674  4678  4686
18506    4675  4678  4686  4687
18507    4678  4677  4686  4689
18508    4678  4686  4687  4690
18509    4686  4678  4689  4690
18510    4675  4676  4679  4687
18511    4678  4675  4679  4687
18512    4676  4679  4687  4688
18513    4679  4678  4687  4690
18514    4679  4687  4688  4691
18515    4687  4679  4690  4691
18516    4677  4678  4681  4689
18517    4680  4677  4681  4689
18518    4678  4681  4689  4690
18519    4681  4680  4689  4692
18520    4681  4689  4690  4693
18521    4689  4681  4692  4693
18522    4678  4679  4682  4690
18523    4681  4678  4682  4690
18524    4679  4682  4690  4691
18525    4682  4681  4690  4693
18526    4682  4690  4691  4694
18527    4690  4682  4693  4694
18528    4322  4353  4695  4334
18529    4661  4322  4695  4334
18530    4353  4695  4334  4361
18531    4695  4661  4334  4673
18532    4695  4334  4361  4703
18533    4334  4695  4673  4703
18534    4353  4354  4696  4361
18535    4695  4353  4696  4361
18536    4354  4696  4361  4362
18537    4696  4695  4361  4703
18538    4696  4361  4362  4704
18539    4361  4696  4703  4704
18540    4661  4695  4697  4673
18541    4664  4661  4697  4673
18542    4695  4697  4673  4703
18543    4697  4664  4673  4676
18544    4697  4673  4703  4705
18545    4673  4697  4676  4705
18546    4695  4696  4698  4703
18547    4697  4695  4698  4703
18548    4696  4698  4703  4704
18549    4698  4697  4703  4705
18550    4698  4703  4704  4706
18551    4703  4698  4705  4706
18552    4664  4697  4699  4676
18553    4667  4664  4699  4676
18554    4697  4699  4676  4705
18555    4699  4667  4676  4679
18556    4699  4676  4705  4707
18557    4676  4699  4679  4707
18558    4697  4698  4700  4705
18559    4699  4697  4700  4705
18560    4698  4700  4705  4706
18561    4700  4699  4705  4707
18562    4700  4705  4706  4708
18563    4705  4700  4707  4708
18564    4667  4699  4701  4679
18565    4670  4667  4701  4679
18566    4699  4701  4679  4707
18567    4701  4670  4679  4682
18568    4701  4679  4707  4709
18569    4679  4701  4682  4709
18570    4699  4700  4702  4707
18571    4701  4699  4702  4707
18572    4700  4702  4707  4708
18573    4702  4701  4707  4709
18574    4702  4707  4708  4710
18575    4707  4702  4709  4710
18576    4334  4361  4703  4346
18577    4673  4334  4703  4346
18578    4361  4703  4346  4369
18579    4703  4673  4346  4685
18580    4703  4346  4369  4711
18581    4346  4703  4685  4711
18582    4361  4362  4704  4369
18583    4703  4361  4704  4369
18584    4362  4704  4369  4370
18585    4704  4703  4369  4711
18586    4704  4369  4370  4712
18587    4369  4704  4711  4712
18588    4673  4703  4705  4685
18589    4676  4673  4705  4685
18590    4703  4705  4685  4711
18591    4705  4676  4685  4688
18592    4705  4685  4711  4713
18593    4685  4705  4688  4713
18594    4703  4704  4706  4711
18595    4705  4703  4706  4711
18596    4704  4706  4711  4712
18597    4706  4705  4711  4713
18598    4706  4711  4712  4714
18599    4711  4706  4713  4714
18600    4676  4705  4707  4688
18601    4679  4676  4707  4688
18602    4705  4707  4688  4713
18603    4707  4679  4688  4691
18604    4707  4688  4713  4715
18605    4688  4707  4691  4715
18606    4705  4706  4708  4713
18607    4707  4705  4708  4713
18608    4706  4708  4713  4714
18609    4708  4707  4713  4715
18610    4708  4713  4714  4716
18611    4713  4708  4715  4716
18612    4679  4707  4709  4691
18613    4682  4679  4709  4691
18614    4707  4709  4691  4715
18615    4709  4682  4691  4694
18616    4709  4691  4715  4717
18617    4691  4709  4694  4717
18618    4707  4708  4710  4715
18619    4709  4707  4710  4715
18620    4708  4710  4715  4716
18621    4710  4709  4715  4717
18622    4710  4715  4716  4718
18623    4715  4710  4717  4718
18624    4354  4377  4719  4362
18625    4696  4354  4719  4362
18626    4377  4719  4362  4385
18627    4719  4696  4362  4704
18628    4719  4362  4385  4727
18629    4362  4719  4704  4727
18630    4377  4378  4720  4385
18631    4719  4377  4720  4385
18632    4378  4720  4385  4386
18633    4720  4719  4385  4727
18634    4720  4385  4386  4728
18635    4385  4720  4727  4728
18636    4696  4719  4721  4704
18637    4698  4696  4721  4704
18638    4719  4721  4704  4727
18639    4721  4698  4704  4706
18640    4721  4704  4727  4729
18641    4704  4721  4706  4729
18642    4719  4720  4722  4727
18643    4721  4719  4722  4727
18644    4720  4722  4727  4728
18645    4722  4721  4727  4729
18646    4722  4727  4728  4730
18647    4727  4722  4729  4730
18648    4698  4721  4723  4706
18649    4700  4698  4723  4706
18650    4721  4723  4706  4729
18651    4723  4700  4706  4708
18652    4723  4706  4729  4731
18653    4706  4723  4708  4731
18654    4721  4722  4724  4729
18655    4723  4721  4724  4729
18656    4722  4724  4729  4730
18657    4724  4723  4729  4731
18658    4724  4729  4730  4732
18659    4729  4724  4731  4732
18660    4700  4723  4725  4708
18661    4702  4700  4725  4708
18662    4723  4725  4708  4731
18663    4725  4702  4708  4710
18664    4725  4708  4731  4733
18665    4708  4725  4710  4733
18666    4723  4724  4726  4731
18667    4725  4723  4726  4731
18668    4724  4726  4731  4732
18669    4726  4725  4731  4733
18670    4726  4731  4732  4734
18671    4731  4726  4733  4734
18672    4362  4385  4727  4370
18673    4704  4362  4727  4370
18674    4385  4727  4370  4393
18675    4727  4704  4370  4712
18676    4727  4370  4393  4735
18677    4370  4727  4712  4735
18678    4385  4386  4728  4393
18679    4727  4385  4728  4393
18680    4386  4728  4393  4394
18681    4728  4727  4393  4735
18682    4728  4393  4394  4736
18683    4393  4728  4735  4736
18684    4704  4727  4729  4712
18685    4706  4704  4729  4712
18686    4727  4729  4712  4735
18687    4729  4706  4712  4714
18688    4729  4712  4735  4737
18689    4712  4729  4714  4737
18690    4727  4728  4730  4735
18691    4729  4727  4730  4735
18692    4728  4730  4735  4736
18693    4730  4729  4735  4737
18694    4730  4735  4736  4738
18695    4735  4730  4737  4738
18696    4706  4729  4731  4714
18697    4708  4706  4731  4714
18698    4729  4731  4714  4737
18699    4731  4708  4714  4716
18700    4731  4714  4737  4739
18701    4714  4731  4716  4739
18702    4729  4730  4732  4737
18703    4731  4729  4732  4737
18704    4730  4732  4737  4738
18705    4732  4731  4737  4739
18706    4732  4737  4738  4740
18707    4737  4732  4739  4740
18708    4708  4731  4733  4716
18709    4710  4708  4733  4716
18710    4731  4733  4716  4739
18711    4733  4710  4716  4718
18712    4733  4716  4739  4741
18713    4716  4733  4718  4741
18714    4731  4732  4734  4739
18715    4733  4731  4734  4739
18716    4732  4734  4739  4740
18717    4734  4733  4739  4741
18718    4734  4739  4740  4742
18719    4739  4734  4741  4742
18720    4378  4401  4743  4386
18721    4720  4378  4743  4386
18722    4401  4743  4386  4409
18723    4743  4720  4386  4728
18724    4743  4386  4409  4751
18725    4386  4743  4728  4751
18726    4401  4402  4744  4409
18727    4743  4401  4744  4409
18728    4402  4744  4409  4410
18729    4744  4743  4409  4751
18730    4744  4409  4410  4752
18731    4409  4744  4751  4752
18732    4720  4743  4745  4728
18733    4722  4720  4745  4728
18734    4743  4745  4728  4751
18735    4745  4722  4728  4730
18736    4745  4728  4751  4753
18737    4728  4745  4730  4753
18738    4743  4744  4746  4751
18739    4745  4743  4746  4751
18740    4744  4746  4751  4752
18741    4746  4745  4751  4753
18742    4746  4751  4752  4754
18743    4751  4746  4753  4754
18744    4722  4745  4747  4730
18745    4724  4722  4747  4730
18746    4745  4747  4730  4753
18747    4747  4724  4730  4732
18748    4747  4730  4753  4755
18749    4730  4747  4732  4755
18750    4745  4746  4748  4753
18751    4747  4745  4748  4753
18752    4746  4748  4753  4754
18753    4748  4747  4753  4755
18754    4748  4753  4754  4756
18755    4753  4748  4755  4756
18756    4724  4747  4749  4732
18757    4726  4724  4749  4732
18758    4747  4749  4732  4755
18759    4749  4726  4732  4734
18760    4749  4732  4755  4757
18761    4732  4749  4734  4757
18762    4747  4748  4750  4755
18763    4749  4747  4750  4755
18764    4748  4750  4755  4756
18765    4750  4749  4755  4757
18766    4750  4755  4756  4758
18767    4755  4750  4757  4758
18768    4386  4409  4751  4394
18769    4728  4386  4751  4394
18770    4409  4751  4394  4417
18771    4751  4728  4394  4736
18772    4751  4394  4417  4759
18773    4394  4751  4736  4759
18774    4409  4410  4752  4417
18775    4751  4409  4752  4417
18776    4410  4752  4417  4418
18777    4752  4751  4417  4759
18778    4752  4417  4418  4760
18779    4417  4752  4759  4760
18780    4728  4751  4753  4736
18781    4730  4728  4753  4736
18782    4751  4753  4736  4759
18783    4753  4730  4736  4738
18784    4753  4736  4759  4761
18785    4736  4753  4738  4761
18786    4751  4752  4754  4759
18787    4753  4751  4754  4759
18788    4752  4754  4759  4760
18789    4754  4753  4759  4761
18790    4754  4759  4760  4762
18791    4759  4754  4761  4762
18792    4730  4753  4755  4738
18793    4732  4730  4755  4738
18794    4753  4755  4738  4761
18795    4755  4732  4738  4740
18796    4755  4738  4761  4763
18797    4738  4755  4740  4763
18798    4753  4754  4756  4761
18799    4755  4753  4756  4761
18800    4754  4756  4761  4762
18801    4756  4755  4761  4763
18802    4756  4761  4762  4764
18803    4761  4756  4763  4764
18804    4732  4755  4757  4740
18805    4734  4732  4757  4740
18806    4755  4757  4740  4763
18807    4757  4734  4740  4742
18808    4757  4740  4763  4765
18809    4740  4757  4742  4765
18810    4755  4756  4758  4763
18811    4757  4755  4758  4763
18812    4756  4758  4763  4764
18813    4758  4757  4763  4765
18814    4758  4763  4764  4766
18815    4763  4758  4765  4766
18816    4402  4425  4767  4410
18817    4744  4402  4767  4410
18818    4425  4767  4410  4433
18819    4767  4744  4410  4752
18820    4767  4410  4433  4775
18821    4410  4767  4752  4775
18822    4425  4426  4768  4433
18823    4767  4425  4768  4433
18824    4426  4768  4433  4434
18825    4768  4767  4433  4775
18826    4768  4433  4434  4776
18827    4433  4768  4775  4776
18828    4744  4767  4769  4752
18829    4746  4744  4769  4752
18830    4767  4769  4752  4775
18831    4769  4746  4752  4754
18832    4769  4752  4775  4777
18833    4752  4769  4754  4777
18834    4767  4768  4770  4775
18835    4769  4767  4770  4775
18836    4768  4770  4775  4776
18837    4770  4769  4775  4777
18838    4770  4775  4776  4778
18839    4775  4770  4777  4778
18840    4746  4769  4771  4754
18841    4748  4746  4771  4754
18842    4769  4771  4754  4777
18843    4771  4748  4754  4756
18844    4771  4754  4777  4779
18845    4754  4771  4756  4779
18846    4769  4770  4772  4777
18847    4771  4769  4772  4777
18848    4770  4772  4777  4778
18849    4772  4771  4777  4779
18850    4772  4777  4778  4780
18851    4777  4772  4779  4780
18852    4748  4771  4773  4756
18853    4750  4748  4773  4756
18854    4771  4773  4756  4779
18855    4773  4750  4756  4758
18856    4773  4756  4779  4781
18857    4756  4773  4758  4781
18858    4771  4772  4774  4779
18859    4773  4771  4774  4779
18860    4772  4774  4779  4780
18861    4774  4773  4779  4781
18862    4774  4779  4780  4782
18863    4779  4774  4781  4782
18864    4410  4433  4775  4418
18865    4752  4410  4775  4418
18866    4433  4775  4418  4441
18867    4775  4752  4418  4760
18868    4775  4418  4441  4783
18869    4418  4775  4760  4783
18870    4433  4434  4776  4441
18871    4775  4433  4776  4441
18872    4434  4776  4441  4442
18873    4776  4775  4441  4783
18874    4776  4441  4442  4784
18875    4441  4776  4783  4784
18876    4752  4775  4777  4760
18877    4754  4752  4777  4760
18878    4775  4777  4760  4783
18879    4777  4754  4760  4762
18880    4777  4760  4783  4785
18881    4760  4777  4762  4785
18882    4775  4776  4778  4783
18883    4777  4775  4778  4783
18884    4776  4778  4783  4784
18885    4778  4777  4783  4785
18886    4778  4783  4784  4786
18887    4783  4778  4785  4786
18888    4754  4777  4779  4762
18889    4756  4754  4779  4762
18890    4777  4779  4762  4785
18891    4779  4756  4762  4764
18892    4779  4762  4785  4787
18893    4762  4779  4764  4787
18894    4777  4778  4780  4785
18895    4779  4777  4780  4785
18896    4778  4780  4785  4786
18897    4780  4779  4785  4787
18898    4780  4785  4786  4788
18899    4785  4780  4787  4788
18900    4756  4779  4781  4764
18901    4758  4756  4781  4764
18902    4779  4781  4764  4787
18903    4781  4758  4764  4766
18904    4781  4764  4787  4789
18905    4764  4781  4766  4789
18906    4779  4780  4782  4787
18907    4781  4779  4782  4787
18908    4780  4782  4787  4788
18909    4782  4781  4787  4789
18910    4782  4787  4788  4790
18911    4787  4782  4789  4790
18912    4426  4449  4791  4434
18913    4768  4426  4791  4434
18914    4449  4791  4434  4457
18915    4791  4768  4434  4776
18916    4791  4434  4457  4799
18917    4434  4791  4776  4799
18918    4449  4450  4792  4457
18919    4791  4449  4792  4457
18920    4450  4792  4457  4458
18921    4792  4791  4457  4799
18922    4792  4457  4458  4800
18923    4457  4792  4799  4800
18924    4768  4791  4793  4776
18925    4770  4768  4793  4776
18926    4791  4793  4776  4799
18927    4793  4770  4776  4778
18928    4793  4776  4799  4801
18929    4776  4793  4778  4801
18930    4791  4792  4794  4799
18931    4793  4791  4794  4799
18932    4792  4794  4799  4800
18933    4794  4793  4799  4801
18934    4794  4799  4800  4802
18935    4799  4794  4801  4802
18936    4770  4793  4795  4778
18937    4772  4770  4795  4778
18938    4793  4795  4778  4801
18939    4795  4772  4778  4780
18940    4795  4778  4801  4803
18941    4778  4795  4780  4803
18942    4793  4794  4796  4801
18943    4795  4793  4796  4801
18944    4794  4796  4801  4802
18945    4796  4795  4801  4803
18946    4796  4801  4802  4804
18947    4801  4796  4803  4804
18948    4772  4795  4797  4780
18949    4774  4772  4797  4780
18950    4795  4797  4780  4803
18951    4797  4774  4780  4782
18952    4797  4780  4803  4805
18953    4780  4797  4782  4805
18954    4795  4796  4798  4803
18955    4797  4795  4798  4803
18956    4796  4798  4803  4804
18957    4798  4797  4803  4805
18958    4798  4803  4804  4806
18959    4803  4798  4805  4806
18960    4434  4457  4799  4442
18961    4776  4434  4799  4442
18962    4457  4799  4442  4465
18963    4799  4776  4442  4784
18964    4799  4442  4465  4807
18965    4442  4799  4784  4807
18966    4457  4458  4800  4465
18967    4799  4457  4800  4465
18968    4458  4800  4465  4466
18969    4800  4799  4465  4807
18970    4800  4465  4466  4808
18971    4465  4800  4807  4808
18972    4776  4799  4801  4784
18973    4778  4776  4801  4784
18974    4799  4801  4784  4807
18975    4801  4778  4784  4786
18976    4801  4784  4807  4809
18977    4784  4801  4786  4809
18978    4799  4800  4802  4807
18979    4801  4799  4802  4807
18980    4800  4802  4807  4808
18981    4802  4801  4807  4809
18982    4802  4807  4808  4810
18983    4807  4802  4809  4810
18984    4778  4801  4803  4786
18985    4780  4778  4803  4786
18986    4801  4803  4786  4809
18987    4803  4780  4786  4788
18988    4803  4786  4809  4811
18989    4786  4803  4788  4811
18990    4801  4802  4804  4809
18991    4803  4801  4804  4809
18992    4802  4804  4809  4810
18993    4804  4803  4809  4811
18994    4804  4809  4810  4812
18995    4809  4804  4811  4812
18996    4780  4803  4805  4788
18997    4782  4780  4805  4788
18998    4803  4805  4788  4811
18999    4805  4782  4788  4790
19000    4805  4788  4811  4813
19001    4788  4805  4790  4813
19002    4803  4804  4806  4811
19003    4805  4803  4806  4811
19004    4804  4806  4811  4812
19005    4806  4805  4811  4813
19006    4806  4811  4812  4814
19007    4811  4806  4813  4814
19008    4450  4473  4815  4458
19009    4792  4450  4815  4458
19010    4473  4815  4458  4481
19011    4815  4792  4458  4800
19012    4815  4458  4481  4823
19013    4458  4815  4800  4823
19014    4473  4474  4816  4481
19015    4815  4473  4816  4481
19016    4474  4816  4481  4482
19017    4816  4815  4481  4823
19018    4816  4481  4482  4824
19019    4481  4816  4823  4824
19020    4792  4815  4817  4800
19021    4794  4792  4817  4800
19022    4815  4817  4800  4823
19023    4817  4794  4800  4802
19024    4817  4800  4823  4825
19025    4800  4817  4802  4825
19026    4815  4816  4818  4823
19027    4817  4815  4818  4823
19028    4816  4818  4823  4824
19029    4818  4817  4823  4825
19030    4818  4823  4824  4826
19031    4823  4818  4825  4826
19032    4794  4817  4819  4802
19033    4796  4794  4819  4802
19034    4817  4819  4802  4825
19035    4819  4796  4802  4804
19036    4819  4802  4825  4827
19037    4802  4819  4804  4827
19038    4817  4818  4820  4825
19039    4819  4817  4820  4825
19040    4818  4820  4825  4826
19041    4820  4819  4825  4827
19042    4820  4825  4826  4828
19043    4825  4820  4827  4828
19044    4796  4819  4821  4804
19045    4798  4796  4821  4804
19046    4819  4821  4804  4827
19047    4821  4798  4804  4806
19048    4821  4804  4827  4829
19049    4804  4821  4806  4829
19050    4819  4820  4822  4827
19051    4821  4819  4822  4827
19052    4820  4822  4827  4828
19053    4822  4821  4827  4829
19054    4822  4827  4828  4830
19055    4827  4822  4829  4830
19056    4458  4481  4823  4466
19057    4800  4458  4823  4466
19058    4481  4823  4466  4489
19059    4823  4800  4466  4808
19060    4823  4466  4489  4831
19061    4466  4823  4808  4831
19062    4481  4482  4824  4489
19063    4823  4481  4824  4489
19064    4482  4824  4489  4490
19065    4824  4823  4489  4831
19066    4824  4489  4490  4832
19067    4489  4824  4831  4832
19068    4800  4823  4825  4808
19069    4802  4800  4825  4808
19070    4823  4825  4808  4831
19071    4825  4802  4808  4810
19072    4825  4808  4831  4833
19073    4808  4825  4810  4833
19074    4823  4824  4826  4831
19075    4825  4823  4826  4831
19076    4824  4826  4831  4832
19077    4826  4825  4831  4833
19078    4826  4831  4832  4834
19079    4831  4826  4833  4834
19080    4802  4825  4827  4810
19081    4804  4802  4827  4810
19082    4825  4827  4810  4833
19083    4827  4804  4810  4812
19084    4827  4810  4833  4835
19085    4810  4827  4812  4835
19086    4825  4826  4828  4833
19087    4827  4825  4828  4833
19088    4826  4828  4833  4834
19089    4828  4827  4833  4835
19090    4828  4833  4834  4836
19091    4833  4828  4835  4836
19092    4804  4827  4829  4812
19093    4806  4804  4829  4812
19094    4827  4829  4812  4835
19095    4829  4806  4812  4814
19096    4829  4812  4835  4837
19097    4812  4829  4814  4837
19098    4827  4828  4830  4835
19099    4829  4827  4830  4835
19100    4828  4830  4835  4836
19101    4830  4829  4835  4837
19102    4830  4835  4836  4838
19103    4835  4830  4837  4838
19104    4474  4494  4839  4482
19105    4816  4474  4839  4482
19106    4494  4839  4482  4498
19107    4839  4816  4482  4824
19108    4839  4482  4498  4843
19109    4482  4839  4824  4843
19110    4494  4320  4659  4498
19111    4839  4494  4659  4498
19112    4320  4659  4498  4332
19113    4659  4839  4498  4843
19114    4659  4498  4332  4671
19115    4498  4659  4843  4671
19116    4816  4839  4840  4824
19117    4818  4816  4840  4824
19118    4839  4840  4824  4843
19119    4840  4818  4824  4826
19120    4840  4824  4843  4844
19121    4824  4840  4826  4844
19122    4839  4659  4662  4843
19123    4840  4839  4662  4843
19124    4659  4662  4843  4671
19125    4662  4840  4843  4844
19126    4662  4843  4671  4674
19127    4843  4662  4844  4674
19128    4818  4840  4841  4826
19129    4820  4818  4841  4826
19130    4840  4841  4826  4844
19131    4841  4820  4826  4828
19132    4841  4826  4844  4845
19133    4826  4841  4828  4845
19134    4840  4662  4665  4844
19135    4841  4840  4665  4844
19136    4662  4665  4844  4674
19137    4665  4841  4844  4845
19138    4665  4844  4674  4677
19139    4844  4665  4845  4677
19140    4820  4841  4842  4828
19141    4822  4820  4842  4828
19142    4841  4842  4828  4845
19143    4842  4822  4828  4830
19144    4842  4828  4845  4846
19145    4828  4842  4830  4846
19146    4841  4665  4668  4845
19147    4842  4841  4668  4845
19148    4665  4668  4845  4677
19149    4668  4842  4845  4846
19150    4668  4845  4677  4680
19151    4845  4668  4846  4680
19152    4482  4498  4843  4490
19153    4824  4482  4843  4490
19154    4498  4843  4490  4502
19155    4843  4824  4490  4832
19156    4843  4490  4502  4847
19157    4490  4843  4832  4847
19158    4498  4332  4671  4502
19159    4843  4498  4671  4502
19160    4332  4671  4502  4344
19161    4671  4843  4502  4847
19162    4671  4502  4344  4683
19163    4502  4671  4847  4683
19164    4824  4843  4844  4832
19165    4826  4824  4844  4832
19166    4843  4844  4832  4847
19167    4844  4826  4832  4834
19168    4844  4832  4847  4848
19169    4832  4844  4834  4848
19170    4843  4671  4674  4847
19171    4844  4843  4674  4847
19172    4671  4674  4847  4683
19173    4674  4844  4847  4848
19174    4674  4847  4683  4686
19175    4847  4674  4848  4686
19176    4826  4844  4845  4834
19177    4828  4826  4845  4834
19178    4844  4845  4834  4848
19179    4845  4828  4834  4836
19180    4845  4834  4848  4849
19181    4834  4845  4836  4849
19182    4844  4674  4677  4848
19183    4845  4844  4677  4848
19184    4674  4677  4848  4686
19185    4677  4845  4848  4849
19186    4677  4848  4686  4689
19187    4848  4677  4849  4689
19188    4828  4845  4846  4836
19189    4830  4828  4846  4836
19190    4845  4846  4836  4849
19191    4846  4830  4836  4838
19192    4846  4836  4849  4850
19193    4836  4846  4838  4850
19194    4845  4677  4680  4849
19195    4846  4845  4680  4849
19196    4677  4680  4849  4689
19197    4680  4846  4849  4850
19198    4680  4849  4689  4692
19199    4849  4680  4850  4692
19200    4512  4513  4852  4524
19201    4851  4512  4852  4524
19202    4513  4852  4524  4525
19203    4852  4851  4524  4863
19204    4852  4524  4525  4864
19205    4524  4852  4863  4864
19206    4513  4514  4853  4525
19207    4852  4513  4853  4525
19208    4514  4853  4525  4526
19209    4853  4852  4525  4864
19210    4853  4525  4526  4865
19211    4525  4853  4864  4865
19212    4851  4852  4855  4863
19213    4854  4851  4855  4863
19214    4852  4855  4863  4864
19215    4855  4854  4863  4866
19216    4855  4863  4864  4867
19217    4863  4855  4866  4867
19218    4852  4853  4856  4864
19219    4855  4852  4856  4864
19220    4853  4856  4864  4865
19221    4856  4855  4864  4867
19222    4856  4864  4865  4868
19223    4864  4856  4867  4868
19224    4854  4855  4858  4866
19225    4857  4854  4858  4866
19226    4855  4858  4866  4867
19227    4858  4857  4866  4869
19228    4858  4866  4867  4870
19229    4866  4858  4869  4870
19230    4855  4856  4859  4867
19231    4858  4855  4859  4867
19232    4856  4859  4867  4868
19233    4859  4858  4867  4870
19234    4859  4867  4868  4871
19235    4867  4859  4870  4871
19236    4857  4858  4861  4869
19237    4860  4857  4861  4869
19238    4858  4861  4869  4870
19239    4861  4860  4869  4872
19240    4861  4869  4870  4873
19241    4869  4861  4872  4873
19242    4858  4859  4862  4870
19243    4861  4858  4862  4870
19244    4859  4862  4870  4871
19245    4862  4861  4870  4873
19246    4862  4870  4871  4874
19247    4870  4862  4873  4874
19248    4524  4525  4864  4344
19249    4863  4524  4864  4344
19250    4525  4864  4344  4502
19251    4864  4863  4344  4683
19252    4864  4344  4502  4847
19253    4344  4864  4683  4847
19254    4525  4526  4865  4502
19255    4864  4525  4865  4502
19256    4526  4865  4502  4490
19257    4865  4864  4502  4847
19258    4865  4502  4490  4832
19259    4502  4865  4847  4832
19260    4863  4864  4867  4683
19261    4866  4863  4867  4683
19262    4864  4867  4683  4847
19263    4867  4866  4683  4686
19264    4867  4683  4847  4848
19265    4683  4867  4686  4848
19266    4864  4865  4868  4847
19267    4867  4864  4868  4847
19268    4865  4868  4847  4832
19269    4868  4867  4847  4848
19270    4868  4847  4832  4834
19271    4847  4868  4848  4834
19272    4866  4867  4870  4686
19273    4869  4866  4870  4686
19274    4867  4870  4686  4848
19275    4870  4869  4686  4689
19276    4870  4686  4848  4849
19277    4686  4870  4689  4849
19278    4867  4868  4871  4848
19279    4870  4867  4871  4848
19280    4868  4871  4848  4834
19281    4871  4870  4848  4849
19282    4871  4848  4834  4836
19283    4848  4871  4849  4836
19284    4869  4870  4873  4689
19285    4872  4869  4873  4689
19286    4870  4873  4689  4849
19287    4873  4872  4689  4692
19288    4873  4689  4849  4850
19289    4689  4873  4692  4850
19290    4870  4871  4874  4849
19291    4873  4870  4874  4849
19292    4871  4874  4849  4836
19293    4874  4873  4849  4850
19294    4874  4849  4836  4838
19295    4849  4874  4850  4838
19296    4514  4533  4875  4526
19297    4853  4514  4875  4526
19298    4533  4875  4526  4541
19299    4875  4853  4526  4865
19300    4875  4526  4541  4883
19301    4526  4875  4865  4883
19302    4533  4534  4876  4541
19303    4875  4533  4876  4541
19304    4534  4876  4541  4542
19305    4876  4875  4541  4883
19306    4876  4541  4542  4884
19307    4541  4876  4883  4884
19308    4853  4875  4877  4865
19309    4856  4853  4877  4865
19310    4875  4877  4865  4883
19311    4877  4856  4865  4868
19312    4877  4865  4883  4885
19313    4865  4877  4868  4885
19314    4875  4876  4878  4883
19315    4877  4875  4878  4883
19316    4876  4878  4883  4884
19317    4878  4877  4883  4885
19318    4878  4883  4884  4886
19319    4883  4878  4885  4886
19320    4856  4877  4879  4868
19321    4859  4856  4879  4868
19322    4877  4879  4868  4885
19323    4879  4859  4868  4871
19324    4879  4868  4885  4887
19325    4868  4879  4871  4887
19326    4877  4878  4880  4885
19327    4879  4877  4880  4885
19328    4878  4880  4885  4886
19329    4880  4879  4885  4887
19330    4880  4885  4886  4888
19331    4885  4880  4887  4888
19332    4859  4879  4881  4871
19333    4862  4859  4881  4871
19334    4879  4881  4871  4887
19335    4881  4862  4871  4874
19336    4881  4871  4887  4889
19337    4871  4881  4874  4889
19338    4879  4880  4882  4887
19339    4881  4879  4882  4887
19340    4880  4882  4887  4888
19341    4882  4881  4887  4889
19342    4882  4887  4888  4890
19343    4887  4882  4889  4890
19344    4526  4541  4883  4490
19345    4865  4526  4883  4490
19346    4541  4883  4490  4489
19347    4883  4865  4490  4832
19348    4883  4490  4489  4831
19349    4490  4883  4832  4831
19350    4541  4542  4884  4489
19351    4883  4541  4884  4489
19352    4542  4884  4489  4466
19353    4884  4883  4489  4831
19354    4884  4489  4466  4808
19355    4489  4884  4831  4808
19356    4865  4883  4885  4832
19357    4868  4865  4885  4832
19358    4883  4885  4832  4831
19359    4885  4868  4832  4834
19360    4885  4832  4831  4833
19361    4832  4885  4834  4833
19362    4883  4884  4886  4831
19363    4885  4883  4886  4831
19364    4884  4886  4831  4808
19365    4886  4885  4831  4833
19366    4886  4831  4808  4810
19367    4831  4886  4833  4810
19368    4868  4885  4887  4834
19369    4871  4868  4887  4834
19370    4885  4887  4834  4833
19371    4887  4871  4834  4836
19372    4887  4834  4833  4835
19373    4834  4887  4836  4835
19374    4885  4886  4888  4833
19375    4887  4885  4888  4833
19376    4886  4888  4833  4810
19377    4888  4887  4833  4835
19378    4888  4833  4810  4812
19379    4833  4888  4835  4812
19380    4871  4887  4889  4836
19381    4874  4871  4889  4836
19382    4887  4889  4836  4835
19383    4889  4874  4836  4838
19384    4889  4836  4835  4837
19385    4836  4889  4838  4837
19386    4887  4888  4890  4835
19387    4889  4887  4890  4835
19388    4888  4890  4835  4812
19389    4890  4889  4835  4837
19390    4890  4835  4812  4814
19391    4835  4890  4837  4814
19392    4534  4549  4891  4542
19393    4876  4534  4891  4542
19394    4549  4891  4542  4557
19395    4891  4876  4542  4884
19396    4891  4542  4557  4899
19397    4542  4891  4884  4899
19398    4549  4550  4892  4557
19399    4891  4549  4892  4557
19400    4550  4892  4557  4558
19401    4892  4891  4557  4899
19402    4892  4557  4558  4900
19403    4557  4892  4899  4900
19404    4876  4891  4893  4884
19405    4878  4876  4893  4884
19406    4891  4893  4884  4899
19407    4893  4878  4884  4886
19408    4893  4884  4899  4901
19409    4884  4893  4886  4901
19410    4891  4892  4894  4899
19411    4893  4891  4894  4899
19412    4892  4894  4899  4900
19413    4894  4893  4899  4901
19414    4894  4899  4900  4902
19415    4899  4894  4901  4902
19416    4878  4893  4895  4886
19417    4880  4878  4895  4886
19418    4893  4895  4886  4901
19419    4895  4880  4886  4888
19420    4895  4886  4901  4903
19421    4886  4895  4888  4903
19422    4893  4894  4896  4901
19423    4895  4893  4896  4901
19424    4894  4896  4901  4902
19425    4896  4895  4901  4903
19426    4896  4901  4902  4904
19427    4901  4896  4903  4904
19428    4880  4895  4897  4888
19429    4882  4880  4897  4888
19430    4895  4897  4888  4903
19431    4897  4882  4888  4890
19432    4897  4888  4903  4905
19433    4888  4897  4890  4905
19434    4895  4896  4898  4903
19435    4897  4895  4898  4903
19436    4896  4898  4903  4904
19437    4898  4897  4903  4905
19438    4898  4903  4904  4906
19439    4903  4898  4905  4906
19440    4542  4557  4899  4466
19441    4884  4542  4899  4466
19442    4557  4899  4466  4465
19443    4899  4884  4466  4808
19444    4899  4466  4465  4807
19445    4466  4899  4808  4807
19446    4557  4558  4900  4465
19447    4899  4557  4900  4465
19448    4558  4900  4465  4442
19449    4900  4899  4465  4807
19450    4900  4465  4442  4784
19451    4465  4900  4807  4784
19452    4884  4899  4901  4808
19453    4886  4884  4901  4808
19454    4899  4901  4808  4807
19455    4901  4886  4808  4810
19456    4901  4808  4807  4809
19457    4808  4901  4810  4809
19458    4899  4900  4902  4807
19459    4901  4899  4902  4807
19460    4900  4902  4807  4784
19461    4902  4901  4807  4809
19462    4902  4807  4784  4786
19463    4807  4902  4809  4786
19464    4886  4901  4903  4810
19465    4888  4886  4903  4810
19466    4901  4903  4810  4809
19467    4903  4888  4810  4812
19468    4903  4810  4809  4811
19469    4810  4903  4812  4811
19470    4901  4902  4904  4809
19471    4903  4901  4904  4809
19472    4902  4904  4809  4786
19473    4904  4903  4809  4811
19474    4904  4809  4786  4788
19475    4809  4904  4811  4788
19476    4888  4903  4905  4812
19477    4890  4888  4905  4812
19478    4903  4905  4812  4811
19479    4905  4890  4812  4814
19480    4905  4812  4811  4813
19481    4812  4905  4814  4813
19482    4903  4904  4906  4811
19483    4905  4903  4906  4811
19484    4904  4906  4811  4788
19485    4906  4905  4811  4813
19486    4906  4811  4788  4790
19487    4811  4906  4813  4790
19488    4550  4565  4907  4558
19489    4892  4550  4907  4558
19490    4565  4907  4558  4573
19491    4907  4892  4558  4900
19492    4907  4558  4573  4915
19493    4558  4907  4900  4915
19494    4565  4566  4908  4573
19495    4907  4565  4908  4573
19496    4566  4908  4573  4574
19497    4908  4907  4573  4915
19498    4908  4573  4574  4916
19499    4573  4908  4915  4916
19500    4892  4907  4909  4900
19501    4894  4892  4909  4900
19502    4907  4909  4900  4915
19503    4909  4894  4900  4902
19504    4909  4900  4915  4917
19505    4900  4909  4902  4917
19506    4907  4908  4910  4915
19507    4909  4907  4910  4915
19508    4908  4910  4915  4916
19509    4910  4909  4915  4917
19510    4910  4915  4916  4918
19511    4915  4910  4917  4918
19512    4894  4909  4911  4902
19513    4896  4894  4911  4902
19514    4909  4911  4902  4917
19515    4911  4896  4902  4904
19516    4911  4902  4917  4919
19517    4902  4911  4904  4919
19518    4909  4910  4912  4917
19519    4911  4909  4912  4917
19520    4910  4912  4917  4918
19521    4912  4911  4917  4919
19522    4912  4917  4918  4920
19523    4917  4912  4919  4920
19524    4896  4911  4913  4904
19525    4898  4896  4913  4904
19526    4911  4913  4904  4919
19527    4913  4898  4904  4906
19528    4913  4904  4919  4921
19529    4904  4913  4906  4921
19530    4911  4912  4914  4919
19531    4913  4911  4914  4919
19532    4912  4914  4919  4920
19533    4914  4913  4919  4921
19534    4914  4919  4920  4922
19535    4919  4914  4921  4922
19536    4558  4573  4915  4442
19537    4900  4558  4915  4442
19538    4573  4915  4442  4441
19539    4915  4900  4442  4784
19540    4915  4442  4441  4783
19541    4442  4915  4784  4783
19542    4573  4574  4916  4441
19543    4915  4573  4916  4441
19544    4574  4916  4441  4418
19545    4916  4915  4441  4783
19546    4916  4441  4418  4760
19547    4441  4916  4783  4760
19548    4900  4915  4917  4784
19549    4902  4900  4917  4784
19550    4915  4917  4784  4783
19551    4917  4902  4784  4786
19552    4917  4784  4783  4785
19553    4784  4917  4786  4785
19554    4915  4916  4918  4783
19555    4917  4915  4918  4783
19556    4916  4918  4783  4760
19557    4918  4917  4783  4785
19558    4918  4783  4760  4762
19559    4783  4918  4785  4762
19560    4902  4917  4919  4786
19561    4904  4902  4919  4786
19562    4917  4919  4786  4785
19563    4919  4904  4786  4788
19564    4919  4786  4785  4787
19565    4786  4919  4788  4787
19566    4917  4918  4920  4785
19567    4919  4917  4920  4785
19568    4918  4920  4785  4762
19569    4920  4919  4785  4787
19570    4920  4785  4762  4764
19571    4785  4920  4787  4764
19572    4904  4919  4921  4788
19573    4906  4904  4921  4788
19574    4919  4921  4788  4787
19575    4921  4906  4788  4790
19576    4921  4788  4787  4789
19577    4788  4921  4790  4789
19578    4919  4920  4922  4787
19579    4921  4919  4922  4787
19580    4920  4922  4787  4764
19581    4922  4921  4787  4789
19582    4922  4787  4764  4766
19583    4787  4922  4789  4766
19584    4566  4581  4923  4574
19585    4908  4566  4923  4574
19586    4581  4923  4574  4589
19587    4923  4908  4574  4916
19588    4923  4574  4589  4931
19589    4574  4923  4916  4931
19590    4581  4582  4924  4589
19591    4923  4581  4924  4589
19592    4582  4924  4589  4590
19593    4924  4923  4589  4931
19594    4924  4589  4590  4932
19595    4589  4924  4931  4932
19596    4908  4923  4925  4916
19597    4910  4908  4925  4916
19598    4923  4925  4916  4931
19599    4925  4910  4916  4918
19600    4925  4916  4931  4933
19601    4916  4925  4918  4933
19602    4923  4924  4926  4931
19603    4925  4923  4926  4931
19604    4924  4926  4931  4932
19605    4926  4925  4931  4933
19606    4926  4931  4932  4934
19607    4931  4926  4933  4934
19608    4910  4925  4927  4918
19609    4912  4910  4927  4918
19610    4925  4927  4918  4933
19611    4927  4912  4918  4920
19612    4927  4918  4933  4935
19613    4918  4927  4920  4935
19614    4925  4926  4928  4933
19615    4927  4925  4928  4933
19616    4926  4928  4933  4934
19617    4928  4927  4933  4935
19618    4928  4933  4934  4936
19619    4933  4928  4935  4936
19620    4912  4927  4929  4920
19621    4914  4912  4929  4920
19622    4927  4929  4920  4935
19623    4929  4914  4920  4922
19624    4929  4920  4935  4937
19625    4920  4929  4922  4937
19626    4927  4928  4930  4935
19627    4929  4927  4930  4935
19628    4928  4930  4935  4936
19629    4930  4929  4935  4937
19630    4930  4935  4936  4938
19631    4935  4930  4937  4938
19632    4574  4589  4931  4418
19633    4916  4574  4931  4418
19634    4589  4931  4418  4597
19635    4931  4916  4418  4760
19636    4931  4418  4597  4939
19637    4418  4931  4760  4939
19638    4589  4590  4932  4597
19639    4931  4589  4932  4597
19640    4590  4932  4597  4598
19641    4932  4931  4597  4939
19642    4932  4597  4598  4940
19643    4597  4932  4939  4940
19644    4916  4931  4933  4760
19645    4918  4916  4933  4760
19646    4931  4933  4760  4939
19647    4933  4918  4760  4762
19648    4933  4760  4939  4941
19649    4760  4933  4762  4941
19650    4931  4932  4934  4939
19651    4933  4931  4934  4939
19652    4932  4934  4939  4940
19653    4934  4933  4939  4941
19654    4934  4939  4940  4942
19655    4939  4934  4941  4942
19656    4918  4933  4935  4762
19657    4920  4918  4935  4762
19658    4933  4935  4762  4941
19659    4935  4920  4762  4764
19660    4935  4762  4941  4943
19661    4762  4935  4764  4943
19662    4933  4934  4936  4941
19663    4935  4933  4936  4941
19664    4934  4936  4941  4942
19665    4936  4935  4941  4943
19666    4936  4941  4942  4944
19667    4941  4936  4943  4944
19668    4920  4935  4937  4764
19669    4922  4920  4937  4764
19670    4935  4937  4764  4943
19671    4937  4922  4764  4766
19672    4937  4764  4943  4945
19673    4764  4937  4766  4945
19674    4935  4936  4938  4943
19675    4937  4935  4938  4943
19676    4936  4938  4943  4944
19677    4938  4937  4943  4945
19678    4938  4943  4944  4946
19679    4943  4938  4945  4946
19680    4582  4605  4947  4590
19681    4924  4582  4947  4590
19682    4605  4947  4590  4613
19683    4947  4924  4590  4932
19684    4947  4590  4613  4955
19685    4590  4947  4932  4955
19686    4605  4606  4948  4613
19687    4947  4605  4948  4613
19688    4606  4948  4613  4614
19689    4948  4947  4613  4955
19690    4948  4613  4614  4956
19691    4613  4948  4955  4956
19692    4924  4947  4949  4932
19693    4926  4924  4949  4932
19694    4947  4949  4932  4955
19695    4949  4926  4932  4934
19696    4949  4932  4955  4957
19697    4932  4949  4934  4957
19698    4947  4948  4950  4955
19699    4949  4947  4950  4955
19700    4948  4950  4955  4956
19701    4950  4949  4955  4957
19702    4950  4955  4956  4958
19703    4955  4950  4957  4958
19704    4926  4949  4951  4934
19705    4928  4926  4951  4934
19706    4949  4951  4934  4957
19707    4951  4928  4934  4936
19708    4951  4934  4957  4959
19709    4934  4951  4936  4959
19710    4949  4950  4952  4957
19711    4951  4949  4952  4957
19712    4950  4952  4957  4958
19713    4952  4951  4957  4959
19714    4952  4957  4958  4960
19715    4957  4952  4959  4960
19716    4928  4951  4953  4936
19717    4930  4928  4953  4936
19718    4951  4953  4936  4959
19719    4953  4930  4936  4938
19720    4953  4936  4959  4961
19721    4936  4953  4938  4961
19722    4951  4952  4954  4959
19723    4953  4951  4954  4959
19724    4952  4954  4959  4960
19725    4954  4953  4959  4961
19726    4954  4959  4960  4962
19727    4959  4954  4961  4962
19728    4590  4613  4955  4598
19729    4932  4590  4955  4598
19730    4613  4955  4598  4621
19731    4955  4932  4598  4940
19732    4955  4598  4621  4963
19733    4598  4955  4940  4963
19734    4613  4614  4956  4621
19735    4955  4613  4956  4621
19736    4614  4956  4621  4622
19737    4956  4955  4621  4963
19738    4956  4621  4622  4964
19739    4621  4956  4963  4964
19740    4932  4955  4957  4940
19741    4934  4932  4957  4940
19742    4955  4957  4940  4963
19743    4957  4934  4940  4942
19744    4957  4940  4963  4965
19745    4940  4957  4942  4965
19746    4955  4956  4958  4963
19747    4957  4955  4958  4963
19748    4956  4958  4963  4964
19749    4958  4957  4963  4965
19750    4958  4963  4964  4966
19751    4963  4958  4965  4966
19752    4934  4957  4959  4942
19753    4936  4934  4959  4942
19754    4957  4959  4942  4965
19755    4959  4936  4942  4944
19756    4959  4942  4965  4967
19757    4942  4959  4944  4967
19758    4957  4958  4960  4965
19759    4959  4957  4960  4965
19760    4958  4960  4965  4966
19761    4960  4959  4965  4967
19762    4960  4965  4966  4968
19763    4965  4960  4967  4968
19764    4936  4959  4961  4944
19765    4938  4936  4961  4944
19766    4959  4961  4944  4967
19767    4961  4938  4944  4946
19768    4961  4944  4967  4969
19769    4944  4961  4946  4969
19770    4959  4960  4962  4967
19771    4961  4959  4962  4967
19772    4960  4962  4967  4968
19773    4962  4961  4967  4969
19774    4962  4967  4968  4970
19775    4967  4962  4969  4970
19776    4606  4629  4971  4614
19777    4948  4606  4971  4614
19778    4629  4971  4614  4637
19779    4971  4948  4614  4956
19780    4971  4614  4637  4979
19781    4614  4971  4956  4979
19782    4629  4630  4972  4637
19783    4971  4629  4972  4637
19784    4630  4972  4637  4638
19785    4972  4971  4637  4979
19786    4972  4637  4638  4980
19787    4637  4972  4979  4980
19788    4948  4971  4973  4956
19789    4950  4948  4973  4956
19790    4971  4973  4956  4979
19791    4973  4950  4956  4958
19792    4973  4956  4979  4981
19793    4956  4973  4958  4981
19794    4971  4972  4974  4979
19795    4973  4971  4974  4979
19796    4972  4974  4979  4980
19797    4974  4973  4979  4981
19798    4974  4979  4980  4982
19799    4979  4974  4981  4982
19800    4950  4973  4975  4958
19801    4952  4950  4975  4958
19802    4973  4975  4958  4981
19803    4975  4952  4958  4960
19804    4975  4958  4981  4983
19805    4958  4975  4960  4983
19806    4973  4974  4976  4981
19807    4975  4973  4976  4981
19808    4974  4976  4981  4982
19809    4976  4975  4981  4983
19810    4976  4981  4982  4984
19811    4981  4976  4983  4984
19812    4952  4975  4977  4960
19813    4954  4952  4977  4960
19814    4975  4977  4960  4983
19815    4977  4954  4960  4962
19816    4977  4960  4983  4985
19817    4960  4977  4962  4985
19818    4975  4976  4978  4983
19819    4977  4975  4978  4983
19820    4976  4978  4983  4984
19821    4978  4977  4983  4985
19822    4978  4983  4984  4986
19823    4983  4978  4985  4986
19824    4614  4637  4979  4622
19825    4956  4614  4979  4622
19826    4637  4979  4622  4645
19827    4979  4956  4622  4964
19828    4979  4622  4645  4987
19829    4622  4979  4964  4987
19830    4637  4638  4980  4645
19831    4979  4637  4980  4645
19832    4638  4980  4645  4646
19833    4980  4979  4645  4987
19834    4980  4645  4646  4988
19835    4645  4980  4987  4988
19836    4956  4979  4981  4964
19837    4958  4956  4981  4964
19838    4979  4981  4964  4987
19839    4981  4958  4964  4966
19840    4981  4964  4987  4989
19841    4964  4981  4966  4989
19842    4979  4980  4982  4987
19843    4981  4979  4982  4987
19844    4980  4982  4987  4988
19845    4982  4981  4987  4989
19846    4982  4987  4988  4990
19847    4987  4982  4989  4990
19848    4958  4981  4983  4966
19849    4960  4958  4983  4966
19850    4981  4983  4966  4989
19851    4983  4960  4966  4968
19852    4983  4966  4989  4991
19853    4966  4983  4968  4991
19854    4981  4982  4984  4989
19855    4983  4981  4984  4989
19856    4982  4984  4989  4990
19857    4984  4983  4989  4991
19858    4984  4989  4990  4992
19859    4989  4984  4991  4992
19860    4960  4983  4985  4968
19861    4962  4960  4985  4968
19862    4983  4985  4968  4991
19863    4985  4962  4968  4970
19864    4985  4968  4991  4993
19865    4968  4985  4970  4993
19866    4983  4984  4986  4991
19867    4985  4983  4986  4991
19868    4984  4986  4991  4992
19869    4986  4985  4991  4993
19870    4986  4991  4992  4994
19871    4991  4986  4993  4994
19872    4630  4650  4995  4638
19873    4972  4630  4995  4638
19874    4650  4995  4638  4654
19875    4995  4972  4638  4980
19876    4995  4638  4654  4999
19877    4638  4995  4980  4999
19878    4650  4512  4851  4654
19879    4995  4650  4851  4654
19880    4512  4851  4654  4524
19881    4851  4995  4654  4999
19882    4851  4654  4524  4863
19883    4654  4851  4999  4863
19884    4972  4995  4996  4980
19885    4974  4972  4996  4980
19886    4995  4996  4980  4999
19887    4996  4974  4980  4982
19888    4996  4980  4999  5000
19889    4980  4996  4982  5000
19890    4995  4851  4854  4999
19891    4996  4995  4854  4999
19892    4851  4854  4999  4863
19893    4854  4996  4999  5000
19894    4854  4999  4863  4866
19895    4999  4854  5000  4866
19896    4974  4996  4997  4982
19897    4976  4974  4997  4982
19898    4996  4997  4982  5000
19899    4997  4976  4982  4984
19900    4997  4982  5000  5001
19901    4982  4997  4984  5001
19902    4996  4854  4857  5000
19903    4997  4996  4857  5000
19904    4854  4857  5000  4866
19905    4857  4997  5000  5001
19906    4857  5000  4866  4869
19907    5000  4857  5001  4869
19908    4976  4997  4998  4984
19909    4978  4976  4998  4984
19910    4997  4998  4984  5001
19911    4998  4978  4984  4986
19912    4998  4984  5001  5002
19913    4984  4998  4986  5002
19914    4997  4857  4860  5001
19915    4998  4997  4860  5001
19916    4857  4860  5001  4869
19917    4860  4998  5001  5002
19918    4860  5001  4869  4872
19919    5001  4860  5002  4872
19920    4638  4654  4999  4646
19921    4980  4638  4999  4646
19922    4654  4999  4646  4658
19923    4999  4980  4646  4988
19924    4999  4646  4658  5003
19925    4646  4999  4988  5003
19926    4654  4524  4863  4658
19927    4999  4654  4863  4658
19928    4524  4863  4658  4344
19929    4863  4999  4658  5003
19930    4863  4658  4344  4683
19931    4658  4863  5003  4683
19932    4980  4999  5000  4988
19933    4982  4980  5000  4988
19934    4999  5000  4988  5003
19935    5000  4982  4988  4990
19936    5000  4988  5003  5004
19937    4988  5000  4990  5004
19938    4999  4863  4866  5003
19939    5000  4999  4866  5003
19940    4863  4866  5003  4683
19941    4866  5000  5003  5004
19942    4866  5003  4683  4686
19943    5003  4866  5004  4686
19944    4982  5000  5001  4990
19945    4984  4982  5001  4990
19946    5000  5001  4990  5004
19947    5001  4984  4990  4992
19948    5001  4990  5004  5005
19949    4990  5001  4992  5005
19950    5000  4866  4869  5004
19951    5001  5000  4869  5004
19952    4866  4869  5004  4686
19953    4869  5001  5004  5005
19954    4869  5004  4686  4689
19955    5004  4869  5005  4689
19956    4984  5001  5002  4992
19957    4986  4984  5002  4992
19958    5001  5002  4992  5005
19959    5002  4986  4992  4994
19960    5002  4992  5005  5006
19961    4992  5002  4994  5006
19962    5001  4869  4872  5005
19963    5002  5001  4872  5005
19964    4869  4872  5005  4689
19965    4872  5002  5005  5006
19966    4872  5005  4689  4692
19967    5005  4872  5006  4692
# Generated by tetgen rat_uterus_test_mesh_high_res.ele 
