7488  4  0
    0       0     1     3     8
    1       2     0     3     8
    2       1     3     8     9
    3       3     2     8    10
    4       3     8     9    11
    5       8     3    10    11
    6       2     3     5    10
    7       4     2     5    10
    8       3     5    10    11
    9       5     4    10    12
   10       5    10    11    13
   11      10     5    12    13
   12       4     5     7    12
   13       6     4     7    12
   14       5     7    12    13
   15       7     6    12    14
   16       7    12    13    15
   17      12     7    14    15
   18       8     9    11    16
   19      10     8    11    16
   20       9    11    16    17
   21      11    10    16    18
   22      11    16    17    19
   23      16    11    18    19
   24      10    11    13    18
   25      12    10    13    18
   26      11    13    18    19
   27      13    12    18    20
   28      13    18    19    21
   29      18    13    20    21
   30      12    13    15    20
   31      14    12    15    20
   32      13    15    20    21
   33      15    14    20    22
   34      15    20    21    23
   35      20    15    22    23
   36       1    24    25     9
   37       3     1    25     9
   38      24    25     9    28
   39      25     3     9    11
   40      25     9    28    29
   41       9    25    11    29
   42       3    25    26    11
   43       5     3    26    11
   44      25    26    11    29
   45      26     5    11    13
   46      26    11    29    30
   47      11    26    13    30
   48       5    26    27    13
   49       7     5    27    13
   50      26    27    13    30
   51      27     7    13    15
   52      27    13    30    31
   53      13    27    15    31
   54       9    28    29    17
   55      11     9    29    17
   56      28    29    17    32
   57      29    11    17    19
   58      29    17    32    33
   59      17    29    19    33
   60      11    29    30    19
   61      13    11    30    19
   62      29    30    19    33
   63      30    13    19    21
   64      30    19    33    34
   65      19    30    21    34
   66      13    30    31    21
   67      15    13    31    21
   68      30    31    21    34
   69      31    15    21    23
   70      31    21    34    35
   71      21    31    23    35
   72      24    36    37    28
   73      25    24    37    28
   74      36    37    28    40
   75      37    25    28    29
   76      37    28    40    41
   77      28    37    29    41
   78      25    37    38    29
   79      26    25    38    29
   80      37    38    29    41
   81      38    26    29    30
   82      38    29    41    42
   83      29    38    30    42
   84      26    38    39    30
   85      27    26    39    30
   86      38    39    30    42
   87      39    27    30    31
   88      39    30    42    43
   89      30    39    31    43
   90      28    40    41    32
   91      29    28    41    32
   92      40    41    32    44
   93      41    29    32    33
   94      41    32    44    45
   95      32    41    33    45
   96      29    41    42    33
   97      30    29    42    33
   98      41    42    33    45
   99      42    30    33    34
  100      42    33    45    46
  101      33    42    34    46
  102      30    42    43    34
  103      31    30    43    34
  104      42    43    34    46
  105      43    31    34    35
  106      43    34    46    47
  107      34    43    35    47
  108      36    48    49    40
  109      37    36    49    40
  110      48    49    40    52
  111      49    37    40    41
  112      49    40    52    53
  113      40    49    41    53
  114      37    49    50    41
  115      38    37    50    41
  116      49    50    41    53
  117      50    38    41    42
  118      50    41    53    54
  119      41    50    42    54
  120      38    50    51    42
  121      39    38    51    42
  122      50    51    42    54
  123      51    39    42    43
  124      51    42    54    55
  125      42    51    43    55
  126      40    52    53    44
  127      41    40    53    44
  128      52    53    44    56
  129      53    41    44    45
  130      53    44    56    57
  131      44    53    45    57
  132      41    53    54    45
  133      42    41    54    45
  134      53    54    45    57
  135      54    42    45    46
  136      54    45    57    58
  137      45    54    46    58
  138      42    54    55    46
  139      43    42    55    46
  140      54    55    46    58
  141      55    43    46    47
  142      55    46    58    59
  143      46    55    47    59
  144      48    60    61    52
  145      49    48    61    52
  146      60    61    52    64
  147      61    49    52    53
  148      61    52    64    65
  149      52    61    53    65
  150      49    61    62    53
  151      50    49    62    53
  152      61    62    53    65
  153      62    50    53    54
  154      62    53    65    66
  155      53    62    54    66
  156      50    62    63    54
  157      51    50    63    54
  158      62    63    54    66
  159      63    51    54    55
  160      63    54    66    67
  161      54    63    55    67
  162      52    64    65    56
  163      53    52    65    56
  164      64    65    56    68
  165      65    53    56    57
  166      65    56    68    69
  167      56    65    57    69
  168      53    65    66    57
  169      54    53    66    57
  170      65    66    57    69
  171      66    54    57    58
  172      66    57    69    70
  173      57    66    58    70
  174      54    66    67    58
  175      55    54    67    58
  176      66    67    58    70
  177      67    55    58    59
  178      67    58    70    71
  179      58    67    59    71
  180      60    72    73    64
  181      61    60    73    64
  182      72    73    64    76
  183      73    61    64    65
  184      73    64    76    77
  185      64    73    65    77
  186      61    73    74    65
  187      62    61    74    65
  188      73    74    65    77
  189      74    62    65    66
  190      74    65    77    78
  191      65    74    66    78
  192      62    74    75    66
  193      63    62    75    66
  194      74    75    66    78
  195      75    63    66    67
  196      75    66    78    79
  197      66    75    67    79
  198      64    76    77    68
  199      65    64    77    68
  200      76    77    68    80
  201      77    65    68    69
  202      77    68    80    81
  203      68    77    69    81
  204      65    77    78    69
  205      66    65    78    69
  206      77    78    69    81
  207      78    66    69    70
  208      78    69    81    82
  209      69    78    70    82
  210      66    78    79    70
  211      67    66    79    70
  212      78    79    70    82
  213      79    67    70    71
  214      79    70    82    83
  215      70    79    71    83
  216      72    84    85    76
  217      73    72    85    76
  218      84    85    76    88
  219      85    73    76    77
  220      85    76    88    89
  221      76    85    77    89
  222      73    85    86    77
  223      74    73    86    77
  224      85    86    77    89
  225      86    74    77    78
  226      86    77    89    90
  227      77    86    78    90
  228      74    86    87    78
  229      75    74    87    78
  230      86    87    78    90
  231      87    75    78    79
  232      87    78    90    91
  233      78    87    79    91
  234      76    88    89    80
  235      77    76    89    80
  236      88    89    80    92
  237      89    77    80    81
  238      89    80    92    93
  239      80    89    81    93
  240      77    89    90    81
  241      78    77    90    81
  242      89    90    81    93
  243      90    78    81    82
  244      90    81    93    94
  245      81    90    82    94
  246      78    90    91    82
  247      79    78    91    82
  248      90    91    82    94
  249      91    79    82    83
  250      91    82    94    95
  251      82    91    83    95
  252      84     0     2    88
  253      85    84     2    88
  254       0     2    88     8
  255       2    85    88    89
  256       2    88     8    10
  257      88     2    89    10
  258      85     2     4    89
  259      86    85     4    89
  260       2     4    89    10
  261       4    86    89    90
  262       4    89    10    12
  263      89     4    90    12
  264      86     4     6    90
  265      87    86     6    90
  266       4     6    90    12
  267       6    87    90    91
  268       6    90    12    14
  269      90     6    91    14
  270      88     8    10    92
  271      89    88    10    92
  272       8    10    92    16
  273      10    89    92    93
  274      10    92    16    18
  275      92    10    93    18
  276      89    10    12    93
  277      90    89    12    93
  278      10    12    93    18
  279      12    90    93    94
  280      12    93    18    20
  281      93    12    94    20
  282      90    12    14    94
  283      91    90    14    94
  284      12    14    94    20
  285      14    91    94    95
  286      14    94    20    22
  287      94    14    95    22
  288       6     7    97    14
  289      96     6    97    14
  290       7    97    14    15
  291      97    96    14   102
  292      97    14    15   103
  293      14    97   102   103
  294      96    97    99   102
  295      98    96    99   102
  296      97    99   102   103
  297      99    98   102   104
  298      99   102   103   105
  299     102    99   104   105
  300      98    99   101   104
  301     100    98   101   104
  302      99   101   104   105
  303     101   100   104   106
  304     101   104   105   107
  305     104   101   106   107
  306      14    15   103    22
  307     102    14   103    22
  308      15   103    22    23
  309     103   102    22   108
  310     103    22    23   109
  311      22   103   108   109
  312     102   103   105   108
  313     104   102   105   108
  314     103   105   108   109
  315     105   104   108   110
  316     105   108   109   111
  317     108   105   110   111
  318     104   105   107   110
  319     106   104   107   110
  320     105   107   110   111
  321     107   106   110   112
  322     107   110   111   113
  323     110   107   112   113
  324       7    27   114    15
  325      97     7   114    15
  326      27   114    15    31
  327     114    97    15   103
  328     114    15    31   117
  329      15   114   103   117
  330      97   114   115   103
  331      99    97   115   103
  332     114   115   103   117
  333     115    99   103   105
  334     115   103   117   118
  335     103   115   105   118
  336      99   115   116   105
  337     101    99   116   105
  338     115   116   105   118
  339     116   101   105   107
  340     116   105   118   119
  341     105   116   107   119
  342      15    31   117    23
  343     103    15   117    23
  344      31   117    23    35
  345     117   103    23   109
  346     117    23    35   120
  347      23   117   109   120
  348     103   117   118   109
  349     105   103   118   109
  350     117   118   109   120
  351     118   105   109   111
  352     118   109   120   121
  353     109   118   111   121
  354     105   118   119   111
  355     107   105   119   111
  356     118   119   111   121
  357     119   107   111   113
  358     119   111   121   122
  359     111   119   113   122
  360      27    39   123    31
  361     114    27   123    31
  362      39   123    31    43
  363     123   114    31   117
  364     123    31    43   126
  365      31   123   117   126
  366     114   123   124   117
  367     115   114   124   117
  368     123   124   117   126
  369     124   115   117   118
  370     124   117   126   127
  371     117   124   118   127
  372     115   124   125   118
  373     116   115   125   118
  374     124   125   118   127
  375     125   116   118   119
  376     125   118   127   128
  377     118   125   119   128
  378      31    43   126    35
  379     117    31   126    35
  380      43   126    35    47
  381     126   117    35   120
  382     126    35    47   129
  383      35   126   120   129
  384     117   126   127   120
  385     118   117   127   120
  386     126   127   120   129
  387     127   118   120   121
  388     127   120   129   130
  389     120   127   121   130
  390     118   127   128   121
  391     119   118   128   121
  392     127   128   121   130
  393     128   119   121   122
  394     128   121   130   131
  395     121   128   122   131
  396      39    51   132    43
  397     123    39   132    43
  398      51   132    43    55
  399     132   123    43   126
  400     132    43    55   135
  401      43   132   126   135
  402     123   132   133   126
  403     124   123   133   126
  404     132   133   126   135
  405     133   124   126   127
  406     133   126   135   136
  407     126   133   127   136
  408     124   133   134   127
  409     125   124   134   127
  410     133   134   127   136
  411     134   125   127   128
  412     134   127   136   137
  413     127   134   128   137
  414      43    55   135    47
  415     126    43   135    47
  416      55   135    47    59
  417     135   126    47   129
  418     135    47    59   138
  419      47   135   129   138
  420     126   135   136   129
  421     127   126   136   129
  422     135   136   129   138
  423     136   127   129   130
  424     136   129   138   139
  425     129   136   130   139
  426     127   136   137   130
  427     128   127   137   130
  428     136   137   130   139
  429     137   128   130   131
  430     137   130   139   140
  431     130   137   131   140
  432      51    63   141    55
  433     132    51   141    55
  434      63   141    55    67
  435     141   132    55   135
  436     141    55    67   144
  437      55   141   135   144
  438     132   141   142   135
  439     133   132   142   135
  440     141   142   135   144
  441     142   133   135   136
  442     142   135   144   145
  443     135   142   136   145
  444     133   142   143   136
  445     134   133   143   136
  446     142   143   136   145
  447     143   134   136   137
  448     143   136   145   146
  449     136   143   137   146
  450      55    67   144    59
  451     135    55   144    59
  452      67   144    59    71
  453     144   135    59   138
  454     144    59    71   147
  455      59   144   138   147
  456     135   144   145   138
  457     136   135   145   138
  458     144   145   138   147
  459     145   136   138   139
  460     145   138   147   148
  461     138   145   139   148
  462     136   145   146   139
  463     137   136   146   139
  464     145   146   139   148
  465     146   137   139   140
  466     146   139   148   149
  467     139   146   140   149
  468      63    75   150    67
  469     141    63   150    67
  470      75   150    67    79
  471     150   141    67   144
  472     150    67    79   153
  473      67   150   144   153
  474     141   150   151   144
  475     142   141   151   144
  476     150   151   144   153
  477     151   142   144   145
  478     151   144   153   154
  479     144   151   145   154
  480     142   151   152   145
  481     143   142   152   145
  482     151   152   145   154
  483     152   143   145   146
  484     152   145   154   155
  485     145   152   146   155
  486      67    79   153    71
  487     144    67   153    71
  488      79   153    71    83
  489     153   144    71   147
  490     153    71    83   156
  491      71   153   147   156
  492     144   153   154   147
  493     145   144   154   147
  494     153   154   147   156
  495     154   145   147   148
  496     154   147   156   157
  497     147   154   148   157
  498     145   154   155   148
  499     146   145   155   148
  500     154   155   148   157
  501     155   146   148   149
  502     155   148   157   158
  503     148   155   149   158
  504      75    87   159    79
  505     150    75   159    79
  506      87   159    79    91
  507     159   150    79   153
  508     159    79    91   162
  509      79   159   153   162
  510     150   159   160   153
  511     151   150   160   153
  512     159   160   153   162
  513     160   151   153   154
  514     160   153   162   163
  515     153   160   154   163
  516     151   160   161   154
  517     152   151   161   154
  518     160   161   154   163
  519     161   152   154   155
  520     161   154   163   164
  521     154   161   155   164
  522      79    91   162    83
  523     153    79   162    83
  524      91   162    83    95
  525     162   153    83   156
  526     162    83    95   165
  527      83   162   156   165
  528     153   162   163   156
  529     154   153   163   156
  530     162   163   156   165
  531     163   154   156   157
  532     163   156   165   166
  533     156   163   157   166
  534     154   163   164   157
  535     155   154   164   157
  536     163   164   157   166
  537     164   155   157   158
  538     164   157   166   167
  539     157   164   158   167
  540      87     6    96    91
  541     159    87    96    91
  542       6    96    91    14
  543      96   159    91   162
  544      96    91    14   102
  545      91    96   162   102
  546     159    96    98   162
  547     160   159    98   162
  548      96    98   162   102
  549      98   160   162   163
  550      98   162   102   104
  551     162    98   163   104
  552     160    98   100   163
  553     161   160   100   163
  554      98   100   163   104
  555     100   161   163   164
  556     100   163   104   106
  557     163   100   164   106
  558      91    14   102    95
  559     162    91   102    95
  560      14   102    95    22
  561     102   162    95   165
  562     102    95    22   108
  563      95   102   165   108
  564     162   102   104   165
  565     163   162   104   165
  566     102   104   165   108
  567     104   163   165   166
  568     104   165   108   110
  569     165   104   166   110
  570     163   104   106   166
  571     164   163   106   166
  572     104   106   166   110
  573     106   164   166   167
  574     106   166   110   112
  575     166   106   167   112
  576     100   101   169   106
  577     168   100   169   106
  578     101   169   106   107
  579     169   168   106   174
  580     169   106   107   175
  581     106   169   174   175
  582     168   169   171   174
  583     170   168   171   174
  584     169   171   174   175
  585     171   170   174   176
  586     171   174   175   177
  587     174   171   176   177
  588     170   171   173   176
  589     172   170   173   176
  590     171   173   176   177
  591     173   172   176   178
  592     173   176   177   179
  593     176   173   178   179
  594     106   107   175   112
  595     174   106   175   112
  596     107   175   112   113
  597     175   174   112   180
  598     175   112   113   181
  599     112   175   180   181
  600     174   175   177   180
  601     176   174   177   180
  602     175   177   180   181
  603     177   176   180   182
  604     177   180   181   183
  605     180   177   182   183
  606     176   177   179   182
  607     178   176   179   182
  608     177   179   182   183
  609     179   178   182   184
  610     179   182   183   185
  611     182   179   184   185
  612     101   116   186   107
  613     169   101   186   107
  614     116   186   107   119
  615     186   169   107   175
  616     186   107   119   189
  617     107   186   175   189
  618     169   186   187   175
  619     171   169   187   175
  620     186   187   175   189
  621     187   171   175   177
  622     187   175   189   190
  623     175   187   177   190
  624     171   187   188   177
  625     173   171   188   177
  626     187   188   177   190
  627     188   173   177   179
  628     188   177   190   191
  629     177   188   179   191
  630     107   119   189   113
  631     175   107   189   113
  632     119   189   113   122
  633     189   175   113   181
  634     189   113   122   192
  635     113   189   181   192
  636     175   189   190   181
  637     177   175   190   181
  638     189   190   181   192
  639     190   177   181   183
  640     190   181   192   193
  641     181   190   183   193
  642     177   190   191   183
  643     179   177   191   183
  644     190   191   183   193
  645     191   179   183   185
  646     191   183   193   194
  647     183   191   185   194
  648     116   125   195   119
  649     186   116   195   119
  650     125   195   119   128
  651     195   186   119   189
  652     195   119   128   198
  653     119   195   189   198
  654     186   195   196   189
  655     187   186   196   189
  656     195   196   189   198
  657     196   187   189   190
  658     196   189   198   199
  659     189   196   190   199
  660     187   196   197   190
  661     188   187   197   190
  662     196   197   190   199
  663     197   188   190   191
  664     197   190   199   200
  665     190   197   191   200
  666     119   128   198   122
  667     189   119   198   122
  668     128   198   122   131
  669     198   189   122   192
  670     198   122   131   201
  671     122   198   192   201
  672     189   198   199   192
  673     190   189   199   192
  674     198   199   192   201
  675     199   190   192   193
  676     199   192   201   202
  677     192   199   193   202
  678     190   199   200   193
  679     191   190   200   193
  680     199   200   193   202
  681     200   191   193   194
  682     200   193   202   203
  683     193   200   194   203
  684     125   134   204   128
  685     195   125   204   128
  686     134   204   128   137
  687     204   195   128   198
  688     204   128   137   207
  689     128   204   198   207
  690     195   204   205   198
  691     196   195   205   198
  692     204   205   198   207
  693     205   196   198   199
  694     205   198   207   208
  695     198   205   199   208
  696     196   205   206   199
  697     197   196   206   199
  698     205   206   199   208
  699     206   197   199   200
  700     206   199   208   209
  701     199   206   200   209
  702     128   137   207   131
  703     198   128   207   131
  704     137   207   131   140
  705     207   198   131   201
  706     207   131   140   210
  707     131   207   201   210
  708     198   207   208   201
  709     199   198   208   201
  710     207   208   201   210
  711     208   199   201   202
  712     208   201   210   211
  713     201   208   202   211
  714     199   208   209   202
  715     200   199   209   202
  716     208   209   202   211
  717     209   200   202   203
  718     209   202   211   212
  719     202   209   203   212
  720     134   143   213   137
  721     204   134   213   137
  722     143   213   137   146
  723     213   204   137   207
  724     213   137   146   216
  725     137   213   207   216
  726     204   213   214   207
  727     205   204   214   207
  728     213   214   207   216
  729     214   205   207   208
  730     214   207   216   217
  731     207   214   208   217
  732     205   214   215   208
  733     206   205   215   208
  734     214   215   208   217
  735     215   206   208   209
  736     215   208   217   218
  737     208   215   209   218
  738     137   146   216   140
  739     207   137   216   140
  740     146   216   140   149
  741     216   207   140   210
  742     216   140   149   219
  743     140   216   210   219
  744     207   216   217   210
  745     208   207   217   210
  746     216   217   210   219
  747     217   208   210   211
  748     217   210   219   220
  749     210   217   211   220
  750     208   217   218   211
  751     209   208   218   211
  752     217   218   211   220
  753     218   209   211   212
  754     218   211   220   221
  755     211   218   212   221
  756     143   152   222   146
  757     213   143   222   146
  758     152   222   146   155
  759     222   213   146   216
  760     222   146   155   225
  761     146   222   216   225
  762     213   222   223   216
  763     214   213   223   216
  764     222   223   216   225
  765     223   214   216   217
  766     223   216   225   226
  767     216   223   217   226
  768     214   223   224   217
  769     215   214   224   217
  770     223   224   217   226
  771     224   215   217   218
  772     224   217   226   227
  773     217   224   218   227
  774     146   155   225   149
  775     216   146   225   149
  776     155   225   149   158
  777     225   216   149   219
  778     225   149   158   228
  779     149   225   219   228
  780     216   225   226   219
  781     217   216   226   219
  782     225   226   219   228
  783     226   217   219   220
  784     226   219   228   229
  785     219   226   220   229
  786     217   226   227   220
  787     218   217   227   220
  788     226   227   220   229
  789     227   218   220   221
  790     227   220   229   230
  791     220   227   221   230
  792     152   161   231   155
  793     222   152   231   155
  794     161   231   155   164
  795     231   222   155   225
  796     231   155   164   234
  797     155   231   225   234
  798     222   231   232   225
  799     223   222   232   225
  800     231   232   225   234
  801     232   223   225   226
  802     232   225   234   235
  803     225   232   226   235
  804     223   232   233   226
  805     224   223   233   226
  806     232   233   226   235
  807     233   224   226   227
  808     233   226   235   236
  809     226   233   227   236
  810     155   164   234   158
  811     225   155   234   158
  812     164   234   158   167
  813     234   225   158   228
  814     234   158   167   237
  815     158   234   228   237
  816     225   234   235   228
  817     226   225   235   228
  818     234   235   228   237
  819     235   226   228   229
  820     235   228   237   238
  821     228   235   229   238
  822     226   235   236   229
  823     227   226   236   229
  824     235   236   229   238
  825     236   227   229   230
  826     236   229   238   239
  827     229   236   230   239
  828     161   100   168   164
  829     231   161   168   164
  830     100   168   164   106
  831     168   231   164   234
  832     168   164   106   174
  833     164   168   234   174
  834     231   168   170   234
  835     232   231   170   234
  836     168   170   234   174
  837     170   232   234   235
  838     170   234   174   176
  839     234   170   235   176
  840     232   170   172   235
  841     233   232   172   235
  842     170   172   235   176
  843     172   233   235   236
  844     172   235   176   178
  845     235   172   236   178
  846     164   106   174   167
  847     234   164   174   167
  848     106   174   167   112
  849     174   234   167   237
  850     174   167   112   180
  851     167   174   237   180
  852     234   174   176   237
  853     235   234   176   237
  854     174   176   237   180
  855     176   235   237   238
  856     176   237   180   182
  857     237   176   238   182
  858     235   176   178   238
  859     236   235   178   238
  860     176   178   238   182
  861     178   236   238   239
  862     178   238   182   184
  863     238   178   239   184
  864     172   173   241   178
  865     240   172   241   178
  866     173   241   178   179
  867     241   240   178   246
  868     241   178   179   247
  869     178   241   246   247
  870     240   241   243   246
  871     242   240   243   246
  872     241   243   246   247
  873     243   242   246   248
  874     243   246   247   249
  875     246   243   248   249
  876     242   243   245   248
  877     244   242   245   248
  878     243   245   248   249
  879     245   244   248   250
  880     245   248   249   251
  881     248   245   250   251
  882     178   179   247   184
  883     246   178   247   184
  884     179   247   184   185
  885     247   246   184   252
  886     247   184   185   253
  887     184   247   252   253
  888     246   247   249   252
  889     248   246   249   252
  890     247   249   252   253
  891     249   248   252   254
  892     249   252   253   255
  893     252   249   254   255
  894     248   249   251   254
  895     250   248   251   254
  896     249   251   254   255
  897     251   250   254   256
  898     251   254   255   257
  899     254   251   256   257
  900     173   188   258   179
  901     241   173   258   179
  902     188   258   179   191
  903     258   241   179   247
  904     258   179   191   261
  905     179   258   247   261
  906     241   258   259   247
  907     243   241   259   247
  908     258   259   247   261
  909     259   243   247   249
  910     259   247   261   262
  911     247   259   249   262
  912     243   259   260   249
  913     245   243   260   249
  914     259   260   249   262
  915     260   245   249   251
  916     260   249   262   263
  917     249   260   251   263
  918     179   191   261   185
  919     247   179   261   185
  920     191   261   185   194
  921     261   247   185   253
  922     261   185   194   264
  923     185   261   253   264
  924     247   261   262   253
  925     249   247   262   253
  926     261   262   253   264
  927     262   249   253   255
  928     262   253   264   265
  929     253   262   255   265
  930     249   262   263   255
  931     251   249   263   255
  932     262   263   255   265
  933     263   251   255   257
  934     263   255   265   266
  935     255   263   257   266
  936     188   197   267   191
  937     258   188   267   191
  938     197   267   191   200
  939     267   258   191   261
  940     267   191   200   270
  941     191   267   261   270
  942     258   267   268   261
  943     259   258   268   261
  944     267   268   261   270
  945     268   259   261   262
  946     268   261   270   271
  947     261   268   262   271
  948     259   268   269   262
  949     260   259   269   262
  950     268   269   262   271
  951     269   260   262   263
  952     269   262   271   272
  953     262   269   263   272
  954     191   200   270   194
  955     261   191   270   194
  956     200   270   194   203
  957     270   261   194   264
  958     270   194   203   273
  959     194   270   264   273
  960     261   270   271   264
  961     262   261   271   264
  962     270   271   264   273
  963     271   262   264   265
  964     271   264   273   274
  965     264   271   265   274
  966     262   271   272   265
  967     263   262   272   265
  968     271   272   265   274
  969     272   263   265   266
  970     272   265   274   275
  971     265   272   266   275
  972     197   206   276   200
  973     267   197   276   200
  974     206   276   200   209
  975     276   267   200   270
  976     276   200   209   279
  977     200   276   270   279
  978     267   276   277   270
  979     268   267   277   270
  980     276   277   270   279
  981     277   268   270   271
  982     277   270   279   280
  983     270   277   271   280
  984     268   277   278   271
  985     269   268   278   271
  986     277   278   271   280
  987     278   269   271   272
  988     278   271   280   281
  989     271   278   272   281
  990     200   209   279   203
  991     270   200   279   203
  992     209   279   203   212
  993     279   270   203   273
  994     279   203   212   282
  995     203   279   273   282
  996     270   279   280   273
  997     271   270   280   273
  998     279   280   273   282
  999     280   271   273   274
 1000     280   273   282   283
 1001     273   280   274   283
 1002     271   280   281   274
 1003     272   271   281   274
 1004     280   281   274   283
 1005     281   272   274   275
 1006     281   274   283   284
 1007     274   281   275   284
 1008     206   215   285   209
 1009     276   206   285   209
 1010     215   285   209   218
 1011     285   276   209   279
 1012     285   209   218   288
 1013     209   285   279   288
 1014     276   285   286   279
 1015     277   276   286   279
 1016     285   286   279   288
 1017     286   277   279   280
 1018     286   279   288   289
 1019     279   286   280   289
 1020     277   286   287   280
 1021     278   277   287   280
 1022     286   287   280   289
 1023     287   278   280   281
 1024     287   280   289   290
 1025     280   287   281   290
 1026     209   218   288   212
 1027     279   209   288   212
 1028     218   288   212   221
 1029     288   279   212   282
 1030     288   212   221   291
 1031     212   288   282   291
 1032     279   288   289   282
 1033     280   279   289   282
 1034     288   289   282   291
 1035     289   280   282   283
 1036     289   282   291   292
 1037     282   289   283   292
 1038     280   289   290   283
 1039     281   280   290   283
 1040     289   290   283   292
 1041     290   281   283   284
 1042     290   283   292   293
 1043     283   290   284   293
 1044     215   224   294   218
 1045     285   215   294   218
 1046     224   294   218   227
 1047     294   285   218   288
 1048     294   218   227   297
 1049     218   294   288   297
 1050     285   294   295   288
 1051     286   285   295   288
 1052     294   295   288   297
 1053     295   286   288   289
 1054     295   288   297   298
 1055     288   295   289   298
 1056     286   295   296   289
 1057     287   286   296   289
 1058     295   296   289   298
 1059     296   287   289   290
 1060     296   289   298   299
 1061     289   296   290   299
 1062     218   227   297   221
 1063     288   218   297   221
 1064     227   297   221   230
 1065     297   288   221   291
 1066     297   221   230   300
 1067     221   297   291   300
 1068     288   297   298   291
 1069     289   288   298   291
 1070     297   298   291   300
 1071     298   289   291   292
 1072     298   291   300   301
 1073     291   298   292   301
 1074     289   298   299   292
 1075     290   289   299   292
 1076     298   299   292   301
 1077     299   290   292   293
 1078     299   292   301   302
 1079     292   299   293   302
 1080     224   233   303   227
 1081     294   224   303   227
 1082     233   303   227   236
 1083     303   294   227   297
 1084     303   227   236   306
 1085     227   303   297   306
 1086     294   303   304   297
 1087     295   294   304   297
 1088     303   304   297   306
 1089     304   295   297   298
 1090     304   297   306   307
 1091     297   304   298   307
 1092     295   304   305   298
 1093     296   295   305   298
 1094     304   305   298   307
 1095     305   296   298   299
 1096     305   298   307   308
 1097     298   305   299   308
 1098     227   236   306   230
 1099     297   227   306   230
 1100     236   306   230   239
 1101     306   297   230   300
 1102     306   230   239   309
 1103     230   306   300   309
 1104     297   306   307   300
 1105     298   297   307   300
 1106     306   307   300   309
 1107     307   298   300   301
 1108     307   300   309   310
 1109     300   307   301   310
 1110     298   307   308   301
 1111     299   298   308   301
 1112     307   308   301   310
 1113     308   299   301   302
 1114     308   301   310   311
 1115     301   308   302   311
 1116     233   172   240   236
 1117     303   233   240   236
 1118     172   240   236   178
 1119     240   303   236   306
 1120     240   236   178   246
 1121     236   240   306   246
 1122     303   240   242   306
 1123     304   303   242   306
 1124     240   242   306   246
 1125     242   304   306   307
 1126     242   306   246   248
 1127     306   242   307   248
 1128     304   242   244   307
 1129     305   304   244   307
 1130     242   244   307   248
 1131     244   305   307   308
 1132     244   307   248   250
 1133     307   244   308   250
 1134     236   178   246   239
 1135     306   236   246   239
 1136     178   246   239   184
 1137     246   306   239   309
 1138     246   239   184   252
 1139     239   246   309   252
 1140     306   246   248   309
 1141     307   306   248   309
 1142     246   248   309   252
 1143     248   307   309   310
 1144     248   309   252   254
 1145     309   248   310   254
 1146     307   248   250   310
 1147     308   307   250   310
 1148     248   250   310   254
 1149     250   308   310   311
 1150     250   310   254   256
 1151     310   250   311   256
 1152     244   245   313   250
 1153     312   244   313   250
 1154     245   313   250   251
 1155     313   312   250   318
 1156     313   250   251   319
 1157     250   313   318   319
 1158     312   313   315   318
 1159     314   312   315   318
 1160     313   315   318   319
 1161     315   314   318   320
 1162     315   318   319   321
 1163     318   315   320   321
 1164     314   315   317   320
 1165     316   314   317   320
 1166     315   317   320   321
 1167     317   316   320   322
 1168     317   320   321   323
 1169     320   317   322   323
 1170     250   251   319   256
 1171     318   250   319   256
 1172     251   319   256   257
 1173     319   318   256   324
 1174     319   256   257   325
 1175     256   319   324   325
 1176     318   319   321   324
 1177     320   318   321   324
 1178     319   321   324   325
 1179     321   320   324   326
 1180     321   324   325   327
 1181     324   321   326   327
 1182     320   321   323   326
 1183     322   320   323   326
 1184     321   323   326   327
 1185     323   322   326   328
 1186     323   326   327   329
 1187     326   323   328   329
 1188     245   260   330   251
 1189     313   245   330   251
 1190     260   330   251   263
 1191     330   313   251   319
 1192     330   251   263   333
 1193     251   330   319   333
 1194     313   330   331   319
 1195     315   313   331   319
 1196     330   331   319   333
 1197     331   315   319   321
 1198     331   319   333   334
 1199     319   331   321   334
 1200     315   331   332   321
 1201     317   315   332   321
 1202     331   332   321   334
 1203     332   317   321   323
 1204     332   321   334   335
 1205     321   332   323   335
 1206     251   263   333   257
 1207     319   251   333   257
 1208     263   333   257   266
 1209     333   319   257   325
 1210     333   257   266   336
 1211     257   333   325   336
 1212     319   333   334   325
 1213     321   319   334   325
 1214     333   334   325   336
 1215     334   321   325   327
 1216     334   325   336   337
 1217     325   334   327   337
 1218     321   334   335   327
 1219     323   321   335   327
 1220     334   335   327   337
 1221     335   323   327   329
 1222     335   327   337   338
 1223     327   335   329   338
 1224     260   269   339   263
 1225     330   260   339   263
 1226     269   339   263   272
 1227     339   330   263   333
 1228     339   263   272   342
 1229     263   339   333   342
 1230     330   339   340   333
 1231     331   330   340   333
 1232     339   340   333   342
 1233     340   331   333   334
 1234     340   333   342   343
 1235     333   340   334   343
 1236     331   340   341   334
 1237     332   331   341   334
 1238     340   341   334   343
 1239     341   332   334   335
 1240     341   334   343   344
 1241     334   341   335   344
 1242     263   272   342   266
 1243     333   263   342   266
 1244     272   342   266   275
 1245     342   333   266   336
 1246     342   266   275   345
 1247     266   342   336   345
 1248     333   342   343   336
 1249     334   333   343   336
 1250     342   343   336   345
 1251     343   334   336   337
 1252     343   336   345   346
 1253     336   343   337   346
 1254     334   343   344   337
 1255     335   334   344   337
 1256     343   344   337   346
 1257     344   335   337   338
 1258     344   337   346   347
 1259     337   344   338   347
 1260     269   278   348   272
 1261     339   269   348   272
 1262     278   348   272   281
 1263     348   339   272   342
 1264     348   272   281   351
 1265     272   348   342   351
 1266     339   348   349   342
 1267     340   339   349   342
 1268     348   349   342   351
 1269     349   340   342   343
 1270     349   342   351   352
 1271     342   349   343   352
 1272     340   349   350   343
 1273     341   340   350   343
 1274     349   350   343   352
 1275     350   341   343   344
 1276     350   343   352   353
 1277     343   350   344   353
 1278     272   281   351   275
 1279     342   272   351   275
 1280     281   351   275   284
 1281     351   342   275   345
 1282     351   275   284   354
 1283     275   351   345   354
 1284     342   351   352   345
 1285     343   342   352   345
 1286     351   352   345   354
 1287     352   343   345   346
 1288     352   345   354   355
 1289     345   352   346   355
 1290     343   352   353   346
 1291     344   343   353   346
 1292     352   353   346   355
 1293     353   344   346   347
 1294     353   346   355   356
 1295     346   353   347   356
 1296     278   287   357   281
 1297     348   278   357   281
 1298     287   357   281   290
 1299     357   348   281   351
 1300     357   281   290   360
 1301     281   357   351   360
 1302     348   357   358   351
 1303     349   348   358   351
 1304     357   358   351   360
 1305     358   349   351   352
 1306     358   351   360   361
 1307     351   358   352   361
 1308     349   358   359   352
 1309     350   349   359   352
 1310     358   359   352   361
 1311     359   350   352   353
 1312     359   352   361   362
 1313     352   359   353   362
 1314     281   290   360   284
 1315     351   281   360   284
 1316     290   360   284   293
 1317     360   351   284   354
 1318     360   284   293   363
 1319     284   360   354   363
 1320     351   360   361   354
 1321     352   351   361   354
 1322     360   361   354   363
 1323     361   352   354   355
 1324     361   354   363   364
 1325     354   361   355   364
 1326     352   361   362   355
 1327     353   352   362   355
 1328     361   362   355   364
 1329     362   353   355   356
 1330     362   355   364   365
 1331     355   362   356   365
 1332     287   296   366   290
 1333     357   287   366   290
 1334     296   366   290   299
 1335     366   357   290   360
 1336     366   290   299   369
 1337     290   366   360   369
 1338     357   366   367   360
 1339     358   357   367   360
 1340     366   367   360   369
 1341     367   358   360   361
 1342     367   360   369   370
 1343     360   367   361   370
 1344     358   367   368   361
 1345     359   358   368   361
 1346     367   368   361   370
 1347     368   359   361   362
 1348     368   361   370   371
 1349     361   368   362   371
 1350     290   299   369   293
 1351     360   290   369   293
 1352     299   369   293   302
 1353     369   360   293   363
 1354     369   293   302   372
 1355     293   369   363   372
 1356     360   369   370   363
 1357     361   360   370   363
 1358     369   370   363   372
 1359     370   361   363   364
 1360     370   363   372   373
 1361     363   370   364   373
 1362     361   370   371   364
 1363     362   361   371   364
 1364     370   371   364   373
 1365     371   362   364   365
 1366     371   364   373   374
 1367     364   371   365   374
 1368     296   305   375   299
 1369     366   296   375   299
 1370     305   375   299   308
 1371     375   366   299   369
 1372     375   299   308   378
 1373     299   375   369   378
 1374     366   375   376   369
 1375     367   366   376   369
 1376     375   376   369   378
 1377     376   367   369   370
 1378     376   369   378   379
 1379     369   376   370   379
 1380     367   376   377   370
 1381     368   367   377   370
 1382     376   377   370   379
 1383     377   368   370   371
 1384     377   370   379   380
 1385     370   377   371   380
 1386     299   308   378   302
 1387     369   299   378   302
 1388     308   378   302   311
 1389     378   369   302   372
 1390     378   302   311   381
 1391     302   378   372   381
 1392     369   378   379   372
 1393     370   369   379   372
 1394     378   379   372   381
 1395     379   370   372   373
 1396     379   372   381   382
 1397     372   379   373   382
 1398     370   379   380   373
 1399     371   370   380   373
 1400     379   380   373   382
 1401     380   371   373   374
 1402     380   373   382   383
 1403     373   380   374   383
 1404     305   244   312   308
 1405     375   305   312   308
 1406     244   312   308   250
 1407     312   375   308   378
 1408     312   308   250   318
 1409     308   312   378   318
 1410     375   312   314   378
 1411     376   375   314   378
 1412     312   314   378   318
 1413     314   376   378   379
 1414     314   378   318   320
 1415     378   314   379   320
 1416     376   314   316   379
 1417     377   376   316   379
 1418     314   316   379   320
 1419     316   377   379   380
 1420     316   379   320   322
 1421     379   316   380   322
 1422     308   250   318   311
 1423     378   308   318   311
 1424     250   318   311   256
 1425     318   378   311   381
 1426     318   311   256   324
 1427     311   318   381   324
 1428     378   318   320   381
 1429     379   378   320   381
 1430     318   320   381   324
 1431     320   379   381   382
 1432     320   381   324   326
 1433     381   320   382   326
 1434     379   320   322   382
 1435     380   379   322   382
 1436     320   322   382   326
 1437     322   380   382   383
 1438     322   382   326   328
 1439     382   322   383   328
 1440     316   317   385   322
 1441     384   316   385   322
 1442     317   385   322   323
 1443     385   384   322   390
 1444     385   322   323   391
 1445     322   385   390   391
 1446     384   385   387   390
 1447     386   384   387   390
 1448     385   387   390   391
 1449     387   386   390   392
 1450     387   390   391   393
 1451     390   387   392   393
 1452     386   387   389   392
 1453     388   386   389   392
 1454     387   389   392   393
 1455     389   388   392   394
 1456     389   392   393   395
 1457     392   389   394   395
 1458     322   323   391   328
 1459     390   322   391   328
 1460     323   391   328   329
 1461     391   390   328   396
 1462     391   328   329   397
 1463     328   391   396   397
 1464     390   391   393   396
 1465     392   390   393   396
 1466     391   393   396   397
 1467     393   392   396   398
 1468     393   396   397   399
 1469     396   393   398   399
 1470     392   393   395   398
 1471     394   392   395   398
 1472     393   395   398   399
 1473     395   394   398   400
 1474     395   398   399   401
 1475     398   395   400   401
 1476     317   332   402   323
 1477     385   317   402   323
 1478     332   402   323   335
 1479     402   385   323   391
 1480     402   323   335   405
 1481     323   402   391   405
 1482     385   402   403   391
 1483     387   385   403   391
 1484     402   403   391   405
 1485     403   387   391   393
 1486     403   391   405   406
 1487     391   403   393   406
 1488     387   403   404   393
 1489     389   387   404   393
 1490     403   404   393   406
 1491     404   389   393   395
 1492     404   393   406   407
 1493     393   404   395   407
 1494     323   335   405   329
 1495     391   323   405   329
 1496     335   405   329   338
 1497     405   391   329   397
 1498     405   329   338   408
 1499     329   405   397   408
 1500     391   405   406   397
 1501     393   391   406   397
 1502     405   406   397   408
 1503     406   393   397   399
 1504     406   397   408   409
 1505     397   406   399   409
 1506     393   406   407   399
 1507     395   393   407   399
 1508     406   407   399   409
 1509     407   395   399   401
 1510     407   399   409   410
 1511     399   407   401   410
 1512     332   341   411   335
 1513     402   332   411   335
 1514     341   411   335   344
 1515     411   402   335   405
 1516     411   335   344   414
 1517     335   411   405   414
 1518     402   411   412   405
 1519     403   402   412   405
 1520     411   412   405   414
 1521     412   403   405   406
 1522     412   405   414   415
 1523     405   412   406   415
 1524     403   412   413   406
 1525     404   403   413   406
 1526     412   413   406   415
 1527     413   404   406   407
 1528     413   406   415   416
 1529     406   413   407   416
 1530     335   344   414   338
 1531     405   335   414   338
 1532     344   414   338   347
 1533     414   405   338   408
 1534     414   338   347   417
 1535     338   414   408   417
 1536     405   414   415   408
 1537     406   405   415   408
 1538     414   415   408   417
 1539     415   406   408   409
 1540     415   408   417   418
 1541     408   415   409   418
 1542     406   415   416   409
 1543     407   406   416   409
 1544     415   416   409   418
 1545     416   407   409   410
 1546     416   409   418   419
 1547     409   416   410   419
 1548     341   350   420   344
 1549     411   341   420   344
 1550     350   420   344   353
 1551     420   411   344   414
 1552     420   344   353   423
 1553     344   420   414   423
 1554     411   420   421   414
 1555     412   411   421   414
 1556     420   421   414   423
 1557     421   412   414   415
 1558     421   414   423   424
 1559     414   421   415   424
 1560     412   421   422   415
 1561     413   412   422   415
 1562     421   422   415   424
 1563     422   413   415   416
 1564     422   415   424   425
 1565     415   422   416   425
 1566     344   353   423   347
 1567     414   344   423   347
 1568     353   423   347   356
 1569     423   414   347   417
 1570     423   347   356   426
 1571     347   423   417   426
 1572     414   423   424   417
 1573     415   414   424   417
 1574     423   424   417   426
 1575     424   415   417   418
 1576     424   417   426   427
 1577     417   424   418   427
 1578     415   424   425   418
 1579     416   415   425   418
 1580     424   425   418   427
 1581     425   416   418   419
 1582     425   418   427   428
 1583     418   425   419   428
 1584     350   359   429   353
 1585     420   350   429   353
 1586     359   429   353   362
 1587     429   420   353   423
 1588     429   353   362   432
 1589     353   429   423   432
 1590     420   429   430   423
 1591     421   420   430   423
 1592     429   430   423   432
 1593     430   421   423   424
 1594     430   423   432   433
 1595     423   430   424   433
 1596     421   430   431   424
 1597     422   421   431   424
 1598     430   431   424   433
 1599     431   422   424   425
 1600     431   424   433   434
 1601     424   431   425   434
 1602     353   362   432   356
 1603     423   353   432   356
 1604     362   432   356   365
 1605     432   423   356   426
 1606     432   356   365   435
 1607     356   432   426   435
 1608     423   432   433   426
 1609     424   423   433   426
 1610     432   433   426   435
 1611     433   424   426   427
 1612     433   426   435   436
 1613     426   433   427   436
 1614     424   433   434   427
 1615     425   424   434   427
 1616     433   434   427   436
 1617     434   425   427   428
 1618     434   427   436   437
 1619     427   434   428   437
 1620     359   368   438   362
 1621     429   359   438   362
 1622     368   438   362   371
 1623     438   429   362   432
 1624     438   362   371   441
 1625     362   438   432   441
 1626     429   438   439   432
 1627     430   429   439   432
 1628     438   439   432   441
 1629     439   430   432   433
 1630     439   432   441   442
 1631     432   439   433   442
 1632     430   439   440   433
 1633     431   430   440   433
 1634     439   440   433   442
 1635     440   431   433   434
 1636     440   433   442   443
 1637     433   440   434   443
 1638     362   371   441   365
 1639     432   362   441   365
 1640     371   441   365   374
 1641     441   432   365   435
 1642     441   365   374   444
 1643     365   441   435   444
 1644     432   441   442   435
 1645     433   432   442   435
 1646     441   442   435   444
 1647     442   433   435   436
 1648     442   435   444   445
 1649     435   442   436   445
 1650     433   442   443   436
 1651     434   433   443   436
 1652     442   443   436   445
 1653     443   434   436   437
 1654     443   436   445   446
 1655     436   443   437   446
 1656     368   377   447   371
 1657     438   368   447   371
 1658     377   447   371   380
 1659     447   438   371   441
 1660     447   371   380   450
 1661     371   447   441   450
 1662     438   447   448   441
 1663     439   438   448   441
 1664     447   448   441   450
 1665     448   439   441   442
 1666     448   441   450   451
 1667     441   448   442   451
 1668     439   448   449   442
 1669     440   439   449   442
 1670     448   449   442   451
 1671     449   440   442   443
 1672     449   442   451   452
 1673     442   449   443   452
 1674     371   380   450   374
 1675     441   371   450   374
 1676     380   450   374   383
 1677     450   441   374   444
 1678     450   374   383   453
 1679     374   450   444   453
 1680     441   450   451   444
 1681     442   441   451   444
 1682     450   451   444   453
 1683     451   442   444   445
 1684     451   444   453   454
 1685     444   451   445   454
 1686     442   451   452   445
 1687     443   442   452   445
 1688     451   452   445   454
 1689     452   443   445   446
 1690     452   445   454   455
 1691     445   452   446   455
 1692     377   316   384   380
 1693     447   377   384   380
 1694     316   384   380   322
 1695     384   447   380   450
 1696     384   380   322   390
 1697     380   384   450   390
 1698     447   384   386   450
 1699     448   447   386   450
 1700     384   386   450   390
 1701     386   448   450   451
 1702     386   450   390   392
 1703     450   386   451   392
 1704     448   386   388   451
 1705     449   448   388   451
 1706     386   388   451   392
 1707     388   449   451   452
 1708     388   451   392   394
 1709     451   388   452   394
 1710     380   322   390   383
 1711     450   380   390   383
 1712     322   390   383   328
 1713     390   450   383   453
 1714     390   383   328   396
 1715     383   390   453   396
 1716     450   390   392   453
 1717     451   450   392   453
 1718     390   392   453   396
 1719     392   451   453   454
 1720     392   453   396   398
 1721     453   392   454   398
 1722     451   392   394   454
 1723     452   451   394   454
 1724     392   394   454   398
 1725     394   452   454   455
 1726     394   454   398   400
 1727     454   394   455   400
 1728     388   389   457   394
 1729     456   388   457   394
 1730     389   457   394   395
 1731     457   456   394   462
 1732     457   394   395   463
 1733     394   457   462   463
 1734     456   457   459   462
 1735     458   456   459   462
 1736     457   459   462   463
 1737     459   458   462   464
 1738     459   462   463   465
 1739     462   459   464   465
 1740     458   459   461   464
 1741     460   458   461   464
 1742     459   461   464   465
 1743     461   460   464   466
 1744     461   464   465   467
 1745     464   461   466   467
 1746     394   395   463   400
 1747     462   394   463   400
 1748     395   463   400   401
 1749     463   462   400   468
 1750     463   400   401   469
 1751     400   463   468   469
 1752     462   463   465   468
 1753     464   462   465   468
 1754     463   465   468   469
 1755     465   464   468   470
 1756     465   468   469   471
 1757     468   465   470   471
 1758     464   465   467   470
 1759     466   464   467   470
 1760     465   467   470   471
 1761     467   466   470   472
 1762     467   470   471   473
 1763     470   467   472   473
 1764     389   404   474   395
 1765     457   389   474   395
 1766     404   474   395   407
 1767     474   457   395   463
 1768     474   395   407   477
 1769     395   474   463   477
 1770     457   474   475   463
 1771     459   457   475   463
 1772     474   475   463   477
 1773     475   459   463   465
 1774     475   463   477   478
 1775     463   475   465   478
 1776     459   475   476   465
 1777     461   459   476   465
 1778     475   476   465   478
 1779     476   461   465   467
 1780     476   465   478   479
 1781     465   476   467   479
 1782     395   407   477   401
 1783     463   395   477   401
 1784     407   477   401   410
 1785     477   463   401   469
 1786     477   401   410   480
 1787     401   477   469   480
 1788     463   477   478   469
 1789     465   463   478   469
 1790     477   478   469   480
 1791     478   465   469   471
 1792     478   469   480   481
 1793     469   478   471   481
 1794     465   478   479   471
 1795     467   465   479   471
 1796     478   479   471   481
 1797     479   467   471   473
 1798     479   471   481   482
 1799     471   479   473   482
 1800     404   413   483   407
 1801     474   404   483   407
 1802     413   483   407   416
 1803     483   474   407   477
 1804     483   407   416   486
 1805     407   483   477   486
 1806     474   483   484   477
 1807     475   474   484   477
 1808     483   484   477   486
 1809     484   475   477   478
 1810     484   477   486   487
 1811     477   484   478   487
 1812     475   484   485   478
 1813     476   475   485   478
 1814     484   485   478   487
 1815     485   476   478   479
 1816     485   478   487   488
 1817     478   485   479   488
 1818     407   416   486   410
 1819     477   407   486   410
 1820     416   486   410   419
 1821     486   477   410   480
 1822     486   410   419   489
 1823     410   486   480   489
 1824     477   486   487   480
 1825     478   477   487   480
 1826     486   487   480   489
 1827     487   478   480   481
 1828     487   480   489   490
 1829     480   487   481   490
 1830     478   487   488   481
 1831     479   478   488   481
 1832     487   488   481   490
 1833     488   479   481   482
 1834     488   481   490   491
 1835     481   488   482   491
 1836     413   422   492   416
 1837     483   413   492   416
 1838     422   492   416   425
 1839     492   483   416   486
 1840     492   416   425   495
 1841     416   492   486   495
 1842     483   492   493   486
 1843     484   483   493   486
 1844     492   493   486   495
 1845     493   484   486   487
 1846     493   486   495   496
 1847     486   493   487   496
 1848     484   493   494   487
 1849     485   484   494   487
 1850     493   494   487   496
 1851     494   485   487   488
 1852     494   487   496   497
 1853     487   494   488   497
 1854     416   425   495   419
 1855     486   416   495   419
 1856     425   495   419   428
 1857     495   486   419   489
 1858     495   419   428   498
 1859     419   495   489   498
 1860     486   495   496   489
 1861     487   486   496   489
 1862     495   496   489   498
 1863     496   487   489   490
 1864     496   489   498   499
 1865     489   496   490   499
 1866     487   496   497   490
 1867     488   487   497   490
 1868     496   497   490   499
 1869     497   488   490   491
 1870     497   490   499   500
 1871     490   497   491   500
 1872     422   431   501   425
 1873     492   422   501   425
 1874     431   501   425   434
 1875     501   492   425   495
 1876     501   425   434   504
 1877     425   501   495   504
 1878     492   501   502   495
 1879     493   492   502   495
 1880     501   502   495   504
 1881     502   493   495   496
 1882     502   495   504   505
 1883     495   502   496   505
 1884     493   502   503   496
 1885     494   493   503   496
 1886     502   503   496   505
 1887     503   494   496   497
 1888     503   496   505   506
 1889     496   503   497   506
 1890     425   434   504   428
 1891     495   425   504   428
 1892     434   504   428   437
 1893     504   495   428   498
 1894     504   428   437   507
 1895     428   504   498   507
 1896     495   504   505   498
 1897     496   495   505   498
 1898     504   505   498   507
 1899     505   496   498   499
 1900     505   498   507   508
 1901     498   505   499   508
 1902     496   505   506   499
 1903     497   496   506   499
 1904     505   506   499   508
 1905     506   497   499   500
 1906     506   499   508   509
 1907     499   506   500   509
 1908     431   440   510   434
 1909     501   431   510   434
 1910     440   510   434   443
 1911     510   501   434   504
 1912     510   434   443   513
 1913     434   510   504   513
 1914     501   510   511   504
 1915     502   501   511   504
 1916     510   511   504   513
 1917     511   502   504   505
 1918     511   504   513   514
 1919     504   511   505   514
 1920     502   511   512   505
 1921     503   502   512   505
 1922     511   512   505   514
 1923     512   503   505   506
 1924     512   505   514   515
 1925     505   512   506   515
 1926     434   443   513   437
 1927     504   434   513   437
 1928     443   513   437   446
 1929     513   504   437   507
 1930     513   437   446   516
 1931     437   513   507   516
 1932     504   513   514   507
 1933     505   504   514   507
 1934     513   514   507   516
 1935     514   505   507   508
 1936     514   507   516   517
 1937     507   514   508   517
 1938     505   514   515   508
 1939     506   505   515   508
 1940     514   515   508   517
 1941     515   506   508   509
 1942     515   508   517   518
 1943     508   515   509   518
 1944     440   449   519   443
 1945     510   440   519   443
 1946     449   519   443   452
 1947     519   510   443   513
 1948     519   443   452   522
 1949     443   519   513   522
 1950     510   519   520   513
 1951     511   510   520   513
 1952     519   520   513   522
 1953     520   511   513   514
 1954     520   513   522   523
 1955     513   520   514   523
 1956     511   520   521   514
 1957     512   511   521   514
 1958     520   521   514   523
 1959     521   512   514   515
 1960     521   514   523   524
 1961     514   521   515   524
 1962     443   452   522   446
 1963     513   443   522   446
 1964     452   522   446   455
 1965     522   513   446   516
 1966     522   446   455   525
 1967     446   522   516   525
 1968     513   522   523   516
 1969     514   513   523   516
 1970     522   523   516   525
 1971     523   514   516   517
 1972     523   516   525   526
 1973     516   523   517   526
 1974     514   523   524   517
 1975     515   514   524   517
 1976     523   524   517   526
 1977     524   515   517   518
 1978     524   517   526   527
 1979     517   524   518   527
 1980     449   388   456   452
 1981     519   449   456   452
 1982     388   456   452   394
 1983     456   519   452   522
 1984     456   452   394   462
 1985     452   456   522   462
 1986     519   456   458   522
 1987     520   519   458   522
 1988     456   458   522   462
 1989     458   520   522   523
 1990     458   522   462   464
 1991     522   458   523   464
 1992     520   458   460   523
 1993     521   520   460   523
 1994     458   460   523   464
 1995     460   521   523   524
 1996     460   523   464   466
 1997     523   460   524   466
 1998     452   394   462   455
 1999     522   452   462   455
 2000     394   462   455   400
 2001     462   522   455   525
 2002     462   455   400   468
 2003     455   462   525   468
 2004     522   462   464   525
 2005     523   522   464   525
 2006     462   464   525   468
 2007     464   523   525   526
 2008     464   525   468   470
 2009     525   464   526   470
 2010     523   464   466   526
 2011     524   523   466   526
 2012     464   466   526   470
 2013     466   524   526   527
 2014     466   526   470   472
 2015     526   466   527   472
 2016     460   461   529   466
 2017     528   460   529   466
 2018     461   529   466   467
 2019     529   528   466   534
 2020     529   466   467   535
 2021     466   529   534   535
 2022     528   529   531   534
 2023     530   528   531   534
 2024     529   531   534   535
 2025     531   530   534   536
 2026     531   534   535   537
 2027     534   531   536   537
 2028     530   531   533   536
 2029     532   530   533   536
 2030     531   533   536   537
 2031     533   532   536   538
 2032     533   536   537   539
 2033     536   533   538   539
 2034     466   467   535   472
 2035     534   466   535   472
 2036     467   535   472   473
 2037     535   534   472   540
 2038     535   472   473   541
 2039     472   535   540   541
 2040     534   535   537   540
 2041     536   534   537   540
 2042     535   537   540   541
 2043     537   536   540   542
 2044     537   540   541   543
 2045     540   537   542   543
 2046     536   537   539   542
 2047     538   536   539   542
 2048     537   539   542   543
 2049     539   538   542   544
 2050     539   542   543   545
 2051     542   539   544   545
 2052     461   476   546   467
 2053     529   461   546   467
 2054     476   546   467   479
 2055     546   529   467   535
 2056     546   467   479   549
 2057     467   546   535   549
 2058     529   546   547   535
 2059     531   529   547   535
 2060     546   547   535   549
 2061     547   531   535   537
 2062     547   535   549   550
 2063     535   547   537   550
 2064     531   547   548   537
 2065     533   531   548   537
 2066     547   548   537   550
 2067     548   533   537   539
 2068     548   537   550   551
 2069     537   548   539   551
 2070     467   479   549   473
 2071     535   467   549   473
 2072     479   549   473   482
 2073     549   535   473   541
 2074     549   473   482   552
 2075     473   549   541   552
 2076     535   549   550   541
 2077     537   535   550   541
 2078     549   550   541   552
 2079     550   537   541   543
 2080     550   541   552   553
 2081     541   550   543   553
 2082     537   550   551   543
 2083     539   537   551   543
 2084     550   551   543   553
 2085     551   539   543   545
 2086     551   543   553   554
 2087     543   551   545   554
 2088     476   485   555   479
 2089     546   476   555   479
 2090     485   555   479   488
 2091     555   546   479   549
 2092     555   479   488   558
 2093     479   555   549   558
 2094     546   555   556   549
 2095     547   546   556   549
 2096     555   556   549   558
 2097     556   547   549   550
 2098     556   549   558   559
 2099     549   556   550   559
 2100     547   556   557   550
 2101     548   547   557   550
 2102     556   557   550   559
 2103     557   548   550   551
 2104     557   550   559   560
 2105     550   557   551   560
 2106     479   488   558   482
 2107     549   479   558   482
 2108     488   558   482   491
 2109     558   549   482   552
 2110     558   482   491   561
 2111     482   558   552   561
 2112     549   558   559   552
 2113     550   549   559   552
 2114     558   559   552   561
 2115     559   550   552   553
 2116     559   552   561   562
 2117     552   559   553   562
 2118     550   559   560   553
 2119     551   550   560   553
 2120     559   560   553   562
 2121     560   551   553   554
 2122     560   553   562   563
 2123     553   560   554   563
 2124     485   494   564   488
 2125     555   485   564   488
 2126     494   564   488   497
 2127     564   555   488   558
 2128     564   488   497   567
 2129     488   564   558   567
 2130     555   564   565   558
 2131     556   555   565   558
 2132     564   565   558   567
 2133     565   556   558   559
 2134     565   558   567   568
 2135     558   565   559   568
 2136     556   565   566   559
 2137     557   556   566   559
 2138     565   566   559   568
 2139     566   557   559   560
 2140     566   559   568   569
 2141     559   566   560   569
 2142     488   497   567   491
 2143     558   488   567   491
 2144     497   567   491   500
 2145     567   558   491   561
 2146     567   491   500   570
 2147     491   567   561   570
 2148     558   567   568   561
 2149     559   558   568   561
 2150     567   568   561   570
 2151     568   559   561   562
 2152     568   561   570   571
 2153     561   568   562   571
 2154     559   568   569   562
 2155     560   559   569   562
 2156     568   569   562   571
 2157     569   560   562   563
 2158     569   562   571   572
 2159     562   569   563   572
 2160     494   503   573   497
 2161     564   494   573   497
 2162     503   573   497   506
 2163     573   564   497   567
 2164     573   497   506   576
 2165     497   573   567   576
 2166     564   573   574   567
 2167     565   564   574   567
 2168     573   574   567   576
 2169     574   565   567   568
 2170     574   567   576   577
 2171     567   574   568   577
 2172     565   574   575   568
 2173     566   565   575   568
 2174     574   575   568   577
 2175     575   566   568   569
 2176     575   568   577   578
 2177     568   575   569   578
 2178     497   506   576   500
 2179     567   497   576   500
 2180     506   576   500   509
 2181     576   567   500   570
 2182     576   500   509   579
 2183     500   576   570   579
 2184     567   576   577   570
 2185     568   567   577   570
 2186     576   577   570   579
 2187     577   568   570   571
 2188     577   570   579   580
 2189     570   577   571   580
 2190     568   577   578   571
 2191     569   568   578   571
 2192     577   578   571   580
 2193     578   569   571   572
 2194     578   571   580   581
 2195     571   578   572   581
 2196     503   512   582   506
 2197     573   503   582   506
 2198     512   582   506   515
 2199     582   573   506   576
 2200     582   506   515   585
 2201     506   582   576   585
 2202     573   582   583   576
 2203     574   573   583   576
 2204     582   583   576   585
 2205     583   574   576   577
 2206     583   576   585   586
 2207     576   583   577   586
 2208     574   583   584   577
 2209     575   574   584   577
 2210     583   584   577   586
 2211     584   575   577   578
 2212     584   577   586   587
 2213     577   584   578   587
 2214     506   515   585   509
 2215     576   506   585   509
 2216     515   585   509   518
 2217     585   576   509   579
 2218     585   509   518   588
 2219     509   585   579   588
 2220     576   585   586   579
 2221     577   576   586   579
 2222     585   586   579   588
 2223     586   577   579   580
 2224     586   579   588   589
 2225     579   586   580   589
 2226     577   586   587   580
 2227     578   577   587   580
 2228     586   587   580   589
 2229     587   578   580   581
 2230     587   580   589   590
 2231     580   587   581   590
 2232     512   521   591   515
 2233     582   512   591   515
 2234     521   591   515   524
 2235     591   582   515   585
 2236     591   515   524   594
 2237     515   591   585   594
 2238     582   591   592   585
 2239     583   582   592   585
 2240     591   592   585   594
 2241     592   583   585   586
 2242     592   585   594   595
 2243     585   592   586   595
 2244     583   592   593   586
 2245     584   583   593   586
 2246     592   593   586   595
 2247     593   584   586   587
 2248     593   586   595   596
 2249     586   593   587   596
 2250     515   524   594   518
 2251     585   515   594   518
 2252     524   594   518   527
 2253     594   585   518   588
 2254     594   518   527   597
 2255     518   594   588   597
 2256     585   594   595   588
 2257     586   585   595   588
 2258     594   595   588   597
 2259     595   586   588   589
 2260     595   588   597   598
 2261     588   595   589   598
 2262     586   595   596   589
 2263     587   586   596   589
 2264     595   596   589   598
 2265     596   587   589   590
 2266     596   589   598   599
 2267     589   596   590   599
 2268     521   460   528   524
 2269     591   521   528   524
 2270     460   528   524   466
 2271     528   591   524   594
 2272     528   524   466   534
 2273     524   528   594   534
 2274     591   528   530   594
 2275     592   591   530   594
 2276     528   530   594   534
 2277     530   592   594   595
 2278     530   594   534   536
 2279     594   530   595   536
 2280     592   530   532   595
 2281     593   592   532   595
 2282     530   532   595   536
 2283     532   593   595   596
 2284     532   595   536   538
 2285     595   532   596   538
 2286     524   466   534   527
 2287     594   524   534   527
 2288     466   534   527   472
 2289     534   594   527   597
 2290     534   527   472   540
 2291     527   534   597   540
 2292     594   534   536   597
 2293     595   594   536   597
 2294     534   536   597   540
 2295     536   595   597   598
 2296     536   597   540   542
 2297     597   536   598   542
 2298     595   536   538   598
 2299     596   595   538   598
 2300     536   538   598   542
 2301     538   596   598   599
 2302     538   598   542   544
 2303     598   538   599   544
 2304     532   533   601   538
 2305     600   532   601   538
 2306     533   601   538   539
 2307     601   600   538   606
 2308     601   538   539   607
 2309     538   601   606   607
 2310     600   601   603   606
 2311     602   600   603   606
 2312     601   603   606   607
 2313     603   602   606   608
 2314     603   606   607   609
 2315     606   603   608   609
 2316     602   603   605   608
 2317     604   602   605   608
 2318     603   605   608   609
 2319     605   604   608   610
 2320     605   608   609   611
 2321     608   605   610   611
 2322     538   539   607   544
 2323     606   538   607   544
 2324     539   607   544   545
 2325     607   606   544   612
 2326     607   544   545   613
 2327     544   607   612   613
 2328     606   607   609   612
 2329     608   606   609   612
 2330     607   609   612   613
 2331     609   608   612   614
 2332     609   612   613   615
 2333     612   609   614   615
 2334     608   609   611   614
 2335     610   608   611   614
 2336     609   611   614   615
 2337     611   610   614   616
 2338     611   614   615   617
 2339     614   611   616   617
 2340     533   548   618   539
 2341     601   533   618   539
 2342     548   618   539   551
 2343     618   601   539   607
 2344     618   539   551   621
 2345     539   618   607   621
 2346     601   618   619   607
 2347     603   601   619   607
 2348     618   619   607   621
 2349     619   603   607   609
 2350     619   607   621   622
 2351     607   619   609   622
 2352     603   619   620   609
 2353     605   603   620   609
 2354     619   620   609   622
 2355     620   605   609   611
 2356     620   609   622   623
 2357     609   620   611   623
 2358     539   551   621   545
 2359     607   539   621   545
 2360     551   621   545   554
 2361     621   607   545   613
 2362     621   545   554   624
 2363     545   621   613   624
 2364     607   621   622   613
 2365     609   607   622   613
 2366     621   622   613   624
 2367     622   609   613   615
 2368     622   613   624   625
 2369     613   622   615   625
 2370     609   622   623   615
 2371     611   609   623   615
 2372     622   623   615   625
 2373     623   611   615   617
 2374     623   615   625   626
 2375     615   623   617   626
 2376     548   557   627   551
 2377     618   548   627   551
 2378     557   627   551   560
 2379     627   618   551   621
 2380     627   551   560   630
 2381     551   627   621   630
 2382     618   627   628   621
 2383     619   618   628   621
 2384     627   628   621   630
 2385     628   619   621   622
 2386     628   621   630   631
 2387     621   628   622   631
 2388     619   628   629   622
 2389     620   619   629   622
 2390     628   629   622   631
 2391     629   620   622   623
 2392     629   622   631   632
 2393     622   629   623   632
 2394     551   560   630   554
 2395     621   551   630   554
 2396     560   630   554   563
 2397     630   621   554   624
 2398     630   554   563   633
 2399     554   630   624   633
 2400     621   630   631   624
 2401     622   621   631   624
 2402     630   631   624   633
 2403     631   622   624   625
 2404     631   624   633   634
 2405     624   631   625   634
 2406     622   631   632   625
 2407     623   622   632   625
 2408     631   632   625   634
 2409     632   623   625   626
 2410     632   625   634   635
 2411     625   632   626   635
 2412     557   566   636   560
 2413     627   557   636   560
 2414     566   636   560   569
 2415     636   627   560   630
 2416     636   560   569   639
 2417     560   636   630   639
 2418     627   636   637   630
 2419     628   627   637   630
 2420     636   637   630   639
 2421     637   628   630   631
 2422     637   630   639   640
 2423     630   637   631   640
 2424     628   637   638   631
 2425     629   628   638   631
 2426     637   638   631   640
 2427     638   629   631   632
 2428     638   631   640   641
 2429     631   638   632   641
 2430     560   569   639   563
 2431     630   560   639   563
 2432     569   639   563   572
 2433     639   630   563   633
 2434     639   563   572   642
 2435     563   639   633   642
 2436     630   639   640   633
 2437     631   630   640   633
 2438     639   640   633   642
 2439     640   631   633   634
 2440     640   633   642   643
 2441     633   640   634   643
 2442     631   640   641   634
 2443     632   631   641   634
 2444     640   641   634   643
 2445     641   632   634   635
 2446     641   634   643   644
 2447     634   641   635   644
 2448     566   575   645   569
 2449     636   566   645   569
 2450     575   645   569   578
 2451     645   636   569   639
 2452     645   569   578   648
 2453     569   645   639   648
 2454     636   645   646   639
 2455     637   636   646   639
 2456     645   646   639   648
 2457     646   637   639   640
 2458     646   639   648   649
 2459     639   646   640   649
 2460     637   646   647   640
 2461     638   637   647   640
 2462     646   647   640   649
 2463     647   638   640   641
 2464     647   640   649   650
 2465     640   647   641   650
 2466     569   578   648   572
 2467     639   569   648   572
 2468     578   648   572   581
 2469     648   639   572   642
 2470     648   572   581   651
 2471     572   648   642   651
 2472     639   648   649   642
 2473     640   639   649   642
 2474     648   649   642   651
 2475     649   640   642   643
 2476     649   642   651   652
 2477     642   649   643   652
 2478     640   649   650   643
 2479     641   640   650   643
 2480     649   650   643   652
 2481     650   641   643   644
 2482     650   643   652   653
 2483     643   650   644   653
 2484     575   584   654   578
 2485     645   575   654   578
 2486     584   654   578   587
 2487     654   645   578   648
 2488     654   578   587   657
 2489     578   654   648   657
 2490     645   654   655   648
 2491     646   645   655   648
 2492     654   655   648   657
 2493     655   646   648   649
 2494     655   648   657   658
 2495     648   655   649   658
 2496     646   655   656   649
 2497     647   646   656   649
 2498     655   656   649   658
 2499     656   647   649   650
 2500     656   649   658   659
 2501     649   656   650   659
 2502     578   587   657   581
 2503     648   578   657   581
 2504     587   657   581   590
 2505     657   648   581   651
 2506     657   581   590   660
 2507     581   657   651   660
 2508     648   657   658   651
 2509     649   648   658   651
 2510     657   658   651   660
 2511     658   649   651   652
 2512     658   651   660   661
 2513     651   658   652   661
 2514     649   658   659   652
 2515     650   649   659   652
 2516     658   659   652   661
 2517     659   650   652   653
 2518     659   652   661   662
 2519     652   659   653   662
 2520     584   593   663   587
 2521     654   584   663   587
 2522     593   663   587   596
 2523     663   654   587   657
 2524     663   587   596   666
 2525     587   663   657   666
 2526     654   663   664   657
 2527     655   654   664   657
 2528     663   664   657   666
 2529     664   655   657   658
 2530     664   657   666   667
 2531     657   664   658   667
 2532     655   664   665   658
 2533     656   655   665   658
 2534     664   665   658   667
 2535     665   656   658   659
 2536     665   658   667   668
 2537     658   665   659   668
 2538     587   596   666   590
 2539     657   587   666   590
 2540     596   666   590   599
 2541     666   657   590   660
 2542     666   590   599   669
 2543     590   666   660   669
 2544     657   666   667   660
 2545     658   657   667   660
 2546     666   667   660   669
 2547     667   658   660   661
 2548     667   660   669   670
 2549     660   667   661   670
 2550     658   667   668   661
 2551     659   658   668   661
 2552     667   668   661   670
 2553     668   659   661   662
 2554     668   661   670   671
 2555     661   668   662   671
 2556     593   532   600   596
 2557     663   593   600   596
 2558     532   600   596   538
 2559     600   663   596   666
 2560     600   596   538   606
 2561     596   600   666   606
 2562     663   600   602   666
 2563     664   663   602   666
 2564     600   602   666   606
 2565     602   664   666   667
 2566     602   666   606   608
 2567     666   602   667   608
 2568     664   602   604   667
 2569     665   664   604   667
 2570     602   604   667   608
 2571     604   665   667   668
 2572     604   667   608   610
 2573     667   604   668   610
 2574     596   538   606   599
 2575     666   596   606   599
 2576     538   606   599   544
 2577     606   666   599   669
 2578     606   599   544   612
 2579     599   606   669   612
 2580     666   606   608   669
 2581     667   666   608   669
 2582     606   608   669   612
 2583     608   667   669   670
 2584     608   669   612   614
 2585     669   608   670   614
 2586     667   608   610   670
 2587     668   667   610   670
 2588     608   610   670   614
 2589     610   668   670   671
 2590     610   670   614   616
 2591     670   610   671   616
 2592     604   605   673   610
 2593     672   604   673   610
 2594     605   673   610   611
 2595     673   672   610   678
 2596     673   610   611   679
 2597     610   673   678   679
 2598     672   673   675   678
 2599     674   672   675   678
 2600     673   675   678   679
 2601     675   674   678   680
 2602     675   678   679   681
 2603     678   675   680   681
 2604     674   675   677   680
 2605     676   674   677   680
 2606     675   677   680   681
 2607     677   676   680   682
 2608     677   680   681   683
 2609     680   677   682   683
 2610     610   611   679   616
 2611     678   610   679   616
 2612     611   679   616   617
 2613     679   678   616   684
 2614     679   616   617   685
 2615     616   679   684   685
 2616     678   679   681   684
 2617     680   678   681   684
 2618     679   681   684   685
 2619     681   680   684   686
 2620     681   684   685   687
 2621     684   681   686   687
 2622     680   681   683   686
 2623     682   680   683   686
 2624     681   683   686   687
 2625     683   682   686   688
 2626     683   686   687   689
 2627     686   683   688   689
 2628     605   620   690   611
 2629     673   605   690   611
 2630     620   690   611   623
 2631     690   673   611   679
 2632     690   611   623   693
 2633     611   690   679   693
 2634     673   690   691   679
 2635     675   673   691   679
 2636     690   691   679   693
 2637     691   675   679   681
 2638     691   679   693   694
 2639     679   691   681   694
 2640     675   691   692   681
 2641     677   675   692   681
 2642     691   692   681   694
 2643     692   677   681   683
 2644     692   681   694   695
 2645     681   692   683   695
 2646     611   623   693   617
 2647     679   611   693   617
 2648     623   693   617   626
 2649     693   679   617   685
 2650     693   617   626   696
 2651     617   693   685   696
 2652     679   693   694   685
 2653     681   679   694   685
 2654     693   694   685   696
 2655     694   681   685   687
 2656     694   685   696   697
 2657     685   694   687   697
 2658     681   694   695   687
 2659     683   681   695   687
 2660     694   695   687   697
 2661     695   683   687   689
 2662     695   687   697   698
 2663     687   695   689   698
 2664     620   629   699   623
 2665     690   620   699   623
 2666     629   699   623   632
 2667     699   690   623   693
 2668     699   623   632   702
 2669     623   699   693   702
 2670     690   699   700   693
 2671     691   690   700   693
 2672     699   700   693   702
 2673     700   691   693   694
 2674     700   693   702   703
 2675     693   700   694   703
 2676     691   700   701   694
 2677     692   691   701   694
 2678     700   701   694   703
 2679     701   692   694   695
 2680     701   694   703   704
 2681     694   701   695   704
 2682     623   632   702   626
 2683     693   623   702   626
 2684     632   702   626   635
 2685     702   693   626   696
 2686     702   626   635   705
 2687     626   702   696   705
 2688     693   702   703   696
 2689     694   693   703   696
 2690     702   703   696   705
 2691     703   694   696   697
 2692     703   696   705   706
 2693     696   703   697   706
 2694     694   703   704   697
 2695     695   694   704   697
 2696     703   704   697   706
 2697     704   695   697   698
 2698     704   697   706   707
 2699     697   704   698   707
 2700     629   638   708   632
 2701     699   629   708   632
 2702     638   708   632   641
 2703     708   699   632   702
 2704     708   632   641   711
 2705     632   708   702   711
 2706     699   708   709   702
 2707     700   699   709   702
 2708     708   709   702   711
 2709     709   700   702   703
 2710     709   702   711   712
 2711     702   709   703   712
 2712     700   709   710   703
 2713     701   700   710   703
 2714     709   710   703   712
 2715     710   701   703   704
 2716     710   703   712   713
 2717     703   710   704   713
 2718     632   641   711   635
 2719     702   632   711   635
 2720     641   711   635   644
 2721     711   702   635   705
 2722     711   635   644   714
 2723     635   711   705   714
 2724     702   711   712   705
 2725     703   702   712   705
 2726     711   712   705   714
 2727     712   703   705   706
 2728     712   705   714   715
 2729     705   712   706   715
 2730     703   712   713   706
 2731     704   703   713   706
 2732     712   713   706   715
 2733     713   704   706   707
 2734     713   706   715   716
 2735     706   713   707   716
 2736     638   647   717   641
 2737     708   638   717   641
 2738     647   717   641   650
 2739     717   708   641   711
 2740     717   641   650   720
 2741     641   717   711   720
 2742     708   717   718   711
 2743     709   708   718   711
 2744     717   718   711   720
 2745     718   709   711   712
 2746     718   711   720   721
 2747     711   718   712   721
 2748     709   718   719   712
 2749     710   709   719   712
 2750     718   719   712   721
 2751     719   710   712   713
 2752     719   712   721   722
 2753     712   719   713   722
 2754     641   650   720   644
 2755     711   641   720   644
 2756     650   720   644   653
 2757     720   711   644   714
 2758     720   644   653   723
 2759     644   720   714   723
 2760     711   720   721   714
 2761     712   711   721   714
 2762     720   721   714   723
 2763     721   712   714   715
 2764     721   714   723   724
 2765     714   721   715   724
 2766     712   721   722   715
 2767     713   712   722   715
 2768     721   722   715   724
 2769     722   713   715   716
 2770     722   715   724   725
 2771     715   722   716   725
 2772     647   656   726   650
 2773     717   647   726   650
 2774     656   726   650   659
 2775     726   717   650   720
 2776     726   650   659   729
 2777     650   726   720   729
 2778     717   726   727   720
 2779     718   717   727   720
 2780     726   727   720   729
 2781     727   718   720   721
 2782     727   720   729   730
 2783     720   727   721   730
 2784     718   727   728   721
 2785     719   718   728   721
 2786     727   728   721   730
 2787     728   719   721   722
 2788     728   721   730   731
 2789     721   728   722   731
 2790     650   659   729   653
 2791     720   650   729   653
 2792     659   729   653   662
 2793     729   720   653   723
 2794     729   653   662   732
 2795     653   729   723   732
 2796     720   729   730   723
 2797     721   720   730   723
 2798     729   730   723   732
 2799     730   721   723   724
 2800     730   723   732   733
 2801     723   730   724   733
 2802     721   730   731   724
 2803     722   721   731   724
 2804     730   731   724   733
 2805     731   722   724   725
 2806     731   724   733   734
 2807     724   731   725   734
 2808     656   665   735   659
 2809     726   656   735   659
 2810     665   735   659   668
 2811     735   726   659   729
 2812     735   659   668   738
 2813     659   735   729   738
 2814     726   735   736   729
 2815     727   726   736   729
 2816     735   736   729   738
 2817     736   727   729   730
 2818     736   729   738   739
 2819     729   736   730   739
 2820     727   736   737   730
 2821     728   727   737   730
 2822     736   737   730   739
 2823     737   728   730   731
 2824     737   730   739   740
 2825     730   737   731   740
 2826     659   668   738   662
 2827     729   659   738   662
 2828     668   738   662   671
 2829     738   729   662   732
 2830     738   662   671   741
 2831     662   738   732   741
 2832     729   738   739   732
 2833     730   729   739   732
 2834     738   739   732   741
 2835     739   730   732   733
 2836     739   732   741   742
 2837     732   739   733   742
 2838     730   739   740   733
 2839     731   730   740   733
 2840     739   740   733   742
 2841     740   731   733   734
 2842     740   733   742   743
 2843     733   740   734   743
 2844     665   604   672   668
 2845     735   665   672   668
 2846     604   672   668   610
 2847     672   735   668   738
 2848     672   668   610   678
 2849     668   672   738   678
 2850     735   672   674   738
 2851     736   735   674   738
 2852     672   674   738   678
 2853     674   736   738   739
 2854     674   738   678   680
 2855     738   674   739   680
 2856     736   674   676   739
 2857     737   736   676   739
 2858     674   676   739   680
 2859     676   737   739   740
 2860     676   739   680   682
 2861     739   676   740   682
 2862     668   610   678   671
 2863     738   668   678   671
 2864     610   678   671   616
 2865     678   738   671   741
 2866     678   671   616   684
 2867     671   678   741   684
 2868     738   678   680   741
 2869     739   738   680   741
 2870     678   680   741   684
 2871     680   739   741   742
 2872     680   741   684   686
 2873     741   680   742   686
 2874     739   680   682   742
 2875     740   739   682   742
 2876     680   682   742   686
 2877     682   740   742   743
 2878     682   742   686   688
 2879     742   682   743   688
 2880     744   745   747   752
 2881     746   744   747   752
 2882     745   747   752   753
 2883     747   746   752   754
 2884     747   752   753   755
 2885     752   747   754   755
 2886     746   747   749   754
 2887     748   746   749   754
 2888     747   749   754   755
 2889     749   748   754   756
 2890     749   754   755   757
 2891     754   749   756   757
 2892     748   749   751   756
 2893     750   748   751   756
 2894     749   751   756   757
 2895     751   750   756   758
 2896     751   756   757   759
 2897     756   751   758   759
 2898     752   753   755   760
 2899     754   752   755   760
 2900     753   755   760   761
 2901     755   754   760   762
 2902     755   760   761   763
 2903     760   755   762   763
 2904     754   755   757   762
 2905     756   754   757   762
 2906     755   757   762   763
 2907     757   756   762   764
 2908     757   762   763   765
 2909     762   757   764   765
 2910     756   757   759   764
 2911     758   756   759   764
 2912     757   759   764   765
 2913     759   758   764   766
 2914     759   764   765   767
 2915     764   759   766   767
 2916     745   768   769   753
 2917     747   745   769   753
 2918     768   769   753   772
 2919     769   747   753   755
 2920     769   753   772   773
 2921     753   769   755   773
 2922     747   769   770   755
 2923     749   747   770   755
 2924     769   770   755   773
 2925     770   749   755   757
 2926     770   755   773   774
 2927     755   770   757   774
 2928     749   770   771   757
 2929     751   749   771   757
 2930     770   771   757   774
 2931     771   751   757   759
 2932     771   757   774   775
 2933     757   771   759   775
 2934     753   772   773   761
 2935     755   753   773   761
 2936     772   773   761   776
 2937     773   755   761   763
 2938     773   761   776   777
 2939     761   773   763   777
 2940     755   773   774   763
 2941     757   755   774   763
 2942     773   774   763   777
 2943     774   757   763   765
 2944     774   763   777   778
 2945     763   774   765   778
 2946     757   774   775   765
 2947     759   757   775   765
 2948     774   775   765   778
 2949     775   759   765   767
 2950     775   765   778   779
 2951     765   775   767   779
 2952     768   780   781   772
 2953     769   768   781   772
 2954     780   781   772   784
 2955     781   769   772   773
 2956     781   772   784   785
 2957     772   781   773   785
 2958     769   781   782   773
 2959     770   769   782   773
 2960     781   782   773   785
 2961     782   770   773   774
 2962     782   773   785   786
 2963     773   782   774   786
 2964     770   782   783   774
 2965     771   770   783   774
 2966     782   783   774   786
 2967     783   771   774   775
 2968     783   774   786   787
 2969     774   783   775   787
 2970     772   784   785   776
 2971     773   772   785   776
 2972     784   785   776   788
 2973     785   773   776   777
 2974     785   776   788   789
 2975     776   785   777   789
 2976     773   785   786   777
 2977     774   773   786   777
 2978     785   786   777   789
 2979     786   774   777   778
 2980     786   777   789   790
 2981     777   786   778   790
 2982     774   786   787   778
 2983     775   774   787   778
 2984     786   787   778   790
 2985     787   775   778   779
 2986     787   778   790   791
 2987     778   787   779   791
 2988     780   792   793   784
 2989     781   780   793   784
 2990     792   793   784   796
 2991     793   781   784   785
 2992     793   784   796   797
 2993     784   793   785   797
 2994     781   793   794   785
 2995     782   781   794   785
 2996     793   794   785   797
 2997     794   782   785   786
 2998     794   785   797   798
 2999     785   794   786   798
 3000     782   794   795   786
 3001     783   782   795   786
 3002     794   795   786   798
 3003     795   783   786   787
 3004     795   786   798   799
 3005     786   795   787   799
 3006     784   796   797   788
 3007     785   784   797   788
 3008     796   797   788   800
 3009     797   785   788   789
 3010     797   788   800   801
 3011     788   797   789   801
 3012     785   797   798   789
 3013     786   785   798   789
 3014     797   798   789   801
 3015     798   786   789   790
 3016     798   789   801   802
 3017     789   798   790   802
 3018     786   798   799   790
 3019     787   786   799   790
 3020     798   799   790   802
 3021     799   787   790   791
 3022     799   790   802   803
 3023     790   799   791   803
 3024     792   804   805   796
 3025     793   792   805   796
 3026     804   805   796   808
 3027     805   793   796   797
 3028     805   796   808   809
 3029     796   805   797   809
 3030     793   805   806   797
 3031     794   793   806   797
 3032     805   806   797   809
 3033     806   794   797   798
 3034     806   797   809   810
 3035     797   806   798   810
 3036     794   806   807   798
 3037     795   794   807   798
 3038     806   807   798   810
 3039     807   795   798   799
 3040     807   798   810   811
 3041     798   807   799   811
 3042     796   808   809   800
 3043     797   796   809   800
 3044     808   809   800   812
 3045     809   797   800   801
 3046     809   800   812   813
 3047     800   809   801   813
 3048     797   809   810   801
 3049     798   797   810   801
 3050     809   810   801   813
 3051     810   798   801   802
 3052     810   801   813   814
 3053     801   810   802   814
 3054     798   810   811   802
 3055     799   798   811   802
 3056     810   811   802   814
 3057     811   799   802   803
 3058     811   802   814   815
 3059     802   811   803   815
 3060     804   816   817   808
 3061     805   804   817   808
 3062     816   817   808   820
 3063     817   805   808   809
 3064     817   808   820   821
 3065     808   817   809   821
 3066     805   817   818   809
 3067     806   805   818   809
 3068     817   818   809   821
 3069     818   806   809   810
 3070     818   809   821   822
 3071     809   818   810   822
 3072     806   818   819   810
 3073     807   806   819   810
 3074     818   819   810   822
 3075     819   807   810   811
 3076     819   810   822   823
 3077     810   819   811   823
 3078     808   820   821   812
 3079     809   808   821   812
 3080     820   821   812   824
 3081     821   809   812   813
 3082     821   812   824   825
 3083     812   821   813   825
 3084     809   821   822   813
 3085     810   809   822   813
 3086     821   822   813   825
 3087     822   810   813   814
 3088     822   813   825   826
 3089     813   822   814   826
 3090     810   822   823   814
 3091     811   810   823   814
 3092     822   823   814   826
 3093     823   811   814   815
 3094     823   814   826   827
 3095     814   823   815   827
 3096     816   828   829   820
 3097     817   816   829   820
 3098     828   829   820   832
 3099     829   817   820   821
 3100     829   820   832   833
 3101     820   829   821   833
 3102     817   829   830   821
 3103     818   817   830   821
 3104     829   830   821   833
 3105     830   818   821   822
 3106     830   821   833   834
 3107     821   830   822   834
 3108     818   830   831   822
 3109     819   818   831   822
 3110     830   831   822   834
 3111     831   819   822   823
 3112     831   822   834   835
 3113     822   831   823   835
 3114     820   832   833   824
 3115     821   820   833   824
 3116     832   833   824   836
 3117     833   821   824   825
 3118     833   824   836   837
 3119     824   833   825   837
 3120     821   833   834   825
 3121     822   821   834   825
 3122     833   834   825   837
 3123     834   822   825   826
 3124     834   825   837   838
 3125     825   834   826   838
 3126     822   834   835   826
 3127     823   822   835   826
 3128     834   835   826   838
 3129     835   823   826   827
 3130     835   826   838   839
 3131     826   835   827   839
 3132     828   744   746   832
 3133     829   828   746   832
 3134     744   746   832   752
 3135     746   829   832   833
 3136     746   832   752   754
 3137     832   746   833   754
 3138     829   746   748   833
 3139     830   829   748   833
 3140     746   748   833   754
 3141     748   830   833   834
 3142     748   833   754   756
 3143     833   748   834   756
 3144     830   748   750   834
 3145     831   830   750   834
 3146     748   750   834   756
 3147     750   831   834   835
 3148     750   834   756   758
 3149     834   750   835   758
 3150     832   752   754   836
 3151     833   832   754   836
 3152     752   754   836   760
 3153     754   833   836   837
 3154     754   836   760   762
 3155     836   754   837   762
 3156     833   754   756   837
 3157     834   833   756   837
 3158     754   756   837   762
 3159     756   834   837   838
 3160     756   837   762   764
 3161     837   756   838   764
 3162     834   756   758   838
 3163     835   834   758   838
 3164     756   758   838   764
 3165     758   835   838   839
 3166     758   838   764   766
 3167     838   758   839   766
 3168     750   751   841   758
 3169     840   750   841   758
 3170     751   841   758   759
 3171     841   840   758   846
 3172     841   758   759   847
 3173     758   841   846   847
 3174     840   841   843   846
 3175     842   840   843   846
 3176     841   843   846   847
 3177     843   842   846   848
 3178     843   846   847   849
 3179     846   843   848   849
 3180     842   843   845   848
 3181     844   842   845   848
 3182     843   845   848   849
 3183     845   844   848   850
 3184     845   848   849   851
 3185     848   845   850   851
 3186     758   759   847   766
 3187     846   758   847   766
 3188     759   847   766   767
 3189     847   846   766   852
 3190     847   766   767   853
 3191     766   847   852   853
 3192     846   847   849   852
 3193     848   846   849   852
 3194     847   849   852   853
 3195     849   848   852   854
 3196     849   852   853   855
 3197     852   849   854   855
 3198     848   849   851   854
 3199     850   848   851   854
 3200     849   851   854   855
 3201     851   850   854   856
 3202     851   854   855   857
 3203     854   851   856   857
 3204     751   771   858   759
 3205     841   751   858   759
 3206     771   858   759   775
 3207     858   841   759   847
 3208     858   759   775   861
 3209     759   858   847   861
 3210     841   858   859   847
 3211     843   841   859   847
 3212     858   859   847   861
 3213     859   843   847   849
 3214     859   847   861   862
 3215     847   859   849   862
 3216     843   859   860   849
 3217     845   843   860   849
 3218     859   860   849   862
 3219     860   845   849   851
 3220     860   849   862   863
 3221     849   860   851   863
 3222     759   775   861   767
 3223     847   759   861   767
 3224     775   861   767   779
 3225     861   847   767   853
 3226     861   767   779   864
 3227     767   861   853   864
 3228     847   861   862   853
 3229     849   847   862   853
 3230     861   862   853   864
 3231     862   849   853   855
 3232     862   853   864   865
 3233     853   862   855   865
 3234     849   862   863   855
 3235     851   849   863   855
 3236     862   863   855   865
 3237     863   851   855   857
 3238     863   855   865   866
 3239     855   863   857   866
 3240     771   783   867   775
 3241     858   771   867   775
 3242     783   867   775   787
 3243     867   858   775   861
 3244     867   775   787   870
 3245     775   867   861   870
 3246     858   867   868   861
 3247     859   858   868   861
 3248     867   868   861   870
 3249     868   859   861   862
 3250     868   861   870   871
 3251     861   868   862   871
 3252     859   868   869   862
 3253     860   859   869   862
 3254     868   869   862   871
 3255     869   860   862   863
 3256     869   862   871   872
 3257     862   869   863   872
 3258     775   787   870   779
 3259     861   775   870   779
 3260     787   870   779   791
 3261     870   861   779   864
 3262     870   779   791   873
 3263     779   870   864   873
 3264     861   870   871   864
 3265     862   861   871   864
 3266     870   871   864   873
 3267     871   862   864   865
 3268     871   864   873   874
 3269     864   871   865   874
 3270     862   871   872   865
 3271     863   862   872   865
 3272     871   872   865   874
 3273     872   863   865   866
 3274     872   865   874   875
 3275     865   872   866   875
 3276     783   795   876   787
 3277     867   783   876   787
 3278     795   876   787   799
 3279     876   867   787   870
 3280     876   787   799   879
 3281     787   876   870   879
 3282     867   876   877   870
 3283     868   867   877   870
 3284     876   877   870   879
 3285     877   868   870   871
 3286     877   870   879   880
 3287     870   877   871   880
 3288     868   877   878   871
 3289     869   868   878   871
 3290     877   878   871   880
 3291     878   869   871   872
 3292     878   871   880   881
 3293     871   878   872   881
 3294     787   799   879   791
 3295     870   787   879   791
 3296     799   879   791   803
 3297     879   870   791   873
 3298     879   791   803   882
 3299     791   879   873   882
 3300     870   879   880   873
 3301     871   870   880   873
 3302     879   880   873   882
 3303     880   871   873   874
 3304     880   873   882   883
 3305     873   880   874   883
 3306     871   880   881   874
 3307     872   871   881   874
 3308     880   881   874   883
 3309     881   872   874   875
 3310     881   874   883   884
 3311     874   881   875   884
 3312     795   807   885   799
 3313     876   795   885   799
 3314     807   885   799   811
 3315     885   876   799   879
 3316     885   799   811   888
 3317     799   885   879   888
 3318     876   885   886   879
 3319     877   876   886   879
 3320     885   886   879   888
 3321     886   877   879   880
 3322     886   879   888   889
 3323     879   886   880   889
 3324     877   886   887   880
 3325     878   877   887   880
 3326     886   887   880   889
 3327     887   878   880   881
 3328     887   880   889   890
 3329     880   887   881   890
 3330     799   811   888   803
 3331     879   799   888   803
 3332     811   888   803   815
 3333     888   879   803   882
 3334     888   803   815   891
 3335     803   888   882   891
 3336     879   888   889   882
 3337     880   879   889   882
 3338     888   889   882   891
 3339     889   880   882   883
 3340     889   882   891   892
 3341     882   889   883   892
 3342     880   889   890   883
 3343     881   880   890   883
 3344     889   890   883   892
 3345     890   881   883   884
 3346     890   883   892   893
 3347     883   890   884   893
 3348     807   819   894   811
 3349     885   807   894   811
 3350     819   894   811   823
 3351     894   885   811   888
 3352     894   811   823   897
 3353     811   894   888   897
 3354     885   894   895   888
 3355     886   885   895   888
 3356     894   895   888   897
 3357     895   886   888   889
 3358     895   888   897   898
 3359     888   895   889   898
 3360     886   895   896   889
 3361     887   886   896   889
 3362     895   896   889   898
 3363     896   887   889   890
 3364     896   889   898   899
 3365     889   896   890   899
 3366     811   823   897   815
 3367     888   811   897   815
 3368     823   897   815   827
 3369     897   888   815   891
 3370     897   815   827   900
 3371     815   897   891   900
 3372     888   897   898   891
 3373     889   888   898   891
 3374     897   898   891   900
 3375     898   889   891   892
 3376     898   891   900   901
 3377     891   898   892   901
 3378     889   898   899   892
 3379     890   889   899   892
 3380     898   899   892   901
 3381     899   890   892   893
 3382     899   892   901   902
 3383     892   899   893   902
 3384     819   831   903   823
 3385     894   819   903   823
 3386     831   903   823   835
 3387     903   894   823   897
 3388     903   823   835   906
 3389     823   903   897   906
 3390     894   903   904   897
 3391     895   894   904   897
 3392     903   904   897   906
 3393     904   895   897   898
 3394     904   897   906   907
 3395     897   904   898   907
 3396     895   904   905   898
 3397     896   895   905   898
 3398     904   905   898   907
 3399     905   896   898   899
 3400     905   898   907   908
 3401     898   905   899   908
 3402     823   835   906   827
 3403     897   823   906   827
 3404     835   906   827   839
 3405     906   897   827   900
 3406     906   827   839   909
 3407     827   906   900   909
 3408     897   906   907   900
 3409     898   897   907   900
 3410     906   907   900   909
 3411     907   898   900   901
 3412     907   900   909   910
 3413     900   907   901   910
 3414     898   907   908   901
 3415     899   898   908   901
 3416     907   908   901   910
 3417     908   899   901   902
 3418     908   901   910   911
 3419     901   908   902   911
 3420     831   750   840   835
 3421     903   831   840   835
 3422     750   840   835   758
 3423     840   903   835   906
 3424     840   835   758   846
 3425     835   840   906   846
 3426     903   840   842   906
 3427     904   903   842   906
 3428     840   842   906   846
 3429     842   904   906   907
 3430     842   906   846   848
 3431     906   842   907   848
 3432     904   842   844   907
 3433     905   904   844   907
 3434     842   844   907   848
 3435     844   905   907   908
 3436     844   907   848   850
 3437     907   844   908   850
 3438     835   758   846   839
 3439     906   835   846   839
 3440     758   846   839   766
 3441     846   906   839   909
 3442     846   839   766   852
 3443     839   846   909   852
 3444     906   846   848   909
 3445     907   906   848   909
 3446     846   848   909   852
 3447     848   907   909   910
 3448     848   909   852   854
 3449     909   848   910   854
 3450     907   848   850   910
 3451     908   907   850   910
 3452     848   850   910   854
 3453     850   908   910   911
 3454     850   910   854   856
 3455     910   850   911   856
 3456     844   845   913   850
 3457     912   844   913   850
 3458     845   913   850   851
 3459     913   912   850   918
 3460     913   850   851   919
 3461     850   913   918   919
 3462     912   913   915   918
 3463     914   912   915   918
 3464     913   915   918   919
 3465     915   914   918   920
 3466     915   918   919   921
 3467     918   915   920   921
 3468     914   915   917   920
 3469     916   914   917   920
 3470     915   917   920   921
 3471     917   916   920   922
 3472     917   920   921   923
 3473     920   917   922   923
 3474     850   851   919   856
 3475     918   850   919   856
 3476     851   919   856   857
 3477     919   918   856   924
 3478     919   856   857   925
 3479     856   919   924   925
 3480     918   919   921   924
 3481     920   918   921   924
 3482     919   921   924   925
 3483     921   920   924   926
 3484     921   924   925   927
 3485     924   921   926   927
 3486     920   921   923   926
 3487     922   920   923   926
 3488     921   923   926   927
 3489     923   922   926   928
 3490     923   926   927   929
 3491     926   923   928   929
 3492     845   860   930   851
 3493     913   845   930   851
 3494     860   930   851   863
 3495     930   913   851   919
 3496     930   851   863   933
 3497     851   930   919   933
 3498     913   930   931   919
 3499     915   913   931   919
 3500     930   931   919   933
 3501     931   915   919   921
 3502     931   919   933   934
 3503     919   931   921   934
 3504     915   931   932   921
 3505     917   915   932   921
 3506     931   932   921   934
 3507     932   917   921   923
 3508     932   921   934   935
 3509     921   932   923   935
 3510     851   863   933   857
 3511     919   851   933   857
 3512     863   933   857   866
 3513     933   919   857   925
 3514     933   857   866   936
 3515     857   933   925   936
 3516     919   933   934   925
 3517     921   919   934   925
 3518     933   934   925   936
 3519     934   921   925   927
 3520     934   925   936   937
 3521     925   934   927   937
 3522     921   934   935   927
 3523     923   921   935   927
 3524     934   935   927   937
 3525     935   923   927   929
 3526     935   927   937   938
 3527     927   935   929   938
 3528     860   869   939   863
 3529     930   860   939   863
 3530     869   939   863   872
 3531     939   930   863   933
 3532     939   863   872   942
 3533     863   939   933   942
 3534     930   939   940   933
 3535     931   930   940   933
 3536     939   940   933   942
 3537     940   931   933   934
 3538     940   933   942   943
 3539     933   940   934   943
 3540     931   940   941   934
 3541     932   931   941   934
 3542     940   941   934   943
 3543     941   932   934   935
 3544     941   934   943   944
 3545     934   941   935   944
 3546     863   872   942   866
 3547     933   863   942   866
 3548     872   942   866   875
 3549     942   933   866   936
 3550     942   866   875   945
 3551     866   942   936   945
 3552     933   942   943   936
 3553     934   933   943   936
 3554     942   943   936   945
 3555     943   934   936   937
 3556     943   936   945   946
 3557     936   943   937   946
 3558     934   943   944   937
 3559     935   934   944   937
 3560     943   944   937   946
 3561     944   935   937   938
 3562     944   937   946   947
 3563     937   944   938   947
 3564     869   878   948   872
 3565     939   869   948   872
 3566     878   948   872   881
 3567     948   939   872   942
 3568     948   872   881   951
 3569     872   948   942   951
 3570     939   948   949   942
 3571     940   939   949   942
 3572     948   949   942   951
 3573     949   940   942   943
 3574     949   942   951   952
 3575     942   949   943   952
 3576     940   949   950   943
 3577     941   940   950   943
 3578     949   950   943   952
 3579     950   941   943   944
 3580     950   943   952   953
 3581     943   950   944   953
 3582     872   881   951   875
 3583     942   872   951   875
 3584     881   951   875   884
 3585     951   942   875   945
 3586     951   875   884   954
 3587     875   951   945   954
 3588     942   951   952   945
 3589     943   942   952   945
 3590     951   952   945   954
 3591     952   943   945   946
 3592     952   945   954   955
 3593     945   952   946   955
 3594     943   952   953   946
 3595     944   943   953   946
 3596     952   953   946   955
 3597     953   944   946   947
 3598     953   946   955   956
 3599     946   953   947   956
 3600     878   887   957   881
 3601     948   878   957   881
 3602     887   957   881   890
 3603     957   948   881   951
 3604     957   881   890   960
 3605     881   957   951   960
 3606     948   957   958   951
 3607     949   948   958   951
 3608     957   958   951   960
 3609     958   949   951   952
 3610     958   951   960   961
 3611     951   958   952   961
 3612     949   958   959   952
 3613     950   949   959   952
 3614     958   959   952   961
 3615     959   950   952   953
 3616     959   952   961   962
 3617     952   959   953   962
 3618     881   890   960   884
 3619     951   881   960   884
 3620     890   960   884   893
 3621     960   951   884   954
 3622     960   884   893   963
 3623     884   960   954   963
 3624     951   960   961   954
 3625     952   951   961   954
 3626     960   961   954   963
 3627     961   952   954   955
 3628     961   954   963   964
 3629     954   961   955   964
 3630     952   961   962   955
 3631     953   952   962   955
 3632     961   962   955   964
 3633     962   953   955   956
 3634     962   955   964   965
 3635     955   962   956   965
 3636     887   896   966   890
 3637     957   887   966   890
 3638     896   966   890   899
 3639     966   957   890   960
 3640     966   890   899   969
 3641     890   966   960   969
 3642     957   966   967   960
 3643     958   957   967   960
 3644     966   967   960   969
 3645     967   958   960   961
 3646     967   960   969   970
 3647     960   967   961   970
 3648     958   967   968   961
 3649     959   958   968   961
 3650     967   968   961   970
 3651     968   959   961   962
 3652     968   961   970   971
 3653     961   968   962   971
 3654     890   899   969   893
 3655     960   890   969   893
 3656     899   969   893   902
 3657     969   960   893   963
 3658     969   893   902   972
 3659     893   969   963   972
 3660     960   969   970   963
 3661     961   960   970   963
 3662     969   970   963   972
 3663     970   961   963   964
 3664     970   963   972   973
 3665     963   970   964   973
 3666     961   970   971   964
 3667     962   961   971   964
 3668     970   971   964   973
 3669     971   962   964   965
 3670     971   964   973   974
 3671     964   971   965   974
 3672     896   905   975   899
 3673     966   896   975   899
 3674     905   975   899   908
 3675     975   966   899   969
 3676     975   899   908   978
 3677     899   975   969   978
 3678     966   975   976   969
 3679     967   966   976   969
 3680     975   976   969   978
 3681     976   967   969   970
 3682     976   969   978   979
 3683     969   976   970   979
 3684     967   976   977   970
 3685     968   967   977   970
 3686     976   977   970   979
 3687     977   968   970   971
 3688     977   970   979   980
 3689     970   977   971   980
 3690     899   908   978   902
 3691     969   899   978   902
 3692     908   978   902   911
 3693     978   969   902   972
 3694     978   902   911   981
 3695     902   978   972   981
 3696     969   978   979   972
 3697     970   969   979   972
 3698     978   979   972   981
 3699     979   970   972   973
 3700     979   972   981   982
 3701     972   979   973   982
 3702     970   979   980   973
 3703     971   970   980   973
 3704     979   980   973   982
 3705     980   971   973   974
 3706     980   973   982   983
 3707     973   980   974   983
 3708     905   844   912   908
 3709     975   905   912   908
 3710     844   912   908   850
 3711     912   975   908   978
 3712     912   908   850   918
 3713     908   912   978   918
 3714     975   912   914   978
 3715     976   975   914   978
 3716     912   914   978   918
 3717     914   976   978   979
 3718     914   978   918   920
 3719     978   914   979   920
 3720     976   914   916   979
 3721     977   976   916   979
 3722     914   916   979   920
 3723     916   977   979   980
 3724     916   979   920   922
 3725     979   916   980   922
 3726     908   850   918   911
 3727     978   908   918   911
 3728     850   918   911   856
 3729     918   978   911   981
 3730     918   911   856   924
 3731     911   918   981   924
 3732     978   918   920   981
 3733     979   978   920   981
 3734     918   920   981   924
 3735     920   979   981   982
 3736     920   981   924   926
 3737     981   920   982   926
 3738     979   920   922   982
 3739     980   979   922   982
 3740     920   922   982   926
 3741     922   980   982   983
 3742     922   982   926   928
 3743     982   922   983   928
 3744     916   917   985   922
 3745     984   916   985   922
 3746     917   985   922   923
 3747     985   984   922   990
 3748     985   922   923   991
 3749     922   985   990   991
 3750     984   985   987   990
 3751     986   984   987   990
 3752     985   987   990   991
 3753     987   986   990   992
 3754     987   990   991   993
 3755     990   987   992   993
 3756     986   987   989   992
 3757     988   986   989   992
 3758     987   989   992   993
 3759     989   988   992   994
 3760     989   992   993   995
 3761     992   989   994   995
 3762     922   923   991   928
 3763     990   922   991   928
 3764     923   991   928   929
 3765     991   990   928   996
 3766     991   928   929   997
 3767     928   991   996   997
 3768     990   991   993   996
 3769     992   990   993   996
 3770     991   993   996   997
 3771     993   992   996   998
 3772     993   996   997   999
 3773     996   993   998   999
 3774     992   993   995   998
 3775     994   992   995   998
 3776     993   995   998   999
 3777     995   994   998  1000
 3778     995   998   999  1001
 3779     998   995  1000  1001
 3780     917   932  1002   923
 3781     985   917  1002   923
 3782     932  1002   923   935
 3783    1002   985   923   991
 3784    1002   923   935  1005
 3785     923  1002   991  1005
 3786     985  1002  1003   991
 3787     987   985  1003   991
 3788    1002  1003   991  1005
 3789    1003   987   991   993
 3790    1003   991  1005  1006
 3791     991  1003   993  1006
 3792     987  1003  1004   993
 3793     989   987  1004   993
 3794    1003  1004   993  1006
 3795    1004   989   993   995
 3796    1004   993  1006  1007
 3797     993  1004   995  1007
 3798     923   935  1005   929
 3799     991   923  1005   929
 3800     935  1005   929   938
 3801    1005   991   929   997
 3802    1005   929   938  1008
 3803     929  1005   997  1008
 3804     991  1005  1006   997
 3805     993   991  1006   997
 3806    1005  1006   997  1008
 3807    1006   993   997   999
 3808    1006   997  1008  1009
 3809     997  1006   999  1009
 3810     993  1006  1007   999
 3811     995   993  1007   999
 3812    1006  1007   999  1009
 3813    1007   995   999  1001
 3814    1007   999  1009  1010
 3815     999  1007  1001  1010
 3816     932   941  1011   935
 3817    1002   932  1011   935
 3818     941  1011   935   944
 3819    1011  1002   935  1005
 3820    1011   935   944  1014
 3821     935  1011  1005  1014
 3822    1002  1011  1012  1005
 3823    1003  1002  1012  1005
 3824    1011  1012  1005  1014
 3825    1012  1003  1005  1006
 3826    1012  1005  1014  1015
 3827    1005  1012  1006  1015
 3828    1003  1012  1013  1006
 3829    1004  1003  1013  1006
 3830    1012  1013  1006  1015
 3831    1013  1004  1006  1007
 3832    1013  1006  1015  1016
 3833    1006  1013  1007  1016
 3834     935   944  1014   938
 3835    1005   935  1014   938
 3836     944  1014   938   947
 3837    1014  1005   938  1008
 3838    1014   938   947  1017
 3839     938  1014  1008  1017
 3840    1005  1014  1015  1008
 3841    1006  1005  1015  1008
 3842    1014  1015  1008  1017
 3843    1015  1006  1008  1009
 3844    1015  1008  1017  1018
 3845    1008  1015  1009  1018
 3846    1006  1015  1016  1009
 3847    1007  1006  1016  1009
 3848    1015  1016  1009  1018
 3849    1016  1007  1009  1010
 3850    1016  1009  1018  1019
 3851    1009  1016  1010  1019
 3852     941   950  1020   944
 3853    1011   941  1020   944
 3854     950  1020   944   953
 3855    1020  1011   944  1014
 3856    1020   944   953  1023
 3857     944  1020  1014  1023
 3858    1011  1020  1021  1014
 3859    1012  1011  1021  1014
 3860    1020  1021  1014  1023
 3861    1021  1012  1014  1015
 3862    1021  1014  1023  1024
 3863    1014  1021  1015  1024
 3864    1012  1021  1022  1015
 3865    1013  1012  1022  1015
 3866    1021  1022  1015  1024
 3867    1022  1013  1015  1016
 3868    1022  1015  1024  1025
 3869    1015  1022  1016  1025
 3870     944   953  1023   947
 3871    1014   944  1023   947
 3872     953  1023   947   956
 3873    1023  1014   947  1017
 3874    1023   947   956  1026
 3875     947  1023  1017  1026
 3876    1014  1023  1024  1017
 3877    1015  1014  1024  1017
 3878    1023  1024  1017  1026
 3879    1024  1015  1017  1018
 3880    1024  1017  1026  1027
 3881    1017  1024  1018  1027
 3882    1015  1024  1025  1018
 3883    1016  1015  1025  1018
 3884    1024  1025  1018  1027
 3885    1025  1016  1018  1019
 3886    1025  1018  1027  1028
 3887    1018  1025  1019  1028
 3888     950   959  1029   953
 3889    1020   950  1029   953
 3890     959  1029   953   962
 3891    1029  1020   953  1023
 3892    1029   953   962  1032
 3893     953  1029  1023  1032
 3894    1020  1029  1030  1023
 3895    1021  1020  1030  1023
 3896    1029  1030  1023  1032
 3897    1030  1021  1023  1024
 3898    1030  1023  1032  1033
 3899    1023  1030  1024  1033
 3900    1021  1030  1031  1024
 3901    1022  1021  1031  1024
 3902    1030  1031  1024  1033
 3903    1031  1022  1024  1025
 3904    1031  1024  1033  1034
 3905    1024  1031  1025  1034
 3906     953   962  1032   956
 3907    1023   953  1032   956
 3908     962  1032   956   965
 3909    1032  1023   956  1026
 3910    1032   956   965  1035
 3911     956  1032  1026  1035
 3912    1023  1032  1033  1026
 3913    1024  1023  1033  1026
 3914    1032  1033  1026  1035
 3915    1033  1024  1026  1027
 3916    1033  1026  1035  1036
 3917    1026  1033  1027  1036
 3918    1024  1033  1034  1027
 3919    1025  1024  1034  1027
 3920    1033  1034  1027  1036
 3921    1034  1025  1027  1028
 3922    1034  1027  1036  1037
 3923    1027  1034  1028  1037
 3924     959   968  1038   962
 3925    1029   959  1038   962
 3926     968  1038   962   971
 3927    1038  1029   962  1032
 3928    1038   962   971  1041
 3929     962  1038  1032  1041
 3930    1029  1038  1039  1032
 3931    1030  1029  1039  1032
 3932    1038  1039  1032  1041
 3933    1039  1030  1032  1033
 3934    1039  1032  1041  1042
 3935    1032  1039  1033  1042
 3936    1030  1039  1040  1033
 3937    1031  1030  1040  1033
 3938    1039  1040  1033  1042
 3939    1040  1031  1033  1034
 3940    1040  1033  1042  1043
 3941    1033  1040  1034  1043
 3942     962   971  1041   965
 3943    1032   962  1041   965
 3944     971  1041   965   974
 3945    1041  1032   965  1035
 3946    1041   965   974  1044
 3947     965  1041  1035  1044
 3948    1032  1041  1042  1035
 3949    1033  1032  1042  1035
 3950    1041  1042  1035  1044
 3951    1042  1033  1035  1036
 3952    1042  1035  1044  1045
 3953    1035  1042  1036  1045
 3954    1033  1042  1043  1036
 3955    1034  1033  1043  1036
 3956    1042  1043  1036  1045
 3957    1043  1034  1036  1037
 3958    1043  1036  1045  1046
 3959    1036  1043  1037  1046
 3960     968   977  1047   971
 3961    1038   968  1047   971
 3962     977  1047   971   980
 3963    1047  1038   971  1041
 3964    1047   971   980  1050
 3965     971  1047  1041  1050
 3966    1038  1047  1048  1041
 3967    1039  1038  1048  1041
 3968    1047  1048  1041  1050
 3969    1048  1039  1041  1042
 3970    1048  1041  1050  1051
 3971    1041  1048  1042  1051
 3972    1039  1048  1049  1042
 3973    1040  1039  1049  1042
 3974    1048  1049  1042  1051
 3975    1049  1040  1042  1043
 3976    1049  1042  1051  1052
 3977    1042  1049  1043  1052
 3978     971   980  1050   974
 3979    1041   971  1050   974
 3980     980  1050   974   983
 3981    1050  1041   974  1044
 3982    1050   974   983  1053
 3983     974  1050  1044  1053
 3984    1041  1050  1051  1044
 3985    1042  1041  1051  1044
 3986    1050  1051  1044  1053
 3987    1051  1042  1044  1045
 3988    1051  1044  1053  1054
 3989    1044  1051  1045  1054
 3990    1042  1051  1052  1045
 3991    1043  1042  1052  1045
 3992    1051  1052  1045  1054
 3993    1052  1043  1045  1046
 3994    1052  1045  1054  1055
 3995    1045  1052  1046  1055
 3996     977   916   984   980
 3997    1047   977   984   980
 3998     916   984   980   922
 3999     984  1047   980  1050
 4000     984   980   922   990
 4001     980   984  1050   990
 4002    1047   984   986  1050
 4003    1048  1047   986  1050
 4004     984   986  1050   990
 4005     986  1048  1050  1051
 4006     986  1050   990   992
 4007    1050   986  1051   992
 4008    1048   986   988  1051
 4009    1049  1048   988  1051
 4010     986   988  1051   992
 4011     988  1049  1051  1052
 4012     988  1051   992   994
 4013    1051   988  1052   994
 4014     980   922   990   983
 4015    1050   980   990   983
 4016     922   990   983   928
 4017     990  1050   983  1053
 4018     990   983   928   996
 4019     983   990  1053   996
 4020    1050   990   992  1053
 4021    1051  1050   992  1053
 4022     990   992  1053   996
 4023     992  1051  1053  1054
 4024     992  1053   996   998
 4025    1053   992  1054   998
 4026    1051   992   994  1054
 4027    1052  1051   994  1054
 4028     992   994  1054   998
 4029     994  1052  1054  1055
 4030     994  1054   998  1000
 4031    1054   994  1055  1000
 4032     988   989  1057   994
 4033    1056   988  1057   994
 4034     989  1057   994   995
 4035    1057  1056   994  1062
 4036    1057   994   995  1063
 4037     994  1057  1062  1063
 4038    1056  1057  1059  1062
 4039    1058  1056  1059  1062
 4040    1057  1059  1062  1063
 4041    1059  1058  1062  1064
 4042    1059  1062  1063  1065
 4043    1062  1059  1064  1065
 4044    1058  1059  1061  1064
 4045    1060  1058  1061  1064
 4046    1059  1061  1064  1065
 4047    1061  1060  1064  1066
 4048    1061  1064  1065  1067
 4049    1064  1061  1066  1067
 4050     994   995  1063  1000
 4051    1062   994  1063  1000
 4052     995  1063  1000  1001
 4053    1063  1062  1000  1068
 4054    1063  1000  1001  1069
 4055    1000  1063  1068  1069
 4056    1062  1063  1065  1068
 4057    1064  1062  1065  1068
 4058    1063  1065  1068  1069
 4059    1065  1064  1068  1070
 4060    1065  1068  1069  1071
 4061    1068  1065  1070  1071
 4062    1064  1065  1067  1070
 4063    1066  1064  1067  1070
 4064    1065  1067  1070  1071
 4065    1067  1066  1070  1072
 4066    1067  1070  1071  1073
 4067    1070  1067  1072  1073
 4068     989  1004  1074   995
 4069    1057   989  1074   995
 4070    1004  1074   995  1007
 4071    1074  1057   995  1063
 4072    1074   995  1007  1077
 4073     995  1074  1063  1077
 4074    1057  1074  1075  1063
 4075    1059  1057  1075  1063
 4076    1074  1075  1063  1077
 4077    1075  1059  1063  1065
 4078    1075  1063  1077  1078
 4079    1063  1075  1065  1078
 4080    1059  1075  1076  1065
 4081    1061  1059  1076  1065
 4082    1075  1076  1065  1078
 4083    1076  1061  1065  1067
 4084    1076  1065  1078  1079
 4085    1065  1076  1067  1079
 4086     995  1007  1077  1001
 4087    1063   995  1077  1001
 4088    1007  1077  1001  1010
 4089    1077  1063  1001  1069
 4090    1077  1001  1010  1080
 4091    1001  1077  1069  1080
 4092    1063  1077  1078  1069
 4093    1065  1063  1078  1069
 4094    1077  1078  1069  1080
 4095    1078  1065  1069  1071
 4096    1078  1069  1080  1081
 4097    1069  1078  1071  1081
 4098    1065  1078  1079  1071
 4099    1067  1065  1079  1071
 4100    1078  1079  1071  1081
 4101    1079  1067  1071  1073
 4102    1079  1071  1081  1082
 4103    1071  1079  1073  1082
 4104    1004  1013  1083  1007
 4105    1074  1004  1083  1007
 4106    1013  1083  1007  1016
 4107    1083  1074  1007  1077
 4108    1083  1007  1016  1086
 4109    1007  1083  1077  1086
 4110    1074  1083  1084  1077
 4111    1075  1074  1084  1077
 4112    1083  1084  1077  1086
 4113    1084  1075  1077  1078
 4114    1084  1077  1086  1087
 4115    1077  1084  1078  1087
 4116    1075  1084  1085  1078
 4117    1076  1075  1085  1078
 4118    1084  1085  1078  1087
 4119    1085  1076  1078  1079
 4120    1085  1078  1087  1088
 4121    1078  1085  1079  1088
 4122    1007  1016  1086  1010
 4123    1077  1007  1086  1010
 4124    1016  1086  1010  1019
 4125    1086  1077  1010  1080
 4126    1086  1010  1019  1089
 4127    1010  1086  1080  1089
 4128    1077  1086  1087  1080
 4129    1078  1077  1087  1080
 4130    1086  1087  1080  1089
 4131    1087  1078  1080  1081
 4132    1087  1080  1089  1090
 4133    1080  1087  1081  1090
 4134    1078  1087  1088  1081
 4135    1079  1078  1088  1081
 4136    1087  1088  1081  1090
 4137    1088  1079  1081  1082
 4138    1088  1081  1090  1091
 4139    1081  1088  1082  1091
 4140    1013  1022  1092  1016
 4141    1083  1013  1092  1016
 4142    1022  1092  1016  1025
 4143    1092  1083  1016  1086
 4144    1092  1016  1025  1095
 4145    1016  1092  1086  1095
 4146    1083  1092  1093  1086
 4147    1084  1083  1093  1086
 4148    1092  1093  1086  1095
 4149    1093  1084  1086  1087
 4150    1093  1086  1095  1096
 4151    1086  1093  1087  1096
 4152    1084  1093  1094  1087
 4153    1085  1084  1094  1087
 4154    1093  1094  1087  1096
 4155    1094  1085  1087  1088
 4156    1094  1087  1096  1097
 4157    1087  1094  1088  1097
 4158    1016  1025  1095  1019
 4159    1086  1016  1095  1019
 4160    1025  1095  1019  1028
 4161    1095  1086  1019  1089
 4162    1095  1019  1028  1098
 4163    1019  1095  1089  1098
 4164    1086  1095  1096  1089
 4165    1087  1086  1096  1089
 4166    1095  1096  1089  1098
 4167    1096  1087  1089  1090
 4168    1096  1089  1098  1099
 4169    1089  1096  1090  1099
 4170    1087  1096  1097  1090
 4171    1088  1087  1097  1090
 4172    1096  1097  1090  1099
 4173    1097  1088  1090  1091
 4174    1097  1090  1099  1100
 4175    1090  1097  1091  1100
 4176    1022  1031  1101  1025
 4177    1092  1022  1101  1025
 4178    1031  1101  1025  1034
 4179    1101  1092  1025  1095
 4180    1101  1025  1034  1104
 4181    1025  1101  1095  1104
 4182    1092  1101  1102  1095
 4183    1093  1092  1102  1095
 4184    1101  1102  1095  1104
 4185    1102  1093  1095  1096
 4186    1102  1095  1104  1105
 4187    1095  1102  1096  1105
 4188    1093  1102  1103  1096
 4189    1094  1093  1103  1096
 4190    1102  1103  1096  1105
 4191    1103  1094  1096  1097
 4192    1103  1096  1105  1106
 4193    1096  1103  1097  1106
 4194    1025  1034  1104  1028
 4195    1095  1025  1104  1028
 4196    1034  1104  1028  1037
 4197    1104  1095  1028  1098
 4198    1104  1028  1037  1107
 4199    1028  1104  1098  1107
 4200    1095  1104  1105  1098
 4201    1096  1095  1105  1098
 4202    1104  1105  1098  1107
 4203    1105  1096  1098  1099
 4204    1105  1098  1107  1108
 4205    1098  1105  1099  1108
 4206    1096  1105  1106  1099
 4207    1097  1096  1106  1099
 4208    1105  1106  1099  1108
 4209    1106  1097  1099  1100
 4210    1106  1099  1108  1109
 4211    1099  1106  1100  1109
 4212    1031  1040  1110  1034
 4213    1101  1031  1110  1034
 4214    1040  1110  1034  1043
 4215    1110  1101  1034  1104
 4216    1110  1034  1043  1113
 4217    1034  1110  1104  1113
 4218    1101  1110  1111  1104
 4219    1102  1101  1111  1104
 4220    1110  1111  1104  1113
 4221    1111  1102  1104  1105
 4222    1111  1104  1113  1114
 4223    1104  1111  1105  1114
 4224    1102  1111  1112  1105
 4225    1103  1102  1112  1105
 4226    1111  1112  1105  1114
 4227    1112  1103  1105  1106
 4228    1112  1105  1114  1115
 4229    1105  1112  1106  1115
 4230    1034  1043  1113  1037
 4231    1104  1034  1113  1037
 4232    1043  1113  1037  1046
 4233    1113  1104  1037  1107
 4234    1113  1037  1046  1116
 4235    1037  1113  1107  1116
 4236    1104  1113  1114  1107
 4237    1105  1104  1114  1107
 4238    1113  1114  1107  1116
 4239    1114  1105  1107  1108
 4240    1114  1107  1116  1117
 4241    1107  1114  1108  1117
 4242    1105  1114  1115  1108
 4243    1106  1105  1115  1108
 4244    1114  1115  1108  1117
 4245    1115  1106  1108  1109
 4246    1115  1108  1117  1118
 4247    1108  1115  1109  1118
 4248    1040  1049  1119  1043
 4249    1110  1040  1119  1043
 4250    1049  1119  1043  1052
 4251    1119  1110  1043  1113
 4252    1119  1043  1052  1122
 4253    1043  1119  1113  1122
 4254    1110  1119  1120  1113
 4255    1111  1110  1120  1113
 4256    1119  1120  1113  1122
 4257    1120  1111  1113  1114
 4258    1120  1113  1122  1123
 4259    1113  1120  1114  1123
 4260    1111  1120  1121  1114
 4261    1112  1111  1121  1114
 4262    1120  1121  1114  1123
 4263    1121  1112  1114  1115
 4264    1121  1114  1123  1124
 4265    1114  1121  1115  1124
 4266    1043  1052  1122  1046
 4267    1113  1043  1122  1046
 4268    1052  1122  1046  1055
 4269    1122  1113  1046  1116
 4270    1122  1046  1055  1125
 4271    1046  1122  1116  1125
 4272    1113  1122  1123  1116
 4273    1114  1113  1123  1116
 4274    1122  1123  1116  1125
 4275    1123  1114  1116  1117
 4276    1123  1116  1125  1126
 4277    1116  1123  1117  1126
 4278    1114  1123  1124  1117
 4279    1115  1114  1124  1117
 4280    1123  1124  1117  1126
 4281    1124  1115  1117  1118
 4282    1124  1117  1126  1127
 4283    1117  1124  1118  1127
 4284    1049   988  1056  1052
 4285    1119  1049  1056  1052
 4286     988  1056  1052   994
 4287    1056  1119  1052  1122
 4288    1056  1052   994  1062
 4289    1052  1056  1122  1062
 4290    1119  1056  1058  1122
 4291    1120  1119  1058  1122
 4292    1056  1058  1122  1062
 4293    1058  1120  1122  1123
 4294    1058  1122  1062  1064
 4295    1122  1058  1123  1064
 4296    1120  1058  1060  1123
 4297    1121  1120  1060  1123
 4298    1058  1060  1123  1064
 4299    1060  1121  1123  1124
 4300    1060  1123  1064  1066
 4301    1123  1060  1124  1066
 4302    1052   994  1062  1055
 4303    1122  1052  1062  1055
 4304     994  1062  1055  1000
 4305    1062  1122  1055  1125
 4306    1062  1055  1000  1068
 4307    1055  1062  1125  1068
 4308    1122  1062  1064  1125
 4309    1123  1122  1064  1125
 4310    1062  1064  1125  1068
 4311    1064  1123  1125  1126
 4312    1064  1125  1068  1070
 4313    1125  1064  1126  1070
 4314    1123  1064  1066  1126
 4315    1124  1123  1066  1126
 4316    1064  1066  1126  1070
 4317    1066  1124  1126  1127
 4318    1066  1126  1070  1072
 4319    1126  1066  1127  1072
 4320    1060  1061  1129  1066
 4321    1128  1060  1129  1066
 4322    1061  1129  1066  1067
 4323    1129  1128  1066  1134
 4324    1129  1066  1067  1135
 4325    1066  1129  1134  1135
 4326    1128  1129  1131  1134
 4327    1130  1128  1131  1134
 4328    1129  1131  1134  1135
 4329    1131  1130  1134  1136
 4330    1131  1134  1135  1137
 4331    1134  1131  1136  1137
 4332    1130  1131  1133  1136
 4333    1132  1130  1133  1136
 4334    1131  1133  1136  1137
 4335    1133  1132  1136  1138
 4336    1133  1136  1137  1139
 4337    1136  1133  1138  1139
 4338    1066  1067  1135  1072
 4339    1134  1066  1135  1072
 4340    1067  1135  1072  1073
 4341    1135  1134  1072  1140
 4342    1135  1072  1073  1141
 4343    1072  1135  1140  1141
 4344    1134  1135  1137  1140
 4345    1136  1134  1137  1140
 4346    1135  1137  1140  1141
 4347    1137  1136  1140  1142
 4348    1137  1140  1141  1143
 4349    1140  1137  1142  1143
 4350    1136  1137  1139  1142
 4351    1138  1136  1139  1142
 4352    1137  1139  1142  1143
 4353    1139  1138  1142  1144
 4354    1139  1142  1143  1145
 4355    1142  1139  1144  1145
 4356    1061  1076  1146  1067
 4357    1129  1061  1146  1067
 4358    1076  1146  1067  1079
 4359    1146  1129  1067  1135
 4360    1146  1067  1079  1149
 4361    1067  1146  1135  1149
 4362    1129  1146  1147  1135
 4363    1131  1129  1147  1135
 4364    1146  1147  1135  1149
 4365    1147  1131  1135  1137
 4366    1147  1135  1149  1150
 4367    1135  1147  1137  1150
 4368    1131  1147  1148  1137
 4369    1133  1131  1148  1137
 4370    1147  1148  1137  1150
 4371    1148  1133  1137  1139
 4372    1148  1137  1150  1151
 4373    1137  1148  1139  1151
 4374    1067  1079  1149  1073
 4375    1135  1067  1149  1073
 4376    1079  1149  1073  1082
 4377    1149  1135  1073  1141
 4378    1149  1073  1082  1152
 4379    1073  1149  1141  1152
 4380    1135  1149  1150  1141
 4381    1137  1135  1150  1141
 4382    1149  1150  1141  1152
 4383    1150  1137  1141  1143
 4384    1150  1141  1152  1153
 4385    1141  1150  1143  1153
 4386    1137  1150  1151  1143
 4387    1139  1137  1151  1143
 4388    1150  1151  1143  1153
 4389    1151  1139  1143  1145
 4390    1151  1143  1153  1154
 4391    1143  1151  1145  1154
 4392    1076  1085  1155  1079
 4393    1146  1076  1155  1079
 4394    1085  1155  1079  1088
 4395    1155  1146  1079  1149
 4396    1155  1079  1088  1158
 4397    1079  1155  1149  1158
 4398    1146  1155  1156  1149
 4399    1147  1146  1156  1149
 4400    1155  1156  1149  1158
 4401    1156  1147  1149  1150
 4402    1156  1149  1158  1159
 4403    1149  1156  1150  1159
 4404    1147  1156  1157  1150
 4405    1148  1147  1157  1150
 4406    1156  1157  1150  1159
 4407    1157  1148  1150  1151
 4408    1157  1150  1159  1160
 4409    1150  1157  1151  1160
 4410    1079  1088  1158  1082
 4411    1149  1079  1158  1082
 4412    1088  1158  1082  1091
 4413    1158  1149  1082  1152
 4414    1158  1082  1091  1161
 4415    1082  1158  1152  1161
 4416    1149  1158  1159  1152
 4417    1150  1149  1159  1152
 4418    1158  1159  1152  1161
 4419    1159  1150  1152  1153
 4420    1159  1152  1161  1162
 4421    1152  1159  1153  1162
 4422    1150  1159  1160  1153
 4423    1151  1150  1160  1153
 4424    1159  1160  1153  1162
 4425    1160  1151  1153  1154
 4426    1160  1153  1162  1163
 4427    1153  1160  1154  1163
 4428    1085  1094  1164  1088
 4429    1155  1085  1164  1088
 4430    1094  1164  1088  1097
 4431    1164  1155  1088  1158
 4432    1164  1088  1097  1167
 4433    1088  1164  1158  1167
 4434    1155  1164  1165  1158
 4435    1156  1155  1165  1158
 4436    1164  1165  1158  1167
 4437    1165  1156  1158  1159
 4438    1165  1158  1167  1168
 4439    1158  1165  1159  1168
 4440    1156  1165  1166  1159
 4441    1157  1156  1166  1159
 4442    1165  1166  1159  1168
 4443    1166  1157  1159  1160
 4444    1166  1159  1168  1169
 4445    1159  1166  1160  1169
 4446    1088  1097  1167  1091
 4447    1158  1088  1167  1091
 4448    1097  1167  1091  1100
 4449    1167  1158  1091  1161
 4450    1167  1091  1100  1170
 4451    1091  1167  1161  1170
 4452    1158  1167  1168  1161
 4453    1159  1158  1168  1161
 4454    1167  1168  1161  1170
 4455    1168  1159  1161  1162
 4456    1168  1161  1170  1171
 4457    1161  1168  1162  1171
 4458    1159  1168  1169  1162
 4459    1160  1159  1169  1162
 4460    1168  1169  1162  1171
 4461    1169  1160  1162  1163
 4462    1169  1162  1171  1172
 4463    1162  1169  1163  1172
 4464    1094  1103  1173  1097
 4465    1164  1094  1173  1097
 4466    1103  1173  1097  1106
 4467    1173  1164  1097  1167
 4468    1173  1097  1106  1176
 4469    1097  1173  1167  1176
 4470    1164  1173  1174  1167
 4471    1165  1164  1174  1167
 4472    1173  1174  1167  1176
 4473    1174  1165  1167  1168
 4474    1174  1167  1176  1177
 4475    1167  1174  1168  1177
 4476    1165  1174  1175  1168
 4477    1166  1165  1175  1168
 4478    1174  1175  1168  1177
 4479    1175  1166  1168  1169
 4480    1175  1168  1177  1178
 4481    1168  1175  1169  1178
 4482    1097  1106  1176  1100
 4483    1167  1097  1176  1100
 4484    1106  1176  1100  1109
 4485    1176  1167  1100  1170
 4486    1176  1100  1109  1179
 4487    1100  1176  1170  1179
 4488    1167  1176  1177  1170
 4489    1168  1167  1177  1170
 4490    1176  1177  1170  1179
 4491    1177  1168  1170  1171
 4492    1177  1170  1179  1180
 4493    1170  1177  1171  1180
 4494    1168  1177  1178  1171
 4495    1169  1168  1178  1171
 4496    1177  1178  1171  1180
 4497    1178  1169  1171  1172
 4498    1178  1171  1180  1181
 4499    1171  1178  1172  1181
 4500    1103  1112  1182  1106
 4501    1173  1103  1182  1106
 4502    1112  1182  1106  1115
 4503    1182  1173  1106  1176
 4504    1182  1106  1115  1185
 4505    1106  1182  1176  1185
 4506    1173  1182  1183  1176
 4507    1174  1173  1183  1176
 4508    1182  1183  1176  1185
 4509    1183  1174  1176  1177
 4510    1183  1176  1185  1186
 4511    1176  1183  1177  1186
 4512    1174  1183  1184  1177
 4513    1175  1174  1184  1177
 4514    1183  1184  1177  1186
 4515    1184  1175  1177  1178
 4516    1184  1177  1186  1187
 4517    1177  1184  1178  1187
 4518    1106  1115  1185  1109
 4519    1176  1106  1185  1109
 4520    1115  1185  1109  1118
 4521    1185  1176  1109  1179
 4522    1185  1109  1118  1188
 4523    1109  1185  1179  1188
 4524    1176  1185  1186  1179
 4525    1177  1176  1186  1179
 4526    1185  1186  1179  1188
 4527    1186  1177  1179  1180
 4528    1186  1179  1188  1189
 4529    1179  1186  1180  1189
 4530    1177  1186  1187  1180
 4531    1178  1177  1187  1180
 4532    1186  1187  1180  1189
 4533    1187  1178  1180  1181
 4534    1187  1180  1189  1190
 4535    1180  1187  1181  1190
 4536    1112  1121  1191  1115
 4537    1182  1112  1191  1115
 4538    1121  1191  1115  1124
 4539    1191  1182  1115  1185
 4540    1191  1115  1124  1194
 4541    1115  1191  1185  1194
 4542    1182  1191  1192  1185
 4543    1183  1182  1192  1185
 4544    1191  1192  1185  1194
 4545    1192  1183  1185  1186
 4546    1192  1185  1194  1195
 4547    1185  1192  1186  1195
 4548    1183  1192  1193  1186
 4549    1184  1183  1193  1186
 4550    1192  1193  1186  1195
 4551    1193  1184  1186  1187
 4552    1193  1186  1195  1196
 4553    1186  1193  1187  1196
 4554    1115  1124  1194  1118
 4555    1185  1115  1194  1118
 4556    1124  1194  1118  1127
 4557    1194  1185  1118  1188
 4558    1194  1118  1127  1197
 4559    1118  1194  1188  1197
 4560    1185  1194  1195  1188
 4561    1186  1185  1195  1188
 4562    1194  1195  1188  1197
 4563    1195  1186  1188  1189
 4564    1195  1188  1197  1198
 4565    1188  1195  1189  1198
 4566    1186  1195  1196  1189
 4567    1187  1186  1196  1189
 4568    1195  1196  1189  1198
 4569    1196  1187  1189  1190
 4570    1196  1189  1198  1199
 4571    1189  1196  1190  1199
 4572    1121  1060  1128  1124
 4573    1191  1121  1128  1124
 4574    1060  1128  1124  1066
 4575    1128  1191  1124  1194
 4576    1128  1124  1066  1134
 4577    1124  1128  1194  1134
 4578    1191  1128  1130  1194
 4579    1192  1191  1130  1194
 4580    1128  1130  1194  1134
 4581    1130  1192  1194  1195
 4582    1130  1194  1134  1136
 4583    1194  1130  1195  1136
 4584    1192  1130  1132  1195
 4585    1193  1192  1132  1195
 4586    1130  1132  1195  1136
 4587    1132  1193  1195  1196
 4588    1132  1195  1136  1138
 4589    1195  1132  1196  1138
 4590    1124  1066  1134  1127
 4591    1194  1124  1134  1127
 4592    1066  1134  1127  1072
 4593    1134  1194  1127  1197
 4594    1134  1127  1072  1140
 4595    1127  1134  1197  1140
 4596    1194  1134  1136  1197
 4597    1195  1194  1136  1197
 4598    1134  1136  1197  1140
 4599    1136  1195  1197  1198
 4600    1136  1197  1140  1142
 4601    1197  1136  1198  1142
 4602    1195  1136  1138  1198
 4603    1196  1195  1138  1198
 4604    1136  1138  1198  1142
 4605    1138  1196  1198  1199
 4606    1138  1198  1142  1144
 4607    1198  1138  1199  1144
 4608    1132  1133  1201  1138
 4609    1200  1132  1201  1138
 4610    1133  1201  1138  1139
 4611    1201  1200  1138  1206
 4612    1201  1138  1139  1207
 4613    1138  1201  1206  1207
 4614    1200  1201  1203  1206
 4615    1202  1200  1203  1206
 4616    1201  1203  1206  1207
 4617    1203  1202  1206  1208
 4618    1203  1206  1207  1209
 4619    1206  1203  1208  1209
 4620    1202  1203  1205  1208
 4621    1204  1202  1205  1208
 4622    1203  1205  1208  1209
 4623    1205  1204  1208  1210
 4624    1205  1208  1209  1211
 4625    1208  1205  1210  1211
 4626    1138  1139  1207  1144
 4627    1206  1138  1207  1144
 4628    1139  1207  1144  1145
 4629    1207  1206  1144  1212
 4630    1207  1144  1145  1213
 4631    1144  1207  1212  1213
 4632    1206  1207  1209  1212
 4633    1208  1206  1209  1212
 4634    1207  1209  1212  1213
 4635    1209  1208  1212  1214
 4636    1209  1212  1213  1215
 4637    1212  1209  1214  1215
 4638    1208  1209  1211  1214
 4639    1210  1208  1211  1214
 4640    1209  1211  1214  1215
 4641    1211  1210  1214  1216
 4642    1211  1214  1215  1217
 4643    1214  1211  1216  1217
 4644    1133  1148  1218  1139
 4645    1201  1133  1218  1139
 4646    1148  1218  1139  1151
 4647    1218  1201  1139  1207
 4648    1218  1139  1151  1221
 4649    1139  1218  1207  1221
 4650    1201  1218  1219  1207
 4651    1203  1201  1219  1207
 4652    1218  1219  1207  1221
 4653    1219  1203  1207  1209
 4654    1219  1207  1221  1222
 4655    1207  1219  1209  1222
 4656    1203  1219  1220  1209
 4657    1205  1203  1220  1209
 4658    1219  1220  1209  1222
 4659    1220  1205  1209  1211
 4660    1220  1209  1222  1223
 4661    1209  1220  1211  1223
 4662    1139  1151  1221  1145
 4663    1207  1139  1221  1145
 4664    1151  1221  1145  1154
 4665    1221  1207  1145  1213
 4666    1221  1145  1154  1224
 4667    1145  1221  1213  1224
 4668    1207  1221  1222  1213
 4669    1209  1207  1222  1213
 4670    1221  1222  1213  1224
 4671    1222  1209  1213  1215
 4672    1222  1213  1224  1225
 4673    1213  1222  1215  1225
 4674    1209  1222  1223  1215
 4675    1211  1209  1223  1215
 4676    1222  1223  1215  1225
 4677    1223  1211  1215  1217
 4678    1223  1215  1225  1226
 4679    1215  1223  1217  1226
 4680    1148  1157  1227  1151
 4681    1218  1148  1227  1151
 4682    1157  1227  1151  1160
 4683    1227  1218  1151  1221
 4684    1227  1151  1160  1230
 4685    1151  1227  1221  1230
 4686    1218  1227  1228  1221
 4687    1219  1218  1228  1221
 4688    1227  1228  1221  1230
 4689    1228  1219  1221  1222
 4690    1228  1221  1230  1231
 4691    1221  1228  1222  1231
 4692    1219  1228  1229  1222
 4693    1220  1219  1229  1222
 4694    1228  1229  1222  1231
 4695    1229  1220  1222  1223
 4696    1229  1222  1231  1232
 4697    1222  1229  1223  1232
 4698    1151  1160  1230  1154
 4699    1221  1151  1230  1154
 4700    1160  1230  1154  1163
 4701    1230  1221  1154  1224
 4702    1230  1154  1163  1233
 4703    1154  1230  1224  1233
 4704    1221  1230  1231  1224
 4705    1222  1221  1231  1224
 4706    1230  1231  1224  1233
 4707    1231  1222  1224  1225
 4708    1231  1224  1233  1234
 4709    1224  1231  1225  1234
 4710    1222  1231  1232  1225
 4711    1223  1222  1232  1225
 4712    1231  1232  1225  1234
 4713    1232  1223  1225  1226
 4714    1232  1225  1234  1235
 4715    1225  1232  1226  1235
 4716    1157  1166  1236  1160
 4717    1227  1157  1236  1160
 4718    1166  1236  1160  1169
 4719    1236  1227  1160  1230
 4720    1236  1160  1169  1239
 4721    1160  1236  1230  1239
 4722    1227  1236  1237  1230
 4723    1228  1227  1237  1230
 4724    1236  1237  1230  1239
 4725    1237  1228  1230  1231
 4726    1237  1230  1239  1240
 4727    1230  1237  1231  1240
 4728    1228  1237  1238  1231
 4729    1229  1228  1238  1231
 4730    1237  1238  1231  1240
 4731    1238  1229  1231  1232
 4732    1238  1231  1240  1241
 4733    1231  1238  1232  1241
 4734    1160  1169  1239  1163
 4735    1230  1160  1239  1163
 4736    1169  1239  1163  1172
 4737    1239  1230  1163  1233
 4738    1239  1163  1172  1242
 4739    1163  1239  1233  1242
 4740    1230  1239  1240  1233
 4741    1231  1230  1240  1233
 4742    1239  1240  1233  1242
 4743    1240  1231  1233  1234
 4744    1240  1233  1242  1243
 4745    1233  1240  1234  1243
 4746    1231  1240  1241  1234
 4747    1232  1231  1241  1234
 4748    1240  1241  1234  1243
 4749    1241  1232  1234  1235
 4750    1241  1234  1243  1244
 4751    1234  1241  1235  1244
 4752    1166  1175  1245  1169
 4753    1236  1166  1245  1169
 4754    1175  1245  1169  1178
 4755    1245  1236  1169  1239
 4756    1245  1169  1178  1248
 4757    1169  1245  1239  1248
 4758    1236  1245  1246  1239
 4759    1237  1236  1246  1239
 4760    1245  1246  1239  1248
 4761    1246  1237  1239  1240
 4762    1246  1239  1248  1249
 4763    1239  1246  1240  1249
 4764    1237  1246  1247  1240
 4765    1238  1237  1247  1240
 4766    1246  1247  1240  1249
 4767    1247  1238  1240  1241
 4768    1247  1240  1249  1250
 4769    1240  1247  1241  1250
 4770    1169  1178  1248  1172
 4771    1239  1169  1248  1172
 4772    1178  1248  1172  1181
 4773    1248  1239  1172  1242
 4774    1248  1172  1181  1251
 4775    1172  1248  1242  1251
 4776    1239  1248  1249  1242
 4777    1240  1239  1249  1242
 4778    1248  1249  1242  1251
 4779    1249  1240  1242  1243
 4780    1249  1242  1251  1252
 4781    1242  1249  1243  1252
 4782    1240  1249  1250  1243
 4783    1241  1240  1250  1243
 4784    1249  1250  1243  1252
 4785    1250  1241  1243  1244
 4786    1250  1243  1252  1253
 4787    1243  1250  1244  1253
 4788    1175  1184  1254  1178
 4789    1245  1175  1254  1178
 4790    1184  1254  1178  1187
 4791    1254  1245  1178  1248
 4792    1254  1178  1187  1257
 4793    1178  1254  1248  1257
 4794    1245  1254  1255  1248
 4795    1246  1245  1255  1248
 4796    1254  1255  1248  1257
 4797    1255  1246  1248  1249
 4798    1255  1248  1257  1258
 4799    1248  1255  1249  1258
 4800    1246  1255  1256  1249
 4801    1247  1246  1256  1249
 4802    1255  1256  1249  1258
 4803    1256  1247  1249  1250
 4804    1256  1249  1258  1259
 4805    1249  1256  1250  1259
 4806    1178  1187  1257  1181
 4807    1248  1178  1257  1181
 4808    1187  1257  1181  1190
 4809    1257  1248  1181  1251
 4810    1257  1181  1190  1260
 4811    1181  1257  1251  1260
 4812    1248  1257  1258  1251
 4813    1249  1248  1258  1251
 4814    1257  1258  1251  1260
 4815    1258  1249  1251  1252
 4816    1258  1251  1260  1261
 4817    1251  1258  1252  1261
 4818    1249  1258  1259  1252
 4819    1250  1249  1259  1252
 4820    1258  1259  1252  1261
 4821    1259  1250  1252  1253
 4822    1259  1252  1261  1262
 4823    1252  1259  1253  1262
 4824    1184  1193  1263  1187
 4825    1254  1184  1263  1187
 4826    1193  1263  1187  1196
 4827    1263  1254  1187  1257
 4828    1263  1187  1196  1266
 4829    1187  1263  1257  1266
 4830    1254  1263  1264  1257
 4831    1255  1254  1264  1257
 4832    1263  1264  1257  1266
 4833    1264  1255  1257  1258
 4834    1264  1257  1266  1267
 4835    1257  1264  1258  1267
 4836    1255  1264  1265  1258
 4837    1256  1255  1265  1258
 4838    1264  1265  1258  1267
 4839    1265  1256  1258  1259
 4840    1265  1258  1267  1268
 4841    1258  1265  1259  1268
 4842    1187  1196  1266  1190
 4843    1257  1187  1266  1190
 4844    1196  1266  1190  1199
 4845    1266  1257  1190  1260
 4846    1266  1190  1199  1269
 4847    1190  1266  1260  1269
 4848    1257  1266  1267  1260
 4849    1258  1257  1267  1260
 4850    1266  1267  1260  1269
 4851    1267  1258  1260  1261
 4852    1267  1260  1269  1270
 4853    1260  1267  1261  1270
 4854    1258  1267  1268  1261
 4855    1259  1258  1268  1261
 4856    1267  1268  1261  1270
 4857    1268  1259  1261  1262
 4858    1268  1261  1270  1271
 4859    1261  1268  1262  1271
 4860    1193  1132  1200  1196
 4861    1263  1193  1200  1196
 4862    1132  1200  1196  1138
 4863    1200  1263  1196  1266
 4864    1200  1196  1138  1206
 4865    1196  1200  1266  1206
 4866    1263  1200  1202  1266
 4867    1264  1263  1202  1266
 4868    1200  1202  1266  1206
 4869    1202  1264  1266  1267
 4870    1202  1266  1206  1208
 4871    1266  1202  1267  1208
 4872    1264  1202  1204  1267
 4873    1265  1264  1204  1267
 4874    1202  1204  1267  1208
 4875    1204  1265  1267  1268
 4876    1204  1267  1208  1210
 4877    1267  1204  1268  1210
 4878    1196  1138  1206  1199
 4879    1266  1196  1206  1199
 4880    1138  1206  1199  1144
 4881    1206  1266  1199  1269
 4882    1206  1199  1144  1212
 4883    1199  1206  1269  1212
 4884    1266  1206  1208  1269
 4885    1267  1266  1208  1269
 4886    1206  1208  1269  1212
 4887    1208  1267  1269  1270
 4888    1208  1269  1212  1214
 4889    1269  1208  1270  1214
 4890    1267  1208  1210  1270
 4891    1268  1267  1210  1270
 4892    1208  1210  1270  1214
 4893    1210  1268  1270  1271
 4894    1210  1270  1214  1216
 4895    1270  1210  1271  1216
 4896    1204  1205  1273  1210
 4897    1272  1204  1273  1210
 4898    1205  1273  1210  1211
 4899    1273  1272  1210  1278
 4900    1273  1210  1211  1279
 4901    1210  1273  1278  1279
 4902    1272  1273  1275  1278
 4903    1274  1272  1275  1278
 4904    1273  1275  1278  1279
 4905    1275  1274  1278  1280
 4906    1275  1278  1279  1281
 4907    1278  1275  1280  1281
 4908    1274  1275  1277  1280
 4909    1276  1274  1277  1280
 4910    1275  1277  1280  1281
 4911    1277  1276  1280  1282
 4912    1277  1280  1281  1283
 4913    1280  1277  1282  1283
 4914    1210  1211  1279  1216
 4915    1278  1210  1279  1216
 4916    1211  1279  1216  1217
 4917    1279  1278  1216  1284
 4918    1279  1216  1217  1285
 4919    1216  1279  1284  1285
 4920    1278  1279  1281  1284
 4921    1280  1278  1281  1284
 4922    1279  1281  1284  1285
 4923    1281  1280  1284  1286
 4924    1281  1284  1285  1287
 4925    1284  1281  1286  1287
 4926    1280  1281  1283  1286
 4927    1282  1280  1283  1286
 4928    1281  1283  1286  1287
 4929    1283  1282  1286  1288
 4930    1283  1286  1287  1289
 4931    1286  1283  1288  1289
 4932    1205  1220  1290  1211
 4933    1273  1205  1290  1211
 4934    1220  1290  1211  1223
 4935    1290  1273  1211  1279
 4936    1290  1211  1223  1293
 4937    1211  1290  1279  1293
 4938    1273  1290  1291  1279
 4939    1275  1273  1291  1279
 4940    1290  1291  1279  1293
 4941    1291  1275  1279  1281
 4942    1291  1279  1293  1294
 4943    1279  1291  1281  1294
 4944    1275  1291  1292  1281
 4945    1277  1275  1292  1281
 4946    1291  1292  1281  1294
 4947    1292  1277  1281  1283
 4948    1292  1281  1294  1295
 4949    1281  1292  1283  1295
 4950    1211  1223  1293  1217
 4951    1279  1211  1293  1217
 4952    1223  1293  1217  1226
 4953    1293  1279  1217  1285
 4954    1293  1217  1226  1296
 4955    1217  1293  1285  1296
 4956    1279  1293  1294  1285
 4957    1281  1279  1294  1285
 4958    1293  1294  1285  1296
 4959    1294  1281  1285  1287
 4960    1294  1285  1296  1297
 4961    1285  1294  1287  1297
 4962    1281  1294  1295  1287
 4963    1283  1281  1295  1287
 4964    1294  1295  1287  1297
 4965    1295  1283  1287  1289
 4966    1295  1287  1297  1298
 4967    1287  1295  1289  1298
 4968    1220  1229  1299  1223
 4969    1290  1220  1299  1223
 4970    1229  1299  1223  1232
 4971    1299  1290  1223  1293
 4972    1299  1223  1232  1302
 4973    1223  1299  1293  1302
 4974    1290  1299  1300  1293
 4975    1291  1290  1300  1293
 4976    1299  1300  1293  1302
 4977    1300  1291  1293  1294
 4978    1300  1293  1302  1303
 4979    1293  1300  1294  1303
 4980    1291  1300  1301  1294
 4981    1292  1291  1301  1294
 4982    1300  1301  1294  1303
 4983    1301  1292  1294  1295
 4984    1301  1294  1303  1304
 4985    1294  1301  1295  1304
 4986    1223  1232  1302  1226
 4987    1293  1223  1302  1226
 4988    1232  1302  1226  1235
 4989    1302  1293  1226  1296
 4990    1302  1226  1235  1305
 4991    1226  1302  1296  1305
 4992    1293  1302  1303  1296
 4993    1294  1293  1303  1296
 4994    1302  1303  1296  1305
 4995    1303  1294  1296  1297
 4996    1303  1296  1305  1306
 4997    1296  1303  1297  1306
 4998    1294  1303  1304  1297
 4999    1295  1294  1304  1297
 5000    1303  1304  1297  1306
 5001    1304  1295  1297  1298
 5002    1304  1297  1306  1307
 5003    1297  1304  1298  1307
 5004    1229  1238  1308  1232
 5005    1299  1229  1308  1232
 5006    1238  1308  1232  1241
 5007    1308  1299  1232  1302
 5008    1308  1232  1241  1311
 5009    1232  1308  1302  1311
 5010    1299  1308  1309  1302
 5011    1300  1299  1309  1302
 5012    1308  1309  1302  1311
 5013    1309  1300  1302  1303
 5014    1309  1302  1311  1312
 5015    1302  1309  1303  1312
 5016    1300  1309  1310  1303
 5017    1301  1300  1310  1303
 5018    1309  1310  1303  1312
 5019    1310  1301  1303  1304
 5020    1310  1303  1312  1313
 5021    1303  1310  1304  1313
 5022    1232  1241  1311  1235
 5023    1302  1232  1311  1235
 5024    1241  1311  1235  1244
 5025    1311  1302  1235  1305
 5026    1311  1235  1244  1314
 5027    1235  1311  1305  1314
 5028    1302  1311  1312  1305
 5029    1303  1302  1312  1305
 5030    1311  1312  1305  1314
 5031    1312  1303  1305  1306
 5032    1312  1305  1314  1315
 5033    1305  1312  1306  1315
 5034    1303  1312  1313  1306
 5035    1304  1303  1313  1306
 5036    1312  1313  1306  1315
 5037    1313  1304  1306  1307
 5038    1313  1306  1315  1316
 5039    1306  1313  1307  1316
 5040    1238  1247  1317  1241
 5041    1308  1238  1317  1241
 5042    1247  1317  1241  1250
 5043    1317  1308  1241  1311
 5044    1317  1241  1250  1320
 5045    1241  1317  1311  1320
 5046    1308  1317  1318  1311
 5047    1309  1308  1318  1311
 5048    1317  1318  1311  1320
 5049    1318  1309  1311  1312
 5050    1318  1311  1320  1321
 5051    1311  1318  1312  1321
 5052    1309  1318  1319  1312
 5053    1310  1309  1319  1312
 5054    1318  1319  1312  1321
 5055    1319  1310  1312  1313
 5056    1319  1312  1321  1322
 5057    1312  1319  1313  1322
 5058    1241  1250  1320  1244
 5059    1311  1241  1320  1244
 5060    1250  1320  1244  1253
 5061    1320  1311  1244  1314
 5062    1320  1244  1253  1323
 5063    1244  1320  1314  1323
 5064    1311  1320  1321  1314
 5065    1312  1311  1321  1314
 5066    1320  1321  1314  1323
 5067    1321  1312  1314  1315
 5068    1321  1314  1323  1324
 5069    1314  1321  1315  1324
 5070    1312  1321  1322  1315
 5071    1313  1312  1322  1315
 5072    1321  1322  1315  1324
 5073    1322  1313  1315  1316
 5074    1322  1315  1324  1325
 5075    1315  1322  1316  1325
 5076    1247  1256  1326  1250
 5077    1317  1247  1326  1250
 5078    1256  1326  1250  1259
 5079    1326  1317  1250  1320
 5080    1326  1250  1259  1329
 5081    1250  1326  1320  1329
 5082    1317  1326  1327  1320
 5083    1318  1317  1327  1320
 5084    1326  1327  1320  1329
 5085    1327  1318  1320  1321
 5086    1327  1320  1329  1330
 5087    1320  1327  1321  1330
 5088    1318  1327  1328  1321
 5089    1319  1318  1328  1321
 5090    1327  1328  1321  1330
 5091    1328  1319  1321  1322
 5092    1328  1321  1330  1331
 5093    1321  1328  1322  1331
 5094    1250  1259  1329  1253
 5095    1320  1250  1329  1253
 5096    1259  1329  1253  1262
 5097    1329  1320  1253  1323
 5098    1329  1253  1262  1332
 5099    1253  1329  1323  1332
 5100    1320  1329  1330  1323
 5101    1321  1320  1330  1323
 5102    1329  1330  1323  1332
 5103    1330  1321  1323  1324
 5104    1330  1323  1332  1333
 5105    1323  1330  1324  1333
 5106    1321  1330  1331  1324
 5107    1322  1321  1331  1324
 5108    1330  1331  1324  1333
 5109    1331  1322  1324  1325
 5110    1331  1324  1333  1334
 5111    1324  1331  1325  1334
 5112    1256  1265  1335  1259
 5113    1326  1256  1335  1259
 5114    1265  1335  1259  1268
 5115    1335  1326  1259  1329
 5116    1335  1259  1268  1338
 5117    1259  1335  1329  1338
 5118    1326  1335  1336  1329
 5119    1327  1326  1336  1329
 5120    1335  1336  1329  1338
 5121    1336  1327  1329  1330
 5122    1336  1329  1338  1339
 5123    1329  1336  1330  1339
 5124    1327  1336  1337  1330
 5125    1328  1327  1337  1330
 5126    1336  1337  1330  1339
 5127    1337  1328  1330  1331
 5128    1337  1330  1339  1340
 5129    1330  1337  1331  1340
 5130    1259  1268  1338  1262
 5131    1329  1259  1338  1262
 5132    1268  1338  1262  1271
 5133    1338  1329  1262  1332
 5134    1338  1262  1271  1341
 5135    1262  1338  1332  1341
 5136    1329  1338  1339  1332
 5137    1330  1329  1339  1332
 5138    1338  1339  1332  1341
 5139    1339  1330  1332  1333
 5140    1339  1332  1341  1342
 5141    1332  1339  1333  1342
 5142    1330  1339  1340  1333
 5143    1331  1330  1340  1333
 5144    1339  1340  1333  1342
 5145    1340  1331  1333  1334
 5146    1340  1333  1342  1343
 5147    1333  1340  1334  1343
 5148    1265  1204  1272  1268
 5149    1335  1265  1272  1268
 5150    1204  1272  1268  1210
 5151    1272  1335  1268  1338
 5152    1272  1268  1210  1278
 5153    1268  1272  1338  1278
 5154    1335  1272  1274  1338
 5155    1336  1335  1274  1338
 5156    1272  1274  1338  1278
 5157    1274  1336  1338  1339
 5158    1274  1338  1278  1280
 5159    1338  1274  1339  1280
 5160    1336  1274  1276  1339
 5161    1337  1336  1276  1339
 5162    1274  1276  1339  1280
 5163    1276  1337  1339  1340
 5164    1276  1339  1280  1282
 5165    1339  1276  1340  1282
 5166    1268  1210  1278  1271
 5167    1338  1268  1278  1271
 5168    1210  1278  1271  1216
 5169    1278  1338  1271  1341
 5170    1278  1271  1216  1284
 5171    1271  1278  1341  1284
 5172    1338  1278  1280  1341
 5173    1339  1338  1280  1341
 5174    1278  1280  1341  1284
 5175    1280  1339  1341  1342
 5176    1280  1341  1284  1286
 5177    1341  1280  1342  1286
 5178    1339  1280  1282  1342
 5179    1340  1339  1282  1342
 5180    1280  1282  1342  1286
 5181    1282  1340  1342  1343
 5182    1282  1342  1286  1288
 5183    1342  1282  1343  1288
 5184    1276  1277  1345  1282
 5185    1344  1276  1345  1282
 5186    1277  1345  1282  1283
 5187    1345  1344  1282  1350
 5188    1345  1282  1283  1351
 5189    1282  1345  1350  1351
 5190    1344  1345  1347  1350
 5191    1346  1344  1347  1350
 5192    1345  1347  1350  1351
 5193    1347  1346  1350  1352
 5194    1347  1350  1351  1353
 5195    1350  1347  1352  1353
 5196    1346  1347  1349  1352
 5197    1348  1346  1349  1352
 5198    1347  1349  1352  1353
 5199    1349  1348  1352  1354
 5200    1349  1352  1353  1355
 5201    1352  1349  1354  1355
 5202    1282  1283  1351  1288
 5203    1350  1282  1351  1288
 5204    1283  1351  1288  1289
 5205    1351  1350  1288  1356
 5206    1351  1288  1289  1357
 5207    1288  1351  1356  1357
 5208    1350  1351  1353  1356
 5209    1352  1350  1353  1356
 5210    1351  1353  1356  1357
 5211    1353  1352  1356  1358
 5212    1353  1356  1357  1359
 5213    1356  1353  1358  1359
 5214    1352  1353  1355  1358
 5215    1354  1352  1355  1358
 5216    1353  1355  1358  1359
 5217    1355  1354  1358  1360
 5218    1355  1358  1359  1361
 5219    1358  1355  1360  1361
 5220    1277  1292  1362  1283
 5221    1345  1277  1362  1283
 5222    1292  1362  1283  1295
 5223    1362  1345  1283  1351
 5224    1362  1283  1295  1365
 5225    1283  1362  1351  1365
 5226    1345  1362  1363  1351
 5227    1347  1345  1363  1351
 5228    1362  1363  1351  1365
 5229    1363  1347  1351  1353
 5230    1363  1351  1365  1366
 5231    1351  1363  1353  1366
 5232    1347  1363  1364  1353
 5233    1349  1347  1364  1353
 5234    1363  1364  1353  1366
 5235    1364  1349  1353  1355
 5236    1364  1353  1366  1367
 5237    1353  1364  1355  1367
 5238    1283  1295  1365  1289
 5239    1351  1283  1365  1289
 5240    1295  1365  1289  1298
 5241    1365  1351  1289  1357
 5242    1365  1289  1298  1368
 5243    1289  1365  1357  1368
 5244    1351  1365  1366  1357
 5245    1353  1351  1366  1357
 5246    1365  1366  1357  1368
 5247    1366  1353  1357  1359
 5248    1366  1357  1368  1369
 5249    1357  1366  1359  1369
 5250    1353  1366  1367  1359
 5251    1355  1353  1367  1359
 5252    1366  1367  1359  1369
 5253    1367  1355  1359  1361
 5254    1367  1359  1369  1370
 5255    1359  1367  1361  1370
 5256    1292  1301  1371  1295
 5257    1362  1292  1371  1295
 5258    1301  1371  1295  1304
 5259    1371  1362  1295  1365
 5260    1371  1295  1304  1374
 5261    1295  1371  1365  1374
 5262    1362  1371  1372  1365
 5263    1363  1362  1372  1365
 5264    1371  1372  1365  1374
 5265    1372  1363  1365  1366
 5266    1372  1365  1374  1375
 5267    1365  1372  1366  1375
 5268    1363  1372  1373  1366
 5269    1364  1363  1373  1366
 5270    1372  1373  1366  1375
 5271    1373  1364  1366  1367
 5272    1373  1366  1375  1376
 5273    1366  1373  1367  1376
 5274    1295  1304  1374  1298
 5275    1365  1295  1374  1298
 5276    1304  1374  1298  1307
 5277    1374  1365  1298  1368
 5278    1374  1298  1307  1377
 5279    1298  1374  1368  1377
 5280    1365  1374  1375  1368
 5281    1366  1365  1375  1368
 5282    1374  1375  1368  1377
 5283    1375  1366  1368  1369
 5284    1375  1368  1377  1378
 5285    1368  1375  1369  1378
 5286    1366  1375  1376  1369
 5287    1367  1366  1376  1369
 5288    1375  1376  1369  1378
 5289    1376  1367  1369  1370
 5290    1376  1369  1378  1379
 5291    1369  1376  1370  1379
 5292    1301  1310  1380  1304
 5293    1371  1301  1380  1304
 5294    1310  1380  1304  1313
 5295    1380  1371  1304  1374
 5296    1380  1304  1313  1383
 5297    1304  1380  1374  1383
 5298    1371  1380  1381  1374
 5299    1372  1371  1381  1374
 5300    1380  1381  1374  1383
 5301    1381  1372  1374  1375
 5302    1381  1374  1383  1384
 5303    1374  1381  1375  1384
 5304    1372  1381  1382  1375
 5305    1373  1372  1382  1375
 5306    1381  1382  1375  1384
 5307    1382  1373  1375  1376
 5308    1382  1375  1384  1385
 5309    1375  1382  1376  1385
 5310    1304  1313  1383  1307
 5311    1374  1304  1383  1307
 5312    1313  1383  1307  1316
 5313    1383  1374  1307  1377
 5314    1383  1307  1316  1386
 5315    1307  1383  1377  1386
 5316    1374  1383  1384  1377
 5317    1375  1374  1384  1377
 5318    1383  1384  1377  1386
 5319    1384  1375  1377  1378
 5320    1384  1377  1386  1387
 5321    1377  1384  1378  1387
 5322    1375  1384  1385  1378
 5323    1376  1375  1385  1378
 5324    1384  1385  1378  1387
 5325    1385  1376  1378  1379
 5326    1385  1378  1387  1388
 5327    1378  1385  1379  1388
 5328    1310  1319  1389  1313
 5329    1380  1310  1389  1313
 5330    1319  1389  1313  1322
 5331    1389  1380  1313  1383
 5332    1389  1313  1322  1392
 5333    1313  1389  1383  1392
 5334    1380  1389  1390  1383
 5335    1381  1380  1390  1383
 5336    1389  1390  1383  1392
 5337    1390  1381  1383  1384
 5338    1390  1383  1392  1393
 5339    1383  1390  1384  1393
 5340    1381  1390  1391  1384
 5341    1382  1381  1391  1384
 5342    1390  1391  1384  1393
 5343    1391  1382  1384  1385
 5344    1391  1384  1393  1394
 5345    1384  1391  1385  1394
 5346    1313  1322  1392  1316
 5347    1383  1313  1392  1316
 5348    1322  1392  1316  1325
 5349    1392  1383  1316  1386
 5350    1392  1316  1325  1395
 5351    1316  1392  1386  1395
 5352    1383  1392  1393  1386
 5353    1384  1383  1393  1386
 5354    1392  1393  1386  1395
 5355    1393  1384  1386  1387
 5356    1393  1386  1395  1396
 5357    1386  1393  1387  1396
 5358    1384  1393  1394  1387
 5359    1385  1384  1394  1387
 5360    1393  1394  1387  1396
 5361    1394  1385  1387  1388
 5362    1394  1387  1396  1397
 5363    1387  1394  1388  1397
 5364    1319  1328  1398  1322
 5365    1389  1319  1398  1322
 5366    1328  1398  1322  1331
 5367    1398  1389  1322  1392
 5368    1398  1322  1331  1401
 5369    1322  1398  1392  1401
 5370    1389  1398  1399  1392
 5371    1390  1389  1399  1392
 5372    1398  1399  1392  1401
 5373    1399  1390  1392  1393
 5374    1399  1392  1401  1402
 5375    1392  1399  1393  1402
 5376    1390  1399  1400  1393
 5377    1391  1390  1400  1393
 5378    1399  1400  1393  1402
 5379    1400  1391  1393  1394
 5380    1400  1393  1402  1403
 5381    1393  1400  1394  1403
 5382    1322  1331  1401  1325
 5383    1392  1322  1401  1325
 5384    1331  1401  1325  1334
 5385    1401  1392  1325  1395
 5386    1401  1325  1334  1404
 5387    1325  1401  1395  1404
 5388    1392  1401  1402  1395
 5389    1393  1392  1402  1395
 5390    1401  1402  1395  1404
 5391    1402  1393  1395  1396
 5392    1402  1395  1404  1405
 5393    1395  1402  1396  1405
 5394    1393  1402  1403  1396
 5395    1394  1393  1403  1396
 5396    1402  1403  1396  1405
 5397    1403  1394  1396  1397
 5398    1403  1396  1405  1406
 5399    1396  1403  1397  1406
 5400    1328  1337  1407  1331
 5401    1398  1328  1407  1331
 5402    1337  1407  1331  1340
 5403    1407  1398  1331  1401
 5404    1407  1331  1340  1410
 5405    1331  1407  1401  1410
 5406    1398  1407  1408  1401
 5407    1399  1398  1408  1401
 5408    1407  1408  1401  1410
 5409    1408  1399  1401  1402
 5410    1408  1401  1410  1411
 5411    1401  1408  1402  1411
 5412    1399  1408  1409  1402
 5413    1400  1399  1409  1402
 5414    1408  1409  1402  1411
 5415    1409  1400  1402  1403
 5416    1409  1402  1411  1412
 5417    1402  1409  1403  1412
 5418    1331  1340  1410  1334
 5419    1401  1331  1410  1334
 5420    1340  1410  1334  1343
 5421    1410  1401  1334  1404
 5422    1410  1334  1343  1413
 5423    1334  1410  1404  1413
 5424    1401  1410  1411  1404
 5425    1402  1401  1411  1404
 5426    1410  1411  1404  1413
 5427    1411  1402  1404  1405
 5428    1411  1404  1413  1414
 5429    1404  1411  1405  1414
 5430    1402  1411  1412  1405
 5431    1403  1402  1412  1405
 5432    1411  1412  1405  1414
 5433    1412  1403  1405  1406
 5434    1412  1405  1414  1415
 5435    1405  1412  1406  1415
 5436    1337  1276  1344  1340
 5437    1407  1337  1344  1340
 5438    1276  1344  1340  1282
 5439    1344  1407  1340  1410
 5440    1344  1340  1282  1350
 5441    1340  1344  1410  1350
 5442    1407  1344  1346  1410
 5443    1408  1407  1346  1410
 5444    1344  1346  1410  1350
 5445    1346  1408  1410  1411
 5446    1346  1410  1350  1352
 5447    1410  1346  1411  1352
 5448    1408  1346  1348  1411
 5449    1409  1408  1348  1411
 5450    1346  1348  1411  1352
 5451    1348  1409  1411  1412
 5452    1348  1411  1352  1354
 5453    1411  1348  1412  1354
 5454    1340  1282  1350  1343
 5455    1410  1340  1350  1343
 5456    1282  1350  1343  1288
 5457    1350  1410  1343  1413
 5458    1350  1343  1288  1356
 5459    1343  1350  1413  1356
 5460    1410  1350  1352  1413
 5461    1411  1410  1352  1413
 5462    1350  1352  1413  1356
 5463    1352  1411  1413  1414
 5464    1352  1413  1356  1358
 5465    1413  1352  1414  1358
 5466    1411  1352  1354  1414
 5467    1412  1411  1354  1414
 5468    1352  1354  1414  1358
 5469    1354  1412  1414  1415
 5470    1354  1414  1358  1360
 5471    1414  1354  1415  1360
 5472    1348  1349  1417  1354
 5473    1416  1348  1417  1354
 5474    1349  1417  1354  1355
 5475    1417  1416  1354  1422
 5476    1417  1354  1355  1423
 5477    1354  1417  1422  1423
 5478    1416  1417  1419  1422
 5479    1418  1416  1419  1422
 5480    1417  1419  1422  1423
 5481    1419  1418  1422  1424
 5482    1419  1422  1423  1425
 5483    1422  1419  1424  1425
 5484    1418  1419  1421  1424
 5485    1420  1418  1421  1424
 5486    1419  1421  1424  1425
 5487    1421  1420  1424  1426
 5488    1421  1424  1425  1427
 5489    1424  1421  1426  1427
 5490    1354  1355  1423  1360
 5491    1422  1354  1423  1360
 5492    1355  1423  1360  1361
 5493    1423  1422  1360  1428
 5494    1423  1360  1361  1429
 5495    1360  1423  1428  1429
 5496    1422  1423  1425  1428
 5497    1424  1422  1425  1428
 5498    1423  1425  1428  1429
 5499    1425  1424  1428  1430
 5500    1425  1428  1429  1431
 5501    1428  1425  1430  1431
 5502    1424  1425  1427  1430
 5503    1426  1424  1427  1430
 5504    1425  1427  1430  1431
 5505    1427  1426  1430  1432
 5506    1427  1430  1431  1433
 5507    1430  1427  1432  1433
 5508    1349  1364  1434  1355
 5509    1417  1349  1434  1355
 5510    1364  1434  1355  1367
 5511    1434  1417  1355  1423
 5512    1434  1355  1367  1437
 5513    1355  1434  1423  1437
 5514    1417  1434  1435  1423
 5515    1419  1417  1435  1423
 5516    1434  1435  1423  1437
 5517    1435  1419  1423  1425
 5518    1435  1423  1437  1438
 5519    1423  1435  1425  1438
 5520    1419  1435  1436  1425
 5521    1421  1419  1436  1425
 5522    1435  1436  1425  1438
 5523    1436  1421  1425  1427
 5524    1436  1425  1438  1439
 5525    1425  1436  1427  1439
 5526    1355  1367  1437  1361
 5527    1423  1355  1437  1361
 5528    1367  1437  1361  1370
 5529    1437  1423  1361  1429
 5530    1437  1361  1370  1440
 5531    1361  1437  1429  1440
 5532    1423  1437  1438  1429
 5533    1425  1423  1438  1429
 5534    1437  1438  1429  1440
 5535    1438  1425  1429  1431
 5536    1438  1429  1440  1441
 5537    1429  1438  1431  1441
 5538    1425  1438  1439  1431
 5539    1427  1425  1439  1431
 5540    1438  1439  1431  1441
 5541    1439  1427  1431  1433
 5542    1439  1431  1441  1442
 5543    1431  1439  1433  1442
 5544    1364  1373  1443  1367
 5545    1434  1364  1443  1367
 5546    1373  1443  1367  1376
 5547    1443  1434  1367  1437
 5548    1443  1367  1376  1446
 5549    1367  1443  1437  1446
 5550    1434  1443  1444  1437
 5551    1435  1434  1444  1437
 5552    1443  1444  1437  1446
 5553    1444  1435  1437  1438
 5554    1444  1437  1446  1447
 5555    1437  1444  1438  1447
 5556    1435  1444  1445  1438
 5557    1436  1435  1445  1438
 5558    1444  1445  1438  1447
 5559    1445  1436  1438  1439
 5560    1445  1438  1447  1448
 5561    1438  1445  1439  1448
 5562    1367  1376  1446  1370
 5563    1437  1367  1446  1370
 5564    1376  1446  1370  1379
 5565    1446  1437  1370  1440
 5566    1446  1370  1379  1449
 5567    1370  1446  1440  1449
 5568    1437  1446  1447  1440
 5569    1438  1437  1447  1440
 5570    1446  1447  1440  1449
 5571    1447  1438  1440  1441
 5572    1447  1440  1449  1450
 5573    1440  1447  1441  1450
 5574    1438  1447  1448  1441
 5575    1439  1438  1448  1441
 5576    1447  1448  1441  1450
 5577    1448  1439  1441  1442
 5578    1448  1441  1450  1451
 5579    1441  1448  1442  1451
 5580    1373  1382  1452  1376
 5581    1443  1373  1452  1376
 5582    1382  1452  1376  1385
 5583    1452  1443  1376  1446
 5584    1452  1376  1385  1455
 5585    1376  1452  1446  1455
 5586    1443  1452  1453  1446
 5587    1444  1443  1453  1446
 5588    1452  1453  1446  1455
 5589    1453  1444  1446  1447
 5590    1453  1446  1455  1456
 5591    1446  1453  1447  1456
 5592    1444  1453  1454  1447
 5593    1445  1444  1454  1447
 5594    1453  1454  1447  1456
 5595    1454  1445  1447  1448
 5596    1454  1447  1456  1457
 5597    1447  1454  1448  1457
 5598    1376  1385  1455  1379
 5599    1446  1376  1455  1379
 5600    1385  1455  1379  1388
 5601    1455  1446  1379  1449
 5602    1455  1379  1388  1458
 5603    1379  1455  1449  1458
 5604    1446  1455  1456  1449
 5605    1447  1446  1456  1449
 5606    1455  1456  1449  1458
 5607    1456  1447  1449  1450
 5608    1456  1449  1458  1459
 5609    1449  1456  1450  1459
 5610    1447  1456  1457  1450
 5611    1448  1447  1457  1450
 5612    1456  1457  1450  1459
 5613    1457  1448  1450  1451
 5614    1457  1450  1459  1460
 5615    1450  1457  1451  1460
 5616    1382  1391  1461  1385
 5617    1452  1382  1461  1385
 5618    1391  1461  1385  1394
 5619    1461  1452  1385  1455
 5620    1461  1385  1394  1464
 5621    1385  1461  1455  1464
 5622    1452  1461  1462  1455
 5623    1453  1452  1462  1455
 5624    1461  1462  1455  1464
 5625    1462  1453  1455  1456
 5626    1462  1455  1464  1465
 5627    1455  1462  1456  1465
 5628    1453  1462  1463  1456
 5629    1454  1453  1463  1456
 5630    1462  1463  1456  1465
 5631    1463  1454  1456  1457
 5632    1463  1456  1465  1466
 5633    1456  1463  1457  1466
 5634    1385  1394  1464  1388
 5635    1455  1385  1464  1388
 5636    1394  1464  1388  1397
 5637    1464  1455  1388  1458
 5638    1464  1388  1397  1467
 5639    1388  1464  1458  1467
 5640    1455  1464  1465  1458
 5641    1456  1455  1465  1458
 5642    1464  1465  1458  1467
 5643    1465  1456  1458  1459
 5644    1465  1458  1467  1468
 5645    1458  1465  1459  1468
 5646    1456  1465  1466  1459
 5647    1457  1456  1466  1459
 5648    1465  1466  1459  1468
 5649    1466  1457  1459  1460
 5650    1466  1459  1468  1469
 5651    1459  1466  1460  1469
 5652    1391  1400  1470  1394
 5653    1461  1391  1470  1394
 5654    1400  1470  1394  1403
 5655    1470  1461  1394  1464
 5656    1470  1394  1403  1473
 5657    1394  1470  1464  1473
 5658    1461  1470  1471  1464
 5659    1462  1461  1471  1464
 5660    1470  1471  1464  1473
 5661    1471  1462  1464  1465
 5662    1471  1464  1473  1474
 5663    1464  1471  1465  1474
 5664    1462  1471  1472  1465
 5665    1463  1462  1472  1465
 5666    1471  1472  1465  1474
 5667    1472  1463  1465  1466
 5668    1472  1465  1474  1475
 5669    1465  1472  1466  1475
 5670    1394  1403  1473  1397
 5671    1464  1394  1473  1397
 5672    1403  1473  1397  1406
 5673    1473  1464  1397  1467
 5674    1473  1397  1406  1476
 5675    1397  1473  1467  1476
 5676    1464  1473  1474  1467
 5677    1465  1464  1474  1467
 5678    1473  1474  1467  1476
 5679    1474  1465  1467  1468
 5680    1474  1467  1476  1477
 5681    1467  1474  1468  1477
 5682    1465  1474  1475  1468
 5683    1466  1465  1475  1468
 5684    1474  1475  1468  1477
 5685    1475  1466  1468  1469
 5686    1475  1468  1477  1478
 5687    1468  1475  1469  1478
 5688    1400  1409  1479  1403
 5689    1470  1400  1479  1403
 5690    1409  1479  1403  1412
 5691    1479  1470  1403  1473
 5692    1479  1403  1412  1482
 5693    1403  1479  1473  1482
 5694    1470  1479  1480  1473
 5695    1471  1470  1480  1473
 5696    1479  1480  1473  1482
 5697    1480  1471  1473  1474
 5698    1480  1473  1482  1483
 5699    1473  1480  1474  1483
 5700    1471  1480  1481  1474
 5701    1472  1471  1481  1474
 5702    1480  1481  1474  1483
 5703    1481  1472  1474  1475
 5704    1481  1474  1483  1484
 5705    1474  1481  1475  1484
 5706    1403  1412  1482  1406
 5707    1473  1403  1482  1406
 5708    1412  1482  1406  1415
 5709    1482  1473  1406  1476
 5710    1482  1406  1415  1485
 5711    1406  1482  1476  1485
 5712    1473  1482  1483  1476
 5713    1474  1473  1483  1476
 5714    1482  1483  1476  1485
 5715    1483  1474  1476  1477
 5716    1483  1476  1485  1486
 5717    1476  1483  1477  1486
 5718    1474  1483  1484  1477
 5719    1475  1474  1484  1477
 5720    1483  1484  1477  1486
 5721    1484  1475  1477  1478
 5722    1484  1477  1486  1487
 5723    1477  1484  1478  1487
 5724    1409  1348  1416  1412
 5725    1479  1409  1416  1412
 5726    1348  1416  1412  1354
 5727    1416  1479  1412  1482
 5728    1416  1412  1354  1422
 5729    1412  1416  1482  1422
 5730    1479  1416  1418  1482
 5731    1480  1479  1418  1482
 5732    1416  1418  1482  1422
 5733    1418  1480  1482  1483
 5734    1418  1482  1422  1424
 5735    1482  1418  1483  1424
 5736    1480  1418  1420  1483
 5737    1481  1480  1420  1483
 5738    1418  1420  1483  1424
 5739    1420  1481  1483  1484
 5740    1420  1483  1424  1426
 5741    1483  1420  1484  1426
 5742    1412  1354  1422  1415
 5743    1482  1412  1422  1415
 5744    1354  1422  1415  1360
 5745    1422  1482  1415  1485
 5746    1422  1415  1360  1428
 5747    1415  1422  1485  1428
 5748    1482  1422  1424  1485
 5749    1483  1482  1424  1485
 5750    1422  1424  1485  1428
 5751    1424  1483  1485  1486
 5752    1424  1485  1428  1430
 5753    1485  1424  1486  1430
 5754    1483  1424  1426  1486
 5755    1484  1483  1426  1486
 5756    1424  1426  1486  1430
 5757    1426  1484  1486  1487
 5758    1426  1486  1430  1432
 5759    1486  1426  1487  1432
 5760     676   677  1489   682
 5761    1488   676  1489   682
 5762     677  1489   682   683
 5763    1489  1488   682  1494
 5764    1489   682   683  1495
 5765     682  1489  1494  1495
 5766    1488  1489  1491  1494
 5767    1490  1488  1491  1494
 5768    1489  1491  1494  1495
 5769    1491  1490  1494  1496
 5770    1491  1494  1495  1497
 5771    1494  1491  1496  1497
 5772    1490  1491  1493  1496
 5773    1492  1490  1493  1496
 5774    1491  1493  1496  1497
 5775    1493  1492  1496  1498
 5776    1493  1496  1497  1499
 5777    1496  1493  1498  1499
 5778     682   683  1495   688
 5779    1494   682  1495   688
 5780     683  1495   688   689
 5781    1495  1494   688  1500
 5782    1495   688   689  1501
 5783     688  1495  1500  1501
 5784    1494  1495  1497  1500
 5785    1496  1494  1497  1500
 5786    1495  1497  1500  1501
 5787    1497  1496  1500  1502
 5788    1497  1500  1501  1503
 5789    1500  1497  1502  1503
 5790    1496  1497  1499  1502
 5791    1498  1496  1499  1502
 5792    1497  1499  1502  1503
 5793    1499  1498  1502  1504
 5794    1499  1502  1503  1505
 5795    1502  1499  1504  1505
 5796     677   692  1506   683
 5797    1489   677  1506   683
 5798     692  1506   683   695
 5799    1506  1489   683  1495
 5800    1506   683   695  1509
 5801     683  1506  1495  1509
 5802    1489  1506  1507  1495
 5803    1491  1489  1507  1495
 5804    1506  1507  1495  1509
 5805    1507  1491  1495  1497
 5806    1507  1495  1509  1510
 5807    1495  1507  1497  1510
 5808    1491  1507  1508  1497
 5809    1493  1491  1508  1497
 5810    1507  1508  1497  1510
 5811    1508  1493  1497  1499
 5812    1508  1497  1510  1511
 5813    1497  1508  1499  1511
 5814     683   695  1509   689
 5815    1495   683  1509   689
 5816     695  1509   689   698
 5817    1509  1495   689  1501
 5818    1509   689   698  1512
 5819     689  1509  1501  1512
 5820    1495  1509  1510  1501
 5821    1497  1495  1510  1501
 5822    1509  1510  1501  1512
 5823    1510  1497  1501  1503
 5824    1510  1501  1512  1513
 5825    1501  1510  1503  1513
 5826    1497  1510  1511  1503
 5827    1499  1497  1511  1503
 5828    1510  1511  1503  1513
 5829    1511  1499  1503  1505
 5830    1511  1503  1513  1514
 5831    1503  1511  1505  1514
 5832     692   701  1515   695
 5833    1506   692  1515   695
 5834     701  1515   695   704
 5835    1515  1506   695  1509
 5836    1515   695   704  1518
 5837     695  1515  1509  1518
 5838    1506  1515  1516  1509
 5839    1507  1506  1516  1509
 5840    1515  1516  1509  1518
 5841    1516  1507  1509  1510
 5842    1516  1509  1518  1519
 5843    1509  1516  1510  1519
 5844    1507  1516  1517  1510
 5845    1508  1507  1517  1510
 5846    1516  1517  1510  1519
 5847    1517  1508  1510  1511
 5848    1517  1510  1519  1520
 5849    1510  1517  1511  1520
 5850     695   704  1518   698
 5851    1509   695  1518   698
 5852     704  1518   698   707
 5853    1518  1509   698  1512
 5854    1518   698   707  1521
 5855     698  1518  1512  1521
 5856    1509  1518  1519  1512
 5857    1510  1509  1519  1512
 5858    1518  1519  1512  1521
 5859    1519  1510  1512  1513
 5860    1519  1512  1521  1522
 5861    1512  1519  1513  1522
 5862    1510  1519  1520  1513
 5863    1511  1510  1520  1513
 5864    1519  1520  1513  1522
 5865    1520  1511  1513  1514
 5866    1520  1513  1522  1523
 5867    1513  1520  1514  1523
 5868     701   710  1524   704
 5869    1515   701  1524   704
 5870     710  1524   704   713
 5871    1524  1515   704  1518
 5872    1524   704   713  1527
 5873     704  1524  1518  1527
 5874    1515  1524  1525  1518
 5875    1516  1515  1525  1518
 5876    1524  1525  1518  1527
 5877    1525  1516  1518  1519
 5878    1525  1518  1527  1528
 5879    1518  1525  1519  1528
 5880    1516  1525  1526  1519
 5881    1517  1516  1526  1519
 5882    1525  1526  1519  1528
 5883    1526  1517  1519  1520
 5884    1526  1519  1528  1529
 5885    1519  1526  1520  1529
 5886     704   713  1527   707
 5887    1518   704  1527   707
 5888     713  1527   707   716
 5889    1527  1518   707  1521
 5890    1527   707   716  1530
 5891     707  1527  1521  1530
 5892    1518  1527  1528  1521
 5893    1519  1518  1528  1521
 5894    1527  1528  1521  1530
 5895    1528  1519  1521  1522
 5896    1528  1521  1530  1531
 5897    1521  1528  1522  1531
 5898    1519  1528  1529  1522
 5899    1520  1519  1529  1522
 5900    1528  1529  1522  1531
 5901    1529  1520  1522  1523
 5902    1529  1522  1531  1532
 5903    1522  1529  1523  1532
 5904     710   719  1533   713
 5905    1524   710  1533   713
 5906     719  1533   713   722
 5907    1533  1524   713  1527
 5908    1533   713   722  1536
 5909     713  1533  1527  1536
 5910    1524  1533  1534  1527
 5911    1525  1524  1534  1527
 5912    1533  1534  1527  1536
 5913    1534  1525  1527  1528
 5914    1534  1527  1536  1537
 5915    1527  1534  1528  1537
 5916    1525  1534  1535  1528
 5917    1526  1525  1535  1528
 5918    1534  1535  1528  1537
 5919    1535  1526  1528  1529
 5920    1535  1528  1537  1538
 5921    1528  1535  1529  1538
 5922     713   722  1536   716
 5923    1527   713  1536   716
 5924     722  1536   716   725
 5925    1536  1527   716  1530
 5926    1536   716   725  1539
 5927     716  1536  1530  1539
 5928    1527  1536  1537  1530
 5929    1528  1527  1537  1530
 5930    1536  1537  1530  1539
 5931    1537  1528  1530  1531
 5932    1537  1530  1539  1540
 5933    1530  1537  1531  1540
 5934    1528  1537  1538  1531
 5935    1529  1528  1538  1531
 5936    1537  1538  1531  1540
 5937    1538  1529  1531  1532
 5938    1538  1531  1540  1541
 5939    1531  1538  1532  1541
 5940     719   728  1542   722
 5941    1533   719  1542   722
 5942     728  1542   722   731
 5943    1542  1533   722  1536
 5944    1542   722   731  1545
 5945     722  1542  1536  1545
 5946    1533  1542  1543  1536
 5947    1534  1533  1543  1536
 5948    1542  1543  1536  1545
 5949    1543  1534  1536  1537
 5950    1543  1536  1545  1546
 5951    1536  1543  1537  1546
 5952    1534  1543  1544  1537
 5953    1535  1534  1544  1537
 5954    1543  1544  1537  1546
 5955    1544  1535  1537  1538
 5956    1544  1537  1546  1547
 5957    1537  1544  1538  1547
 5958     722   731  1545   725
 5959    1536   722  1545   725
 5960     731  1545   725   734
 5961    1545  1536   725  1539
 5962    1545   725   734  1548
 5963     725  1545  1539  1548
 5964    1536  1545  1546  1539
 5965    1537  1536  1546  1539
 5966    1545  1546  1539  1548
 5967    1546  1537  1539  1540
 5968    1546  1539  1548  1549
 5969    1539  1546  1540  1549
 5970    1537  1546  1547  1540
 5971    1538  1537  1547  1540
 5972    1546  1547  1540  1549
 5973    1547  1538  1540  1541
 5974    1547  1540  1549  1550
 5975    1540  1547  1541  1550
 5976     728   737  1551   731
 5977    1542   728  1551   731
 5978     737  1551   731   740
 5979    1551  1542   731  1545
 5980    1551   731   740  1554
 5981     731  1551  1545  1554
 5982    1542  1551  1552  1545
 5983    1543  1542  1552  1545
 5984    1551  1552  1545  1554
 5985    1552  1543  1545  1546
 5986    1552  1545  1554  1555
 5987    1545  1552  1546  1555
 5988    1543  1552  1553  1546
 5989    1544  1543  1553  1546
 5990    1552  1553  1546  1555
 5991    1553  1544  1546  1547
 5992    1553  1546  1555  1556
 5993    1546  1553  1547  1556
 5994     731   740  1554   734
 5995    1545   731  1554   734
 5996     740  1554   734   743
 5997    1554  1545   734  1548
 5998    1554   734   743  1557
 5999     734  1554  1548  1557
 6000    1545  1554  1555  1548
 6001    1546  1545  1555  1548
 6002    1554  1555  1548  1557
 6003    1555  1546  1548  1549
 6004    1555  1548  1557  1558
 6005    1548  1555  1549  1558
 6006    1546  1555  1556  1549
 6007    1547  1546  1556  1549
 6008    1555  1556  1549  1558
 6009    1556  1547  1549  1550
 6010    1556  1549  1558  1559
 6011    1549  1556  1550  1559
 6012     737   676  1488   740
 6013    1551   737  1488   740
 6014     676  1488   740   682
 6015    1488  1551   740  1554
 6016    1488   740   682  1494
 6017     740  1488  1554  1494
 6018    1551  1488  1490  1554
 6019    1552  1551  1490  1554
 6020    1488  1490  1554  1494
 6021    1490  1552  1554  1555
 6022    1490  1554  1494  1496
 6023    1554  1490  1555  1496
 6024    1552  1490  1492  1555
 6025    1553  1552  1492  1555
 6026    1490  1492  1555  1496
 6027    1492  1553  1555  1556
 6028    1492  1555  1496  1498
 6029    1555  1492  1556  1498
 6030     740   682  1494   743
 6031    1554   740  1494   743
 6032     682  1494   743   688
 6033    1494  1554   743  1557
 6034    1494   743   688  1500
 6035     743  1494  1557  1500
 6036    1554  1494  1496  1557
 6037    1555  1554  1496  1557
 6038    1494  1496  1557  1500
 6039    1496  1555  1557  1558
 6040    1496  1557  1500  1502
 6041    1557  1496  1558  1502
 6042    1555  1496  1498  1558
 6043    1556  1555  1498  1558
 6044    1496  1498  1558  1502
 6045    1498  1556  1558  1559
 6046    1498  1558  1502  1504
 6047    1558  1498  1559  1504
 6048    1420  1421  1561  1426
 6049    1560  1420  1561  1426
 6050    1421  1561  1426  1427
 6051    1561  1560  1426  1566
 6052    1561  1426  1427  1567
 6053    1426  1561  1566  1567
 6054    1560  1561  1563  1566
 6055    1562  1560  1563  1566
 6056    1561  1563  1566  1567
 6057    1563  1562  1566  1568
 6058    1563  1566  1567  1569
 6059    1566  1563  1568  1569
 6060    1562  1563  1565  1568
 6061    1564  1562  1565  1568
 6062    1563  1565  1568  1569
 6063    1565  1564  1568  1570
 6064    1565  1568  1569  1571
 6065    1568  1565  1570  1571
 6066    1426  1427  1567  1432
 6067    1566  1426  1567  1432
 6068    1427  1567  1432  1433
 6069    1567  1566  1432  1572
 6070    1567  1432  1433  1573
 6071    1432  1567  1572  1573
 6072    1566  1567  1569  1572
 6073    1568  1566  1569  1572
 6074    1567  1569  1572  1573
 6075    1569  1568  1572  1574
 6076    1569  1572  1573  1575
 6077    1572  1569  1574  1575
 6078    1568  1569  1571  1574
 6079    1570  1568  1571  1574
 6080    1569  1571  1574  1575
 6081    1571  1570  1574  1504
 6082    1571  1574  1575  1559
 6083    1574  1571  1504  1559
 6084    1421  1436  1576  1427
 6085    1561  1421  1576  1427
 6086    1436  1576  1427  1439
 6087    1576  1561  1427  1567
 6088    1576  1427  1439  1579
 6089    1427  1576  1567  1579
 6090    1561  1576  1577  1567
 6091    1563  1561  1577  1567
 6092    1576  1577  1567  1579
 6093    1577  1563  1567  1569
 6094    1577  1567  1579  1580
 6095    1567  1577  1569  1580
 6096    1563  1577  1578  1569
 6097    1565  1563  1578  1569
 6098    1577  1578  1569  1580
 6099    1578  1565  1569  1571
 6100    1578  1569  1580  1581
 6101    1569  1578  1571  1581
 6102    1427  1439  1579  1433
 6103    1567  1427  1579  1433
 6104    1439  1579  1433  1442
 6105    1579  1567  1433  1573
 6106    1579  1433  1442  1582
 6107    1433  1579  1573  1582
 6108    1567  1579  1580  1573
 6109    1569  1567  1580  1573
 6110    1579  1580  1573  1582
 6111    1580  1569  1573  1575
 6112    1580  1573  1582  1583
 6113    1573  1580  1575  1583
 6114    1569  1580  1581  1575
 6115    1571  1569  1581  1575
 6116    1580  1581  1575  1583
 6117    1581  1571  1575  1559
 6118    1581  1575  1583  1550
 6119    1575  1581  1559  1550
 6120    1436  1445  1584  1439
 6121    1576  1436  1584  1439
 6122    1445  1584  1439  1448
 6123    1584  1576  1439  1579
 6124    1584  1439  1448  1587
 6125    1439  1584  1579  1587
 6126    1576  1584  1585  1579
 6127    1577  1576  1585  1579
 6128    1584  1585  1579  1587
 6129    1585  1577  1579  1580
 6130    1585  1579  1587  1588
 6131    1579  1585  1580  1588
 6132    1577  1585  1586  1580
 6133    1578  1577  1586  1580
 6134    1585  1586  1580  1588
 6135    1586  1578  1580  1581
 6136    1586  1580  1588  1589
 6137    1580  1586  1581  1589
 6138    1439  1448  1587  1442
 6139    1579  1439  1587  1442
 6140    1448  1587  1442  1451
 6141    1587  1579  1442  1582
 6142    1587  1442  1451  1590
 6143    1442  1587  1582  1590
 6144    1579  1587  1588  1582
 6145    1580  1579  1588  1582
 6146    1587  1588  1582  1590
 6147    1588  1580  1582  1583
 6148    1588  1582  1590  1591
 6149    1582  1588  1583  1591
 6150    1580  1588  1589  1583
 6151    1581  1580  1589  1583
 6152    1588  1589  1583  1591
 6153    1589  1581  1583  1550
 6154    1589  1583  1591  1541
 6155    1583  1589  1550  1541
 6156    1445  1454  1592  1448
 6157    1584  1445  1592  1448
 6158    1454  1592  1448  1457
 6159    1592  1584  1448  1587
 6160    1592  1448  1457  1595
 6161    1448  1592  1587  1595
 6162    1584  1592  1593  1587
 6163    1585  1584  1593  1587
 6164    1592  1593  1587  1595
 6165    1593  1585  1587  1588
 6166    1593  1587  1595  1596
 6167    1587  1593  1588  1596
 6168    1585  1593  1594  1588
 6169    1586  1585  1594  1588
 6170    1593  1594  1588  1596
 6171    1594  1586  1588  1589
 6172    1594  1588  1596  1597
 6173    1588  1594  1589  1597
 6174    1448  1457  1595  1451
 6175    1587  1448  1595  1451
 6176    1457  1595  1451  1460
 6177    1595  1587  1451  1590
 6178    1595  1451  1460  1598
 6179    1451  1595  1590  1598
 6180    1587  1595  1596  1590
 6181    1588  1587  1596  1590
 6182    1595  1596  1590  1598
 6183    1596  1588  1590  1591
 6184    1596  1590  1598  1599
 6185    1590  1596  1591  1599
 6186    1588  1596  1597  1591
 6187    1589  1588  1597  1591
 6188    1596  1597  1591  1599
 6189    1597  1589  1591  1541
 6190    1597  1591  1599  1532
 6191    1591  1597  1541  1532
 6192    1454  1463  1600  1457
 6193    1592  1454  1600  1457
 6194    1463  1600  1457  1466
 6195    1600  1592  1457  1595
 6196    1600  1457  1466  1603
 6197    1457  1600  1595  1603
 6198    1592  1600  1601  1595
 6199    1593  1592  1601  1595
 6200    1600  1601  1595  1603
 6201    1601  1593  1595  1596
 6202    1601  1595  1603  1604
 6203    1595  1601  1596  1604
 6204    1593  1601  1602  1596
 6205    1594  1593  1602  1596
 6206    1601  1602  1596  1604
 6207    1602  1594  1596  1597
 6208    1602  1596  1604  1605
 6209    1596  1602  1597  1605
 6210    1457  1466  1603  1460
 6211    1595  1457  1603  1460
 6212    1466  1603  1460  1469
 6213    1603  1595  1460  1598
 6214    1603  1460  1469  1606
 6215    1460  1603  1598  1606
 6216    1595  1603  1604  1598
 6217    1596  1595  1604  1598
 6218    1603  1604  1598  1606
 6219    1604  1596  1598  1599
 6220    1604  1598  1606  1607
 6221    1598  1604  1599  1607
 6222    1596  1604  1605  1599
 6223    1597  1596  1605  1599
 6224    1604  1605  1599  1607
 6225    1605  1597  1599  1532
 6226    1605  1599  1607  1608
 6227    1599  1605  1532  1608
 6228    1463  1472  1609  1466
 6229    1600  1463  1609  1466
 6230    1472  1609  1466  1475
 6231    1609  1600  1466  1603
 6232    1609  1466  1475  1612
 6233    1466  1609  1603  1612
 6234    1600  1609  1610  1603
 6235    1601  1600  1610  1603
 6236    1609  1610  1603  1612
 6237    1610  1601  1603  1604
 6238    1610  1603  1612  1613
 6239    1603  1610  1604  1613
 6240    1601  1610  1611  1604
 6241    1602  1601  1611  1604
 6242    1610  1611  1604  1613
 6243    1611  1602  1604  1605
 6244    1611  1604  1613  1614
 6245    1604  1611  1605  1614
 6246    1466  1475  1612  1469
 6247    1603  1466  1612  1469
 6248    1475  1612  1469  1478
 6249    1612  1603  1469  1606
 6250    1612  1469  1478  1615
 6251    1469  1612  1606  1615
 6252    1603  1612  1613  1606
 6253    1604  1603  1613  1606
 6254    1612  1613  1606  1615
 6255    1613  1604  1606  1607
 6256    1613  1606  1615  1616
 6257    1606  1613  1607  1616
 6258    1604  1613  1614  1607
 6259    1605  1604  1614  1607
 6260    1613  1614  1607  1616
 6261    1614  1605  1607  1608
 6262    1614  1607  1616  1617
 6263    1607  1614  1608  1617
 6264    1472  1481  1618  1475
 6265    1609  1472  1618  1475
 6266    1481  1618  1475  1484
 6267    1618  1609  1475  1612
 6268    1618  1475  1484  1621
 6269    1475  1618  1612  1621
 6270    1609  1618  1619  1612
 6271    1610  1609  1619  1612
 6272    1618  1619  1612  1621
 6273    1619  1610  1612  1613
 6274    1619  1612  1621  1622
 6275    1612  1619  1613  1622
 6276    1610  1619  1620  1613
 6277    1611  1610  1620  1613
 6278    1619  1620  1613  1622
 6279    1620  1611  1613  1614
 6280    1620  1613  1622  1623
 6281    1613  1620  1614  1623
 6282    1475  1484  1621  1478
 6283    1612  1475  1621  1478
 6284    1484  1621  1478  1487
 6285    1621  1612  1478  1615
 6286    1621  1478  1487  1624
 6287    1478  1621  1615  1624
 6288    1612  1621  1622  1615
 6289    1613  1612  1622  1615
 6290    1621  1622  1615  1624
 6291    1622  1613  1615  1616
 6292    1622  1615  1624  1625
 6293    1615  1622  1616  1625
 6294    1613  1622  1623  1616
 6295    1614  1613  1623  1616
 6296    1622  1623  1616  1625
 6297    1623  1614  1616  1617
 6298    1623  1616  1625  1626
 6299    1616  1623  1617  1626
 6300    1481  1420  1560  1484
 6301    1618  1481  1560  1484
 6302    1420  1560  1484  1426
 6303    1560  1618  1484  1621
 6304    1560  1484  1426  1566
 6305    1484  1560  1621  1566
 6306    1618  1560  1562  1621
 6307    1619  1618  1562  1621
 6308    1560  1562  1621  1566
 6309    1562  1619  1621  1622
 6310    1562  1621  1566  1568
 6311    1621  1562  1622  1568
 6312    1619  1562  1564  1622
 6313    1620  1619  1564  1622
 6314    1562  1564  1622  1568
 6315    1564  1620  1622  1623
 6316    1564  1622  1568  1570
 6317    1622  1564  1623  1570
 6318    1484  1426  1566  1487
 6319    1621  1484  1566  1487
 6320    1426  1566  1487  1432
 6321    1566  1621  1487  1624
 6322    1566  1487  1432  1572
 6323    1487  1566  1624  1572
 6324    1621  1566  1568  1624
 6325    1622  1621  1568  1624
 6326    1566  1568  1624  1572
 6327    1568  1622  1624  1625
 6328    1568  1624  1572  1574
 6329    1624  1568  1625  1574
 6330    1622  1568  1570  1625
 6331    1623  1622  1570  1625
 6332    1568  1570  1625  1574
 6333    1570  1623  1625  1626
 6334    1570  1625  1574  1504
 6335    1625  1570  1626  1504
 6336    1492  1493  1628  1498
 6337    1627  1492  1628  1498
 6338    1493  1628  1498  1499
 6339    1628  1627  1498  1633
 6340    1628  1498  1499  1634
 6341    1498  1628  1633  1634
 6342    1627  1628  1630  1633
 6343    1629  1627  1630  1633
 6344    1628  1630  1633  1634
 6345    1630  1629  1633  1635
 6346    1630  1633  1634  1636
 6347    1633  1630  1635  1636
 6348    1629  1630  1632  1635
 6349    1631  1629  1632  1635
 6350    1630  1632  1635  1636
 6351    1632  1631  1635  1637
 6352    1632  1635  1636  1638
 6353    1635  1632  1637  1638
 6354    1498  1499  1634  1504
 6355    1633  1498  1634  1504
 6356    1499  1634  1504  1505
 6357    1634  1633  1504  1639
 6358    1634  1504  1505  1640
 6359    1504  1634  1639  1640
 6360    1633  1634  1636  1639
 6361    1635  1633  1636  1639
 6362    1634  1636  1639  1640
 6363    1636  1635  1639  1641
 6364    1636  1639  1640  1642
 6365    1639  1636  1641  1642
 6366    1635  1636  1638  1641
 6367    1637  1635  1638  1641
 6368    1636  1638  1641  1642
 6369    1638  1637  1641  1643
 6370    1638  1641  1642  1644
 6371    1641  1638  1643  1644
 6372    1493  1508  1645  1499
 6373    1628  1493  1645  1499
 6374    1508  1645  1499  1511
 6375    1645  1628  1499  1634
 6376    1645  1499  1511  1648
 6377    1499  1645  1634  1648
 6378    1628  1645  1646  1634
 6379    1630  1628  1646  1634
 6380    1645  1646  1634  1648
 6381    1646  1630  1634  1636
 6382    1646  1634  1648  1649
 6383    1634  1646  1636  1649
 6384    1630  1646  1647  1636
 6385    1632  1630  1647  1636
 6386    1646  1647  1636  1649
 6387    1647  1632  1636  1638
 6388    1647  1636  1649  1650
 6389    1636  1647  1638  1650
 6390    1499  1511  1648  1505
 6391    1634  1499  1648  1505
 6392    1511  1648  1505  1514
 6393    1648  1634  1505  1640
 6394    1648  1505  1514  1651
 6395    1505  1648  1640  1651
 6396    1634  1648  1649  1640
 6397    1636  1634  1649  1640
 6398    1648  1649  1640  1651
 6399    1649  1636  1640  1642
 6400    1649  1640  1651  1652
 6401    1640  1649  1642  1652
 6402    1636  1649  1650  1642
 6403    1638  1636  1650  1642
 6404    1649  1650  1642  1652
 6405    1650  1638  1642  1644
 6406    1650  1642  1652  1653
 6407    1642  1650  1644  1653
 6408    1508  1517  1654  1511
 6409    1645  1508  1654  1511
 6410    1517  1654  1511  1520
 6411    1654  1645  1511  1648
 6412    1654  1511  1520  1657
 6413    1511  1654  1648  1657
 6414    1645  1654  1655  1648
 6415    1646  1645  1655  1648
 6416    1654  1655  1648  1657
 6417    1655  1646  1648  1649
 6418    1655  1648  1657  1658
 6419    1648  1655  1649  1658
 6420    1646  1655  1656  1649
 6421    1647  1646  1656  1649
 6422    1655  1656  1649  1658
 6423    1656  1647  1649  1650
 6424    1656  1649  1658  1659
 6425    1649  1656  1650  1659
 6426    1511  1520  1657  1514
 6427    1648  1511  1657  1514
 6428    1520  1657  1514  1523
 6429    1657  1648  1514  1651
 6430    1657  1514  1523  1660
 6431    1514  1657  1651  1660
 6432    1648  1657  1658  1651
 6433    1649  1648  1658  1651
 6434    1657  1658  1651  1660
 6435    1658  1649  1651  1652
 6436    1658  1651  1660  1661
 6437    1651  1658  1652  1661
 6438    1649  1658  1659  1652
 6439    1650  1649  1659  1652
 6440    1658  1659  1652  1661
 6441    1659  1650  1652  1653
 6442    1659  1652  1661  1662
 6443    1652  1659  1653  1662
 6444    1517  1526  1663  1520
 6445    1654  1517  1663  1520
 6446    1526  1663  1520  1529
 6447    1663  1654  1520  1657
 6448    1663  1520  1529  1666
 6449    1520  1663  1657  1666
 6450    1654  1663  1664  1657
 6451    1655  1654  1664  1657
 6452    1663  1664  1657  1666
 6453    1664  1655  1657  1658
 6454    1664  1657  1666  1667
 6455    1657  1664  1658  1667
 6456    1655  1664  1665  1658
 6457    1656  1655  1665  1658
 6458    1664  1665  1658  1667
 6459    1665  1656  1658  1659
 6460    1665  1658  1667  1668
 6461    1658  1665  1659  1668
 6462    1520  1529  1666  1523
 6463    1657  1520  1666  1523
 6464    1529  1666  1523  1532
 6465    1666  1657  1523  1660
 6466    1666  1523  1532  1669
 6467    1523  1666  1660  1669
 6468    1657  1666  1667  1660
 6469    1658  1657  1667  1660
 6470    1666  1667  1660  1669
 6471    1667  1658  1660  1661
 6472    1667  1660  1669  1670
 6473    1660  1667  1661  1670
 6474    1658  1667  1668  1661
 6475    1659  1658  1668  1661
 6476    1667  1668  1661  1670
 6477    1668  1659  1661  1662
 6478    1668  1661  1670  1671
 6479    1661  1668  1662  1671
 6480    1526  1535  1672  1529
 6481    1663  1526  1672  1529
 6482    1535  1672  1529  1538
 6483    1672  1663  1529  1666
 6484    1672  1529  1538  1675
 6485    1529  1672  1666  1675
 6486    1663  1672  1673  1666
 6487    1664  1663  1673  1666
 6488    1672  1673  1666  1675
 6489    1673  1664  1666  1667
 6490    1673  1666  1675  1676
 6491    1666  1673  1667  1676
 6492    1664  1673  1674  1667
 6493    1665  1664  1674  1667
 6494    1673  1674  1667  1676
 6495    1674  1665  1667  1668
 6496    1674  1667  1676  1677
 6497    1667  1674  1668  1677
 6498    1529  1538  1675  1532
 6499    1666  1529  1675  1532
 6500    1538  1675  1532  1541
 6501    1675  1666  1532  1669
 6502    1675  1532  1541  1678
 6503    1532  1675  1669  1678
 6504    1666  1675  1676  1669
 6505    1667  1666  1676  1669
 6506    1675  1676  1669  1678
 6507    1676  1667  1669  1670
 6508    1676  1669  1678  1679
 6509    1669  1676  1670  1679
 6510    1667  1676  1677  1670
 6511    1668  1667  1677  1670
 6512    1676  1677  1670  1679
 6513    1677  1668  1670  1671
 6514    1677  1670  1679  1680
 6515    1670  1677  1671  1680
 6516    1535  1544  1681  1538
 6517    1672  1535  1681  1538
 6518    1544  1681  1538  1547
 6519    1681  1672  1538  1675
 6520    1681  1538  1547  1684
 6521    1538  1681  1675  1684
 6522    1672  1681  1682  1675
 6523    1673  1672  1682  1675
 6524    1681  1682  1675  1684
 6525    1682  1673  1675  1676
 6526    1682  1675  1684  1685
 6527    1675  1682  1676  1685
 6528    1673  1682  1683  1676
 6529    1674  1673  1683  1676
 6530    1682  1683  1676  1685
 6531    1683  1674  1676  1677
 6532    1683  1676  1685  1686
 6533    1676  1683  1677  1686
 6534    1538  1547  1684  1541
 6535    1675  1538  1684  1541
 6536    1547  1684  1541  1550
 6537    1684  1675  1541  1678
 6538    1684  1541  1550  1687
 6539    1541  1684  1678  1687
 6540    1675  1684  1685  1678
 6541    1676  1675  1685  1678
 6542    1684  1685  1678  1687
 6543    1685  1676  1678  1679
 6544    1685  1678  1687  1688
 6545    1678  1685  1679  1688
 6546    1676  1685  1686  1679
 6547    1677  1676  1686  1679
 6548    1685  1686  1679  1688
 6549    1686  1677  1679  1680
 6550    1686  1679  1688  1689
 6551    1679  1686  1680  1689
 6552    1544  1553  1690  1547
 6553    1681  1544  1690  1547
 6554    1553  1690  1547  1556
 6555    1690  1681  1547  1684
 6556    1690  1547  1556  1693
 6557    1547  1690  1684  1693
 6558    1681  1690  1691  1684
 6559    1682  1681  1691  1684
 6560    1690  1691  1684  1693
 6561    1691  1682  1684  1685
 6562    1691  1684  1693  1694
 6563    1684  1691  1685  1694
 6564    1682  1691  1692  1685
 6565    1683  1682  1692  1685
 6566    1691  1692  1685  1694
 6567    1692  1683  1685  1686
 6568    1692  1685  1694  1695
 6569    1685  1692  1686  1695
 6570    1547  1556  1693  1550
 6571    1684  1547  1693  1550
 6572    1556  1693  1550  1559
 6573    1693  1684  1550  1687
 6574    1693  1550  1559  1696
 6575    1550  1693  1687  1696
 6576    1684  1693  1694  1687
 6577    1685  1684  1694  1687
 6578    1693  1694  1687  1696
 6579    1694  1685  1687  1688
 6580    1694  1687  1696  1697
 6581    1687  1694  1688  1697
 6582    1685  1694  1695  1688
 6583    1686  1685  1695  1688
 6584    1694  1695  1688  1697
 6585    1695  1686  1688  1689
 6586    1695  1688  1697  1698
 6587    1688  1695  1689  1698
 6588    1553  1492  1627  1556
 6589    1690  1553  1627  1556
 6590    1492  1627  1556  1498
 6591    1627  1690  1556  1693
 6592    1627  1556  1498  1633
 6593    1556  1627  1693  1633
 6594    1690  1627  1629  1693
 6595    1691  1690  1629  1693
 6596    1627  1629  1693  1633
 6597    1629  1691  1693  1694
 6598    1629  1693  1633  1635
 6599    1693  1629  1694  1635
 6600    1691  1629  1631  1694
 6601    1692  1691  1631  1694
 6602    1629  1631  1694  1635
 6603    1631  1692  1694  1695
 6604    1631  1694  1635  1637
 6605    1694  1631  1695  1637
 6606    1556  1498  1633  1559
 6607    1693  1556  1633  1559
 6608    1498  1633  1559  1504
 6609    1633  1693  1559  1696
 6610    1633  1559  1504  1639
 6611    1559  1633  1696  1639
 6612    1693  1633  1635  1696
 6613    1694  1693  1635  1696
 6614    1633  1635  1696  1639
 6615    1635  1694  1696  1697
 6616    1635  1696  1639  1641
 6617    1696  1635  1697  1641
 6618    1694  1635  1637  1697
 6619    1695  1694  1637  1697
 6620    1635  1637  1697  1641
 6621    1637  1695  1697  1698
 6622    1637  1697  1641  1643
 6623    1697  1637  1698  1643
 6624    1564  1565  1700  1570
 6625    1699  1564  1700  1570
 6626    1565  1700  1570  1571
 6627    1700  1699  1570  1705
 6628    1700  1570  1571  1706
 6629    1570  1700  1705  1706
 6630    1699  1700  1702  1705
 6631    1701  1699  1702  1705
 6632    1700  1702  1705  1706
 6633    1702  1701  1705  1707
 6634    1702  1705  1706  1708
 6635    1705  1702  1707  1708
 6636    1701  1702  1704  1707
 6637    1703  1701  1704  1707
 6638    1702  1704  1707  1708
 6639    1704  1703  1707  1709
 6640    1704  1707  1708  1710
 6641    1707  1704  1709  1710
 6642    1570  1571  1706  1504
 6643    1705  1570  1706  1504
 6644    1571  1706  1504  1559
 6645    1706  1705  1504  1639
 6646    1706  1504  1559  1696
 6647    1504  1706  1639  1696
 6648    1705  1706  1708  1639
 6649    1707  1705  1708  1639
 6650    1706  1708  1639  1696
 6651    1708  1707  1639  1641
 6652    1708  1639  1696  1697
 6653    1639  1708  1641  1697
 6654    1707  1708  1710  1641
 6655    1709  1707  1710  1641
 6656    1708  1710  1641  1697
 6657    1710  1709  1641  1643
 6658    1710  1641  1697  1698
 6659    1641  1710  1643  1698
 6660    1565  1578  1711  1571
 6661    1700  1565  1711  1571
 6662    1578  1711  1571  1581
 6663    1711  1700  1571  1706
 6664    1711  1571  1581  1714
 6665    1571  1711  1706  1714
 6666    1700  1711  1712  1706
 6667    1702  1700  1712  1706
 6668    1711  1712  1706  1714
 6669    1712  1702  1706  1708
 6670    1712  1706  1714  1715
 6671    1706  1712  1708  1715
 6672    1702  1712  1713  1708
 6673    1704  1702  1713  1708
 6674    1712  1713  1708  1715
 6675    1713  1704  1708  1710
 6676    1713  1708  1715  1716
 6677    1708  1713  1710  1716
 6678    1571  1581  1714  1559
 6679    1706  1571  1714  1559
 6680    1581  1714  1559  1550
 6681    1714  1706  1559  1696
 6682    1714  1559  1550  1687
 6683    1559  1714  1696  1687
 6684    1706  1714  1715  1696
 6685    1708  1706  1715  1696
 6686    1714  1715  1696  1687
 6687    1715  1708  1696  1697
 6688    1715  1696  1687  1688
 6689    1696  1715  1697  1688
 6690    1708  1715  1716  1697
 6691    1710  1708  1716  1697
 6692    1715  1716  1697  1688
 6693    1716  1710  1697  1698
 6694    1716  1697  1688  1689
 6695    1697  1716  1698  1689
 6696    1578  1586  1717  1581
 6697    1711  1578  1717  1581
 6698    1586  1717  1581  1589
 6699    1717  1711  1581  1714
 6700    1717  1581  1589  1720
 6701    1581  1717  1714  1720
 6702    1711  1717  1718  1714
 6703    1712  1711  1718  1714
 6704    1717  1718  1714  1720
 6705    1718  1712  1714  1715
 6706    1718  1714  1720  1721
 6707    1714  1718  1715  1721
 6708    1712  1718  1719  1715
 6709    1713  1712  1719  1715
 6710    1718  1719  1715  1721
 6711    1719  1713  1715  1716
 6712    1719  1715  1721  1722
 6713    1715  1719  1716  1722
 6714    1581  1589  1720  1550
 6715    1714  1581  1720  1550
 6716    1589  1720  1550  1541
 6717    1720  1714  1550  1687
 6718    1720  1550  1541  1678
 6719    1550  1720  1687  1678
 6720    1714  1720  1721  1687
 6721    1715  1714  1721  1687
 6722    1720  1721  1687  1678
 6723    1721  1715  1687  1688
 6724    1721  1687  1678  1679
 6725    1687  1721  1688  1679
 6726    1715  1721  1722  1688
 6727    1716  1715  1722  1688
 6728    1721  1722  1688  1679
 6729    1722  1716  1688  1689
 6730    1722  1688  1679  1680
 6731    1688  1722  1689  1680
 6732    1586  1594  1723  1589
 6733    1717  1586  1723  1589
 6734    1594  1723  1589  1597
 6735    1723  1717  1589  1720
 6736    1723  1589  1597  1726
 6737    1589  1723  1720  1726
 6738    1717  1723  1724  1720
 6739    1718  1717  1724  1720
 6740    1723  1724  1720  1726
 6741    1724  1718  1720  1721
 6742    1724  1720  1726  1727
 6743    1720  1724  1721  1727
 6744    1718  1724  1725  1721
 6745    1719  1718  1725  1721
 6746    1724  1725  1721  1727
 6747    1725  1719  1721  1722
 6748    1725  1721  1727  1728
 6749    1721  1725  1722  1728
 6750    1589  1597  1726  1541
 6751    1720  1589  1726  1541
 6752    1597  1726  1541  1532
 6753    1726  1720  1541  1678
 6754    1726  1541  1532  1669
 6755    1541  1726  1678  1669
 6756    1720  1726  1727  1678
 6757    1721  1720  1727  1678
 6758    1726  1727  1678  1669
 6759    1727  1721  1678  1679
 6760    1727  1678  1669  1670
 6761    1678  1727  1679  1670
 6762    1721  1727  1728  1679
 6763    1722  1721  1728  1679
 6764    1727  1728  1679  1670
 6765    1728  1722  1679  1680
 6766    1728  1679  1670  1671
 6767    1679  1728  1680  1671
 6768    1594  1602  1729  1597
 6769    1723  1594  1729  1597
 6770    1602  1729  1597  1605
 6771    1729  1723  1597  1726
 6772    1729  1597  1605  1732
 6773    1597  1729  1726  1732
 6774    1723  1729  1730  1726
 6775    1724  1723  1730  1726
 6776    1729  1730  1726  1732
 6777    1730  1724  1726  1727
 6778    1730  1726  1732  1733
 6779    1726  1730  1727  1733
 6780    1724  1730  1731  1727
 6781    1725  1724  1731  1727
 6782    1730  1731  1727  1733
 6783    1731  1725  1727  1728
 6784    1731  1727  1733  1734
 6785    1727  1731  1728  1734
 6786    1597  1605  1732  1532
 6787    1726  1597  1732  1532
 6788    1605  1732  1532  1608
 6789    1732  1726  1532  1669
 6790    1732  1532  1608  1735
 6791    1532  1732  1669  1735
 6792    1726  1732  1733  1669
 6793    1727  1726  1733  1669
 6794    1732  1733  1669  1735
 6795    1733  1727  1669  1670
 6796    1733  1669  1735  1736
 6797    1669  1733  1670  1736
 6798    1727  1733  1734  1670
 6799    1728  1727  1734  1670
 6800    1733  1734  1670  1736
 6801    1734  1728  1670  1671
 6802    1734  1670  1736  1737
 6803    1670  1734  1671  1737
 6804    1602  1611  1738  1605
 6805    1729  1602  1738  1605
 6806    1611  1738  1605  1614
 6807    1738  1729  1605  1732
 6808    1738  1605  1614  1741
 6809    1605  1738  1732  1741
 6810    1729  1738  1739  1732
 6811    1730  1729  1739  1732
 6812    1738  1739  1732  1741
 6813    1739  1730  1732  1733
 6814    1739  1732  1741  1742
 6815    1732  1739  1733  1742
 6816    1730  1739  1740  1733
 6817    1731  1730  1740  1733
 6818    1739  1740  1733  1742
 6819    1740  1731  1733  1734
 6820    1740  1733  1742  1743
 6821    1733  1740  1734  1743
 6822    1605  1614  1741  1608
 6823    1732  1605  1741  1608
 6824    1614  1741  1608  1617
 6825    1741  1732  1608  1735
 6826    1741  1608  1617  1744
 6827    1608  1741  1735  1744
 6828    1732  1741  1742  1735
 6829    1733  1732  1742  1735
 6830    1741  1742  1735  1744
 6831    1742  1733  1735  1736
 6832    1742  1735  1744  1745
 6833    1735  1742  1736  1745
 6834    1733  1742  1743  1736
 6835    1734  1733  1743  1736
 6836    1742  1743  1736  1745
 6837    1743  1734  1736  1737
 6838    1743  1736  1745  1746
 6839    1736  1743  1737  1746
 6840    1611  1620  1747  1614
 6841    1738  1611  1747  1614
 6842    1620  1747  1614  1623
 6843    1747  1738  1614  1741
 6844    1747  1614  1623  1750
 6845    1614  1747  1741  1750
 6846    1738  1747  1748  1741
 6847    1739  1738  1748  1741
 6848    1747  1748  1741  1750
 6849    1748  1739  1741  1742
 6850    1748  1741  1750  1751
 6851    1741  1748  1742  1751
 6852    1739  1748  1749  1742
 6853    1740  1739  1749  1742
 6854    1748  1749  1742  1751
 6855    1749  1740  1742  1743
 6856    1749  1742  1751  1752
 6857    1742  1749  1743  1752
 6858    1614  1623  1750  1617
 6859    1741  1614  1750  1617
 6860    1623  1750  1617  1626
 6861    1750  1741  1617  1744
 6862    1750  1617  1626  1753
 6863    1617  1750  1744  1753
 6864    1741  1750  1751  1744
 6865    1742  1741  1751  1744
 6866    1750  1751  1744  1753
 6867    1751  1742  1744  1745
 6868    1751  1744  1753  1754
 6869    1744  1751  1745  1754
 6870    1742  1751  1752  1745
 6871    1743  1742  1752  1745
 6872    1751  1752  1745  1754
 6873    1752  1743  1745  1746
 6874    1752  1745  1754  1755
 6875    1745  1752  1746  1755
 6876    1620  1564  1699  1623
 6877    1747  1620  1699  1623
 6878    1564  1699  1623  1570
 6879    1699  1747  1623  1750
 6880    1699  1623  1570  1705
 6881    1623  1699  1750  1705
 6882    1747  1699  1701  1750
 6883    1748  1747  1701  1750
 6884    1699  1701  1750  1705
 6885    1701  1748  1750  1751
 6886    1701  1750  1705  1707
 6887    1750  1701  1751  1707
 6888    1748  1701  1703  1751
 6889    1749  1748  1703  1751
 6890    1701  1703  1751  1707
 6891    1703  1749  1751  1752
 6892    1703  1751  1707  1709
 6893    1751  1703  1752  1709
 6894    1623  1570  1705  1626
 6895    1750  1623  1705  1626
 6896    1570  1705  1626  1504
 6897    1705  1750  1626  1753
 6898    1705  1626  1504  1639
 6899    1626  1705  1753  1639
 6900    1750  1705  1707  1753
 6901    1751  1750  1707  1753
 6902    1705  1707  1753  1639
 6903    1707  1751  1753  1754
 6904    1707  1753  1639  1641
 6905    1753  1707  1754  1641
 6906    1751  1707  1709  1754
 6907    1752  1751  1709  1754
 6908    1707  1709  1754  1641
 6909    1709  1752  1754  1755
 6910    1709  1754  1641  1643
 6911    1754  1709  1755  1643
 6912    1631  1632  1757  1637
 6913    1756  1631  1757  1637
 6914    1632  1757  1637  1638
 6915    1757  1756  1637  1762
 6916    1757  1637  1638  1763
 6917    1637  1757  1762  1763
 6918    1756  1757  1759  1762
 6919    1758  1756  1759  1762
 6920    1757  1759  1762  1763
 6921    1759  1758  1762  1764
 6922    1759  1762  1763  1765
 6923    1762  1759  1764  1765
 6924    1758  1759  1761  1764
 6925    1760  1758  1761  1764
 6926    1759  1761  1764  1765
 6927    1761  1760  1764  1766
 6928    1761  1764  1765  1767
 6929    1764  1761  1766  1767
 6930    1637  1638  1763  1643
 6931    1762  1637  1763  1643
 6932    1638  1763  1643  1644
 6933    1763  1762  1643  1768
 6934    1763  1643  1644  1769
 6935    1643  1763  1768  1769
 6936    1762  1763  1765  1768
 6937    1764  1762  1765  1768
 6938    1763  1765  1768  1769
 6939    1765  1764  1768  1770
 6940    1765  1768  1769  1771
 6941    1768  1765  1770  1771
 6942    1764  1765  1767  1770
 6943    1766  1764  1767  1770
 6944    1765  1767  1770  1771
 6945    1767  1766  1770  1772
 6946    1767  1770  1771  1773
 6947    1770  1767  1772  1773
 6948    1632  1647  1774  1638
 6949    1757  1632  1774  1638
 6950    1647  1774  1638  1650
 6951    1774  1757  1638  1763
 6952    1774  1638  1650  1777
 6953    1638  1774  1763  1777
 6954    1757  1774  1775  1763
 6955    1759  1757  1775  1763
 6956    1774  1775  1763  1777
 6957    1775  1759  1763  1765
 6958    1775  1763  1777  1778
 6959    1763  1775  1765  1778
 6960    1759  1775  1776  1765
 6961    1761  1759  1776  1765
 6962    1775  1776  1765  1778
 6963    1776  1761  1765  1767
 6964    1776  1765  1778  1779
 6965    1765  1776  1767  1779
 6966    1638  1650  1777  1644
 6967    1763  1638  1777  1644
 6968    1650  1777  1644  1653
 6969    1777  1763  1644  1769
 6970    1777  1644  1653  1780
 6971    1644  1777  1769  1780
 6972    1763  1777  1778  1769
 6973    1765  1763  1778  1769
 6974    1777  1778  1769  1780
 6975    1778  1765  1769  1771
 6976    1778  1769  1780  1781
 6977    1769  1778  1771  1781
 6978    1765  1778  1779  1771
 6979    1767  1765  1779  1771
 6980    1778  1779  1771  1781
 6981    1779  1767  1771  1773
 6982    1779  1771  1781  1782
 6983    1771  1779  1773  1782
 6984    1647  1656  1783  1650
 6985    1774  1647  1783  1650
 6986    1656  1783  1650  1659
 6987    1783  1774  1650  1777
 6988    1783  1650  1659  1786
 6989    1650  1783  1777  1786
 6990    1774  1783  1784  1777
 6991    1775  1774  1784  1777
 6992    1783  1784  1777  1786
 6993    1784  1775  1777  1778
 6994    1784  1777  1786  1787
 6995    1777  1784  1778  1787
 6996    1775  1784  1785  1778
 6997    1776  1775  1785  1778
 6998    1784  1785  1778  1787
 6999    1785  1776  1778  1779
 7000    1785  1778  1787  1788
 7001    1778  1785  1779  1788
 7002    1650  1659  1786  1653
 7003    1777  1650  1786  1653
 7004    1659  1786  1653  1662
 7005    1786  1777  1653  1780
 7006    1786  1653  1662  1789
 7007    1653  1786  1780  1789
 7008    1777  1786  1787  1780
 7009    1778  1777  1787  1780
 7010    1786  1787  1780  1789
 7011    1787  1778  1780  1781
 7012    1787  1780  1789  1790
 7013    1780  1787  1781  1790
 7014    1778  1787  1788  1781
 7015    1779  1778  1788  1781
 7016    1787  1788  1781  1790
 7017    1788  1779  1781  1782
 7018    1788  1781  1790  1791
 7019    1781  1788  1782  1791
 7020    1656  1665  1792  1659
 7021    1783  1656  1792  1659
 7022    1665  1792  1659  1668
 7023    1792  1783  1659  1786
 7024    1792  1659  1668  1795
 7025    1659  1792  1786  1795
 7026    1783  1792  1793  1786
 7027    1784  1783  1793  1786
 7028    1792  1793  1786  1795
 7029    1793  1784  1786  1787
 7030    1793  1786  1795  1796
 7031    1786  1793  1787  1796
 7032    1784  1793  1794  1787
 7033    1785  1784  1794  1787
 7034    1793  1794  1787  1796
 7035    1794  1785  1787  1788
 7036    1794  1787  1796  1797
 7037    1787  1794  1788  1797
 7038    1659  1668  1795  1662
 7039    1786  1659  1795  1662
 7040    1668  1795  1662  1671
 7041    1795  1786  1662  1789
 7042    1795  1662  1671  1798
 7043    1662  1795  1789  1798
 7044    1786  1795  1796  1789
 7045    1787  1786  1796  1789
 7046    1795  1796  1789  1798
 7047    1796  1787  1789  1790
 7048    1796  1789  1798  1799
 7049    1789  1796  1790  1799
 7050    1787  1796  1797  1790
 7051    1788  1787  1797  1790
 7052    1796  1797  1790  1799
 7053    1797  1788  1790  1791
 7054    1797  1790  1799  1800
 7055    1790  1797  1791  1800
 7056    1665  1674  1801  1668
 7057    1792  1665  1801  1668
 7058    1674  1801  1668  1677
 7059    1801  1792  1668  1795
 7060    1801  1668  1677  1804
 7061    1668  1801  1795  1804
 7062    1792  1801  1802  1795
 7063    1793  1792  1802  1795
 7064    1801  1802  1795  1804
 7065    1802  1793  1795  1796
 7066    1802  1795  1804  1805
 7067    1795  1802  1796  1805
 7068    1793  1802  1803  1796
 7069    1794  1793  1803  1796
 7070    1802  1803  1796  1805
 7071    1803  1794  1796  1797
 7072    1803  1796  1805  1806
 7073    1796  1803  1797  1806
 7074    1668  1677  1804  1671
 7075    1795  1668  1804  1671
 7076    1677  1804  1671  1680
 7077    1804  1795  1671  1798
 7078    1804  1671  1680  1807
 7079    1671  1804  1798  1807
 7080    1795  1804  1805  1798
 7081    1796  1795  1805  1798
 7082    1804  1805  1798  1807
 7083    1805  1796  1798  1799
 7084    1805  1798  1807  1808
 7085    1798  1805  1799  1808
 7086    1796  1805  1806  1799
 7087    1797  1796  1806  1799
 7088    1805  1806  1799  1808
 7089    1806  1797  1799  1800
 7090    1806  1799  1808  1809
 7091    1799  1806  1800  1809
 7092    1674  1683  1810  1677
 7093    1801  1674  1810  1677
 7094    1683  1810  1677  1686
 7095    1810  1801  1677  1804
 7096    1810  1677  1686  1813
 7097    1677  1810  1804  1813
 7098    1801  1810  1811  1804
 7099    1802  1801  1811  1804
 7100    1810  1811  1804  1813
 7101    1811  1802  1804  1805
 7102    1811  1804  1813  1814
 7103    1804  1811  1805  1814
 7104    1802  1811  1812  1805
 7105    1803  1802  1812  1805
 7106    1811  1812  1805  1814
 7107    1812  1803  1805  1806
 7108    1812  1805  1814  1815
 7109    1805  1812  1806  1815
 7110    1677  1686  1813  1680
 7111    1804  1677  1813  1680
 7112    1686  1813  1680  1689
 7113    1813  1804  1680  1807
 7114    1813  1680  1689  1816
 7115    1680  1813  1807  1816
 7116    1804  1813  1814  1807
 7117    1805  1804  1814  1807
 7118    1813  1814  1807  1816
 7119    1814  1805  1807  1808
 7120    1814  1807  1816  1817
 7121    1807  1814  1808  1817
 7122    1805  1814  1815  1808
 7123    1806  1805  1815  1808
 7124    1814  1815  1808  1817
 7125    1815  1806  1808  1809
 7126    1815  1808  1817  1818
 7127    1808  1815  1809  1818
 7128    1683  1692  1819  1686
 7129    1810  1683  1819  1686
 7130    1692  1819  1686  1695
 7131    1819  1810  1686  1813
 7132    1819  1686  1695  1822
 7133    1686  1819  1813  1822
 7134    1810  1819  1820  1813
 7135    1811  1810  1820  1813
 7136    1819  1820  1813  1822
 7137    1820  1811  1813  1814
 7138    1820  1813  1822  1823
 7139    1813  1820  1814  1823
 7140    1811  1820  1821  1814
 7141    1812  1811  1821  1814
 7142    1820  1821  1814  1823
 7143    1821  1812  1814  1815
 7144    1821  1814  1823  1824
 7145    1814  1821  1815  1824
 7146    1686  1695  1822  1689
 7147    1813  1686  1822  1689
 7148    1695  1822  1689  1698
 7149    1822  1813  1689  1816
 7150    1822  1689  1698  1825
 7151    1689  1822  1816  1825
 7152    1813  1822  1823  1816
 7153    1814  1813  1823  1816
 7154    1822  1823  1816  1825
 7155    1823  1814  1816  1817
 7156    1823  1816  1825  1826
 7157    1816  1823  1817  1826
 7158    1814  1823  1824  1817
 7159    1815  1814  1824  1817
 7160    1823  1824  1817  1826
 7161    1824  1815  1817  1818
 7162    1824  1817  1826  1827
 7163    1817  1824  1818  1827
 7164    1692  1631  1756  1695
 7165    1819  1692  1756  1695
 7166    1631  1756  1695  1637
 7167    1756  1819  1695  1822
 7168    1756  1695  1637  1762
 7169    1695  1756  1822  1762
 7170    1819  1756  1758  1822
 7171    1820  1819  1758  1822
 7172    1756  1758  1822  1762
 7173    1758  1820  1822  1823
 7174    1758  1822  1762  1764
 7175    1822  1758  1823  1764
 7176    1820  1758  1760  1823
 7177    1821  1820  1760  1823
 7178    1758  1760  1823  1764
 7179    1760  1821  1823  1824
 7180    1760  1823  1764  1766
 7181    1823  1760  1824  1766
 7182    1695  1637  1762  1698
 7183    1822  1695  1762  1698
 7184    1637  1762  1698  1643
 7185    1762  1822  1698  1825
 7186    1762  1698  1643  1768
 7187    1698  1762  1825  1768
 7188    1822  1762  1764  1825
 7189    1823  1822  1764  1825
 7190    1762  1764  1825  1768
 7191    1764  1823  1825  1826
 7192    1764  1825  1768  1770
 7193    1825  1764  1826  1770
 7194    1823  1764  1766  1826
 7195    1824  1823  1766  1826
 7196    1764  1766  1826  1770
 7197    1766  1824  1826  1827
 7198    1766  1826  1770  1772
 7199    1826  1766  1827  1772
 7200    1703  1704  1829  1709
 7201    1828  1703  1829  1709
 7202    1704  1829  1709  1710
 7203    1829  1828  1709  1834
 7204    1829  1709  1710  1835
 7205    1709  1829  1834  1835
 7206    1828  1829  1831  1834
 7207    1830  1828  1831  1834
 7208    1829  1831  1834  1835
 7209    1831  1830  1834  1836
 7210    1831  1834  1835  1837
 7211    1834  1831  1836  1837
 7212    1830  1831  1833  1836
 7213    1832  1830  1833  1836
 7214    1831  1833  1836  1837
 7215    1833  1832  1836  1838
 7216    1833  1836  1837  1839
 7217    1836  1833  1838  1839
 7218    1709  1710  1835  1643
 7219    1834  1709  1835  1643
 7220    1710  1835  1643  1698
 7221    1835  1834  1643  1768
 7222    1835  1643  1698  1825
 7223    1643  1835  1768  1825
 7224    1834  1835  1837  1768
 7225    1836  1834  1837  1768
 7226    1835  1837  1768  1825
 7227    1837  1836  1768  1770
 7228    1837  1768  1825  1826
 7229    1768  1837  1770  1826
 7230    1836  1837  1839  1770
 7231    1838  1836  1839  1770
 7232    1837  1839  1770  1826
 7233    1839  1838  1770  1772
 7234    1839  1770  1826  1827
 7235    1770  1839  1772  1827
 7236    1704  1713  1840  1710
 7237    1829  1704  1840  1710
 7238    1713  1840  1710  1716
 7239    1840  1829  1710  1835
 7240    1840  1710  1716  1843
 7241    1710  1840  1835  1843
 7242    1829  1840  1841  1835
 7243    1831  1829  1841  1835
 7244    1840  1841  1835  1843
 7245    1841  1831  1835  1837
 7246    1841  1835  1843  1844
 7247    1835  1841  1837  1844
 7248    1831  1841  1842  1837
 7249    1833  1831  1842  1837
 7250    1841  1842  1837  1844
 7251    1842  1833  1837  1839
 7252    1842  1837  1844  1845
 7253    1837  1842  1839  1845
 7254    1710  1716  1843  1698
 7255    1835  1710  1843  1698
 7256    1716  1843  1698  1689
 7257    1843  1835  1698  1825
 7258    1843  1698  1689  1816
 7259    1698  1843  1825  1816
 7260    1835  1843  1844  1825
 7261    1837  1835  1844  1825
 7262    1843  1844  1825  1816
 7263    1844  1837  1825  1826
 7264    1844  1825  1816  1817
 7265    1825  1844  1826  1817
 7266    1837  1844  1845  1826
 7267    1839  1837  1845  1826
 7268    1844  1845  1826  1817
 7269    1845  1839  1826  1827
 7270    1845  1826  1817  1818
 7271    1826  1845  1827  1818
 7272    1713  1719  1846  1716
 7273    1840  1713  1846  1716
 7274    1719  1846  1716  1722
 7275    1846  1840  1716  1843
 7276    1846  1716  1722  1849
 7277    1716  1846  1843  1849
 7278    1840  1846  1847  1843
 7279    1841  1840  1847  1843
 7280    1846  1847  1843  1849
 7281    1847  1841  1843  1844
 7282    1847  1843  1849  1850
 7283    1843  1847  1844  1850
 7284    1841  1847  1848  1844
 7285    1842  1841  1848  1844
 7286    1847  1848  1844  1850
 7287    1848  1842  1844  1845
 7288    1848  1844  1850  1851
 7289    1844  1848  1845  1851
 7290    1716  1722  1849  1689
 7291    1843  1716  1849  1689
 7292    1722  1849  1689  1680
 7293    1849  1843  1689  1816
 7294    1849  1689  1680  1807
 7295    1689  1849  1816  1807
 7296    1843  1849  1850  1816
 7297    1844  1843  1850  1816
 7298    1849  1850  1816  1807
 7299    1850  1844  1816  1817
 7300    1850  1816  1807  1808
 7301    1816  1850  1817  1808
 7302    1844  1850  1851  1817
 7303    1845  1844  1851  1817
 7304    1850  1851  1817  1808
 7305    1851  1845  1817  1818
 7306    1851  1817  1808  1809
 7307    1817  1851  1818  1809
 7308    1719  1725  1852  1722
 7309    1846  1719  1852  1722
 7310    1725  1852  1722  1728
 7311    1852  1846  1722  1849
 7312    1852  1722  1728  1855
 7313    1722  1852  1849  1855
 7314    1846  1852  1853  1849
 7315    1847  1846  1853  1849
 7316    1852  1853  1849  1855
 7317    1853  1847  1849  1850
 7318    1853  1849  1855  1856
 7319    1849  1853  1850  1856
 7320    1847  1853  1854  1850
 7321    1848  1847  1854  1850
 7322    1853  1854  1850  1856
 7323    1854  1848  1850  1851
 7324    1854  1850  1856  1857
 7325    1850  1854  1851  1857
 7326    1722  1728  1855  1680
 7327    1849  1722  1855  1680
 7328    1728  1855  1680  1671
 7329    1855  1849  1680  1807
 7330    1855  1680  1671  1798
 7331    1680  1855  1807  1798
 7332    1849  1855  1856  1807
 7333    1850  1849  1856  1807
 7334    1855  1856  1807  1798
 7335    1856  1850  1807  1808
 7336    1856  1807  1798  1799
 7337    1807  1856  1808  1799
 7338    1850  1856  1857  1808
 7339    1851  1850  1857  1808
 7340    1856  1857  1808  1799
 7341    1857  1851  1808  1809
 7342    1857  1808  1799  1800
 7343    1808  1857  1809  1800
 7344    1725  1731  1858  1728
 7345    1852  1725  1858  1728
 7346    1731  1858  1728  1734
 7347    1858  1852  1728  1855
 7348    1858  1728  1734  1861
 7349    1728  1858  1855  1861
 7350    1852  1858  1859  1855
 7351    1853  1852  1859  1855
 7352    1858  1859  1855  1861
 7353    1859  1853  1855  1856
 7354    1859  1855  1861  1862
 7355    1855  1859  1856  1862
 7356    1853  1859  1860  1856
 7357    1854  1853  1860  1856
 7358    1859  1860  1856  1862
 7359    1860  1854  1856  1857
 7360    1860  1856  1862  1863
 7361    1856  1860  1857  1863
 7362    1728  1734  1861  1671
 7363    1855  1728  1861  1671
 7364    1734  1861  1671  1737
 7365    1861  1855  1671  1798
 7366    1861  1671  1737  1864
 7367    1671  1861  1798  1864
 7368    1855  1861  1862  1798
 7369    1856  1855  1862  1798
 7370    1861  1862  1798  1864
 7371    1862  1856  1798  1799
 7372    1862  1798  1864  1865
 7373    1798  1862  1799  1865
 7374    1856  1862  1863  1799
 7375    1857  1856  1863  1799
 7376    1862  1863  1799  1865
 7377    1863  1857  1799  1800
 7378    1863  1799  1865  1866
 7379    1799  1863  1800  1866
 7380    1731  1740  1867  1734
 7381    1858  1731  1867  1734
 7382    1740  1867  1734  1743
 7383    1867  1858  1734  1861
 7384    1867  1734  1743  1870
 7385    1734  1867  1861  1870
 7386    1858  1867  1868  1861
 7387    1859  1858  1868  1861
 7388    1867  1868  1861  1870
 7389    1868  1859  1861  1862
 7390    1868  1861  1870  1871
 7391    1861  1868  1862  1871
 7392    1859  1868  1869  1862
 7393    1860  1859  1869  1862
 7394    1868  1869  1862  1871
 7395    1869  1860  1862  1863
 7396    1869  1862  1871  1872
 7397    1862  1869  1863  1872
 7398    1734  1743  1870  1737
 7399    1861  1734  1870  1737
 7400    1743  1870  1737  1746
 7401    1870  1861  1737  1864
 7402    1870  1737  1746  1873
 7403    1737  1870  1864  1873
 7404    1861  1870  1871  1864
 7405    1862  1861  1871  1864
 7406    1870  1871  1864  1873
 7407    1871  1862  1864  1865
 7408    1871  1864  1873  1874
 7409    1864  1871  1865  1874
 7410    1862  1871  1872  1865
 7411    1863  1862  1872  1865
 7412    1871  1872  1865  1874
 7413    1872  1863  1865  1866
 7414    1872  1865  1874  1875
 7415    1865  1872  1866  1875
 7416    1740  1749  1876  1743
 7417    1867  1740  1876  1743
 7418    1749  1876  1743  1752
 7419    1876  1867  1743  1870
 7420    1876  1743  1752  1879
 7421    1743  1876  1870  1879
 7422    1867  1876  1877  1870
 7423    1868  1867  1877  1870
 7424    1876  1877  1870  1879
 7425    1877  1868  1870  1871
 7426    1877  1870  1879  1880
 7427    1870  1877  1871  1880
 7428    1868  1877  1878  1871
 7429    1869  1868  1878  1871
 7430    1877  1878  1871  1880
 7431    1878  1869  1871  1872
 7432    1878  1871  1880  1881
 7433    1871  1878  1872  1881
 7434    1743  1752  1879  1746
 7435    1870  1743  1879  1746
 7436    1752  1879  1746  1755
 7437    1879  1870  1746  1873
 7438    1879  1746  1755  1882
 7439    1746  1879  1873  1882
 7440    1870  1879  1880  1873
 7441    1871  1870  1880  1873
 7442    1879  1880  1873  1882
 7443    1880  1871  1873  1874
 7444    1880  1873  1882  1883
 7445    1873  1880  1874  1883
 7446    1871  1880  1881  1874
 7447    1872  1871  1881  1874
 7448    1880  1881  1874  1883
 7449    1881  1872  1874  1875
 7450    1881  1874  1883  1884
 7451    1874  1881  1875  1884
 7452    1749  1703  1828  1752
 7453    1876  1749  1828  1752
 7454    1703  1828  1752  1709
 7455    1828  1876  1752  1879
 7456    1828  1752  1709  1834
 7457    1752  1828  1879  1834
 7458    1876  1828  1830  1879
 7459    1877  1876  1830  1879
 7460    1828  1830  1879  1834
 7461    1830  1877  1879  1880
 7462    1830  1879  1834  1836
 7463    1879  1830  1880  1836
 7464    1877  1830  1832  1880
 7465    1878  1877  1832  1880
 7466    1830  1832  1880  1836
 7467    1832  1878  1880  1881
 7468    1832  1880  1836  1838
 7469    1880  1832  1881  1838
 7470    1752  1709  1834  1755
 7471    1879  1752  1834  1755
 7472    1709  1834  1755  1643
 7473    1834  1879  1755  1882
 7474    1834  1755  1643  1768
 7475    1755  1834  1882  1768
 7476    1879  1834  1836  1882
 7477    1880  1879  1836  1882
 7478    1834  1836  1882  1768
 7479    1836  1880  1882  1883
 7480    1836  1882  1768  1770
 7481    1882  1836  1883  1770
 7482    1880  1836  1838  1883
 7483    1881  1880  1838  1883
 7484    1836  1838  1883  1770
 7485    1838  1881  1883  1884
 7486    1838  1883  1770  1772
 7487    1883  1838  1884  1772
# Generated by tetgen rat_uterus_test_mesh_mid_res.ele 
