# This file was created by meshio v5.3.4
4992 4 0
0 0 1 3 6
1 0 3 2 6
2 1 3 6 7
3 3 2 6 8
4 3 6 7 9
5 3 6 9 8
6 2 3 5 8
7 2 5 4 8
8 3 5 8 9
9 5 4 8 10
10 5 8 9 11
11 5 8 11 10
12 1 12 13 7
13 1 13 3 7
14 12 13 7 15
15 13 3 7 9
16 13 7 15 16
17 13 7 16 9
18 3 13 14 9
19 3 14 5 9
20 13 14 9 16
21 14 5 9 11
22 14 9 16 17
23 14 9 17 11
24 12 18 19 15
25 12 19 13 15
26 18 19 15 21
27 19 13 15 16
28 19 15 21 22
29 19 15 22 16
30 13 19 20 16
31 13 20 14 16
32 19 20 16 22
33 20 14 16 17
34 20 16 22 23
35 20 16 23 17
36 18 24 25 21
37 18 25 19 21
38 24 25 21 27
39 25 19 21 22
40 25 21 27 28
41 25 21 28 22
42 19 25 26 22
43 19 26 20 22
44 25 26 22 28
45 26 20 22 23
46 26 22 28 29
47 26 22 29 23
48 24 30 31 27
49 24 31 25 27
50 30 31 27 33
51 31 25 27 28
52 31 27 33 34
53 31 27 34 28
54 25 31 32 28
55 25 32 26 28
56 31 32 28 34
57 32 26 28 29
58 32 28 34 35
59 32 28 35 29
60 30 36 37 33
61 30 37 31 33
62 36 37 33 39
63 37 31 33 34
64 37 33 39 40
65 37 33 40 34
66 31 37 38 34
67 31 38 32 34
68 37 38 34 40
69 38 32 34 35
70 38 34 40 41
71 38 34 41 35
72 36 42 43 39
73 36 43 37 39
74 42 43 39 45
75 43 37 39 40
76 43 39 45 46
77 43 39 46 40
78 37 43 44 40
79 37 44 38 40
80 43 44 40 46
81 44 38 40 41
82 44 40 46 47
83 44 40 47 41
84 42 0 2 45
85 42 2 43 45
86 0 2 45 6
87 2 43 45 46
88 2 45 6 8
89 2 45 8 46
90 43 2 4 46
91 43 4 44 46
92 2 4 46 8
93 4 44 46 47
94 4 46 8 10
95 4 46 10 47
96 6 7 9 48
97 6 9 8 48
98 7 9 48 49
99 9 8 48 50
100 9 48 49 51
101 9 48 51 50
102 8 9 11 50
103 8 11 10 50
104 9 11 50 51
105 11 10 50 52
106 11 50 51 53
107 11 50 53 52
108 7 15 16 49
109 7 16 9 49
110 15 16 49 54
111 16 9 49 51
112 16 49 54 55
113 16 49 55 51
114 9 16 17 51
115 9 17 11 51
116 16 17 51 55
117 17 11 51 53
118 17 51 55 56
119 17 51 56 53
120 15 21 22 54
121 15 22 16 54
122 21 22 54 57
123 22 16 54 55
124 22 54 57 58
125 22 54 58 55
126 16 22 23 55
127 16 23 17 55
128 22 23 55 58
129 23 17 55 56
130 23 55 58 59
131 23 55 59 56
132 21 27 28 57
133 21 28 22 57
134 27 28 57 60
135 28 22 57 58
136 28 57 60 61
137 28 57 61 58
138 22 28 29 58
139 22 29 23 58
140 28 29 58 61
141 29 23 58 59
142 29 58 61 62
143 29 58 62 59
144 27 33 34 60
145 27 34 28 60
146 33 34 60 63
147 34 28 60 61
148 34 60 63 64
149 34 60 64 61
150 28 34 35 61
151 28 35 29 61
152 34 35 61 64
153 35 29 61 62
154 35 61 64 65
155 35 61 65 62
156 33 39 40 63
157 33 40 34 63
158 39 40 63 66
159 40 34 63 64
160 40 63 66 67
161 40 63 67 64
162 34 40 41 64
163 34 41 35 64
164 40 41 64 67
165 41 35 64 65
166 41 64 67 68
167 41 64 68 65
168 39 45 46 66
169 39 46 40 66
170 45 46 66 69
171 46 40 66 67
172 46 66 69 70
173 46 66 70 67
174 40 46 47 67
175 40 47 41 67
176 46 47 67 70
177 47 41 67 68
178 47 67 70 71
179 47 67 71 68
180 45 6 8 69
181 45 8 46 69
182 6 8 69 48
183 8 46 69 70
184 8 69 48 50
185 8 69 50 70
186 46 8 10 70
187 46 10 47 70
188 8 10 70 50
189 10 47 70 71
190 10 70 50 52
191 10 70 52 71
192 4 5 73 10
193 4 73 72 10
194 5 73 10 11
195 73 72 10 76
196 73 10 11 77
197 73 10 77 76
198 72 73 75 76
199 72 75 74 76
200 73 75 76 77
201 75 74 76 78
202 75 76 77 79
203 75 76 79 78
204 5 14 80 11
205 5 80 73 11
206 14 80 11 17
207 80 73 11 77
208 80 11 17 82
209 80 11 82 77
210 73 80 81 77
211 73 81 75 77
212 80 81 77 82
213 81 75 77 79
214 81 77 82 83
215 81 77 83 79
216 14 20 84 17
217 14 84 80 17
218 20 84 17 23
219 84 80 17 82
220 84 17 23 86
221 84 17 86 82
222 80 84 85 82
223 80 85 81 82
224 84 85 82 86
225 85 81 82 83
226 85 82 86 87
227 85 82 87 83
228 20 26 88 23
229 20 88 84 23
230 26 88 23 29
231 88 84 23 86
232 88 23 29 90
233 88 23 90 86
234 84 88 89 86
235 84 89 85 86
236 88 89 86 90
237 89 85 86 87
238 89 86 90 91
239 89 86 91 87
240 26 32 92 29
241 26 92 88 29
242 32 92 29 35
243 92 88 29 90
244 92 29 35 94
245 92 29 94 90
246 88 92 93 90
247 88 93 89 90
248 92 93 90 94
249 93 89 90 91
250 93 90 94 95
251 93 90 95 91
252 32 38 96 35
253 32 96 92 35
254 38 96 35 41
255 96 92 35 94
256 96 35 41 98
257 96 35 98 94
258 92 96 97 94
259 92 97 93 94
260 96 97 94 98
261 97 93 94 95
262 97 94 98 99
263 97 94 99 95
264 38 44 100 41
265 38 100 96 41
266 44 100 41 47
267 100 96 41 98
268 100 41 47 102
269 100 41 102 98
270 96 100 101 98
271 96 101 97 98
272 100 101 98 102
273 101 97 98 99
274 101 98 102 103
275 101 98 103 99
276 44 4 72 47
277 44 72 100 47
278 4 72 47 10
279 72 100 47 102
280 72 47 10 76
281 72 47 76 102
282 100 72 74 102
283 100 74 101 102
284 72 74 102 76
285 74 101 102 103
286 74 102 76 78
287 74 102 78 103
288 10 11 77 52
289 10 77 76 52
290 11 77 52 53
291 77 76 52 104
292 77 52 53 105
293 77 52 105 104
294 76 77 79 104
295 76 79 78 104
296 77 79 104 105
297 79 78 104 106
298 79 104 105 107
299 79 104 107 106
300 11 17 82 53
301 11 82 77 53
302 17 82 53 56
303 82 77 53 105
304 82 53 56 108
305 82 53 108 105
306 77 82 83 105
307 77 83 79 105
308 82 83 105 108
309 83 79 105 107
310 83 105 108 109
311 83 105 109 107
312 17 23 86 56
313 17 86 82 56
314 23 86 56 59
315 86 82 56 108
316 86 56 59 110
317 86 56 110 108
318 82 86 87 108
319 82 87 83 108
320 86 87 108 110
321 87 83 108 109
322 87 108 110 111
323 87 108 111 109
324 23 29 90 59
325 23 90 86 59
326 29 90 59 62
327 90 86 59 110
328 90 59 62 112
329 90 59 112 110
330 86 90 91 110
331 86 91 87 110
332 90 91 110 112
333 91 87 110 111
334 91 110 112 113
335 91 110 113 111
336 29 35 94 62
337 29 94 90 62
338 35 94 62 65
339 94 90 62 112
340 94 62 65 114
341 94 62 114 112
342 90 94 95 112
343 90 95 91 112
344 94 95 112 114
345 95 91 112 113
346 95 112 114 115
347 95 112 115 113
348 35 41 98 65
349 35 98 94 65
350 41 98 65 68
351 98 94 65 114
352 98 65 68 116
353 98 65 116 114
354 94 98 99 114
355 94 99 95 114
356 98 99 114 116
357 99 95 114 115
358 99 114 116 117
359 99 114 117 115
360 41 47 102 68
361 41 102 98 68
362 47 102 68 71
363 102 98 68 116
364 102 68 71 118
365 102 68 118 116
366 98 102 103 116
367 98 103 99 116
368 102 103 116 118
369 103 99 116 117
370 103 116 118 119
371 103 116 119 117
372 47 10 76 71
373 47 76 102 71
374 10 76 71 52
375 76 102 71 118
376 76 71 52 104
377 76 71 104 118
378 102 76 78 118
379 102 78 103 118
380 76 78 118 104
381 78 103 118 119
382 78 118 104 106
383 78 118 106 119
384 74 75 121 78
385 74 121 120 78
386 75 121 78 79
387 121 120 78 124
388 121 78 79 125
389 121 78 125 124
390 120 121 123 124
391 120 123 122 124
392 121 123 124 125
393 123 122 124 126
394 123 124 125 127
395 123 124 127 126
396 75 81 128 79
397 75 128 121 79
398 81 128 79 83
399 128 121 79 125
400 128 79 83 130
401 128 79 130 125
402 121 128 129 125
403 121 129 123 125
404 128 129 125 130
405 129 123 125 127
406 129 125 130 131
407 129 125 131 127
408 81 85 132 83
409 81 132 128 83
410 85 132 83 87
411 132 128 83 130
412 132 83 87 134
413 132 83 134 130
414 128 132 133 130
415 128 133 129 130
416 132 133 130 134
417 133 129 130 131
418 133 130 134 135
419 133 130 135 131
420 85 89 136 87
421 85 136 132 87
422 89 136 87 91
423 136 132 87 134
424 136 87 91 138
425 136 87 138 134
426 132 136 137 134
427 132 137 133 134
428 136 137 134 138
429 137 133 134 135
430 137 134 138 139
431 137 134 139 135
432 89 93 140 91
433 89 140 136 91
434 93 140 91 95
435 140 136 91 138
436 140 91 95 142
437 140 91 142 138
438 136 140 141 138
439 136 141 137 138
440 140 141 138 142
441 141 137 138 139
442 141 138 142 143
443 141 138 143 139
444 93 97 144 95
445 93 144 140 95
446 97 144 95 99
447 144 140 95 142
448 144 95 99 146
449 144 95 146 142
450 140 144 145 142
451 140 145 141 142
452 144 145 142 146
453 145 141 142 143
454 145 142 146 147
455 145 142 147 143
456 97 101 148 99
457 97 148 144 99
458 101 148 99 103
459 148 144 99 146
460 148 99 103 150
461 148 99 150 146
462 144 148 149 146
463 144 149 145 146
464 148 149 146 150
465 149 145 146 147
466 149 146 150 151
467 149 146 151 147
468 101 74 120 103
469 101 120 148 103
470 74 120 103 78
471 120 148 103 150
472 120 103 78 124
473 120 103 124 150
474 148 120 122 150
475 148 122 149 150
476 120 122 150 124
477 122 149 150 151
478 122 150 124 126
479 122 150 126 151
480 78 79 125 106
481 78 125 124 106
482 79 125 106 107
483 125 124 106 152
484 125 106 107 153
485 125 106 153 152
486 124 125 127 152
487 124 127 126 152
488 125 127 152 153
489 127 126 152 154
490 127 152 153 155
491 127 152 155 154
492 79 83 130 107
493 79 130 125 107
494 83 130 107 109
495 130 125 107 153
496 130 107 109 156
497 130 107 156 153
498 125 130 131 153
499 125 131 127 153
500 130 131 153 156
501 131 127 153 155
502 131 153 156 157
503 131 153 157 155
504 83 87 134 109
505 83 134 130 109
506 87 134 109 111
507 134 130 109 156
508 134 109 111 158
509 134 109 158 156
510 130 134 135 156
511 130 135 131 156
512 134 135 156 158
513 135 131 156 157
514 135 156 158 159
515 135 156 159 157
516 87 91 138 111
517 87 138 134 111
518 91 138 111 113
519 138 134 111 158
520 138 111 113 160
521 138 111 160 158
522 134 138 139 158
523 134 139 135 158
524 138 139 158 160
525 139 135 158 159
526 139 158 160 161
527 139 158 161 159
528 91 95 142 113
529 91 142 138 113
530 95 142 113 115
531 142 138 113 160
532 142 113 115 162
533 142 113 162 160
534 138 142 143 160
535 138 143 139 160
536 142 143 160 162
537 143 139 160 161
538 143 160 162 163
539 143 160 163 161
540 95 99 146 115
541 95 146 142 115
542 99 146 115 117
543 146 142 115 162
544 146 115 117 164
545 146 115 164 162
546 142 146 147 162
547 142 147 143 162
548 146 147 162 164
549 147 143 162 163
550 147 162 164 165
551 147 162 165 163
552 99 103 150 117
553 99 150 146 117
554 103 150 117 119
555 150 146 117 164
556 150 117 119 166
557 150 117 166 164
558 146 150 151 164
559 146 151 147 164
560 150 151 164 166
561 151 147 164 165
562 151 164 166 167
563 151 164 167 165
564 103 78 124 119
565 103 124 150 119
566 78 124 119 106
567 124 150 119 166
568 124 119 106 152
569 124 119 152 166
570 150 124 126 166
571 150 126 151 166
572 124 126 166 152
573 126 151 166 167
574 126 166 152 154
575 126 166 154 167
576 122 123 169 126
577 122 169 168 126
578 123 169 126 127
579 169 168 126 172
580 169 126 127 173
581 169 126 173 172
582 168 169 171 172
583 168 171 170 172
584 169 171 172 173
585 171 170 172 174
586 171 172 173 175
587 171 172 175 174
588 123 129 176 127
589 123 176 169 127
590 129 176 127 131
591 176 169 127 173
592 176 127 131 178
593 176 127 178 173
594 169 176 177 173
595 169 177 171 173
596 176 177 173 178
597 177 171 173 175
598 177 173 178 179
599 177 173 179 175
600 129 133 180 131
601 129 180 176 131
602 133 180 131 135
603 180 176 131 178
604 180 131 135 182
605 180 131 182 178
606 176 180 181 178
607 176 181 177 178
608 180 181 178 182
609 181 177 178 179
610 181 178 182 183
611 181 178 183 179
612 133 137 184 135
613 133 184 180 135
614 137 184 135 139
615 184 180 135 182
616 184 135 139 186
617 184 135 186 182
618 180 184 185 182
619 180 185 181 182
620 184 185 182 186
621 185 181 182 183
622 185 182 186 187
623 185 182 187 183
624 137 141 188 139
625 137 188 184 139
626 141 188 139 143
627 188 184 139 186
628 188 139 143 190
629 188 139 190 186
630 184 188 189 186
631 184 189 185 186
632 188 189 186 190
633 189 185 186 187
634 189 186 190 191
635 189 186 191 187
636 141 145 192 143
637 141 192 188 143
638 145 192 143 147
639 192 188 143 190
640 192 143 147 194
641 192 143 194 190
642 188 192 193 190
643 188 193 189 190
644 192 193 190 194
645 193 189 190 191
646 193 190 194 195
647 193 190 195 191
648 145 149 196 147
649 145 196 192 147
650 149 196 147 151
651 196 192 147 194
652 196 147 151 198
653 196 147 198 194
654 192 196 197 194
655 192 197 193 194
656 196 197 194 198
657 197 193 194 195
658 197 194 198 199
659 197 194 199 195
660 149 122 168 151
661 149 168 196 151
662 122 168 151 126
663 168 196 151 198
664 168 151 126 172
665 168 151 172 198
666 196 168 170 198
667 196 170 197 198
668 168 170 198 172
669 170 197 198 199
670 170 198 172 174
671 170 198 174 199
672 126 127 173 154
673 126 173 172 154
674 127 173 154 155
675 173 172 154 200
676 173 154 155 201
677 173 154 201 200
678 172 173 175 200
679 172 175 174 200
680 173 175 200 201
681 175 174 200 202
682 175 200 201 203
683 175 200 203 202
684 127 131 178 155
685 127 178 173 155
686 131 178 155 157
687 178 173 155 201
688 178 155 157 204
689 178 155 204 201
690 173 178 179 201
691 173 179 175 201
692 178 179 201 204
693 179 175 201 203
694 179 201 204 205
695 179 201 205 203
696 131 135 182 157
697 131 182 178 157
698 135 182 157 159
699 182 178 157 204
700 182 157 159 206
701 182 157 206 204
702 178 182 183 204
703 178 183 179 204
704 182 183 204 206
705 183 179 204 205
706 183 204 206 207
707 183 204 207 205
708 135 139 186 159
709 135 186 182 159
710 139 186 159 161
711 186 182 159 206
712 186 159 161 208
713 186 159 208 206
714 182 186 187 206
715 182 187 183 206
716 186 187 206 208
717 187 183 206 207
718 187 206 208 209
719 187 206 209 207
720 139 143 190 161
721 139 190 186 161
722 143 190 161 163
723 190 186 161 208
724 190 161 163 210
725 190 161 210 208
726 186 190 191 208
727 186 191 187 208
728 190 191 208 210
729 191 187 208 209
730 191 208 210 211
731 191 208 211 209
732 143 147 194 163
733 143 194 190 163
734 147 194 163 165
735 194 190 163 210
736 194 163 165 212
737 194 163 212 210
738 190 194 195 210
739 190 195 191 210
740 194 195 210 212
741 195 191 210 211
742 195 210 212 213
743 195 210 213 211
744 147 151 198 165
745 147 198 194 165
746 151 198 165 167
747 198 194 165 212
748 198 165 167 214
749 198 165 214 212
750 194 198 199 212
751 194 199 195 212
752 198 199 212 214
753 199 195 212 213
754 199 212 214 215
755 199 212 215 213
756 151 126 172 167
757 151 172 198 167
758 126 172 167 154
759 172 198 167 214
760 172 167 154 200
761 172 167 200 214
762 198 172 174 214
763 198 174 199 214
764 172 174 214 200
765 174 199 214 215
766 174 214 200 202
767 174 214 202 215
768 170 171 217 174
769 170 217 216 174
770 171 217 174 175
771 217 216 174 220
772 217 174 175 221
773 217 174 221 220
774 216 217 219 220
775 216 219 218 220
776 217 219 220 221
777 219 218 220 222
778 219 220 221 223
779 219 220 223 222
780 171 177 224 175
781 171 224 217 175
782 177 224 175 179
783 224 217 175 221
784 224 175 179 226
785 224 175 226 221
786 217 224 225 221
787 217 225 219 221
788 224 225 221 226
789 225 219 221 223
790 225 221 226 227
791 225 221 227 223
792 177 181 228 179
793 177 228 224 179
794 181 228 179 183
795 228 224 179 226
796 228 179 183 230
797 228 179 230 226
798 224 228 229 226
799 224 229 225 226
800 228 229 226 230
801 229 225 226 227
802 229 226 230 231
803 229 226 231 227
804 181 185 232 183
805 181 232 228 183
806 185 232 183 187
807 232 228 183 230
808 232 183 187 234
809 232 183 234 230
810 228 232 233 230
811 228 233 229 230
812 232 233 230 234
813 233 229 230 231
814 233 230 234 235
815 233 230 235 231
816 185 189 236 187
817 185 236 232 187
818 189 236 187 191
819 236 232 187 234
820 236 187 191 238
821 236 187 238 234
822 232 236 237 234
823 232 237 233 234
824 236 237 234 238
825 237 233 234 235
826 237 234 238 239
827 237 234 239 235
828 189 193 240 191
829 189 240 236 191
830 193 240 191 195
831 240 236 191 238
832 240 191 195 242
833 240 191 242 238
834 236 240 241 238
835 236 241 237 238
836 240 241 238 242
837 241 237 238 239
838 241 238 242 243
839 241 238 243 239
840 193 197 244 195
841 193 244 240 195
842 197 244 195 199
843 244 240 195 242
844 244 195 199 246
845 244 195 246 242
846 240 244 245 242
847 240 245 241 242
848 244 245 242 246
849 245 241 242 243
850 245 242 246 247
851 245 242 247 243
852 197 170 216 199
853 197 216 244 199
854 170 216 199 174
855 216 244 199 246
856 216 199 174 220
857 216 199 220 246
858 244 216 218 246
859 244 218 245 246
860 216 218 246 220
861 218 245 246 247
862 218 246 220 222
863 218 246 222 247
864 174 175 221 202
865 174 221 220 202
866 175 221 202 203
867 221 220 202 248
868 221 202 203 249
869 221 202 249 248
870 220 221 223 248
871 220 223 222 248
872 221 223 248 249
873 223 222 248 250
874 223 248 249 251
875 223 248 251 250
876 175 179 226 203
877 175 226 221 203
878 179 226 203 205
879 226 221 203 249
880 226 203 205 252
881 226 203 252 249
882 221 226 227 249
883 221 227 223 249
884 226 227 249 252
885 227 223 249 251
886 227 249 252 253
887 227 249 253 251
888 179 183 230 205
889 179 230 226 205
890 183 230 205 207
891 230 226 205 252
892 230 205 207 254
893 230 205 254 252
894 226 230 231 252
895 226 231 227 252
896 230 231 252 254
897 231 227 252 253
898 231 252 254 255
899 231 252 255 253
900 183 187 234 207
901 183 234 230 207
902 187 234 207 209
903 234 230 207 254
904 234 207 209 256
905 234 207 256 254
906 230 234 235 254
907 230 235 231 254
908 234 235 254 256
909 235 231 254 255
910 235 254 256 257
911 235 254 257 255
912 187 191 238 209
913 187 238 234 209
914 191 238 209 211
915 238 234 209 256
916 238 209 211 258
917 238 209 258 256
918 234 238 239 256
919 234 239 235 256
920 238 239 256 258
921 239 235 256 257
922 239 256 258 259
923 239 256 259 257
924 191 195 242 211
925 191 242 238 211
926 195 242 211 213
927 242 238 211 258
928 242 211 213 260
929 242 211 260 258
930 238 242 243 258
931 238 243 239 258
932 242 243 258 260
933 243 239 258 259
934 243 258 260 261
935 243 258 261 259
936 195 199 246 213
937 195 246 242 213
938 199 246 213 215
939 246 242 213 260
940 246 213 215 262
941 246 213 262 260
942 242 246 247 260
943 242 247 243 260
944 246 247 260 262
945 247 243 260 261
946 247 260 262 263
947 247 260 263 261
948 199 174 220 215
949 199 220 246 215
950 174 220 215 202
951 220 246 215 262
952 220 215 202 248
953 220 215 248 262
954 246 220 222 262
955 246 222 247 262
956 220 222 262 248
957 222 247 262 263
958 222 262 248 250
959 222 262 250 263
960 218 219 265 222
961 218 265 264 222
962 219 265 222 223
963 265 264 222 268
964 265 222 223 269
965 265 222 269 268
966 264 265 267 268
967 264 267 266 268
968 265 267 268 269
969 267 266 268 270
970 267 268 269 271
971 267 268 271 270
972 219 225 272 223
973 219 272 265 223
974 225 272 223 227
975 272 265 223 269
976 272 223 227 274
977 272 223 274 269
978 265 272 273 269
979 265 273 267 269
980 272 273 269 274
981 273 267 269 271
982 273 269 274 275
983 273 269 275 271
984 225 229 276 227
985 225 276 272 227
986 229 276 227 231
987 276 272 227 274
988 276 227 231 278
989 276 227 278 274
990 272 276 277 274
991 272 277 273 274
992 276 277 274 278
993 277 273 274 275
994 277 274 278 279
995 277 274 279 275
996 229 233 280 231
997 229 280 276 231
998 233 280 231 235
999 280 276 231 278
1000 280 231 235 282
1001 280 231 282 278
1002 276 280 281 278
1003 276 281 277 278
1004 280 281 278 282
1005 281 277 278 279
1006 281 278 282 283
1007 281 278 283 279
1008 233 237 284 235
1009 233 284 280 235
1010 237 284 235 239
1011 284 280 235 282
1012 284 235 239 286
1013 284 235 286 282
1014 280 284 285 282
1015 280 285 281 282
1016 284 285 282 286
1017 285 281 282 283
1018 285 282 286 287
1019 285 282 287 283
1020 237 241 288 239
1021 237 288 284 239
1022 241 288 239 243
1023 288 284 239 286
1024 288 239 243 290
1025 288 239 290 286
1026 284 288 289 286
1027 284 289 285 286
1028 288 289 286 290
1029 289 285 286 287
1030 289 286 290 291
1031 289 286 291 287
1032 241 245 292 243
1033 241 292 288 243
1034 245 292 243 247
1035 292 288 243 290
1036 292 243 247 294
1037 292 243 294 290
1038 288 292 293 290
1039 288 293 289 290
1040 292 293 290 294
1041 293 289 290 291
1042 293 290 294 295
1043 293 290 295 291
1044 245 218 264 247
1045 245 264 292 247
1046 218 264 247 222
1047 264 292 247 294
1048 264 247 222 268
1049 264 247 268 294
1050 292 264 266 294
1051 292 266 293 294
1052 264 266 294 268
1053 266 293 294 295
1054 266 294 268 270
1055 266 294 270 295
1056 222 223 269 250
1057 222 269 268 250
1058 223 269 250 251
1059 269 268 250 296
1060 269 250 251 297
1061 269 250 297 296
1062 268 269 271 296
1063 268 271 270 296
1064 269 271 296 297
1065 271 270 296 298
1066 271 296 297 299
1067 271 296 299 298
1068 223 227 274 251
1069 223 274 269 251
1070 227 274 251 253
1071 274 269 251 297
1072 274 251 253 300
1073 274 251 300 297
1074 269 274 275 297
1075 269 275 271 297
1076 274 275 297 300
1077 275 271 297 299
1078 275 297 300 301
1079 275 297 301 299
1080 227 231 278 253
1081 227 278 274 253
1082 231 278 253 255
1083 278 274 253 300
1084 278 253 255 302
1085 278 253 302 300
1086 274 278 279 300
1087 274 279 275 300
1088 278 279 300 302
1089 279 275 300 301
1090 279 300 302 303
1091 279 300 303 301
1092 231 235 282 255
1093 231 282 278 255
1094 235 282 255 257
1095 282 278 255 302
1096 282 255 257 304
1097 282 255 304 302
1098 278 282 283 302
1099 278 283 279 302
1100 282 283 302 304
1101 283 279 302 303
1102 283 302 304 305
1103 283 302 305 303
1104 235 239 286 257
1105 235 286 282 257
1106 239 286 257 259
1107 286 282 257 304
1108 286 257 259 306
1109 286 257 306 304
1110 282 286 287 304
1111 282 287 283 304
1112 286 287 304 306
1113 287 283 304 305
1114 287 304 306 307
1115 287 304 307 305
1116 239 243 290 259
1117 239 290 286 259
1118 243 290 259 261
1119 290 286 259 306
1120 290 259 261 308
1121 290 259 308 306
1122 286 290 291 306
1123 286 291 287 306
1124 290 291 306 308
1125 291 287 306 307
1126 291 306 308 309
1127 291 306 309 307
1128 243 247 294 261
1129 243 294 290 261
1130 247 294 261 263
1131 294 290 261 308
1132 294 261 263 310
1133 294 261 310 308
1134 290 294 295 308
1135 290 295 291 308
1136 294 295 308 310
1137 295 291 308 309
1138 295 308 310 311
1139 295 308 311 309
1140 247 222 268 263
1141 247 268 294 263
1142 222 268 263 250
1143 268 294 263 310
1144 268 263 250 296
1145 268 263 296 310
1146 294 268 270 310
1147 294 270 295 310
1148 268 270 310 296
1149 270 295 310 311
1150 270 310 296 298
1151 270 310 298 311
1152 266 267 313 270
1153 266 313 312 270
1154 267 313 270 271
1155 313 312 270 316
1156 313 270 271 317
1157 313 270 317 316
1158 312 313 315 316
1159 312 315 314 316
1160 313 315 316 317
1161 315 314 316 318
1162 315 316 317 319
1163 315 316 319 318
1164 267 273 320 271
1165 267 320 313 271
1166 273 320 271 275
1167 320 313 271 317
1168 320 271 275 322
1169 320 271 322 317
1170 313 320 321 317
1171 313 321 315 317
1172 320 321 317 322
1173 321 315 317 319
1174 321 317 322 323
1175 321 317 323 319
1176 273 277 324 275
1177 273 324 320 275
1178 277 324 275 279
1179 324 320 275 322
1180 324 275 279 326
1181 324 275 326 322
1182 320 324 325 322
1183 320 325 321 322
1184 324 325 322 326
1185 325 321 322 323
1186 325 322 326 327
1187 325 322 327 323
1188 277 281 328 279
1189 277 328 324 279
1190 281 328 279 283
1191 328 324 279 326
1192 328 279 283 330
1193 328 279 330 326
1194 324 328 329 326
1195 324 329 325 326
1196 328 329 326 330
1197 329 325 326 327
1198 329 326 330 331
1199 329 326 331 327
1200 281 285 332 283
1201 281 332 328 283
1202 285 332 283 287
1203 332 328 283 330
1204 332 283 287 334
1205 332 283 334 330
1206 328 332 333 330
1207 328 333 329 330
1208 332 333 330 334
1209 333 329 330 331
1210 333 330 334 335
1211 333 330 335 331
1212 285 289 336 287
1213 285 336 332 287
1214 289 336 287 291
1215 336 332 287 334
1216 336 287 291 338
1217 336 287 338 334
1218 332 336 337 334
1219 332 337 333 334
1220 336 337 334 338
1221 337 333 334 335
1222 337 334 338 339
1223 337 334 339 335
1224 289 293 340 291
1225 289 340 336 291
1226 293 340 291 295
1227 340 336 291 338
1228 340 291 295 342
1229 340 291 342 338
1230 336 340 341 338
1231 336 341 337 338
1232 340 341 338 342
1233 341 337 338 339
1234 341 338 342 343
1235 341 338 343 339
1236 293 266 312 295
1237 293 312 340 295
1238 266 312 295 270
1239 312 340 295 342
1240 312 295 270 316
1241 312 295 316 342
1242 340 312 314 342
1243 340 314 341 342
1244 312 314 342 316
1245 314 341 342 343
1246 314 342 316 318
1247 314 342 318 343
1248 270 271 317 298
1249 270 317 316 298
1250 271 317 298 299
1251 317 316 298 344
1252 317 298 299 345
1253 317 298 345 344
1254 316 317 319 344
1255 316 319 318 344
1256 317 319 344 345
1257 319 318 344 346
1258 319 344 345 347
1259 319 344 347 346
1260 271 275 322 299
1261 271 322 317 299
1262 275 322 299 301
1263 322 317 299 345
1264 322 299 301 348
1265 322 299 348 345
1266 317 322 323 345
1267 317 323 319 345
1268 322 323 345 348
1269 323 319 345 347
1270 323 345 348 349
1271 323 345 349 347
1272 275 279 326 301
1273 275 326 322 301
1274 279 326 301 303
1275 326 322 301 348
1276 326 301 303 350
1277 326 301 350 348
1278 322 326 327 348
1279 322 327 323 348
1280 326 327 348 350
1281 327 323 348 349
1282 327 348 350 351
1283 327 348 351 349
1284 279 283 330 303
1285 279 330 326 303
1286 283 330 303 305
1287 330 326 303 350
1288 330 303 305 352
1289 330 303 352 350
1290 326 330 331 350
1291 326 331 327 350
1292 330 331 350 352
1293 331 327 350 351
1294 331 350 352 353
1295 331 350 353 351
1296 283 287 334 305
1297 283 334 330 305
1298 287 334 305 307
1299 334 330 305 352
1300 334 305 307 354
1301 334 305 354 352
1302 330 334 335 352
1303 330 335 331 352
1304 334 335 352 354
1305 335 331 352 353
1306 335 352 354 355
1307 335 352 355 353
1308 287 291 338 307
1309 287 338 334 307
1310 291 338 307 309
1311 338 334 307 354
1312 338 307 309 356
1313 338 307 356 354
1314 334 338 339 354
1315 334 339 335 354
1316 338 339 354 356
1317 339 335 354 355
1318 339 354 356 357
1319 339 354 357 355
1320 291 295 342 309
1321 291 342 338 309
1322 295 342 309 311
1323 342 338 309 356
1324 342 309 311 358
1325 342 309 358 356
1326 338 342 343 356
1327 338 343 339 356
1328 342 343 356 358
1329 343 339 356 357
1330 343 356 358 359
1331 343 356 359 357
1332 295 270 316 311
1333 295 316 342 311
1334 270 316 311 298
1335 316 342 311 358
1336 316 311 298 344
1337 316 311 344 358
1338 342 316 318 358
1339 342 318 343 358
1340 316 318 358 344
1341 318 343 358 359
1342 318 358 344 346
1343 318 358 346 359
1344 314 315 361 318
1345 314 361 360 318
1346 315 361 318 319
1347 361 360 318 364
1348 361 318 319 365
1349 361 318 365 364
1350 360 361 363 364
1351 360 363 362 364
1352 361 363 364 365
1353 363 362 364 366
1354 363 364 365 367
1355 363 364 367 366
1356 315 321 368 319
1357 315 368 361 319
1358 321 368 319 323
1359 368 361 319 365
1360 368 319 323 370
1361 368 319 370 365
1362 361 368 369 365
1363 361 369 363 365
1364 368 369 365 370
1365 369 363 365 367
1366 369 365 370 371
1367 369 365 371 367
1368 321 325 372 323
1369 321 372 368 323
1370 325 372 323 327
1371 372 368 323 370
1372 372 323 327 374
1373 372 323 374 370
1374 368 372 373 370
1375 368 373 369 370
1376 372 373 370 374
1377 373 369 370 371
1378 373 370 374 375
1379 373 370 375 371
1380 325 329 376 327
1381 325 376 372 327
1382 329 376 327 331
1383 376 372 327 374
1384 376 327 331 378
1385 376 327 378 374
1386 372 376 377 374
1387 372 377 373 374
1388 376 377 374 378
1389 377 373 374 375
1390 377 374 378 379
1391 377 374 379 375
1392 329 333 380 331
1393 329 380 376 331
1394 333 380 331 335
1395 380 376 331 378
1396 380 331 335 382
1397 380 331 382 378
1398 376 380 381 378
1399 376 381 377 378
1400 380 381 378 382
1401 381 377 378 379
1402 381 378 382 383
1403 381 378 383 379
1404 333 337 384 335
1405 333 384 380 335
1406 337 384 335 339
1407 384 380 335 382
1408 384 335 339 386
1409 384 335 386 382
1410 380 384 385 382
1411 380 385 381 382
1412 384 385 382 386
1413 385 381 382 383
1414 385 382 386 387
1415 385 382 387 383
1416 337 341 388 339
1417 337 388 384 339
1418 341 388 339 343
1419 388 384 339 386
1420 388 339 343 390
1421 388 339 390 386
1422 384 388 389 386
1423 384 389 385 386
1424 388 389 386 390
1425 389 385 386 387
1426 389 386 390 391
1427 389 386 391 387
1428 341 314 360 343
1429 341 360 388 343
1430 314 360 343 318
1431 360 388 343 390
1432 360 343 318 364
1433 360 343 364 390
1434 388 360 362 390
1435 388 362 389 390
1436 360 362 390 364
1437 362 389 390 391
1438 362 390 364 366
1439 362 390 366 391
1440 318 319 365 346
1441 318 365 364 346
1442 319 365 346 347
1443 365 364 346 392
1444 365 346 347 393
1445 365 346 393 392
1446 364 365 367 392
1447 364 367 366 392
1448 365 367 392 393
1449 367 366 392 394
1450 367 392 393 395
1451 367 392 395 394
1452 319 323 370 347
1453 319 370 365 347
1454 323 370 347 349
1455 370 365 347 393
1456 370 347 349 396
1457 370 347 396 393
1458 365 370 371 393
1459 365 371 367 393
1460 370 371 393 396
1461 371 367 393 395
1462 371 393 396 397
1463 371 393 397 395
1464 323 327 374 349
1465 323 374 370 349
1466 327 374 349 351
1467 374 370 349 396
1468 374 349 351 398
1469 374 349 398 396
1470 370 374 375 396
1471 370 375 371 396
1472 374 375 396 398
1473 375 371 396 397
1474 375 396 398 399
1475 375 396 399 397
1476 327 331 378 351
1477 327 378 374 351
1478 331 378 351 353
1479 378 374 351 398
1480 378 351 353 400
1481 378 351 400 398
1482 374 378 379 398
1483 374 379 375 398
1484 378 379 398 400
1485 379 375 398 399
1486 379 398 400 401
1487 379 398 401 399
1488 331 335 382 353
1489 331 382 378 353
1490 335 382 353 355
1491 382 378 353 400
1492 382 353 355 402
1493 382 353 402 400
1494 378 382 383 400
1495 378 383 379 400
1496 382 383 400 402
1497 383 379 400 401
1498 383 400 402 403
1499 383 400 403 401
1500 335 339 386 355
1501 335 386 382 355
1502 339 386 355 357
1503 386 382 355 402
1504 386 355 357 404
1505 386 355 404 402
1506 382 386 387 402
1507 382 387 383 402
1508 386 387 402 404
1509 387 383 402 403
1510 387 402 404 405
1511 387 402 405 403
1512 339 343 390 357
1513 339 390 386 357
1514 343 390 357 359
1515 390 386 357 404
1516 390 357 359 406
1517 390 357 406 404
1518 386 390 391 404
1519 386 391 387 404
1520 390 391 404 406
1521 391 387 404 405
1522 391 404 406 407
1523 391 404 407 405
1524 343 318 364 359
1525 343 364 390 359
1526 318 364 359 346
1527 364 390 359 406
1528 364 359 346 392
1529 364 359 392 406
1530 390 364 366 406
1531 390 366 391 406
1532 364 366 406 392
1533 366 391 406 407
1534 366 406 392 394
1535 366 406 394 407
1536 362 363 409 366
1537 362 409 408 366
1538 363 409 366 367
1539 409 408 366 412
1540 409 366 367 413
1541 409 366 413 412
1542 408 409 411 412
1543 408 411 410 412
1544 409 411 412 413
1545 411 410 412 414
1546 411 412 413 415
1547 411 412 415 414
1548 363 369 416 367
1549 363 416 409 367
1550 369 416 367 371
1551 416 409 367 413
1552 416 367 371 418
1553 416 367 418 413
1554 409 416 417 413
1555 409 417 411 413
1556 416 417 413 418
1557 417 411 413 415
1558 417 413 418 419
1559 417 413 419 415
1560 369 373 420 371
1561 369 420 416 371
1562 373 420 371 375
1563 420 416 371 418
1564 420 371 375 422
1565 420 371 422 418
1566 416 420 421 418
1567 416 421 417 418
1568 420 421 418 422
1569 421 417 418 419
1570 421 418 422 423
1571 421 418 423 419
1572 373 377 424 375
1573 373 424 420 375
1574 377 424 375 379
1575 424 420 375 422
1576 424 375 379 426
1577 424 375 426 422
1578 420 424 425 422
1579 420 425 421 422
1580 424 425 422 426
1581 425 421 422 423
1582 425 422 426 427
1583 425 422 427 423
1584 377 381 428 379
1585 377 428 424 379
1586 381 428 379 383
1587 428 424 379 426
1588 428 379 383 430
1589 428 379 430 426
1590 424 428 429 426
1591 424 429 425 426
1592 428 429 426 430
1593 429 425 426 427
1594 429 426 430 431
1595 429 426 431 427
1596 381 385 432 383
1597 381 432 428 383
1598 385 432 383 387
1599 432 428 383 430
1600 432 383 387 434
1601 432 383 434 430
1602 428 432 433 430
1603 428 433 429 430
1604 432 433 430 434
1605 433 429 430 431
1606 433 430 434 435
1607 433 430 435 431
1608 385 389 436 387
1609 385 436 432 387
1610 389 436 387 391
1611 436 432 387 434
1612 436 387 391 438
1613 436 387 438 434
1614 432 436 437 434
1615 432 437 433 434
1616 436 437 434 438
1617 437 433 434 435
1618 437 434 438 439
1619 437 434 439 435
1620 389 362 408 391
1621 389 408 436 391
1622 362 408 391 366
1623 408 436 391 438
1624 408 391 366 412
1625 408 391 412 438
1626 436 408 410 438
1627 436 410 437 438
1628 408 410 438 412
1629 410 437 438 439
1630 410 438 412 414
1631 410 438 414 439
1632 366 367 413 394
1633 366 413 412 394
1634 367 413 394 395
1635 413 412 394 440
1636 413 394 395 441
1637 413 394 441 440
1638 412 413 415 440
1639 412 415 414 440
1640 413 415 440 441
1641 415 414 440 442
1642 415 440 441 443
1643 415 440 443 442
1644 367 371 418 395
1645 367 418 413 395
1646 371 418 395 397
1647 418 413 395 441
1648 418 395 397 444
1649 418 395 444 441
1650 413 418 419 441
1651 413 419 415 441
1652 418 419 441 444
1653 419 415 441 443
1654 419 441 444 445
1655 419 441 445 443
1656 371 375 422 397
1657 371 422 418 397
1658 375 422 397 399
1659 422 418 397 444
1660 422 397 399 446
1661 422 397 446 444
1662 418 422 423 444
1663 418 423 419 444
1664 422 423 444 446
1665 423 419 444 445
1666 423 444 446 447
1667 423 444 447 445
1668 375 379 426 399
1669 375 426 422 399
1670 379 426 399 401
1671 426 422 399 446
1672 426 399 401 448
1673 426 399 448 446
1674 422 426 427 446
1675 422 427 423 446
1676 426 427 446 448
1677 427 423 446 447
1678 427 446 448 449
1679 427 446 449 447
1680 379 383 430 401
1681 379 430 426 401
1682 383 430 401 403
1683 430 426 401 448
1684 430 401 403 450
1685 430 401 450 448
1686 426 430 431 448
1687 426 431 427 448
1688 430 431 448 450
1689 431 427 448 449
1690 431 448 450 451
1691 431 448 451 449
1692 383 387 434 403
1693 383 434 430 403
1694 387 434 403 405
1695 434 430 403 450
1696 434 403 405 452
1697 434 403 452 450
1698 430 434 435 450
1699 430 435 431 450
1700 434 435 450 452
1701 435 431 450 451
1702 435 450 452 453
1703 435 450 453 451
1704 387 391 438 405
1705 387 438 434 405
1706 391 438 405 407
1707 438 434 405 452
1708 438 405 407 454
1709 438 405 454 452
1710 434 438 439 452
1711 434 439 435 452
1712 438 439 452 454
1713 439 435 452 453
1714 439 452 454 455
1715 439 452 455 453
1716 391 366 412 407
1717 391 412 438 407
1718 366 412 407 394
1719 412 438 407 454
1720 412 407 394 440
1721 412 407 440 454
1722 438 412 414 454
1723 438 414 439 454
1724 412 414 454 440
1725 414 439 454 455
1726 414 454 440 442
1727 414 454 442 455
1728 410 411 457 414
1729 410 457 456 414
1730 411 457 414 415
1731 457 456 414 460
1732 457 414 415 461
1733 457 414 461 460
1734 456 457 459 460
1735 456 459 458 460
1736 457 459 460 461
1737 459 458 460 462
1738 459 460 461 463
1739 459 460 463 462
1740 411 417 464 415
1741 411 464 457 415
1742 417 464 415 419
1743 464 457 415 461
1744 464 415 419 466
1745 464 415 466 461
1746 457 464 465 461
1747 457 465 459 461
1748 464 465 461 466
1749 465 459 461 463
1750 465 461 466 467
1751 465 461 467 463
1752 417 421 468 419
1753 417 468 464 419
1754 421 468 419 423
1755 468 464 419 466
1756 468 419 423 470
1757 468 419 470 466
1758 464 468 469 466
1759 464 469 465 466
1760 468 469 466 470
1761 469 465 466 467
1762 469 466 470 471
1763 469 466 471 467
1764 421 425 472 423
1765 421 472 468 423
1766 425 472 423 427
1767 472 468 423 470
1768 472 423 427 474
1769 472 423 474 470
1770 468 472 473 470
1771 468 473 469 470
1772 472 473 470 474
1773 473 469 470 471
1774 473 470 474 475
1775 473 470 475 471
1776 425 429 476 427
1777 425 476 472 427
1778 429 476 427 431
1779 476 472 427 474
1780 476 427 431 478
1781 476 427 478 474
1782 472 476 477 474
1783 472 477 473 474
1784 476 477 474 478
1785 477 473 474 475
1786 477 474 478 479
1787 477 474 479 475
1788 429 433 480 431
1789 429 480 476 431
1790 433 480 431 435
1791 480 476 431 478
1792 480 431 435 482
1793 480 431 482 478
1794 476 480 481 478
1795 476 481 477 478
1796 480 481 478 482
1797 481 477 478 479
1798 481 478 482 483
1799 481 478 483 479
1800 433 437 484 435
1801 433 484 480 435
1802 437 484 435 439
1803 484 480 435 482
1804 484 435 439 486
1805 484 435 486 482
1806 480 484 485 482
1807 480 485 481 482
1808 484 485 482 486
1809 485 481 482 483
1810 485 482 486 487
1811 485 482 487 483
1812 437 410 456 439
1813 437 456 484 439
1814 410 456 439 414
1815 456 484 439 486
1816 456 439 414 460
1817 456 439 460 486
1818 484 456 458 486
1819 484 458 485 486
1820 456 458 486 460
1821 458 485 486 487
1822 458 486 460 462
1823 458 486 462 487
1824 414 415 461 442
1825 414 461 460 442
1826 415 461 442 443
1827 461 460 442 488
1828 461 442 443 489
1829 461 442 489 488
1830 460 461 463 488
1831 460 463 462 488
1832 461 463 488 489
1833 463 462 488 490
1834 463 488 489 491
1835 463 488 491 490
1836 415 419 466 443
1837 415 466 461 443
1838 419 466 443 445
1839 466 461 443 489
1840 466 443 445 492
1841 466 443 492 489
1842 461 466 467 489
1843 461 467 463 489
1844 466 467 489 492
1845 467 463 489 491
1846 467 489 492 493
1847 467 489 493 491
1848 419 423 470 445
1849 419 470 466 445
1850 423 470 445 447
1851 470 466 445 492
1852 470 445 447 494
1853 470 445 494 492
1854 466 470 471 492
1855 466 471 467 492
1856 470 471 492 494
1857 471 467 492 493
1858 471 492 494 495
1859 471 492 495 493
1860 423 427 474 447
1861 423 474 470 447
1862 427 474 447 449
1863 474 470 447 494
1864 474 447 449 496
1865 474 447 496 494
1866 470 474 475 494
1867 470 475 471 494
1868 474 475 494 496
1869 475 471 494 495
1870 475 494 496 497
1871 475 494 497 495
1872 427 431 478 449
1873 427 478 474 449
1874 431 478 449 451
1875 478 474 449 496
1876 478 449 451 498
1877 478 449 498 496
1878 474 478 479 496
1879 474 479 475 496
1880 478 479 496 498
1881 479 475 496 497
1882 479 496 498 499
1883 479 496 499 497
1884 431 435 482 451
1885 431 482 478 451
1886 435 482 451 453
1887 482 478 451 498
1888 482 451 453 500
1889 482 451 500 498
1890 478 482 483 498
1891 478 483 479 498
1892 482 483 498 500
1893 483 479 498 499
1894 483 498 500 501
1895 483 498 501 499
1896 435 439 486 453
1897 435 486 482 453
1898 439 486 453 455
1899 486 482 453 500
1900 486 453 455 502
1901 486 453 502 500
1902 482 486 487 500
1903 482 487 483 500
1904 486 487 500 502
1905 487 483 500 501
1906 487 500 502 503
1907 487 500 503 501
1908 439 414 460 455
1909 439 460 486 455
1910 414 460 455 442
1911 460 486 455 502
1912 460 455 442 488
1913 460 455 488 502
1914 486 460 462 502
1915 486 462 487 502
1916 460 462 502 488
1917 462 487 502 503
1918 462 502 488 490
1919 462 502 490 503
1920 504 505 507 510
1921 504 507 506 510
1922 505 507 510 511
1923 507 506 510 512
1924 507 510 511 513
1925 507 510 513 512
1926 506 507 509 512
1927 506 509 508 512
1928 507 509 512 513
1929 509 508 512 514
1930 509 512 513 515
1931 509 512 515 514
1932 505 516 517 511
1933 505 517 507 511
1934 516 517 511 519
1935 517 507 511 513
1936 517 511 519 520
1937 517 511 520 513
1938 507 517 518 513
1939 507 518 509 513
1940 517 518 513 520
1941 518 509 513 515
1942 518 513 520 521
1943 518 513 521 515
1944 516 522 523 519
1945 516 523 517 519
1946 522 523 519 525
1947 523 517 519 520
1948 523 519 525 526
1949 523 519 526 520
1950 517 523 524 520
1951 517 524 518 520
1952 523 524 520 526
1953 524 518 520 521
1954 524 520 526 527
1955 524 520 527 521
1956 522 528 529 525
1957 522 529 523 525
1958 528 529 525 531
1959 529 523 525 526
1960 529 525 531 532
1961 529 525 532 526
1962 523 529 530 526
1963 523 530 524 526
1964 529 530 526 532
1965 530 524 526 527
1966 530 526 532 533
1967 530 526 533 527
1968 528 534 535 531
1969 528 535 529 531
1970 534 535 531 537
1971 535 529 531 532
1972 535 531 537 538
1973 535 531 538 532
1974 529 535 536 532
1975 529 536 530 532
1976 535 536 532 538
1977 536 530 532 533
1978 536 532 538 539
1979 536 532 539 533
1980 534 540 541 537
1981 534 541 535 537
1982 540 541 537 543
1983 541 535 537 538
1984 541 537 543 544
1985 541 537 544 538
1986 535 541 542 538
1987 535 542 536 538
1988 541 542 538 544
1989 542 536 538 539
1990 542 538 544 545
1991 542 538 545 539
1992 540 546 547 543
1993 540 547 541 543
1994 546 547 543 549
1995 547 541 543 544
1996 547 543 549 550
1997 547 543 550 544
1998 541 547 548 544
1999 541 548 542 544
2000 547 548 544 550
2001 548 542 544 545
2002 548 544 550 551
2003 548 544 551 545
2004 546 504 506 549
2005 546 506 547 549
2006 504 506 549 510
2007 506 547 549 550
2008 506 549 510 512
2009 506 549 512 550
2010 547 506 508 550
2011 547 508 548 550
2012 506 508 550 512
2013 508 548 550 551
2014 508 550 512 514
2015 508 550 514 551
2016 510 511 513 552
2017 510 513 512 552
2018 511 513 552 553
2019 513 512 552 554
2020 513 552 553 555
2021 513 552 555 554
2022 512 513 515 554
2023 512 515 514 554
2024 513 515 554 555
2025 515 514 554 556
2026 515 554 555 557
2027 515 554 557 556
2028 511 519 520 553
2029 511 520 513 553
2030 519 520 553 558
2031 520 513 553 555
2032 520 553 558 559
2033 520 553 559 555
2034 513 520 521 555
2035 513 521 515 555
2036 520 521 555 559
2037 521 515 555 557
2038 521 555 559 560
2039 521 555 560 557
2040 519 525 526 558
2041 519 526 520 558
2042 525 526 558 561
2043 526 520 558 559
2044 526 558 561 562
2045 526 558 562 559
2046 520 526 527 559
2047 520 527 521 559
2048 526 527 559 562
2049 527 521 559 560
2050 527 559 562 563
2051 527 559 563 560
2052 525 531 532 561
2053 525 532 526 561
2054 531 532 561 564
2055 532 526 561 562
2056 532 561 564 565
2057 532 561 565 562
2058 526 532 533 562
2059 526 533 527 562
2060 532 533 562 565
2061 533 527 562 563
2062 533 562 565 566
2063 533 562 566 563
2064 531 537 538 564
2065 531 538 532 564
2066 537 538 564 567
2067 538 532 564 565
2068 538 564 567 568
2069 538 564 568 565
2070 532 538 539 565
2071 532 539 533 565
2072 538 539 565 568
2073 539 533 565 566
2074 539 565 568 569
2075 539 565 569 566
2076 537 543 544 567
2077 537 544 538 567
2078 543 544 567 570
2079 544 538 567 568
2080 544 567 570 571
2081 544 567 571 568
2082 538 544 545 568
2083 538 545 539 568
2084 544 545 568 571
2085 545 539 568 569
2086 545 568 571 572
2087 545 568 572 569
2088 543 549 550 570
2089 543 550 544 570
2090 549 550 570 573
2091 550 544 570 571
2092 550 570 573 574
2093 550 570 574 571
2094 544 550 551 571
2095 544 551 545 571
2096 550 551 571 574
2097 551 545 571 572
2098 551 571 574 575
2099 551 571 575 572
2100 549 510 512 573
2101 549 512 550 573
2102 510 512 573 552
2103 512 550 573 574
2104 512 573 552 554
2105 512 573 554 574
2106 550 512 514 574
2107 550 514 551 574
2108 512 514 574 554
2109 514 551 574 575
2110 514 574 554 556
2111 514 574 556 575
2112 508 509 577 514
2113 508 577 576 514
2114 509 577 514 515
2115 577 576 514 580
2116 577 514 515 581
2117 577 514 581 580
2118 576 577 579 580
2119 576 579 578 580
2120 577 579 580 581
2121 579 578 580 582
2122 579 580 581 583
2123 579 580 583 582
2124 509 518 584 515
2125 509 584 577 515
2126 518 584 515 521
2127 584 577 515 581
2128 584 515 521 586
2129 584 515 586 581
2130 577 584 585 581
2131 577 585 579 581
2132 584 585 581 586
2133 585 579 581 583
2134 585 581 586 587
2135 585 581 587 583
2136 518 524 588 521
2137 518 588 584 521
2138 524 588 521 527
2139 588 584 521 586
2140 588 521 527 590
2141 588 521 590 586
2142 584 588 589 586
2143 584 589 585 586
2144 588 589 586 590
2145 589 585 586 587
2146 589 586 590 591
2147 589 586 591 587
2148 524 530 592 527
2149 524 592 588 527
2150 530 592 527 533
2151 592 588 527 590
2152 592 527 533 594
2153 592 527 594 590
2154 588 592 593 590
2155 588 593 589 590
2156 592 593 590 594
2157 593 589 590 591
2158 593 590 594 595
2159 593 590 595 591
2160 530 536 596 533
2161 530 596 592 533
2162 536 596 533 539
2163 596 592 533 594
2164 596 533 539 598
2165 596 533 598 594
2166 592 596 597 594
2167 592 597 593 594
2168 596 597 594 598
2169 597 593 594 595
2170 597 594 598 599
2171 597 594 599 595
2172 536 542 600 539
2173 536 600 596 539
2174 542 600 539 545
2175 600 596 539 598
2176 600 539 545 602
2177 600 539 602 598
2178 596 600 601 598
2179 596 601 597 598
2180 600 601 598 602
2181 601 597 598 599
2182 601 598 602 603
2183 601 598 603 599
2184 542 548 604 545
2185 542 604 600 545
2186 548 604 545 551
2187 604 600 545 602
2188 604 545 551 606
2189 604 545 606 602
2190 600 604 605 602
2191 600 605 601 602
2192 604 605 602 606
2193 605 601 602 603
2194 605 602 606 607
2195 605 602 607 603
2196 548 508 576 551
2197 548 576 604 551
2198 508 576 551 514
2199 576 604 551 606
2200 576 551 514 580
2201 576 551 580 606
2202 604 576 578 606
2203 604 578 605 606
2204 576 578 606 580
2205 578 605 606 607
2206 578 606 580 582
2207 578 606 582 607
2208 514 515 581 556
2209 514 581 580 556
2210 515 581 556 557
2211 581 580 556 608
2212 581 556 557 609
2213 581 556 609 608
2214 580 581 583 608
2215 580 583 582 608
2216 581 583 608 609
2217 583 582 608 610
2218 583 608 609 611
2219 583 608 611 610
2220 515 521 586 557
2221 515 586 581 557
2222 521 586 557 560
2223 586 581 557 609
2224 586 557 560 612
2225 586 557 612 609
2226 581 586 587 609
2227 581 587 583 609
2228 586 587 609 612
2229 587 583 609 611
2230 587 609 612 613
2231 587 609 613 611
2232 521 527 590 560
2233 521 590 586 560
2234 527 590 560 563
2235 590 586 560 612
2236 590 560 563 614
2237 590 560 614 612
2238 586 590 591 612
2239 586 591 587 612
2240 590 591 612 614
2241 591 587 612 613
2242 591 612 614 615
2243 591 612 615 613
2244 527 533 594 563
2245 527 594 590 563
2246 533 594 563 566
2247 594 590 563 614
2248 594 563 566 616
2249 594 563 616 614
2250 590 594 595 614
2251 590 595 591 614
2252 594 595 614 616
2253 595 591 614 615
2254 595 614 616 617
2255 595 614 617 615
2256 533 539 598 566
2257 533 598 594 566
2258 539 598 566 569
2259 598 594 566 616
2260 598 566 569 618
2261 598 566 618 616
2262 594 598 599 616
2263 594 599 595 616
2264 598 599 616 618
2265 599 595 616 617
2266 599 616 618 619
2267 599 616 619 617
2268 539 545 602 569
2269 539 602 598 569
2270 545 602 569 572
2271 602 598 569 618
2272 602 569 572 620
2273 602 569 620 618
2274 598 602 603 618
2275 598 603 599 618
2276 602 603 618 620
2277 603 599 618 619
2278 603 618 620 621
2279 603 618 621 619
2280 545 551 606 572
2281 545 606 602 572
2282 551 606 572 575
2283 606 602 572 620
2284 606 572 575 622
2285 606 572 622 620
2286 602 606 607 620
2287 602 607 603 620
2288 606 607 620 622
2289 607 603 620 621
2290 607 620 622 623
2291 607 620 623 621
2292 551 514 580 575
2293 551 580 606 575
2294 514 580 575 556
2295 580 606 575 622
2296 580 575 556 608
2297 580 575 608 622
2298 606 580 582 622
2299 606 582 607 622
2300 580 582 622 608
2301 582 607 622 623
2302 582 622 608 610
2303 582 622 610 623
2304 578 579 625 582
2305 578 625 624 582
2306 579 625 582 583
2307 625 624 582 628
2308 625 582 583 629
2309 625 582 629 628
2310 624 625 627 628
2311 624 627 626 628
2312 625 627 628 629
2313 627 626 628 630
2314 627 628 629 631
2315 627 628 631 630
2316 579 585 632 583
2317 579 632 625 583
2318 585 632 583 587
2319 632 625 583 629
2320 632 583 587 634
2321 632 583 634 629
2322 625 632 633 629
2323 625 633 627 629
2324 632 633 629 634
2325 633 627 629 631
2326 633 629 634 635
2327 633 629 635 631
2328 585 589 636 587
2329 585 636 632 587
2330 589 636 587 591
2331 636 632 587 634
2332 636 587 591 638
2333 636 587 638 634
2334 632 636 637 634
2335 632 637 633 634
2336 636 637 634 638
2337 637 633 634 635
2338 637 634 638 639
2339 637 634 639 635
2340 589 593 640 591
2341 589 640 636 591
2342 593 640 591 595
2343 640 636 591 638
2344 640 591 595 642
2345 640 591 642 638
2346 636 640 641 638
2347 636 641 637 638
2348 640 641 638 642
2349 641 637 638 639
2350 641 638 642 643
2351 641 638 643 639
2352 593 597 644 595
2353 593 644 640 595
2354 597 644 595 599
2355 644 640 595 642
2356 644 595 599 646
2357 644 595 646 642
2358 640 644 645 642
2359 640 645 641 642
2360 644 645 642 646
2361 645 641 642 643
2362 645 642 646 647
2363 645 642 647 643
2364 597 601 648 599
2365 597 648 644 599
2366 601 648 599 603
2367 648 644 599 646
2368 648 599 603 650
2369 648 599 650 646
2370 644 648 649 646
2371 644 649 645 646
2372 648 649 646 650
2373 649 645 646 647
2374 649 646 650 651
2375 649 646 651 647
2376 601 605 652 603
2377 601 652 648 603
2378 605 652 603 607
2379 652 648 603 650
2380 652 603 607 654
2381 652 603 654 650
2382 648 652 653 650
2383 648 653 649 650
2384 652 653 650 654
2385 653 649 650 651
2386 653 650 654 655
2387 653 650 655 651
2388 605 578 624 607
2389 605 624 652 607
2390 578 624 607 582
2391 624 652 607 654
2392 624 607 582 628
2393 624 607 628 654
2394 652 624 626 654
2395 652 626 653 654
2396 624 626 654 628
2397 626 653 654 655
2398 626 654 628 630
2399 626 654 630 655
2400 582 583 629 610
2401 582 629 628 610
2402 583 629 610 611
2403 629 628 610 656
2404 629 610 611 657
2405 629 610 657 656
2406 628 629 631 656
2407 628 631 630 656
2408 629 631 656 657
2409 631 630 656 658
2410 631 656 657 659
2411 631 656 659 658
2412 583 587 634 611
2413 583 634 629 611
2414 587 634 611 613
2415 634 629 611 657
2416 634 611 613 660
2417 634 611 660 657
2418 629 634 635 657
2419 629 635 631 657
2420 634 635 657 660
2421 635 631 657 659
2422 635 657 660 661
2423 635 657 661 659
2424 587 591 638 613
2425 587 638 634 613
2426 591 638 613 615
2427 638 634 613 660
2428 638 613 615 662
2429 638 613 662 660
2430 634 638 639 660
2431 634 639 635 660
2432 638 639 660 662
2433 639 635 660 661
2434 639 660 662 663
2435 639 660 663 661
2436 591 595 642 615
2437 591 642 638 615
2438 595 642 615 617
2439 642 638 615 662
2440 642 615 617 664
2441 642 615 664 662
2442 638 642 643 662
2443 638 643 639 662
2444 642 643 662 664
2445 643 639 662 663
2446 643 662 664 665
2447 643 662 665 663
2448 595 599 646 617
2449 595 646 642 617
2450 599 646 617 619
2451 646 642 617 664
2452 646 617 619 666
2453 646 617 666 664
2454 642 646 647 664
2455 642 647 643 664
2456 646 647 664 666
2457 647 643 664 665
2458 647 664 666 667
2459 647 664 667 665
2460 599 603 650 619
2461 599 650 646 619
2462 603 650 619 621
2463 650 646 619 666
2464 650 619 621 668
2465 650 619 668 666
2466 646 650 651 666
2467 646 651 647 666
2468 650 651 666 668
2469 651 647 666 667
2470 651 666 668 669
2471 651 666 669 667
2472 603 607 654 621
2473 603 654 650 621
2474 607 654 621 623
2475 654 650 621 668
2476 654 621 623 670
2477 654 621 670 668
2478 650 654 655 668
2479 650 655 651 668
2480 654 655 668 670
2481 655 651 668 669
2482 655 668 670 671
2483 655 668 671 669
2484 607 582 628 623
2485 607 628 654 623
2486 582 628 623 610
2487 628 654 623 670
2488 628 623 610 656
2489 628 623 656 670
2490 654 628 630 670
2491 654 630 655 670
2492 628 630 670 656
2493 630 655 670 671
2494 630 670 656 658
2495 630 670 658 671
2496 626 627 673 630
2497 626 673 672 630
2498 627 673 630 631
2499 673 672 630 676
2500 673 630 631 677
2501 673 630 677 676
2502 672 673 675 676
2503 672 675 674 676
2504 673 675 676 677
2505 675 674 676 678
2506 675 676 677 679
2507 675 676 679 678
2508 627 633 680 631
2509 627 680 673 631
2510 633 680 631 635
2511 680 673 631 677
2512 680 631 635 682
2513 680 631 682 677
2514 673 680 681 677
2515 673 681 675 677
2516 680 681 677 682
2517 681 675 677 679
2518 681 677 682 683
2519 681 677 683 679
2520 633 637 684 635
2521 633 684 680 635
2522 637 684 635 639
2523 684 680 635 682
2524 684 635 639 686
2525 684 635 686 682
2526 680 684 685 682
2527 680 685 681 682
2528 684 685 682 686
2529 685 681 682 683
2530 685 682 686 687
2531 685 682 687 683
2532 637 641 688 639
2533 637 688 684 639
2534 641 688 639 643
2535 688 684 639 686
2536 688 639 643 690
2537 688 639 690 686
2538 684 688 689 686
2539 684 689 685 686
2540 688 689 686 690
2541 689 685 686 687
2542 689 686 690 691
2543 689 686 691 687
2544 641 645 692 643
2545 641 692 688 643
2546 645 692 643 647
2547 692 688 643 690
2548 692 643 647 694
2549 692 643 694 690
2550 688 692 693 690
2551 688 693 689 690
2552 692 693 690 694
2553 693 689 690 691
2554 693 690 694 695
2555 693 690 695 691
2556 645 649 696 647
2557 645 696 692 647
2558 649 696 647 651
2559 696 692 647 694
2560 696 647 651 698
2561 696 647 698 694
2562 692 696 697 694
2563 692 697 693 694
2564 696 697 694 698
2565 697 693 694 695
2566 697 694 698 699
2567 697 694 699 695
2568 649 653 700 651
2569 649 700 696 651
2570 653 700 651 655
2571 700 696 651 698
2572 700 651 655 702
2573 700 651 702 698
2574 696 700 701 698
2575 696 701 697 698
2576 700 701 698 702
2577 701 697 698 699
2578 701 698 702 703
2579 701 698 703 699
2580 653 626 672 655
2581 653 672 700 655
2582 626 672 655 630
2583 672 700 655 702
2584 672 655 630 676
2585 672 655 676 702
2586 700 672 674 702
2587 700 674 701 702
2588 672 674 702 676
2589 674 701 702 703
2590 674 702 676 678
2591 674 702 678 703
2592 630 631 677 658
2593 630 677 676 658
2594 631 677 658 659
2595 677 676 658 704
2596 677 658 659 705
2597 677 658 705 704
2598 676 677 679 704
2599 676 679 678 704
2600 677 679 704 705
2601 679 678 704 706
2602 679 704 705 707
2603 679 704 707 706
2604 631 635 682 659
2605 631 682 677 659
2606 635 682 659 661
2607 682 677 659 705
2608 682 659 661 708
2609 682 659 708 705
2610 677 682 683 705
2611 677 683 679 705
2612 682 683 705 708
2613 683 679 705 707
2614 683 705 708 709
2615 683 705 709 707
2616 635 639 686 661
2617 635 686 682 661
2618 639 686 661 663
2619 686 682 661 708
2620 686 661 663 710
2621 686 661 710 708
2622 682 686 687 708
2623 682 687 683 708
2624 686 687 708 710
2625 687 683 708 709
2626 687 708 710 711
2627 687 708 711 709
2628 639 643 690 663
2629 639 690 686 663
2630 643 690 663 665
2631 690 686 663 710
2632 690 663 665 712
2633 690 663 712 710
2634 686 690 691 710
2635 686 691 687 710
2636 690 691 710 712
2637 691 687 710 711
2638 691 710 712 713
2639 691 710 713 711
2640 643 647 694 665
2641 643 694 690 665
2642 647 694 665 667
2643 694 690 665 712
2644 694 665 667 714
2645 694 665 714 712
2646 690 694 695 712
2647 690 695 691 712
2648 694 695 712 714
2649 695 691 712 713
2650 695 712 714 715
2651 695 712 715 713
2652 647 651 698 667
2653 647 698 694 667
2654 651 698 667 669
2655 698 694 667 714
2656 698 667 669 716
2657 698 667 716 714
2658 694 698 699 714
2659 694 699 695 714
2660 698 699 714 716
2661 699 695 714 715
2662 699 714 716 717
2663 699 714 717 715
2664 651 655 702 669
2665 651 702 698 669
2666 655 702 669 671
2667 702 698 669 716
2668 702 669 671 718
2669 702 669 718 716
2670 698 702 703 716
2671 698 703 699 716
2672 702 703 716 718
2673 703 699 716 717
2674 703 716 718 719
2675 703 716 719 717
2676 655 630 676 671
2677 655 676 702 671
2678 630 676 671 658
2679 676 702 671 718
2680 676 671 658 704
2681 676 671 704 718
2682 702 676 678 718
2683 702 678 703 718
2684 676 678 718 704
2685 678 703 718 719
2686 678 718 704 706
2687 678 718 706 719
2688 674 675 721 678
2689 674 721 720 678
2690 675 721 678 679
2691 721 720 678 724
2692 721 678 679 725
2693 721 678 725 724
2694 720 721 723 724
2695 720 723 722 724
2696 721 723 724 725
2697 723 722 724 726
2698 723 724 725 727
2699 723 724 727 726
2700 675 681 728 679
2701 675 728 721 679
2702 681 728 679 683
2703 728 721 679 725
2704 728 679 683 730
2705 728 679 730 725
2706 721 728 729 725
2707 721 729 723 725
2708 728 729 725 730
2709 729 723 725 727
2710 729 725 730 731
2711 729 725 731 727
2712 681 685 732 683
2713 681 732 728 683
2714 685 732 683 687
2715 732 728 683 730
2716 732 683 687 734
2717 732 683 734 730
2718 728 732 733 730
2719 728 733 729 730
2720 732 733 730 734
2721 733 729 730 731
2722 733 730 734 735
2723 733 730 735 731
2724 685 689 736 687
2725 685 736 732 687
2726 689 736 687 691
2727 736 732 687 734
2728 736 687 691 738
2729 736 687 738 734
2730 732 736 737 734
2731 732 737 733 734
2732 736 737 734 738
2733 737 733 734 735
2734 737 734 738 739
2735 737 734 739 735
2736 689 693 740 691
2737 689 740 736 691
2738 693 740 691 695
2739 740 736 691 738
2740 740 691 695 742
2741 740 691 742 738
2742 736 740 741 738
2743 736 741 737 738
2744 740 741 738 742
2745 741 737 738 739
2746 741 738 742 743
2747 741 738 743 739
2748 693 697 744 695
2749 693 744 740 695
2750 697 744 695 699
2751 744 740 695 742
2752 744 695 699 746
2753 744 695 746 742
2754 740 744 745 742
2755 740 745 741 742
2756 744 745 742 746
2757 745 741 742 743
2758 745 742 746 747
2759 745 742 747 743
2760 697 701 748 699
2761 697 748 744 699
2762 701 748 699 703
2763 748 744 699 746
2764 748 699 703 750
2765 748 699 750 746
2766 744 748 749 746
2767 744 749 745 746
2768 748 749 746 750
2769 749 745 746 747
2770 749 746 750 751
2771 749 746 751 747
2772 701 674 720 703
2773 701 720 748 703
2774 674 720 703 678
2775 720 748 703 750
2776 720 703 678 724
2777 720 703 724 750
2778 748 720 722 750
2779 748 722 749 750
2780 720 722 750 724
2781 722 749 750 751
2782 722 750 724 726
2783 722 750 726 751
2784 678 679 725 706
2785 678 725 724 706
2786 679 725 706 707
2787 725 724 706 752
2788 725 706 707 753
2789 725 706 753 752
2790 724 725 727 752
2791 724 727 726 752
2792 725 727 752 753
2793 727 726 752 754
2794 727 752 753 755
2795 727 752 755 754
2796 679 683 730 707
2797 679 730 725 707
2798 683 730 707 709
2799 730 725 707 753
2800 730 707 709 756
2801 730 707 756 753
2802 725 730 731 753
2803 725 731 727 753
2804 730 731 753 756
2805 731 727 753 755
2806 731 753 756 757
2807 731 753 757 755
2808 683 687 734 709
2809 683 734 730 709
2810 687 734 709 711
2811 734 730 709 756
2812 734 709 711 758
2813 734 709 758 756
2814 730 734 735 756
2815 730 735 731 756
2816 734 735 756 758
2817 735 731 756 757
2818 735 756 758 759
2819 735 756 759 757
2820 687 691 738 711
2821 687 738 734 711
2822 691 738 711 713
2823 738 734 711 758
2824 738 711 713 760
2825 738 711 760 758
2826 734 738 739 758
2827 734 739 735 758
2828 738 739 758 760
2829 739 735 758 759
2830 739 758 760 761
2831 739 758 761 759
2832 691 695 742 713
2833 691 742 738 713
2834 695 742 713 715
2835 742 738 713 760
2836 742 713 715 762
2837 742 713 762 760
2838 738 742 743 760
2839 738 743 739 760
2840 742 743 760 762
2841 743 739 760 761
2842 743 760 762 763
2843 743 760 763 761
2844 695 699 746 715
2845 695 746 742 715
2846 699 746 715 717
2847 746 742 715 762
2848 746 715 717 764
2849 746 715 764 762
2850 742 746 747 762
2851 742 747 743 762
2852 746 747 762 764
2853 747 743 762 763
2854 747 762 764 765
2855 747 762 765 763
2856 699 703 750 717
2857 699 750 746 717
2858 703 750 717 719
2859 750 746 717 764
2860 750 717 719 766
2861 750 717 766 764
2862 746 750 751 764
2863 746 751 747 764
2864 750 751 764 766
2865 751 747 764 765
2866 751 764 766 767
2867 751 764 767 765
2868 703 678 724 719
2869 703 724 750 719
2870 678 724 719 706
2871 724 750 719 766
2872 724 719 706 752
2873 724 719 752 766
2874 750 724 726 766
2875 750 726 751 766
2876 724 726 766 752
2877 726 751 766 767
2878 726 766 752 754
2879 726 766 754 767
2880 722 723 769 726
2881 722 769 768 726
2882 723 769 726 727
2883 769 768 726 772
2884 769 726 727 773
2885 769 726 773 772
2886 768 769 771 772
2887 768 771 770 772
2888 769 771 772 773
2889 771 770 772 774
2890 771 772 773 775
2891 771 772 775 774
2892 723 729 776 727
2893 723 776 769 727
2894 729 776 727 731
2895 776 769 727 773
2896 776 727 731 778
2897 776 727 778 773
2898 769 776 777 773
2899 769 777 771 773
2900 776 777 773 778
2901 777 771 773 775
2902 777 773 778 779
2903 777 773 779 775
2904 729 733 780 731
2905 729 780 776 731
2906 733 780 731 735
2907 780 776 731 778
2908 780 731 735 782
2909 780 731 782 778
2910 776 780 781 778
2911 776 781 777 778
2912 780 781 778 782
2913 781 777 778 779
2914 781 778 782 783
2915 781 778 783 779
2916 733 737 784 735
2917 733 784 780 735
2918 737 784 735 739
2919 784 780 735 782
2920 784 735 739 786
2921 784 735 786 782
2922 780 784 785 782
2923 780 785 781 782
2924 784 785 782 786
2925 785 781 782 783
2926 785 782 786 787
2927 785 782 787 783
2928 737 741 788 739
2929 737 788 784 739
2930 741 788 739 743
2931 788 784 739 786
2932 788 739 743 790
2933 788 739 790 786
2934 784 788 789 786
2935 784 789 785 786
2936 788 789 786 790
2937 789 785 786 787
2938 789 786 790 791
2939 789 786 791 787
2940 741 745 792 743
2941 741 792 788 743
2942 745 792 743 747
2943 792 788 743 790
2944 792 743 747 794
2945 792 743 794 790
2946 788 792 793 790
2947 788 793 789 790
2948 792 793 790 794
2949 793 789 790 791
2950 793 790 794 795
2951 793 790 795 791
2952 745 749 796 747
2953 745 796 792 747
2954 749 796 747 751
2955 796 792 747 794
2956 796 747 751 798
2957 796 747 798 794
2958 792 796 797 794
2959 792 797 793 794
2960 796 797 794 798
2961 797 793 794 795
2962 797 794 798 799
2963 797 794 799 795
2964 749 722 768 751
2965 749 768 796 751
2966 722 768 751 726
2967 768 796 751 798
2968 768 751 726 772
2969 768 751 772 798
2970 796 768 770 798
2971 796 770 797 798
2972 768 770 798 772
2973 770 797 798 799
2974 770 798 772 774
2975 770 798 774 799
2976 726 727 773 754
2977 726 773 772 754
2978 727 773 754 755
2979 773 772 754 800
2980 773 754 755 801
2981 773 754 801 800
2982 772 773 775 800
2983 772 775 774 800
2984 773 775 800 801
2985 775 774 800 802
2986 775 800 801 803
2987 775 800 803 802
2988 727 731 778 755
2989 727 778 773 755
2990 731 778 755 757
2991 778 773 755 801
2992 778 755 757 804
2993 778 755 804 801
2994 773 778 779 801
2995 773 779 775 801
2996 778 779 801 804
2997 779 775 801 803
2998 779 801 804 805
2999 779 801 805 803
3000 731 735 782 757
3001 731 782 778 757
3002 735 782 757 759
3003 782 778 757 804
3004 782 757 759 806
3005 782 757 806 804
3006 778 782 783 804
3007 778 783 779 804
3008 782 783 804 806
3009 783 779 804 805
3010 783 804 806 807
3011 783 804 807 805
3012 735 739 786 759
3013 735 786 782 759
3014 739 786 759 761
3015 786 782 759 806
3016 786 759 761 808
3017 786 759 808 806
3018 782 786 787 806
3019 782 787 783 806
3020 786 787 806 808
3021 787 783 806 807
3022 787 806 808 809
3023 787 806 809 807
3024 739 743 790 761
3025 739 790 786 761
3026 743 790 761 763
3027 790 786 761 808
3028 790 761 763 810
3029 790 761 810 808
3030 786 790 791 808
3031 786 791 787 808
3032 790 791 808 810
3033 791 787 808 809
3034 791 808 810 811
3035 791 808 811 809
3036 743 747 794 763
3037 743 794 790 763
3038 747 794 763 765
3039 794 790 763 810
3040 794 763 765 812
3041 794 763 812 810
3042 790 794 795 810
3043 790 795 791 810
3044 794 795 810 812
3045 795 791 810 811
3046 795 810 812 813
3047 795 810 813 811
3048 747 751 798 765
3049 747 798 794 765
3050 751 798 765 767
3051 798 794 765 812
3052 798 765 767 814
3053 798 765 814 812
3054 794 798 799 812
3055 794 799 795 812
3056 798 799 812 814
3057 799 795 812 813
3058 799 812 814 815
3059 799 812 815 813
3060 751 726 772 767
3061 751 772 798 767
3062 726 772 767 754
3063 772 798 767 814
3064 772 767 754 800
3065 772 767 800 814
3066 798 772 774 814
3067 798 774 799 814
3068 772 774 814 800
3069 774 799 814 815
3070 774 814 800 802
3071 774 814 802 815
3072 770 771 817 774
3073 770 817 816 774
3074 771 817 774 775
3075 817 816 774 820
3076 817 774 775 821
3077 817 774 821 820
3078 816 817 819 820
3079 816 819 818 820
3080 817 819 820 821
3081 819 818 820 822
3082 819 820 821 823
3083 819 820 823 822
3084 771 777 824 775
3085 771 824 817 775
3086 777 824 775 779
3087 824 817 775 821
3088 824 775 779 826
3089 824 775 826 821
3090 817 824 825 821
3091 817 825 819 821
3092 824 825 821 826
3093 825 819 821 823
3094 825 821 826 827
3095 825 821 827 823
3096 777 781 828 779
3097 777 828 824 779
3098 781 828 779 783
3099 828 824 779 826
3100 828 779 783 830
3101 828 779 830 826
3102 824 828 829 826
3103 824 829 825 826
3104 828 829 826 830
3105 829 825 826 827
3106 829 826 830 831
3107 829 826 831 827
3108 781 785 832 783
3109 781 832 828 783
3110 785 832 783 787
3111 832 828 783 830
3112 832 783 787 834
3113 832 783 834 830
3114 828 832 833 830
3115 828 833 829 830
3116 832 833 830 834
3117 833 829 830 831
3118 833 830 834 835
3119 833 830 835 831
3120 785 789 836 787
3121 785 836 832 787
3122 789 836 787 791
3123 836 832 787 834
3124 836 787 791 838
3125 836 787 838 834
3126 832 836 837 834
3127 832 837 833 834
3128 836 837 834 838
3129 837 833 834 835
3130 837 834 838 839
3131 837 834 839 835
3132 789 793 840 791
3133 789 840 836 791
3134 793 840 791 795
3135 840 836 791 838
3136 840 791 795 842
3137 840 791 842 838
3138 836 840 841 838
3139 836 841 837 838
3140 840 841 838 842
3141 841 837 838 839
3142 841 838 842 843
3143 841 838 843 839
3144 793 797 844 795
3145 793 844 840 795
3146 797 844 795 799
3147 844 840 795 842
3148 844 795 799 846
3149 844 795 846 842
3150 840 844 845 842
3151 840 845 841 842
3152 844 845 842 846
3153 845 841 842 843
3154 845 842 846 847
3155 845 842 847 843
3156 797 770 816 799
3157 797 816 844 799
3158 770 816 799 774
3159 816 844 799 846
3160 816 799 774 820
3161 816 799 820 846
3162 844 816 818 846
3163 844 818 845 846
3164 816 818 846 820
3165 818 845 846 847
3166 818 846 820 822
3167 818 846 822 847
3168 774 775 821 802
3169 774 821 820 802
3170 775 821 802 803
3171 821 820 802 848
3172 821 802 803 849
3173 821 802 849 848
3174 820 821 823 848
3175 820 823 822 848
3176 821 823 848 849
3177 823 822 848 850
3178 823 848 849 851
3179 823 848 851 850
3180 775 779 826 803
3181 775 826 821 803
3182 779 826 803 805
3183 826 821 803 849
3184 826 803 805 852
3185 826 803 852 849
3186 821 826 827 849
3187 821 827 823 849
3188 826 827 849 852
3189 827 823 849 851
3190 827 849 852 853
3191 827 849 853 851
3192 779 783 830 805
3193 779 830 826 805
3194 783 830 805 807
3195 830 826 805 852
3196 830 805 807 854
3197 830 805 854 852
3198 826 830 831 852
3199 826 831 827 852
3200 830 831 852 854
3201 831 827 852 853
3202 831 852 854 855
3203 831 852 855 853
3204 783 787 834 807
3205 783 834 830 807
3206 787 834 807 809
3207 834 830 807 854
3208 834 807 809 856
3209 834 807 856 854
3210 830 834 835 854
3211 830 835 831 854
3212 834 835 854 856
3213 835 831 854 855
3214 835 854 856 857
3215 835 854 857 855
3216 787 791 838 809
3217 787 838 834 809
3218 791 838 809 811
3219 838 834 809 856
3220 838 809 811 858
3221 838 809 858 856
3222 834 838 839 856
3223 834 839 835 856
3224 838 839 856 858
3225 839 835 856 857
3226 839 856 858 859
3227 839 856 859 857
3228 791 795 842 811
3229 791 842 838 811
3230 795 842 811 813
3231 842 838 811 858
3232 842 811 813 860
3233 842 811 860 858
3234 838 842 843 858
3235 838 843 839 858
3236 842 843 858 860
3237 843 839 858 859
3238 843 858 860 861
3239 843 858 861 859
3240 795 799 846 813
3241 795 846 842 813
3242 799 846 813 815
3243 846 842 813 860
3244 846 813 815 862
3245 846 813 862 860
3246 842 846 847 860
3247 842 847 843 860
3248 846 847 860 862
3249 847 843 860 861
3250 847 860 862 863
3251 847 860 863 861
3252 799 774 820 815
3253 799 820 846 815
3254 774 820 815 802
3255 820 846 815 862
3256 820 815 802 848
3257 820 815 848 862
3258 846 820 822 862
3259 846 822 847 862
3260 820 822 862 848
3261 822 847 862 863
3262 822 862 848 850
3263 822 862 850 863
3264 818 819 865 822
3265 818 865 864 822
3266 819 865 822 823
3267 865 864 822 868
3268 865 822 823 869
3269 865 822 869 868
3270 864 865 867 868
3271 864 867 866 868
3272 865 867 868 869
3273 867 866 868 870
3274 867 868 869 871
3275 867 868 871 870
3276 819 825 872 823
3277 819 872 865 823
3278 825 872 823 827
3279 872 865 823 869
3280 872 823 827 874
3281 872 823 874 869
3282 865 872 873 869
3283 865 873 867 869
3284 872 873 869 874
3285 873 867 869 871
3286 873 869 874 875
3287 873 869 875 871
3288 825 829 876 827
3289 825 876 872 827
3290 829 876 827 831
3291 876 872 827 874
3292 876 827 831 878
3293 876 827 878 874
3294 872 876 877 874
3295 872 877 873 874
3296 876 877 874 878
3297 877 873 874 875
3298 877 874 878 879
3299 877 874 879 875
3300 829 833 880 831
3301 829 880 876 831
3302 833 880 831 835
3303 880 876 831 878
3304 880 831 835 882
3305 880 831 882 878
3306 876 880 881 878
3307 876 881 877 878
3308 880 881 878 882
3309 881 877 878 879
3310 881 878 882 883
3311 881 878 883 879
3312 833 837 884 835
3313 833 884 880 835
3314 837 884 835 839
3315 884 880 835 882
3316 884 835 839 886
3317 884 835 886 882
3318 880 884 885 882
3319 880 885 881 882
3320 884 885 882 886
3321 885 881 882 883
3322 885 882 886 887
3323 885 882 887 883
3324 837 841 888 839
3325 837 888 884 839
3326 841 888 839 843
3327 888 884 839 886
3328 888 839 843 890
3329 888 839 890 886
3330 884 888 889 886
3331 884 889 885 886
3332 888 889 886 890
3333 889 885 886 887
3334 889 886 890 891
3335 889 886 891 887
3336 841 845 892 843
3337 841 892 888 843
3338 845 892 843 847
3339 892 888 843 890
3340 892 843 847 894
3341 892 843 894 890
3342 888 892 893 890
3343 888 893 889 890
3344 892 893 890 894
3345 893 889 890 891
3346 893 890 894 895
3347 893 890 895 891
3348 845 818 864 847
3349 845 864 892 847
3350 818 864 847 822
3351 864 892 847 894
3352 864 847 822 868
3353 864 847 868 894
3354 892 864 866 894
3355 892 866 893 894
3356 864 866 894 868
3357 866 893 894 895
3358 866 894 868 870
3359 866 894 870 895
3360 822 823 869 850
3361 822 869 868 850
3362 823 869 850 851
3363 869 868 850 896
3364 869 850 851 897
3365 869 850 897 896
3366 868 869 871 896
3367 868 871 870 896
3368 869 871 896 897
3369 871 870 896 898
3370 871 896 897 899
3371 871 896 899 898
3372 823 827 874 851
3373 823 874 869 851
3374 827 874 851 853
3375 874 869 851 897
3376 874 851 853 900
3377 874 851 900 897
3378 869 874 875 897
3379 869 875 871 897
3380 874 875 897 900
3381 875 871 897 899
3382 875 897 900 901
3383 875 897 901 899
3384 827 831 878 853
3385 827 878 874 853
3386 831 878 853 855
3387 878 874 853 900
3388 878 853 855 902
3389 878 853 902 900
3390 874 878 879 900
3391 874 879 875 900
3392 878 879 900 902
3393 879 875 900 901
3394 879 900 902 903
3395 879 900 903 901
3396 831 835 882 855
3397 831 882 878 855
3398 835 882 855 857
3399 882 878 855 902
3400 882 855 857 904
3401 882 855 904 902
3402 878 882 883 902
3403 878 883 879 902
3404 882 883 902 904
3405 883 879 902 903
3406 883 902 904 905
3407 883 902 905 903
3408 835 839 886 857
3409 835 886 882 857
3410 839 886 857 859
3411 886 882 857 904
3412 886 857 859 906
3413 886 857 906 904
3414 882 886 887 904
3415 882 887 883 904
3416 886 887 904 906
3417 887 883 904 905
3418 887 904 906 907
3419 887 904 907 905
3420 839 843 890 859
3421 839 890 886 859
3422 843 890 859 861
3423 890 886 859 906
3424 890 859 861 908
3425 890 859 908 906
3426 886 890 891 906
3427 886 891 887 906
3428 890 891 906 908
3429 891 887 906 907
3430 891 906 908 909
3431 891 906 909 907
3432 843 847 894 861
3433 843 894 890 861
3434 847 894 861 863
3435 894 890 861 908
3436 894 861 863 910
3437 894 861 910 908
3438 890 894 895 908
3439 890 895 891 908
3440 894 895 908 910
3441 895 891 908 909
3442 895 908 910 911
3443 895 908 911 909
3444 847 822 868 863
3445 847 868 894 863
3446 822 868 863 850
3447 868 894 863 910
3448 868 863 850 896
3449 868 863 896 910
3450 894 868 870 910
3451 894 870 895 910
3452 868 870 910 896
3453 870 895 910 911
3454 870 910 896 898
3455 870 910 898 911
3456 866 867 913 870
3457 866 913 912 870
3458 867 913 870 871
3459 913 912 870 916
3460 913 870 871 917
3461 913 870 917 916
3462 912 913 915 916
3463 912 915 914 916
3464 913 915 916 917
3465 915 914 916 918
3466 915 916 917 919
3467 915 916 919 918
3468 867 873 920 871
3469 867 920 913 871
3470 873 920 871 875
3471 920 913 871 917
3472 920 871 875 922
3473 920 871 922 917
3474 913 920 921 917
3475 913 921 915 917
3476 920 921 917 922
3477 921 915 917 919
3478 921 917 922 923
3479 921 917 923 919
3480 873 877 924 875
3481 873 924 920 875
3482 877 924 875 879
3483 924 920 875 922
3484 924 875 879 926
3485 924 875 926 922
3486 920 924 925 922
3487 920 925 921 922
3488 924 925 922 926
3489 925 921 922 923
3490 925 922 926 927
3491 925 922 927 923
3492 877 881 928 879
3493 877 928 924 879
3494 881 928 879 883
3495 928 924 879 926
3496 928 879 883 930
3497 928 879 930 926
3498 924 928 929 926
3499 924 929 925 926
3500 928 929 926 930
3501 929 925 926 927
3502 929 926 930 931
3503 929 926 931 927
3504 881 885 932 883
3505 881 932 928 883
3506 885 932 883 887
3507 932 928 883 930
3508 932 883 887 934
3509 932 883 934 930
3510 928 932 933 930
3511 928 933 929 930
3512 932 933 930 934
3513 933 929 930 931
3514 933 930 934 935
3515 933 930 935 931
3516 885 889 936 887
3517 885 936 932 887
3518 889 936 887 891
3519 936 932 887 934
3520 936 887 891 938
3521 936 887 938 934
3522 932 936 937 934
3523 932 937 933 934
3524 936 937 934 938
3525 937 933 934 935
3526 937 934 938 939
3527 937 934 939 935
3528 889 893 940 891
3529 889 940 936 891
3530 893 940 891 895
3531 940 936 891 938
3532 940 891 895 942
3533 940 891 942 938
3534 936 940 941 938
3535 936 941 937 938
3536 940 941 938 942
3537 941 937 938 939
3538 941 938 942 943
3539 941 938 943 939
3540 893 866 912 895
3541 893 912 940 895
3542 866 912 895 870
3543 912 940 895 942
3544 912 895 870 916
3545 912 895 916 942
3546 940 912 914 942
3547 940 914 941 942
3548 912 914 942 916
3549 914 941 942 943
3550 914 942 916 918
3551 914 942 918 943
3552 870 871 917 898
3553 870 917 916 898
3554 871 917 898 899
3555 917 916 898 944
3556 917 898 899 945
3557 917 898 945 944
3558 916 917 919 944
3559 916 919 918 944
3560 917 919 944 945
3561 919 918 944 946
3562 919 944 945 947
3563 919 944 947 946
3564 871 875 922 899
3565 871 922 917 899
3566 875 922 899 901
3567 922 917 899 945
3568 922 899 901 948
3569 922 899 948 945
3570 917 922 923 945
3571 917 923 919 945
3572 922 923 945 948
3573 923 919 945 947
3574 923 945 948 949
3575 923 945 949 947
3576 875 879 926 901
3577 875 926 922 901
3578 879 926 901 903
3579 926 922 901 948
3580 926 901 903 950
3581 926 901 950 948
3582 922 926 927 948
3583 922 927 923 948
3584 926 927 948 950
3585 927 923 948 949
3586 927 948 950 951
3587 927 948 951 949
3588 879 883 930 903
3589 879 930 926 903
3590 883 930 903 905
3591 930 926 903 950
3592 930 903 905 952
3593 930 903 952 950
3594 926 930 931 950
3595 926 931 927 950
3596 930 931 950 952
3597 931 927 950 951
3598 931 950 952 953
3599 931 950 953 951
3600 883 887 934 905
3601 883 934 930 905
3602 887 934 905 907
3603 934 930 905 952
3604 934 905 907 954
3605 934 905 954 952
3606 930 934 935 952
3607 930 935 931 952
3608 934 935 952 954
3609 935 931 952 953
3610 935 952 954 955
3611 935 952 955 953
3612 887 891 938 907
3613 887 938 934 907
3614 891 938 907 909
3615 938 934 907 954
3616 938 907 909 956
3617 938 907 956 954
3618 934 938 939 954
3619 934 939 935 954
3620 938 939 954 956
3621 939 935 954 955
3622 939 954 956 957
3623 939 954 957 955
3624 891 895 942 909
3625 891 942 938 909
3626 895 942 909 911
3627 942 938 909 956
3628 942 909 911 958
3629 942 909 958 956
3630 938 942 943 956
3631 938 943 939 956
3632 942 943 956 958
3633 943 939 956 957
3634 943 956 958 959
3635 943 956 959 957
3636 895 870 916 911
3637 895 916 942 911
3638 870 916 911 898
3639 916 942 911 958
3640 916 911 898 944
3641 916 911 944 958
3642 942 916 918 958
3643 942 918 943 958
3644 916 918 958 944
3645 918 943 958 959
3646 918 958 944 946
3647 918 958 946 959
3648 914 915 961 918
3649 914 961 960 918
3650 915 961 918 919
3651 961 960 918 964
3652 961 918 919 965
3653 961 918 965 964
3654 960 961 963 964
3655 960 963 962 964
3656 961 963 964 965
3657 963 962 964 966
3658 963 964 965 967
3659 963 964 967 966
3660 915 921 968 919
3661 915 968 961 919
3662 921 968 919 923
3663 968 961 919 965
3664 968 919 923 970
3665 968 919 970 965
3666 961 968 969 965
3667 961 969 963 965
3668 968 969 965 970
3669 969 963 965 967
3670 969 965 970 971
3671 969 965 971 967
3672 921 925 972 923
3673 921 972 968 923
3674 925 972 923 927
3675 972 968 923 970
3676 972 923 927 974
3677 972 923 974 970
3678 968 972 973 970
3679 968 973 969 970
3680 972 973 970 974
3681 973 969 970 971
3682 973 970 974 975
3683 973 970 975 971
3684 925 929 976 927
3685 925 976 972 927
3686 929 976 927 931
3687 976 972 927 974
3688 976 927 931 978
3689 976 927 978 974
3690 972 976 977 974
3691 972 977 973 974
3692 976 977 974 978
3693 977 973 974 975
3694 977 974 978 979
3695 977 974 979 975
3696 929 933 980 931
3697 929 980 976 931
3698 933 980 931 935
3699 980 976 931 978
3700 980 931 935 982
3701 980 931 982 978
3702 976 980 981 978
3703 976 981 977 978
3704 980 981 978 982
3705 981 977 978 979
3706 981 978 982 983
3707 981 978 983 979
3708 933 937 984 935
3709 933 984 980 935
3710 937 984 935 939
3711 984 980 935 982
3712 984 935 939 986
3713 984 935 986 982
3714 980 984 985 982
3715 980 985 981 982
3716 984 985 982 986
3717 985 981 982 983
3718 985 982 986 987
3719 985 982 987 983
3720 937 941 988 939
3721 937 988 984 939
3722 941 988 939 943
3723 988 984 939 986
3724 988 939 943 990
3725 988 939 990 986
3726 984 988 989 986
3727 984 989 985 986
3728 988 989 986 990
3729 989 985 986 987
3730 989 986 990 991
3731 989 986 991 987
3732 941 914 960 943
3733 941 960 988 943
3734 914 960 943 918
3735 960 988 943 990
3736 960 943 918 964
3737 960 943 964 990
3738 988 960 962 990
3739 988 962 989 990
3740 960 962 990 964
3741 962 989 990 991
3742 962 990 964 966
3743 962 990 966 991
3744 918 919 965 946
3745 918 965 964 946
3746 919 965 946 947
3747 965 964 946 992
3748 965 946 947 993
3749 965 946 993 992
3750 964 965 967 992
3751 964 967 966 992
3752 965 967 992 993
3753 967 966 992 994
3754 967 992 993 995
3755 967 992 995 994
3756 919 923 970 947
3757 919 970 965 947
3758 923 970 947 949
3759 970 965 947 993
3760 970 947 949 996
3761 970 947 996 993
3762 965 970 971 993
3763 965 971 967 993
3764 970 971 993 996
3765 971 967 993 995
3766 971 993 996 997
3767 971 993 997 995
3768 923 927 974 949
3769 923 974 970 949
3770 927 974 949 951
3771 974 970 949 996
3772 974 949 951 998
3773 974 949 998 996
3774 970 974 975 996
3775 970 975 971 996
3776 974 975 996 998
3777 975 971 996 997
3778 975 996 998 999
3779 975 996 999 997
3780 927 931 978 951
3781 927 978 974 951
3782 931 978 951 953
3783 978 974 951 998
3784 978 951 953 1000
3785 978 951 1000 998
3786 974 978 979 998
3787 974 979 975 998
3788 978 979 998 1000
3789 979 975 998 999
3790 979 998 1000 1001
3791 979 998 1001 999
3792 931 935 982 953
3793 931 982 978 953
3794 935 982 953 955
3795 982 978 953 1000
3796 982 953 955 1002
3797 982 953 1002 1000
3798 978 982 983 1000
3799 978 983 979 1000
3800 982 983 1000 1002
3801 983 979 1000 1001
3802 983 1000 1002 1003
3803 983 1000 1003 1001
3804 935 939 986 955
3805 935 986 982 955
3806 939 986 955 957
3807 986 982 955 1002
3808 986 955 957 1004
3809 986 955 1004 1002
3810 982 986 987 1002
3811 982 987 983 1002
3812 986 987 1002 1004
3813 987 983 1002 1003
3814 987 1002 1004 1005
3815 987 1002 1005 1003
3816 939 943 990 957
3817 939 990 986 957
3818 943 990 957 959
3819 990 986 957 1004
3820 990 957 959 1006
3821 990 957 1006 1004
3822 986 990 991 1004
3823 986 991 987 1004
3824 990 991 1004 1006
3825 991 987 1004 1005
3826 991 1004 1006 1007
3827 991 1004 1007 1005
3828 943 918 964 959
3829 943 964 990 959
3830 918 964 959 946
3831 964 990 959 1006
3832 964 959 946 992
3833 964 959 992 1006
3834 990 964 966 1006
3835 990 966 991 1006
3836 964 966 1006 992
3837 966 991 1006 1007
3838 966 1006 992 994
3839 966 1006 994 1007
3840 458 459 1009 462
3841 458 1009 1008 462
3842 459 1009 462 463
3843 1009 1008 462 1012
3844 1009 462 463 1013
3845 1009 462 1013 1012
3846 1008 1009 1011 1012
3847 1008 1011 1010 1012
3848 1009 1011 1012 1013
3849 1011 1010 1012 1014
3850 1011 1012 1013 1015
3851 1011 1012 1015 1014
3852 459 465 1016 463
3853 459 1016 1009 463
3854 465 1016 463 467
3855 1016 1009 463 1013
3856 1016 463 467 1018
3857 1016 463 1018 1013
3858 1009 1016 1017 1013
3859 1009 1017 1011 1013
3860 1016 1017 1013 1018
3861 1017 1011 1013 1015
3862 1017 1013 1018 1019
3863 1017 1013 1019 1015
3864 465 469 1020 467
3865 465 1020 1016 467
3866 469 1020 467 471
3867 1020 1016 467 1018
3868 1020 467 471 1022
3869 1020 467 1022 1018
3870 1016 1020 1021 1018
3871 1016 1021 1017 1018
3872 1020 1021 1018 1022
3873 1021 1017 1018 1019
3874 1021 1018 1022 1023
3875 1021 1018 1023 1019
3876 469 473 1024 471
3877 469 1024 1020 471
3878 473 1024 471 475
3879 1024 1020 471 1022
3880 1024 471 475 1026
3881 1024 471 1026 1022
3882 1020 1024 1025 1022
3883 1020 1025 1021 1022
3884 1024 1025 1022 1026
3885 1025 1021 1022 1023
3886 1025 1022 1026 1027
3887 1025 1022 1027 1023
3888 473 477 1028 475
3889 473 1028 1024 475
3890 477 1028 475 479
3891 1028 1024 475 1026
3892 1028 475 479 1030
3893 1028 475 1030 1026
3894 1024 1028 1029 1026
3895 1024 1029 1025 1026
3896 1028 1029 1026 1030
3897 1029 1025 1026 1027
3898 1029 1026 1030 1031
3899 1029 1026 1031 1027
3900 477 481 1032 479
3901 477 1032 1028 479
3902 481 1032 479 483
3903 1032 1028 479 1030
3904 1032 479 483 1034
3905 1032 479 1034 1030
3906 1028 1032 1033 1030
3907 1028 1033 1029 1030
3908 1032 1033 1030 1034
3909 1033 1029 1030 1031
3910 1033 1030 1034 1035
3911 1033 1030 1035 1031
3912 481 485 1036 483
3913 481 1036 1032 483
3914 485 1036 483 487
3915 1036 1032 483 1034
3916 1036 483 487 1038
3917 1036 483 1038 1034
3918 1032 1036 1037 1034
3919 1032 1037 1033 1034
3920 1036 1037 1034 1038
3921 1037 1033 1034 1035
3922 1037 1034 1038 1039
3923 1037 1034 1039 1035
3924 485 458 1008 487
3925 485 1008 1036 487
3926 458 1008 487 462
3927 1008 1036 487 1038
3928 1008 487 462 1012
3929 1008 487 1012 1038
3930 1036 1008 1010 1038
3931 1036 1010 1037 1038
3932 1008 1010 1038 1012
3933 1010 1037 1038 1039
3934 1010 1038 1012 1014
3935 1010 1038 1014 1039
3936 462 463 1013 490
3937 462 1013 1012 490
3938 463 1013 490 491
3939 1013 1012 490 1040
3940 1013 490 491 1041
3941 1013 490 1041 1040
3942 1012 1013 1015 1040
3943 1012 1015 1014 1040
3944 1013 1015 1040 1041
3945 1015 1014 1040 1042
3946 1015 1040 1041 1043
3947 1015 1040 1043 1042
3948 463 467 1018 491
3949 463 1018 1013 491
3950 467 1018 491 493
3951 1018 1013 491 1041
3952 1018 491 493 1044
3953 1018 491 1044 1041
3954 1013 1018 1019 1041
3955 1013 1019 1015 1041
3956 1018 1019 1041 1044
3957 1019 1015 1041 1043
3958 1019 1041 1044 1045
3959 1019 1041 1045 1043
3960 467 471 1022 493
3961 467 1022 1018 493
3962 471 1022 493 495
3963 1022 1018 493 1044
3964 1022 493 495 1046
3965 1022 493 1046 1044
3966 1018 1022 1023 1044
3967 1018 1023 1019 1044
3968 1022 1023 1044 1046
3969 1023 1019 1044 1045
3970 1023 1044 1046 1047
3971 1023 1044 1047 1045
3972 471 475 1026 495
3973 471 1026 1022 495
3974 475 1026 495 497
3975 1026 1022 495 1046
3976 1026 495 497 1048
3977 1026 495 1048 1046
3978 1022 1026 1027 1046
3979 1022 1027 1023 1046
3980 1026 1027 1046 1048
3981 1027 1023 1046 1047
3982 1027 1046 1048 1049
3983 1027 1046 1049 1047
3984 475 479 1030 497
3985 475 1030 1026 497
3986 479 1030 497 499
3987 1030 1026 497 1048
3988 1030 497 499 1050
3989 1030 497 1050 1048
3990 1026 1030 1031 1048
3991 1026 1031 1027 1048
3992 1030 1031 1048 1050
3993 1031 1027 1048 1049
3994 1031 1048 1050 1051
3995 1031 1048 1051 1049
3996 479 483 1034 499
3997 479 1034 1030 499
3998 483 1034 499 501
3999 1034 1030 499 1050
4000 1034 499 501 1052
4001 1034 499 1052 1050
4002 1030 1034 1035 1050
4003 1030 1035 1031 1050
4004 1034 1035 1050 1052
4005 1035 1031 1050 1051
4006 1035 1050 1052 1053
4007 1035 1050 1053 1051
4008 483 487 1038 501
4009 483 1038 1034 501
4010 487 1038 501 503
4011 1038 1034 501 1052
4012 1038 501 503 1054
4013 1038 501 1054 1052
4014 1034 1038 1039 1052
4015 1034 1039 1035 1052
4016 1038 1039 1052 1054
4017 1039 1035 1052 1053
4018 1039 1052 1054 1055
4019 1039 1052 1055 1053
4020 487 462 1012 503
4021 487 1012 1038 503
4022 462 1012 503 490
4023 1012 1038 503 1054
4024 1012 503 490 1040
4025 1012 503 1040 1054
4026 1038 1012 1014 1054
4027 1038 1014 1039 1054
4028 1012 1014 1054 1040
4029 1014 1039 1054 1055
4030 1014 1054 1040 1042
4031 1014 1054 1042 1055
4032 962 963 1057 966
4033 962 1057 1056 966
4034 963 1057 966 967
4035 1057 1056 966 1060
4036 1057 966 967 1061
4037 1057 966 1061 1060
4038 1056 1057 1059 1060
4039 1056 1059 1058 1060
4040 1057 1059 1060 1061
4041 1059 1058 1060 1062
4042 1059 1060 1061 1063
4043 1059 1060 1063 1062
4044 963 969 1064 967
4045 963 1064 1057 967
4046 969 1064 967 971
4047 1064 1057 967 1061
4048 1064 967 971 1066
4049 1064 967 1066 1061
4050 1057 1064 1065 1061
4051 1057 1065 1059 1061
4052 1064 1065 1061 1066
4053 1065 1059 1061 1063
4054 1065 1061 1066 1067
4055 1065 1061 1067 1063
4056 969 973 1068 971
4057 969 1068 1064 971
4058 973 1068 971 975
4059 1068 1064 971 1066
4060 1068 971 975 1070
4061 1068 971 1070 1066
4062 1064 1068 1069 1066
4063 1064 1069 1065 1066
4064 1068 1069 1066 1070
4065 1069 1065 1066 1067
4066 1069 1066 1070 1071
4067 1069 1066 1071 1067
4068 973 977 1072 975
4069 973 1072 1068 975
4070 977 1072 975 979
4071 1072 1068 975 1070
4072 1072 975 979 1074
4073 1072 975 1074 1070
4074 1068 1072 1073 1070
4075 1068 1073 1069 1070
4076 1072 1073 1070 1074
4077 1073 1069 1070 1071
4078 1073 1070 1074 1075
4079 1073 1070 1075 1071
4080 977 981 1076 979
4081 977 1076 1072 979
4082 981 1076 979 983
4083 1076 1072 979 1074
4084 1076 979 983 1078
4085 1076 979 1078 1074
4086 1072 1076 1077 1074
4087 1072 1077 1073 1074
4088 1076 1077 1074 1078
4089 1077 1073 1074 1075
4090 1077 1074 1078 1079
4091 1077 1074 1079 1075
4092 981 985 1080 983
4093 981 1080 1076 983
4094 985 1080 983 987
4095 1080 1076 983 1078
4096 1080 983 987 1082
4097 1080 983 1082 1078
4098 1076 1080 1081 1078
4099 1076 1081 1077 1078
4100 1080 1081 1078 1082
4101 1081 1077 1078 1079
4102 1081 1078 1082 1083
4103 1081 1078 1083 1079
4104 985 989 1084 987
4105 985 1084 1080 987
4106 989 1084 987 991
4107 1084 1080 987 1082
4108 1084 987 991 1086
4109 1084 987 1086 1082
4110 1080 1084 1085 1082
4111 1080 1085 1081 1082
4112 1084 1085 1082 1086
4113 1085 1081 1082 1083
4114 1085 1082 1086 1087
4115 1085 1082 1087 1083
4116 989 962 1056 991
4117 989 1056 1084 991
4118 962 1056 991 966
4119 1056 1084 991 1086
4120 1056 991 966 1060
4121 1056 991 1060 1086
4122 1084 1056 1058 1086
4123 1084 1058 1085 1086
4124 1056 1058 1086 1060
4125 1058 1085 1086 1087
4126 1058 1086 1060 1062
4127 1058 1086 1062 1087
4128 966 967 1061 994
4129 966 1061 1060 994
4130 967 1061 994 995
4131 1061 1060 994 1088
4132 1061 994 995 1089
4133 1061 994 1089 1088
4134 1060 1061 1063 1088
4135 1060 1063 1062 1088
4136 1061 1063 1088 1089
4137 1063 1062 1088 1042
4138 1063 1088 1089 1055
4139 1063 1088 1055 1042
4140 967 971 1066 995
4141 967 1066 1061 995
4142 971 1066 995 997
4143 1066 1061 995 1089
4144 1066 995 997 1090
4145 1066 995 1090 1089
4146 1061 1066 1067 1089
4147 1061 1067 1063 1089
4148 1066 1067 1089 1090
4149 1067 1063 1089 1055
4150 1067 1089 1090 1053
4151 1067 1089 1053 1055
4152 971 975 1070 997
4153 971 1070 1066 997
4154 975 1070 997 999
4155 1070 1066 997 1090
4156 1070 997 999 1091
4157 1070 997 1091 1090
4158 1066 1070 1071 1090
4159 1066 1071 1067 1090
4160 1070 1071 1090 1091
4161 1071 1067 1090 1053
4162 1071 1090 1091 1051
4163 1071 1090 1051 1053
4164 975 979 1074 999
4165 975 1074 1070 999
4166 979 1074 999 1001
4167 1074 1070 999 1091
4168 1074 999 1001 1092
4169 1074 999 1092 1091
4170 1070 1074 1075 1091
4171 1070 1075 1071 1091
4172 1074 1075 1091 1092
4173 1075 1071 1091 1051
4174 1075 1091 1092 1049
4175 1075 1091 1049 1051
4176 979 983 1078 1001
4177 979 1078 1074 1001
4178 983 1078 1001 1003
4179 1078 1074 1001 1092
4180 1078 1001 1003 1093
4181 1078 1001 1093 1092
4182 1074 1078 1079 1092
4183 1074 1079 1075 1092
4184 1078 1079 1092 1093
4185 1079 1075 1092 1049
4186 1079 1092 1093 1094
4187 1079 1092 1094 1049
4188 983 987 1082 1003
4189 983 1082 1078 1003
4190 987 1082 1003 1005
4191 1082 1078 1003 1093
4192 1082 1003 1005 1095
4193 1082 1003 1095 1093
4194 1078 1082 1083 1093
4195 1078 1083 1079 1093
4196 1082 1083 1093 1095
4197 1083 1079 1093 1094
4198 1083 1093 1095 1096
4199 1083 1093 1096 1094
4200 987 991 1086 1005
4201 987 1086 1082 1005
4202 991 1086 1005 1007
4203 1086 1082 1005 1095
4204 1086 1005 1007 1097
4205 1086 1005 1097 1095
4206 1082 1086 1087 1095
4207 1082 1087 1083 1095
4208 1086 1087 1095 1097
4209 1087 1083 1095 1096
4210 1087 1095 1097 1098
4211 1087 1095 1098 1096
4212 991 966 1060 1007
4213 991 1060 1086 1007
4214 966 1060 1007 994
4215 1060 1086 1007 1097
4216 1060 1007 994 1088
4217 1060 1007 1088 1097
4218 1086 1060 1062 1097
4219 1086 1062 1087 1097
4220 1060 1062 1097 1088
4221 1062 1087 1097 1098
4222 1062 1097 1088 1042
4223 1062 1097 1042 1098
4224 1010 1011 1100 1014
4225 1010 1100 1099 1014
4226 1011 1100 1014 1015
4227 1100 1099 1014 1103
4228 1100 1014 1015 1104
4229 1100 1014 1104 1103
4230 1099 1100 1102 1103
4231 1099 1102 1101 1103
4232 1100 1102 1103 1104
4233 1102 1101 1103 1105
4234 1102 1103 1104 1106
4235 1102 1103 1106 1105
4236 1011 1017 1107 1015
4237 1011 1107 1100 1015
4238 1017 1107 1015 1019
4239 1107 1100 1015 1104
4240 1107 1015 1019 1109
4241 1107 1015 1109 1104
4242 1100 1107 1108 1104
4243 1100 1108 1102 1104
4244 1107 1108 1104 1109
4245 1108 1102 1104 1106
4246 1108 1104 1109 1110
4247 1108 1104 1110 1106
4248 1017 1021 1111 1019
4249 1017 1111 1107 1019
4250 1021 1111 1019 1023
4251 1111 1107 1019 1109
4252 1111 1019 1023 1113
4253 1111 1019 1113 1109
4254 1107 1111 1112 1109
4255 1107 1112 1108 1109
4256 1111 1112 1109 1113
4257 1112 1108 1109 1110
4258 1112 1109 1113 1114
4259 1112 1109 1114 1110
4260 1021 1025 1115 1023
4261 1021 1115 1111 1023
4262 1025 1115 1023 1027
4263 1115 1111 1023 1113
4264 1115 1023 1027 1117
4265 1115 1023 1117 1113
4266 1111 1115 1116 1113
4267 1111 1116 1112 1113
4268 1115 1116 1113 1117
4269 1116 1112 1113 1114
4270 1116 1113 1117 1118
4271 1116 1113 1118 1114
4272 1025 1029 1119 1027
4273 1025 1119 1115 1027
4274 1029 1119 1027 1031
4275 1119 1115 1027 1117
4276 1119 1027 1031 1121
4277 1119 1027 1121 1117
4278 1115 1119 1120 1117
4279 1115 1120 1116 1117
4280 1119 1120 1117 1121
4281 1120 1116 1117 1118
4282 1120 1117 1121 1122
4283 1120 1117 1122 1118
4284 1029 1033 1123 1031
4285 1029 1123 1119 1031
4286 1033 1123 1031 1035
4287 1123 1119 1031 1121
4288 1123 1031 1035 1125
4289 1123 1031 1125 1121
4290 1119 1123 1124 1121
4291 1119 1124 1120 1121
4292 1123 1124 1121 1125
4293 1124 1120 1121 1122
4294 1124 1121 1125 1126
4295 1124 1121 1126 1122
4296 1033 1037 1127 1035
4297 1033 1127 1123 1035
4298 1037 1127 1035 1039
4299 1127 1123 1035 1125
4300 1127 1035 1039 1129
4301 1127 1035 1129 1125
4302 1123 1127 1128 1125
4303 1123 1128 1124 1125
4304 1127 1128 1125 1129
4305 1128 1124 1125 1126
4306 1128 1125 1129 1130
4307 1128 1125 1130 1126
4308 1037 1010 1099 1039
4309 1037 1099 1127 1039
4310 1010 1099 1039 1014
4311 1099 1127 1039 1129
4312 1099 1039 1014 1103
4313 1099 1039 1103 1129
4314 1127 1099 1101 1129
4315 1127 1101 1128 1129
4316 1099 1101 1129 1103
4317 1101 1128 1129 1130
4318 1101 1129 1103 1105
4319 1101 1129 1105 1130
4320 1014 1015 1104 1042
4321 1014 1104 1103 1042
4322 1015 1104 1042 1043
4323 1104 1103 1042 1131
4324 1104 1042 1043 1132
4325 1104 1042 1132 1131
4326 1103 1104 1106 1131
4327 1103 1106 1105 1131
4328 1104 1106 1131 1132
4329 1106 1105 1131 1133
4330 1106 1131 1132 1134
4331 1106 1131 1134 1133
4332 1015 1019 1109 1043
4333 1015 1109 1104 1043
4334 1019 1109 1043 1045
4335 1109 1104 1043 1132
4336 1109 1043 1045 1135
4337 1109 1043 1135 1132
4338 1104 1109 1110 1132
4339 1104 1110 1106 1132
4340 1109 1110 1132 1135
4341 1110 1106 1132 1134
4342 1110 1132 1135 1136
4343 1110 1132 1136 1134
4344 1019 1023 1113 1045
4345 1019 1113 1109 1045
4346 1023 1113 1045 1047
4347 1113 1109 1045 1135
4348 1113 1045 1047 1137
4349 1113 1045 1137 1135
4350 1109 1113 1114 1135
4351 1109 1114 1110 1135
4352 1113 1114 1135 1137
4353 1114 1110 1135 1136
4354 1114 1135 1137 1138
4355 1114 1135 1138 1136
4356 1023 1027 1117 1047
4357 1023 1117 1113 1047
4358 1027 1117 1047 1049
4359 1117 1113 1047 1137
4360 1117 1047 1049 1139
4361 1117 1047 1139 1137
4362 1113 1117 1118 1137
4363 1113 1118 1114 1137
4364 1117 1118 1137 1139
4365 1118 1114 1137 1138
4366 1118 1137 1139 1140
4367 1118 1137 1140 1138
4368 1027 1031 1121 1049
4369 1027 1121 1117 1049
4370 1031 1121 1049 1051
4371 1121 1117 1049 1139
4372 1121 1049 1051 1141
4373 1121 1049 1141 1139
4374 1117 1121 1122 1139
4375 1117 1122 1118 1139
4376 1121 1122 1139 1141
4377 1122 1118 1139 1140
4378 1122 1139 1141 1142
4379 1122 1139 1142 1140
4380 1031 1035 1125 1051
4381 1031 1125 1121 1051
4382 1035 1125 1051 1053
4383 1125 1121 1051 1141
4384 1125 1051 1053 1143
4385 1125 1051 1143 1141
4386 1121 1125 1126 1141
4387 1121 1126 1122 1141
4388 1125 1126 1141 1143
4389 1126 1122 1141 1142
4390 1126 1141 1143 1144
4391 1126 1141 1144 1142
4392 1035 1039 1129 1053
4393 1035 1129 1125 1053
4394 1039 1129 1053 1055
4395 1129 1125 1053 1143
4396 1129 1053 1055 1145
4397 1129 1053 1145 1143
4398 1125 1129 1130 1143
4399 1125 1130 1126 1143
4400 1129 1130 1143 1145
4401 1130 1126 1143 1144
4402 1130 1143 1145 1146
4403 1130 1143 1146 1144
4404 1039 1014 1103 1055
4405 1039 1103 1129 1055
4406 1014 1103 1055 1042
4407 1103 1129 1055 1145
4408 1103 1055 1042 1131
4409 1103 1055 1131 1145
4410 1129 1103 1105 1145
4411 1129 1105 1130 1145
4412 1103 1105 1145 1131
4413 1105 1130 1145 1146
4414 1105 1145 1131 1133
4415 1105 1145 1133 1146
4416 1058 1059 1148 1062
4417 1058 1148 1147 1062
4418 1059 1148 1062 1063
4419 1148 1147 1062 1151
4420 1148 1062 1063 1152
4421 1148 1062 1152 1151
4422 1147 1148 1150 1151
4423 1147 1150 1149 1151
4424 1148 1150 1151 1152
4425 1150 1149 1151 1153
4426 1150 1151 1152 1154
4427 1150 1151 1154 1153
4428 1059 1065 1155 1063
4429 1059 1155 1148 1063
4430 1065 1155 1063 1067
4431 1155 1148 1063 1152
4432 1155 1063 1067 1157
4433 1155 1063 1157 1152
4434 1148 1155 1156 1152
4435 1148 1156 1150 1152
4436 1155 1156 1152 1157
4437 1156 1150 1152 1154
4438 1156 1152 1157 1158
4439 1156 1152 1158 1154
4440 1065 1069 1159 1067
4441 1065 1159 1155 1067
4442 1069 1159 1067 1071
4443 1159 1155 1067 1157
4444 1159 1067 1071 1161
4445 1159 1067 1161 1157
4446 1155 1159 1160 1157
4447 1155 1160 1156 1157
4448 1159 1160 1157 1161
4449 1160 1156 1157 1158
4450 1160 1157 1161 1162
4451 1160 1157 1162 1158
4452 1069 1073 1163 1071
4453 1069 1163 1159 1071
4454 1073 1163 1071 1075
4455 1163 1159 1071 1161
4456 1163 1071 1075 1165
4457 1163 1071 1165 1161
4458 1159 1163 1164 1161
4459 1159 1164 1160 1161
4460 1163 1164 1161 1165
4461 1164 1160 1161 1162
4462 1164 1161 1165 1166
4463 1164 1161 1166 1162
4464 1073 1077 1167 1075
4465 1073 1167 1163 1075
4466 1077 1167 1075 1079
4467 1167 1163 1075 1165
4468 1167 1075 1079 1169
4469 1167 1075 1169 1165
4470 1163 1167 1168 1165
4471 1163 1168 1164 1165
4472 1167 1168 1165 1169
4473 1168 1164 1165 1166
4474 1168 1165 1169 1170
4475 1168 1165 1170 1166
4476 1077 1081 1171 1079
4477 1077 1171 1167 1079
4478 1081 1171 1079 1083
4479 1171 1167 1079 1169
4480 1171 1079 1083 1173
4481 1171 1079 1173 1169
4482 1167 1171 1172 1169
4483 1167 1172 1168 1169
4484 1171 1172 1169 1173
4485 1172 1168 1169 1170
4486 1172 1169 1173 1174
4487 1172 1169 1174 1170
4488 1081 1085 1175 1083
4489 1081 1175 1171 1083
4490 1085 1175 1083 1087
4491 1175 1171 1083 1173
4492 1175 1083 1087 1177
4493 1175 1083 1177 1173
4494 1171 1175 1176 1173
4495 1171 1176 1172 1173
4496 1175 1176 1173 1177
4497 1176 1172 1173 1174
4498 1176 1173 1177 1178
4499 1176 1173 1178 1174
4500 1085 1058 1147 1087
4501 1085 1147 1175 1087
4502 1058 1147 1087 1062
4503 1147 1175 1087 1177
4504 1147 1087 1062 1151
4505 1147 1087 1151 1177
4506 1175 1147 1149 1177
4507 1175 1149 1176 1177
4508 1147 1149 1177 1151
4509 1149 1176 1177 1178
4510 1149 1177 1151 1153
4511 1149 1177 1153 1178
4512 1062 1063 1152 1042
4513 1062 1152 1151 1042
4514 1063 1152 1042 1055
4515 1152 1151 1042 1131
4516 1152 1042 1055 1145
4517 1152 1042 1145 1131
4518 1151 1152 1154 1131
4519 1151 1154 1153 1131
4520 1152 1154 1131 1145
4521 1154 1153 1131 1133
4522 1154 1131 1145 1146
4523 1154 1131 1146 1133
4524 1063 1067 1157 1055
4525 1063 1157 1152 1055
4526 1067 1157 1055 1053
4527 1157 1152 1055 1145
4528 1157 1055 1053 1143
4529 1157 1055 1143 1145
4530 1152 1157 1158 1145
4531 1152 1158 1154 1145
4532 1157 1158 1145 1143
4533 1158 1154 1145 1146
4534 1158 1145 1143 1144
4535 1158 1145 1144 1146
4536 1067 1071 1161 1053
4537 1067 1161 1157 1053
4538 1071 1161 1053 1051
4539 1161 1157 1053 1143
4540 1161 1053 1051 1141
4541 1161 1053 1141 1143
4542 1157 1161 1162 1143
4543 1157 1162 1158 1143
4544 1161 1162 1143 1141
4545 1162 1158 1143 1144
4546 1162 1143 1141 1142
4547 1162 1143 1142 1144
4548 1071 1075 1165 1051
4549 1071 1165 1161 1051
4550 1075 1165 1051 1049
4551 1165 1161 1051 1141
4552 1165 1051 1049 1139
4553 1165 1051 1139 1141
4554 1161 1165 1166 1141
4555 1161 1166 1162 1141
4556 1165 1166 1141 1139
4557 1166 1162 1141 1142
4558 1166 1141 1139 1140
4559 1166 1141 1140 1142
4560 1075 1079 1169 1049
4561 1075 1169 1165 1049
4562 1079 1169 1049 1094
4563 1169 1165 1049 1139
4564 1169 1049 1094 1179
4565 1169 1049 1179 1139
4566 1165 1169 1170 1139
4567 1165 1170 1166 1139
4568 1169 1170 1139 1179
4569 1170 1166 1139 1140
4570 1170 1139 1179 1180
4571 1170 1139 1180 1140
4572 1079 1083 1173 1094
4573 1079 1173 1169 1094
4574 1083 1173 1094 1096
4575 1173 1169 1094 1179
4576 1173 1094 1096 1181
4577 1173 1094 1181 1179
4578 1169 1173 1174 1179
4579 1169 1174 1170 1179
4580 1173 1174 1179 1181
4581 1174 1170 1179 1180
4582 1174 1179 1181 1182
4583 1174 1179 1182 1180
4584 1083 1087 1177 1096
4585 1083 1177 1173 1096
4586 1087 1177 1096 1098
4587 1177 1173 1096 1181
4588 1177 1096 1098 1183
4589 1177 1096 1183 1181
4590 1173 1177 1178 1181
4591 1173 1178 1174 1181
4592 1177 1178 1181 1183
4593 1178 1174 1181 1182
4594 1178 1181 1183 1184
4595 1178 1181 1184 1182
4596 1087 1062 1151 1098
4597 1087 1151 1177 1098
4598 1062 1151 1098 1042
4599 1151 1177 1098 1183
4600 1151 1098 1042 1131
4601 1151 1098 1131 1183
4602 1177 1151 1153 1183
4603 1177 1153 1178 1183
4604 1151 1153 1183 1131
4605 1153 1178 1183 1184
4606 1153 1183 1131 1133
4607 1153 1183 1133 1184
4608 1101 1102 1186 1105
4609 1101 1186 1185 1105
4610 1102 1186 1105 1106
4611 1186 1185 1105 1189
4612 1186 1105 1106 1190
4613 1186 1105 1190 1189
4614 1185 1186 1188 1189
4615 1185 1188 1187 1189
4616 1186 1188 1189 1190
4617 1188 1187 1189 1191
4618 1188 1189 1190 1192
4619 1188 1189 1192 1191
4620 1102 1108 1193 1106
4621 1102 1193 1186 1106
4622 1108 1193 1106 1110
4623 1193 1186 1106 1190
4624 1193 1106 1110 1195
4625 1193 1106 1195 1190
4626 1186 1193 1194 1190
4627 1186 1194 1188 1190
4628 1193 1194 1190 1195
4629 1194 1188 1190 1192
4630 1194 1190 1195 1196
4631 1194 1190 1196 1192
4632 1108 1112 1197 1110
4633 1108 1197 1193 1110
4634 1112 1197 1110 1114
4635 1197 1193 1110 1195
4636 1197 1110 1114 1199
4637 1197 1110 1199 1195
4638 1193 1197 1198 1195
4639 1193 1198 1194 1195
4640 1197 1198 1195 1199
4641 1198 1194 1195 1196
4642 1198 1195 1199 1200
4643 1198 1195 1200 1196
4644 1112 1116 1201 1114
4645 1112 1201 1197 1114
4646 1116 1201 1114 1118
4647 1201 1197 1114 1199
4648 1201 1114 1118 1203
4649 1201 1114 1203 1199
4650 1197 1201 1202 1199
4651 1197 1202 1198 1199
4652 1201 1202 1199 1203
4653 1202 1198 1199 1200
4654 1202 1199 1203 1204
4655 1202 1199 1204 1200
4656 1116 1120 1205 1118
4657 1116 1205 1201 1118
4658 1120 1205 1118 1122
4659 1205 1201 1118 1203
4660 1205 1118 1122 1207
4661 1205 1118 1207 1203
4662 1201 1205 1206 1203
4663 1201 1206 1202 1203
4664 1205 1206 1203 1207
4665 1206 1202 1203 1204
4666 1206 1203 1207 1208
4667 1206 1203 1208 1204
4668 1120 1124 1209 1122
4669 1120 1209 1205 1122
4670 1124 1209 1122 1126
4671 1209 1205 1122 1207
4672 1209 1122 1126 1211
4673 1209 1122 1211 1207
4674 1205 1209 1210 1207
4675 1205 1210 1206 1207
4676 1209 1210 1207 1211
4677 1210 1206 1207 1208
4678 1210 1207 1211 1212
4679 1210 1207 1212 1208
4680 1124 1128 1213 1126
4681 1124 1213 1209 1126
4682 1128 1213 1126 1130
4683 1213 1209 1126 1211
4684 1213 1126 1130 1215
4685 1213 1126 1215 1211
4686 1209 1213 1214 1211
4687 1209 1214 1210 1211
4688 1213 1214 1211 1215
4689 1214 1210 1211 1212
4690 1214 1211 1215 1216
4691 1214 1211 1216 1212
4692 1128 1101 1185 1130
4693 1128 1185 1213 1130
4694 1101 1185 1130 1105
4695 1185 1213 1130 1215
4696 1185 1130 1105 1189
4697 1185 1130 1189 1215
4698 1213 1185 1187 1215
4699 1213 1187 1214 1215
4700 1185 1187 1215 1189
4701 1187 1214 1215 1216
4702 1187 1215 1189 1191
4703 1187 1215 1191 1216
4704 1149 1150 1218 1153
4705 1149 1218 1217 1153
4706 1150 1218 1153 1154
4707 1218 1217 1153 1221
4708 1218 1153 1154 1222
4709 1218 1153 1222 1221
4710 1217 1218 1220 1221
4711 1217 1220 1219 1221
4712 1218 1220 1221 1222
4713 1220 1219 1221 1223
4714 1220 1221 1222 1224
4715 1220 1221 1224 1223
4716 1150 1156 1225 1154
4717 1150 1225 1218 1154
4718 1156 1225 1154 1158
4719 1225 1218 1154 1222
4720 1225 1154 1158 1227
4721 1225 1154 1227 1222
4722 1218 1225 1226 1222
4723 1218 1226 1220 1222
4724 1225 1226 1222 1227
4725 1226 1220 1222 1224
4726 1226 1222 1227 1228
4727 1226 1222 1228 1224
4728 1156 1160 1229 1158
4729 1156 1229 1225 1158
4730 1160 1229 1158 1162
4731 1229 1225 1158 1227
4732 1229 1158 1162 1231
4733 1229 1158 1231 1227
4734 1225 1229 1230 1227
4735 1225 1230 1226 1227
4736 1229 1230 1227 1231
4737 1230 1226 1227 1228
4738 1230 1227 1231 1232
4739 1230 1227 1232 1228
4740 1160 1164 1233 1162
4741 1160 1233 1229 1162
4742 1164 1233 1162 1166
4743 1233 1229 1162 1231
4744 1233 1162 1166 1235
4745 1233 1162 1235 1231
4746 1229 1233 1234 1231
4747 1229 1234 1230 1231
4748 1233 1234 1231 1235
4749 1234 1230 1231 1232
4750 1234 1231 1235 1236
4751 1234 1231 1236 1232
4752 1164 1168 1237 1166
4753 1164 1237 1233 1166
4754 1168 1237 1166 1170
4755 1237 1233 1166 1235
4756 1237 1166 1170 1239
4757 1237 1166 1239 1235
4758 1233 1237 1238 1235
4759 1233 1238 1234 1235
4760 1237 1238 1235 1239
4761 1238 1234 1235 1236
4762 1238 1235 1239 1240
4763 1238 1235 1240 1236
4764 1168 1172 1241 1170
4765 1168 1241 1237 1170
4766 1172 1241 1170 1174
4767 1241 1237 1170 1239
4768 1241 1170 1174 1243
4769 1241 1170 1243 1239
4770 1237 1241 1242 1239
4771 1237 1242 1238 1239
4772 1241 1242 1239 1243
4773 1242 1238 1239 1240
4774 1242 1239 1243 1244
4775 1242 1239 1244 1240
4776 1172 1176 1245 1174
4777 1172 1245 1241 1174
4778 1176 1245 1174 1178
4779 1245 1241 1174 1243
4780 1245 1174 1178 1247
4781 1245 1174 1247 1243
4782 1241 1245 1246 1243
4783 1241 1246 1242 1243
4784 1245 1246 1243 1247
4785 1246 1242 1243 1244
4786 1246 1243 1247 1248
4787 1246 1243 1248 1244
4788 1176 1149 1217 1178
4789 1176 1217 1245 1178
4790 1149 1217 1178 1153
4791 1217 1245 1178 1247
4792 1217 1178 1153 1221
4793 1217 1178 1221 1247
4794 1245 1217 1219 1247
4795 1245 1219 1246 1247
4796 1217 1219 1247 1221
4797 1219 1246 1247 1248
4798 1219 1247 1221 1223
4799 1219 1247 1223 1248
4800 1105 1106 1190 1133
4801 1105 1190 1189 1133
4802 1106 1190 1133 1134
4803 1190 1189 1133 1249
4804 1190 1133 1134 1250
4805 1190 1133 1250 1249
4806 1189 1190 1192 1249
4807 1189 1192 1191 1249
4808 1190 1192 1249 1250
4809 1192 1191 1249 1251
4810 1192 1249 1250 1252
4811 1192 1249 1252 1251
4812 1106 1110 1195 1134
4813 1106 1195 1190 1134
4814 1110 1195 1134 1136
4815 1195 1190 1134 1250
4816 1195 1134 1136 1253
4817 1195 1134 1253 1250
4818 1190 1195 1196 1250
4819 1190 1196 1192 1250
4820 1195 1196 1250 1253
4821 1196 1192 1250 1252
4822 1196 1250 1253 1254
4823 1196 1250 1254 1252
4824 1110 1114 1199 1136
4825 1110 1199 1195 1136
4826 1114 1199 1136 1138
4827 1199 1195 1136 1253
4828 1199 1136 1138 1255
4829 1199 1136 1255 1253
4830 1195 1199 1200 1253
4831 1195 1200 1196 1253
4832 1199 1200 1253 1255
4833 1200 1196 1253 1254
4834 1200 1253 1255 1256
4835 1200 1253 1256 1254
4836 1114 1118 1203 1138
4837 1114 1203 1199 1138
4838 1118 1203 1138 1140
4839 1203 1199 1138 1255
4840 1203 1138 1140 1257
4841 1203 1138 1257 1255
4842 1199 1203 1204 1255
4843 1199 1204 1200 1255
4844 1203 1204 1255 1257
4845 1204 1200 1255 1256
4846 1204 1255 1257 1258
4847 1204 1255 1258 1256
4848 1118 1122 1207 1140
4849 1118 1207 1203 1140
4850 1122 1207 1140 1142
4851 1207 1203 1140 1257
4852 1207 1140 1142 1259
4853 1207 1140 1259 1257
4854 1203 1207 1208 1257
4855 1203 1208 1204 1257
4856 1207 1208 1257 1259
4857 1208 1204 1257 1258
4858 1208 1257 1259 1260
4859 1208 1257 1260 1258
4860 1122 1126 1211 1142
4861 1122 1211 1207 1142
4862 1126 1211 1142 1144
4863 1211 1207 1142 1259
4864 1211 1142 1144 1261
4865 1211 1142 1261 1259
4866 1207 1211 1212 1259
4867 1207 1212 1208 1259
4868 1211 1212 1259 1261
4869 1212 1208 1259 1260
4870 1212 1259 1261 1262
4871 1212 1259 1262 1260
4872 1126 1130 1215 1144
4873 1126 1215 1211 1144
4874 1130 1215 1144 1146
4875 1215 1211 1144 1261
4876 1215 1144 1146 1263
4877 1215 1144 1263 1261
4878 1211 1215 1216 1261
4879 1211 1216 1212 1261
4880 1215 1216 1261 1263
4881 1216 1212 1261 1262
4882 1216 1261 1263 1264
4883 1216 1261 1264 1262
4884 1130 1105 1189 1146
4885 1130 1189 1215 1146
4886 1105 1189 1146 1133
4887 1189 1215 1146 1263
4888 1189 1146 1133 1249
4889 1189 1146 1249 1263
4890 1215 1189 1191 1263
4891 1215 1191 1216 1263
4892 1189 1191 1263 1249
4893 1191 1216 1263 1264
4894 1191 1263 1249 1251
4895 1191 1263 1251 1264
4896 1153 1154 1222 1133
4897 1153 1222 1221 1133
4898 1154 1222 1133 1146
4899 1222 1221 1133 1249
4900 1222 1133 1146 1263
4901 1222 1133 1263 1249
4902 1221 1222 1224 1249
4903 1221 1224 1223 1249
4904 1222 1224 1249 1263
4905 1224 1223 1249 1251
4906 1224 1249 1263 1264
4907 1224 1249 1264 1251
4908 1154 1158 1227 1146
4909 1154 1227 1222 1146
4910 1158 1227 1146 1144
4911 1227 1222 1146 1263
4912 1227 1146 1144 1261
4913 1227 1146 1261 1263
4914 1222 1227 1228 1263
4915 1222 1228 1224 1263
4916 1227 1228 1263 1261
4917 1228 1224 1263 1264
4918 1228 1263 1261 1262
4919 1228 1263 1262 1264
4920 1158 1162 1231 1144
4921 1158 1231 1227 1144
4922 1162 1231 1144 1142
4923 1231 1227 1144 1261
4924 1231 1144 1142 1259
4925 1231 1144 1259 1261
4926 1227 1231 1232 1261
4927 1227 1232 1228 1261
4928 1231 1232 1261 1259
4929 1232 1228 1261 1262
4930 1232 1261 1259 1260
4931 1232 1261 1260 1262
4932 1162 1166 1235 1142
4933 1162 1235 1231 1142
4934 1166 1235 1142 1140
4935 1235 1231 1142 1259
4936 1235 1142 1140 1257
4937 1235 1142 1257 1259
4938 1231 1235 1236 1259
4939 1231 1236 1232 1259
4940 1235 1236 1259 1257
4941 1236 1232 1259 1260
4942 1236 1259 1257 1258
4943 1236 1259 1258 1260
4944 1166 1170 1239 1140
4945 1166 1239 1235 1140
4946 1170 1239 1140 1180
4947 1239 1235 1140 1257
4948 1239 1140 1180 1265
4949 1239 1140 1265 1257
4950 1235 1239 1240 1257
4951 1235 1240 1236 1257
4952 1239 1240 1257 1265
4953 1240 1236 1257 1258
4954 1240 1257 1265 1266
4955 1240 1257 1266 1258
4956 1170 1174 1243 1180
4957 1170 1243 1239 1180
4958 1174 1243 1180 1182
4959 1243 1239 1180 1265
4960 1243 1180 1182 1267
4961 1243 1180 1267 1265
4962 1239 1243 1244 1265
4963 1239 1244 1240 1265
4964 1243 1244 1265 1267
4965 1244 1240 1265 1266
4966 1244 1265 1267 1268
4967 1244 1265 1268 1266
4968 1174 1178 1247 1182
4969 1174 1247 1243 1182
4970 1178 1247 1182 1184
4971 1247 1243 1182 1267
4972 1247 1182 1184 1269
4973 1247 1182 1269 1267
4974 1243 1247 1248 1267
4975 1243 1248 1244 1267
4976 1247 1248 1267 1269
4977 1248 1244 1267 1268
4978 1248 1267 1269 1270
4979 1248 1267 1270 1268
4980 1178 1153 1221 1184
4981 1178 1221 1247 1184
4982 1153 1221 1184 1133
4983 1221 1247 1184 1269
4984 1221 1184 1133 1249
4985 1221 1184 1249 1269
4986 1247 1221 1223 1269
4987 1247 1223 1248 1269
4988 1221 1223 1269 1249
4989 1223 1248 1269 1270
4990 1223 1269 1249 1251
4991 1223 1269 1251 1270
