1683  3  0  0
   0    25.123550550356381  1.1327639966018614  43.604164093320392
   1    25.507063645307902  1.062626890647296  43.587545334053338
   2    25.819592050118803  0.86377747285684614  43.570635322712882
   3    25.058623335222638  0.99672898545558175  41.188890695130091
   4    25.462792382963595  0.9383541731824443  41.1540129909217
   5    25.776895811989547  0.75665123615548913  41.123971041801205
   6    24.876648652230458  0.8876456092893481  38.778778503989606
   7    25.300976759940905  0.83467474006518694  38.724453035960892
   8    25.616158320361961  0.66375993316927417  38.680090330181272
   9    25.09  2.3300000000000001  43.530000000000001
  10    25.956375589998196  2.1793718242651869  43.533848156903062
  11    26.678963778810967  1.7006507068272576  43.537117831927681
  12    25.025542027160821  2.1948179125694036  41.129825826780291
  13    25.880482045824639  2.0633321866254208  41.089964163105172
  14    26.60507614642156  1.6212798981992109  41.054748339933951
  15    24.844722086111162  2.0863907301162663  38.734159789648103
  16    25.6866259360234  1.9679347052718179  38.651304851546186
  17    26.411625350987318  1.5564384971660314  38.578320076330492
  18    26.008348542837204  0.54185545337848917  43.54541978013674
  19    26.070654422665054  0.12420894256297033  43.519662645582144
  20    25.974883606466733  0.45780497041724882  41.091529828730415
  21    26.046132237287516  0.10683887247933241  41.065087296474779
  22    25.8184603927868  0.38127549004574357  38.640016019909325
  23    25.893734750789342  0.09027587386002156  38.612480663246025
  24    27.134586887402072  0.96321756591105057  43.539253735782452
  25    27.269977878694661  0.089429065555127307  43.539999999699802
  26    27.085575103513445  0.92063495921547633  41.030677417615166
  27    27.244983493261433  0.077962737497704077  41.021665364107442
  28    26.911263670968573  0.88573656538863643  38.527380210207191
  29    27.088952973560527  0.067335427582881635  38.507947721643333
  30    25.960990745679506  -0.33073172948882013  43.538656308544716
  31    25.69295173616408  -0.73544403460578722  43.556942652670294
  32    25.93574398949643  -0.27742196142305187  41.08538620531872
  33    25.668065567431942  -0.64825173551036774  41.113063008822508
  34    25.78664044067968  -0.23008043046838975  38.634193696281955
  35    25.523341114553119  -0.57380298210148806  38.671369837474678
  36    27.065997720337982  -0.80211847252094381  43.53925196998847
  37    26.551704702911977  -1.5733880540142686  43.537114328503364
  38    27.028513128435598  -0.78064610349367269  41.031342684399554
  39    26.498766076976633  -1.5115404666576058  41.056175703583577
  40    26.864769122158894  -0.76525398946910994  38.528341927343895
  41    26.324344756560304  -1.462692407448964  38.580437142602015
  42    25.297087996683047  -1.0158438232924452  43.580380958931869
  43    24.874962996464724  -1.1327893804809854  43.603675543136319
  44    25.282925388680919  -0.89833019005991399  41.151867429225192
  45    24.847085362430839  -0.99717743418804128  41.194201437895764
  46    25.148899558049699  -0.80051199990254807  38.726151633183697
  47    24.699319567285468  -0.88821282835888793  38.788136327485532
  48    25.794152506766146  -2.1111066218635259  43.533863614725874
  49    24.908808207620957  -2.3300469310393561  43.529994749758671
  50    25.745540545068941  -2.0045027210076372  41.091980436458904
  51    24.875229614402659  -2.1952478216723788  41.132551108798275
  52    25.576531186120775  -1.9176529356273579  38.65430426585317
  53    24.722338921163495  -2.0869574151085981  38.738321419222125
  54    24.491900790474798  -1.0625656528897109  43.585095224276884
  55    24.17964278033331  -0.86346020017840486  43.566805332270455
  56    24.442018138997209  -0.93863567149546867  41.200038594962052
  57    24.126939104958318  -0.75670742556657211  41.200690068126747
  58    24.273045171440295  -0.83534871920551945  38.820102218728039
  59    23.955942958536209  -0.66459336869953378  38.841406315314345
  60    24.042385305465885  -2.1789907303500295  43.526146311167338
  61    23.320206498309911  -1.6997853153297315  43.522878359817177
  62    24.019973501136999  -2.0635500861922553  41.170728575129495
  63    23.29542468747297  -1.6210724014065854  41.203412061210315
  64    23.879878133039771  -1.9684904950250313  38.818730341093044
  65    23.154587849120237  -1.5566128906613428  38.887570815221963
  66    23.991250825570717  -0.54120558243808048  43.537896271162019
  67    23.929502257535813  -0.12359809526812515  43.50952971589119
  68    23.92722839251806  -0.4576333752434642  41.187021917887876
  69    23.854294854484859  -0.10637834871331331  41.167610663751383
  70    23.750492110903402  -0.38182189798560995  38.843649638127758
  71    23.671952225357039  -0.090041344287230318  38.833864247308419
  72    22.864994302760081  -0.96206818356231782  43.520744220530112
  73    22.73007004216209  -0.088204115382841675  43.520000002970313
  74    22.815329042804663  -0.91985933121839036  41.226055468904569
  75    22.656521436370941  -0.076812179730859229  41.234209253730569
  76    22.655264836648239  -0.88520271151842933  38.936031459066527
  77    22.478229965693679  -0.066271306188904033  38.954122935447259
  78    24.039273028506376  0.33128378721807478  43.530627612780336
  79    24.307384064482505  0.73608346463983199  43.552432648877826
  80    23.966356010515039  0.27801551393756058  41.179684583632515
  81    24.235580530066382  0.64869677405808523  41.1847785100462
  82    23.781684048473668  0.23094232418862515  38.836736528010029
  83    24.047402333627083  0.57458299266822499  38.824941682568479
  84    22.934586842913774  0.80324878650848497  43.520750416499148
  85    23.449050318192306  1.5741707781501879  43.522888869288678
  86    22.873525253257721  0.78187461087231669  41.22465723997724
  87    23.403519122642994  1.5125104055277894  41.200813143922211
  88    22.702964686566737  0.76654724117412154  38.93374968247393
  89    23.243732837909988  1.463794706891365  38.883404225636582
  90    24.702325283061111  1.0161228229934041  43.5782264645756
  91    24.621668894234077  0.89824746485483986  41.188751171370235
  92    24.424301440466245  0.80048437880224188  38.805765137366762
  93    24.205702271058708  2.1112719663784705  43.52613571636924
  94    24.15612398466795  2.0046145695254229  41.167994816476572
  95    23.991237169580071  1.9178069621540941  38.814441388168142
  96    24.581293748665143  0.80457056611759858  36.378478326510866
  97    25.015409901410933  0.75869800745712834  36.301431162130264
  98    25.330465532331051  0.59769334482203595  36.242105421627556
  99    24.179686966304466  0.74665886309583862  33.994035919650585
 100    24.622828942524375  0.70200252621142334  33.893266294089059
 101    24.936996422382286  0.54502591904951503  33.817976754034078
 102    24.55272442819739  2.0038304197981769  36.34766993019965
 103    25.3826692053198  1.896118729431479  36.222762663188426
 104    26.103900117919462  1.5056549674781543  36.112386273433394
 105    24.154865407037832  1.9462622970631529  33.975719495070393
 106    24.971353957327697  1.8435962484029824  33.80935225965419
 107    25.687319213520379  1.4684662398308939  33.662176615864034
 108    25.538354988461379  0.3280407328409578  36.195027887481707
 109    25.618712193497583  0.075763700389747363  36.167163338172088
 110    25.145718293411122  0.28190327377900748  33.763850458530705
 111    25.226403376674003  0.062046960630424586  33.735611179091052
 112    26.615658997082427  0.85701324759004482  36.034600597530712
 113    26.807464781279343  0.057537520024619634  36.004306513338335
 114    26.205757406572495  0.83549853989975764  33.557831465629135
 115    26.406238427081831  0.048562030642345641  33.516962121255396
 116    25.512398993970763  -0.2017220385216355  36.189834074586066
 117    25.253248050970026  -0.52310855800952738  36.235212678022144
 118    25.124620741305581  -0.17896105249655733  33.759161061342255
 119    24.873367635006311  -0.48440437947187265  33.812663569480975
 120    26.578327143266613  -0.75438847912296403  36.035568424978642
 121    26.033628235572198  -1.4264244294667938  36.114666091668141
 122    26.176525360596017  -0.74919459432090652  33.558649177342481
 123    25.631930268943826  -1.402322120748793  33.664306733970378
 124    24.889802347799918  -0.72996532366150624  36.305274942861885
 125    24.435787252495196  -0.80511581331634019  36.389794384904505
 126    24.521078019526737  -0.67792773910043336  33.898633260385871
 127    24.062788054038812  -0.74704673607942595  34.006314407103623
 128    25.294544839857458  -1.8535898921609826  36.22602327397135
 129    24.455180760393212  -2.0043605557740642  36.352322872931019
 130    24.902519776841043  -1.8080556096967484  33.812421624416416
 131    24.078926611757112  -1.9466555491796462  33.980271318057561
 132    23.999710328632339  -0.759315836480984  36.451254248531043
 133    23.682755927651744  -0.59843921984674686  36.494165074404293
 134    23.617850180507354  -0.70262918373732564  34.097924659987143
 135    23.301985169799387  -0.54594959315007785  34.163098632020379
 136    23.624494958668965  -1.8967158824798658  36.474416569149696
 137    22.902674066659817  -1.5059667232982445  36.580061397560364
 138    23.261575358175698  -1.8440784177735006  34.143936269429098
 139    22.54478341982033  -1.4687029988726303  34.286271932926688
 140    23.471427357650345  -0.32860412288052804  36.512617697018797
 141    23.387521394145224  -0.075642287997801677  36.512456500657848
 142    23.089981498350838  -0.28263936606000245  34.197276805978248
 143    23.005912077808393  -0.06208474612136694  34.206256055618169
 144    22.391103648708494  -0.85660333378072984  36.654879983509552
 145    22.199903602632414  -0.056563847887973841  36.683420152155065
 146    22.026344962303778  -0.83510416191463344  34.387411371438652
 147    21.82635910702038  -0.047674358392759755  34.426363142806949
 148    23.49634126318821  0.20244099279661312  36.506103455453207
 149    23.757887232335854  0.52376466133375554  36.477887900350105
 150    23.109702622878839  0.17966895862629667  34.191438241249003
 151    23.362958906121811  0.48524643885567104  34.147562533226065
 152    22.429621285162764  0.75565878248940221  36.652210466410416
 153    22.974801111315564  1.4275789155127832  36.575118648749381
 154    22.056714030542988  0.75039163589624325  34.384624994619003
 155    22.601959810840366  1.403423717123039  34.281094786462297
 156    24.124226150977901  0.72991398194267509  36.435720156586441
 157    23.718318309630487  0.67807530958629481  34.0819682686626
 158    23.713857025902861  1.8537930944202718  36.469489901296576
 159    23.331591413662345  1.8083056169724034  34.138938983884771
 160    23.674878228921738  0.7127006905475346  31.62709249605382
 161    24.113725506142963  0.67154628500989777  31.502959592657092
 162    24.424841959663866  0.51869507726119435  31.411307262626032
 163    23.080122894524443  0.7106255825912382  29.276015753640763
 164    23.513519687391646  0.66512006525438927  29.128617453447031
 165    23.820429329220236  0.50854121377290129  29.020700214478104
 166    23.656072894749638  1.9125383419212456  31.621990322339347
 167    24.460098956636966  1.8132299949427166  31.414423099045774
 168    25.167009251311274  1.4443142269586255  31.231249254104746
 169    23.068924391654395  1.9105100226552443  29.288341500099058
 170    23.858679693843499  1.8068918250384642  29.040152236587105
 171    24.554726755703712  1.4365227453224758  28.821558138154209
 172    24.636921253207408  0.26030187953645684  31.350312981635117
 173    24.721888077760305  0.050847073736407261  31.321676230970791
 174    24.029571242431448  0.24693734988018121  28.95526531432143
 175    24.112525005427472  0.039943937714916181  28.928658458754164
 176    25.68539460105946  0.81909373081536208  31.101543508917761
 177    25.890818695742688  0.040402923598611917  31.050557194345931
 178    25.06587193389371  0.81102602900564269  28.668133588913125
 179    25.269051774496599  0.032557499868111829  28.6086720950413
 180    24.620291430955771  -0.1761912350316937  31.346305506716821
 181    24.37424921551311  -0.46943316305614946  31.407232588265721
 182    24.016077030103109  -0.18098900101054144  28.951994811256466
 183    23.780208388433316  -0.46989386440037717  29.017974149476899
 184    25.662826214766131  -0.7475407503029331  31.102244157664391
 185    25.124259587150458  -1.3898612259371119  31.23316651005824
 186    25.048601138283033  -0.75352683052438396  28.668857587420632
 187    24.521884233957572  -1.3929938629175111  28.82354335741006
 188    24.033335335728381  -0.65181646862906129  31.5087615502256
 189    23.583051932300073  -0.71289219585626218  31.639161410594042
 190    23.451040770000851  -0.6493293839755957  29.134833767085617
 191    23.009134454289551  -0.71055410950896114  29.287723725698662
 192    24.407389114291508  -1.7838907640969255  31.417246096166714
 193    23.598346338842472  -1.9127206602005593  31.626251929260032
 194    23.818637265426673  -1.7833478386617978  29.043036581481758
 195    23.025228364696744  -1.9104360797587834  29.29264749632814
 196    23.144040445354293  -0.67175904426628696  31.761461297842725
 197    22.832706778973094  -0.51887970522553284  31.850375924129942
 198    22.578308770095603  -0.6649386762507753  29.444051379045213
 199    22.273765864207359  -0.50809290633617676  29.560044791319207
 200    22.793396127433411  -1.8133460149136644  31.831306038457914
 201    22.08550883028256  -1.4442154435824139  32.00990511808245
 202    22.234525171771008  -1.8064453612844866  29.538595374451731
 203    21.537388492135683  -1.4357410782162017  29.752962481302585
 204    22.618864998677861  -0.26032251218800534  31.901826323826189
 205    22.532289570227743  -0.050929052294290768  31.921518274124946
 206    22.065882632778848  -0.24632378182441228  29.630495833144277
 207    21.984597854134449  -0.040126516448833527  29.662628900492329
 208    21.566869194062399  -0.81858303669230148  32.136451772272181
 209    21.361714434074845  -0.039597441164133551  32.185467089091603
 210    21.025607024615901  -0.81022578510772791  29.903476474130024
 211    20.822342707328129  -0.031835081287015975  29.961115459360638
 212    22.634007054855925  0.17619719366526029  31.896557209014599
 213    22.880496359999828  0.46973088224923659  31.836048453755517
 214    22.077852242939368  0.18031189028781447  29.625714136293375
 215    22.311184534603196  0.46974140679160242  29.546761885450611
 216    21.590498321089353  0.74855139199539755  32.133674861446025
 217    22.129954043428221  1.3907217131973333  32.004743412723386
 218    21.043861829894681  0.75419808212516704  29.900661887123793
 219    21.571833766335178  1.3933081346843654  29.747721932701449
 220    23.223216098437167  0.65188350926556882  31.746228178602731
 221    22.639715949099184  0.64939628181524567  29.429535184717576
 222    22.847211546242935  1.7840678830439469  31.826441296034922
 223    22.275596428579554  1.7833221797598124  29.533648730289006
 224    22.402636517429052  0.74477827305327016  26.950149680935276
 225    22.813312912226856  0.69572478448030695  26.785291312178796
 226    23.112619586786959  0.53338368685198168  26.661156403645347
 227    21.634529156322309  0.80164950310936489  24.661350415605334
 228    22.021630839593907  0.7437526546481853  24.479150411068684
 229    22.312480233428733  0.57035392222092074  24.338916265753284
 230    22.40038092846811  1.9444964744101385  26.976117615844061
 231    23.176544584700359  1.8320898307637432  26.687027492948843
 232    23.856783135405756  1.4468308700866306  26.434632490710214
 233    21.639343107716574  2.0012154216393752  24.693263312265266
 234    22.400342482388378  1.8748046466926964  24.363746848432164
 235    23.063199886335365  1.4694401197837934  24.078025460833189
 236    23.319606894490853  0.26482802520957888  26.590204684456079
 237    23.403795371140337  0.031094475920551215  26.563812022859466
 238    22.512569025753827  0.28919635150028394  24.26181133695966
 239    22.593248306185298  0.023072553758942627  24.234996478761857
 240    24.350766377544694  0.80953119124490758  26.260779289368799
 241    24.545646698904608  0.024767681869801564  26.194877277801698
 242    23.535407749021516  0.81460531007771242  23.885594118810037
 243    23.7173751077367  0.017814652125560604  23.815102100966293
 244    23.309127376875523  -0.21355054527753892  26.587823519004882
 245    23.081549246586651  -0.50367780210573421  26.659796180752149
 246    22.504129259560674  -0.25108397492623324  24.260550005789831
 247    22.288610607233355  -0.54823305020724067  24.339382878303354
 248    24.337127310634951  -0.76584068025390706  26.26191881248991
 249    23.83101311493758  -1.4138212353547235  26.437262871089395
 250    23.524389047809372  -0.78321942326552119  23.88736193586703
 251    23.042479641138446  -1.445615182610192  24.081726540980377
 252    22.765113337382264  -0.68380393194511335  26.791869506642765
 253    22.348010693369108  -0.74453423288837195  26.961553902526656
 254    21.985184965500128  -0.73508119629219038  24.486571504567515
 255    21.593164551428142  -0.8013484786267514  24.672951929813848
 256    23.145177057164261  -1.8141229481364094  26.690802868222434
 257    22.366352054357577  -1.9442411653148597  26.981294775190907
 258    22.375111215301338  -1.8618074833203153  24.368933731514108
 259    21.611926831596517  -2.0008985274712701  24.699927050944073
 260    21.943545333426254  -0.69485436044610915  27.143729588216392
 261    21.649939400226003  -0.53155366801791626  27.284485343638686
 262    21.214440556993001  -0.7425067540451934  24.875086737431957
 263    20.931152637737359  -0.56765372614818788  25.034715925587697
 264    21.589153663891761  -1.8309963391699204  27.268195921859572
 265    20.907653886640276  -1.445190909176411  27.516462042579864
 266    20.849740259343715  -1.8731842201148881  25.026999976537965
 267    20.185384400229161  -1.4670622696553541  25.308383621507883
 268    21.447741599798331  -0.26297462250891868  27.37215504580103
 269    21.369086102844417  -0.03127615018894777  27.415612203822256
 270    20.738044104079872  -0.28631701538986681  25.133438385234147
 271    20.665421724585816  -0.023169591873414219  25.182053731075204
 272    20.412601029046385  -0.80830407668282234  27.687670538456658
 273    20.217246456527988  -0.024091746698369387  27.752035573219704
 274    19.711795045231405  -0.8129766552388511  25.498434414313223
 275    19.529085110152657  -0.017115456552859398  25.567673292487896
 276    21.456790047153117  0.21170923813490744  27.367741065209543
 277    21.678391237533976  0.50232316045652969  27.272351961498401
 278    20.745230788021814  0.24837413697724656  25.129305182582769
 279    20.952756440743215  0.54618382405630306  25.023558190537255
 280    20.427148356927962  0.76608243875213544  27.684557565326539
 281    20.934918791180376  1.4134023019965347  27.510730601987866
 282    19.723634630573809  0.78312153641570614  25.494864094211874
 283    20.207468404825899  1.4445729958250468  25.301843367230294
 284    21.990790654563341  0.68345915543425018  27.130102978168743
 285    21.2501341181611  0.73452075381770865  24.862012251803279
 286    21.621476686511901  1.8137128553010133  27.262460759750983
 287    20.875842060061817  1.8610080418375579  25.020009627529006
 288    20.766911188402517  0.86733138480404803  22.418805343297333
 289    21.129022890635799  0.80136528226685955  22.222370868947159
 290    21.410367662492334  0.61610815696587973  22.065489673229287
 291    19.78742975828046  0.92804067007437352  20.231070533182198
 292    20.125173795512744  0.85664762854356535  20.02010670703125
 293    20.397636261428293  0.66217442545125893  19.846283578923689
 294    20.775334379500382  2.0668720750280842  22.450988611630542
 295    21.520625483915417  1.9264383146982458  22.080886211066517
 296    22.164813499209561  1.4983873281751223  21.762566481644129
 297    19.79640680876259  2.1277358172285941  20.256584577535364
 298    20.525792782457085  1.9758743907317837  19.846135078048359
 299    21.151114548634634  1.5277322638106317  19.495455844610508
 300    21.602283361216756  0.32132412832360785  21.979295802641708
 301    21.678354972775946  0.01729672772729229  21.949206346637858
 302    20.582913003072957  0.35480261013448938  19.748176310272857
 303    20.655911082280671  0.013910277930335446  19.711987800193754
 304    22.613381240617365  0.82391092658982312  21.551960527136327
 305    22.781498142617501  0.012502351718195682  21.476943836784596
 306    21.578226917780896  0.83463611010816396  19.266307915264051
 307    21.734678112082772  0.0096314580791145854  19.186399190050249
 308    21.595581471691958  -0.29261792068295328  21.979265739880979
 309    21.391586436577683  -0.59983893785561637  22.068027078733241
 310    20.577759629908865  -0.33148027134084301  19.749446869694165
 311    20.383564715179173  -0.64849101154102606  19.851030484927335
 312    22.604294728893173  -0.80168147360744801  21.554429540762229
 313    22.147836420590405  -1.4814228606437299  21.7674679273393
 314    21.570812929553163  -0.81746889626840369  19.26948173955865
 315    21.137361304610192  -1.5143226900836151  19.501564884053309
 316    21.100030776980692  -0.79533363804658397  22.231147506703358
 317    20.733919007263861  -0.86704614980571837  22.431180149158557
 318    20.103140021758389  -0.85164532668657256  20.030280448132487
 319    19.762197880436691  -0.92781612871884289  20.244163041325528
 320    21.499814724157698  -1.9171086694086401  22.087644343768705
 321    20.752638540322131  -2.0665772103781168  22.459296210226167
 322    20.508845254640107  -1.9685805056782051  19.85448374338144
 323    19.777836187731886  -2.127505042241097  20.266567373869378
 324    20.380746315736694  -0.79989340264833386  22.646165889319061
 325    20.107459190137636  -0.61293281484576145  22.821152117142109
 326    19.431475528901998  -0.85527002085750692  20.467040296170037
 327    19.165088234044013  -0.65911953502124332  20.652424145801994
 328    20.006027708606624  -1.9245742256804632  22.826759480546063
 329    19.360192892042587  -1.4955515872937863  23.140555175421095
 330    19.047080089235923  -1.9740113372653223  20.674274886568444
 331    18.420045307904726  -1.5248859680146485  21.020336529001778
 332    19.923532963099202  -0.31812663219963183  22.928563829728166
 333    19.856495953331645  -0.017193344132946795  22.980023536283134
 334    18.986224302026187  -0.35159148136186014  20.765123229244331
 335    18.920652650386756  -0.01361992961949654  20.816025414429852
 336    18.910165061345609  -0.8219589960226823  23.34899418782501
 337    18.741226002115773  -0.011706881977404868  23.423031777376416
 338    17.991649300711334  -0.83254068362695821  21.247303576578119
 339    17.834551416533248  -0.0086519379604044211  21.326279693080128
 340    19.929302540382754  0.28992605097136986  22.924624468233663
 341    20.124530615035447  0.59751207714326604  22.810805447726899
 342    18.990910751902302  0.32908361271250425  20.761436647148287
 343    19.178295239335576  0.64645445895126719  20.643006418505152
 344    18.919987512472954  0.80144062428492668  23.344922286267654
 345    19.378391996967107  1.4800621962703677  23.13312745899708
 346    17.999703287353302  0.81738606856360596  21.242698091830864
 347    18.434856852616321  1.5131577400930611  21.011957346963428
 348    20.409124706273168  0.79459323201610899  22.633255586754291
 349    19.453178788288103  0.85098647636285085  20.454380909596026
 350    20.027635413356577  1.916098910044969  22.818380902046794
 351    19.064739977144541  1.9675964943469666  20.664460407934222
 352    18.690157147501722  0.97207055766040262  18.099487684253294
 353    19.014802935477437  0.89536392741558191  17.867992554176993
 354    19.278813194449146  0.69182902958577785  17.675083488698661
 355    17.480608472713104  1.0053195216284823  16.02307984557601
 356    17.794808085435879  0.92914675035662253  15.768724727888737
 357    18.053018211467379  0.7223976054762955  15.554401041354017
 358    18.694775215585601  2.1719126636072836  18.118553925771469
 359    19.407185604675746  2.0135381305239464  17.667752766080426
 360    20.016663981801365  1.5533455988312579  17.283421684638451
 361    17.483097199629061  2.2051926215364914  16.040352666870866
 362    18.180716651430593  2.0461806547625421  15.547860132818906
 363    18.776536286820033  1.579813391194226  15.128537489215931
 364    19.456620434267492  0.37400869974235518  17.563619826956085
 365    19.523855985896208  0.013848620886076395  17.521067220717285
 366    18.228581035451111  0.39619094181162007  15.427670337605576
 367    18.29527914549254  0.018825297008618097  15.376842986292953
 368    20.428926275382864  0.84809024804125221  17.0331393554154
 369    20.577626133116311  0.01059839109037565  16.946889159892777
 370    19.178669651367024  0.86454261444939939  14.854639295775147
 371    19.324339319062311  0.016707323709411574  14.759566165602493
 372    19.452917776386741  -0.35046696970178953  17.566713177938002
 373    19.267449811264203  -0.67837954371221709  17.683823840455613
 374    18.226491118750822  -0.36389944799322749  15.432630469309661
 375    18.044687043140932  -0.70219796891119279  15.567222817187425
 376    20.423289315601355  -0.82871669570023143  17.036876926842726
 377    20.006224889361562  -1.5383403631121897  17.290558272885196
 378    19.174825209835159  -0.83427553046365155  14.858827495067789
 379    18.76944232557171  -1.5561221064117203  15.136475387731842
 380    18.995064949773781  -0.89060622947014323  17.882173534085524
 381    18.666841581186404  -0.97185302170767229  18.116039384308348
 382    17.777740059567027  -0.92108113056684815  15.786807194103254
 383    17.459633509700183  -1.0049880182949855  16.042791254217086
 384    19.394523404489096  -2.0052771512949721  17.677338718104814
 385    18.680762029330417  -2.1716925596451282  18.129916801936364
 386    18.172522074816282  -2.033346461883037  15.558376385514681
 387    17.473975060426568  -2.2048613367208048  16.052707889361589
 388    18.344820028402825  -0.8939597123652786  18.350275989742677
 389    18.082668463989251  -0.68900295543706891  18.54553291432282
 390    17.144581772841136  -0.92751606427786926  16.293493884172328
 391    16.884934956045342  -0.71952159306404795  16.503730557631759
 392    17.96708805613504  -2.0117253259747478  18.577961993077928
 393    17.356112210393508  -1.5505327042026658  18.957659234247551
 394    16.77535708300865  -2.044250593271244  16.542606738639503
 395    16.178414043333632  -1.576820737893178  16.95745555823931
 396    17.90821649381607  -0.37113228099354817  18.662831807485272
 397    17.844997589449228  -0.012985592115055535  18.711499350181761
 398    16.710581500993541  -0.393632784806206  16.631080637097647
 399    16.645401897176004  -0.017635445761399721  16.682964913888377
 400    16.943059588042267  -0.84574405933050234  19.205565071113824
 401    16.794055499903042  -0.009219710787362799  19.290709436442647
 402    15.775879906542054  -0.86183337218678557  17.228837723873042
 403    15.630144715159121  -0.014918060417293731  17.322687877506269
 404    17.912509025950893  0.34937966373865664  18.659395921931786
 405    18.095175465428753  0.67721690160684289  18.536342824869703
 406    16.71453507922498  0.3638032159874704  16.628120794302955
 407    16.896851881308649  0.70151853785852603  16.495218798454804
 408    16.949193798549178  0.82906033284484826  19.200509284731307
 409    17.367385969472352  1.5377063352440543  18.948439569209711
 410    15.780009242951973  0.83500925804516246  17.223425620976165
 411    16.185979820856002  1.5559348290361654  16.94758338044382
 412    18.365007595089661  0.89015689840125078  18.335873895491122
 413    17.16309646477961  0.92070645542873064  16.277724170122291
 414    17.980339886088608  2.0045521719160315  18.567003969657758
 415    16.783948950906687  2.0328993545809175  16.530793022306895
 416    16.171819080554286  1.0358476090189075  14.005052441191745
 417    16.48453653565765  0.95938646921157356  13.724889300584405
 418    16.73971070503605  0.74826814162343458  13.490670427667673
 419    14.758373132527513  1.0637564687108312  12.059188710993208
 420    15.07126955229319  0.98814103630005801  11.75550105314837
 421    15.325068887300137  0.77378760193614116  11.503670499532188
 422    16.170558623214308  2.2356896581280146  14.024039467394424
 423    16.853668105761439  2.0788381749097349  13.489319029990288
 424    17.438312871006833  1.6100250922364148  13.033242006000007
 425    14.753405902112529  2.2635665635691891  12.079950765274521
 426    15.420886696079091  2.1100464332364295  11.50312574871049
 427    15.993237871854216  1.6399584007879604  11.010417668525196
 428    16.913417443291554  0.41390877248857488  13.349906630645137
 429    16.978942057254159  0.02762539326015339  13.29317946814867
 430    15.498478407739873  0.4317852698537597  11.349366487456368
 431    15.564388393536108  0.037093898722580579  11.287232391996824
 432    17.83375563974203  0.88683724914536788  12.733487094502641
 433    17.978045102406593  0.027014284949925381  12.628564627026591
 434    16.382329048014515  0.90935413006793264  10.684199408680474
 435    16.525577308885246  0.038044131134277299  10.568820973610208
 436    16.912260972826598  -0.36627449381288452  13.356341917436751
 437    16.731927575626358  -0.71788682396687309  13.507839140281069
 438    15.497886448234398  -0.36768428914036999  11.356526744468992
 439    15.317095926255572  -0.73231358724910145  11.523685779192611
 440    17.831703783404855  -0.83774372853358425  12.737988701945367
 441    17.434513466949564  -1.5717735702595397  13.04179510952771
 442    16.382108597163832  -0.84022447918929821  10.688906808613014
 443    15.9928106655717  -1.5861730242227616  11.019370745744215
 444    16.46614384708867  -0.94664762096100097  13.749298931319295
 445    16.148451855418827  -1.035319818805716  14.031748731986625
 446    15.051414274738427  -0.97026118161430508  11.785549381313963
 447    14.733075663249952  -1.0630078516082002  12.092993319495582
 448    16.850073270403254  -2.0580188231361878  13.500383626647624
 449    16.166415594074937  -2.2351600362304662  14.037113677146154
 450    15.421973383038274  -2.0807455929783774  11.514479313744292
 451    14.754327904575204  -2.2628195628028012  12.093440442437563
 452    15.832901842713881  -0.95757798091888657  14.305556409330929
 453    15.574358409762651  -0.74528844948384454  14.533037611295105
 454    14.416996900717898  -0.98629079095318661  12.390575559971179
 455    14.159526377629984  -0.77100086039844951  12.635970806182302
 456    15.4825738917461  -2.0768042982866683  14.569507997414279
 457    14.897045813812003  -1.6069968373098413  15.02155352988947
 458    14.086284458434777  -2.1080139591134222  12.668337877334283
 459    13.513193323340941  -1.6371240212864946  13.1575877663232
 460    15.400492297627125  -0.41127708625164233  14.672052768120297
 461    15.335025822494782  -0.026163013612556074  14.727440505867269
 462    13.985233012064842  -0.4293797957924711  12.787803420469407
 463    13.918565069271818  -0.035661843159688983  12.84784699927525
 464    14.501299502652151  -0.88407854117998308  15.31894134216779
 465    14.35694222341024  -0.025099143234728297  15.422635228910737
 466    13.123790338456493  -0.90677222908917132  13.481738563968518
 467    12.98036647199925  -0.03622617932416082  13.596033522543507
 468    15.404225293169633  0.36664013844897231  14.668608072325609
 469    15.58717791518459  0.71761946348940719  14.522185627149657
 470    13.98814245131563  0.36833802103004321  12.783071865074964
 471    14.172042516004947  0.73241357105540339  12.621174583868775
 472    14.503338937801379  0.8387032115738714  15.313274323956866
 473    14.900848891091533  1.5719271250114624  15.011155938481089
 474    13.123747244845397  0.84127712818220513  13.475898811015499
 475    13.513248445378411  1.5866253004180062  13.146829122445929
 476    15.853435188956574  0.94654430331820683  14.28449992382537
 477    14.438714918671749  0.97041912832598909  12.363368578633441
 478    15.486269454454796  2.0578933287986936  14.557197467751328
 479    14.08504812768509  2.0809301771569184  12.655764474837788
 480    13.236788410848487  1.0899413386732482  10.197393530323044
 481    13.549033520280116  1.0150176505579716  9.8742914431829902
 482    13.803143686043054  0.79764198419719556  9.6076292613822023
 483    11.607365648772504  1.115329254464881  8.4288461285262155
 484    11.916918465407864  1.0382020411441171  8.0904036933655128
 485    12.169298479464562  0.81490887328549877  7.8129839646546841
 486    13.23082147586463  2.2897187191765473  10.219655263026555
 487    13.879717697558142  2.1382408001277713  9.6029261972969593
 488    14.437230610603685  1.6663875831063995  9.0755170856946741
 489    11.600765335458659  2.3150685087560419  8.4529740703582483
 490    12.226316632368237  2.1626872624739222  7.7997801420872417
 491    12.764230930173326  1.6861233223623231  7.2411091856921326
 492    13.976710869218426  0.44780658592795036  9.4417713618873176
 493    14.044707765493742  0.04453527665303917  9.375794456787748
 494    12.34115834837994  0.45783937150761006  7.6384396282313789
 495    12.409377178138735  0.046587086767187938  7.5714873639824223
 496    14.81751979055031  0.92826083902202439  8.7249029719389828
 497    14.959637038955986  0.046657499234532288  8.5994163629835079
 498    13.132445907045694  0.9410490997190083  6.8685466710158867
 499    13.270159936125779  0.049727413883093131  6.735399341165639
 500    13.97665318724296  -0.37081543819127499  9.4488798450367835
 501    13.795930368581253  -0.74665614533396985  9.6283771192281034
 502    12.341431640023108  -0.37718718211693436  7.6450635062318231
 503    12.162438197762764  -0.76209032535203636  7.8335987381143788
 504    14.819242475464897  -0.84376749089656522  8.7296880779777606
 505    14.440357023928481  -1.6005015458528309  9.0846620560405427
 506    13.136208710155792  -0.85064952314348996  6.8732567407573306
 507    12.771104927965871  -1.6159646551105249  7.2501405643577099
 508    13.531056668800989  -0.99239858734073472  9.9075281995749691
 509    13.214156023185478  -1.0890054905348268  10.236252765596976
 510    11.900780916091311  -1.0147197054672239  8.1263429124629081
 511    11.587726702720643  -1.1142789323283726  8.4726537221014482
 512    13.885540646487481  -2.1024462704895219  9.6143656194048628
 513    13.236899043732762  -2.2887819499391884  10.233324291162354
 514    12.236968317515238  -2.124351067066848  7.8110057067030425
 515    11.61198945236683  -2.314017987580312  8.4665285051414934
 516    12.900670798295895  -1.0133991686438644  10.556277312563052
 517    12.644942852585237  -0.79543537220285554  10.819507773020497
 518    11.280549147516037  -1.0368266283519305  8.8126376395786661
 519    11.030277911225191  -0.81323224517511927  9.0912203783030918
 520    12.587508385937841  -2.1363643395979577  10.848548039682322
 521    12.029228267878356  -1.6639660210300502  11.373169497516866
 522    10.985877138992658  -2.1610953177914123  9.1186609893663864
 523    10.447033594042747  -1.6842955656867129  9.6752364381282696
 524    12.47091483314909  -0.44590027134041144  10.984092408364624
 525    12.402629220236706  -0.043524077165341082  11.049053091158539
 526    10.859537767247081  -0.45630981040375779  9.2665597333603866
 527    10.792657013544378  -0.045802077033948591  9.3344402187985569
 528    11.648454051639249  -0.9261174483766268  11.722107754397177
 529    11.506052210685489  -0.045112498959380291  11.846660171981314
 530    10.078143939065793  -0.93949182094339578  10.046493572118564
 531    9.9400199162323766  -0.048569580240127433  10.17883486658684
 532    12.471879526837888  0.37130246002480638  10.977705134547493
 533    12.653999228867391  0.74704770785962427  10.800458261963344
 534    10.85809429842379  0.37759522332699219  9.2581219946753439
 535    11.034947691514333  0.76275425914164574  9.0671280856118841
 536    11.6463979072421  0.84485063264987714  11.716166319485547
 537    12.025595203823402  1.6011945430985124  11.362182651046782
 538    10.074149428410054  0.85165966151636119  10.040528924636769
 539    10.439861712950208  1.6168055962221706  9.6641783278422277
 540    12.919378152015982  0.99293199115167052  10.523920554303229
 541    11.295618240053988  1.015582584130861  8.7747894921866703
 542    12.58143992059275  2.1029396063955437  10.835882399268989
 543    10.975055731762293  2.1250687578418139  9.1061285525873252
 544    9.8709161664398355  1.1399925445603896  6.7649684428509138
 545    10.169696153084789  1.0602508587247366  6.4160836308269307
 546    10.417005762213641  0.83145913399681914  6.1275649553477596
 547    8.0427744529572252  1.1632349831809221  5.2026986321132469
 548    8.3268100149882436  1.0790690762565744  4.8438307366578002
 549    8.5650776245657294  0.84296904608555523  4.5446724078421221
 550    9.8668114996909591  2.339773385237061  6.7873320916744335
 551    10.464064940248937  2.1826376301347703  6.1013018913271049
 552    10.977212755267871  1.6983787043171177  5.515473247667952
 553    8.0407925792877641  2.3630630546608029  5.2229142465147511
 554    8.6065722309241188  2.1992970212166534  4.5073243564994065
 555    9.0917776305868863  1.7054673401712568  3.8976146079845151
 556    10.584689691595756  0.46649786198745274  5.9444014725634879
 557    10.652989500402528  0.043421179693191578  5.8750765371262785
 558    8.7259765314811677  0.470698356785822  4.3538981831743113
 559    8.7917482364025386  0.036379629878834974  4.2832089810263101
 560    11.327478463568923  0.94501966572593776  5.1255834857724434
 561    11.459053383789772  0.046484864712073276  4.9860158603006033
 562    9.4219463527264598  0.94441642897759737  3.4928255633782741
 563    9.545234446497922  0.039261456131169728  3.3492656067933679
 564    10.586282959630331  -0.39136298595739422  5.9503693324581324
 565    10.413858269548951  -0.78161843370872863  6.1461303007197916
 566    8.72885451484896  -0.40770718765554864  4.359924026528331
 567    8.5655723988217041  -0.80160769504045115  4.562616328256782
 568    11.333025083978582  -0.86074680898197375  5.1303062375332944
 569    10.987437719840957  -1.6328442534673488  5.524477012779788
 570    9.4288896657031547  -0.87305792341214183  3.4979259297041705
 571    9.1045793124753907  -1.6501706495976565  3.9073206246338748
 572    10.160793634965399  -1.0379029190208018  6.4497308885792197
 573    9.8606385670927068  -1.1389759463554647  6.8068925026082727
 574    8.3244916278554903  -1.0606627096651329  4.8762071184244888
 575    8.0406269220101549  -1.1623649615890306  5.24335332564144
 576    10.478796952057486  -2.146934324247721  6.1126145989941403
 577    9.8825374225672125  -2.3387596964865787  6.800874149688088
 578    8.6244762287853778  -2.1690873569790985  4.5195673358841821
 579    8.0599778763796088  -2.3621941587203725  5.2374003200005586
 580    9.5670494904466885  -1.0591894065565173  7.1600545380502663
 581    9.3247091642442523  -0.83033401806912177  7.4524982376174105
 582    7.7632624571573103  -1.0781476952424425  5.607375119866842
 583    7.5314891742778238  -0.84193481071932785  5.9113614210953447
 584    9.2846675872801772  -2.1813110343502742  7.4861844628363015
 585    8.7705514768471957  -1.6969696394134122  8.0704015414105825
 586    7.4936560952933231  -2.1981749899105503  5.9524758095237011
 587    7.0075729954908947  -1.70424743781542  6.5609218653619852
 588    9.1593087247314866  -0.46542408771671412  7.63767052460783
 589    9.0935223731473478  -0.043007898712153603  7.7090699227818824
 590    7.3734717532156751  -0.46965192715082132  6.1043506433505499
 591    7.3108231177354011  -0.035941824876456238  6.1772529575921213
 592    8.4195395861632178  -0.94381778273254802  8.4592118182081339
 593    8.287514587676764  -0.045559648779281647  8.5980634922461956
 594    6.6766830000951884  -0.94336642348790289  6.9648030651011306
 595    6.5530011569509847  -0.038391350575531571  7.1076828988432945
 596    9.1549231637989958  0.39160200160433445  7.6284376644554879
 597    9.3224310293137691  0.78238474397164559  7.4274986861856096
 598    7.3669807166959691  0.40795322989377425  6.0945927639357294
 599    7.5239363571716815  0.80243223331193958  5.8859948153325714
 600    8.4139144073645227  0.861711800245754  8.4531935517406467
 601    8.7602804326963284  1.633759296352985  8.0592821005735154
 602    6.6697618254461073  0.87405514036792753  6.9584418194657678
 603    6.994872132866818  1.6511370325264525  6.5491623736095192
 604    9.5733270141495819  1.038849982311483  7.1229515336965576
 605    7.7622006676994593  1.0616154570097642  5.5709802769618966
 606    9.2699122577152089  2.1477038666786719  7.4735234499290906
 607    7.4758227315625359  2.1698433900082148  5.9389186641852669
 608    6.1306951911181065  1.1848073230524214  3.7439091707048608
 609    6.397211813419279  1.0964073501670772  3.3786678794810268
 610    6.6248033254158383  0.85375221536186874  3.0692488082058764
 611    4.144649049070118  1.2047762014781405  2.3872943986472399
 612    4.3916503014744492  1.1107958809333507  2.0176009560272692
 613    4.6065692857230962  0.86023935979550248  1.6998423866649068
 614    6.1321157823094312  2.3846928276275277  3.7593486584751044
 615    6.663778682501289  2.2125657073401812  3.0170968859367049
 616    7.1186483336219908  1.7082279087542871  2.3867220844821784
 617    4.1492535464963725  2.4047212669588971  2.3978128791379465
 618    4.6445408296563695  2.222844472358521  1.6321792996276141
 619    5.0668158666476337  1.706609968762298  0.98441952078456274
 620    6.777550100186394  0.47412835848318569  2.8714311388671145
 621    6.8408428519879259  0.027563081689267674  2.7986742380490028
 622    4.7497161573922035  0.47385976145274339  1.4967530988954443
 623    4.8090821851173153  0.015645360886766574  1.4237003256474896
 624    7.4261042915558395  0.93902839388539994  1.9705878588971193
 625    7.5406374876250943  0.028923247184977293  1.8238645561040387
 626    5.3501041439778767  0.92986282252649577  0.55941541135668904
 627    5.4544275259470005  0.01540847428038853  0.41200405949142294
 628    6.7819216902774979  -0.4265537483241279  2.8772229592165202
 629    6.6296305159034974  -0.82225297630565197  3.085021892525464
 630    4.7550332604113965  -0.44700287909083664  1.5030581704096213
 631    4.6146327048519931  -0.84300222515417977  1.7149391832281615
 632    7.434000184287763  -0.88671382858291659  1.9766918207684718
 633    7.1332811647434964  -1.6675691010160365  2.3981873076763476
 634    5.3584354243462684  -0.90200741115971028  0.56730666909461513
 635    5.0822454627646731  -1.6850663432880599  0.9992113511657752
 636    6.4026585443708504  -1.0824047334763709  3.4067943270281558
 637    6.1383636905309489  -1.184113161700989  3.7793303151941711
 638    4.4033547354364213  -1.10341720960598  2.0431341526703188
 639    4.1602149362854934  -1.2042982988663629  2.4193008123898752
 640    6.6837314599202466  -2.1904542737825645  3.0318873230420325
 641    6.1536506875719201  -2.3840023868732656  3.7763155381952087
 642    4.6652896320851669  -2.2110870976009638  1.6514136596149767
 643    4.1716669350712801  -2.4042436382023791  2.419486094773085
 644    5.8802155314725519  -1.0957305077266994  4.1504753749673098
 645    5.6608275022648016  -0.85299373625351615  4.4655751249029754
 646    3.9234126551403312  -1.1102553486878703  2.795523125161202
 647    3.7185394517230779  -0.85949978168811436  3.1196903112544727
 648    5.6214952424402611  -2.2116472238292828  4.5182776862073046
 649    5.1659043295134834  -1.7071747839554898  5.1477021697277952
 650    3.6759908124660639  -2.2221003736438032  3.185015439337783
 651    3.2532050729867579  -1.7056309387109094  3.832098888604123
 652    5.5117218089812443  -0.47328603110582673  4.6659682806422742
 653    5.452292676990278  -0.027250042074652307  4.7412463520421095
 654    3.580093628261642  -0.47298396663921016  3.3256831073020594
 655    3.5256321418034746  -0.015238802529193102  3.4015326426843573
 656    4.8578393504251611  -0.93806939465450423  5.563078222027519
 657    4.7429871988994172  -0.028087058545800063  5.7091787316999332
 658    2.9694893065469588  -0.9289146086890222  4.2564780497617898
 659    2.8649910429808338  -0.014538443636548125  4.4033074916618338
 660    5.5029359869034247  0.42677932059989893  4.6561430147162906
 661    5.647279300423298  0.82308873298264551  4.4417952118016908
 662    3.5696891147657155  0.44730462416406719  3.3151433666226451
 663    3.7003480534262305  0.84382420162578353  3.0962029143301177
 664    4.850102932871434  0.88773221607752195  5.5557329248897682
 665    5.151584382279208  1.6685676860015259  5.1342065155169756
 666    2.9614567680309958  0.90307491466431733  4.2473690738714147
 667    3.2383042850270494  1.6860852623514828  3.8153078174344359
 668    5.8705195790234548  1.083261428134257  4.1180981385074604
 669    3.9067179551186779  1.1041451530220765  2.7656069977580584
 670    5.6017572225620347  2.1911367427238928  4.502172840108666
 671    3.6556028208119047  2.2116728900593361  3.1644705003882967
 672    -24.875797566879978  1.1327520296409586  43.603671507652727
 673    -24.492409403530608  1.0626581574584697  43.585118994081618
 674    -24.17999287247212  0.86383553831284932  43.56685767217121
 675    -24.847844041405885  0.99705560904661439  41.192387590948705
 676    -24.442480842732742  0.93865531810602143  41.198470415829881
 677    -24.127271552781732  0.75700677351123946  41.199458335585625
 678    -24.699834258169748  0.88804437097262001  38.78452163038186
 679    -24.273310348321328  0.83532657222109052  38.816950413381129
 680    -23.956122623626307  0.6648410131243141  38.83889819446884
 681    -24.91  2.3300000000000001  43.530000000000001
 682    -24.043624410001801  2.1793718242651874  43.52615184309694
 683    -23.321036221189026  1.7006507068272581  43.522882168072329
 684    -24.876312452014769  2.1951182449390569  41.130738655289292
 685    -24.02114616506924  2.0638326467217425  41.169053323315005
 686    -23.296251742869057  1.6218474103288998  41.20214137879011
 687    -24.723144726476921  2.0867831382336011  38.734702056588795
 688    -23.880833614990809  1.968705379120697  38.815382105588526
 689    -23.155278831809987  1.5573212853598535  38.885030447608557
 690    -23.991499246189928  0.54187969757056809  43.537926129162798
 691    -23.929472213485106  0.12421392322430919  43.50953625112129
 692    -23.927457814699064  0.45821080136559145  41.186410141885617
 693    -23.854271608178856  0.10688634091072929  41.167626012418772
 694    -23.75063499342691  0.38231742166933635  38.842399887701312
 695    -23.671935832775063  0.090446787199906842  38.833888044433245
 696    -22.865413112597928  0.96321756591105034  43.520746264217536
 697    -22.73002212130535  0.089429065555126863  43.520000000300193
 698    -22.815758445461746  0.92094637376876864  41.225369530446841
 699    -22.656481592499848  0.078000249538756811  41.234218670304571
 700    -22.655638189190928  0.8862418621107464  38.934659744685007
 701    -22.478198318164161  0.067427622961594463  38.954141378225998
 702    -24.038947992352885  -0.33074481812105877  43.530607979268133
 703    -24.306803975496923  -0.73547844198641898  43.552387047192525
 704    -23.96605741332646  -0.27756890118115191  41.180317373351002
 705    -24.235018993477524  -0.6481657159398504  41.186047005570764
 706    -23.781481444901459  -0.23057540967158963  38.838016831694837
 707    -24.046998402758469  -0.57410586935672703  38.82751482175383
 708    -22.934002279662018  -0.80211847252094381  43.520748030011539
 709    -23.448295297088023  -1.5733880540142686  43.52288567149661
 710    -22.872933027606717  -0.78077758055913327  41.225371939723466
 711    -23.402742331063276  -1.5117735313958216  41.202102777953876
 712    -22.702433224451067  -0.76547115543989641  38.935178850671463
 713    -23.243071008368023  -1.4630841319017307  38.885981848966225
 714    -24.702467813814806  -1.0158694719683472  43.578207756398093
 715    -25.124385069232222  -1.1328011430871623  43.604172153928076
 716    -24.621862677051126  -0.89807446440592198  41.190315470213164
 717    -25.059543487904151  -0.99685055159927172  41.190631047651294
 718    -24.424702155303653  -0.8003625095226431  38.808901474691069
 719    -24.877826745308088  -0.88781318600622894  38.782238664895132
 720    -24.205847493233851  -2.1111066218635255  43.526136385274135
 721    -25.091191792379043  -2.3300469310393557  43.530005250241331
 722    -24.156287530178769  -2.0045106135213078  41.169622530831191
 723    -25.026784666875265  -2.1949469292581814  41.131537558389041
 724    -23.991572742324877  -1.917735696412237  38.81768912719199
 725    -24.846186248444322  -2.0865639868189452  38.737568803589014
 726    -25.507572447329981  -1.0625343723201286  43.587525085461735
 727    -25.819942668729894  -0.8634022815076059  43.570587530162797
 728    -25.463397567945989  -0.93833404845937596  41.155511928875583
 729    -25.777335534484855  -0.75634966437339646  41.125126609624694
 730    -25.301816165542341  -0.83469619572342046  38.727461202735739
 731    -25.616790515468541  -0.66350876359393374  38.682441826458465
 732    -25.957614694534115  -2.1789907303500295  43.533853688832664
 733    -26.679793501690089  -1.6997853153297311  43.537121640182839
 734    -25.881813229088046  -2.0630481891139123  41.091524084942954
 735    -26.606014461692105  -1.6205033031334788  41.055937216887827
 736    -25.688186034659715  -1.9677171549434957  38.654410003141649
 737    -26.412775256656815  -1.5557272457266953  38.580684900717273
 738    -26.008597270293194  -0.54118139603156923  43.545393417184691
 739    -26.070624418890819  -0.12359311762969788  43.519656871144583
 740    -25.97516708636719  -0.45722665111130167  41.092104552610671
 741    -26.04610807503208  -0.1063308526378824  41.065087372138514
 742    -25.818830307252153  -0.38077881607261588  38.641188032627291
 743    -25.893716425566527  -0.089870691054482754  38.612486424941793
 744    -27.135005697239919  -0.96206818356231838  43.53925577946989
 745    -27.26992995783791  -0.088204115382842785  43.539999997029689
 746    -27.086069732550719  -0.91954737153909771  41.031323870650958
 747    -27.244943374021354  -0.076774893154931939  41.0216721431457
 748    -26.911885617686941  -0.88469648044546401  38.528666332602079
 749    -27.088920654892977  -0.066179557996725813  38.507960923677295
 750    -25.960665508213324  0.33127065372338338  43.538672869154226
 751    -25.692371209688844  0.73604896973207046  43.556981748919839
 752    -25.935392426938048  0.27787093430096155  41.084827500042884
 753    -25.667395715163241  0.64878494837784406  41.111926164296428
 754    -25.78621258164512  0.23045109120171281  38.633063034694636
 755    -25.522481998209123  0.57428278307838043  38.669063835389835
 756    -27.065413157086226  0.80324878650848497  43.539249583500855
 757    -26.550949681807701  1.5741707781501879  43.537111130711324
 758    -27.027854519026889  0.7817439956943405  41.030713300076918
 759    -26.497877042949689  1.512279686411258  41.054999094112844
 760    -26.863986376291283  0.76633131180390812  38.527090565622537
 761    -26.323221530050898  1.4634066955894585  38.578097521037819
 762    -25.297230313151172  1.0160970263879854  43.580398551581759
 763    -25.282973179367712  0.89850389868120428  41.150332755425964
 764    -25.148718805488972  0.80063429026197941  38.72307256519715
 765    -25.794297728941288  2.1112719663784705  43.533864283630763
 766    -25.745545015003277  2.0046076728241617  41.090368914885893
 767    -25.576260775268576  1.9177257539061607  38.651091150907881
 768    -24.435890051261854  0.804937695988166  36.384398754679616
 769    -23.999636254516989  0.75928269050433017  36.446532505820635
 770    -23.682670756885027  0.59865880098827828  36.490395062404602
 771    -24.062332074329539  0.74689307283733763  33.999163258947043
 772    -23.617304690159191  0.70261323989878188  34.091658568478714
 773    -23.301517719061287  0.54616339924104151  34.158092490807888
 774    -24.455552450295702  2.0041776842985222  36.346917464273176
 775    -23.625065419747326  1.8969003815860639  36.469415805920093
 776    -22.903103755899544  1.5066313530347848  36.576264483225621
 777    -24.078718290064138  1.9464983362242421  33.9731113110672
 778    -23.261629411565583  1.8442606263065413  34.137309702247769
 779    -22.54483493816295  1.4693457993591417  34.281240471725297
 780    -23.471433299931583  0.32905429796685554  36.510785306628229
 781    -23.38751079021722  0.075995992848081714  36.512488495198305
 782    -23.089791714985928  0.28305780391199448  34.194874507627425
 783    -23.005907135841166  0.062391647402696648  34.206295949640527
 784    -22.391341258890932  0.85760386297458002  36.652820597991074
 785    -22.199880176860848  0.057693378874659987  36.683447270532632
 786    -22.026388356095254  0.83607944369444731  34.384675159572119
 787    -21.826343832392318  0.048781915850369215  34.426398626506696
 788    -23.496281104134422  -0.20211710235563954  36.507980543006873
 789    -23.757753607615726  -0.52330767184000027  36.48174782057346
 790    -23.109844633308079  -0.17937662844720459  34.193898423305342
 791    -23.363215164172427  -0.48479159004474248  34.152682153688659
 792    -22.42923102961452  -0.75459646828201443  36.654353385855458
 793    -22.974382074583982  -1.4268760163703227  36.578971170941649
 794    -22.056524326353774  -0.74933184103536732  34.387470536885296
 795    -22.601902327116665  -1.4027108017240306  34.286200260941357
 796    -24.124972260077509  -0.72980172947329358  36.440401858049633
 797    -24.582883935553951  -0.80474779214370484  36.383630812384546
 798    -23.719544193611654  -0.67794657868544261  34.08816780161812
 799    -24.181838431620971  -0.74681154108270897  34.000852745998017
 800    -23.714535341892276  -1.8537247712898595  36.474337932249149
 801    -24.554569262636118  -2.0040120134596053  36.352756807220963
 802    -23.332745563323741  -1.8082144149614408  34.145361202727415
 803    -24.157238334239295  -1.9464182768030716  33.982453973670872
 804    -25.016630755360815  -0.75873336043617956  36.305926437662158
 805    -25.331402146700491  -0.59746958840346909  36.245637450316025
 806    -24.624550372243462  -0.70202406293524089  33.899226158797511
 807    -24.938326526239724  -0.54480834598408268  33.822672260467414
 808    -25.384604295897066  -1.8959308577847418  36.227393968443259
 809    -26.105357134392147  -1.5049866548760129  36.115912402472944
 810    -24.973781716342895  -1.8434104003950642  33.815484376617782
 811    -25.68917127313318  -1.467819506860689  33.666843627156467
 812    -25.538858926619653  -0.32759131154642318  36.196748236685153
 813    -25.618698651859717  -0.075414916810553956  36.167175208713395
 814    -25.146400714939542  -0.28148812218477881  33.766110593733615
 815    -25.226394467750307  -0.061749840124642519  33.73562911217234
 816    -26.616460130723205  -0.85601203209073118  36.036526120954186
 817    -26.807440167103117  -0.056408627747090684  36.004325825068904
 818    -26.206781596406021  -0.83452307929806779  33.56038604295339
 819    -26.406221323600644  -0.047455245786236472  33.516987270826888
 820    -25.511846722781492  0.20205052585274727  36.188173220994081
 821    -25.252090168858619  0.52356678139303936  36.231749640340638
 822    -25.12390049661192  0.17925808476102995  33.756978159814693
 823    -24.871824015298728  0.48485772578021452  33.808059830646258
 824    -26.577368418659507  0.75545092872501973  36.033696438626791
 825    -26.032177612049495  1.4271314974946316  36.111179257082078
 826    -26.17534749754785  0.75025302834918395  33.556167124986629
 827    -25.630066122800791  1.4030388130946885  33.659694075470945
 828    -24.889240785530099  0.73007529150743977  36.300675135763804
 829    -24.520018718454335  0.67805079170597149  33.892533588992677
 830    -25.293856738396101  1.8536595574112531  36.221230430777965
 831    -24.901297973874875  1.8081476706941888  33.806075471375202
 832    -23.581893595242668  0.71281488858696063  31.630273165867361
 833    -23.142925580685841  0.67180887621192487  31.75366213967315
 834    -22.831780105818211  0.51911678927802352  31.84415461864506
 835    -23.007176620014082  0.71062209463116599  29.277143567316045
 836    -22.576532273329491  0.66510636220724439  29.434751252804155
 837    -22.272292592950844  0.50838848838477702  29.552627335827061
 838    -23.597438941403645  1.9126401033200457  31.617371009992198
 839    -22.792802973123987  1.8135742300090605  31.823089489350899
 840    -22.085085869612715  1.4448627495014554  32.003663188293025
 841    -23.023523957391532  1.9105005733735483  29.282083285074659
 842    -22.233193563312085  1.8067712033329002  29.528821974389608
 843    -21.536406493673503  1.4364277359287072  29.745538724574505
 844    -22.618444510842757  0.26075478793932699  31.898861482221893
 845    -22.532290163324628  0.051265514552797417  31.921565725320807
 846    -22.065187448856395  0.24678993315245193  29.626978087171778
 847    -21.984603374745898  0.040497395004711473  29.662684172367207
 848    -21.566656020913186  0.81954325039858233  32.133054618640784
 849    -21.361707002990244  0.040687660000143185  32.185510750917551
 850    -21.025094695914433  0.81119070864965959  29.89943266358366
 851    -20.822342501343794  0.032912670958861308  29.961167227363095
 852    -22.634384393469269  -0.17589123367955734  31.899596747741658
 853    -22.881212717017192  -0.46923825026584104  31.842405447362527
 854    -22.078508445134304  -0.17997416634525013  29.629322876804931
 855    -22.312448668931754  -0.4691795786554348  29.554335678924254
 856    -21.590570540461989  -0.74748572346568209  32.137205513891622
 857    -22.130354546137877  -1.389975538130015  32.011078456521659
 858    -21.044238168340886  -0.75310866710859936  29.904863525907782
 859    -21.57277726494484  -1.3924976637701492  29.755258370086977
 860    -23.225002333886529  -0.65167911696198733  31.753927173561568
 861    -23.677710087506789  -0.71277772461227573  31.635553674477368
 862    -22.64215548623428  -0.64906630847607971  29.438699761383628
 863    -23.083733368468664  -0.71055854644844096  29.286074096826127
 864    -22.8489725306247  -1.783912939121056  31.834403828552425
 865    -23.659092245953303  -1.9126179929353193  31.630340599955982
 866    -22.278056309954145  -1.7830541699111231  29.543119262328503
 867    -23.072689281938562  -1.9104457330943214  29.298271124158319
 868    -24.116074708681431  -0.67151361406702037  31.510359313287051
 869    -24.426658681672606  -0.51845611778123757  31.417150195087856
 870    -23.516572302621391  -0.66498228523484582  29.137419881916465
 871    -23.822785727033448  -0.50824749134388603  29.027663464118646
 872    -24.463127218679155  -1.8129986454867733  31.422026478306723
 873    -25.169325998853662  -1.4436631933304824  31.237037017721487
 874    -23.862384665807433  -1.8065644697907275  29.049198045050769
 875    -24.557561489886957  -1.4358340141980102  28.828445440479499
 876    -24.637828544193543  -0.25987949026733964  31.353114975454957
 877    -24.721884015401624  -0.050543109936213117  31.321700541869056
 878    -24.030729693496689  -0.24648868691116874  28.958595555482979
 879    -24.112525313223244  -0.039628435104826665  28.928689033768691
 880    -25.686678077161339  -0.81813626468775291  31.104714465490272
 881    -25.890808787646939  -0.03931353087892446  31.050587981623138
 882    -25.067441093768991  -0.81006745173734196  28.671910263950526
 883    -25.269048558085039  -0.03148068489368467  28.608708412073163
 884    -24.619354848379729  0.17649684103972244  31.343593078265819
 885    -24.372221048488477  0.46991974291856076  31.401502840574469
 886    -24.014897740447122  0.18132008787488091  28.948766230445091
 887    -23.777643412107178  0.47044279652688326  29.011145255755899
 888    -25.661392326052848  0.74860086181833096  31.099165899598081
 889    -25.12191267919053  1.3906099427863297  31.227449449606656
 890    -25.046884756375221  0.75460560900671592  28.665194233030707
 891    -24.519002132823267  1.3938037688385161  28.816744221730886
 892    -24.031635494333095  0.65200468252570665  31.501191298998403
 893    -23.448625687355452  0.64963178672772148  29.12582895889491
 894    -24.405526384771708  1.7840454308685223  31.409378160800856
 895    -23.816058426614237  1.7836138907019796  29.033676837299438
 896    -22.345105840722599  0.74477266223687644  26.949385361792579
 897    -21.940962852309781  0.69516037807014019  27.132998051099356
 898    -21.647809547530855  0.53192539456646803  27.275907958438633
 899    -21.589129768773265  0.80171805122247342  24.659297066436753
 900    -21.210883266394898  0.74293128280946352  24.863008693520761
 901    -20.928211464978361  0.56810125712112591  25.02504635913499
 902    -22.363716183192341  1.9444758429498046  26.969108017311711
 903    -21.586935583887552  1.8314521480035664  27.256932088160816
 904    -20.905997308466809  1.4459406698282506  27.507906442792645
 905    -21.608168131256996  2.001265364071799  24.68620031884052
 906    -20.846463761308367  1.8737507956288517  25.014319248817507
 907    -20.182900714686927  1.467874758091293  25.298760685489931
 908    -21.446707663595408  0.2635085055676834  27.368020961282728
 909    -21.369097514651425  0.031726937259484944  27.415675135559013
 910    -20.736594276967885  0.28692070464763969  25.128721707417565
 911    -20.665439488956405  0.023704776470738015  25.182124064713907
 912    -20.411721157684717  0.80928627209618031  27.683027066607455
 913    -20.217253163744068  0.025161445207097944  27.75209529052513
 914    -19.710471578204874  0.81397815217797986  25.49322336956347
 915    -19.529099152217235  0.018181698362393001  25.567740629072397
 916    -21.457789417292844  -0.21130822267640414  27.371983544806714
 917    -21.680303230637335  -0.50166352652173063  27.281107681260629
 918    -20.746653543003298  -0.24791182121298969  25.134147793274046
 919    -20.955476265047359  -0.54543485575536965  25.033428878565054
 920    -20.427896748970124  -0.7649621150701309  27.689382073250911
 921    -20.936524121503272  -1.4125109780726559  27.519417572992865
 922    -19.72483386677558  -0.78197229939443647  25.500278763004658
 923    -20.209892726341359  -1.4436092440077757  25.311615785334808
 924    -21.994003423013677  -0.68297219959390931  27.140667567554143
 925    -22.407143028802903  -0.74454280477928547  26.961710227489863
 926    -21.254295771379152  -0.7339003622002005  24.873893036071507
 927    -21.640123039604763  -0.80128422471970806  24.674312487879128
 928    -21.624790068042049  -1.8133115038573928  27.273372011749359
 929    -22.405032145014857  -1.9442637162732308  26.987564118056085
 930    -20.880186517087324  -1.8604963447914145  25.032287088178443
 931    -21.645078641726158  -2.0008517617950301  24.706142756534341
 932    -22.817167809062795  -0.6954669780259648  26.795409261912372
 933    -23.11559559760709  -0.53302036200648573  26.669173274712847
 934    -22.026440345981438  -0.74339455456430692  24.490500119634167
 935    -22.316189178667603  -0.56992183855395251  24.347919911033237
 936    -23.181052574004934  -1.8316363194942824  26.697459390100704
 937    -23.860212747999945  -1.44608227458213  26.442583624537363
 938    -22.40581255511584  -1.8742440894370114  24.375496963112166
 939    -23.067344518304697  -1.4686323131017025  24.086988619937909
 940    -23.321092677855724  -0.26431639315862576  26.594107540451848
 941    -23.40380088602322  -0.030723159474865456  26.563848786793685
 942    -22.514438742388069  -0.28861993698657618  24.266253377259659
 943    -22.593258908682881  -0.022640953121024487  24.235039417770359
 944    -24.352655818938537  -0.80856148219308754  26.26512678392405
 945    -24.545649690198388  -0.023698564618320941  26.194919072993528
 946    -23.537677457282189  -0.81362251655540319  23.890486467425266
 947    -23.71738413646829  -0.01674867402064123  23.815149249626636
 948    -23.3076268131997  0.21393785816245112  26.584031628301769
 949    -23.078357352057832  0.50431533810415052  26.651937104504654
 950    -22.502252972043326  0.25152557534982523  24.256228049658876
 951    -22.28468301433087  0.54895084275714379  24.330560122302547
 952    -24.335093791560244  0.76694347861941026  26.257705940253437
 953    -23.827522222053172  1.4147074643893087  26.429417026851645
 954    -23.521980289591585  0.78434446798941237  23.882625125123543
 955    -23.038263922819169  1.4465696291324051  24.072885271554448
 956    -22.761862341703338  0.68424753103924141  26.781526975143002
 957    -21.980952210883469  0.73564216757856893  24.47497553099954
 958    -23.141761839084673  1.8145194107238591  26.680005812014254
 959    -22.370705918455055  1.8623112911147586  24.356766291165915
 960    -20.728551583911269  0.86747696805290375  22.416169107043967
 961    -20.375956647926223  0.80035953688027384  22.632876452367828
 962    -20.103516910526935  0.61341940373001036  22.810478314920701
 963    -19.755264957965892  0.92820843617683213  20.227928336736611
 964    -19.425254348692356  0.85571287708878563  20.452666314472289
 965    -19.159979435628458  0.65961517132080116  20.640867288135663
 966    -20.747543754570646  2.0670070990692624  22.444141079520048
 967    -20.001481191028923  1.9252037705399161  22.812773373597938
 968    -19.356721213625484  1.4964119915055227  23.129948252279302
 969    -19.771170843853252  2.127897678229747  20.250125753177272
 970    -19.041062455449001  1.9746390478218256  20.659107473804038
 971    -18.415417915994094  1.5257649854984183  21.008851856942307
 972    -19.921562781925047  0.31877434324802323  22.923253248667642
 973    -19.856521700349681  0.017749711841883759  22.980100813448598
 974    -18.983651650218984  0.35227019318956038  20.759278838072667
 975    -18.920687558863506  0.014201448913432668  20.816108641063849
 976    -18.908307250482732  0.82298232003660754  23.343272865139319
 977    -18.74124818222781  0.012773806837486218  23.423106137307631
 978    -17.989173885745451  0.83357310347457181  21.241124676035337
 979    -17.834582934778091  0.0097233858925848682  21.326360238309636
 980    -19.931253317120525  -0.28943132473048544  22.930078672543814
 981    -20.128244156913592  -0.59670786515519969  22.82170897752389
 982    -18.993474670931146  -0.3285726720162484  20.767440419066723
 983    -19.183171561046013  -0.64563136379196773  20.654819732108507
 984    -18.921730116583497  -0.80026587544347216  23.350869563720607
 985    -19.381800542542528  -1.4790479753336176  23.143901483332996
 986    -18.00207564613013  -0.81620165368427966  21.249124003910204
 987    -18.439421195681376  -1.5121285816230026  21.023625867511718
 988    -20.414484772874463  -0.79391311443227586  22.646328067120621
 989    -20.773784698398721  -0.86690505759583458  22.433048794257033
 990    -19.45994036352818  -0.8503140639384813  20.468518065825073
 991    -19.79582002324322  -0.92765179578328361  20.246464380319722
 992    -20.033228359988122  -1.9155313101327109  22.831912181735788
 993    -20.782371901137484  -2.0664457505945046  22.46518887791423
 994    -19.071785273933848  -1.967040282593983  20.679120398411502
 995    -19.804982465700913  -2.1273458786703863  20.271962559350293
 996    -21.134907402454651  -0.80097587142326176  22.234860226684276
 997    -21.414913903610763  -0.61564309579538812  22.075389317739621
 998    -20.132335418780634  -0.85629019498322356  20.033633747481328
 999    -20.4031868822089  -0.66170446112751435  19.857006272255049
1000    -21.527267625062446  -1.9258181664272771  22.093845084643355
1001    -22.169813918628098  -1.497535010534403  21.772467793327181
1002    -20.533805629930875  -1.9752585611022837  19.860183136996415
1003    -21.157131883642961  -1.5268642040601788  19.506199268304023
1004    -21.604630163826059  -0.32070365729153139  21.984264601668922
1005    -21.678371400779881  -0.016849430620629012  21.949254899660229
1006    -20.585820630907172  -0.35415022211965774  19.753635281518036
1007    -20.655933730508224  -0.013443489075884829  19.712041744620741
1008    -22.616107942151032  -0.82291068120169353  21.557348593167411
1009    -22.781513273495239  -0.011435289909943344  21.476996072975357
1010    -21.581491339361019  -0.8336308544707266  19.27214350826647
1011    -21.734699670513006  -0.0085594269516564014  19.186456173450388
1012    -21.593232938040309  0.29309087837233216  21.974425901781487
1013    -21.386812884633407  0.60060450092720463  22.058333484909156
1014    -20.574858024653206  0.33196983346174697  19.744126621079843
1015    -20.377783158536374  0.64927104418673176  19.840541218796631
1016    -22.601434873546179  0.80282799754051637  21.549217859784108
1017    -22.142758803894004  1.4824244208628505  21.757704806902197
1018    -21.56742307293505  0.81862179663902379  19.263842643101494
1019    -21.131263655846549  1.5153372728405154  19.490975162437238
1020    -21.094689214956954  0.79594434476187592  22.218396538668628
1021    -20.096492200288939  0.85223924013666452  20.016478326520918
1022    -21.494214231278338  1.9176652369907676  22.074214981770375
1023    -20.501853262524971  1.9691226350718962  19.839911038957329
1024    -18.658306789861015  0.9721659718420641  18.098590100498114
1025    -18.337107072556744  0.89435577488872675  18.334915789816897
1026    -18.07636236437401  0.68951077829347407  18.533239124342892
1027    -17.449177191046633  1.0052701176980219  16.024348579322272
1028    -17.135118452675773  0.92770241888965521  16.277362600198238
1029    -16.877234036338322  0.71966726747739584  16.490908915560944
1030    -18.67232971046014  2.1720060296788075  18.112357118558666
1031    -17.959396256353266  2.0122622442933231  18.561787834244114
1032    -17.3501851490314  1.5513313229620471  18.945425429775071
1033    -17.46347055180409  2.2051439341419137  16.034274527671258
1034    -16.765730742325811  2.0445374986212972  16.525635558761895
1035    -16.170971777468242  1.5771722231245855  16.944647687032074
1036    -17.905017961313618  0.37180359608801622  18.656573568437143
1037    -17.845042430114049  0.013531011371841383  18.711587707047919
1038    -16.706658039163486  0.39384093882062937  16.62451169873307
1039    -16.645456091656236  0.017607571287315132  16.683055617884044
1040    -16.939879929386514  0.84665576474324222  19.198996117203428
1041    -16.794097781182909  0.01017568714885796  19.290795804718368
1042    -15.771888082467942  0.86217996543326347  17.22196503704258
1043    -15.630197451068973  0.015236504548923613  17.322777644045019
1044    -17.915705981144317  -0.34890070828169806  18.66582634090722
1045    -18.101242601688202  -0.67638565711424914  18.548925458750738
1046    -16.71846198419577  -0.36380933223900591  16.634877204747486
1047    -16.904304237715344  -0.70104812327731247  16.508372224540469
1048    -16.952285086461185  -0.82800362410917072  19.207348598022438
1049    -17.373250643793561  -1.5367739204859765  18.96087708754655
1050    -15.78392324420509  -0.83452238480720697  17.23059101001548
1051    -16.193352703250213  -1.5554613560390325  16.960617670425108
1052    -18.373235529554769  -0.88952553330289952  18.350988493026883
1053    -18.70010512943626  -0.97175729054050231  18.116028446381996
1054    -17.173045178533485  -0.92027649394514954  16.29360695980716
1055    -17.492428606148639  -1.0050335950126041  16.040547552453724
1056    -17.989038761041357  -2.0041011187719864  18.582620542036427
1057    -18.705081083320916  -2.1716004270401346  18.134943644023608
1058    -16.79455466581727  -2.0327104737845194  16.547159017417393
1059    -17.495431924933317  -2.2049099163888561  16.057512029365331
1060    -19.02327422520294  -0.89508233121031222  17.882607086838654
1061    -19.285416113008118  -0.69137586169151299  17.686690404009987
1062    -17.804855032536327  -0.92872057359598081  15.784241907330353
1063    -18.060890975110134  -0.72156866485778726  15.566742458024123
1064    -19.416764044979324  -2.0128856297846895  17.682726499446968
1065    -20.023826585825383  -1.5523518894406589  17.294900615468588
1066    -18.192114128858815  -2.0452683721187657  15.56355599607182
1067    -18.785052401677479  -1.5782959811454997  15.140586930313312
1068    -19.460118586025665  -0.37331274615078641  17.569539355202423
1069    -19.523885885720905  -0.013386319073265693  17.521127142400008
1070    -18.2327781800571  -0.3949865975307465  15.433974624473203
1071    -18.295315687456661  -0.01783040116603507  15.376907009092745
1072    -20.432808731241057  -0.84690854547299599  17.039369178794882
1073    -20.577654593087427  -0.0093525641702979917  16.946951129280954
1074    -19.183273926624288  -0.86271152941743412  14.861179892608568
1075    -19.324374008998419  -0.014739880948926747  14.759631204001975
1076    -19.449433148774247  0.35098001956031716  17.560951755188228
1077    -19.260607716329226  0.67914185746487399  17.672489055963275
1078    -18.222308859977346  0.36490306755257884  15.426500023351142
1079    -18.036555801763125  0.70333964662578796  15.555188692325491
1080    -20.41928807421133  0.83004084089674424  17.030864673281226
1081    -19.998977529716527  1.539466808535896  17.279252084035335
1082    -19.170103976754195  0.8362464140481557  14.852525287920134
1083    -18.760828712782963  1.5577635815786395  15.124621055661359
1084    -18.987076525959502  0.89112641896135969  17.867275049977486
1085    -17.768136900095843  0.92175039082280341  15.770996030563142
1086    -19.385942192744238  2.0058411153940776  17.661789470377688
1087    -18.16209076493028  2.0341579908969663  15.542056948677656
1088    -16.135990621501545  1.0355953605384909  14.012454674290522
1089    -15.821622383919562  0.95749781506158449  14.288709908813047
1090    -15.565151985575284  0.74489415147659999  14.519704319127534
1091    -14.718560659870974  1.0632784252129077  12.072959399103976
1092    -14.403838879127692  0.98604436156715458  12.373053917648559
1093    -14.148738454826381  0.77026551430913637  12.622094493290334
1094    -16.153515075416482  2.2354428417482097  14.018118677841171
1095    -15.470705457166806  2.0766601951558989  14.552039462776529
1096    -14.887875923675928  1.6065431058354349  15.008380511329204
1097    -14.738995384690742  2.2631039609992043  12.074010920223728
1098    -14.072157034200165  2.1075362594822264  12.650473907815387
1099    -13.502298008606452  1.6360585124850364  13.144126325462143
1100    -15.395778309199613  0.41073989792489668  14.66524240119529
1101    -15.335091530746695  0.025281569206330998  14.727534536816618
1102    -13.979690879128587  0.42835000976588988  12.78073611914504
1103    -13.91864304960869  0.034233393765462333  12.847944716128058
1104    -14.496377402038265  0.88339612774563669  15.311872426323196
1105    -14.357005669822174  0.024296670733802241  15.422726988775345
1106    -13.117939373088229  0.90530645564285184  13.474511818764405
1107    -12.980441252811815  0.034600644149606154  13.596127349991034
1108    -15.408951093341972  -0.36739330374907964  14.675619728057413
1109    -15.596148331074021  -0.7176779011546901  14.535892143304533
1110    -13.993707244504485  -0.36957290535865173  12.79035238534269
1111    -14.182610428693835  -0.73277676587118012  12.635461069640423
1112    -14.50819547278712  -0.8392295050005727  15.320657622982708
1113    -14.909937198827956  -1.5722416966536557  15.02458076575771
1114    -13.129547339078766  -0.8425579618675052  13.483461458764847
1115    -13.524053605588509  -1.5875085178463395  13.160567290234765
1116    -15.86521218453645  -0.94636651140451622  14.301086302643027
1117    -16.18562840315051  -1.0355517113599795  14.023289650835334
1118    -14.452382561159425  -0.9703810049964422  12.380615606513821
1119    -14.77421693713131  -1.0634496931333635  12.078082663714989
1120    -15.499082478442334  -2.0581264239757493  14.574016518803793
1121    -16.185242949242792  -2.2354055058786866  14.041656413078107
1122    -14.100085232016205  -2.0814751702262768  12.67293516509841
1123    -14.770471944267076  -2.263280206909049  12.097899657462861
1124    -16.496309755288319  -0.95868768575071805  13.741094331363845
1125    -16.748934600639533  -0.74688317308709351  13.503520612285479
1126    -15.084788067412754  -0.98729876755201307  11.772251856874293
1127    -15.335636667934832  -0.77210575518350877  11.5168580550027
1128    -16.867196633731904  -2.0774827721649838  13.505433039430249
1129    -17.448421016765796  -1.6076822476067678  13.04563523918282
1130    -15.436586626942454  -2.1083780819362019  11.51954599842823
1131    -16.004986637814227  -1.6370512219775051  11.02305651865943
1132    -16.918334526416565  -0.41194294014782235  13.356442263474534
1133    -16.978985570618722  -0.025779559586159743  13.293247730799527
1134    -15.504112081964047  -0.42935526890000514  11.35604735157683
1135    -15.5644394303909  -0.03473261640938996  11.287304062252332
1136    -17.83922396601454  -0.88395416934687088  12.740213722211017
1137    -17.978086330974204  -0.023884108921376872  12.628631408428189
1138    -16.388686328637252  -0.90571987032845891  10.691063008421475
1139    -16.525626293454863  -0.034091751088659313  10.568889555463347
1140    -16.907362115042087  0.36804576449331894  13.350001845150382
1141    -16.72242560873627  0.71959719727089433  13.49533014080067
1142    -15.492276639457021  0.36993792011125287  11.350061149910344
1143    -15.306233977799746  0.73435756367349536  11.510870945451323
1144    -17.82611917211651  0.84078280313716813  12.731518165297244
1145    -17.424291125293308  1.5742587995119155  13.029621642153927
1146    -16.375639654090389  0.84404274032271565  10.68231664519071
1147    -15.980936470521929  1.5892645278330919  11.00697549107019
1148    -16.454786284298009  0.94758289687672925  13.732777027562674
1149    -15.038283253502591  0.97134572172637612  11.768457017572503
1150    -16.837474707721167  2.0592816032183503  13.483600688721769
1151    -15.407168009702119  2.0823415765560336  11.49734510608411
1152    -13.196986342250565  1.0892835765477795  10.215904792409948
1153    -12.885137836516142  1.0130533346150268  10.538371916357386
1154    -12.632200760871454  0.79451125258542576  10.805235445875326
1155    -11.56838201733763  1.1145598706205757  8.4516872408297772
1156    -11.263039548481526  1.0369897355593154  8.7940419377716079
1157    -11.015898583362954  0.81334070391662194  9.0762433887572449
1158    -13.2193055879233  2.289067332308083  10.213303335861209
1159    -12.571328492625383  2.1359556180978578  10.830116485209086
1160    -12.016763447776645  1.6629850424076844  11.359290529579715
1161    -11.592596764661149  2.3143000258903923  8.4455875813954258
1162    -10.968057185572892  2.1613525405746929  9.0993664259508957
1163    -10.43336238248618  1.6845973777793097  9.6606776304968101
1164    -12.464402026673083  0.44474884974235596  10.976801112829163
1165    -12.40271541453559  0.041952819143150522  11.049149790128382
1166    -10.8522127364591  0.45651654179323875  9.2588905997550448
1167    -10.792751387499214  0.045826235614763983  9.3345368603153176
1168    -11.641771649454913  0.92483877277637971  11.714645232989222
1169    -11.506137243740136  0.043658079841804469  11.846754746222654
1170    -10.070811904464161  0.93984462147218084  10.038664817279207
1171    -9.9401156964143116  0.048976773209568891  10.178931585785129
1172    -12.478421572835995  -0.37261265529304188  10.985214706246875
1173    -12.666543514491492  -0.74755911865424129  10.815159881997094
1174    -10.865455532880143  -0.37749123640489235  9.2660025098049577
1175    -11.049152255677731  -0.76217312488614808  9.082527663474993
1176    -11.653047785783286  -0.84590238905919024  11.72397780671951
1177    -12.037967577271436  -1.6019289312809619  11.376354130543804
1178    -10.081475170401212  -0.8510295915666769  10.048715965577241
1179    -10.453452963035325  -1.6161761530227621  9.6790351493280973
1180    -12.935438730333059  -0.99298544533149868  10.541512026104176
1181    -13.255277445186637  -1.089639710450689  10.216491976466729
1182    -11.313667574626304  -1.0151104126679629  8.7930187463554841
1183    -11.628007648092566  -1.1150391283219878  8.448452921419122
1184    -12.598492759187673  -2.1033770271721859  10.853575482803882
1185    -13.250091747736978  -2.2894318856454556  10.238095833596734
1186    -10.993715521359794  -2.1247940641809948  9.1246373031064625
1187    -11.621770607127242  -2.3147871162004847  8.4722408364495791
1188    -13.564815797341112  -1.0140903862867432  9.8911248649058123
1189    -13.815345631051823  -0.79584278773659678  9.620803371557999
1190    -11.934558364335791  -1.0377992801172633  8.1075574108136195
1191    -12.182814573450916  -0.81420496992729685  7.826316131665263
1192    -13.897420367032101  -2.1367004438511916  9.6198081600349568
1193    -14.450531126536747  -1.6636663048929097  9.0884959320362526
1194    -12.245642609074855  -2.1618980229773617  7.8173924649466304
1195    -12.778793563245163  -1.6848282704120487  7.2546308053039796
1196    -13.983143488625341  -0.44533460458880952  9.4484773643733586
1197    -14.044763135203187  -0.042041869223710046  9.3758634911367764
1198    -12.348230136642909  -0.45676518655766102  7.6452561452391077
1199    -12.409437343445958  -0.045628464960511012  7.5715530126077271
1200    -14.824718647513603  -0.92489078556379922  8.7319519313347804
1201    -14.959693814425064  -0.042914129614275411  8.5994850660796995
1202    -13.140342213600107  -0.93942434972612909  6.8758823807687586
1203    -13.270225881829692  -0.047914923390126173  6.7354681698465146
1204    -13.97024924844095  0.37315059168184617  9.44238447118558
1205    -13.783440256729115  0.74885756612369947  9.615561046655376
1206    -12.334404402521132  0.3781713595582355  7.638449032993047
1207    -12.148661122420489  0.76325110410797525  7.8206035363374031
1208    -14.811943650091346  0.84736147732238332  8.7229215279571939
1209    -14.426928626527276  1.6034688733589664  9.0719409672398417
1210    -13.128233745599733  0.85254621079094184  6.8662062716643169
1211    -12.756428435113072  1.6175836270728605  7.2368785721403048
1212    -13.515663799554167  0.99359204379568133  9.8902833342252965
1213    -11.883536635340477  1.0154207050009825  8.10870437267398
1214    -13.868695820249272  2.1039528539326828  9.5967239141112977
1215    -12.218467943839302  2.1251539965400568  7.7925847014523004
1216    -9.8387839515815241  1.1392646219261975  6.7861068794245503
1217    -9.547306848066226  1.0600401880059269  7.1414826252389414
1218    -9.3085808647198967  0.83190047383333776  7.4373287200176295
1219    -8.0168626719642155  1.1626406098579367  5.2221980371625873
1220    -7.7418325501436858  1.0802018962589568  5.5884029906548882
1221    -7.514103164923557  0.84601151873677249  5.895701888031974
1222    -9.8620201520938497  2.3390153099905096  6.7784955708711339
1223    -9.2658792402616772  2.1830258628895369  7.4654960353002009
1224    -8.7561467101701531  1.6999551425145902  8.0547997964724409
1225    -8.038850600388308  2.3624036066409251  5.2129631817809212
1226    -7.4743284961642527  2.2018550146318545  5.929870719666166
1227    -6.9927783794199998  1.7109515535545179  6.543852491047323
1228    -9.151160520824801  0.46781367548559688  7.6297724744851765
1229    -9.0936224877776244  0.045456263543556322  7.7091707717977656
1230    -7.3647433023898987  0.47546287608709442  6.0960727219458208
1231    -7.3109235636081022  0.042239150303909401  6.1773535919872744
1232    -8.4118263916580904  0.9476869981946654  8.450815912006675
1233    -8.2876189402999891  0.049740916286051887  8.5981608358384047
1234    -6.6687573523623938  0.95196354696688146  6.9556250114386913
1235    -6.5531077896405829  0.047734757157354674  7.1077755667015508
1236    -9.1631040213086212  -0.38927830352984583  7.6365510779743282
1237    -9.3383684149820851  -0.78032384307221947  7.4430924019976539
1238    -7.3757401034427721  -0.4022046913958422  6.1030834532782157
1239    -7.5411297861457394  -0.79790606157193711  5.9020758460822957
1240    -8.4216469919682559  -0.85755376404980921  8.4619483763512058
1241    -8.7746313164995655  -1.6304169089077138  8.0751738484874345
1242    -6.6777277294966195  -0.86519018285317784  6.9679660953937308
1243    -7.0096418964314511  -1.644111855227955  6.5664976833740081
1244    -9.5935571722610842  -1.0377263005478428  7.141133740150905
1245    -9.8939983468791386  -1.1397655420302417  6.7843189561666213
1246    -7.7840704908644973  -1.0593578711333491  5.5895422665842247
1247    -8.0676912757436874  -1.163091820836101  5.2223533506279507
1248    -9.289512935478502  -2.1459589893218536  7.493375325121054
1249    -9.8888670358496622  -2.3395215237386879  6.8079536671608114
1250    -7.4959331922260803  -2.1661532580252052  5.9606324725138329
1251    -8.0633769233621848  -2.3628604279665786  5.2455196129012105
1252    -10.189414847247557  -1.0605962569945269  6.4330347439710511
1253    -10.432017591285051  -0.83227242122561795  6.1408073843417368
1254    -8.3481204200991606  -1.0806280862838096  4.8610873059159054
1255    -8.581216558920941  -0.84620971225037367  4.5582807348791796
1256    -10.4843419893472  -2.1833709973324993  6.1201771867926471
1257    -10.992557175883952  -1.6998252370783109  5.529905580010638
1258    -8.6273496553346121  -2.2020249963744987  4.5280006745115031
1259    -9.1075239011628675  -1.7105797564286078  3.9134047714338074
1260    -10.592462509805275  -0.46764954661783664  5.9512994615099082
1261    -10.653058329741025  -0.044901173829707937  5.8751367357628306
1262    -8.7342639457738205  -0.47519111712376261  4.361103796725053
1263    -8.7918214918467594  -0.041618463863976232  4.2832603989456661
1264    -11.335791803981698  -0.94695119948752893  5.133413763525934
1265    -11.459126719107381  -0.048489421179655809  4.9860830612923399
1266    -9.4304838884172391  -0.9510404484835927  3.5013715654799329
1267    -9.5453094318528553  -0.04643116475448248  3.3493263744153108
1268    -10.578587700112484  0.39013145492321005  5.9436535665351409
1269    -10.398655437562702  0.78128947034791607  6.1331942279741698
1270    -8.7206714941103893  0.40311560945623726  4.3528669425974211
1271    -8.5493085697073603  0.79882053608903503  4.5492626646235692
1272    -11.324658415902228  0.85909900249109428  5.1227581179375123
1273    -10.972004606654798  1.6317497017892566  5.5102931430153319
1274    -9.4203193596494597  0.86669934339984767  3.4896464006015044
1275    -9.0887714496182106  1.645378120708153  3.8917521649947986
1276    -10.141491804903016  1.0379129387685395  6.4322283876175037
1277    -8.30361477603617  1.0594871405997426  4.8583270346389842
1278    -10.459314887961723  2.1462310662924353  6.0928807861133087
1279    -8.60446069822585  2.1663758144212144  4.4979789070435912
1280    -6.1126986272527093  1.1843593428312287  3.7583135802771639
1281    -5.8571711447852328  1.0989548792557611  4.1314932858822502
1282    -5.6422645491162342  0.85960059500566888  4.449701797563173
1283    -4.1332356576611629  1.204511124837375  2.3976621927148267
1284    -3.8992602156959864  1.1150742274894916  2.7758830710863003
1285    -3.6992258107273397  0.86948935271556316  3.1030676177246441
1286    -6.1323182698152117  2.3841629985256274  3.7491433160124732
1287    -5.6020374467293603  2.2177803561217839  4.4930649478136662
1288    -5.1510072928012747  1.7184289702373792  5.1286791884603344
1289    -4.1505689207946475  2.4043527369646505  2.3887367349134023
1290    -3.6567745553861508  2.2311048203792607  3.1564762335838772
1291    -3.2385095408133582  1.7222742859010152  3.8105267164493819
1292    -5.5024523994586128  0.48273878337591719  4.6573749030023848
1293    -5.4523955994003739  0.037573598178151271  4.7413483707841841
1294    -3.5704918573949209  0.48708569140244723  3.3165042898208017
1295    -3.5257284795093562  0.030750366086808312  3.4016316504745121
1296    -4.8498636001003872  0.95254633954288637  5.5528420943312273
1297    -4.7430881729446472  0.043732214266308973  5.709261781142553
1298    -2.9616098510152717  0.95025983138292447  4.2448831714532185
1299    -2.8650752279716385  0.03762317092255435  4.4033751534664178
1300    -5.5122553673414441  -0.41740555994151385  4.6649543531852204
1301    -5.6656778437957058  -0.81608285276250814  4.4580919519475337
1302    -3.5793515612472988  -0.43331799517558861  3.324529462781749
1303    -3.7195269171433099  -0.83352509736429925  3.113227976298397
1304    -4.8581267318610202  -0.8730315467029397  5.5662891799931868
1305    -5.1664861193291385  -1.6570516740948844  5.153454096205472
1306    -2.9693799085494481  -0.88156871616175847  4.2592399272772674
1307    -3.2530320191519322  -1.6692766037272184  3.837038676523298
1308    -5.8939664987180755  -1.0798845284391052  4.1366636237442398
1309    -6.1574254777587027  -1.1847353499916113  3.7633992774783813
1310    -3.93124075902786  -1.0992442562470048  2.7848096502166504
1311    -4.1726151689885365  -1.2047795667401877  2.4073746244679723
1312    -5.6219722216901022  -2.1850320011965789  4.5264303092585116
1313    -6.1548244471680462  -2.3845421587840172  3.7846156949431018
1314    -3.6755510209521782  -2.2027541375266133  3.1919737605124974
1315    -4.1716498336449321  -2.404625565153375  2.4265748385172357
1316    -6.4200321544117092  -1.099181050411546  3.3959355681239796
1317    -6.6420270597919444  -0.85947069892346162  3.083024934737526
1318    -4.415519065143366  -1.1151671673344845  2.0355307945315295
1319    -4.6245324242863539  -0.86919730359389225  1.7143336428556473
1320    -6.684659205902217  -2.2177572502956715  3.0402464286141786
1321    -7.1345203733206084  -1.7178011475713748  2.4043293785254134
1322    -4.6651522012656841  -2.2308884017066988  1.6585061208261425
1323    -5.0825058723991035  -1.7214186581419257  1.0044188003033525
1324    -6.7863403029846765  -0.48219820426584992  2.8789066684691287
1325    -6.840922054733678  -0.036790618937602701  2.7987153503830866
1326    -4.7588328490910445  -0.48643294285848071  1.5047701384812893
1327    -4.8091601317881718  -0.029952458914974223  1.4237269900969229
1328    -7.4346956944108271  -0.9514595844024889  1.9801134268994303
1329    -7.5407073940094813  -0.042388758594946438  1.8239137441459812
1330    -5.358590676236421  -0.94904625696844813  0.57020512804945622
1331    -5.4544826809093774  -0.03628530630174575  0.41203597865138852
1332    -6.7732549088166385  0.41836271458159424  2.8698578837328887
1333    -6.612336201501245  0.8169564176208538  3.0714544426831485
1334    -4.7460549724773946  0.43426946036116199  1.495099777280041
1335    -4.5966596170365692  0.83440126536483938  1.7005914372896829
1336    -7.4253886370325812  0.87451007291861993  1.9674053243283349
1337    -7.1173774239848271  1.6582648752400513  2.3807559821062982
1338    -5.3499310576844694  0.88299676201301447  0.55671061170255587
1339    -5.0665523601456712  1.6704425027895258  0.97931766173783275
1340    -6.3802746368342103  1.0800233988654613  3.3888634197141081
1341    -4.3799329270629519  1.0994306647536913  2.0244889477242585
1342    -6.6635859556467505  2.1852489332385332  3.0077614703030826
1343    -4.6453871847410486  2.2029826618418005  1.6240296071572728
1344    2.8480905097617879  1.2485419507793321  1.0885203156608827
1345    3.1695221231946293  1.1498875637145887  0.77327269207456406
1346    3.441549761180017  0.88179312380887953  0.50148912567183979
1347    2.3484118595226082  1.3219073509030801  -0.40655587859826836
1348    2.7927355828607783  1.218488433679183  -0.61896582793080179
1349    3.1703336234597179  0.93276561136641301  -0.7963825361537562
1350    2.1014462830330958  2.4307597736073987  1.1672320362151014
1351    2.9696630139106124  2.2926865680147337  0.38944144244362533
1352    3.5416561022084156  1.7553828702312859  -0.17759395677777645
1353    -0.00075001032231103437  2.4708441408788864  0.07214668480818931
1354    1.7103516675415309  2.4024587212849422  -0.70661692825608813
1355    2.9020183064146767  1.8699700263052832  -1.1817439528874982
1356    3.6286685879457696  0.48098978763091638  0.33358181479598026
1357    3.6931597318600899  0.0067296778311776786  0.26908284333109567
1358    3.4223643679016784  0.50555615014665067  -0.91162080409772461
1359    3.5129205905847583  0.0032679439065567695  -0.95007890774125947
1360    4.0182130008791095  0.94638481363877491  -0.54052338774204856
1361    4.1339676173574365  0.0043955909902564649  -0.66449359098384075
1362    3.7174277722188456  0.9989914976793195  -1.4267547065919499
1363    3.9901975689993954  -0.00026216104835530274  -1.4714397624140512
1364    3.6320155414508726  -0.47021745846178054  0.34007865332924531
1365    3.4466952636828112  -0.87669187202610921  0.51589227814941785
1366    3.4232812349582988  -0.50100245751098038  -0.90701674645691921
1367    3.1716413354676485  -0.93097630738551951  -0.78684212358494765
1368    4.0189194360815774  -0.9530101381045476  -0.5315141390431789
1369    3.5545326598644031  -1.749290785647601  -0.16269884149139452
1370    3.7088312799607004  -1.0291792471658616  -1.419355594587171
1371    2.908985661020254  -1.8702031234916177  -1.1722018080060179
1372    3.1770759694367738  -1.1482359760808643  0.79680513566498257
1373    2.8581123526783609  -1.2482762307636404  1.1182384305591953
1374    2.7946385522927741  -1.2181246160384505  -0.60336429093209931
1375    2.350808953828496  -1.3217991211388394  -0.38681727379934505
1376    2.9947748358659232  -2.2745127199258528  0.40017455800419716
1377    2.1184974953187856  -2.4308024968013462  1.1849895680547864
1378    1.7325428187992851  -2.3730099308972283  -0.70347973787888307
1379    -0.00027219018461988043  -2.4708166372088103  0.093255426649345274
1380    2.5444075418297456  -1.1493045094736638  1.4388155988390852
1381    2.280648272871785  -0.8806716966818996  1.7161757008358762
1382    1.9094102406328921  -1.2180275994517997  -0.17080117687143204
1383    1.5359735334906897  -0.93164651158244782  0.01083591416834917
1384    1.794652972823465  -2.2486773063699874  2.2213094764457995
1385    1.5069735989373023  -1.7000739753531799  2.8826737959498021
1386    0.00027211276679794949  -2.2804825613246416  1.6459984782129915
1387    0.00025632981059597881  -1.6915183746438796  2.5672762473009776
1388    2.0981859995338681  -0.47903137851174543  1.8863726402445975
1389    2.0375660241142386  -0.0045223262690533561  1.9520140819095841
1390    1.2870858329334725  -0.50318554266224436  0.12813247627880414
1391    1.1978983912095444  -0.00021645465807956787  0.16646130356707312
1392    1.3354590026843345  -0.88866278918674446  3.3415537687218246
1393    1.2535161282964626  0.00078245815915493899  3.4587384678301309
1394    0.00014993185097800232  -0.84719447418199323  3.0585071804588604
1395    -3.0525252125990221e-05  0.015537713608233861  3.1438972855469354
1396    2.0908632023338103  0.47222889194260181  1.8757241884050044
1397    2.2679144558868733  0.87876716968998714  1.6942571350571796
1398    1.2843540595065708  0.50391180842446204  0.12017912617489987
1399    1.5317159127722852  0.9336380398100077  -0.003906194672965102
1400    1.3299372156612028  0.89112240780461749  3.3301314734472403
1401    1.4965330811664808  1.7019955086087368  2.8617019972196656
1402    -0.00014166987265318287  0.87692578107682817  3.0451007225898752
1403    -0.00028505015799717981  1.7139831614764383  2.542782034590001
1404    2.5329974063104963  1.1493528756086213  1.4110191878216107
1405    1.9058343292492832  1.2193243746343527  -0.18982845297984524
1406    1.7798202053869967  2.2476986023813428  2.1972732958017067
1407    -0.00068038871593256722  2.2887859483200685  1.6151667657656301
1408    -2.8381788072121692  1.248409837399882  1.0981536762494106
1409    -2.5266948675124206  1.155053464271756  1.420244611972683
1410    -2.2665938344174483  0.89221625840929664  1.7007695831102212
1411    -2.3416619353561368  1.3218499491968694  -0.40052464875612648
1412    -1.9013144436673113  1.222049921366019  -0.18410890050252177
1413    -1.5297917281915021  0.9394362054925478  0.00021125031274749073
1414    -2.1030948417927622  2.4308833731087791  1.1545996090661503
1415    -1.7812524976003732  2.2580580499333296  2.1890381055857282
1416    -1.497011970350056  1.7210691206690458  2.8589296881362856
1417    -2.0911062707547354  0.49457293880422443  1.8779731406128024
1418    -2.0376225541519584  0.022027697600816139  1.9520877703851336
1419    -1.2838344612855703  0.51363383804200613  0.12229481628817268
1420    -1.1979143130526633  0.011959291397315885  0.16650983824554777
1421    -1.3301981407813863  0.91592043062468653  3.3287005544626713
1422    -1.2535829624223633  0.028295294074696137  3.4587781217723252
1423    -2.0979248419494665  -0.45671369754385671  1.8843295835474678
1424    -2.2818663111185438  -0.86705813280325716  1.7099595729463728
1425    -1.2875256422946091  -0.49340217427696348  0.12621575310177849
1426    -1.5378630601216308  -0.92583097925438329  0.0068973192217217094
1427    -1.3352090293004841  -0.86379066078553868  3.3431282571865917
1428    -1.5065458407627059  -1.6809304722221829  2.8855249662835361
1429    -2.5512499425556947  -1.1436609602175898  1.4291088918172048
1430    -2.8691892632575478  -1.2485908051978434  1.1072548017684229
1431    -1.9146928997421724  -1.2154783248506402  -0.17692562792911376
1432    -2.3589735498159756  -1.3219635539682608  -0.39373869325225275
1433    -1.7939033684949277  -2.2383838522787753  2.2284792904845587
1434    -2.1183308446272071  -2.4307191238507544  1.1955339704555321
1435    -3.1876677690902153  -1.1549175907269129  0.79006503238472847
1436    -3.455142431741844  -0.8917021039725993  0.51489364763081047
1437    -2.8021440969679654  -1.2216802030824201  -0.60725973958536239
1438    -3.1771974947697235  -0.93866977196470169  -0.78739069491947244
1439    -2.9884930695002923  -2.3006541387311317  0.41285422506408809
1440    -3.5549765609415176  -1.7709182371396652  -0.15919328239000535
1441    -1.7210216293966658  -2.4071190945481007  -0.69220763490646442
1442    -2.9105622982323105  -1.8798122990618027  -1.1703876177558432
1443    -3.6356191579340997  -0.4943168501521209  0.34085783305456702
1444    -3.6932091810171248  -0.022039474440482154  0.26909689251579499
1445    -3.4259687149419129  -0.51354948971692993  -0.90674298771958595
1446    -3.5129396710032044  -0.012361086894930762  -0.95006588843475592
1447    -4.0254519486976337  -0.96584597525440197  -0.53082504254331564
1448    -4.1340023372880523  -0.026175683361658847  -0.66447798388167489
1449    -3.7222166054032133  -1.010895133537433  -1.4208673008771262
1450    -3.9902137134071203  -0.013170457491324505  -1.4714338692243318
1451    -3.6251138139901165  0.45685117338151576  0.33286494251741749
1452    -3.4331163257032893  0.86700864125417598  0.50257060863705783
1453    -3.4196379483271144  0.49307781176799986  -0.91180294873145096
1454    -3.1648221792614151  0.92514046480471002  -0.79578364961864034
1455    -4.011599732433492  0.93354445745303849  -0.54122014235030635
1456    -3.5412232222969622  1.7338543120161023  -0.18105822412687167
1457    -3.7038916051683337  1.0171086460659566  -1.425428721252465
1458    -2.9004487606795095  1.8604035046582221  -1.1835478368805663
1459    -3.1595420448331764  1.1434034404329734  0.7793425173363544
1460    -2.7860457243455921  1.2149091395600953  -0.61555553212314762
1461    -2.97689234484278  2.2666389986827435  0.37524286729290779
1462    -1.7232394668258639  2.3685790930444468  -0.71875863522130612
1463    2.0809178036018809  1.3930596416804231  -2.1289846820312777
1464    2.595532917893324  1.2835275985990422  -2.2126006746036135
1465    3.0359174822051584  0.98398412270680735  -2.2787200466211601
1466    2.0250000000000004  1.425  -4
1467    2.5696812902054083  1.3151730618618322  -3.9999999999999991
1468    3.0326271631908339  1.0076271631908267  -4
1469    -0.00026513506395822034  2.5588175831254878  -1.9750724082545617
1470    1.5484114433778198  2.482978745181343  -2.2379038974141623
1471    2.7889088653686045  1.9975180030506468  -2.348917092357329
1472    8.3266726846886741e-16  2.6000000000000005  -4
1473    1.4656819677987714  2.5081350508307869  -3.9999999999999991
1474    2.8344406616862479  2.0611295686741871  -4.0000000000000036
1475    3.3237246219337733  0.53149935586796171  -2.3272368291129832
1476    3.431884098303263  0.00050936477819635284  -2.3373635294545911
1477    3.3402239602930792  0.54459534265517529  -3.9999999999999991
1478    3.4499999524359533  -0.00036818136198918383  -4
1479    3.8769067002916784  1.1216011075893617  -2.444372489531442
1480    4.3774355493775152  -0.0011624389636574195  -2.4396650377643763
1481    4.0583693458889636  1.2128287655877337  -4.0000000000000009
1482    4.6499997274408118  -0.00089020958047192345  -4.0000000000000044
1483    3.3238446691276651  -0.53086908812143974  -2.3254713870489061
1484    3.0359112623936859  -0.98409119419869251  -2.2750230138494092
1485    3.3400170742131472  -0.54519586078463678  -4
1486    3.0322467847377608  -1.0080073981055166  -3.9999999999999991
1487    3.8712762222306041  -1.1383641405177416  -2.4415004399338498
1488    2.7899123716172727  -1.9987612955879686  -2.3458010327261865
1489    4.0573266464446789  -1.2142367120386519  -3.9999999999999996
1490    2.8327238484174484  -2.0618673313208689  -3.9999999999999982
1491    2.5955521099238941  -1.2838908217780964  -2.2064575100221808
1492    2.0808574390199861  -1.3930330819159955  -2.1213574139549976
1493    2.5691773218085934  -1.3154240695899106  -4.0000000000000009
1494    2.0242636373005896  -1.424999809743837  -4.0000000000000036
1495    1.5577582157754659  -2.4688219190795921  -2.2400753199020427
1496    -0.0011995949704303177  -2.5588221991278197  -1.9703430598773513
1497    1.4641961978326097  -2.5084938847797504  -4.0000000000000018
1498    -0.0015665957974846378  -2.5999998524458752  -3.9999999999999964
1499    1.5668367107695629  -1.2832418845411926  -2.0359759362101131
1500    1.1278205750793309  -0.98326736032765671  -1.9677839614092938
1501    1.4794744647212337  -1.3148716438032602  -3.9999999999999978
1502    1.0167324712088652  -1.0069863903675302  -3.999999999999992
1503    -0.00077216663736731118  -2.1002907892871807  -1.095940912950826
1504    -0.00062478125811768481  -1.4424443240482472  -0.53727140726213074
1505    -0.0013707713227918833  -1.9499998708901358  -3.9999999999999987
1506    -0.0011749468481079273  -1.2999998893344036  -3.9999999999999964
1507    0.84127726354186982  -0.53014961882015843  -1.9179938508618344
1508    0.73351587569897292  0.0011169310731463933  -1.9076876077254716
1509    0.70943465536469019  -0.54383567203376226  -3.9999999999999996
1510    0.60000042807634979  0.0011045439876533059  -3.9999999999999982
1511    -0.00053990097365610437  -0.72291089040692491  -0.3276947555735642
1512    -0.00049205026093920509  0.0058266868985621945  -0.32103851791989724
1513    -0.00097912237342332939  -0.64999990777866667  -3.9999999999999996
1514    -0.00078329789873851641  7.3777067566282994e-08  -3.999999999999992
1515    0.84104126140207691  0.53245777541113037  -1.9211659699676176
1516    1.1277972333614608  0.98551286514550496  -1.9735459039376062
1517    0.71035977884009704  0.54590082979490417  -4
1518    1.0182741171477196  1.0085276380919339  -4.0000000000000018
1519    -0.00041156394173799422  0.73443036906722758  -0.33286709621362132
1520    -0.00034719545494496518  1.4508687077014017  -0.54645673702875253
1521    -0.00058747342405372077  0.65000005533279914  -4.0000000000000018
1522    -0.00039164894936905004  1.3000000368885338  -4.0000000000000036
1523    1.5668122150715755  1.2844579723244873  -2.0435640011565575
1524    1.4807760086518333  1.3155555775912062  -4.0000000000000009
1525    -0.00038759449734228693  2.1030292939846476  -1.106913369608387
1526    -0.00019582447468446951  1.9500000184442645  -4
1527    -2.0787522025320282  1.3930427409668535  -2.1267358566962624
1528    -1.5649980448197538  1.28480589015374  -2.0413423165067015
1529    -1.1265239838239818  0.98630271505289813  -1.9719965750363073
1530    -2.0250000000000004  1.425  -3.9999999999999987
1531    -1.4803187097945938  1.3151730618618316  -3.9999999999999982
1532    -1.0173728368091728  1.0076271631908271  -3.9999999999999947
1533    -0.84055681512856228  0.53424893010000807  -1.9203647000978421
1534    -0.73351860824934123  0.003293203809287229  -1.9076670971684
1535    -0.7097760397069186  0.54459534265517495  -4.0000000000000027
1536    -0.60000004756403713  -0.00036818136199090468  -4.0000000000000044
1537    -0.84171267624611945  -0.52837044247049614  -1.9187113671941478
1538    -1.1291634941617192  -0.98255968735096544  -1.9692678115880402
1539    -0.70998292578685618  -0.545195860784637  -4
1540    -1.0177532152622453  -1.0080073981055166  -4
1541    -1.5695022737742581  -1.2830723569966098  -2.0383584950997133
1542    -2.084488569402847  -1.3930835027377035  -2.1239442376975415
1543    -1.4808226781914056  -1.3154240695899104  -4
1544    -2.0257363626994032  -1.4249998097438379  -3.9999999999999991
1545    -2.5989628622430394  -1.2844198357699772  -2.2079473678454913
1546    -3.0383549908746237  -0.98551408493873649  -2.2752554524939406
1547    -2.5705255352787688  -1.3148716438032586  -3.9999999999999996
1548    -3.0332675287911375  -1.0069863903675227  -4.0000000000000018
1549    -1.5541727037495889  -2.4842908557634558  -2.234634021699244
1550    -2.7927620977323517  -2.0002576146715505  -2.3452834441679205
1551    -1.4676515337600744  -2.5078883686940503  -3.9999999999999973
1552    -2.8361778125062784  -2.0603823423127392  -3.9999999999999947
1553    -3.325037814191524  -0.5337287565621347  -2.3253127760546093
1554    -3.4318887111750582  -0.0030146190545912582  -2.3373554035728072
1555    -3.3405653446353107  -0.54383567203376137  -4.0000000000000009
1556    -3.4499995719236471  0.0011045439876523067  -4.0000000000000071
1557    -3.8791940448747559  -1.1245692201060657  -2.4424519134234699
1558    -4.3774382153892102  -0.0019344810284199765  -2.43966382529198
1559    -4.0594466834957181  -1.2113072330988146  -3.9999999999999991
1560    -4.6499972003962675  0.0028530546176908089  -3.9999999999999991
1561    -3.322496063415  0.52862737904285428  -2.3273505219180657
1562    -3.0335688986881957  0.98249651557207862  -2.278467460558574
1563    -3.3396402211599003  0.54590082979490506  -4.0000000000000009
1564    -3.0317258828522693  1.0085276380919375  -4.0000000000000071
1565    -3.868808712134058  1.135336324631838  -2.44351790462576
1566    -2.7860545797038299  1.996034088449939  -2.3494341157595211
1567    -4.056050439600912  1.2158164779042959  -4
1568    -2.8309751567054415  2.0626180624716053  -4.0000000000000009
1569    -2.5929929090895376  1.2828724738217379  -2.2113023500952989
1570    -2.5692239913481689  1.3155555775912064  -3.9999999999999969
1571    -1.5537251233546383  2.4675523825037553  -2.2437822915995982
1572    -1.4639780289692572  2.5086068543919917  -3.9999999999999987
1573    2.0250000000000004  1.4250000000000003  -6
1574    2.5696812902054069  1.3151730618618327  -6
1575    3.032627163190829  1.0076271631908305  -6
1576    2.0250000000000004  1.4250000000000003  -8
1577    2.5696812902054065  1.3151730618618325  -8
1578    3.0326271631908277  1.0076271631908289  -8
1579    4.4408920985006262e-16  2.6000000000000001  -6
1580    1.4656819677987696  2.5081350508307878  -6
1581    2.8344406616862408  2.0611295686741906  -6
1582    4.4408920985006262e-16  2.6000000000000001  -8
1583    1.4656819677987696  2.5081350508307878  -8
1584    2.8344406616862412  2.061129568674188  -8
1585    3.340223960293081  0.54459534265517495  -6
1586    3.4499999524359604  -0.00036818136198979445  -6
1587    3.340223960293081  0.54459534265517495  -8
1588    3.4499999524359604  -0.00036818136198979445  -8
1589    4.058369345888968  1.212828765587735  -6
1590    4.6499997274408278  -0.00089020958046903687  -6
1591    4.0583693458889671  1.2128287655877343  -8
1592    4.6499997274408278  -0.0008902095804717014  -8
1593    3.340017074213145  -0.54519586078463689  -6
1594    3.0322467847377563  -1.0080073981055171  -6
1595    3.3400170742131445  -0.545195860784637  -8
1596    3.0322467847377563  -1.0080073981055175  -8
1597    4.0573266464446798  -1.2142367120386528  -6
1598    2.8327238484174568  -2.0618673313208697  -6
1599    4.0573266464446807  -1.2142367120386526  -8
1600    2.8327238484174595  -2.0618673313208684  -8
1601    2.5691773218085956  -1.3154240695899106  -6
1602    2.0242636373005967  -1.4249998097438388  -6
1603    2.5691773218085951  -1.3154240695899111  -8
1604    2.0242636373005953  -1.4249998097438397  -8
1605    1.4641961978326101  -2.5084938847797482  -6
1606    -0.001566595797480419  -2.5999998524458694  -6
1607    1.4641961978326088  -2.5084938847797487  -8
1608    -0.0015665957974859701  -2.599999852445869  -8
1609    1.4794744647212337  -1.3148716438032595  -6
1610    1.0167324712088659  -1.0069863903675262  -6
1611    1.4794744647212335  -1.3148716438032597  -8
1612    1.0167324712088655  -1.0069863903675262  -8
1613    -0.0013707713227922131  -1.9499998708901352  -6
1614    -0.0011749468481078167  -1.2999998893344009  -6
1615    -0.0013707713227922723  -1.9499998708901356  -8
1616    -0.001174946848107707  -1.299999889334402  -8
1617    0.70943465536469119  -0.54383567203376204  -6
1618    0.60000042807635268  0.001104543987653861  -6
1619    0.70943465536469119  -0.54383567203376215  -8
1620    0.60000042807635234  0.0011045439876535834  -8
1621    -0.00097912237342309694  -0.6499999077786679  -6
1622    -0.00078329789873849602  7.3777065512370399e-08  -6
1623    -0.00097912237342305444  -0.64999990777866756  -8
1624    -0.00078329789873849689  7.377706690014918e-08  -8
1625    0.71035977884009738  0.54590082979490484  -6
1626    1.0182741171477208  1.0085276380919361  -6
1627    0.71035977884009727  0.54590082979490484  -8
1628    1.0182741171477203  1.0085276380919361  -8
1629    -0.00058747342405385261  0.65000005533279903  -6
1630    -0.00039164894936905004  1.3000000368885329  -6
1631    -0.00058747342405386649  0.65000005533279914  -8
1632    -0.00039164894936910533  1.3000000368885329  -8
1633    1.4807760086518331  1.3155555775912051  -6
1634    1.4807760086518327  1.3155555775912049  -8
1635    -0.00019582447468449032  1.9500000184442661  -6
1636    -0.00019582447468466371  1.9500000184442652  -8
1637    -2.0250000000000004  1.4250000000000003  -6
1638    -1.4803187097945933  1.3151730618618327  -6
1639    -1.0173728368091697  1.0076271631908316  -6
1640    -2.0250000000000004  1.4250000000000003  -8
1641    -1.4803187097945929  1.3151730618618329  -8
1642    -1.0173728368091679  1.0076271631908329  -8
1643    -0.70977603970691983  0.54459534265517462  -6
1644    -0.60000004756404191  -0.0003681813619900165  -6
1645    -0.70977603970692016  0.54459534265517462  -8
1646    -0.60000004756404257  -0.00036818136198968343  -8
1647    -0.70998292578685618  -0.54519586078463711  -6
1648    -1.0177532152622448  -1.0080073981055171  -6
1649    -0.70998292578685607  -0.545195860784637  -8
1650    -1.0177532152622444  -1.0080073981055166  -8
1651    -1.4808226781914056  -1.3154240695899106  -6
1652    -2.025736362699404  -1.424999809743839  -6
1653    -1.480822678191406  -1.3154240695899106  -8
1654    -2.0257363626994058  -1.4249998097438397  -8
1655    -2.5705255352787684  -1.3148716438032582  -6
1656    -3.0332675287911357  -1.0069863903675245  -6
1657    -2.5705255352787675  -1.3148716438032579  -8
1658    -3.0332675287911339  -1.0069863903675245  -8
1659    -1.4676515337600746  -2.5078883686940494  -6
1660    -2.8361778125062802  -2.0603823423127352  -6
1661    -1.4676515337600748  -2.507888368694049  -8
1662    -2.836177812506282  -2.0603823423127379  -8
1663    -3.3405653446353103  -0.54383567203376093  -6
1664    -3.4499995719236476  0.001104543987653972  -6
1665    -3.3405653446353094  -0.5438356720337606  -8
1666    -3.4499995719236458  0.0011045439876553598  -8
1667    -4.0594466834957199  -1.2113072330988144  -6
1668    -4.6499972003962711  0.0028530546176896987  -6
1669    -4.059446683495719  -1.2113072330988139  -8
1670    -4.6499972003962675  0.002853054617691031  -8
1671    -3.3396402211599026  0.54590082979490495  -6
1672    -3.0317258828522791  1.008527638091937  -6
1673    -3.3396402211599021  0.54590082979490484  -8
1674    -3.0317258828522791  1.008527638091937  -8
1675    -4.0560504396009085  1.2158164779042959  -6
1676    -2.8309751567054269  2.0626180624716048  -6
1677    -4.0560504396009076  1.2158164779042959  -8
1678    -2.8309751567054207  2.0626180624716044  -8
1679    -2.5692239913481667  1.3155555775912058  -6
1680    -2.5692239913481663  1.315555577591206  -8
1681    -1.4639780289692585  2.5086068543919908  -6
1682    -1.4639780289692577  2.5086068543919913  -8
# Generated by tetgen -k uterus_scaffold_2.ele 
