4992  4  0
    0       0     1     4     9
    1       0     4     3     9
    2       1     4     9    10
    3       4     3     9    12
    4       4     9    10    13
    5       4     9    13    12
    6       1     2     5    10
    7       1     5     4    10
    8       2     5    10    11
    9       5     4    10    13
   10       5    10    11    14
   11       5    10    14    13
   12       3     4     7    12
   13       3     7     6    12
   14       4     7    12    13
   15       7     6    12    15
   16       7    12    13    16
   17       7    12    16    15
   18       4     5     8    13
   19       4     8     7    13
   20       5     8    13    14
   21       8     7    13    16
   22       8    13    14    17
   23       8    13    17    16
   24       2    18    20    11
   25       2    20     5    11
   26      18    20    11    24
   27      20     5    11    14
   28      20    11    24    26
   29      20    11    26    14
   30      18    19    21    24
   31      18    21    20    24
   32      19    21    24    25
   33      21    20    24    26
   34      21    24    25    27
   35      21    24    27    26
   36       5    20    22    14
   37       5    22     8    14
   38      20    22    14    26
   39      22     8    14    17
   40      22    14    26    28
   41      22    14    28    17
   42      20    21    23    26
   43      20    23    22    26
   44      21    23    26    27
   45      23    22    26    28
   46      23    26    27    29
   47      23    26    29    28
   48      19    30    32    25
   49      19    32    21    25
   50      30    32    25    36
   51      32    21    25    27
   52      32    25    36    38
   53      32    25    38    27
   54      30    31    33    36
   55      30    33    32    36
   56      31    33    36    37
   57      33    32    36    38
   58      33    36    37    39
   59      33    36    39    38
   60      21    32    34    27
   61      21    34    23    27
   62      32    34    27    38
   63      34    23    27    29
   64      34    27    38    40
   65      34    27    40    29
   66      32    33    35    38
   67      32    35    34    38
   68      33    35    38    39
   69      35    34    38    40
   70      35    38    39    41
   71      35    38    41    40
   72      31    42    44    37
   73      31    44    33    37
   74      42    44    37    48
   75      44    33    37    39
   76      44    37    48    50
   77      44    37    50    39
   78      42    43    45    48
   79      42    45    44    48
   80      43    45    48    49
   81      45    44    48    50
   82      45    48    49    51
   83      45    48    51    50
   84      33    44    46    39
   85      33    46    35    39
   86      44    46    39    50
   87      46    35    39    41
   88      46    39    50    52
   89      46    39    52    41
   90      44    45    47    50
   91      44    47    46    50
   92      45    47    50    51
   93      47    46    50    52
   94      47    50    51    53
   95      47    50    53    52
   96      43    54    56    49
   97      43    56    45    49
   98      54    56    49    60
   99      56    45    49    51
  100      56    49    60    62
  101      56    49    62    51
  102      54    55    57    60
  103      54    57    56    60
  104      55    57    60    61
  105      57    56    60    62
  106      57    60    61    63
  107      57    60    63    62
  108      45    56    58    51
  109      45    58    47    51
  110      56    58    51    62
  111      58    47    51    53
  112      58    51    62    64
  113      58    51    64    53
  114      56    57    59    62
  115      56    59    58    62
  116      57    59    62    63
  117      59    58    62    64
  118      59    62    63    65
  119      59    62    65    64
  120      55    66    68    61
  121      55    68    57    61
  122      66    68    61    72
  123      68    57    61    63
  124      68    61    72    74
  125      68    61    74    63
  126      66    67    69    72
  127      66    69    68    72
  128      67    69    72    73
  129      69    68    72    74
  130      69    72    73    75
  131      69    72    75    74
  132      57    68    70    63
  133      57    70    59    63
  134      68    70    63    74
  135      70    59    63    65
  136      70    63    74    76
  137      70    63    76    65
  138      68    69    71    74
  139      68    71    70    74
  140      69    71    74    75
  141      71    70    74    76
  142      71    74    75    77
  143      71    74    77    76
  144      67    78    80    73
  145      67    80    69    73
  146      78    80    73    84
  147      80    69    73    75
  148      80    73    84    86
  149      80    73    86    75
  150      78    79    81    84
  151      78    81    80    84
  152      79    81    84    85
  153      81    80    84    86
  154      81    84    85    87
  155      81    84    87    86
  156      69    80    82    75
  157      69    82    71    75
  158      80    82    75    86
  159      82    71    75    77
  160      82    75    86    88
  161      82    75    88    77
  162      80    81    83    86
  163      80    83    82    86
  164      81    83    86    87
  165      83    82    86    88
  166      83    86    87    89
  167      83    86    89    88
  168      79    90    91    85
  169      79    91    81    85
  170      90    91    85    93
  171      91    81    85    87
  172      91    85    93    94
  173      91    85    94    87
  174      90     0     3    93
  175      90     3    91    93
  176       0     3    93     9
  177       3    91    93    94
  178       3    93     9    12
  179       3    93    12    94
  180      81    91    92    87
  181      81    92    83    87
  182      91    92    87    94
  183      92    83    87    89
  184      92    87    94    95
  185      92    87    95    89
  186      91     3     6    94
  187      91     6    92    94
  188       3     6    94    12
  189       6    92    94    95
  190       6    94    12    15
  191       6    94    15    95
  192       6     7    97    15
  193       6    97    96    15
  194       7    97    15    16
  195      97    96    15   102
  196      97    15    16   103
  197      97    15   103   102
  198       7     8    98    16
  199       7    98    97    16
  200       8    98    16    17
  201      98    97    16   103
  202      98    16    17   104
  203      98    16   104   103
  204      96    97   100   102
  205      96   100    99   102
  206      97   100   102   103
  207     100    99   102   105
  208     100   102   103   106
  209     100   102   106   105
  210      97    98   101   103
  211      97   101   100   103
  212      98   101   103   104
  213     101   100   103   106
  214     101   103   104   107
  215     101   103   107   106
  216       8    22   108    17
  217       8   108    98    17
  218      22   108    17    28
  219     108    98    17   104
  220     108    17    28   112
  221     108    17   112   104
  222      22    23   109    28
  223      22   109   108    28
  224      23   109    28    29
  225     109   108    28   112
  226     109    28    29   113
  227     109    28   113   112
  228      98   108   110   104
  229      98   110   101   104
  230     108   110   104   112
  231     110   101   104   107
  232     110   104   112   114
  233     110   104   114   107
  234     108   109   111   112
  235     108   111   110   112
  236     109   111   112   113
  237     111   110   112   114
  238     111   112   113   115
  239     111   112   115   114
  240      23    34   116    29
  241      23   116   109    29
  242      34   116    29    40
  243     116   109    29   113
  244     116    29    40   120
  245     116    29   120   113
  246      34    35   117    40
  247      34   117   116    40
  248      35   117    40    41
  249     117   116    40   120
  250     117    40    41   121
  251     117    40   121   120
  252     109   116   118   113
  253     109   118   111   113
  254     116   118   113   120
  255     118   111   113   115
  256     118   113   120   122
  257     118   113   122   115
  258     116   117   119   120
  259     116   119   118   120
  260     117   119   120   121
  261     119   118   120   122
  262     119   120   121   123
  263     119   120   123   122
  264      35    46   124    41
  265      35   124   117    41
  266      46   124    41    52
  267     124   117    41   121
  268     124    41    52   128
  269     124    41   128   121
  270      46    47   125    52
  271      46   125   124    52
  272      47   125    52    53
  273     125   124    52   128
  274     125    52    53   129
  275     125    52   129   128
  276     117   124   126   121
  277     117   126   119   121
  278     124   126   121   128
  279     126   119   121   123
  280     126   121   128   130
  281     126   121   130   123
  282     124   125   127   128
  283     124   127   126   128
  284     125   127   128   129
  285     127   126   128   130
  286     127   128   129   131
  287     127   128   131   130
  288      47    58   132    53
  289      47   132   125    53
  290      58   132    53    64
  291     132   125    53   129
  292     132    53    64   136
  293     132    53   136   129
  294      58    59   133    64
  295      58   133   132    64
  296      59   133    64    65
  297     133   132    64   136
  298     133    64    65   137
  299     133    64   137   136
  300     125   132   134   129
  301     125   134   127   129
  302     132   134   129   136
  303     134   127   129   131
  304     134   129   136   138
  305     134   129   138   131
  306     132   133   135   136
  307     132   135   134   136
  308     133   135   136   137
  309     135   134   136   138
  310     135   136   137   139
  311     135   136   139   138
  312      59    70   140    65
  313      59   140   133    65
  314      70   140    65    76
  315     140   133    65   137
  316     140    65    76   144
  317     140    65   144   137
  318      70    71   141    76
  319      70   141   140    76
  320      71   141    76    77
  321     141   140    76   144
  322     141    76    77   145
  323     141    76   145   144
  324     133   140   142   137
  325     133   142   135   137
  326     140   142   137   144
  327     142   135   137   139
  328     142   137   144   146
  329     142   137   146   139
  330     140   141   143   144
  331     140   143   142   144
  332     141   143   144   145
  333     143   142   144   146
  334     143   144   145   147
  335     143   144   147   146
  336      71    82   148    77
  337      71   148   141    77
  338      82   148    77    88
  339     148   141    77   145
  340     148    77    88   152
  341     148    77   152   145
  342      82    83   149    88
  343      82   149   148    88
  344      83   149    88    89
  345     149   148    88   152
  346     149    88    89   153
  347     149    88   153   152
  348     141   148   150   145
  349     141   150   143   145
  350     148   150   145   152
  351     150   143   145   147
  352     150   145   152   154
  353     150   145   154   147
  354     148   149   151   152
  355     148   151   150   152
  356     149   151   152   153
  357     151   150   152   154
  358     151   152   153   155
  359     151   152   155   154
  360      83    92   156    89
  361      83   156   149    89
  362      92   156    89    95
  363     156   149    89   153
  364     156    89    95   158
  365     156    89   158   153
  366      92     6    96    95
  367      92    96   156    95
  368       6    96    95    15
  369      96   156    95   158
  370      96    95    15   102
  371      96    95   102   158
  372     149   156   157   153
  373     149   157   151   153
  374     156   157   153   158
  375     157   151   153   155
  376     157   153   158   159
  377     157   153   159   155
  378     156    96    99   158
  379     156    99   157   158
  380      96    99   158   102
  381      99   157   158   159
  382      99   158   102   105
  383      99   158   105   159
  384      99   100   161   105
  385      99   161   160   105
  386     100   161   105   106
  387     161   160   105   166
  388     161   105   106   167
  389     161   105   167   166
  390     100   101   162   106
  391     100   162   161   106
  392     101   162   106   107
  393     162   161   106   167
  394     162   106   107   168
  395     162   106   168   167
  396     160   161   164   166
  397     160   164   163   166
  398     161   164   166   167
  399     164   163   166   169
  400     164   166   167   170
  401     164   166   170   169
  402     161   162   165   167
  403     161   165   164   167
  404     162   165   167   168
  405     165   164   167   170
  406     165   167   168   171
  407     165   167   171   170
  408     101   110   172   107
  409     101   172   162   107
  410     110   172   107   114
  411     172   162   107   168
  412     172   107   114   176
  413     172   107   176   168
  414     110   111   173   114
  415     110   173   172   114
  416     111   173   114   115
  417     173   172   114   176
  418     173   114   115   177
  419     173   114   177   176
  420     162   172   174   168
  421     162   174   165   168
  422     172   174   168   176
  423     174   165   168   171
  424     174   168   176   178
  425     174   168   178   171
  426     172   173   175   176
  427     172   175   174   176
  428     173   175   176   177
  429     175   174   176   178
  430     175   176   177   179
  431     175   176   179   178
  432     111   118   180   115
  433     111   180   173   115
  434     118   180   115   122
  435     180   173   115   177
  436     180   115   122   184
  437     180   115   184   177
  438     118   119   181   122
  439     118   181   180   122
  440     119   181   122   123
  441     181   180   122   184
  442     181   122   123   185
  443     181   122   185   184
  444     173   180   182   177
  445     173   182   175   177
  446     180   182   177   184
  447     182   175   177   179
  448     182   177   184   186
  449     182   177   186   179
  450     180   181   183   184
  451     180   183   182   184
  452     181   183   184   185
  453     183   182   184   186
  454     183   184   185   187
  455     183   184   187   186
  456     119   126   188   123
  457     119   188   181   123
  458     126   188   123   130
  459     188   181   123   185
  460     188   123   130   192
  461     188   123   192   185
  462     126   127   189   130
  463     126   189   188   130
  464     127   189   130   131
  465     189   188   130   192
  466     189   130   131   193
  467     189   130   193   192
  468     181   188   190   185
  469     181   190   183   185
  470     188   190   185   192
  471     190   183   185   187
  472     190   185   192   194
  473     190   185   194   187
  474     188   189   191   192
  475     188   191   190   192
  476     189   191   192   193
  477     191   190   192   194
  478     191   192   193   195
  479     191   192   195   194
  480     127   134   196   131
  481     127   196   189   131
  482     134   196   131   138
  483     196   189   131   193
  484     196   131   138   200
  485     196   131   200   193
  486     134   135   197   138
  487     134   197   196   138
  488     135   197   138   139
  489     197   196   138   200
  490     197   138   139   201
  491     197   138   201   200
  492     189   196   198   193
  493     189   198   191   193
  494     196   198   193   200
  495     198   191   193   195
  496     198   193   200   202
  497     198   193   202   195
  498     196   197   199   200
  499     196   199   198   200
  500     197   199   200   201
  501     199   198   200   202
  502     199   200   201   203
  503     199   200   203   202
  504     135   142   204   139
  505     135   204   197   139
  506     142   204   139   146
  507     204   197   139   201
  508     204   139   146   208
  509     204   139   208   201
  510     142   143   205   146
  511     142   205   204   146
  512     143   205   146   147
  513     205   204   146   208
  514     205   146   147   209
  515     205   146   209   208
  516     197   204   206   201
  517     197   206   199   201
  518     204   206   201   208
  519     206   199   201   203
  520     206   201   208   210
  521     206   201   210   203
  522     204   205   207   208
  523     204   207   206   208
  524     205   207   208   209
  525     207   206   208   210
  526     207   208   209   211
  527     207   208   211   210
  528     143   150   212   147
  529     143   212   205   147
  530     150   212   147   154
  531     212   205   147   209
  532     212   147   154   216
  533     212   147   216   209
  534     150   151   213   154
  535     150   213   212   154
  536     151   213   154   155
  537     213   212   154   216
  538     213   154   155   217
  539     213   154   217   216
  540     205   212   214   209
  541     205   214   207   209
  542     212   214   209   216
  543     214   207   209   211
  544     214   209   216   218
  545     214   209   218   211
  546     212   213   215   216
  547     212   215   214   216
  548     213   215   216   217
  549     215   214   216   218
  550     215   216   217   219
  551     215   216   219   218
  552     151   157   220   155
  553     151   220   213   155
  554     157   220   155   159
  555     220   213   155   217
  556     220   155   159   222
  557     220   155   222   217
  558     157    99   160   159
  559     157   160   220   159
  560      99   160   159   105
  561     160   220   159   222
  562     160   159   105   166
  563     160   159   166   222
  564     213   220   221   217
  565     213   221   215   217
  566     220   221   217   222
  567     221   215   217   219
  568     221   217   222   223
  569     221   217   223   219
  570     220   160   163   222
  571     220   163   221   222
  572     160   163   222   166
  573     163   221   222   223
  574     163   222   166   169
  575     163   222   169   223
  576     163   164   225   169
  577     163   225   224   169
  578     164   225   169   170
  579     225   224   169   230
  580     225   169   170   231
  581     225   169   231   230
  582     164   165   226   170
  583     164   226   225   170
  584     165   226   170   171
  585     226   225   170   231
  586     226   170   171   232
  587     226   170   232   231
  588     224   225   228   230
  589     224   228   227   230
  590     225   228   230   231
  591     228   227   230   233
  592     228   230   231   234
  593     228   230   234   233
  594     225   226   229   231
  595     225   229   228   231
  596     226   229   231   232
  597     229   228   231   234
  598     229   231   232   235
  599     229   231   235   234
  600     165   174   236   171
  601     165   236   226   171
  602     174   236   171   178
  603     236   226   171   232
  604     236   171   178   240
  605     236   171   240   232
  606     174   175   237   178
  607     174   237   236   178
  608     175   237   178   179
  609     237   236   178   240
  610     237   178   179   241
  611     237   178   241   240
  612     226   236   238   232
  613     226   238   229   232
  614     236   238   232   240
  615     238   229   232   235
  616     238   232   240   242
  617     238   232   242   235
  618     236   237   239   240
  619     236   239   238   240
  620     237   239   240   241
  621     239   238   240   242
  622     239   240   241   243
  623     239   240   243   242
  624     175   182   244   179
  625     175   244   237   179
  626     182   244   179   186
  627     244   237   179   241
  628     244   179   186   248
  629     244   179   248   241
  630     182   183   245   186
  631     182   245   244   186
  632     183   245   186   187
  633     245   244   186   248
  634     245   186   187   249
  635     245   186   249   248
  636     237   244   246   241
  637     237   246   239   241
  638     244   246   241   248
  639     246   239   241   243
  640     246   241   248   250
  641     246   241   250   243
  642     244   245   247   248
  643     244   247   246   248
  644     245   247   248   249
  645     247   246   248   250
  646     247   248   249   251
  647     247   248   251   250
  648     183   190   252   187
  649     183   252   245   187
  650     190   252   187   194
  651     252   245   187   249
  652     252   187   194   256
  653     252   187   256   249
  654     190   191   253   194
  655     190   253   252   194
  656     191   253   194   195
  657     253   252   194   256
  658     253   194   195   257
  659     253   194   257   256
  660     245   252   254   249
  661     245   254   247   249
  662     252   254   249   256
  663     254   247   249   251
  664     254   249   256   258
  665     254   249   258   251
  666     252   253   255   256
  667     252   255   254   256
  668     253   255   256   257
  669     255   254   256   258
  670     255   256   257   259
  671     255   256   259   258
  672     191   198   260   195
  673     191   260   253   195
  674     198   260   195   202
  675     260   253   195   257
  676     260   195   202   264
  677     260   195   264   257
  678     198   199   261   202
  679     198   261   260   202
  680     199   261   202   203
  681     261   260   202   264
  682     261   202   203   265
  683     261   202   265   264
  684     253   260   262   257
  685     253   262   255   257
  686     260   262   257   264
  687     262   255   257   259
  688     262   257   264   266
  689     262   257   266   259
  690     260   261   263   264
  691     260   263   262   264
  692     261   263   264   265
  693     263   262   264   266
  694     263   264   265   267
  695     263   264   267   266
  696     199   206   268   203
  697     199   268   261   203
  698     206   268   203   210
  699     268   261   203   265
  700     268   203   210   272
  701     268   203   272   265
  702     206   207   269   210
  703     206   269   268   210
  704     207   269   210   211
  705     269   268   210   272
  706     269   210   211   273
  707     269   210   273   272
  708     261   268   270   265
  709     261   270   263   265
  710     268   270   265   272
  711     270   263   265   267
  712     270   265   272   274
  713     270   265   274   267
  714     268   269   271   272
  715     268   271   270   272
  716     269   271   272   273
  717     271   270   272   274
  718     271   272   273   275
  719     271   272   275   274
  720     207   214   276   211
  721     207   276   269   211
  722     214   276   211   218
  723     276   269   211   273
  724     276   211   218   280
  725     276   211   280   273
  726     214   215   277   218
  727     214   277   276   218
  728     215   277   218   219
  729     277   276   218   280
  730     277   218   219   281
  731     277   218   281   280
  732     269   276   278   273
  733     269   278   271   273
  734     276   278   273   280
  735     278   271   273   275
  736     278   273   280   282
  737     278   273   282   275
  738     276   277   279   280
  739     276   279   278   280
  740     277   279   280   281
  741     279   278   280   282
  742     279   280   281   283
  743     279   280   283   282
  744     215   221   284   219
  745     215   284   277   219
  746     221   284   219   223
  747     284   277   219   281
  748     284   219   223   286
  749     284   219   286   281
  750     221   163   224   223
  751     221   224   284   223
  752     163   224   223   169
  753     224   284   223   286
  754     224   223   169   230
  755     224   223   230   286
  756     277   284   285   281
  757     277   285   279   281
  758     284   285   281   286
  759     285   279   281   283
  760     285   281   286   287
  761     285   281   287   283
  762     284   224   227   286
  763     284   227   285   286
  764     224   227   286   230
  765     227   285   286   287
  766     227   286   230   233
  767     227   286   233   287
  768     227   228   289   233
  769     227   289   288   233
  770     228   289   233   234
  771     289   288   233   294
  772     289   233   234   295
  773     289   233   295   294
  774     228   229   290   234
  775     228   290   289   234
  776     229   290   234   235
  777     290   289   234   295
  778     290   234   235   296
  779     290   234   296   295
  780     288   289   292   294
  781     288   292   291   294
  782     289   292   294   295
  783     292   291   294   297
  784     292   294   295   298
  785     292   294   298   297
  786     289   290   293   295
  787     289   293   292   295
  788     290   293   295   296
  789     293   292   295   298
  790     293   295   296   299
  791     293   295   299   298
  792     229   238   300   235
  793     229   300   290   235
  794     238   300   235   242
  795     300   290   235   296
  796     300   235   242   304
  797     300   235   304   296
  798     238   239   301   242
  799     238   301   300   242
  800     239   301   242   243
  801     301   300   242   304
  802     301   242   243   305
  803     301   242   305   304
  804     290   300   302   296
  805     290   302   293   296
  806     300   302   296   304
  807     302   293   296   299
  808     302   296   304   306
  809     302   296   306   299
  810     300   301   303   304
  811     300   303   302   304
  812     301   303   304   305
  813     303   302   304   306
  814     303   304   305   307
  815     303   304   307   306
  816     239   246   308   243
  817     239   308   301   243
  818     246   308   243   250
  819     308   301   243   305
  820     308   243   250   312
  821     308   243   312   305
  822     246   247   309   250
  823     246   309   308   250
  824     247   309   250   251
  825     309   308   250   312
  826     309   250   251   313
  827     309   250   313   312
  828     301   308   310   305
  829     301   310   303   305
  830     308   310   305   312
  831     310   303   305   307
  832     310   305   312   314
  833     310   305   314   307
  834     308   309   311   312
  835     308   311   310   312
  836     309   311   312   313
  837     311   310   312   314
  838     311   312   313   315
  839     311   312   315   314
  840     247   254   316   251
  841     247   316   309   251
  842     254   316   251   258
  843     316   309   251   313
  844     316   251   258   320
  845     316   251   320   313
  846     254   255   317   258
  847     254   317   316   258
  848     255   317   258   259
  849     317   316   258   320
  850     317   258   259   321
  851     317   258   321   320
  852     309   316   318   313
  853     309   318   311   313
  854     316   318   313   320
  855     318   311   313   315
  856     318   313   320   322
  857     318   313   322   315
  858     316   317   319   320
  859     316   319   318   320
  860     317   319   320   321
  861     319   318   320   322
  862     319   320   321   323
  863     319   320   323   322
  864     255   262   324   259
  865     255   324   317   259
  866     262   324   259   266
  867     324   317   259   321
  868     324   259   266   328
  869     324   259   328   321
  870     262   263   325   266
  871     262   325   324   266
  872     263   325   266   267
  873     325   324   266   328
  874     325   266   267   329
  875     325   266   329   328
  876     317   324   326   321
  877     317   326   319   321
  878     324   326   321   328
  879     326   319   321   323
  880     326   321   328   330
  881     326   321   330   323
  882     324   325   327   328
  883     324   327   326   328
  884     325   327   328   329
  885     327   326   328   330
  886     327   328   329   331
  887     327   328   331   330
  888     263   270   332   267
  889     263   332   325   267
  890     270   332   267   274
  891     332   325   267   329
  892     332   267   274   336
  893     332   267   336   329
  894     270   271   333   274
  895     270   333   332   274
  896     271   333   274   275
  897     333   332   274   336
  898     333   274   275   337
  899     333   274   337   336
  900     325   332   334   329
  901     325   334   327   329
  902     332   334   329   336
  903     334   327   329   331
  904     334   329   336   338
  905     334   329   338   331
  906     332   333   335   336
  907     332   335   334   336
  908     333   335   336   337
  909     335   334   336   338
  910     335   336   337   339
  911     335   336   339   338
  912     271   278   340   275
  913     271   340   333   275
  914     278   340   275   282
  915     340   333   275   337
  916     340   275   282   344
  917     340   275   344   337
  918     278   279   341   282
  919     278   341   340   282
  920     279   341   282   283
  921     341   340   282   344
  922     341   282   283   345
  923     341   282   345   344
  924     333   340   342   337
  925     333   342   335   337
  926     340   342   337   344
  927     342   335   337   339
  928     342   337   344   346
  929     342   337   346   339
  930     340   341   343   344
  931     340   343   342   344
  932     341   343   344   345
  933     343   342   344   346
  934     343   344   345   347
  935     343   344   347   346
  936     279   285   348   283
  937     279   348   341   283
  938     285   348   283   287
  939     348   341   283   345
  940     348   283   287   350
  941     348   283   350   345
  942     285   227   288   287
  943     285   288   348   287
  944     227   288   287   233
  945     288   348   287   350
  946     288   287   233   294
  947     288   287   294   350
  948     341   348   349   345
  949     341   349   343   345
  950     348   349   345   350
  951     349   343   345   347
  952     349   345   350   351
  953     349   345   351   347
  954     348   288   291   350
  955     348   291   349   350
  956     288   291   350   294
  957     291   349   350   351
  958     291   350   294   297
  959     291   350   297   351
  960     291   292   353   297
  961     291   353   352   297
  962     292   353   297   298
  963     353   352   297   358
  964     353   297   298   359
  965     353   297   359   358
  966     292   293   354   298
  967     292   354   353   298
  968     293   354   298   299
  969     354   353   298   359
  970     354   298   299   360
  971     354   298   360   359
  972     352   353   356   358
  973     352   356   355   358
  974     353   356   358   359
  975     356   355   358   361
  976     356   358   359   362
  977     356   358   362   361
  978     353   354   357   359
  979     353   357   356   359
  980     354   357   359   360
  981     357   356   359   362
  982     357   359   360   363
  983     357   359   363   362
  984     293   302   364   299
  985     293   364   354   299
  986     302   364   299   306
  987     364   354   299   360
  988     364   299   306   368
  989     364   299   368   360
  990     302   303   365   306
  991     302   365   364   306
  992     303   365   306   307
  993     365   364   306   368
  994     365   306   307   369
  995     365   306   369   368
  996     354   364   366   360
  997     354   366   357   360
  998     364   366   360   368
  999     366   357   360   363
 1000     366   360   368   370
 1001     366   360   370   363
 1002     364   365   367   368
 1003     364   367   366   368
 1004     365   367   368   369
 1005     367   366   368   370
 1006     367   368   369   371
 1007     367   368   371   370
 1008     303   310   372   307
 1009     303   372   365   307
 1010     310   372   307   314
 1011     372   365   307   369
 1012     372   307   314   376
 1013     372   307   376   369
 1014     310   311   373   314
 1015     310   373   372   314
 1016     311   373   314   315
 1017     373   372   314   376
 1018     373   314   315   377
 1019     373   314   377   376
 1020     365   372   374   369
 1021     365   374   367   369
 1022     372   374   369   376
 1023     374   367   369   371
 1024     374   369   376   378
 1025     374   369   378   371
 1026     372   373   375   376
 1027     372   375   374   376
 1028     373   375   376   377
 1029     375   374   376   378
 1030     375   376   377   379
 1031     375   376   379   378
 1032     311   318   380   315
 1033     311   380   373   315
 1034     318   380   315   322
 1035     380   373   315   377
 1036     380   315   322   384
 1037     380   315   384   377
 1038     318   319   381   322
 1039     318   381   380   322
 1040     319   381   322   323
 1041     381   380   322   384
 1042     381   322   323   385
 1043     381   322   385   384
 1044     373   380   382   377
 1045     373   382   375   377
 1046     380   382   377   384
 1047     382   375   377   379
 1048     382   377   384   386
 1049     382   377   386   379
 1050     380   381   383   384
 1051     380   383   382   384
 1052     381   383   384   385
 1053     383   382   384   386
 1054     383   384   385   387
 1055     383   384   387   386
 1056     319   326   388   323
 1057     319   388   381   323
 1058     326   388   323   330
 1059     388   381   323   385
 1060     388   323   330   392
 1061     388   323   392   385
 1062     326   327   389   330
 1063     326   389   388   330
 1064     327   389   330   331
 1065     389   388   330   392
 1066     389   330   331   393
 1067     389   330   393   392
 1068     381   388   390   385
 1069     381   390   383   385
 1070     388   390   385   392
 1071     390   383   385   387
 1072     390   385   392   394
 1073     390   385   394   387
 1074     388   389   391   392
 1075     388   391   390   392
 1076     389   391   392   393
 1077     391   390   392   394
 1078     391   392   393   395
 1079     391   392   395   394
 1080     327   334   396   331
 1081     327   396   389   331
 1082     334   396   331   338
 1083     396   389   331   393
 1084     396   331   338   400
 1085     396   331   400   393
 1086     334   335   397   338
 1087     334   397   396   338
 1088     335   397   338   339
 1089     397   396   338   400
 1090     397   338   339   401
 1091     397   338   401   400
 1092     389   396   398   393
 1093     389   398   391   393
 1094     396   398   393   400
 1095     398   391   393   395
 1096     398   393   400   402
 1097     398   393   402   395
 1098     396   397   399   400
 1099     396   399   398   400
 1100     397   399   400   401
 1101     399   398   400   402
 1102     399   400   401   403
 1103     399   400   403   402
 1104     335   342   404   339
 1105     335   404   397   339
 1106     342   404   339   346
 1107     404   397   339   401
 1108     404   339   346   408
 1109     404   339   408   401
 1110     342   343   405   346
 1111     342   405   404   346
 1112     343   405   346   347
 1113     405   404   346   408
 1114     405   346   347   409
 1115     405   346   409   408
 1116     397   404   406   401
 1117     397   406   399   401
 1118     404   406   401   408
 1119     406   399   401   403
 1120     406   401   408   410
 1121     406   401   410   403
 1122     404   405   407   408
 1123     404   407   406   408
 1124     405   407   408   409
 1125     407   406   408   410
 1126     407   408   409   411
 1127     407   408   411   410
 1128     343   349   412   347
 1129     343   412   405   347
 1130     349   412   347   351
 1131     412   405   347   409
 1132     412   347   351   414
 1133     412   347   414   409
 1134     349   291   352   351
 1135     349   352   412   351
 1136     291   352   351   297
 1137     352   412   351   414
 1138     352   351   297   358
 1139     352   351   358   414
 1140     405   412   413   409
 1141     405   413   407   409
 1142     412   413   409   414
 1143     413   407   409   411
 1144     413   409   414   415
 1145     413   409   415   411
 1146     412   352   355   414
 1147     412   355   413   414
 1148     352   355   414   358
 1149     355   413   414   415
 1150     355   414   358   361
 1151     355   414   361   415
 1152     355   356   417   361
 1153     355   417   416   361
 1154     356   417   361   362
 1155     417   416   361   422
 1156     417   361   362   423
 1157     417   361   423   422
 1158     356   357   418   362
 1159     356   418   417   362
 1160     357   418   362   363
 1161     418   417   362   423
 1162     418   362   363   424
 1163     418   362   424   423
 1164     416   417   420   422
 1165     416   420   419   422
 1166     417   420   422   423
 1167     420   419   422   425
 1168     420   422   423   426
 1169     420   422   426   425
 1170     417   418   421   423
 1171     417   421   420   423
 1172     418   421   423   424
 1173     421   420   423   426
 1174     421   423   424   427
 1175     421   423   427   426
 1176     357   366   428   363
 1177     357   428   418   363
 1178     366   428   363   370
 1179     428   418   363   424
 1180     428   363   370   432
 1181     428   363   432   424
 1182     366   367   429   370
 1183     366   429   428   370
 1184     367   429   370   371
 1185     429   428   370   432
 1186     429   370   371   433
 1187     429   370   433   432
 1188     418   428   430   424
 1189     418   430   421   424
 1190     428   430   424   432
 1191     430   421   424   427
 1192     430   424   432   434
 1193     430   424   434   427
 1194     428   429   431   432
 1195     428   431   430   432
 1196     429   431   432   433
 1197     431   430   432   434
 1198     431   432   433   435
 1199     431   432   435   434
 1200     367   374   436   371
 1201     367   436   429   371
 1202     374   436   371   378
 1203     436   429   371   433
 1204     436   371   378   440
 1205     436   371   440   433
 1206     374   375   437   378
 1207     374   437   436   378
 1208     375   437   378   379
 1209     437   436   378   440
 1210     437   378   379   441
 1211     437   378   441   440
 1212     429   436   438   433
 1213     429   438   431   433
 1214     436   438   433   440
 1215     438   431   433   435
 1216     438   433   440   442
 1217     438   433   442   435
 1218     436   437   439   440
 1219     436   439   438   440
 1220     437   439   440   441
 1221     439   438   440   442
 1222     439   440   441   443
 1223     439   440   443   442
 1224     375   382   444   379
 1225     375   444   437   379
 1226     382   444   379   386
 1227     444   437   379   441
 1228     444   379   386   448
 1229     444   379   448   441
 1230     382   383   445   386
 1231     382   445   444   386
 1232     383   445   386   387
 1233     445   444   386   448
 1234     445   386   387   449
 1235     445   386   449   448
 1236     437   444   446   441
 1237     437   446   439   441
 1238     444   446   441   448
 1239     446   439   441   443
 1240     446   441   448   450
 1241     446   441   450   443
 1242     444   445   447   448
 1243     444   447   446   448
 1244     445   447   448   449
 1245     447   446   448   450
 1246     447   448   449   451
 1247     447   448   451   450
 1248     383   390   452   387
 1249     383   452   445   387
 1250     390   452   387   394
 1251     452   445   387   449
 1252     452   387   394   456
 1253     452   387   456   449
 1254     390   391   453   394
 1255     390   453   452   394
 1256     391   453   394   395
 1257     453   452   394   456
 1258     453   394   395   457
 1259     453   394   457   456
 1260     445   452   454   449
 1261     445   454   447   449
 1262     452   454   449   456
 1263     454   447   449   451
 1264     454   449   456   458
 1265     454   449   458   451
 1266     452   453   455   456
 1267     452   455   454   456
 1268     453   455   456   457
 1269     455   454   456   458
 1270     455   456   457   459
 1271     455   456   459   458
 1272     391   398   460   395
 1273     391   460   453   395
 1274     398   460   395   402
 1275     460   453   395   457
 1276     460   395   402   464
 1277     460   395   464   457
 1278     398   399   461   402
 1279     398   461   460   402
 1280     399   461   402   403
 1281     461   460   402   464
 1282     461   402   403   465
 1283     461   402   465   464
 1284     453   460   462   457
 1285     453   462   455   457
 1286     460   462   457   464
 1287     462   455   457   459
 1288     462   457   464   466
 1289     462   457   466   459
 1290     460   461   463   464
 1291     460   463   462   464
 1292     461   463   464   465
 1293     463   462   464   466
 1294     463   464   465   467
 1295     463   464   467   466
 1296     399   406   468   403
 1297     399   468   461   403
 1298     406   468   403   410
 1299     468   461   403   465
 1300     468   403   410   472
 1301     468   403   472   465
 1302     406   407   469   410
 1303     406   469   468   410
 1304     407   469   410   411
 1305     469   468   410   472
 1306     469   410   411   473
 1307     469   410   473   472
 1308     461   468   470   465
 1309     461   470   463   465
 1310     468   470   465   472
 1311     470   463   465   467
 1312     470   465   472   474
 1313     470   465   474   467
 1314     468   469   471   472
 1315     468   471   470   472
 1316     469   471   472   473
 1317     471   470   472   474
 1318     471   472   473   475
 1319     471   472   475   474
 1320     407   413   476   411
 1321     407   476   469   411
 1322     413   476   411   415
 1323     476   469   411   473
 1324     476   411   415   478
 1325     476   411   478   473
 1326     413   355   416   415
 1327     413   416   476   415
 1328     355   416   415   361
 1329     416   476   415   478
 1330     416   415   361   422
 1331     416   415   422   478
 1332     469   476   477   473
 1333     469   477   471   473
 1334     476   477   473   478
 1335     477   471   473   475
 1336     477   473   478   479
 1337     477   473   479   475
 1338     476   416   419   478
 1339     476   419   477   478
 1340     416   419   478   422
 1341     419   477   478   479
 1342     419   478   422   425
 1343     419   478   425   479
 1344     419   420   481   425
 1345     419   481   480   425
 1346     420   481   425   426
 1347     481   480   425   486
 1348     481   425   426   487
 1349     481   425   487   486
 1350     420   421   482   426
 1351     420   482   481   426
 1352     421   482   426   427
 1353     482   481   426   487
 1354     482   426   427   488
 1355     482   426   488   487
 1356     480   481   484   486
 1357     480   484   483   486
 1358     481   484   486   487
 1359     484   483   486   489
 1360     484   486   487   490
 1361     484   486   490   489
 1362     481   482   485   487
 1363     481   485   484   487
 1364     482   485   487   488
 1365     485   484   487   490
 1366     485   487   488   491
 1367     485   487   491   490
 1368     421   430   492   427
 1369     421   492   482   427
 1370     430   492   427   434
 1371     492   482   427   488
 1372     492   427   434   496
 1373     492   427   496   488
 1374     430   431   493   434
 1375     430   493   492   434
 1376     431   493   434   435
 1377     493   492   434   496
 1378     493   434   435   497
 1379     493   434   497   496
 1380     482   492   494   488
 1381     482   494   485   488
 1382     492   494   488   496
 1383     494   485   488   491
 1384     494   488   496   498
 1385     494   488   498   491
 1386     492   493   495   496
 1387     492   495   494   496
 1388     493   495   496   497
 1389     495   494   496   498
 1390     495   496   497   499
 1391     495   496   499   498
 1392     431   438   500   435
 1393     431   500   493   435
 1394     438   500   435   442
 1395     500   493   435   497
 1396     500   435   442   504
 1397     500   435   504   497
 1398     438   439   501   442
 1399     438   501   500   442
 1400     439   501   442   443
 1401     501   500   442   504
 1402     501   442   443   505
 1403     501   442   505   504
 1404     493   500   502   497
 1405     493   502   495   497
 1406     500   502   497   504
 1407     502   495   497   499
 1408     502   497   504   506
 1409     502   497   506   499
 1410     500   501   503   504
 1411     500   503   502   504
 1412     501   503   504   505
 1413     503   502   504   506
 1414     503   504   505   507
 1415     503   504   507   506
 1416     439   446   508   443
 1417     439   508   501   443
 1418     446   508   443   450
 1419     508   501   443   505
 1420     508   443   450   512
 1421     508   443   512   505
 1422     446   447   509   450
 1423     446   509   508   450
 1424     447   509   450   451
 1425     509   508   450   512
 1426     509   450   451   513
 1427     509   450   513   512
 1428     501   508   510   505
 1429     501   510   503   505
 1430     508   510   505   512
 1431     510   503   505   507
 1432     510   505   512   514
 1433     510   505   514   507
 1434     508   509   511   512
 1435     508   511   510   512
 1436     509   511   512   513
 1437     511   510   512   514
 1438     511   512   513   515
 1439     511   512   515   514
 1440     447   454   516   451
 1441     447   516   509   451
 1442     454   516   451   458
 1443     516   509   451   513
 1444     516   451   458   520
 1445     516   451   520   513
 1446     454   455   517   458
 1447     454   517   516   458
 1448     455   517   458   459
 1449     517   516   458   520
 1450     517   458   459   521
 1451     517   458   521   520
 1452     509   516   518   513
 1453     509   518   511   513
 1454     516   518   513   520
 1455     518   511   513   515
 1456     518   513   520   522
 1457     518   513   522   515
 1458     516   517   519   520
 1459     516   519   518   520
 1460     517   519   520   521
 1461     519   518   520   522
 1462     519   520   521   523
 1463     519   520   523   522
 1464     455   462   524   459
 1465     455   524   517   459
 1466     462   524   459   466
 1467     524   517   459   521
 1468     524   459   466   528
 1469     524   459   528   521
 1470     462   463   525   466
 1471     462   525   524   466
 1472     463   525   466   467
 1473     525   524   466   528
 1474     525   466   467   529
 1475     525   466   529   528
 1476     517   524   526   521
 1477     517   526   519   521
 1478     524   526   521   528
 1479     526   519   521   523
 1480     526   521   528   530
 1481     526   521   530   523
 1482     524   525   527   528
 1483     524   527   526   528
 1484     525   527   528   529
 1485     527   526   528   530
 1486     527   528   529   531
 1487     527   528   531   530
 1488     463   470   532   467
 1489     463   532   525   467
 1490     470   532   467   474
 1491     532   525   467   529
 1492     532   467   474   536
 1493     532   467   536   529
 1494     470   471   533   474
 1495     470   533   532   474
 1496     471   533   474   475
 1497     533   532   474   536
 1498     533   474   475   537
 1499     533   474   537   536
 1500     525   532   534   529
 1501     525   534   527   529
 1502     532   534   529   536
 1503     534   527   529   531
 1504     534   529   536   538
 1505     534   529   538   531
 1506     532   533   535   536
 1507     532   535   534   536
 1508     533   535   536   537
 1509     535   534   536   538
 1510     535   536   537   539
 1511     535   536   539   538
 1512     471   477   540   475
 1513     471   540   533   475
 1514     477   540   475   479
 1515     540   533   475   537
 1516     540   475   479   542
 1517     540   475   542   537
 1518     477   419   480   479
 1519     477   480   540   479
 1520     419   480   479   425
 1521     480   540   479   542
 1522     480   479   425   486
 1523     480   479   486   542
 1524     533   540   541   537
 1525     533   541   535   537
 1526     540   541   537   542
 1527     541   535   537   539
 1528     541   537   542   543
 1529     541   537   543   539
 1530     540   480   483   542
 1531     540   483   541   542
 1532     480   483   542   486
 1533     483   541   542   543
 1534     483   542   486   489
 1535     483   542   489   543
 1536     483   484   545   489
 1537     483   545   544   489
 1538     484   545   489   490
 1539     545   544   489   550
 1540     545   489   490   551
 1541     545   489   551   550
 1542     484   485   546   490
 1543     484   546   545   490
 1544     485   546   490   491
 1545     546   545   490   551
 1546     546   490   491   552
 1547     546   490   552   551
 1548     544   545   548   550
 1549     544   548   547   550
 1550     545   548   550   551
 1551     548   547   550   553
 1552     548   550   551   554
 1553     548   550   554   553
 1554     545   546   549   551
 1555     545   549   548   551
 1556     546   549   551   552
 1557     549   548   551   554
 1558     549   551   552   555
 1559     549   551   555   554
 1560     485   494   556   491
 1561     485   556   546   491
 1562     494   556   491   498
 1563     556   546   491   552
 1564     556   491   498   560
 1565     556   491   560   552
 1566     494   495   557   498
 1567     494   557   556   498
 1568     495   557   498   499
 1569     557   556   498   560
 1570     557   498   499   561
 1571     557   498   561   560
 1572     546   556   558   552
 1573     546   558   549   552
 1574     556   558   552   560
 1575     558   549   552   555
 1576     558   552   560   562
 1577     558   552   562   555
 1578     556   557   559   560
 1579     556   559   558   560
 1580     557   559   560   561
 1581     559   558   560   562
 1582     559   560   561   563
 1583     559   560   563   562
 1584     495   502   564   499
 1585     495   564   557   499
 1586     502   564   499   506
 1587     564   557   499   561
 1588     564   499   506   568
 1589     564   499   568   561
 1590     502   503   565   506
 1591     502   565   564   506
 1592     503   565   506   507
 1593     565   564   506   568
 1594     565   506   507   569
 1595     565   506   569   568
 1596     557   564   566   561
 1597     557   566   559   561
 1598     564   566   561   568
 1599     566   559   561   563
 1600     566   561   568   570
 1601     566   561   570   563
 1602     564   565   567   568
 1603     564   567   566   568
 1604     565   567   568   569
 1605     567   566   568   570
 1606     567   568   569   571
 1607     567   568   571   570
 1608     503   510   572   507
 1609     503   572   565   507
 1610     510   572   507   514
 1611     572   565   507   569
 1612     572   507   514   576
 1613     572   507   576   569
 1614     510   511   573   514
 1615     510   573   572   514
 1616     511   573   514   515
 1617     573   572   514   576
 1618     573   514   515   577
 1619     573   514   577   576
 1620     565   572   574   569
 1621     565   574   567   569
 1622     572   574   569   576
 1623     574   567   569   571
 1624     574   569   576   578
 1625     574   569   578   571
 1626     572   573   575   576
 1627     572   575   574   576
 1628     573   575   576   577
 1629     575   574   576   578
 1630     575   576   577   579
 1631     575   576   579   578
 1632     511   518   580   515
 1633     511   580   573   515
 1634     518   580   515   522
 1635     580   573   515   577
 1636     580   515   522   584
 1637     580   515   584   577
 1638     518   519   581   522
 1639     518   581   580   522
 1640     519   581   522   523
 1641     581   580   522   584
 1642     581   522   523   585
 1643     581   522   585   584
 1644     573   580   582   577
 1645     573   582   575   577
 1646     580   582   577   584
 1647     582   575   577   579
 1648     582   577   584   586
 1649     582   577   586   579
 1650     580   581   583   584
 1651     580   583   582   584
 1652     581   583   584   585
 1653     583   582   584   586
 1654     583   584   585   587
 1655     583   584   587   586
 1656     519   526   588   523
 1657     519   588   581   523
 1658     526   588   523   530
 1659     588   581   523   585
 1660     588   523   530   592
 1661     588   523   592   585
 1662     526   527   589   530
 1663     526   589   588   530
 1664     527   589   530   531
 1665     589   588   530   592
 1666     589   530   531   593
 1667     589   530   593   592
 1668     581   588   590   585
 1669     581   590   583   585
 1670     588   590   585   592
 1671     590   583   585   587
 1672     590   585   592   594
 1673     590   585   594   587
 1674     588   589   591   592
 1675     588   591   590   592
 1676     589   591   592   593
 1677     591   590   592   594
 1678     591   592   593   595
 1679     591   592   595   594
 1680     527   534   596   531
 1681     527   596   589   531
 1682     534   596   531   538
 1683     596   589   531   593
 1684     596   531   538   600
 1685     596   531   600   593
 1686     534   535   597   538
 1687     534   597   596   538
 1688     535   597   538   539
 1689     597   596   538   600
 1690     597   538   539   601
 1691     597   538   601   600
 1692     589   596   598   593
 1693     589   598   591   593
 1694     596   598   593   600
 1695     598   591   593   595
 1696     598   593   600   602
 1697     598   593   602   595
 1698     596   597   599   600
 1699     596   599   598   600
 1700     597   599   600   601
 1701     599   598   600   602
 1702     599   600   601   603
 1703     599   600   603   602
 1704     535   541   604   539
 1705     535   604   597   539
 1706     541   604   539   543
 1707     604   597   539   601
 1708     604   539   543   606
 1709     604   539   606   601
 1710     541   483   544   543
 1711     541   544   604   543
 1712     483   544   543   489
 1713     544   604   543   606
 1714     544   543   489   550
 1715     544   543   550   606
 1716     597   604   605   601
 1717     597   605   599   601
 1718     604   605   601   606
 1719     605   599   601   603
 1720     605   601   606   607
 1721     605   601   607   603
 1722     604   544   547   606
 1723     604   547   605   606
 1724     544   547   606   550
 1725     547   605   606   607
 1726     547   606   550   553
 1727     547   606   553   607
 1728     547   548   609   553
 1729     547   609   608   553
 1730     548   609   553   554
 1731     609   608   553   614
 1732     609   553   554   615
 1733     609   553   615   614
 1734     548   549   610   554
 1735     548   610   609   554
 1736     549   610   554   555
 1737     610   609   554   615
 1738     610   554   555   616
 1739     610   554   616   615
 1740     608   609   612   614
 1741     608   612   611   614
 1742     609   612   614   615
 1743     612   611   614   617
 1744     612   614   615   618
 1745     612   614   618   617
 1746     609   610   613   615
 1747     609   613   612   615
 1748     610   613   615   616
 1749     613   612   615   618
 1750     613   615   616   619
 1751     613   615   619   618
 1752     549   558   620   555
 1753     549   620   610   555
 1754     558   620   555   562
 1755     620   610   555   616
 1756     620   555   562   624
 1757     620   555   624   616
 1758     558   559   621   562
 1759     558   621   620   562
 1760     559   621   562   563
 1761     621   620   562   624
 1762     621   562   563   625
 1763     621   562   625   624
 1764     610   620   622   616
 1765     610   622   613   616
 1766     620   622   616   624
 1767     622   613   616   619
 1768     622   616   624   626
 1769     622   616   626   619
 1770     620   621   623   624
 1771     620   623   622   624
 1772     621   623   624   625
 1773     623   622   624   626
 1774     623   624   625   627
 1775     623   624   627   626
 1776     559   566   628   563
 1777     559   628   621   563
 1778     566   628   563   570
 1779     628   621   563   625
 1780     628   563   570   632
 1781     628   563   632   625
 1782     566   567   629   570
 1783     566   629   628   570
 1784     567   629   570   571
 1785     629   628   570   632
 1786     629   570   571   633
 1787     629   570   633   632
 1788     621   628   630   625
 1789     621   630   623   625
 1790     628   630   625   632
 1791     630   623   625   627
 1792     630   625   632   634
 1793     630   625   634   627
 1794     628   629   631   632
 1795     628   631   630   632
 1796     629   631   632   633
 1797     631   630   632   634
 1798     631   632   633   635
 1799     631   632   635   634
 1800     567   574   636   571
 1801     567   636   629   571
 1802     574   636   571   578
 1803     636   629   571   633
 1804     636   571   578   640
 1805     636   571   640   633
 1806     574   575   637   578
 1807     574   637   636   578
 1808     575   637   578   579
 1809     637   636   578   640
 1810     637   578   579   641
 1811     637   578   641   640
 1812     629   636   638   633
 1813     629   638   631   633
 1814     636   638   633   640
 1815     638   631   633   635
 1816     638   633   640   642
 1817     638   633   642   635
 1818     636   637   639   640
 1819     636   639   638   640
 1820     637   639   640   641
 1821     639   638   640   642
 1822     639   640   641   643
 1823     639   640   643   642
 1824     575   582   644   579
 1825     575   644   637   579
 1826     582   644   579   586
 1827     644   637   579   641
 1828     644   579   586   648
 1829     644   579   648   641
 1830     582   583   645   586
 1831     582   645   644   586
 1832     583   645   586   587
 1833     645   644   586   648
 1834     645   586   587   649
 1835     645   586   649   648
 1836     637   644   646   641
 1837     637   646   639   641
 1838     644   646   641   648
 1839     646   639   641   643
 1840     646   641   648   650
 1841     646   641   650   643
 1842     644   645   647   648
 1843     644   647   646   648
 1844     645   647   648   649
 1845     647   646   648   650
 1846     647   648   649   651
 1847     647   648   651   650
 1848     583   590   652   587
 1849     583   652   645   587
 1850     590   652   587   594
 1851     652   645   587   649
 1852     652   587   594   656
 1853     652   587   656   649
 1854     590   591   653   594
 1855     590   653   652   594
 1856     591   653   594   595
 1857     653   652   594   656
 1858     653   594   595   657
 1859     653   594   657   656
 1860     645   652   654   649
 1861     645   654   647   649
 1862     652   654   649   656
 1863     654   647   649   651
 1864     654   649   656   658
 1865     654   649   658   651
 1866     652   653   655   656
 1867     652   655   654   656
 1868     653   655   656   657
 1869     655   654   656   658
 1870     655   656   657   659
 1871     655   656   659   658
 1872     591   598   660   595
 1873     591   660   653   595
 1874     598   660   595   602
 1875     660   653   595   657
 1876     660   595   602   664
 1877     660   595   664   657
 1878     598   599   661   602
 1879     598   661   660   602
 1880     599   661   602   603
 1881     661   660   602   664
 1882     661   602   603   665
 1883     661   602   665   664
 1884     653   660   662   657
 1885     653   662   655   657
 1886     660   662   657   664
 1887     662   655   657   659
 1888     662   657   664   666
 1889     662   657   666   659
 1890     660   661   663   664
 1891     660   663   662   664
 1892     661   663   664   665
 1893     663   662   664   666
 1894     663   664   665   667
 1895     663   664   667   666
 1896     599   605   668   603
 1897     599   668   661   603
 1898     605   668   603   607
 1899     668   661   603   665
 1900     668   603   607   670
 1901     668   603   670   665
 1902     605   547   608   607
 1903     605   608   668   607
 1904     547   608   607   553
 1905     608   668   607   670
 1906     608   607   553   614
 1907     608   607   614   670
 1908     661   668   669   665
 1909     661   669   663   665
 1910     668   669   665   670
 1911     669   663   665   667
 1912     669   665   670   671
 1913     669   665   671   667
 1914     668   608   611   670
 1915     668   611   669   670
 1916     608   611   670   614
 1917     611   669   670   671
 1918     611   670   614   617
 1919     611   670   617   671
 1920     672   673   676   681
 1921     672   676   675   681
 1922     673   676   681   682
 1923     676   675   681   684
 1924     676   681   682   685
 1925     676   681   685   684
 1926     673   674   677   682
 1927     673   677   676   682
 1928     674   677   682   683
 1929     677   676   682   685
 1930     677   682   683   686
 1931     677   682   686   685
 1932     675   676   679   684
 1933     675   679   678   684
 1934     676   679   684   685
 1935     679   678   684   687
 1936     679   684   685   688
 1937     679   684   688   687
 1938     676   677   680   685
 1939     676   680   679   685
 1940     677   680   685   686
 1941     680   679   685   688
 1942     680   685   686   689
 1943     680   685   689   688
 1944     674   690   692   683
 1945     674   692   677   683
 1946     690   692   683   696
 1947     692   677   683   686
 1948     692   683   696   698
 1949     692   683   698   686
 1950     690   691   693   696
 1951     690   693   692   696
 1952     691   693   696   697
 1953     693   692   696   698
 1954     693   696   697   699
 1955     693   696   699   698
 1956     677   692   694   686
 1957     677   694   680   686
 1958     692   694   686   698
 1959     694   680   686   689
 1960     694   686   698   700
 1961     694   686   700   689
 1962     692   693   695   698
 1963     692   695   694   698
 1964     693   695   698   699
 1965     695   694   698   700
 1966     695   698   699   701
 1967     695   698   701   700
 1968     691   702   704   697
 1969     691   704   693   697
 1970     702   704   697   708
 1971     704   693   697   699
 1972     704   697   708   710
 1973     704   697   710   699
 1974     702   703   705   708
 1975     702   705   704   708
 1976     703   705   708   709
 1977     705   704   708   710
 1978     705   708   709   711
 1979     705   708   711   710
 1980     693   704   706   699
 1981     693   706   695   699
 1982     704   706   699   710
 1983     706   695   699   701
 1984     706   699   710   712
 1985     706   699   712   701
 1986     704   705   707   710
 1987     704   707   706   710
 1988     705   707   710   711
 1989     707   706   710   712
 1990     707   710   711   713
 1991     707   710   713   712
 1992     703   714   716   709
 1993     703   716   705   709
 1994     714   716   709   720
 1995     716   705   709   711
 1996     716   709   720   722
 1997     716   709   722   711
 1998     714   715   717   720
 1999     714   717   716   720
 2000     715   717   720   721
 2001     717   716   720   722
 2002     717   720   721   723
 2003     717   720   723   722
 2004     705   716   718   711
 2005     705   718   707   711
 2006     716   718   711   722
 2007     718   707   711   713
 2008     718   711   722   724
 2009     718   711   724   713
 2010     716   717   719   722
 2011     716   719   718   722
 2012     717   719   722   723
 2013     719   718   722   724
 2014     719   722   723   725
 2015     719   722   725   724
 2016     715   726   728   721
 2017     715   728   717   721
 2018     726   728   721   732
 2019     728   717   721   723
 2020     728   721   732   734
 2021     728   721   734   723
 2022     726   727   729   732
 2023     726   729   728   732
 2024     727   729   732   733
 2025     729   728   732   734
 2026     729   732   733   735
 2027     729   732   735   734
 2028     717   728   730   723
 2029     717   730   719   723
 2030     728   730   723   734
 2031     730   719   723   725
 2032     730   723   734   736
 2033     730   723   736   725
 2034     728   729   731   734
 2035     728   731   730   734
 2036     729   731   734   735
 2037     731   730   734   736
 2038     731   734   735   737
 2039     731   734   737   736
 2040     727   738   740   733
 2041     727   740   729   733
 2042     738   740   733   744
 2043     740   729   733   735
 2044     740   733   744   746
 2045     740   733   746   735
 2046     738   739   741   744
 2047     738   741   740   744
 2048     739   741   744   745
 2049     741   740   744   746
 2050     741   744   745   747
 2051     741   744   747   746
 2052     729   740   742   735
 2053     729   742   731   735
 2054     740   742   735   746
 2055     742   731   735   737
 2056     742   735   746   748
 2057     742   735   748   737
 2058     740   741   743   746
 2059     740   743   742   746
 2060     741   743   746   747
 2061     743   742   746   748
 2062     743   746   747   749
 2063     743   746   749   748
 2064     739   750   752   745
 2065     739   752   741   745
 2066     750   752   745   756
 2067     752   741   745   747
 2068     752   745   756   758
 2069     752   745   758   747
 2070     750   751   753   756
 2071     750   753   752   756
 2072     751   753   756   757
 2073     753   752   756   758
 2074     753   756   757   759
 2075     753   756   759   758
 2076     741   752   754   747
 2077     741   754   743   747
 2078     752   754   747   758
 2079     754   743   747   749
 2080     754   747   758   760
 2081     754   747   760   749
 2082     752   753   755   758
 2083     752   755   754   758
 2084     753   755   758   759
 2085     755   754   758   760
 2086     755   758   759   761
 2087     755   758   761   760
 2088     751   762   763   757
 2089     751   763   753   757
 2090     762   763   757   765
 2091     763   753   757   759
 2092     763   757   765   766
 2093     763   757   766   759
 2094     762   672   675   765
 2095     762   675   763   765
 2096     672   675   765   681
 2097     675   763   765   766
 2098     675   765   681   684
 2099     675   765   684   766
 2100     753   763   764   759
 2101     753   764   755   759
 2102     763   764   759   766
 2103     764   755   759   761
 2104     764   759   766   767
 2105     764   759   767   761
 2106     763   675   678   766
 2107     763   678   764   766
 2108     675   678   766   684
 2109     678   764   766   767
 2110     678   766   684   687
 2111     678   766   687   767
 2112     678   679   769   687
 2113     678   769   768   687
 2114     679   769   687   688
 2115     769   768   687   774
 2116     769   687   688   775
 2117     769   687   775   774
 2118     679   680   770   688
 2119     679   770   769   688
 2120     680   770   688   689
 2121     770   769   688   775
 2122     770   688   689   776
 2123     770   688   776   775
 2124     768   769   772   774
 2125     768   772   771   774
 2126     769   772   774   775
 2127     772   771   774   777
 2128     772   774   775   778
 2129     772   774   778   777
 2130     769   770   773   775
 2131     769   773   772   775
 2132     770   773   775   776
 2133     773   772   775   778
 2134     773   775   776   779
 2135     773   775   779   778
 2136     680   694   780   689
 2137     680   780   770   689
 2138     694   780   689   700
 2139     780   770   689   776
 2140     780   689   700   784
 2141     780   689   784   776
 2142     694   695   781   700
 2143     694   781   780   700
 2144     695   781   700   701
 2145     781   780   700   784
 2146     781   700   701   785
 2147     781   700   785   784
 2148     770   780   782   776
 2149     770   782   773   776
 2150     780   782   776   784
 2151     782   773   776   779
 2152     782   776   784   786
 2153     782   776   786   779
 2154     780   781   783   784
 2155     780   783   782   784
 2156     781   783   784   785
 2157     783   782   784   786
 2158     783   784   785   787
 2159     783   784   787   786
 2160     695   706   788   701
 2161     695   788   781   701
 2162     706   788   701   712
 2163     788   781   701   785
 2164     788   701   712   792
 2165     788   701   792   785
 2166     706   707   789   712
 2167     706   789   788   712
 2168     707   789   712   713
 2169     789   788   712   792
 2170     789   712   713   793
 2171     789   712   793   792
 2172     781   788   790   785
 2173     781   790   783   785
 2174     788   790   785   792
 2175     790   783   785   787
 2176     790   785   792   794
 2177     790   785   794   787
 2178     788   789   791   792
 2179     788   791   790   792
 2180     789   791   792   793
 2181     791   790   792   794
 2182     791   792   793   795
 2183     791   792   795   794
 2184     707   718   796   713
 2185     707   796   789   713
 2186     718   796   713   724
 2187     796   789   713   793
 2188     796   713   724   800
 2189     796   713   800   793
 2190     718   719   797   724
 2191     718   797   796   724
 2192     719   797   724   725
 2193     797   796   724   800
 2194     797   724   725   801
 2195     797   724   801   800
 2196     789   796   798   793
 2197     789   798   791   793
 2198     796   798   793   800
 2199     798   791   793   795
 2200     798   793   800   802
 2201     798   793   802   795
 2202     796   797   799   800
 2203     796   799   798   800
 2204     797   799   800   801
 2205     799   798   800   802
 2206     799   800   801   803
 2207     799   800   803   802
 2208     719   730   804   725
 2209     719   804   797   725
 2210     730   804   725   736
 2211     804   797   725   801
 2212     804   725   736   808
 2213     804   725   808   801
 2214     730   731   805   736
 2215     730   805   804   736
 2216     731   805   736   737
 2217     805   804   736   808
 2218     805   736   737   809
 2219     805   736   809   808
 2220     797   804   806   801
 2221     797   806   799   801
 2222     804   806   801   808
 2223     806   799   801   803
 2224     806   801   808   810
 2225     806   801   810   803
 2226     804   805   807   808
 2227     804   807   806   808
 2228     805   807   808   809
 2229     807   806   808   810
 2230     807   808   809   811
 2231     807   808   811   810
 2232     731   742   812   737
 2233     731   812   805   737
 2234     742   812   737   748
 2235     812   805   737   809
 2236     812   737   748   816
 2237     812   737   816   809
 2238     742   743   813   748
 2239     742   813   812   748
 2240     743   813   748   749
 2241     813   812   748   816
 2242     813   748   749   817
 2243     813   748   817   816
 2244     805   812   814   809
 2245     805   814   807   809
 2246     812   814   809   816
 2247     814   807   809   811
 2248     814   809   816   818
 2249     814   809   818   811
 2250     812   813   815   816
 2251     812   815   814   816
 2252     813   815   816   817
 2253     815   814   816   818
 2254     815   816   817   819
 2255     815   816   819   818
 2256     743   754   820   749
 2257     743   820   813   749
 2258     754   820   749   760
 2259     820   813   749   817
 2260     820   749   760   824
 2261     820   749   824   817
 2262     754   755   821   760
 2263     754   821   820   760
 2264     755   821   760   761
 2265     821   820   760   824
 2266     821   760   761   825
 2267     821   760   825   824
 2268     813   820   822   817
 2269     813   822   815   817
 2270     820   822   817   824
 2271     822   815   817   819
 2272     822   817   824   826
 2273     822   817   826   819
 2274     820   821   823   824
 2275     820   823   822   824
 2276     821   823   824   825
 2277     823   822   824   826
 2278     823   824   825   827
 2279     823   824   827   826
 2280     755   764   828   761
 2281     755   828   821   761
 2282     764   828   761   767
 2283     828   821   761   825
 2284     828   761   767   830
 2285     828   761   830   825
 2286     764   678   768   767
 2287     764   768   828   767
 2288     678   768   767   687
 2289     768   828   767   830
 2290     768   767   687   774
 2291     768   767   774   830
 2292     821   828   829   825
 2293     821   829   823   825
 2294     828   829   825   830
 2295     829   823   825   827
 2296     829   825   830   831
 2297     829   825   831   827
 2298     828   768   771   830
 2299     828   771   829   830
 2300     768   771   830   774
 2301     771   829   830   831
 2302     771   830   774   777
 2303     771   830   777   831
 2304     771   772   833   777
 2305     771   833   832   777
 2306     772   833   777   778
 2307     833   832   777   838
 2308     833   777   778   839
 2309     833   777   839   838
 2310     772   773   834   778
 2311     772   834   833   778
 2312     773   834   778   779
 2313     834   833   778   839
 2314     834   778   779   840
 2315     834   778   840   839
 2316     832   833   836   838
 2317     832   836   835   838
 2318     833   836   838   839
 2319     836   835   838   841
 2320     836   838   839   842
 2321     836   838   842   841
 2322     833   834   837   839
 2323     833   837   836   839
 2324     834   837   839   840
 2325     837   836   839   842
 2326     837   839   840   843
 2327     837   839   843   842
 2328     773   782   844   779
 2329     773   844   834   779
 2330     782   844   779   786
 2331     844   834   779   840
 2332     844   779   786   848
 2333     844   779   848   840
 2334     782   783   845   786
 2335     782   845   844   786
 2336     783   845   786   787
 2337     845   844   786   848
 2338     845   786   787   849
 2339     845   786   849   848
 2340     834   844   846   840
 2341     834   846   837   840
 2342     844   846   840   848
 2343     846   837   840   843
 2344     846   840   848   850
 2345     846   840   850   843
 2346     844   845   847   848
 2347     844   847   846   848
 2348     845   847   848   849
 2349     847   846   848   850
 2350     847   848   849   851
 2351     847   848   851   850
 2352     783   790   852   787
 2353     783   852   845   787
 2354     790   852   787   794
 2355     852   845   787   849
 2356     852   787   794   856
 2357     852   787   856   849
 2358     790   791   853   794
 2359     790   853   852   794
 2360     791   853   794   795
 2361     853   852   794   856
 2362     853   794   795   857
 2363     853   794   857   856
 2364     845   852   854   849
 2365     845   854   847   849
 2366     852   854   849   856
 2367     854   847   849   851
 2368     854   849   856   858
 2369     854   849   858   851
 2370     852   853   855   856
 2371     852   855   854   856
 2372     853   855   856   857
 2373     855   854   856   858
 2374     855   856   857   859
 2375     855   856   859   858
 2376     791   798   860   795
 2377     791   860   853   795
 2378     798   860   795   802
 2379     860   853   795   857
 2380     860   795   802   864
 2381     860   795   864   857
 2382     798   799   861   802
 2383     798   861   860   802
 2384     799   861   802   803
 2385     861   860   802   864
 2386     861   802   803   865
 2387     861   802   865   864
 2388     853   860   862   857
 2389     853   862   855   857
 2390     860   862   857   864
 2391     862   855   857   859
 2392     862   857   864   866
 2393     862   857   866   859
 2394     860   861   863   864
 2395     860   863   862   864
 2396     861   863   864   865
 2397     863   862   864   866
 2398     863   864   865   867
 2399     863   864   867   866
 2400     799   806   868   803
 2401     799   868   861   803
 2402     806   868   803   810
 2403     868   861   803   865
 2404     868   803   810   872
 2405     868   803   872   865
 2406     806   807   869   810
 2407     806   869   868   810
 2408     807   869   810   811
 2409     869   868   810   872
 2410     869   810   811   873
 2411     869   810   873   872
 2412     861   868   870   865
 2413     861   870   863   865
 2414     868   870   865   872
 2415     870   863   865   867
 2416     870   865   872   874
 2417     870   865   874   867
 2418     868   869   871   872
 2419     868   871   870   872
 2420     869   871   872   873
 2421     871   870   872   874
 2422     871   872   873   875
 2423     871   872   875   874
 2424     807   814   876   811
 2425     807   876   869   811
 2426     814   876   811   818
 2427     876   869   811   873
 2428     876   811   818   880
 2429     876   811   880   873
 2430     814   815   877   818
 2431     814   877   876   818
 2432     815   877   818   819
 2433     877   876   818   880
 2434     877   818   819   881
 2435     877   818   881   880
 2436     869   876   878   873
 2437     869   878   871   873
 2438     876   878   873   880
 2439     878   871   873   875
 2440     878   873   880   882
 2441     878   873   882   875
 2442     876   877   879   880
 2443     876   879   878   880
 2444     877   879   880   881
 2445     879   878   880   882
 2446     879   880   881   883
 2447     879   880   883   882
 2448     815   822   884   819
 2449     815   884   877   819
 2450     822   884   819   826
 2451     884   877   819   881
 2452     884   819   826   888
 2453     884   819   888   881
 2454     822   823   885   826
 2455     822   885   884   826
 2456     823   885   826   827
 2457     885   884   826   888
 2458     885   826   827   889
 2459     885   826   889   888
 2460     877   884   886   881
 2461     877   886   879   881
 2462     884   886   881   888
 2463     886   879   881   883
 2464     886   881   888   890
 2465     886   881   890   883
 2466     884   885   887   888
 2467     884   887   886   888
 2468     885   887   888   889
 2469     887   886   888   890
 2470     887   888   889   891
 2471     887   888   891   890
 2472     823   829   892   827
 2473     823   892   885   827
 2474     829   892   827   831
 2475     892   885   827   889
 2476     892   827   831   894
 2477     892   827   894   889
 2478     829   771   832   831
 2479     829   832   892   831
 2480     771   832   831   777
 2481     832   892   831   894
 2482     832   831   777   838
 2483     832   831   838   894
 2484     885   892   893   889
 2485     885   893   887   889
 2486     892   893   889   894
 2487     893   887   889   891
 2488     893   889   894   895
 2489     893   889   895   891
 2490     892   832   835   894
 2491     892   835   893   894
 2492     832   835   894   838
 2493     835   893   894   895
 2494     835   894   838   841
 2495     835   894   841   895
 2496     835   836   897   841
 2497     835   897   896   841
 2498     836   897   841   842
 2499     897   896   841   902
 2500     897   841   842   903
 2501     897   841   903   902
 2502     836   837   898   842
 2503     836   898   897   842
 2504     837   898   842   843
 2505     898   897   842   903
 2506     898   842   843   904
 2507     898   842   904   903
 2508     896   897   900   902
 2509     896   900   899   902
 2510     897   900   902   903
 2511     900   899   902   905
 2512     900   902   903   906
 2513     900   902   906   905
 2514     897   898   901   903
 2515     897   901   900   903
 2516     898   901   903   904
 2517     901   900   903   906
 2518     901   903   904   907
 2519     901   903   907   906
 2520     837   846   908   843
 2521     837   908   898   843
 2522     846   908   843   850
 2523     908   898   843   904
 2524     908   843   850   912
 2525     908   843   912   904
 2526     846   847   909   850
 2527     846   909   908   850
 2528     847   909   850   851
 2529     909   908   850   912
 2530     909   850   851   913
 2531     909   850   913   912
 2532     898   908   910   904
 2533     898   910   901   904
 2534     908   910   904   912
 2535     910   901   904   907
 2536     910   904   912   914
 2537     910   904   914   907
 2538     908   909   911   912
 2539     908   911   910   912
 2540     909   911   912   913
 2541     911   910   912   914
 2542     911   912   913   915
 2543     911   912   915   914
 2544     847   854   916   851
 2545     847   916   909   851
 2546     854   916   851   858
 2547     916   909   851   913
 2548     916   851   858   920
 2549     916   851   920   913
 2550     854   855   917   858
 2551     854   917   916   858
 2552     855   917   858   859
 2553     917   916   858   920
 2554     917   858   859   921
 2555     917   858   921   920
 2556     909   916   918   913
 2557     909   918   911   913
 2558     916   918   913   920
 2559     918   911   913   915
 2560     918   913   920   922
 2561     918   913   922   915
 2562     916   917   919   920
 2563     916   919   918   920
 2564     917   919   920   921
 2565     919   918   920   922
 2566     919   920   921   923
 2567     919   920   923   922
 2568     855   862   924   859
 2569     855   924   917   859
 2570     862   924   859   866
 2571     924   917   859   921
 2572     924   859   866   928
 2573     924   859   928   921
 2574     862   863   925   866
 2575     862   925   924   866
 2576     863   925   866   867
 2577     925   924   866   928
 2578     925   866   867   929
 2579     925   866   929   928
 2580     917   924   926   921
 2581     917   926   919   921
 2582     924   926   921   928
 2583     926   919   921   923
 2584     926   921   928   930
 2585     926   921   930   923
 2586     924   925   927   928
 2587     924   927   926   928
 2588     925   927   928   929
 2589     927   926   928   930
 2590     927   928   929   931
 2591     927   928   931   930
 2592     863   870   932   867
 2593     863   932   925   867
 2594     870   932   867   874
 2595     932   925   867   929
 2596     932   867   874   936
 2597     932   867   936   929
 2598     870   871   933   874
 2599     870   933   932   874
 2600     871   933   874   875
 2601     933   932   874   936
 2602     933   874   875   937
 2603     933   874   937   936
 2604     925   932   934   929
 2605     925   934   927   929
 2606     932   934   929   936
 2607     934   927   929   931
 2608     934   929   936   938
 2609     934   929   938   931
 2610     932   933   935   936
 2611     932   935   934   936
 2612     933   935   936   937
 2613     935   934   936   938
 2614     935   936   937   939
 2615     935   936   939   938
 2616     871   878   940   875
 2617     871   940   933   875
 2618     878   940   875   882
 2619     940   933   875   937
 2620     940   875   882   944
 2621     940   875   944   937
 2622     878   879   941   882
 2623     878   941   940   882
 2624     879   941   882   883
 2625     941   940   882   944
 2626     941   882   883   945
 2627     941   882   945   944
 2628     933   940   942   937
 2629     933   942   935   937
 2630     940   942   937   944
 2631     942   935   937   939
 2632     942   937   944   946
 2633     942   937   946   939
 2634     940   941   943   944
 2635     940   943   942   944
 2636     941   943   944   945
 2637     943   942   944   946
 2638     943   944   945   947
 2639     943   944   947   946
 2640     879   886   948   883
 2641     879   948   941   883
 2642     886   948   883   890
 2643     948   941   883   945
 2644     948   883   890   952
 2645     948   883   952   945
 2646     886   887   949   890
 2647     886   949   948   890
 2648     887   949   890   891
 2649     949   948   890   952
 2650     949   890   891   953
 2651     949   890   953   952
 2652     941   948   950   945
 2653     941   950   943   945
 2654     948   950   945   952
 2655     950   943   945   947
 2656     950   945   952   954
 2657     950   945   954   947
 2658     948   949   951   952
 2659     948   951   950   952
 2660     949   951   952   953
 2661     951   950   952   954
 2662     951   952   953   955
 2663     951   952   955   954
 2664     887   893   956   891
 2665     887   956   949   891
 2666     893   956   891   895
 2667     956   949   891   953
 2668     956   891   895   958
 2669     956   891   958   953
 2670     893   835   896   895
 2671     893   896   956   895
 2672     835   896   895   841
 2673     896   956   895   958
 2674     896   895   841   902
 2675     896   895   902   958
 2676     949   956   957   953
 2677     949   957   951   953
 2678     956   957   953   958
 2679     957   951   953   955
 2680     957   953   958   959
 2681     957   953   959   955
 2682     956   896   899   958
 2683     956   899   957   958
 2684     896   899   958   902
 2685     899   957   958   959
 2686     899   958   902   905
 2687     899   958   905   959
 2688     899   900   961   905
 2689     899   961   960   905
 2690     900   961   905   906
 2691     961   960   905   966
 2692     961   905   906   967
 2693     961   905   967   966
 2694     900   901   962   906
 2695     900   962   961   906
 2696     901   962   906   907
 2697     962   961   906   967
 2698     962   906   907   968
 2699     962   906   968   967
 2700     960   961   964   966
 2701     960   964   963   966
 2702     961   964   966   967
 2703     964   963   966   969
 2704     964   966   967   970
 2705     964   966   970   969
 2706     961   962   965   967
 2707     961   965   964   967
 2708     962   965   967   968
 2709     965   964   967   970
 2710     965   967   968   971
 2711     965   967   971   970
 2712     901   910   972   907
 2713     901   972   962   907
 2714     910   972   907   914
 2715     972   962   907   968
 2716     972   907   914   976
 2717     972   907   976   968
 2718     910   911   973   914
 2719     910   973   972   914
 2720     911   973   914   915
 2721     973   972   914   976
 2722     973   914   915   977
 2723     973   914   977   976
 2724     962   972   974   968
 2725     962   974   965   968
 2726     972   974   968   976
 2727     974   965   968   971
 2728     974   968   976   978
 2729     974   968   978   971
 2730     972   973   975   976
 2731     972   975   974   976
 2732     973   975   976   977
 2733     975   974   976   978
 2734     975   976   977   979
 2735     975   976   979   978
 2736     911   918   980   915
 2737     911   980   973   915
 2738     918   980   915   922
 2739     980   973   915   977
 2740     980   915   922   984
 2741     980   915   984   977
 2742     918   919   981   922
 2743     918   981   980   922
 2744     919   981   922   923
 2745     981   980   922   984
 2746     981   922   923   985
 2747     981   922   985   984
 2748     973   980   982   977
 2749     973   982   975   977
 2750     980   982   977   984
 2751     982   975   977   979
 2752     982   977   984   986
 2753     982   977   986   979
 2754     980   981   983   984
 2755     980   983   982   984
 2756     981   983   984   985
 2757     983   982   984   986
 2758     983   984   985   987
 2759     983   984   987   986
 2760     919   926   988   923
 2761     919   988   981   923
 2762     926   988   923   930
 2763     988   981   923   985
 2764     988   923   930   992
 2765     988   923   992   985
 2766     926   927   989   930
 2767     926   989   988   930
 2768     927   989   930   931
 2769     989   988   930   992
 2770     989   930   931   993
 2771     989   930   993   992
 2772     981   988   990   985
 2773     981   990   983   985
 2774     988   990   985   992
 2775     990   983   985   987
 2776     990   985   992   994
 2777     990   985   994   987
 2778     988   989   991   992
 2779     988   991   990   992
 2780     989   991   992   993
 2781     991   990   992   994
 2782     991   992   993   995
 2783     991   992   995   994
 2784     927   934   996   931
 2785     927   996   989   931
 2786     934   996   931   938
 2787     996   989   931   993
 2788     996   931   938  1000
 2789     996   931  1000   993
 2790     934   935   997   938
 2791     934   997   996   938
 2792     935   997   938   939
 2793     997   996   938  1000
 2794     997   938   939  1001
 2795     997   938  1001  1000
 2796     989   996   998   993
 2797     989   998   991   993
 2798     996   998   993  1000
 2799     998   991   993   995
 2800     998   993  1000  1002
 2801     998   993  1002   995
 2802     996   997   999  1000
 2803     996   999   998  1000
 2804     997   999  1000  1001
 2805     999   998  1000  1002
 2806     999  1000  1001  1003
 2807     999  1000  1003  1002
 2808     935   942  1004   939
 2809     935  1004   997   939
 2810     942  1004   939   946
 2811    1004   997   939  1001
 2812    1004   939   946  1008
 2813    1004   939  1008  1001
 2814     942   943  1005   946
 2815     942  1005  1004   946
 2816     943  1005   946   947
 2817    1005  1004   946  1008
 2818    1005   946   947  1009
 2819    1005   946  1009  1008
 2820     997  1004  1006  1001
 2821     997  1006   999  1001
 2822    1004  1006  1001  1008
 2823    1006   999  1001  1003
 2824    1006  1001  1008  1010
 2825    1006  1001  1010  1003
 2826    1004  1005  1007  1008
 2827    1004  1007  1006  1008
 2828    1005  1007  1008  1009
 2829    1007  1006  1008  1010
 2830    1007  1008  1009  1011
 2831    1007  1008  1011  1010
 2832     943   950  1012   947
 2833     943  1012  1005   947
 2834     950  1012   947   954
 2835    1012  1005   947  1009
 2836    1012   947   954  1016
 2837    1012   947  1016  1009
 2838     950   951  1013   954
 2839     950  1013  1012   954
 2840     951  1013   954   955
 2841    1013  1012   954  1016
 2842    1013   954   955  1017
 2843    1013   954  1017  1016
 2844    1005  1012  1014  1009
 2845    1005  1014  1007  1009
 2846    1012  1014  1009  1016
 2847    1014  1007  1009  1011
 2848    1014  1009  1016  1018
 2849    1014  1009  1018  1011
 2850    1012  1013  1015  1016
 2851    1012  1015  1014  1016
 2852    1013  1015  1016  1017
 2853    1015  1014  1016  1018
 2854    1015  1016  1017  1019
 2855    1015  1016  1019  1018
 2856     951   957  1020   955
 2857     951  1020  1013   955
 2858     957  1020   955   959
 2859    1020  1013   955  1017
 2860    1020   955   959  1022
 2861    1020   955  1022  1017
 2862     957   899   960   959
 2863     957   960  1020   959
 2864     899   960   959   905
 2865     960  1020   959  1022
 2866     960   959   905   966
 2867     960   959   966  1022
 2868    1013  1020  1021  1017
 2869    1013  1021  1015  1017
 2870    1020  1021  1017  1022
 2871    1021  1015  1017  1019
 2872    1021  1017  1022  1023
 2873    1021  1017  1023  1019
 2874    1020   960   963  1022
 2875    1020   963  1021  1022
 2876     960   963  1022   966
 2877     963  1021  1022  1023
 2878     963  1022   966   969
 2879     963  1022   969  1023
 2880     963   964  1025   969
 2881     963  1025  1024   969
 2882     964  1025   969   970
 2883    1025  1024   969  1030
 2884    1025   969   970  1031
 2885    1025   969  1031  1030
 2886     964   965  1026   970
 2887     964  1026  1025   970
 2888     965  1026   970   971
 2889    1026  1025   970  1031
 2890    1026   970   971  1032
 2891    1026   970  1032  1031
 2892    1024  1025  1028  1030
 2893    1024  1028  1027  1030
 2894    1025  1028  1030  1031
 2895    1028  1027  1030  1033
 2896    1028  1030  1031  1034
 2897    1028  1030  1034  1033
 2898    1025  1026  1029  1031
 2899    1025  1029  1028  1031
 2900    1026  1029  1031  1032
 2901    1029  1028  1031  1034
 2902    1029  1031  1032  1035
 2903    1029  1031  1035  1034
 2904     965   974  1036   971
 2905     965  1036  1026   971
 2906     974  1036   971   978
 2907    1036  1026   971  1032
 2908    1036   971   978  1040
 2909    1036   971  1040  1032
 2910     974   975  1037   978
 2911     974  1037  1036   978
 2912     975  1037   978   979
 2913    1037  1036   978  1040
 2914    1037   978   979  1041
 2915    1037   978  1041  1040
 2916    1026  1036  1038  1032
 2917    1026  1038  1029  1032
 2918    1036  1038  1032  1040
 2919    1038  1029  1032  1035
 2920    1038  1032  1040  1042
 2921    1038  1032  1042  1035
 2922    1036  1037  1039  1040
 2923    1036  1039  1038  1040
 2924    1037  1039  1040  1041
 2925    1039  1038  1040  1042
 2926    1039  1040  1041  1043
 2927    1039  1040  1043  1042
 2928     975   982  1044   979
 2929     975  1044  1037   979
 2930     982  1044   979   986
 2931    1044  1037   979  1041
 2932    1044   979   986  1048
 2933    1044   979  1048  1041
 2934     982   983  1045   986
 2935     982  1045  1044   986
 2936     983  1045   986   987
 2937    1045  1044   986  1048
 2938    1045   986   987  1049
 2939    1045   986  1049  1048
 2940    1037  1044  1046  1041
 2941    1037  1046  1039  1041
 2942    1044  1046  1041  1048
 2943    1046  1039  1041  1043
 2944    1046  1041  1048  1050
 2945    1046  1041  1050  1043
 2946    1044  1045  1047  1048
 2947    1044  1047  1046  1048
 2948    1045  1047  1048  1049
 2949    1047  1046  1048  1050
 2950    1047  1048  1049  1051
 2951    1047  1048  1051  1050
 2952     983   990  1052   987
 2953     983  1052  1045   987
 2954     990  1052   987   994
 2955    1052  1045   987  1049
 2956    1052   987   994  1056
 2957    1052   987  1056  1049
 2958     990   991  1053   994
 2959     990  1053  1052   994
 2960     991  1053   994   995
 2961    1053  1052   994  1056
 2962    1053   994   995  1057
 2963    1053   994  1057  1056
 2964    1045  1052  1054  1049
 2965    1045  1054  1047  1049
 2966    1052  1054  1049  1056
 2967    1054  1047  1049  1051
 2968    1054  1049  1056  1058
 2969    1054  1049  1058  1051
 2970    1052  1053  1055  1056
 2971    1052  1055  1054  1056
 2972    1053  1055  1056  1057
 2973    1055  1054  1056  1058
 2974    1055  1056  1057  1059
 2975    1055  1056  1059  1058
 2976     991   998  1060   995
 2977     991  1060  1053   995
 2978     998  1060   995  1002
 2979    1060  1053   995  1057
 2980    1060   995  1002  1064
 2981    1060   995  1064  1057
 2982     998   999  1061  1002
 2983     998  1061  1060  1002
 2984     999  1061  1002  1003
 2985    1061  1060  1002  1064
 2986    1061  1002  1003  1065
 2987    1061  1002  1065  1064
 2988    1053  1060  1062  1057
 2989    1053  1062  1055  1057
 2990    1060  1062  1057  1064
 2991    1062  1055  1057  1059
 2992    1062  1057  1064  1066
 2993    1062  1057  1066  1059
 2994    1060  1061  1063  1064
 2995    1060  1063  1062  1064
 2996    1061  1063  1064  1065
 2997    1063  1062  1064  1066
 2998    1063  1064  1065  1067
 2999    1063  1064  1067  1066
 3000     999  1006  1068  1003
 3001     999  1068  1061  1003
 3002    1006  1068  1003  1010
 3003    1068  1061  1003  1065
 3004    1068  1003  1010  1072
 3005    1068  1003  1072  1065
 3006    1006  1007  1069  1010
 3007    1006  1069  1068  1010
 3008    1007  1069  1010  1011
 3009    1069  1068  1010  1072
 3010    1069  1010  1011  1073
 3011    1069  1010  1073  1072
 3012    1061  1068  1070  1065
 3013    1061  1070  1063  1065
 3014    1068  1070  1065  1072
 3015    1070  1063  1065  1067
 3016    1070  1065  1072  1074
 3017    1070  1065  1074  1067
 3018    1068  1069  1071  1072
 3019    1068  1071  1070  1072
 3020    1069  1071  1072  1073
 3021    1071  1070  1072  1074
 3022    1071  1072  1073  1075
 3023    1071  1072  1075  1074
 3024    1007  1014  1076  1011
 3025    1007  1076  1069  1011
 3026    1014  1076  1011  1018
 3027    1076  1069  1011  1073
 3028    1076  1011  1018  1080
 3029    1076  1011  1080  1073
 3030    1014  1015  1077  1018
 3031    1014  1077  1076  1018
 3032    1015  1077  1018  1019
 3033    1077  1076  1018  1080
 3034    1077  1018  1019  1081
 3035    1077  1018  1081  1080
 3036    1069  1076  1078  1073
 3037    1069  1078  1071  1073
 3038    1076  1078  1073  1080
 3039    1078  1071  1073  1075
 3040    1078  1073  1080  1082
 3041    1078  1073  1082  1075
 3042    1076  1077  1079  1080
 3043    1076  1079  1078  1080
 3044    1077  1079  1080  1081
 3045    1079  1078  1080  1082
 3046    1079  1080  1081  1083
 3047    1079  1080  1083  1082
 3048    1015  1021  1084  1019
 3049    1015  1084  1077  1019
 3050    1021  1084  1019  1023
 3051    1084  1077  1019  1081
 3052    1084  1019  1023  1086
 3053    1084  1019  1086  1081
 3054    1021   963  1024  1023
 3055    1021  1024  1084  1023
 3056     963  1024  1023   969
 3057    1024  1084  1023  1086
 3058    1024  1023   969  1030
 3059    1024  1023  1030  1086
 3060    1077  1084  1085  1081
 3061    1077  1085  1079  1081
 3062    1084  1085  1081  1086
 3063    1085  1079  1081  1083
 3064    1085  1081  1086  1087
 3065    1085  1081  1087  1083
 3066    1084  1024  1027  1086
 3067    1084  1027  1085  1086
 3068    1024  1027  1086  1030
 3069    1027  1085  1086  1087
 3070    1027  1086  1030  1033
 3071    1027  1086  1033  1087
 3072    1027  1028  1089  1033
 3073    1027  1089  1088  1033
 3074    1028  1089  1033  1034
 3075    1089  1088  1033  1094
 3076    1089  1033  1034  1095
 3077    1089  1033  1095  1094
 3078    1028  1029  1090  1034
 3079    1028  1090  1089  1034
 3080    1029  1090  1034  1035
 3081    1090  1089  1034  1095
 3082    1090  1034  1035  1096
 3083    1090  1034  1096  1095
 3084    1088  1089  1092  1094
 3085    1088  1092  1091  1094
 3086    1089  1092  1094  1095
 3087    1092  1091  1094  1097
 3088    1092  1094  1095  1098
 3089    1092  1094  1098  1097
 3090    1089  1090  1093  1095
 3091    1089  1093  1092  1095
 3092    1090  1093  1095  1096
 3093    1093  1092  1095  1098
 3094    1093  1095  1096  1099
 3095    1093  1095  1099  1098
 3096    1029  1038  1100  1035
 3097    1029  1100  1090  1035
 3098    1038  1100  1035  1042
 3099    1100  1090  1035  1096
 3100    1100  1035  1042  1104
 3101    1100  1035  1104  1096
 3102    1038  1039  1101  1042
 3103    1038  1101  1100  1042
 3104    1039  1101  1042  1043
 3105    1101  1100  1042  1104
 3106    1101  1042  1043  1105
 3107    1101  1042  1105  1104
 3108    1090  1100  1102  1096
 3109    1090  1102  1093  1096
 3110    1100  1102  1096  1104
 3111    1102  1093  1096  1099
 3112    1102  1096  1104  1106
 3113    1102  1096  1106  1099
 3114    1100  1101  1103  1104
 3115    1100  1103  1102  1104
 3116    1101  1103  1104  1105
 3117    1103  1102  1104  1106
 3118    1103  1104  1105  1107
 3119    1103  1104  1107  1106
 3120    1039  1046  1108  1043
 3121    1039  1108  1101  1043
 3122    1046  1108  1043  1050
 3123    1108  1101  1043  1105
 3124    1108  1043  1050  1112
 3125    1108  1043  1112  1105
 3126    1046  1047  1109  1050
 3127    1046  1109  1108  1050
 3128    1047  1109  1050  1051
 3129    1109  1108  1050  1112
 3130    1109  1050  1051  1113
 3131    1109  1050  1113  1112
 3132    1101  1108  1110  1105
 3133    1101  1110  1103  1105
 3134    1108  1110  1105  1112
 3135    1110  1103  1105  1107
 3136    1110  1105  1112  1114
 3137    1110  1105  1114  1107
 3138    1108  1109  1111  1112
 3139    1108  1111  1110  1112
 3140    1109  1111  1112  1113
 3141    1111  1110  1112  1114
 3142    1111  1112  1113  1115
 3143    1111  1112  1115  1114
 3144    1047  1054  1116  1051
 3145    1047  1116  1109  1051
 3146    1054  1116  1051  1058
 3147    1116  1109  1051  1113
 3148    1116  1051  1058  1120
 3149    1116  1051  1120  1113
 3150    1054  1055  1117  1058
 3151    1054  1117  1116  1058
 3152    1055  1117  1058  1059
 3153    1117  1116  1058  1120
 3154    1117  1058  1059  1121
 3155    1117  1058  1121  1120
 3156    1109  1116  1118  1113
 3157    1109  1118  1111  1113
 3158    1116  1118  1113  1120
 3159    1118  1111  1113  1115
 3160    1118  1113  1120  1122
 3161    1118  1113  1122  1115
 3162    1116  1117  1119  1120
 3163    1116  1119  1118  1120
 3164    1117  1119  1120  1121
 3165    1119  1118  1120  1122
 3166    1119  1120  1121  1123
 3167    1119  1120  1123  1122
 3168    1055  1062  1124  1059
 3169    1055  1124  1117  1059
 3170    1062  1124  1059  1066
 3171    1124  1117  1059  1121
 3172    1124  1059  1066  1128
 3173    1124  1059  1128  1121
 3174    1062  1063  1125  1066
 3175    1062  1125  1124  1066
 3176    1063  1125  1066  1067
 3177    1125  1124  1066  1128
 3178    1125  1066  1067  1129
 3179    1125  1066  1129  1128
 3180    1117  1124  1126  1121
 3181    1117  1126  1119  1121
 3182    1124  1126  1121  1128
 3183    1126  1119  1121  1123
 3184    1126  1121  1128  1130
 3185    1126  1121  1130  1123
 3186    1124  1125  1127  1128
 3187    1124  1127  1126  1128
 3188    1125  1127  1128  1129
 3189    1127  1126  1128  1130
 3190    1127  1128  1129  1131
 3191    1127  1128  1131  1130
 3192    1063  1070  1132  1067
 3193    1063  1132  1125  1067
 3194    1070  1132  1067  1074
 3195    1132  1125  1067  1129
 3196    1132  1067  1074  1136
 3197    1132  1067  1136  1129
 3198    1070  1071  1133  1074
 3199    1070  1133  1132  1074
 3200    1071  1133  1074  1075
 3201    1133  1132  1074  1136
 3202    1133  1074  1075  1137
 3203    1133  1074  1137  1136
 3204    1125  1132  1134  1129
 3205    1125  1134  1127  1129
 3206    1132  1134  1129  1136
 3207    1134  1127  1129  1131
 3208    1134  1129  1136  1138
 3209    1134  1129  1138  1131
 3210    1132  1133  1135  1136
 3211    1132  1135  1134  1136
 3212    1133  1135  1136  1137
 3213    1135  1134  1136  1138
 3214    1135  1136  1137  1139
 3215    1135  1136  1139  1138
 3216    1071  1078  1140  1075
 3217    1071  1140  1133  1075
 3218    1078  1140  1075  1082
 3219    1140  1133  1075  1137
 3220    1140  1075  1082  1144
 3221    1140  1075  1144  1137
 3222    1078  1079  1141  1082
 3223    1078  1141  1140  1082
 3224    1079  1141  1082  1083
 3225    1141  1140  1082  1144
 3226    1141  1082  1083  1145
 3227    1141  1082  1145  1144
 3228    1133  1140  1142  1137
 3229    1133  1142  1135  1137
 3230    1140  1142  1137  1144
 3231    1142  1135  1137  1139
 3232    1142  1137  1144  1146
 3233    1142  1137  1146  1139
 3234    1140  1141  1143  1144
 3235    1140  1143  1142  1144
 3236    1141  1143  1144  1145
 3237    1143  1142  1144  1146
 3238    1143  1144  1145  1147
 3239    1143  1144  1147  1146
 3240    1079  1085  1148  1083
 3241    1079  1148  1141  1083
 3242    1085  1148  1083  1087
 3243    1148  1141  1083  1145
 3244    1148  1083  1087  1150
 3245    1148  1083  1150  1145
 3246    1085  1027  1088  1087
 3247    1085  1088  1148  1087
 3248    1027  1088  1087  1033
 3249    1088  1148  1087  1150
 3250    1088  1087  1033  1094
 3251    1088  1087  1094  1150
 3252    1141  1148  1149  1145
 3253    1141  1149  1143  1145
 3254    1148  1149  1145  1150
 3255    1149  1143  1145  1147
 3256    1149  1145  1150  1151
 3257    1149  1145  1151  1147
 3258    1148  1088  1091  1150
 3259    1148  1091  1149  1150
 3260    1088  1091  1150  1094
 3261    1091  1149  1150  1151
 3262    1091  1150  1094  1097
 3263    1091  1150  1097  1151
 3264    1091  1092  1153  1097
 3265    1091  1153  1152  1097
 3266    1092  1153  1097  1098
 3267    1153  1152  1097  1158
 3268    1153  1097  1098  1159
 3269    1153  1097  1159  1158
 3270    1092  1093  1154  1098
 3271    1092  1154  1153  1098
 3272    1093  1154  1098  1099
 3273    1154  1153  1098  1159
 3274    1154  1098  1099  1160
 3275    1154  1098  1160  1159
 3276    1152  1153  1156  1158
 3277    1152  1156  1155  1158
 3278    1153  1156  1158  1159
 3279    1156  1155  1158  1161
 3280    1156  1158  1159  1162
 3281    1156  1158  1162  1161
 3282    1153  1154  1157  1159
 3283    1153  1157  1156  1159
 3284    1154  1157  1159  1160
 3285    1157  1156  1159  1162
 3286    1157  1159  1160  1163
 3287    1157  1159  1163  1162
 3288    1093  1102  1164  1099
 3289    1093  1164  1154  1099
 3290    1102  1164  1099  1106
 3291    1164  1154  1099  1160
 3292    1164  1099  1106  1168
 3293    1164  1099  1168  1160
 3294    1102  1103  1165  1106
 3295    1102  1165  1164  1106
 3296    1103  1165  1106  1107
 3297    1165  1164  1106  1168
 3298    1165  1106  1107  1169
 3299    1165  1106  1169  1168
 3300    1154  1164  1166  1160
 3301    1154  1166  1157  1160
 3302    1164  1166  1160  1168
 3303    1166  1157  1160  1163
 3304    1166  1160  1168  1170
 3305    1166  1160  1170  1163
 3306    1164  1165  1167  1168
 3307    1164  1167  1166  1168
 3308    1165  1167  1168  1169
 3309    1167  1166  1168  1170
 3310    1167  1168  1169  1171
 3311    1167  1168  1171  1170
 3312    1103  1110  1172  1107
 3313    1103  1172  1165  1107
 3314    1110  1172  1107  1114
 3315    1172  1165  1107  1169
 3316    1172  1107  1114  1176
 3317    1172  1107  1176  1169
 3318    1110  1111  1173  1114
 3319    1110  1173  1172  1114
 3320    1111  1173  1114  1115
 3321    1173  1172  1114  1176
 3322    1173  1114  1115  1177
 3323    1173  1114  1177  1176
 3324    1165  1172  1174  1169
 3325    1165  1174  1167  1169
 3326    1172  1174  1169  1176
 3327    1174  1167  1169  1171
 3328    1174  1169  1176  1178
 3329    1174  1169  1178  1171
 3330    1172  1173  1175  1176
 3331    1172  1175  1174  1176
 3332    1173  1175  1176  1177
 3333    1175  1174  1176  1178
 3334    1175  1176  1177  1179
 3335    1175  1176  1179  1178
 3336    1111  1118  1180  1115
 3337    1111  1180  1173  1115
 3338    1118  1180  1115  1122
 3339    1180  1173  1115  1177
 3340    1180  1115  1122  1184
 3341    1180  1115  1184  1177
 3342    1118  1119  1181  1122
 3343    1118  1181  1180  1122
 3344    1119  1181  1122  1123
 3345    1181  1180  1122  1184
 3346    1181  1122  1123  1185
 3347    1181  1122  1185  1184
 3348    1173  1180  1182  1177
 3349    1173  1182  1175  1177
 3350    1180  1182  1177  1184
 3351    1182  1175  1177  1179
 3352    1182  1177  1184  1186
 3353    1182  1177  1186  1179
 3354    1180  1181  1183  1184
 3355    1180  1183  1182  1184
 3356    1181  1183  1184  1185
 3357    1183  1182  1184  1186
 3358    1183  1184  1185  1187
 3359    1183  1184  1187  1186
 3360    1119  1126  1188  1123
 3361    1119  1188  1181  1123
 3362    1126  1188  1123  1130
 3363    1188  1181  1123  1185
 3364    1188  1123  1130  1192
 3365    1188  1123  1192  1185
 3366    1126  1127  1189  1130
 3367    1126  1189  1188  1130
 3368    1127  1189  1130  1131
 3369    1189  1188  1130  1192
 3370    1189  1130  1131  1193
 3371    1189  1130  1193  1192
 3372    1181  1188  1190  1185
 3373    1181  1190  1183  1185
 3374    1188  1190  1185  1192
 3375    1190  1183  1185  1187
 3376    1190  1185  1192  1194
 3377    1190  1185  1194  1187
 3378    1188  1189  1191  1192
 3379    1188  1191  1190  1192
 3380    1189  1191  1192  1193
 3381    1191  1190  1192  1194
 3382    1191  1192  1193  1195
 3383    1191  1192  1195  1194
 3384    1127  1134  1196  1131
 3385    1127  1196  1189  1131
 3386    1134  1196  1131  1138
 3387    1196  1189  1131  1193
 3388    1196  1131  1138  1200
 3389    1196  1131  1200  1193
 3390    1134  1135  1197  1138
 3391    1134  1197  1196  1138
 3392    1135  1197  1138  1139
 3393    1197  1196  1138  1200
 3394    1197  1138  1139  1201
 3395    1197  1138  1201  1200
 3396    1189  1196  1198  1193
 3397    1189  1198  1191  1193
 3398    1196  1198  1193  1200
 3399    1198  1191  1193  1195
 3400    1198  1193  1200  1202
 3401    1198  1193  1202  1195
 3402    1196  1197  1199  1200
 3403    1196  1199  1198  1200
 3404    1197  1199  1200  1201
 3405    1199  1198  1200  1202
 3406    1199  1200  1201  1203
 3407    1199  1200  1203  1202
 3408    1135  1142  1204  1139
 3409    1135  1204  1197  1139
 3410    1142  1204  1139  1146
 3411    1204  1197  1139  1201
 3412    1204  1139  1146  1208
 3413    1204  1139  1208  1201
 3414    1142  1143  1205  1146
 3415    1142  1205  1204  1146
 3416    1143  1205  1146  1147
 3417    1205  1204  1146  1208
 3418    1205  1146  1147  1209
 3419    1205  1146  1209  1208
 3420    1197  1204  1206  1201
 3421    1197  1206  1199  1201
 3422    1204  1206  1201  1208
 3423    1206  1199  1201  1203
 3424    1206  1201  1208  1210
 3425    1206  1201  1210  1203
 3426    1204  1205  1207  1208
 3427    1204  1207  1206  1208
 3428    1205  1207  1208  1209
 3429    1207  1206  1208  1210
 3430    1207  1208  1209  1211
 3431    1207  1208  1211  1210
 3432    1143  1149  1212  1147
 3433    1143  1212  1205  1147
 3434    1149  1212  1147  1151
 3435    1212  1205  1147  1209
 3436    1212  1147  1151  1214
 3437    1212  1147  1214  1209
 3438    1149  1091  1152  1151
 3439    1149  1152  1212  1151
 3440    1091  1152  1151  1097
 3441    1152  1212  1151  1214
 3442    1152  1151  1097  1158
 3443    1152  1151  1158  1214
 3444    1205  1212  1213  1209
 3445    1205  1213  1207  1209
 3446    1212  1213  1209  1214
 3447    1213  1207  1209  1211
 3448    1213  1209  1214  1215
 3449    1213  1209  1215  1211
 3450    1212  1152  1155  1214
 3451    1212  1155  1213  1214
 3452    1152  1155  1214  1158
 3453    1155  1213  1214  1215
 3454    1155  1214  1158  1161
 3455    1155  1214  1161  1215
 3456    1155  1156  1217  1161
 3457    1155  1217  1216  1161
 3458    1156  1217  1161  1162
 3459    1217  1216  1161  1222
 3460    1217  1161  1162  1223
 3461    1217  1161  1223  1222
 3462    1156  1157  1218  1162
 3463    1156  1218  1217  1162
 3464    1157  1218  1162  1163
 3465    1218  1217  1162  1223
 3466    1218  1162  1163  1224
 3467    1218  1162  1224  1223
 3468    1216  1217  1220  1222
 3469    1216  1220  1219  1222
 3470    1217  1220  1222  1223
 3471    1220  1219  1222  1225
 3472    1220  1222  1223  1226
 3473    1220  1222  1226  1225
 3474    1217  1218  1221  1223
 3475    1217  1221  1220  1223
 3476    1218  1221  1223  1224
 3477    1221  1220  1223  1226
 3478    1221  1223  1224  1227
 3479    1221  1223  1227  1226
 3480    1157  1166  1228  1163
 3481    1157  1228  1218  1163
 3482    1166  1228  1163  1170
 3483    1228  1218  1163  1224
 3484    1228  1163  1170  1232
 3485    1228  1163  1232  1224
 3486    1166  1167  1229  1170
 3487    1166  1229  1228  1170
 3488    1167  1229  1170  1171
 3489    1229  1228  1170  1232
 3490    1229  1170  1171  1233
 3491    1229  1170  1233  1232
 3492    1218  1228  1230  1224
 3493    1218  1230  1221  1224
 3494    1228  1230  1224  1232
 3495    1230  1221  1224  1227
 3496    1230  1224  1232  1234
 3497    1230  1224  1234  1227
 3498    1228  1229  1231  1232
 3499    1228  1231  1230  1232
 3500    1229  1231  1232  1233
 3501    1231  1230  1232  1234
 3502    1231  1232  1233  1235
 3503    1231  1232  1235  1234
 3504    1167  1174  1236  1171
 3505    1167  1236  1229  1171
 3506    1174  1236  1171  1178
 3507    1236  1229  1171  1233
 3508    1236  1171  1178  1240
 3509    1236  1171  1240  1233
 3510    1174  1175  1237  1178
 3511    1174  1237  1236  1178
 3512    1175  1237  1178  1179
 3513    1237  1236  1178  1240
 3514    1237  1178  1179  1241
 3515    1237  1178  1241  1240
 3516    1229  1236  1238  1233
 3517    1229  1238  1231  1233
 3518    1236  1238  1233  1240
 3519    1238  1231  1233  1235
 3520    1238  1233  1240  1242
 3521    1238  1233  1242  1235
 3522    1236  1237  1239  1240
 3523    1236  1239  1238  1240
 3524    1237  1239  1240  1241
 3525    1239  1238  1240  1242
 3526    1239  1240  1241  1243
 3527    1239  1240  1243  1242
 3528    1175  1182  1244  1179
 3529    1175  1244  1237  1179
 3530    1182  1244  1179  1186
 3531    1244  1237  1179  1241
 3532    1244  1179  1186  1248
 3533    1244  1179  1248  1241
 3534    1182  1183  1245  1186
 3535    1182  1245  1244  1186
 3536    1183  1245  1186  1187
 3537    1245  1244  1186  1248
 3538    1245  1186  1187  1249
 3539    1245  1186  1249  1248
 3540    1237  1244  1246  1241
 3541    1237  1246  1239  1241
 3542    1244  1246  1241  1248
 3543    1246  1239  1241  1243
 3544    1246  1241  1248  1250
 3545    1246  1241  1250  1243
 3546    1244  1245  1247  1248
 3547    1244  1247  1246  1248
 3548    1245  1247  1248  1249
 3549    1247  1246  1248  1250
 3550    1247  1248  1249  1251
 3551    1247  1248  1251  1250
 3552    1183  1190  1252  1187
 3553    1183  1252  1245  1187
 3554    1190  1252  1187  1194
 3555    1252  1245  1187  1249
 3556    1252  1187  1194  1256
 3557    1252  1187  1256  1249
 3558    1190  1191  1253  1194
 3559    1190  1253  1252  1194
 3560    1191  1253  1194  1195
 3561    1253  1252  1194  1256
 3562    1253  1194  1195  1257
 3563    1253  1194  1257  1256
 3564    1245  1252  1254  1249
 3565    1245  1254  1247  1249
 3566    1252  1254  1249  1256
 3567    1254  1247  1249  1251
 3568    1254  1249  1256  1258
 3569    1254  1249  1258  1251
 3570    1252  1253  1255  1256
 3571    1252  1255  1254  1256
 3572    1253  1255  1256  1257
 3573    1255  1254  1256  1258
 3574    1255  1256  1257  1259
 3575    1255  1256  1259  1258
 3576    1191  1198  1260  1195
 3577    1191  1260  1253  1195
 3578    1198  1260  1195  1202
 3579    1260  1253  1195  1257
 3580    1260  1195  1202  1264
 3581    1260  1195  1264  1257
 3582    1198  1199  1261  1202
 3583    1198  1261  1260  1202
 3584    1199  1261  1202  1203
 3585    1261  1260  1202  1264
 3586    1261  1202  1203  1265
 3587    1261  1202  1265  1264
 3588    1253  1260  1262  1257
 3589    1253  1262  1255  1257
 3590    1260  1262  1257  1264
 3591    1262  1255  1257  1259
 3592    1262  1257  1264  1266
 3593    1262  1257  1266  1259
 3594    1260  1261  1263  1264
 3595    1260  1263  1262  1264
 3596    1261  1263  1264  1265
 3597    1263  1262  1264  1266
 3598    1263  1264  1265  1267
 3599    1263  1264  1267  1266
 3600    1199  1206  1268  1203
 3601    1199  1268  1261  1203
 3602    1206  1268  1203  1210
 3603    1268  1261  1203  1265
 3604    1268  1203  1210  1272
 3605    1268  1203  1272  1265
 3606    1206  1207  1269  1210
 3607    1206  1269  1268  1210
 3608    1207  1269  1210  1211
 3609    1269  1268  1210  1272
 3610    1269  1210  1211  1273
 3611    1269  1210  1273  1272
 3612    1261  1268  1270  1265
 3613    1261  1270  1263  1265
 3614    1268  1270  1265  1272
 3615    1270  1263  1265  1267
 3616    1270  1265  1272  1274
 3617    1270  1265  1274  1267
 3618    1268  1269  1271  1272
 3619    1268  1271  1270  1272
 3620    1269  1271  1272  1273
 3621    1271  1270  1272  1274
 3622    1271  1272  1273  1275
 3623    1271  1272  1275  1274
 3624    1207  1213  1276  1211
 3625    1207  1276  1269  1211
 3626    1213  1276  1211  1215
 3627    1276  1269  1211  1273
 3628    1276  1211  1215  1278
 3629    1276  1211  1278  1273
 3630    1213  1155  1216  1215
 3631    1213  1216  1276  1215
 3632    1155  1216  1215  1161
 3633    1216  1276  1215  1278
 3634    1216  1215  1161  1222
 3635    1216  1215  1222  1278
 3636    1269  1276  1277  1273
 3637    1269  1277  1271  1273
 3638    1276  1277  1273  1278
 3639    1277  1271  1273  1275
 3640    1277  1273  1278  1279
 3641    1277  1273  1279  1275
 3642    1276  1216  1219  1278
 3643    1276  1219  1277  1278
 3644    1216  1219  1278  1222
 3645    1219  1277  1278  1279
 3646    1219  1278  1222  1225
 3647    1219  1278  1225  1279
 3648    1219  1220  1281  1225
 3649    1219  1281  1280  1225
 3650    1220  1281  1225  1226
 3651    1281  1280  1225  1286
 3652    1281  1225  1226  1287
 3653    1281  1225  1287  1286
 3654    1220  1221  1282  1226
 3655    1220  1282  1281  1226
 3656    1221  1282  1226  1227
 3657    1282  1281  1226  1287
 3658    1282  1226  1227  1288
 3659    1282  1226  1288  1287
 3660    1280  1281  1284  1286
 3661    1280  1284  1283  1286
 3662    1281  1284  1286  1287
 3663    1284  1283  1286  1289
 3664    1284  1286  1287  1290
 3665    1284  1286  1290  1289
 3666    1281  1282  1285  1287
 3667    1281  1285  1284  1287
 3668    1282  1285  1287  1288
 3669    1285  1284  1287  1290
 3670    1285  1287  1288  1291
 3671    1285  1287  1291  1290
 3672    1221  1230  1292  1227
 3673    1221  1292  1282  1227
 3674    1230  1292  1227  1234
 3675    1292  1282  1227  1288
 3676    1292  1227  1234  1296
 3677    1292  1227  1296  1288
 3678    1230  1231  1293  1234
 3679    1230  1293  1292  1234
 3680    1231  1293  1234  1235
 3681    1293  1292  1234  1296
 3682    1293  1234  1235  1297
 3683    1293  1234  1297  1296
 3684    1282  1292  1294  1288
 3685    1282  1294  1285  1288
 3686    1292  1294  1288  1296
 3687    1294  1285  1288  1291
 3688    1294  1288  1296  1298
 3689    1294  1288  1298  1291
 3690    1292  1293  1295  1296
 3691    1292  1295  1294  1296
 3692    1293  1295  1296  1297
 3693    1295  1294  1296  1298
 3694    1295  1296  1297  1299
 3695    1295  1296  1299  1298
 3696    1231  1238  1300  1235
 3697    1231  1300  1293  1235
 3698    1238  1300  1235  1242
 3699    1300  1293  1235  1297
 3700    1300  1235  1242  1304
 3701    1300  1235  1304  1297
 3702    1238  1239  1301  1242
 3703    1238  1301  1300  1242
 3704    1239  1301  1242  1243
 3705    1301  1300  1242  1304
 3706    1301  1242  1243  1305
 3707    1301  1242  1305  1304
 3708    1293  1300  1302  1297
 3709    1293  1302  1295  1297
 3710    1300  1302  1297  1304
 3711    1302  1295  1297  1299
 3712    1302  1297  1304  1306
 3713    1302  1297  1306  1299
 3714    1300  1301  1303  1304
 3715    1300  1303  1302  1304
 3716    1301  1303  1304  1305
 3717    1303  1302  1304  1306
 3718    1303  1304  1305  1307
 3719    1303  1304  1307  1306
 3720    1239  1246  1308  1243
 3721    1239  1308  1301  1243
 3722    1246  1308  1243  1250
 3723    1308  1301  1243  1305
 3724    1308  1243  1250  1312
 3725    1308  1243  1312  1305
 3726    1246  1247  1309  1250
 3727    1246  1309  1308  1250
 3728    1247  1309  1250  1251
 3729    1309  1308  1250  1312
 3730    1309  1250  1251  1313
 3731    1309  1250  1313  1312
 3732    1301  1308  1310  1305
 3733    1301  1310  1303  1305
 3734    1308  1310  1305  1312
 3735    1310  1303  1305  1307
 3736    1310  1305  1312  1314
 3737    1310  1305  1314  1307
 3738    1308  1309  1311  1312
 3739    1308  1311  1310  1312
 3740    1309  1311  1312  1313
 3741    1311  1310  1312  1314
 3742    1311  1312  1313  1315
 3743    1311  1312  1315  1314
 3744    1247  1254  1316  1251
 3745    1247  1316  1309  1251
 3746    1254  1316  1251  1258
 3747    1316  1309  1251  1313
 3748    1316  1251  1258  1320
 3749    1316  1251  1320  1313
 3750    1254  1255  1317  1258
 3751    1254  1317  1316  1258
 3752    1255  1317  1258  1259
 3753    1317  1316  1258  1320
 3754    1317  1258  1259  1321
 3755    1317  1258  1321  1320
 3756    1309  1316  1318  1313
 3757    1309  1318  1311  1313
 3758    1316  1318  1313  1320
 3759    1318  1311  1313  1315
 3760    1318  1313  1320  1322
 3761    1318  1313  1322  1315
 3762    1316  1317  1319  1320
 3763    1316  1319  1318  1320
 3764    1317  1319  1320  1321
 3765    1319  1318  1320  1322
 3766    1319  1320  1321  1323
 3767    1319  1320  1323  1322
 3768    1255  1262  1324  1259
 3769    1255  1324  1317  1259
 3770    1262  1324  1259  1266
 3771    1324  1317  1259  1321
 3772    1324  1259  1266  1328
 3773    1324  1259  1328  1321
 3774    1262  1263  1325  1266
 3775    1262  1325  1324  1266
 3776    1263  1325  1266  1267
 3777    1325  1324  1266  1328
 3778    1325  1266  1267  1329
 3779    1325  1266  1329  1328
 3780    1317  1324  1326  1321
 3781    1317  1326  1319  1321
 3782    1324  1326  1321  1328
 3783    1326  1319  1321  1323
 3784    1326  1321  1328  1330
 3785    1326  1321  1330  1323
 3786    1324  1325  1327  1328
 3787    1324  1327  1326  1328
 3788    1325  1327  1328  1329
 3789    1327  1326  1328  1330
 3790    1327  1328  1329  1331
 3791    1327  1328  1331  1330
 3792    1263  1270  1332  1267
 3793    1263  1332  1325  1267
 3794    1270  1332  1267  1274
 3795    1332  1325  1267  1329
 3796    1332  1267  1274  1336
 3797    1332  1267  1336  1329
 3798    1270  1271  1333  1274
 3799    1270  1333  1332  1274
 3800    1271  1333  1274  1275
 3801    1333  1332  1274  1336
 3802    1333  1274  1275  1337
 3803    1333  1274  1337  1336
 3804    1325  1332  1334  1329
 3805    1325  1334  1327  1329
 3806    1332  1334  1329  1336
 3807    1334  1327  1329  1331
 3808    1334  1329  1336  1338
 3809    1334  1329  1338  1331
 3810    1332  1333  1335  1336
 3811    1332  1335  1334  1336
 3812    1333  1335  1336  1337
 3813    1335  1334  1336  1338
 3814    1335  1336  1337  1339
 3815    1335  1336  1339  1338
 3816    1271  1277  1340  1275
 3817    1271  1340  1333  1275
 3818    1277  1340  1275  1279
 3819    1340  1333  1275  1337
 3820    1340  1275  1279  1342
 3821    1340  1275  1342  1337
 3822    1277  1219  1280  1279
 3823    1277  1280  1340  1279
 3824    1219  1280  1279  1225
 3825    1280  1340  1279  1342
 3826    1280  1279  1225  1286
 3827    1280  1279  1286  1342
 3828    1333  1340  1341  1337
 3829    1333  1341  1335  1337
 3830    1340  1341  1337  1342
 3831    1341  1335  1337  1339
 3832    1341  1337  1342  1343
 3833    1341  1337  1343  1339
 3834    1340  1280  1283  1342
 3835    1340  1283  1341  1342
 3836    1280  1283  1342  1286
 3837    1283  1341  1342  1343
 3838    1283  1342  1286  1289
 3839    1283  1342  1289  1343
 3840     611   612  1345   617
 3841     611  1345  1344   617
 3842     612  1345   617   618
 3843    1345  1344   617  1350
 3844    1345   617   618  1351
 3845    1345   617  1351  1350
 3846     612   613  1346   618
 3847     612  1346  1345   618
 3848     613  1346   618   619
 3849    1346  1345   618  1351
 3850    1346   618   619  1352
 3851    1346   618  1352  1351
 3852    1344  1345  1348  1350
 3853    1344  1348  1347  1350
 3854    1345  1348  1350  1351
 3855    1348  1347  1350  1353
 3856    1348  1350  1351  1354
 3857    1348  1350  1354  1353
 3858    1345  1346  1349  1351
 3859    1345  1349  1348  1351
 3860    1346  1349  1351  1352
 3861    1349  1348  1351  1354
 3862    1349  1351  1352  1355
 3863    1349  1351  1355  1354
 3864     613   622  1356   619
 3865     613  1356  1346   619
 3866     622  1356   619   626
 3867    1356  1346   619  1352
 3868    1356   619   626  1360
 3869    1356   619  1360  1352
 3870     622   623  1357   626
 3871     622  1357  1356   626
 3872     623  1357   626   627
 3873    1357  1356   626  1360
 3874    1357   626   627  1361
 3875    1357   626  1361  1360
 3876    1346  1356  1358  1352
 3877    1346  1358  1349  1352
 3878    1356  1358  1352  1360
 3879    1358  1349  1352  1355
 3880    1358  1352  1360  1362
 3881    1358  1352  1362  1355
 3882    1356  1357  1359  1360
 3883    1356  1359  1358  1360
 3884    1357  1359  1360  1361
 3885    1359  1358  1360  1362
 3886    1359  1360  1361  1363
 3887    1359  1360  1363  1362
 3888     623   630  1364   627
 3889     623  1364  1357   627
 3890     630  1364   627   634
 3891    1364  1357   627  1361
 3892    1364   627   634  1368
 3893    1364   627  1368  1361
 3894     630   631  1365   634
 3895     630  1365  1364   634
 3896     631  1365   634   635
 3897    1365  1364   634  1368
 3898    1365   634   635  1369
 3899    1365   634  1369  1368
 3900    1357  1364  1366  1361
 3901    1357  1366  1359  1361
 3902    1364  1366  1361  1368
 3903    1366  1359  1361  1363
 3904    1366  1361  1368  1370
 3905    1366  1361  1370  1363
 3906    1364  1365  1367  1368
 3907    1364  1367  1366  1368
 3908    1365  1367  1368  1369
 3909    1367  1366  1368  1370
 3910    1367  1368  1369  1371
 3911    1367  1368  1371  1370
 3912     631   638  1372   635
 3913     631  1372  1365   635
 3914     638  1372   635   642
 3915    1372  1365   635  1369
 3916    1372   635   642  1376
 3917    1372   635  1376  1369
 3918     638   639  1373   642
 3919     638  1373  1372   642
 3920     639  1373   642   643
 3921    1373  1372   642  1376
 3922    1373   642   643  1377
 3923    1373   642  1377  1376
 3924    1365  1372  1374  1369
 3925    1365  1374  1367  1369
 3926    1372  1374  1369  1376
 3927    1374  1367  1369  1371
 3928    1374  1369  1376  1378
 3929    1374  1369  1378  1371
 3930    1372  1373  1375  1376
 3931    1372  1375  1374  1376
 3932    1373  1375  1376  1377
 3933    1375  1374  1376  1378
 3934    1375  1376  1377  1379
 3935    1375  1376  1379  1378
 3936     639   646  1380   643
 3937     639  1380  1373   643
 3938     646  1380   643   650
 3939    1380  1373   643  1377
 3940    1380   643   650  1384
 3941    1380   643  1384  1377
 3942     646   647  1381   650
 3943     646  1381  1380   650
 3944     647  1381   650   651
 3945    1381  1380   650  1384
 3946    1381   650   651  1385
 3947    1381   650  1385  1384
 3948    1373  1380  1382  1377
 3949    1373  1382  1375  1377
 3950    1380  1382  1377  1384
 3951    1382  1375  1377  1379
 3952    1382  1377  1384  1386
 3953    1382  1377  1386  1379
 3954    1380  1381  1383  1384
 3955    1380  1383  1382  1384
 3956    1381  1383  1384  1385
 3957    1383  1382  1384  1386
 3958    1383  1384  1385  1387
 3959    1383  1384  1387  1386
 3960     647   654  1388   651
 3961     647  1388  1381   651
 3962     654  1388   651   658
 3963    1388  1381   651  1385
 3964    1388   651   658  1392
 3965    1388   651  1392  1385
 3966     654   655  1389   658
 3967     654  1389  1388   658
 3968     655  1389   658   659
 3969    1389  1388   658  1392
 3970    1389   658   659  1393
 3971    1389   658  1393  1392
 3972    1381  1388  1390  1385
 3973    1381  1390  1383  1385
 3974    1388  1390  1385  1392
 3975    1390  1383  1385  1387
 3976    1390  1385  1392  1394
 3977    1390  1385  1394  1387
 3978    1388  1389  1391  1392
 3979    1388  1391  1390  1392
 3980    1389  1391  1392  1393
 3981    1391  1390  1392  1394
 3982    1391  1392  1393  1395
 3983    1391  1392  1395  1394
 3984     655   662  1396   659
 3985     655  1396  1389   659
 3986     662  1396   659   666
 3987    1396  1389   659  1393
 3988    1396   659   666  1400
 3989    1396   659  1400  1393
 3990     662   663  1397   666
 3991     662  1397  1396   666
 3992     663  1397   666   667
 3993    1397  1396   666  1400
 3994    1397   666   667  1401
 3995    1397   666  1401  1400
 3996    1389  1396  1398  1393
 3997    1389  1398  1391  1393
 3998    1396  1398  1393  1400
 3999    1398  1391  1393  1395
 4000    1398  1393  1400  1402
 4001    1398  1393  1402  1395
 4002    1396  1397  1399  1400
 4003    1396  1399  1398  1400
 4004    1397  1399  1400  1401
 4005    1399  1398  1400  1402
 4006    1399  1400  1401  1403
 4007    1399  1400  1403  1402
 4008     663   669  1404   667
 4009     663  1404  1397   667
 4010     669  1404   667   671
 4011    1404  1397   667  1401
 4012    1404   667   671  1406
 4013    1404   667  1406  1401
 4014     669   611  1344   671
 4015     669  1344  1404   671
 4016     611  1344   671   617
 4017    1344  1404   671  1406
 4018    1344   671   617  1350
 4019    1344   671  1350  1406
 4020    1397  1404  1405  1401
 4021    1397  1405  1399  1401
 4022    1404  1405  1401  1406
 4023    1405  1399  1401  1403
 4024    1405  1401  1406  1407
 4025    1405  1401  1407  1403
 4026    1404  1344  1347  1406
 4027    1404  1347  1405  1406
 4028    1344  1347  1406  1350
 4029    1347  1405  1406  1407
 4030    1347  1406  1350  1353
 4031    1347  1406  1353  1407
 4032    1283  1284  1409  1289
 4033    1283  1409  1408  1289
 4034    1284  1409  1289  1290
 4035    1409  1408  1289  1414
 4036    1409  1289  1290  1415
 4037    1409  1289  1415  1414
 4038    1284  1285  1410  1290
 4039    1284  1410  1409  1290
 4040    1285  1410  1290  1291
 4041    1410  1409  1290  1415
 4042    1410  1290  1291  1416
 4043    1410  1290  1416  1415
 4044    1408  1409  1412  1414
 4045    1408  1412  1411  1414
 4046    1409  1412  1414  1415
 4047    1412  1411  1414  1353
 4048    1412  1414  1415  1407
 4049    1412  1414  1407  1353
 4050    1409  1410  1413  1415
 4051    1409  1413  1412  1415
 4052    1410  1413  1415  1416
 4053    1413  1412  1415  1407
 4054    1413  1415  1416  1403
 4055    1413  1415  1403  1407
 4056    1285  1294  1417  1291
 4057    1285  1417  1410  1291
 4058    1294  1417  1291  1298
 4059    1417  1410  1291  1416
 4060    1417  1291  1298  1421
 4061    1417  1291  1421  1416
 4062    1294  1295  1418  1298
 4063    1294  1418  1417  1298
 4064    1295  1418  1298  1299
 4065    1418  1417  1298  1421
 4066    1418  1298  1299  1422
 4067    1418  1298  1422  1421
 4068    1410  1417  1419  1416
 4069    1410  1419  1413  1416
 4070    1417  1419  1416  1421
 4071    1419  1413  1416  1403
 4072    1419  1416  1421  1402
 4073    1419  1416  1402  1403
 4074    1417  1418  1420  1421
 4075    1417  1420  1419  1421
 4076    1418  1420  1421  1422
 4077    1420  1419  1421  1402
 4078    1420  1421  1422  1395
 4079    1420  1421  1395  1402
 4080    1295  1302  1423  1299
 4081    1295  1423  1418  1299
 4082    1302  1423  1299  1306
 4083    1423  1418  1299  1422
 4084    1423  1299  1306  1427
 4085    1423  1299  1427  1422
 4086    1302  1303  1424  1306
 4087    1302  1424  1423  1306
 4088    1303  1424  1306  1307
 4089    1424  1423  1306  1427
 4090    1424  1306  1307  1428
 4091    1424  1306  1428  1427
 4092    1418  1423  1425  1422
 4093    1418  1425  1420  1422
 4094    1423  1425  1422  1427
 4095    1425  1420  1422  1395
 4096    1425  1422  1427  1394
 4097    1425  1422  1394  1395
 4098    1423  1424  1426  1427
 4099    1423  1426  1425  1427
 4100    1424  1426  1427  1428
 4101    1426  1425  1427  1394
 4102    1426  1427  1428  1387
 4103    1426  1427  1387  1394
 4104    1303  1310  1429  1307
 4105    1303  1429  1424  1307
 4106    1310  1429  1307  1314
 4107    1429  1424  1307  1428
 4108    1429  1307  1314  1433
 4109    1429  1307  1433  1428
 4110    1310  1311  1430  1314
 4111    1310  1430  1429  1314
 4112    1311  1430  1314  1315
 4113    1430  1429  1314  1433
 4114    1430  1314  1315  1434
 4115    1430  1314  1434  1433
 4116    1424  1429  1431  1428
 4117    1424  1431  1426  1428
 4118    1429  1431  1428  1433
 4119    1431  1426  1428  1387
 4120    1431  1428  1433  1386
 4121    1431  1428  1386  1387
 4122    1429  1430  1432  1433
 4123    1429  1432  1431  1433
 4124    1430  1432  1433  1434
 4125    1432  1431  1433  1386
 4126    1432  1433  1434  1379
 4127    1432  1433  1379  1386
 4128    1311  1318  1435  1315
 4129    1311  1435  1430  1315
 4130    1318  1435  1315  1322
 4131    1435  1430  1315  1434
 4132    1435  1315  1322  1439
 4133    1435  1315  1439  1434
 4134    1318  1319  1436  1322
 4135    1318  1436  1435  1322
 4136    1319  1436  1322  1323
 4137    1436  1435  1322  1439
 4138    1436  1322  1323  1440
 4139    1436  1322  1440  1439
 4140    1430  1435  1437  1434
 4141    1430  1437  1432  1434
 4142    1435  1437  1434  1439
 4143    1437  1432  1434  1379
 4144    1437  1434  1439  1441
 4145    1437  1434  1441  1379
 4146    1435  1436  1438  1439
 4147    1435  1438  1437  1439
 4148    1436  1438  1439  1440
 4149    1438  1437  1439  1441
 4150    1438  1439  1440  1442
 4151    1438  1439  1442  1441
 4152    1319  1326  1443  1323
 4153    1319  1443  1436  1323
 4154    1326  1443  1323  1330
 4155    1443  1436  1323  1440
 4156    1443  1323  1330  1447
 4157    1443  1323  1447  1440
 4158    1326  1327  1444  1330
 4159    1326  1444  1443  1330
 4160    1327  1444  1330  1331
 4161    1444  1443  1330  1447
 4162    1444  1330  1331  1448
 4163    1444  1330  1448  1447
 4164    1436  1443  1445  1440
 4165    1436  1445  1438  1440
 4166    1443  1445  1440  1447
 4167    1445  1438  1440  1442
 4168    1445  1440  1447  1449
 4169    1445  1440  1449  1442
 4170    1443  1444  1446  1447
 4171    1443  1446  1445  1447
 4172    1444  1446  1447  1448
 4173    1446  1445  1447  1449
 4174    1446  1447  1448  1450
 4175    1446  1447  1450  1449
 4176    1327  1334  1451  1331
 4177    1327  1451  1444  1331
 4178    1334  1451  1331  1338
 4179    1451  1444  1331  1448
 4180    1451  1331  1338  1455
 4181    1451  1331  1455  1448
 4182    1334  1335  1452  1338
 4183    1334  1452  1451  1338
 4184    1335  1452  1338  1339
 4185    1452  1451  1338  1455
 4186    1452  1338  1339  1456
 4187    1452  1338  1456  1455
 4188    1444  1451  1453  1448
 4189    1444  1453  1446  1448
 4190    1451  1453  1448  1455
 4191    1453  1446  1448  1450
 4192    1453  1448  1455  1457
 4193    1453  1448  1457  1450
 4194    1451  1452  1454  1455
 4195    1451  1454  1453  1455
 4196    1452  1454  1455  1456
 4197    1454  1453  1455  1457
 4198    1454  1455  1456  1458
 4199    1454  1455  1458  1457
 4200    1335  1341  1459  1339
 4201    1335  1459  1452  1339
 4202    1341  1459  1339  1343
 4203    1459  1452  1339  1456
 4204    1459  1339  1343  1461
 4205    1459  1339  1461  1456
 4206    1341  1283  1408  1343
 4207    1341  1408  1459  1343
 4208    1283  1408  1343  1289
 4209    1408  1459  1343  1461
 4210    1408  1343  1289  1414
 4211    1408  1343  1414  1461
 4212    1452  1459  1460  1456
 4213    1452  1460  1454  1456
 4214    1459  1460  1456  1461
 4215    1460  1454  1456  1458
 4216    1460  1456  1461  1462
 4217    1460  1456  1462  1458
 4218    1459  1408  1411  1461
 4219    1459  1411  1460  1461
 4220    1408  1411  1461  1414
 4221    1411  1460  1461  1462
 4222    1411  1461  1414  1353
 4223    1411  1461  1353  1462
 4224    1347  1348  1464  1353
 4225    1347  1464  1463  1353
 4226    1348  1464  1353  1354
 4227    1464  1463  1353  1469
 4228    1464  1353  1354  1470
 4229    1464  1353  1470  1469
 4230    1348  1349  1465  1354
 4231    1348  1465  1464  1354
 4232    1349  1465  1354  1355
 4233    1465  1464  1354  1470
 4234    1465  1354  1355  1471
 4235    1465  1354  1471  1470
 4236    1463  1464  1467  1469
 4237    1463  1467  1466  1469
 4238    1464  1467  1469  1470
 4239    1467  1466  1469  1472
 4240    1467  1469  1470  1473
 4241    1467  1469  1473  1472
 4242    1464  1465  1468  1470
 4243    1464  1468  1467  1470
 4244    1465  1468  1470  1471
 4245    1468  1467  1470  1473
 4246    1468  1470  1471  1474
 4247    1468  1470  1474  1473
 4248    1349  1358  1475  1355
 4249    1349  1475  1465  1355
 4250    1358  1475  1355  1362
 4251    1475  1465  1355  1471
 4252    1475  1355  1362  1479
 4253    1475  1355  1479  1471
 4254    1358  1359  1476  1362
 4255    1358  1476  1475  1362
 4256    1359  1476  1362  1363
 4257    1476  1475  1362  1479
 4258    1476  1362  1363  1480
 4259    1476  1362  1480  1479
 4260    1465  1475  1477  1471
 4261    1465  1477  1468  1471
 4262    1475  1477  1471  1479
 4263    1477  1468  1471  1474
 4264    1477  1471  1479  1481
 4265    1477  1471  1481  1474
 4266    1475  1476  1478  1479
 4267    1475  1478  1477  1479
 4268    1476  1478  1479  1480
 4269    1478  1477  1479  1481
 4270    1478  1479  1480  1482
 4271    1478  1479  1482  1481
 4272    1359  1366  1483  1363
 4273    1359  1483  1476  1363
 4274    1366  1483  1363  1370
 4275    1483  1476  1363  1480
 4276    1483  1363  1370  1487
 4277    1483  1363  1487  1480
 4278    1366  1367  1484  1370
 4279    1366  1484  1483  1370
 4280    1367  1484  1370  1371
 4281    1484  1483  1370  1487
 4282    1484  1370  1371  1488
 4283    1484  1370  1488  1487
 4284    1476  1483  1485  1480
 4285    1476  1485  1478  1480
 4286    1483  1485  1480  1487
 4287    1485  1478  1480  1482
 4288    1485  1480  1487  1489
 4289    1485  1480  1489  1482
 4290    1483  1484  1486  1487
 4291    1483  1486  1485  1487
 4292    1484  1486  1487  1488
 4293    1486  1485  1487  1489
 4294    1486  1487  1488  1490
 4295    1486  1487  1490  1489
 4296    1367  1374  1491  1371
 4297    1367  1491  1484  1371
 4298    1374  1491  1371  1378
 4299    1491  1484  1371  1488
 4300    1491  1371  1378  1495
 4301    1491  1371  1495  1488
 4302    1374  1375  1492  1378
 4303    1374  1492  1491  1378
 4304    1375  1492  1378  1379
 4305    1492  1491  1378  1495
 4306    1492  1378  1379  1496
 4307    1492  1378  1496  1495
 4308    1484  1491  1493  1488
 4309    1484  1493  1486  1488
 4310    1491  1493  1488  1495
 4311    1493  1486  1488  1490
 4312    1493  1488  1495  1497
 4313    1493  1488  1497  1490
 4314    1491  1492  1494  1495
 4315    1491  1494  1493  1495
 4316    1492  1494  1495  1496
 4317    1494  1493  1495  1497
 4318    1494  1495  1496  1498
 4319    1494  1495  1498  1497
 4320    1375  1382  1499  1379
 4321    1375  1499  1492  1379
 4322    1382  1499  1379  1386
 4323    1499  1492  1379  1496
 4324    1499  1379  1386  1503
 4325    1499  1379  1503  1496
 4326    1382  1383  1500  1386
 4327    1382  1500  1499  1386
 4328    1383  1500  1386  1387
 4329    1500  1499  1386  1503
 4330    1500  1386  1387  1504
 4331    1500  1386  1504  1503
 4332    1492  1499  1501  1496
 4333    1492  1501  1494  1496
 4334    1499  1501  1496  1503
 4335    1501  1494  1496  1498
 4336    1501  1496  1503  1505
 4337    1501  1496  1505  1498
 4338    1499  1500  1502  1503
 4339    1499  1502  1501  1503
 4340    1500  1502  1503  1504
 4341    1502  1501  1503  1505
 4342    1502  1503  1504  1506
 4343    1502  1503  1506  1505
 4344    1383  1390  1507  1387
 4345    1383  1507  1500  1387
 4346    1390  1507  1387  1394
 4347    1507  1500  1387  1504
 4348    1507  1387  1394  1511
 4349    1507  1387  1511  1504
 4350    1390  1391  1508  1394
 4351    1390  1508  1507  1394
 4352    1391  1508  1394  1395
 4353    1508  1507  1394  1511
 4354    1508  1394  1395  1512
 4355    1508  1394  1512  1511
 4356    1500  1507  1509  1504
 4357    1500  1509  1502  1504
 4358    1507  1509  1504  1511
 4359    1509  1502  1504  1506
 4360    1509  1504  1511  1513
 4361    1509  1504  1513  1506
 4362    1507  1508  1510  1511
 4363    1507  1510  1509  1511
 4364    1508  1510  1511  1512
 4365    1510  1509  1511  1513
 4366    1510  1511  1512  1514
 4367    1510  1511  1514  1513
 4368    1391  1398  1515  1395
 4369    1391  1515  1508  1395
 4370    1398  1515  1395  1402
 4371    1515  1508  1395  1512
 4372    1515  1395  1402  1519
 4373    1515  1395  1519  1512
 4374    1398  1399  1516  1402
 4375    1398  1516  1515  1402
 4376    1399  1516  1402  1403
 4377    1516  1515  1402  1519
 4378    1516  1402  1403  1520
 4379    1516  1402  1520  1519
 4380    1508  1515  1517  1512
 4381    1508  1517  1510  1512
 4382    1515  1517  1512  1519
 4383    1517  1510  1512  1514
 4384    1517  1512  1519  1521
 4385    1517  1512  1521  1514
 4386    1515  1516  1518  1519
 4387    1515  1518  1517  1519
 4388    1516  1518  1519  1520
 4389    1518  1517  1519  1521
 4390    1518  1519  1520  1522
 4391    1518  1519  1522  1521
 4392    1399  1405  1523  1403
 4393    1399  1523  1516  1403
 4394    1405  1523  1403  1407
 4395    1523  1516  1403  1520
 4396    1523  1403  1407  1525
 4397    1523  1403  1525  1520
 4398    1405  1347  1463  1407
 4399    1405  1463  1523  1407
 4400    1347  1463  1407  1353
 4401    1463  1523  1407  1525
 4402    1463  1407  1353  1469
 4403    1463  1407  1469  1525
 4404    1516  1523  1524  1520
 4405    1516  1524  1518  1520
 4406    1523  1524  1520  1525
 4407    1524  1518  1520  1522
 4408    1524  1520  1525  1526
 4409    1524  1520  1526  1522
 4410    1523  1463  1466  1525
 4411    1523  1466  1524  1525
 4412    1463  1466  1525  1469
 4413    1466  1524  1525  1526
 4414    1466  1525  1469  1472
 4415    1466  1525  1472  1526
 4416    1411  1412  1528  1353
 4417    1411  1528  1527  1353
 4418    1412  1528  1353  1407
 4419    1528  1527  1353  1469
 4420    1528  1353  1407  1525
 4421    1528  1353  1525  1469
 4422    1412  1413  1529  1407
 4423    1412  1529  1528  1407
 4424    1413  1529  1407  1403
 4425    1529  1528  1407  1525
 4426    1529  1407  1403  1520
 4427    1529  1407  1520  1525
 4428    1527  1528  1531  1469
 4429    1527  1531  1530  1469
 4430    1528  1531  1469  1525
 4431    1531  1530  1469  1472
 4432    1531  1469  1525  1526
 4433    1531  1469  1526  1472
 4434    1528  1529  1532  1525
 4435    1528  1532  1531  1525
 4436    1529  1532  1525  1520
 4437    1532  1531  1525  1526
 4438    1532  1525  1520  1522
 4439    1532  1525  1522  1526
 4440    1413  1419  1533  1403
 4441    1413  1533  1529  1403
 4442    1419  1533  1403  1402
 4443    1533  1529  1403  1520
 4444    1533  1403  1402  1519
 4445    1533  1403  1519  1520
 4446    1419  1420  1534  1402
 4447    1419  1534  1533  1402
 4448    1420  1534  1402  1395
 4449    1534  1533  1402  1519
 4450    1534  1402  1395  1512
 4451    1534  1402  1512  1519
 4452    1529  1533  1535  1520
 4453    1529  1535  1532  1520
 4454    1533  1535  1520  1519
 4455    1535  1532  1520  1522
 4456    1535  1520  1519  1521
 4457    1535  1520  1521  1522
 4458    1533  1534  1536  1519
 4459    1533  1536  1535  1519
 4460    1534  1536  1519  1512
 4461    1536  1535  1519  1521
 4462    1536  1519  1512  1514
 4463    1536  1519  1514  1521
 4464    1420  1425  1537  1395
 4465    1420  1537  1534  1395
 4466    1425  1537  1395  1394
 4467    1537  1534  1395  1512
 4468    1537  1395  1394  1511
 4469    1537  1395  1511  1512
 4470    1425  1426  1538  1394
 4471    1425  1538  1537  1394
 4472    1426  1538  1394  1387
 4473    1538  1537  1394  1511
 4474    1538  1394  1387  1504
 4475    1538  1394  1504  1511
 4476    1534  1537  1539  1512
 4477    1534  1539  1536  1512
 4478    1537  1539  1512  1511
 4479    1539  1536  1512  1514
 4480    1539  1512  1511  1513
 4481    1539  1512  1513  1514
 4482    1537  1538  1540  1511
 4483    1537  1540  1539  1511
 4484    1538  1540  1511  1504
 4485    1540  1539  1511  1513
 4486    1540  1511  1504  1506
 4487    1540  1511  1506  1513
 4488    1426  1431  1541  1387
 4489    1426  1541  1538  1387
 4490    1431  1541  1387  1386
 4491    1541  1538  1387  1504
 4492    1541  1387  1386  1503
 4493    1541  1387  1503  1504
 4494    1431  1432  1542  1386
 4495    1431  1542  1541  1386
 4496    1432  1542  1386  1379
 4497    1542  1541  1386  1503
 4498    1542  1386  1379  1496
 4499    1542  1386  1496  1503
 4500    1538  1541  1543  1504
 4501    1538  1543  1540  1504
 4502    1541  1543  1504  1503
 4503    1543  1540  1504  1506
 4504    1543  1504  1503  1505
 4505    1543  1504  1505  1506
 4506    1541  1542  1544  1503
 4507    1541  1544  1543  1503
 4508    1542  1544  1503  1496
 4509    1544  1543  1503  1505
 4510    1544  1503  1496  1498
 4511    1544  1503  1498  1505
 4512    1432  1437  1545  1379
 4513    1432  1545  1542  1379
 4514    1437  1545  1379  1441
 4515    1545  1542  1379  1496
 4516    1545  1379  1441  1549
 4517    1545  1379  1549  1496
 4518    1437  1438  1546  1441
 4519    1437  1546  1545  1441
 4520    1438  1546  1441  1442
 4521    1546  1545  1441  1549
 4522    1546  1441  1442  1550
 4523    1546  1441  1550  1549
 4524    1542  1545  1547  1496
 4525    1542  1547  1544  1496
 4526    1545  1547  1496  1549
 4527    1547  1544  1496  1498
 4528    1547  1496  1549  1551
 4529    1547  1496  1551  1498
 4530    1545  1546  1548  1549
 4531    1545  1548  1547  1549
 4532    1546  1548  1549  1550
 4533    1548  1547  1549  1551
 4534    1548  1549  1550  1552
 4535    1548  1549  1552  1551
 4536    1438  1445  1553  1442
 4537    1438  1553  1546  1442
 4538    1445  1553  1442  1449
 4539    1553  1546  1442  1550
 4540    1553  1442  1449  1557
 4541    1553  1442  1557  1550
 4542    1445  1446  1554  1449
 4543    1445  1554  1553  1449
 4544    1446  1554  1449  1450
 4545    1554  1553  1449  1557
 4546    1554  1449  1450  1558
 4547    1554  1449  1558  1557
 4548    1546  1553  1555  1550
 4549    1546  1555  1548  1550
 4550    1553  1555  1550  1557
 4551    1555  1548  1550  1552
 4552    1555  1550  1557  1559
 4553    1555  1550  1559  1552
 4554    1553  1554  1556  1557
 4555    1553  1556  1555  1557
 4556    1554  1556  1557  1558
 4557    1556  1555  1557  1559
 4558    1556  1557  1558  1560
 4559    1556  1557  1560  1559
 4560    1446  1453  1561  1450
 4561    1446  1561  1554  1450
 4562    1453  1561  1450  1457
 4563    1561  1554  1450  1558
 4564    1561  1450  1457  1565
 4565    1561  1450  1565  1558
 4566    1453  1454  1562  1457
 4567    1453  1562  1561  1457
 4568    1454  1562  1457  1458
 4569    1562  1561  1457  1565
 4570    1562  1457  1458  1566
 4571    1562  1457  1566  1565
 4572    1554  1561  1563  1558
 4573    1554  1563  1556  1558
 4574    1561  1563  1558  1565
 4575    1563  1556  1558  1560
 4576    1563  1558  1565  1567
 4577    1563  1558  1567  1560
 4578    1561  1562  1564  1565
 4579    1561  1564  1563  1565
 4580    1562  1564  1565  1566
 4581    1564  1563  1565  1567
 4582    1564  1565  1566  1568
 4583    1564  1565  1568  1567
 4584    1454  1460  1569  1458
 4585    1454  1569  1562  1458
 4586    1460  1569  1458  1462
 4587    1569  1562  1458  1566
 4588    1569  1458  1462  1571
 4589    1569  1458  1571  1566
 4590    1460  1411  1527  1462
 4591    1460  1527  1569  1462
 4592    1411  1527  1462  1353
 4593    1527  1569  1462  1571
 4594    1527  1462  1353  1469
 4595    1527  1462  1469  1571
 4596    1562  1569  1570  1566
 4597    1562  1570  1564  1566
 4598    1569  1570  1566  1571
 4599    1570  1564  1566  1568
 4600    1570  1566  1571  1572
 4601    1570  1566  1572  1568
 4602    1569  1527  1530  1571
 4603    1569  1530  1570  1571
 4604    1527  1530  1571  1469
 4605    1530  1570  1571  1572
 4606    1530  1571  1469  1472
 4607    1530  1571  1472  1572
 4608    1466  1467  1574  1472
 4609    1466  1574  1573  1472
 4610    1467  1574  1472  1473
 4611    1574  1573  1472  1579
 4612    1574  1472  1473  1580
 4613    1574  1472  1580  1579
 4614    1467  1468  1575  1473
 4615    1467  1575  1574  1473
 4616    1468  1575  1473  1474
 4617    1575  1574  1473  1580
 4618    1575  1473  1474  1581
 4619    1575  1473  1581  1580
 4620    1573  1574  1577  1579
 4621    1573  1577  1576  1579
 4622    1574  1577  1579  1580
 4623    1577  1576  1579  1582
 4624    1577  1579  1580  1583
 4625    1577  1579  1583  1582
 4626    1574  1575  1578  1580
 4627    1574  1578  1577  1580
 4628    1575  1578  1580  1581
 4629    1578  1577  1580  1583
 4630    1578  1580  1581  1584
 4631    1578  1580  1584  1583
 4632    1468  1477  1585  1474
 4633    1468  1585  1575  1474
 4634    1477  1585  1474  1481
 4635    1585  1575  1474  1581
 4636    1585  1474  1481  1589
 4637    1585  1474  1589  1581
 4638    1477  1478  1586  1481
 4639    1477  1586  1585  1481
 4640    1478  1586  1481  1482
 4641    1586  1585  1481  1589
 4642    1586  1481  1482  1590
 4643    1586  1481  1590  1589
 4644    1575  1585  1587  1581
 4645    1575  1587  1578  1581
 4646    1585  1587  1581  1589
 4647    1587  1578  1581  1584
 4648    1587  1581  1589  1591
 4649    1587  1581  1591  1584
 4650    1585  1586  1588  1589
 4651    1585  1588  1587  1589
 4652    1586  1588  1589  1590
 4653    1588  1587  1589  1591
 4654    1588  1589  1590  1592
 4655    1588  1589  1592  1591
 4656    1478  1485  1593  1482
 4657    1478  1593  1586  1482
 4658    1485  1593  1482  1489
 4659    1593  1586  1482  1590
 4660    1593  1482  1489  1597
 4661    1593  1482  1597  1590
 4662    1485  1486  1594  1489
 4663    1485  1594  1593  1489
 4664    1486  1594  1489  1490
 4665    1594  1593  1489  1597
 4666    1594  1489  1490  1598
 4667    1594  1489  1598  1597
 4668    1586  1593  1595  1590
 4669    1586  1595  1588  1590
 4670    1593  1595  1590  1597
 4671    1595  1588  1590  1592
 4672    1595  1590  1597  1599
 4673    1595  1590  1599  1592
 4674    1593  1594  1596  1597
 4675    1593  1596  1595  1597
 4676    1594  1596  1597  1598
 4677    1596  1595  1597  1599
 4678    1596  1597  1598  1600
 4679    1596  1597  1600  1599
 4680    1486  1493  1601  1490
 4681    1486  1601  1594  1490
 4682    1493  1601  1490  1497
 4683    1601  1594  1490  1598
 4684    1601  1490  1497  1605
 4685    1601  1490  1605  1598
 4686    1493  1494  1602  1497
 4687    1493  1602  1601  1497
 4688    1494  1602  1497  1498
 4689    1602  1601  1497  1605
 4690    1602  1497  1498  1606
 4691    1602  1497  1606  1605
 4692    1594  1601  1603  1598
 4693    1594  1603  1596  1598
 4694    1601  1603  1598  1605
 4695    1603  1596  1598  1600
 4696    1603  1598  1605  1607
 4697    1603  1598  1607  1600
 4698    1601  1602  1604  1605
 4699    1601  1604  1603  1605
 4700    1602  1604  1605  1606
 4701    1604  1603  1605  1607
 4702    1604  1605  1606  1608
 4703    1604  1605  1608  1607
 4704    1494  1501  1609  1498
 4705    1494  1609  1602  1498
 4706    1501  1609  1498  1505
 4707    1609  1602  1498  1606
 4708    1609  1498  1505  1613
 4709    1609  1498  1613  1606
 4710    1501  1502  1610  1505
 4711    1501  1610  1609  1505
 4712    1502  1610  1505  1506
 4713    1610  1609  1505  1613
 4714    1610  1505  1506  1614
 4715    1610  1505  1614  1613
 4716    1602  1609  1611  1606
 4717    1602  1611  1604  1606
 4718    1609  1611  1606  1613
 4719    1611  1604  1606  1608
 4720    1611  1606  1613  1615
 4721    1611  1606  1615  1608
 4722    1609  1610  1612  1613
 4723    1609  1612  1611  1613
 4724    1610  1612  1613  1614
 4725    1612  1611  1613  1615
 4726    1612  1613  1614  1616
 4727    1612  1613  1616  1615
 4728    1502  1509  1617  1506
 4729    1502  1617  1610  1506
 4730    1509  1617  1506  1513
 4731    1617  1610  1506  1614
 4732    1617  1506  1513  1621
 4733    1617  1506  1621  1614
 4734    1509  1510  1618  1513
 4735    1509  1618  1617  1513
 4736    1510  1618  1513  1514
 4737    1618  1617  1513  1621
 4738    1618  1513  1514  1622
 4739    1618  1513  1622  1621
 4740    1610  1617  1619  1614
 4741    1610  1619  1612  1614
 4742    1617  1619  1614  1621
 4743    1619  1612  1614  1616
 4744    1619  1614  1621  1623
 4745    1619  1614  1623  1616
 4746    1617  1618  1620  1621
 4747    1617  1620  1619  1621
 4748    1618  1620  1621  1622
 4749    1620  1619  1621  1623
 4750    1620  1621  1622  1624
 4751    1620  1621  1624  1623
 4752    1510  1517  1625  1514
 4753    1510  1625  1618  1514
 4754    1517  1625  1514  1521
 4755    1625  1618  1514  1622
 4756    1625  1514  1521  1629
 4757    1625  1514  1629  1622
 4758    1517  1518  1626  1521
 4759    1517  1626  1625  1521
 4760    1518  1626  1521  1522
 4761    1626  1625  1521  1629
 4762    1626  1521  1522  1630
 4763    1626  1521  1630  1629
 4764    1618  1625  1627  1622
 4765    1618  1627  1620  1622
 4766    1625  1627  1622  1629
 4767    1627  1620  1622  1624
 4768    1627  1622  1629  1631
 4769    1627  1622  1631  1624
 4770    1625  1626  1628  1629
 4771    1625  1628  1627  1629
 4772    1626  1628  1629  1630
 4773    1628  1627  1629  1631
 4774    1628  1629  1630  1632
 4775    1628  1629  1632  1631
 4776    1518  1524  1633  1522
 4777    1518  1633  1626  1522
 4778    1524  1633  1522  1526
 4779    1633  1626  1522  1630
 4780    1633  1522  1526  1635
 4781    1633  1522  1635  1630
 4782    1524  1466  1573  1526
 4783    1524  1573  1633  1526
 4784    1466  1573  1526  1472
 4785    1573  1633  1526  1635
 4786    1573  1526  1472  1579
 4787    1573  1526  1579  1635
 4788    1626  1633  1634  1630
 4789    1626  1634  1628  1630
 4790    1633  1634  1630  1635
 4791    1634  1628  1630  1632
 4792    1634  1630  1635  1636
 4793    1634  1630  1636  1632
 4794    1633  1573  1576  1635
 4795    1633  1576  1634  1635
 4796    1573  1576  1635  1579
 4797    1576  1634  1635  1636
 4798    1576  1635  1579  1582
 4799    1576  1635  1582  1636
 4800    1530  1531  1638  1472
 4801    1530  1638  1637  1472
 4802    1531  1638  1472  1526
 4803    1638  1637  1472  1579
 4804    1638  1472  1526  1635
 4805    1638  1472  1635  1579
 4806    1531  1532  1639  1526
 4807    1531  1639  1638  1526
 4808    1532  1639  1526  1522
 4809    1639  1638  1526  1635
 4810    1639  1526  1522  1630
 4811    1639  1526  1630  1635
 4812    1637  1638  1641  1579
 4813    1637  1641  1640  1579
 4814    1638  1641  1579  1635
 4815    1641  1640  1579  1582
 4816    1641  1579  1635  1636
 4817    1641  1579  1636  1582
 4818    1638  1639  1642  1635
 4819    1638  1642  1641  1635
 4820    1639  1642  1635  1630
 4821    1642  1641  1635  1636
 4822    1642  1635  1630  1632
 4823    1642  1635  1632  1636
 4824    1532  1535  1643  1522
 4825    1532  1643  1639  1522
 4826    1535  1643  1522  1521
 4827    1643  1639  1522  1630
 4828    1643  1522  1521  1629
 4829    1643  1522  1629  1630
 4830    1535  1536  1644  1521
 4831    1535  1644  1643  1521
 4832    1536  1644  1521  1514
 4833    1644  1643  1521  1629
 4834    1644  1521  1514  1622
 4835    1644  1521  1622  1629
 4836    1639  1643  1645  1630
 4837    1639  1645  1642  1630
 4838    1643  1645  1630  1629
 4839    1645  1642  1630  1632
 4840    1645  1630  1629  1631
 4841    1645  1630  1631  1632
 4842    1643  1644  1646  1629
 4843    1643  1646  1645  1629
 4844    1644  1646  1629  1622
 4845    1646  1645  1629  1631
 4846    1646  1629  1622  1624
 4847    1646  1629  1624  1631
 4848    1536  1539  1647  1514
 4849    1536  1647  1644  1514
 4850    1539  1647  1514  1513
 4851    1647  1644  1514  1622
 4852    1647  1514  1513  1621
 4853    1647  1514  1621  1622
 4854    1539  1540  1648  1513
 4855    1539  1648  1647  1513
 4856    1540  1648  1513  1506
 4857    1648  1647  1513  1621
 4858    1648  1513  1506  1614
 4859    1648  1513  1614  1621
 4860    1644  1647  1649  1622
 4861    1644  1649  1646  1622
 4862    1647  1649  1622  1621
 4863    1649  1646  1622  1624
 4864    1649  1622  1621  1623
 4865    1649  1622  1623  1624
 4866    1647  1648  1650  1621
 4867    1647  1650  1649  1621
 4868    1648  1650  1621  1614
 4869    1650  1649  1621  1623
 4870    1650  1621  1614  1616
 4871    1650  1621  1616  1623
 4872    1540  1543  1651  1506
 4873    1540  1651  1648  1506
 4874    1543  1651  1506  1505
 4875    1651  1648  1506  1614
 4876    1651  1506  1505  1613
 4877    1651  1506  1613  1614
 4878    1543  1544  1652  1505
 4879    1543  1652  1651  1505
 4880    1544  1652  1505  1498
 4881    1652  1651  1505  1613
 4882    1652  1505  1498  1606
 4883    1652  1505  1606  1613
 4884    1648  1651  1653  1614
 4885    1648  1653  1650  1614
 4886    1651  1653  1614  1613
 4887    1653  1650  1614  1616
 4888    1653  1614  1613  1615
 4889    1653  1614  1615  1616
 4890    1651  1652  1654  1613
 4891    1651  1654  1653  1613
 4892    1652  1654  1613  1606
 4893    1654  1653  1613  1615
 4894    1654  1613  1606  1608
 4895    1654  1613  1608  1615
 4896    1544  1547  1655  1498
 4897    1544  1655  1652  1498
 4898    1547  1655  1498  1551
 4899    1655  1652  1498  1606
 4900    1655  1498  1551  1659
 4901    1655  1498  1659  1606
 4902    1547  1548  1656  1551
 4903    1547  1656  1655  1551
 4904    1548  1656  1551  1552
 4905    1656  1655  1551  1659
 4906    1656  1551  1552  1660
 4907    1656  1551  1660  1659
 4908    1652  1655  1657  1606
 4909    1652  1657  1654  1606
 4910    1655  1657  1606  1659
 4911    1657  1654  1606  1608
 4912    1657  1606  1659  1661
 4913    1657  1606  1661  1608
 4914    1655  1656  1658  1659
 4915    1655  1658  1657  1659
 4916    1656  1658  1659  1660
 4917    1658  1657  1659  1661
 4918    1658  1659  1660  1662
 4919    1658  1659  1662  1661
 4920    1548  1555  1663  1552
 4921    1548  1663  1656  1552
 4922    1555  1663  1552  1559
 4923    1663  1656  1552  1660
 4924    1663  1552  1559  1667
 4925    1663  1552  1667  1660
 4926    1555  1556  1664  1559
 4927    1555  1664  1663  1559
 4928    1556  1664  1559  1560
 4929    1664  1663  1559  1667
 4930    1664  1559  1560  1668
 4931    1664  1559  1668  1667
 4932    1656  1663  1665  1660
 4933    1656  1665  1658  1660
 4934    1663  1665  1660  1667
 4935    1665  1658  1660  1662
 4936    1665  1660  1667  1669
 4937    1665  1660  1669  1662
 4938    1663  1664  1666  1667
 4939    1663  1666  1665  1667
 4940    1664  1666  1667  1668
 4941    1666  1665  1667  1669
 4942    1666  1667  1668  1670
 4943    1666  1667  1670  1669
 4944    1556  1563  1671  1560
 4945    1556  1671  1664  1560
 4946    1563  1671  1560  1567
 4947    1671  1664  1560  1668
 4948    1671  1560  1567  1675
 4949    1671  1560  1675  1668
 4950    1563  1564  1672  1567
 4951    1563  1672  1671  1567
 4952    1564  1672  1567  1568
 4953    1672  1671  1567  1675
 4954    1672  1567  1568  1676
 4955    1672  1567  1676  1675
 4956    1664  1671  1673  1668
 4957    1664  1673  1666  1668
 4958    1671  1673  1668  1675
 4959    1673  1666  1668  1670
 4960    1673  1668  1675  1677
 4961    1673  1668  1677  1670
 4962    1671  1672  1674  1675
 4963    1671  1674  1673  1675
 4964    1672  1674  1675  1676
 4965    1674  1673  1675  1677
 4966    1674  1675  1676  1678
 4967    1674  1675  1678  1677
 4968    1564  1570  1679  1568
 4969    1564  1679  1672  1568
 4970    1570  1679  1568  1572
 4971    1679  1672  1568  1676
 4972    1679  1568  1572  1681
 4973    1679  1568  1681  1676
 4974    1570  1530  1637  1572
 4975    1570  1637  1679  1572
 4976    1530  1637  1572  1472
 4977    1637  1679  1572  1681
 4978    1637  1572  1472  1579
 4979    1637  1572  1579  1681
 4980    1672  1679  1680  1676
 4981    1672  1680  1674  1676
 4982    1679  1680  1676  1681
 4983    1680  1674  1676  1678
 4984    1680  1676  1681  1682
 4985    1680  1676  1682  1678
 4986    1679  1637  1640  1681
 4987    1679  1640  1680  1681
 4988    1637  1640  1681  1579
 4989    1640  1680  1681  1682
 4990    1640  1681  1579  1582
 4991    1640  1681  1582  1682
# Generated by tetgen -k uterus_scaffold_2.ele 
