10560  1
    0      1     0    20    1
    1      1     5     0    1
    2      5     4     0    1
    3     21     1    20    1
    4      2     1    21    1
    5      2     6     1    1
    6      6     5     1    1
    7     22     2    21    1
    8      3     2    22    1
    9      3     7     2    1
   10      7     6     2    1
   11     23     3    22    1
   12      5     9     4    1
   13      9     8     4    1
   14      6    10     5    1
   15     10     9     5    1
   16      7    11     6    1
   17     11    10     6    1
   18      9    13     8    1
   19     13    12     8    1
   20     10    14     9    1
   21     14    13     9    1
   22     11    15    10    1
   23     15    14    10    1
   24     13    17    12    1
   25     17    16    12    1
   26     14    18    13    1
   27     18    17    13    1
   28     15    19    14    1
   29     19    18    14    1
   30     21    20    40    1
   31     41    21    40    1
   32     22    21    41    1
   33     42    22    41    1
   34     23    22    42    1
   35     43    23    42    1
   36     41    40    60    1
   37     61    41    60    1
   38     65    61    60    1
   39     64    65    60    1
   40     42    41    61    1
   41     62    42    61    1
   42     66    62    61    1
   43     65    66    61    1
   44     43    42    62    1
   45     63    43    62    1
   46     67    63    62    1
   47     66    67    62    1
   48     69    65    64    1
   49     68    69    64    1
   50     70    66    65    1
   51     69    70    65    1
   52     71    67    66    1
   53     70    71    66    1
   54     73    69    68    1
   55     72    73    68    1
   56     74    70    69    1
   57     73    74    69    1
   58     75    71    70    1
   59     74    75    70    1
   60     77    73    72    1
   61     76    77    72    1
   62     78    74    73    1
   63     77    78    73    1
   64     79    75    74    1
   65     78    79    74    1
   66     80     3    23    1
   67     80    83     3    1
   68     83     7     3    1
   69     95    80    23    1
   70     81    80    95    1
   71     81    84    80    1
   72     84    83    80    1
   73     96    81    95    1
   74     82    81    96    1
   75     82    85    81    1
   76     85    84    81    1
   77     97    82    96    1
   78     83    86     7    1
   79     86    11     7    1
   80     84    87    83    1
   81     87    86    83    1
   82     85    88    84    1
   83     88    87    84    1
   84     86    89    11    1
   85     89    15    11    1
   86     87    90    86    1
   87     90    89    86    1
   88     88    91    87    1
   89     91    90    87    1
   90     89    92    15    1
   91     92    19    15    1
   92     90    93    89    1
   93     93    92    89    1
   94     91    94    90    1
   95     94    93    90    1
   96     95    23    43    1
   97    110    95    43    1
   98     96    95   110    1
   99    111    96   110    1
  100     97    96   111    1
  101    112    97   111    1
  102    110    43    63    1
  103    125   110    63    1
  104    128   125    63    1
  105     67   128    63    1
  106    111   110   125    1
  107    126   111   125    1
  108    129   126   125    1
  109    128   129   125    1
  110    112   111   126    1
  111    127   112   126    1
  112    130   127   126    1
  113    129   130   126    1
  114    131   128    67    1
  115     71   131    67    1
  116    132   129   128    1
  117    131   132   128    1
  118    133   130   129    1
  119    132   133   129    1
  120    134   131    71    1
  121     75   134    71    1
  122    135   132   131    1
  123    134   135   131    1
  124    136   133   132    1
  125    135   136   132    1
  126    137   134    75    1
  127     79   137    75    1
  128    138   135   134    1
  129    137   138   134    1
  130    139   136   135    1
  131    138   139   135    1
  132    140    82    97    1
  133    140   143    82    1
  134    143    85    82    1
  135    155   140    97    1
  136    141   140   155    1
  137    141   144   140    1
  138    144   143   140    1
  139    156   141   155    1
  140    142   141   156    1
  141    142   145   141    1
  142    145   144   141    1
  143    157   142   156    1
  144    143   146    85    1
  145    146    88    85    1
  146    144   147   143    1
  147    147   146   143    1
  148    145   148   144    1
  149    148   147   144    1
  150    146   149    88    1
  151    149    91    88    1
  152    147   150   146    1
  153    150   149   146    1
  154    148   151   147    1
  155    151   150   147    1
  156    149   152    91    1
  157    152    94    91    1
  158    150   153   149    1
  159    153   152   149    1
  160    151   154   150    1
  161    154   153   150    1
  162    155    97   112    1
  163    170   155   112    1
  164    156   155   170    1
  165    171   156   170    1
  166    157   156   171    1
  167    172   157   171    1
  168    170   112   127    1
  169    185   170   127    1
  170    188   185   127    1
  171    130   188   127    1
  172    171   170   185    1
  173    186   171   185    1
  174    189   186   185    1
  175    188   189   185    1
  176    172   171   186    1
  177    187   172   186    1
  178    190   187   186    1
  179    189   190   186    1
  180    191   188   130    1
  181    133   191   130    1
  182    192   189   188    1
  183    191   192   188    1
  184    193   190   189    1
  185    192   193   189    1
  186    194   191   133    1
  187    136   194   133    1
  188    195   192   191    1
  189    194   195   191    1
  190    196   193   192    1
  191    195   196   192    1
  192    197   194   136    1
  193    139   197   136    1
  194    198   195   194    1
  195    197   198   194    1
  196    199   196   195    1
  197    198   199   195    1
  198    200   142   157    1
  199    200   203   142    1
  200    203   145   142    1
  201    215   200   157    1
  202    201   200   215    1
  203    201   204   200    1
  204    204   203   200    1
  205    216   201   215    1
  206    202   201   216    1
  207    202   205   201    1
  208    205   204   201    1
  209    217   202   216    1
  210    203   206   145    1
  211    206   148   145    1
  212    204   207   203    1
  213    207   206   203    1
  214    205   208   204    1
  215    208   207   204    1
  216    206   209   148    1
  217    209   151   148    1
  218    207   210   206    1
  219    210   209   206    1
  220    208   211   207    1
  221    211   210   207    1
  222    209   212   151    1
  223    212   154   151    1
  224    210   213   209    1
  225    213   212   209    1
  226    211   214   210    1
  227    214   213   210    1
  228    215   157   172    1
  229    230   215   172    1
  230    216   215   230    1
  231    231   216   230    1
  232    217   216   231    1
  233    232   217   231    1
  234    230   172   187    1
  235    245   230   187    1
  236    248   245   187    1
  237    190   248   187    1
  238    231   230   245    1
  239    246   231   245    1
  240    249   246   245    1
  241    248   249   245    1
  242    232   231   246    1
  243    247   232   246    1
  244    250   247   246    1
  245    249   250   246    1
  246    251   248   190    1
  247    193   251   190    1
  248    252   249   248    1
  249    251   252   248    1
  250    253   250   249    1
  251    252   253   249    1
  252    254   251   193    1
  253    196   254   193    1
  254    255   252   251    1
  255    254   255   251    1
  256    256   253   252    1
  257    255   256   252    1
  258    257   254   196    1
  259    199   257   196    1
  260    258   255   254    1
  261    257   258   254    1
  262    259   256   255    1
  263    258   259   255    1
  264    260   202   217    1
  265    260   263   202    1
  266    263   205   202    1
  267    275   260   217    1
  268    261   260   275    1
  269    261   264   260    1
  270    264   263   260    1
  271    276   261   275    1
  272    262   261   276    1
  273    262   265   261    1
  274    265   264   261    1
  275    277   262   276    1
  276    263   266   205    1
  277    266   208   205    1
  278    264   267   263    1
  279    267   266   263    1
  280    265   268   264    1
  281    268   267   264    1
  282    266   269   208    1
  283    269   211   208    1
  284    267   270   266    1
  285    270   269   266    1
  286    268   271   267    1
  287    271   270   267    1
  288    269   272   211    1
  289    272   214   211    1
  290    270   273   269    1
  291    273   272   269    1
  292    271   274   270    1
  293    274   273   270    1
  294    275   217   232    1
  295    290   275   232    1
  296    276   275   290    1
  297    291   276   290    1
  298    277   276   291    1
  299    292   277   291    1
  300    290   232   247    1
  301    305   290   247    1
  302    308   305   247    1
  303    250   308   247    1
  304    291   290   305    1
  305    306   291   305    1
  306    309   306   305    1
  307    308   309   305    1
  308    292   291   306    1
  309    307   292   306    1
  310    310   307   306    1
  311    309   310   306    1
  312    311   308   250    1
  313    253   311   250    1
  314    312   309   308    1
  315    311   312   308    1
  316    313   310   309    1
  317    312   313   309    1
  318    314   311   253    1
  319    256   314   253    1
  320    315   312   311    1
  321    314   315   311    1
  322    316   313   312    1
  323    315   316   312    1
  324    317   314   256    1
  325    259   317   256    1
  326    318   315   314    1
  327    317   318   314    1
  328    319   316   315    1
  329    318   319   315    1
  330    320   262   277    1
  331    320   323   262    1
  332    323   265   262    1
  333    335   320   277    1
  334    321   320   335    1
  335    321   324   320    1
  336    324   323   320    1
  337    336   321   335    1
  338    322   321   336    1
  339    322   325   321    1
  340    325   324   321    1
  341    337   322   336    1
  342    323   326   265    1
  343    326   268   265    1
  344    324   327   323    1
  345    327   326   323    1
  346    325   328   324    1
  347    328   327   324    1
  348    326   329   268    1
  349    329   271   268    1
  350    327   330   326    1
  351    330   329   326    1
  352    328   331   327    1
  353    331   330   327    1
  354    329   332   271    1
  355    332   274   271    1
  356    330   333   329    1
  357    333   332   329    1
  358    331   334   330    1
  359    334   333   330    1
  360    335   277   292    1
  361    350   335   292    1
  362    336   335   350    1
  363    351   336   350    1
  364    337   336   351    1
  365    352   337   351    1
  366    350   292   307    1
  367    365   350   307    1
  368    368   365   307    1
  369    310   368   307    1
  370    351   350   365    1
  371    366   351   365    1
  372    369   366   365    1
  373    368   369   365    1
  374    352   351   366    1
  375    367   352   366    1
  376    370   367   366    1
  377    369   370   366    1
  378    371   368   310    1
  379    313   371   310    1
  380    372   369   368    1
  381    371   372   368    1
  382    373   370   369    1
  383    372   373   369    1
  384    374   371   313    1
  385    316   374   313    1
  386    375   372   371    1
  387    374   375   371    1
  388    376   373   372    1
  389    375   376   372    1
  390    377   374   316    1
  391    319   377   316    1
  392    378   375   374    1
  393    377   378   374    1
  394    379   376   375    1
  395    378   379   375    1
  396    380   322   337    1
  397    380   383   322    1
  398    383   325   322    1
  399    395   380   337    1
  400    381   380   395    1
  401    381   384   380    1
  402    384   383   380    1
  403    396   381   395    1
  404    382   381   396    1
  405    382   385   381    1
  406    385   384   381    1
  407    397   382   396    1
  408    383   386   325    1
  409    386   328   325    1
  410    384   387   383    1
  411    387   386   383    1
  412    385   388   384    1
  413    388   387   384    1
  414    386   389   328    1
  415    389   331   328    1
  416    387   390   386    1
  417    390   389   386    1
  418    388   391   387    1
  419    391   390   387    1
  420    389   392   331    1
  421    392   334   331    1
  422    390   393   389    1
  423    393   392   389    1
  424    391   394   390    1
  425    394   393   390    1
  426    395   337   352    1
  427    410   395   352    1
  428    396   395   410    1
  429    411   396   410    1
  430    397   396   411    1
  431    412   397   411    1
  432    410   352   367    1
  433    425   410   367    1
  434    428   425   367    1
  435    370   428   367    1
  436    411   410   425    1
  437    426   411   425    1
  438    429   426   425    1
  439    428   429   425    1
  440    412   411   426    1
  441    427   412   426    1
  442    430   427   426    1
  443    429   430   426    1
  444    431   428   370    1
  445    373   431   370    1
  446    432   429   428    1
  447    431   432   428    1
  448    433   430   429    1
  449    432   433   429    1
  450    434   431   373    1
  451    376   434   373    1
  452    435   432   431    1
  453    434   435   431    1
  454    436   433   432    1
  455    435   436   432    1
  456    437   434   376    1
  457    379   437   376    1
  458    438   435   434    1
  459    437   438   434    1
  460    439   436   435    1
  461    438   439   435    1
  462    440   382   397    1
  463    440   442   382    1
  464    442   385   382    1
  465    450   440   397    1
  466    441   440   450    1
  467    441   443   440    1
  468    443   442   440    1
  469    451   441   450    1
  470      0   441   451    1
  471      0     4   441    1
  472      4   443   441    1
  473     20     0   451    1
  474    442   444   385    1
  475    444   388   385    1
  476    443   445   442    1
  477    445   444   442    1
  478      4     8   443    1
  479      8   445   443    1
  480    444   446   388    1
  481    446   391   388    1
  482    445   447   444    1
  483    447   446   444    1
  484      8    12   445    1
  485     12   447   445    1
  486    446   448   391    1
  487    448   394   391    1
  488    447   449   446    1
  489    449   448   446    1
  490     12    16   447    1
  491     16   449   447    1
  492    450   397   412    1
  493    460   450   412    1
  494    451   450   460    1
  495    461   451   460    1
  496     20   451   461    1
  497     40    20   461    1
  498    460   412   427    1
  499    470   460   427    1
  500    472   470   427    1
  501    430   472   427    1
  502    461   460   470    1
  503    471   461   470    1
  504    473   471   470    1
  505    472   473   470    1
  506     40   461   471    1
  507     60    40   471    1
  508     64    60   471    1
  509    473    64   471    1
  510    474   472   430    1
  511    433   474   430    1
  512    475   473   472    1
  513    474   475   472    1
  514     68    64   473    1
  515    475    68   473    1
  516    476   474   433    1
  517    436   476   433    1
  518    477   475   474    1
  519    476   477   474    1
  520     72    68   475    1
  521    477    72   475    1
  522    478   476   436    1
  523    439   478   436    1
  524    479   477   476    1
  525    478   479   476    1
  526     76    72   477    1
  527    479    76   477    1
  528     17   481    16    1
  529    481   480    16    1
  530     18   482    17    1
  531    482   481    17    1
  532     19   483    18    1
  533    483   482    18    1
  534    481   485   480    1
  535    485   484   480    1
  536    482   486   481    1
  537    486   485   481    1
  538    483   487   482    1
  539    487   486   482    1
  540    485   489   484    1
  541    489   488   484    1
  542    486   490   485    1
  543    490   489   485    1
  544    487   491   486    1
  545    491   490   486    1
  546    489   493   488    1
  547    493   492   488    1
  548    490   494   489    1
  549    494   493   489    1
  550    491   495   490    1
  551    495   494   490    1
  552    529    77    76    1
  553    528   529    76    1
  554    530    78    77    1
  555    529   530    77    1
  556    531    79    78    1
  557    530   531    78    1
  558    533   529   528    1
  559    532   533   528    1
  560    534   530   529    1
  561    533   534   529    1
  562    535   531   530    1
  563    534   535   530    1
  564    537   533   532    1
  565    536   537   532    1
  566    538   534   533    1
  567    537   538   533    1
  568    539   535   534    1
  569    538   539   534    1
  570    541   537   536    1
  571    540   541   536    1
  572    542   538   537    1
  573    541   542   537    1
  574    543   539   538    1
  575    542   543   538    1
  576     92   544    19    1
  577    544   483    19    1
  578     93   545    92    1
  579    545   544    92    1
  580     94   546    93    1
  581    546   545    93    1
  582    544   547   483    1
  583    547   487   483    1
  584    545   548   544    1
  585    548   547   544    1
  586    546   549   545    1
  587    549   548   545    1
  588    547   550   487    1
  589    550   491   487    1
  590    548   551   547    1
  591    551   550   547    1
  592    549   552   548    1
  593    552   551   548    1
  594    550   553   491    1
  595    553   495   491    1
  596    551   554   550    1
  597    554   553   550    1
  598    552   555   551    1
  599    555   554   551    1
  600    580   137    79    1
  601    531   580    79    1
  602    581   138   137    1
  603    580   581   137    1
  604    582   139   138    1
  605    581   582   138    1
  606    583   580   531    1
  607    535   583   531    1
  608    584   581   580    1
  609    583   584   580    1
  610    585   582   581    1
  611    584   585   581    1
  612    586   583   535    1
  613    539   586   535    1
  614    587   584   583    1
  615    586   587   583    1
  616    588   585   584    1
  617    587   588   584    1
  618    589   586   539    1
  619    543   589   539    1
  620    590   587   586    1
  621    589   590   586    1
  622    591   588   587    1
  623    590   591   587    1
  624    152   592    94    1
  625    592   546    94    1
  626    153   593   152    1
  627    593   592   152    1
  628    154   594   153    1
  629    594   593   153    1
  630    592   595   546    1
  631    595   549   546    1
  632    593   596   592    1
  633    596   595   592    1
  634    594   597   593    1
  635    597   596   593    1
  636    595   598   549    1
  637    598   552   549    1
  638    596   599   595    1
  639    599   598   595    1
  640    597   600   596    1
  641    600   599   596    1
  642    598   601   552    1
  643    601   555   552    1
  644    599   602   598    1
  645    602   601   598    1
  646    600   603   599    1
  647    603   602   599    1
  648    628   197   139    1
  649    582   628   139    1
  650    629   198   197    1
  651    628   629   197    1
  652    630   199   198    1
  653    629   630   198    1
  654    631   628   582    1
  655    585   631   582    1
  656    632   629   628    1
  657    631   632   628    1
  658    633   630   629    1
  659    632   633   629    1
  660    634   631   585    1
  661    588   634   585    1
  662    635   632   631    1
  663    634   635   631    1
  664    636   633   632    1
  665    635   636   632    1
  666    637   634   588    1
  667    591   637   588    1
  668    638   635   634    1
  669    637   638   634    1
  670    639   636   635    1
  671    638   639   635    1
  672    212   640   154    1
  673    640   594   154    1
  674    213   641   212    1
  675    641   640   212    1
  676    214   642   213    1
  677    642   641   213    1
  678    640   643   594    1
  679    643   597   594    1
  680    641   644   640    1
  681    644   643   640    1
  682    642   645   641    1
  683    645   644   641    1
  684    643   646   597    1
  685    646   600   597    1
  686    644   647   643    1
  687    647   646   643    1
  688    645   648   644    1
  689    648   647   644    1
  690    646   649   600    1
  691    649   603   600    1
  692    647   650   646    1
  693    650   649   646    1
  694    648   651   647    1
  695    651   650   647    1
  696    676   257   199    1
  697    630   676   199    1
  698    677   258   257    1
  699    676   677   257    1
  700    678   259   258    1
  701    677   678   258    1
  702    679   676   630    1
  703    633   679   630    1
  704    680   677   676    1
  705    679   680   676    1
  706    681   678   677    1
  707    680   681   677    1
  708    682   679   633    1
  709    636   682   633    1
  710    683   680   679    1
  711    682   683   679    1
  712    684   681   680    1
  713    683   684   680    1
  714    685   682   636    1
  715    639   685   636    1
  716    686   683   682    1
  717    685   686   682    1
  718    687   684   683    1
  719    686   687   683    1
  720    272   688   214    1
  721    688   642   214    1
  722    273   689   272    1
  723    689   688   272    1
  724    274   690   273    1
  725    690   689   273    1
  726    688   691   642    1
  727    691   645   642    1
  728    689   692   688    1
  729    692   691   688    1
  730    690   693   689    1
  731    693   692   689    1
  732    691   694   645    1
  733    694   648   645    1
  734    692   695   691    1
  735    695   694   691    1
  736    693   696   692    1
  737    696   695   692    1
  738    694   697   648    1
  739    697   651   648    1
  740    695   698   694    1
  741    698   697   694    1
  742    696   699   695    1
  743    699   698   695    1
  744    724   317   259    1
  745    678   724   259    1
  746    725   318   317    1
  747    724   725   317    1
  748    726   319   318    1
  749    725   726   318    1
  750    727   724   678    1
  751    681   727   678    1
  752    728   725   724    1
  753    727   728   724    1
  754    729   726   725    1
  755    728   729   725    1
  756    730   727   681    1
  757    684   730   681    1
  758    731   728   727    1
  759    730   731   727    1
  760    732   729   728    1
  761    731   732   728    1
  762    733   730   684    1
  763    687   733   684    1
  764    734   731   730    1
  765    733   734   730    1
  766    735   732   731    1
  767    734   735   731    1
  768    332   736   274    1
  769    736   690   274    1
  770    333   737   332    1
  771    737   736   332    1
  772    334   738   333    1
  773    738   737   333    1
  774    736   739   690    1
  775    739   693   690    1
  776    737   740   736    1
  777    740   739   736    1
  778    738   741   737    1
  779    741   740   737    1
  780    739   742   693    1
  781    742   696   693    1
  782    740   743   739    1
  783    743   742   739    1
  784    741   744   740    1
  785    744   743   740    1
  786    742   745   696    1
  787    745   699   696    1
  788    743   746   742    1
  789    746   745   742    1
  790    744   747   743    1
  791    747   746   743    1
  792    772   377   319    1
  793    726   772   319    1
  794    773   378   377    1
  795    772   773   377    1
  796    774   379   378    1
  797    773   774   378    1
  798    775   772   726    1
  799    729   775   726    1
  800    776   773   772    1
  801    775   776   772    1
  802    777   774   773    1
  803    776   777   773    1
  804    778   775   729    1
  805    732   778   729    1
  806    779   776   775    1
  807    778   779   775    1
  808    780   777   776    1
  809    779   780   776    1
  810    781   778   732    1
  811    735   781   732    1
  812    782   779   778    1
  813    781   782   778    1
  814    783   780   779    1
  815    782   783   779    1
  816    392   784   334    1
  817    784   738   334    1
  818    393   785   392    1
  819    785   784   392    1
  820    394   786   393    1
  821    786   785   393    1
  822    784   787   738    1
  823    787   741   738    1
  824    785   788   784    1
  825    788   787   784    1
  826    786   789   785    1
  827    789   788   785    1
  828    787   790   741    1
  829    790   744   741    1
  830    788   791   787    1
  831    791   790   787    1
  832    789   792   788    1
  833    792   791   788    1
  834    790   793   744    1
  835    793   747   744    1
  836    791   794   790    1
  837    794   793   790    1
  838    792   795   791    1
  839    795   794   791    1
  840    820   437   379    1
  841    774   820   379    1
  842    821   438   437    1
  843    820   821   437    1
  844    822   439   438    1
  845    821   822   438    1
  846    823   820   774    1
  847    777   823   774    1
  848    824   821   820    1
  849    823   824   820    1
  850    825   822   821    1
  851    824   825   821    1
  852    826   823   777    1
  853    780   826   777    1
  854    827   824   823    1
  855    826   827   823    1
  856    828   825   824    1
  857    827   828   824    1
  858    829   826   780    1
  859    783   829   780    1
  860    830   827   826    1
  861    829   830   826    1
  862    831   828   827    1
  863    830   831   827    1
  864    448   832   394    1
  865    832   786   394    1
  866    449   833   448    1
  867    833   832   448    1
  868     16   480   449    1
  869    480   833   449    1
  870    832   834   786    1
  871    834   789   786    1
  872    833   835   832    1
  873    835   834   832    1
  874    480   484   833    1
  875    484   835   833    1
  876    834   836   789    1
  877    836   792   789    1
  878    835   837   834    1
  879    837   836   834    1
  880    484   488   835    1
  881    488   837   835    1
  882    836   838   792    1
  883    838   795   792    1
  884    837   839   836    1
  885    839   838   836    1
  886    488   492   837    1
  887    492   839   837    1
  888    856   478   439    1
  889    822   856   439    1
  890    857   479   478    1
  891    856   857   478    1
  892    528    76   479    1
  893    857   528   479    1
  894    858   856   822    1
  895    825   858   822    1
  896    859   857   856    1
  897    858   859   856    1
  898    532   528   857    1
  899    859   532   857    1
  900    860   858   825    1
  901    828   860   825    1
  902    861   859   858    1
  903    860   861   858    1
  904    536   532   859    1
  905    861   536   859    1
  906    862   860   828    1
  907    831   862   828    1
  908    863   861   860    1
  909    862   863   860    1
  910    540   536   861    1
  911    863   540   861    1
  912    493   865   492    1
  913    865   864   492    1
  914    494   866   493    1
  915    866   865   493    1
  916    495   867   494    1
  917    867   866   494    1
  918    865   869   864    1
  919    869   868   864    1
  920    866   870   865    1
  921    870   869   865    1
  922    867   871   866    1
  923    871   870   866    1
  924    869   873   868    1
  925    873   872   868    1
  926    870   874   869    1
  927    874   873   869    1
  928    871   875   870    1
  929    875   874   870    1
  930    873   877   872    1
  931    877   876   872    1
  932    874   878   873    1
  933    878   877   873    1
  934    875   879   874    1
  935    879   878   874    1
  936    913   541   540    1
  937    912   913   540    1
  938    914   542   541    1
  939    913   914   541    1
  940    915   543   542    1
  941    914   915   542    1
  942    917   913   912    1
  943    916   917   912    1
  944    918   914   913    1
  945    917   918   913    1
  946    919   915   914    1
  947    918   919   914    1
  948    921   917   916    1
  949    920   921   916    1
  950    922   918   917    1
  951    921   922   917    1
  952    923   919   918    1
  953    922   923   918    1
  954    925   921   920    1
  955    924   925   920    1
  956    926   922   921    1
  957    925   926   921    1
  958    927   923   922    1
  959    926   927   922    1
  960    553   928   495    1
  961    928   867   495    1
  962    554   929   553    1
  963    929   928   553    1
  964    555   930   554    1
  965    930   929   554    1
  966    928   931   867    1
  967    931   871   867    1
  968    929   932   928    1
  969    932   931   928    1
  970    930   933   929    1
  971    933   932   929    1
  972    931   934   871    1
  973    934   875   871    1
  974    932   935   931    1
  975    935   934   931    1
  976    933   936   932    1
  977    936   935   932    1
  978    934   937   875    1
  979    937   879   875    1
  980    935   938   934    1
  981    938   937   934    1
  982    936   939   935    1
  983    939   938   935    1
  984    964   589   543    1
  985    915   964   543    1
  986    965   590   589    1
  987    964   965   589    1
  988    966   591   590    1
  989    965   966   590    1
  990    967   964   915    1
  991    919   967   915    1
  992    968   965   964    1
  993    967   968   964    1
  994    969   966   965    1
  995    968   969   965    1
  996    970   967   919    1
  997    923   970   919    1
  998    971   968   967    1
  999    970   971   967    1
 1000    972   969   968    1
 1001    971   972   968    1
 1002    973   970   923    1
 1003    927   973   923    1
 1004    974   971   970    1
 1005    973   974   970    1
 1006    975   972   971    1
 1007    974   975   971    1
 1008    601   976   555    1
 1009    976   930   555    1
 1010    602   977   601    1
 1011    977   976   601    1
 1012    603   978   602    1
 1013    978   977   602    1
 1014    976   979   930    1
 1015    979   933   930    1
 1016    977   980   976    1
 1017    980   979   976    1
 1018    978   981   977    1
 1019    981   980   977    1
 1020    979   982   933    1
 1021    982   936   933    1
 1022    980   983   979    1
 1023    983   982   979    1
 1024    981   984   980    1
 1025    984   983   980    1
 1026    982   985   936    1
 1027    985   939   936    1
 1028    983   986   982    1
 1029    986   985   982    1
 1030    984   987   983    1
 1031    987   986   983    1
 1032   1012   637   591    1
 1033    966  1012   591    1
 1034   1013   638   637    1
 1035   1012  1013   637    1
 1036   1014   639   638    1
 1037   1013  1014   638    1
 1038   1015  1012   966    1
 1039    969  1015   966    1
 1040   1016  1013  1012    1
 1041   1015  1016  1012    1
 1042   1017  1014  1013    1
 1043   1016  1017  1013    1
 1044   1018  1015   969    1
 1045    972  1018   969    1
 1046   1019  1016  1015    1
 1047   1018  1019  1015    1
 1048   1020  1017  1016    1
 1049   1019  1020  1016    1
 1050   1021  1018   972    1
 1051    975  1021   972    1
 1052   1022  1019  1018    1
 1053   1021  1022  1018    1
 1054   1023  1020  1019    1
 1055   1022  1023  1019    1
 1056    649  1024   603    1
 1057   1024   978   603    1
 1058    650  1025   649    1
 1059   1025  1024   649    1
 1060    651  1026   650    1
 1061   1026  1025   650    1
 1062   1024  1027   978    1
 1063   1027   981   978    1
 1064   1025  1028  1024    1
 1065   1028  1027  1024    1
 1066   1026  1029  1025    1
 1067   1029  1028  1025    1
 1068   1027  1030   981    1
 1069   1030   984   981    1
 1070   1028  1031  1027    1
 1071   1031  1030  1027    1
 1072   1029  1032  1028    1
 1073   1032  1031  1028    1
 1074   1030  1033   984    1
 1075   1033   987   984    1
 1076   1031  1034  1030    1
 1077   1034  1033  1030    1
 1078   1032  1035  1031    1
 1079   1035  1034  1031    1
 1080   1060   685   639    1
 1081   1014  1060   639    1
 1082   1061   686   685    1
 1083   1060  1061   685    1
 1084   1062   687   686    1
 1085   1061  1062   686    1
 1086   1063  1060  1014    1
 1087   1017  1063  1014    1
 1088   1064  1061  1060    1
 1089   1063  1064  1060    1
 1090   1065  1062  1061    1
 1091   1064  1065  1061    1
 1092   1066  1063  1017    1
 1093   1020  1066  1017    1
 1094   1067  1064  1063    1
 1095   1066  1067  1063    1
 1096   1068  1065  1064    1
 1097   1067  1068  1064    1
 1098   1069  1066  1020    1
 1099   1023  1069  1020    1
 1100   1070  1067  1066    1
 1101   1069  1070  1066    1
 1102   1071  1068  1067    1
 1103   1070  1071  1067    1
 1104    697  1072   651    1
 1105   1072  1026   651    1
 1106    698  1073   697    1
 1107   1073  1072   697    1
 1108    699  1074   698    1
 1109   1074  1073   698    1
 1110   1072  1075  1026    1
 1111   1075  1029  1026    1
 1112   1073  1076  1072    1
 1113   1076  1075  1072    1
 1114   1074  1077  1073    1
 1115   1077  1076  1073    1
 1116   1075  1078  1029    1
 1117   1078  1032  1029    1
 1118   1076  1079  1075    1
 1119   1079  1078  1075    1
 1120   1077  1080  1076    1
 1121   1080  1079  1076    1
 1122   1078  1081  1032    1
 1123   1081  1035  1032    1
 1124   1079  1082  1078    1
 1125   1082  1081  1078    1
 1126   1080  1083  1079    1
 1127   1083  1082  1079    1
 1128   1108   733   687    1
 1129   1062  1108   687    1
 1130   1109   734   733    1
 1131   1108  1109   733    1
 1132   1110   735   734    1
 1133   1109  1110   734    1
 1134   1111  1108  1062    1
 1135   1065  1111  1062    1
 1136   1112  1109  1108    1
 1137   1111  1112  1108    1
 1138   1113  1110  1109    1
 1139   1112  1113  1109    1
 1140   1114  1111  1065    1
 1141   1068  1114  1065    1
 1142   1115  1112  1111    1
 1143   1114  1115  1111    1
 1144   1116  1113  1112    1
 1145   1115  1116  1112    1
 1146   1117  1114  1068    1
 1147   1071  1117  1068    1
 1148   1118  1115  1114    1
 1149   1117  1118  1114    1
 1150   1119  1116  1115    1
 1151   1118  1119  1115    1
 1152    745  1120   699    1
 1153   1120  1074   699    1
 1154    746  1121   745    1
 1155   1121  1120   745    1
 1156    747  1122   746    1
 1157   1122  1121   746    1
 1158   1120  1123  1074    1
 1159   1123  1077  1074    1
 1160   1121  1124  1120    1
 1161   1124  1123  1120    1
 1162   1122  1125  1121    1
 1163   1125  1124  1121    1
 1164   1123  1126  1077    1
 1165   1126  1080  1077    1
 1166   1124  1127  1123    1
 1167   1127  1126  1123    1
 1168   1125  1128  1124    1
 1169   1128  1127  1124    1
 1170   1126  1129  1080    1
 1171   1129  1083  1080    1
 1172   1127  1130  1126    1
 1173   1130  1129  1126    1
 1174   1128  1131  1127    1
 1175   1131  1130  1127    1
 1176   1156   781   735    1
 1177   1110  1156   735    1
 1178   1157   782   781    1
 1179   1156  1157   781    1
 1180   1158   783   782    1
 1181   1157  1158   782    1
 1182   1159  1156  1110    1
 1183   1113  1159  1110    1
 1184   1160  1157  1156    1
 1185   1159  1160  1156    1
 1186   1161  1158  1157    1
 1187   1160  1161  1157    1
 1188   1162  1159  1113    1
 1189   1116  1162  1113    1
 1190   1163  1160  1159    1
 1191   1162  1163  1159    1
 1192   1164  1161  1160    1
 1193   1163  1164  1160    1
 1194   1165  1162  1116    1
 1195   1119  1165  1116    1
 1196   1166  1163  1162    1
 1197   1165  1166  1162    1
 1198   1167  1164  1163    1
 1199   1166  1167  1163    1
 1200    793  1168   747    1
 1201   1168  1122   747    1
 1202    794  1169   793    1
 1203   1169  1168   793    1
 1204    795  1170   794    1
 1205   1170  1169   794    1
 1206   1168  1171  1122    1
 1207   1171  1125  1122    1
 1208   1169  1172  1168    1
 1209   1172  1171  1168    1
 1210   1170  1173  1169    1
 1211   1173  1172  1169    1
 1212   1171  1174  1125    1
 1213   1174  1128  1125    1
 1214   1172  1175  1171    1
 1215   1175  1174  1171    1
 1216   1173  1176  1172    1
 1217   1176  1175  1172    1
 1218   1174  1177  1128    1
 1219   1177  1131  1128    1
 1220   1175  1178  1174    1
 1221   1178  1177  1174    1
 1222   1176  1179  1175    1
 1223   1179  1178  1175    1
 1224   1204   829   783    1
 1225   1158  1204   783    1
 1226   1205   830   829    1
 1227   1204  1205   829    1
 1228   1206   831   830    1
 1229   1205  1206   830    1
 1230   1207  1204  1158    1
 1231   1161  1207  1158    1
 1232   1208  1205  1204    1
 1233   1207  1208  1204    1
 1234   1209  1206  1205    1
 1235   1208  1209  1205    1
 1236   1210  1207  1161    1
 1237   1164  1210  1161    1
 1238   1211  1208  1207    1
 1239   1210  1211  1207    1
 1240   1212  1209  1208    1
 1241   1211  1212  1208    1
 1242   1213  1210  1164    1
 1243   1167  1213  1164    1
 1244   1214  1211  1210    1
 1245   1213  1214  1210    1
 1246   1215  1212  1211    1
 1247   1214  1215  1211    1
 1248    838  1216   795    1
 1249   1216  1170   795    1
 1250    839  1217   838    1
 1251   1217  1216   838    1
 1252    492   864   839    1
 1253    864  1217   839    1
 1254   1216  1218  1170    1
 1255   1218  1173  1170    1
 1256   1217  1219  1216    1
 1257   1219  1218  1216    1
 1258    864   868  1217    1
 1259    868  1219  1217    1
 1260   1218  1220  1173    1
 1261   1220  1176  1173    1
 1262   1219  1221  1218    1
 1263   1221  1220  1218    1
 1264    868   872  1219    1
 1265    872  1221  1219    1
 1266   1220  1222  1176    1
 1267   1222  1179  1176    1
 1268   1221  1223  1220    1
 1269   1223  1222  1220    1
 1270    872   876  1221    1
 1271    876  1223  1221    1
 1272   1240   862   831    1
 1273   1206  1240   831    1
 1274   1241   863   862    1
 1275   1240  1241   862    1
 1276    912   540   863    1
 1277   1241   912   863    1
 1278   1242  1240  1206    1
 1279   1209  1242  1206    1
 1280   1243  1241  1240    1
 1281   1242  1243  1240    1
 1282    916   912  1241    1
 1283   1243   916  1241    1
 1284   1244  1242  1209    1
 1285   1212  1244  1209    1
 1286   1245  1243  1242    1
 1287   1244  1245  1242    1
 1288    920   916  1243    1
 1289   1245   920  1243    1
 1290   1246  1244  1212    1
 1291   1215  1246  1212    1
 1292   1247  1245  1244    1
 1293   1246  1247  1244    1
 1294    924   920  1245    1
 1295   1247   924  1245    1
 1296    877  1249   876    1
 1297   1249  1248   876    1
 1298    878  1250   877    1
 1299   1250  1249   877    1
 1300    879  1251   878    1
 1301   1251  1250   878    1
 1302   1249  1253  1248    1
 1303   1253  1252  1248    1
 1304   1250  1254  1249    1
 1305   1254  1253  1249    1
 1306   1251  1255  1250    1
 1307   1255  1254  1250    1
 1308   1253  1257  1252    1
 1309   1257  1256  1252    1
 1310   1254  1258  1253    1
 1311   1258  1257  1253    1
 1312   1255  1259  1254    1
 1313   1259  1258  1254    1
 1314   1257  1261  1256    1
 1315   1261  1260  1256    1
 1316   1258  1262  1257    1
 1317   1262  1261  1257    1
 1318   1259  1263  1258    1
 1319   1263  1262  1258    1
 1320   1297   925   924    1
 1321   1296  1297   924    1
 1322   1298   926   925    1
 1323   1297  1298   925    1
 1324   1299   927   926    1
 1325   1298  1299   926    1
 1326   1301  1297  1296    1
 1327   1300  1301  1296    1
 1328   1302  1298  1297    1
 1329   1301  1302  1297    1
 1330   1303  1299  1298    1
 1331   1302  1303  1298    1
 1332   1305  1301  1300    1
 1333   1304  1305  1300    1
 1334   1306  1302  1301    1
 1335   1305  1306  1301    1
 1336   1307  1303  1302    1
 1337   1306  1307  1302    1
 1338   1309  1305  1304    1
 1339   1308  1309  1304    1
 1340   1310  1306  1305    1
 1341   1309  1310  1305    1
 1342   1311  1307  1306    1
 1343   1310  1311  1306    1
 1344    937  1312   879    1
 1345   1312  1251   879    1
 1346    938  1313   937    1
 1347   1313  1312   937    1
 1348    939  1314   938    1
 1349   1314  1313   938    1
 1350   1312  1315  1251    1
 1351   1315  1255  1251    1
 1352   1313  1316  1312    1
 1353   1316  1315  1312    1
 1354   1314  1317  1313    1
 1355   1317  1316  1313    1
 1356   1315  1318  1255    1
 1357   1318  1259  1255    1
 1358   1316  1319  1315    1
 1359   1319  1318  1315    1
 1360   1317  1320  1316    1
 1361   1320  1319  1316    1
 1362   1318  1321  1259    1
 1363   1321  1263  1259    1
 1364   1319  1322  1318    1
 1365   1322  1321  1318    1
 1366   1320  1323  1319    1
 1367   1323  1322  1319    1
 1368   1348   973   927    1
 1369   1299  1348   927    1
 1370   1349   974   973    1
 1371   1348  1349   973    1
 1372   1350   975   974    1
 1373   1349  1350   974    1
 1374   1351  1348  1299    1
 1375   1303  1351  1299    1
 1376   1352  1349  1348    1
 1377   1351  1352  1348    1
 1378   1353  1350  1349    1
 1379   1352  1353  1349    1
 1380   1354  1351  1303    1
 1381   1307  1354  1303    1
 1382   1355  1352  1351    1
 1383   1354  1355  1351    1
 1384   1356  1353  1352    1
 1385   1355  1356  1352    1
 1386   1357  1354  1307    1
 1387   1311  1357  1307    1
 1388   1358  1355  1354    1
 1389   1357  1358  1354    1
 1390   1359  1356  1355    1
 1391   1358  1359  1355    1
 1392    985  1360   939    1
 1393   1360  1314   939    1
 1394    986  1361   985    1
 1395   1361  1360   985    1
 1396    987  1362   986    1
 1397   1362  1361   986    1
 1398   1360  1363  1314    1
 1399   1363  1317  1314    1
 1400   1361  1364  1360    1
 1401   1364  1363  1360    1
 1402   1362  1365  1361    1
 1403   1365  1364  1361    1
 1404   1363  1366  1317    1
 1405   1366  1320  1317    1
 1406   1364  1367  1363    1
 1407   1367  1366  1363    1
 1408   1365  1368  1364    1
 1409   1368  1367  1364    1
 1410   1366  1369  1320    1
 1411   1369  1323  1320    1
 1412   1367  1370  1366    1
 1413   1370  1369  1366    1
 1414   1368  1371  1367    1
 1415   1371  1370  1367    1
 1416   1396  1021   975    1
 1417   1350  1396   975    1
 1418   1397  1022  1021    1
 1419   1396  1397  1021    1
 1420   1398  1023  1022    1
 1421   1397  1398  1022    1
 1422   1399  1396  1350    1
 1423   1353  1399  1350    1
 1424   1400  1397  1396    1
 1425   1399  1400  1396    1
 1426   1401  1398  1397    1
 1427   1400  1401  1397    1
 1428   1402  1399  1353    1
 1429   1356  1402  1353    1
 1430   1403  1400  1399    1
 1431   1402  1403  1399    1
 1432   1404  1401  1400    1
 1433   1403  1404  1400    1
 1434   1405  1402  1356    1
 1435   1359  1405  1356    1
 1436   1406  1403  1402    1
 1437   1405  1406  1402    1
 1438   1407  1404  1403    1
 1439   1406  1407  1403    1
 1440   1033  1408   987    1
 1441   1408  1362   987    1
 1442   1034  1409  1033    1
 1443   1409  1408  1033    1
 1444   1035  1410  1034    1
 1445   1410  1409  1034    1
 1446   1408  1411  1362    1
 1447   1411  1365  1362    1
 1448   1409  1412  1408    1
 1449   1412  1411  1408    1
 1450   1410  1413  1409    1
 1451   1413  1412  1409    1
 1452   1411  1414  1365    1
 1453   1414  1368  1365    1
 1454   1412  1415  1411    1
 1455   1415  1414  1411    1
 1456   1413  1416  1412    1
 1457   1416  1415  1412    1
 1458   1414  1417  1368    1
 1459   1417  1371  1368    1
 1460   1415  1418  1414    1
 1461   1418  1417  1414    1
 1462   1416  1419  1415    1
 1463   1419  1418  1415    1
 1464   1444  1069  1023    1
 1465   1398  1444  1023    1
 1466   1445  1070  1069    1
 1467   1444  1445  1069    1
 1468   1446  1071  1070    1
 1469   1445  1446  1070    1
 1470   1447  1444  1398    1
 1471   1401  1447  1398    1
 1472   1448  1445  1444    1
 1473   1447  1448  1444    1
 1474   1449  1446  1445    1
 1475   1448  1449  1445    1
 1476   1450  1447  1401    1
 1477   1404  1450  1401    1
 1478   1451  1448  1447    1
 1479   1450  1451  1447    1
 1480   1452  1449  1448    1
 1481   1451  1452  1448    1
 1482   1453  1450  1404    1
 1483   1407  1453  1404    1
 1484   1454  1451  1450    1
 1485   1453  1454  1450    1
 1486   1455  1452  1451    1
 1487   1454  1455  1451    1
 1488   1081  1456  1035    1
 1489   1456  1410  1035    1
 1490   1082  1457  1081    1
 1491   1457  1456  1081    1
 1492   1083  1458  1082    1
 1493   1458  1457  1082    1
 1494   1456  1459  1410    1
 1495   1459  1413  1410    1
 1496   1457  1460  1456    1
 1497   1460  1459  1456    1
 1498   1458  1461  1457    1
 1499   1461  1460  1457    1
 1500   1459  1462  1413    1
 1501   1462  1416  1413    1
 1502   1460  1463  1459    1
 1503   1463  1462  1459    1
 1504   1461  1464  1460    1
 1505   1464  1463  1460    1
 1506   1462  1465  1416    1
 1507   1465  1419  1416    1
 1508   1463  1466  1462    1
 1509   1466  1465  1462    1
 1510   1464  1467  1463    1
 1511   1467  1466  1463    1
 1512   1492  1117  1071    1
 1513   1446  1492  1071    1
 1514   1493  1118  1117    1
 1515   1492  1493  1117    1
 1516   1494  1119  1118    1
 1517   1493  1494  1118    1
 1518   1495  1492  1446    1
 1519   1449  1495  1446    1
 1520   1496  1493  1492    1
 1521   1495  1496  1492    1
 1522   1497  1494  1493    1
 1523   1496  1497  1493    1
 1524   1498  1495  1449    1
 1525   1452  1498  1449    1
 1526   1499  1496  1495    1
 1527   1498  1499  1495    1
 1528   1500  1497  1496    1
 1529   1499  1500  1496    1
 1530   1501  1498  1452    1
 1531   1455  1501  1452    1
 1532   1502  1499  1498    1
 1533   1501  1502  1498    1
 1534   1503  1500  1499    1
 1535   1502  1503  1499    1
 1536   1129  1504  1083    1
 1537   1504  1458  1083    1
 1538   1130  1505  1129    1
 1539   1505  1504  1129    1
 1540   1131  1506  1130    1
 1541   1506  1505  1130    1
 1542   1504  1507  1458    1
 1543   1507  1461  1458    1
 1544   1505  1508  1504    1
 1545   1508  1507  1504    1
 1546   1506  1509  1505    1
 1547   1509  1508  1505    1
 1548   1507  1510  1461    1
 1549   1510  1464  1461    1
 1550   1508  1511  1507    1
 1551   1511  1510  1507    1
 1552   1509  1512  1508    1
 1553   1512  1511  1508    1
 1554   1510  1513  1464    1
 1555   1513  1467  1464    1
 1556   1511  1514  1510    1
 1557   1514  1513  1510    1
 1558   1512  1515  1511    1
 1559   1515  1514  1511    1
 1560   1540  1165  1119    1
 1561   1494  1540  1119    1
 1562   1541  1166  1165    1
 1563   1540  1541  1165    1
 1564   1542  1167  1166    1
 1565   1541  1542  1166    1
 1566   1543  1540  1494    1
 1567   1497  1543  1494    1
 1568   1544  1541  1540    1
 1569   1543  1544  1540    1
 1570   1545  1542  1541    1
 1571   1544  1545  1541    1
 1572   1546  1543  1497    1
 1573   1500  1546  1497    1
 1574   1547  1544  1543    1
 1575   1546  1547  1543    1
 1576   1548  1545  1544    1
 1577   1547  1548  1544    1
 1578   1549  1546  1500    1
 1579   1503  1549  1500    1
 1580   1550  1547  1546    1
 1581   1549  1550  1546    1
 1582   1551  1548  1547    1
 1583   1550  1551  1547    1
 1584   1177  1552  1131    1
 1585   1552  1506  1131    1
 1586   1178  1553  1177    1
 1587   1553  1552  1177    1
 1588   1179  1554  1178    1
 1589   1554  1553  1178    1
 1590   1552  1555  1506    1
 1591   1555  1509  1506    1
 1592   1553  1556  1552    1
 1593   1556  1555  1552    1
 1594   1554  1557  1553    1
 1595   1557  1556  1553    1
 1596   1555  1558  1509    1
 1597   1558  1512  1509    1
 1598   1556  1559  1555    1
 1599   1559  1558  1555    1
 1600   1557  1560  1556    1
 1601   1560  1559  1556    1
 1602   1558  1561  1512    1
 1603   1561  1515  1512    1
 1604   1559  1562  1558    1
 1605   1562  1561  1558    1
 1606   1560  1563  1559    1
 1607   1563  1562  1559    1
 1608   1588  1213  1167    1
 1609   1542  1588  1167    1
 1610   1589  1214  1213    1
 1611   1588  1589  1213    1
 1612   1590  1215  1214    1
 1613   1589  1590  1214    1
 1614   1591  1588  1542    1
 1615   1545  1591  1542    1
 1616   1592  1589  1588    1
 1617   1591  1592  1588    1
 1618   1593  1590  1589    1
 1619   1592  1593  1589    1
 1620   1594  1591  1545    1
 1621   1548  1594  1545    1
 1622   1595  1592  1591    1
 1623   1594  1595  1591    1
 1624   1596  1593  1592    1
 1625   1595  1596  1592    1
 1626   1597  1594  1548    1
 1627   1551  1597  1548    1
 1628   1598  1595  1594    1
 1629   1597  1598  1594    1
 1630   1599  1596  1595    1
 1631   1598  1599  1595    1
 1632   1222  1600  1179    1
 1633   1600  1554  1179    1
 1634   1223  1601  1222    1
 1635   1601  1600  1222    1
 1636    876  1248  1223    1
 1637   1248  1601  1223    1
 1638   1600  1602  1554    1
 1639   1602  1557  1554    1
 1640   1601  1603  1600    1
 1641   1603  1602  1600    1
 1642   1248  1252  1601    1
 1643   1252  1603  1601    1
 1644   1602  1604  1557    1
 1645   1604  1560  1557    1
 1646   1603  1605  1602    1
 1647   1605  1604  1602    1
 1648   1252  1256  1603    1
 1649   1256  1605  1603    1
 1650   1604  1606  1560    1
 1651   1606  1563  1560    1
 1652   1605  1607  1604    1
 1653   1607  1606  1604    1
 1654   1256  1260  1605    1
 1655   1260  1607  1605    1
 1656   1624  1246  1215    1
 1657   1590  1624  1215    1
 1658   1625  1247  1246    1
 1659   1624  1625  1246    1
 1660   1296   924  1247    1
 1661   1625  1296  1247    1
 1662   1626  1624  1590    1
 1663   1593  1626  1590    1
 1664   1627  1625  1624    1
 1665   1626  1627  1624    1
 1666   1300  1296  1625    1
 1667   1627  1300  1625    1
 1668   1628  1626  1593    1
 1669   1596  1628  1593    1
 1670   1629  1627  1626    1
 1671   1628  1629  1626    1
 1672   1304  1300  1627    1
 1673   1629  1304  1627    1
 1674   1630  1628  1596    1
 1675   1599  1630  1596    1
 1676   1631  1629  1628    1
 1677   1630  1631  1628    1
 1678   1308  1304  1629    1
 1679   1631  1308  1629    1
 1680   1261  1633  1260    1
 1681   1633  1632  1260    1
 1682   1262  1634  1261    1
 1683   1634  1633  1261    1
 1684   1263  1635  1262    1
 1685   1635  1634  1262    1
 1686   1633  1637  1632    1
 1687   1637  1636  1632    1
 1688   1634  1638  1633    1
 1689   1638  1637  1633    1
 1690   1635  1639  1634    1
 1691   1639  1638  1634    1
 1692   1637  1641  1636    1
 1693   1641  1640  1636    1
 1694   1638  1642  1637    1
 1695   1642  1641  1637    1
 1696   1639  1643  1638    1
 1697   1643  1642  1638    1
 1698   1641  1645  1640    1
 1699   1645  1644  1640    1
 1700   1642  1646  1641    1
 1701   1646  1645  1641    1
 1702   1643  1647  1642    1
 1703   1647  1646  1642    1
 1704   1681  1309  1308    1
 1705   1680  1681  1308    1
 1706   1682  1310  1309    1
 1707   1681  1682  1309    1
 1708   1683  1311  1310    1
 1709   1682  1683  1310    1
 1710   1685  1681  1680    1
 1711   1684  1685  1680    1
 1712   1686  1682  1681    1
 1713   1685  1686  1681    1
 1714   1687  1683  1682    1
 1715   1686  1687  1682    1
 1716   1689  1685  1684    1
 1717   1688  1689  1684    1
 1718   1690  1686  1685    1
 1719   1689  1690  1685    1
 1720   1691  1687  1686    1
 1721   1690  1691  1686    1
 1722   1693  1689  1688    1
 1723   1692  1693  1688    1
 1724   1694  1690  1689    1
 1725   1693  1694  1689    1
 1726   1695  1691  1690    1
 1727   1694  1695  1690    1
 1728   1321  1696  1263    1
 1729   1696  1635  1263    1
 1730   1322  1697  1321    1
 1731   1697  1696  1321    1
 1732   1323  1698  1322    1
 1733   1698  1697  1322    1
 1734   1696  1699  1635    1
 1735   1699  1639  1635    1
 1736   1697  1700  1696    1
 1737   1700  1699  1696    1
 1738   1698  1701  1697    1
 1739   1701  1700  1697    1
 1740   1699  1702  1639    1
 1741   1702  1643  1639    1
 1742   1700  1703  1699    1
 1743   1703  1702  1699    1
 1744   1701  1704  1700    1
 1745   1704  1703  1700    1
 1746   1702  1705  1643    1
 1747   1705  1647  1643    1
 1748   1703  1706  1702    1
 1749   1706  1705  1702    1
 1750   1704  1707  1703    1
 1751   1707  1706  1703    1
 1752   1732  1357  1311    1
 1753   1683  1732  1311    1
 1754   1733  1358  1357    1
 1755   1732  1733  1357    1
 1756   1734  1359  1358    1
 1757   1733  1734  1358    1
 1758   1735  1732  1683    1
 1759   1687  1735  1683    1
 1760   1736  1733  1732    1
 1761   1735  1736  1732    1
 1762   1737  1734  1733    1
 1763   1736  1737  1733    1
 1764   1738  1735  1687    1
 1765   1691  1738  1687    1
 1766   1739  1736  1735    1
 1767   1738  1739  1735    1
 1768   1740  1737  1736    1
 1769   1739  1740  1736    1
 1770   1741  1738  1691    1
 1771   1695  1741  1691    1
 1772   1742  1739  1738    1
 1773   1741  1742  1738    1
 1774   1743  1740  1739    1
 1775   1742  1743  1739    1
 1776   1369  1744  1323    1
 1777   1744  1698  1323    1
 1778   1370  1745  1369    1
 1779   1745  1744  1369    1
 1780   1371  1746  1370    1
 1781   1746  1745  1370    1
 1782   1744  1747  1698    1
 1783   1747  1701  1698    1
 1784   1745  1748  1744    1
 1785   1748  1747  1744    1
 1786   1746  1749  1745    1
 1787   1749  1748  1745    1
 1788   1747  1750  1701    1
 1789   1750  1704  1701    1
 1790   1748  1751  1747    1
 1791   1751  1750  1747    1
 1792   1749  1752  1748    1
 1793   1752  1751  1748    1
 1794   1750  1753  1704    1
 1795   1753  1707  1704    1
 1796   1751  1754  1750    1
 1797   1754  1753  1750    1
 1798   1752  1755  1751    1
 1799   1755  1754  1751    1
 1800   1780  1405  1359    1
 1801   1734  1780  1359    1
 1802   1781  1406  1405    1
 1803   1780  1781  1405    1
 1804   1782  1407  1406    1
 1805   1781  1782  1406    1
 1806   1783  1780  1734    1
 1807   1737  1783  1734    1
 1808   1784  1781  1780    1
 1809   1783  1784  1780    1
 1810   1785  1782  1781    1
 1811   1784  1785  1781    1
 1812   1786  1783  1737    1
 1813   1740  1786  1737    1
 1814   1787  1784  1783    1
 1815   1786  1787  1783    1
 1816   1788  1785  1784    1
 1817   1787  1788  1784    1
 1818   1789  1786  1740    1
 1819   1743  1789  1740    1
 1820   1790  1787  1786    1
 1821   1789  1790  1786    1
 1822   1791  1788  1787    1
 1823   1790  1791  1787    1
 1824   1417  1792  1371    1
 1825   1792  1746  1371    1
 1826   1418  1793  1417    1
 1827   1793  1792  1417    1
 1828   1419  1794  1418    1
 1829   1794  1793  1418    1
 1830   1792  1795  1746    1
 1831   1795  1749  1746    1
 1832   1793  1796  1792    1
 1833   1796  1795  1792    1
 1834   1794  1797  1793    1
 1835   1797  1796  1793    1
 1836   1795  1798  1749    1
 1837   1798  1752  1749    1
 1838   1796  1799  1795    1
 1839   1799  1798  1795    1
 1840   1797  1800  1796    1
 1841   1800  1799  1796    1
 1842   1798  1801  1752    1
 1843   1801  1755  1752    1
 1844   1799  1802  1798    1
 1845   1802  1801  1798    1
 1846   1800  1803  1799    1
 1847   1803  1802  1799    1
 1848   1828  1453  1407    1
 1849   1782  1828  1407    1
 1850   1829  1454  1453    1
 1851   1828  1829  1453    1
 1852   1830  1455  1454    1
 1853   1829  1830  1454    1
 1854   1831  1828  1782    1
 1855   1785  1831  1782    1
 1856   1832  1829  1828    1
 1857   1831  1832  1828    1
 1858   1833  1830  1829    1
 1859   1832  1833  1829    1
 1860   1834  1831  1785    1
 1861   1788  1834  1785    1
 1862   1835  1832  1831    1
 1863   1834  1835  1831    1
 1864   1836  1833  1832    1
 1865   1835  1836  1832    1
 1866   1837  1834  1788    1
 1867   1791  1837  1788    1
 1868   1838  1835  1834    1
 1869   1837  1838  1834    1
 1870   1839  1836  1835    1
 1871   1838  1839  1835    1
 1872   1465  1840  1419    1
 1873   1840  1794  1419    1
 1874   1466  1841  1465    1
 1875   1841  1840  1465    1
 1876   1467  1842  1466    1
 1877   1842  1841  1466    1
 1878   1840  1843  1794    1
 1879   1843  1797  1794    1
 1880   1841  1844  1840    1
 1881   1844  1843  1840    1
 1882   1842  1845  1841    1
 1883   1845  1844  1841    1
 1884   1843  1846  1797    1
 1885   1846  1800  1797    1
 1886   1844  1847  1843    1
 1887   1847  1846  1843    1
 1888   1845  1848  1844    1
 1889   1848  1847  1844    1
 1890   1846  1849  1800    1
 1891   1849  1803  1800    1
 1892   1847  1850  1846    1
 1893   1850  1849  1846    1
 1894   1848  1851  1847    1
 1895   1851  1850  1847    1
 1896   1876  1501  1455    1
 1897   1830  1876  1455    1
 1898   1877  1502  1501    1
 1899   1876  1877  1501    1
 1900   1878  1503  1502    1
 1901   1877  1878  1502    1
 1902   1879  1876  1830    1
 1903   1833  1879  1830    1
 1904   1880  1877  1876    1
 1905   1879  1880  1876    1
 1906   1881  1878  1877    1
 1907   1880  1881  1877    1
 1908   1882  1879  1833    1
 1909   1836  1882  1833    1
 1910   1883  1880  1879    1
 1911   1882  1883  1879    1
 1912   1884  1881  1880    1
 1913   1883  1884  1880    1
 1914   1885  1882  1836    1
 1915   1839  1885  1836    1
 1916   1886  1883  1882    1
 1917   1885  1886  1882    1
 1918   1887  1884  1883    1
 1919   1886  1887  1883    1
 1920   1513  1888  1467    1
 1921   1888  1842  1467    1
 1922   1514  1889  1513    1
 1923   1889  1888  1513    1
 1924   1515  1890  1514    1
 1925   1890  1889  1514    1
 1926   1888  1891  1842    1
 1927   1891  1845  1842    1
 1928   1889  1892  1888    1
 1929   1892  1891  1888    1
 1930   1890  1893  1889    1
 1931   1893  1892  1889    1
 1932   1891  1894  1845    1
 1933   1894  1848  1845    1
 1934   1892  1895  1891    1
 1935   1895  1894  1891    1
 1936   1893  1896  1892    1
 1937   1896  1895  1892    1
 1938   1894  1897  1848    1
 1939   1897  1851  1848    1
 1940   1895  1898  1894    1
 1941   1898  1897  1894    1
 1942   1896  1899  1895    1
 1943   1899  1898  1895    1
 1944   1924  1549  1503    1
 1945   1878  1924  1503    1
 1946   1925  1550  1549    1
 1947   1924  1925  1549    1
 1948   1926  1551  1550    1
 1949   1925  1926  1550    1
 1950   1927  1924  1878    1
 1951   1881  1927  1878    1
 1952   1928  1925  1924    1
 1953   1927  1928  1924    1
 1954   1929  1926  1925    1
 1955   1928  1929  1925    1
 1956   1930  1927  1881    1
 1957   1884  1930  1881    1
 1958   1931  1928  1927    1
 1959   1930  1931  1927    1
 1960   1932  1929  1928    1
 1961   1931  1932  1928    1
 1962   1933  1930  1884    1
 1963   1887  1933  1884    1
 1964   1934  1931  1930    1
 1965   1933  1934  1930    1
 1966   1935  1932  1931    1
 1967   1934  1935  1931    1
 1968   1561  1936  1515    1
 1969   1936  1890  1515    1
 1970   1562  1937  1561    1
 1971   1937  1936  1561    1
 1972   1563  1938  1562    1
 1973   1938  1937  1562    1
 1974   1936  1939  1890    1
 1975   1939  1893  1890    1
 1976   1937  1940  1936    1
 1977   1940  1939  1936    1
 1978   1938  1941  1937    1
 1979   1941  1940  1937    1
 1980   1939  1942  1893    1
 1981   1942  1896  1893    1
 1982   1940  1943  1939    1
 1983   1943  1942  1939    1
 1984   1941  1944  1940    1
 1985   1944  1943  1940    1
 1986   1942  1945  1896    1
 1987   1945  1899  1896    1
 1988   1943  1946  1942    1
 1989   1946  1945  1942    1
 1990   1944  1947  1943    1
 1991   1947  1946  1943    1
 1992   1972  1597  1551    1
 1993   1926  1972  1551    1
 1994   1973  1598  1597    1
 1995   1972  1973  1597    1
 1996   1974  1599  1598    1
 1997   1973  1974  1598    1
 1998   1975  1972  1926    1
 1999   1929  1975  1926    1
 2000   1976  1973  1972    1
 2001   1975  1976  1972    1
 2002   1977  1974  1973    1
 2003   1976  1977  1973    1
 2004   1978  1975  1929    1
 2005   1932  1978  1929    1
 2006   1979  1976  1975    1
 2007   1978  1979  1975    1
 2008   1980  1977  1976    1
 2009   1979  1980  1976    1
 2010   1981  1978  1932    1
 2011   1935  1981  1932    1
 2012   1982  1979  1978    1
 2013   1981  1982  1978    1
 2014   1983  1980  1979    1
 2015   1982  1983  1979    1
 2016   1606  1984  1563    1
 2017   1984  1938  1563    1
 2018   1607  1985  1606    1
 2019   1985  1984  1606    1
 2020   1260  1632  1607    1
 2021   1632  1985  1607    1
 2022   1984  1986  1938    1
 2023   1986  1941  1938    1
 2024   1985  1987  1984    1
 2025   1987  1986  1984    1
 2026   1632  1636  1985    1
 2027   1636  1987  1985    1
 2028   1986  1988  1941    1
 2029   1988  1944  1941    1
 2030   1987  1989  1986    1
 2031   1989  1988  1986    1
 2032   1636  1640  1987    1
 2033   1640  1989  1987    1
 2034   1988  1990  1944    1
 2035   1990  1947  1944    1
 2036   1989  1991  1988    1
 2037   1991  1990  1988    1
 2038   1640  1644  1989    1
 2039   1644  1991  1989    1
 2040   2008  1630  1599    1
 2041   1974  2008  1599    1
 2042   2009  1631  1630    1
 2043   2008  2009  1630    1
 2044   1680  1308  1631    1
 2045   2009  1680  1631    1
 2046   2010  2008  1974    1
 2047   1977  2010  1974    1
 2048   2011  2009  2008    1
 2049   2010  2011  2008    1
 2050   1684  1680  2009    1
 2051   2011  1684  2009    1
 2052   2012  2010  1977    1
 2053   1980  2012  1977    1
 2054   2013  2011  2010    1
 2055   2012  2013  2010    1
 2056   1688  1684  2011    1
 2057   2013  1688  2011    1
 2058   2014  2012  1980    1
 2059   1983  2014  1980    1
 2060   2015  2013  2012    1
 2061   2014  2015  2012    1
 2062   1692  1688  2013    1
 2063   2015  1692  2013    1
 2064   1645  2017  1644    1
 2065   2017  2016  1644    1
 2066   1646  2018  1645    1
 2067   2018  2017  1645    1
 2068   1647  2019  1646    1
 2069   2019  2018  1646    1
 2070   2017  2021  2016    1
 2071   2021  2020  2016    1
 2072   2018  2022  2017    1
 2073   2022  2021  2017    1
 2074   2019  2023  2018    1
 2075   2023  2022  2018    1
 2076   2021  2025  2020    1
 2077   2025  2024  2020    1
 2078   2022  2026  2021    1
 2079   2026  2025  2021    1
 2080   2023  2027  2022    1
 2081   2027  2026  2022    1
 2082   2025  2029  2024    1
 2083   2029  2028  2024    1
 2084   2026  2030  2025    1
 2085   2030  2029  2025    1
 2086   2027  2031  2026    1
 2087   2031  2030  2026    1
 2088   2065  1693  1692    1
 2089   2064  2065  1692    1
 2090   2066  1694  1693    1
 2091   2065  2066  1693    1
 2092   2067  1695  1694    1
 2093   2066  2067  1694    1
 2094   2069  2065  2064    1
 2095   2068  2069  2064    1
 2096   2070  2066  2065    1
 2097   2069  2070  2065    1
 2098   2071  2067  2066    1
 2099   2070  2071  2066    1
 2100   2073  2069  2068    1
 2101   2072  2073  2068    1
 2102   2074  2070  2069    1
 2103   2073  2074  2069    1
 2104   2075  2071  2070    1
 2105   2074  2075  2070    1
 2106   2077  2073  2072    1
 2107   2076  2077  2072    1
 2108   2078  2074  2073    1
 2109   2077  2078  2073    1
 2110   2079  2075  2074    1
 2111   2078  2079  2074    1
 2112   1705  2080  1647    1
 2113   2080  2019  1647    1
 2114   1706  2081  1705    1
 2115   2081  2080  1705    1
 2116   1707  2082  1706    1
 2117   2082  2081  1706    1
 2118   2080  2083  2019    1
 2119   2083  2023  2019    1
 2120   2081  2084  2080    1
 2121   2084  2083  2080    1
 2122   2082  2085  2081    1
 2123   2085  2084  2081    1
 2124   2083  2086  2023    1
 2125   2086  2027  2023    1
 2126   2084  2087  2083    1
 2127   2087  2086  2083    1
 2128   2085  2088  2084    1
 2129   2088  2087  2084    1
 2130   2086  2089  2027    1
 2131   2089  2031  2027    1
 2132   2087  2090  2086    1
 2133   2090  2089  2086    1
 2134   2088  2091  2087    1
 2135   2091  2090  2087    1
 2136   2116  1741  1695    1
 2137   2067  2116  1695    1
 2138   2117  1742  1741    1
 2139   2116  2117  1741    1
 2140   2118  1743  1742    1
 2141   2117  2118  1742    1
 2142   2119  2116  2067    1
 2143   2071  2119  2067    1
 2144   2120  2117  2116    1
 2145   2119  2120  2116    1
 2146   2121  2118  2117    1
 2147   2120  2121  2117    1
 2148   2122  2119  2071    1
 2149   2075  2122  2071    1
 2150   2123  2120  2119    1
 2151   2122  2123  2119    1
 2152   2124  2121  2120    1
 2153   2123  2124  2120    1
 2154   2125  2122  2075    1
 2155   2079  2125  2075    1
 2156   2126  2123  2122    1
 2157   2125  2126  2122    1
 2158   2127  2124  2123    1
 2159   2126  2127  2123    1
 2160   1753  2128  1707    1
 2161   2128  2082  1707    1
 2162   1754  2129  1753    1
 2163   2129  2128  1753    1
 2164   1755  2130  1754    1
 2165   2130  2129  1754    1
 2166   2128  2131  2082    1
 2167   2131  2085  2082    1
 2168   2129  2132  2128    1
 2169   2132  2131  2128    1
 2170   2130  2133  2129    1
 2171   2133  2132  2129    1
 2172   2131  2134  2085    1
 2173   2134  2088  2085    1
 2174   2132  2135  2131    1
 2175   2135  2134  2131    1
 2176   2133  2136  2132    1
 2177   2136  2135  2132    1
 2178   2134  2137  2088    1
 2179   2137  2091  2088    1
 2180   2135  2138  2134    1
 2181   2138  2137  2134    1
 2182   2136  2139  2135    1
 2183   2139  2138  2135    1
 2184   2164  1789  1743    1
 2185   2118  2164  1743    1
 2186   2165  1790  1789    1
 2187   2164  2165  1789    1
 2188   2166  1791  1790    1
 2189   2165  2166  1790    1
 2190   2167  2164  2118    1
 2191   2121  2167  2118    1
 2192   2168  2165  2164    1
 2193   2167  2168  2164    1
 2194   2169  2166  2165    1
 2195   2168  2169  2165    1
 2196   2170  2167  2121    1
 2197   2124  2170  2121    1
 2198   2171  2168  2167    1
 2199   2170  2171  2167    1
 2200   2172  2169  2168    1
 2201   2171  2172  2168    1
 2202   2173  2170  2124    1
 2203   2127  2173  2124    1
 2204   2174  2171  2170    1
 2205   2173  2174  2170    1
 2206   2175  2172  2171    1
 2207   2174  2175  2171    1
 2208   1801  2176  1755    1
 2209   2176  2130  1755    1
 2210   1802  2177  1801    1
 2211   2177  2176  1801    1
 2212   1803  2178  1802    1
 2213   2178  2177  1802    1
 2214   2176  2179  2130    1
 2215   2179  2133  2130    1
 2216   2177  2180  2176    1
 2217   2180  2179  2176    1
 2218   2178  2181  2177    1
 2219   2181  2180  2177    1
 2220   2179  2182  2133    1
 2221   2182  2136  2133    1
 2222   2180  2183  2179    1
 2223   2183  2182  2179    1
 2224   2181  2184  2180    1
 2225   2184  2183  2180    1
 2226   2182  2185  2136    1
 2227   2185  2139  2136    1
 2228   2183  2186  2182    1
 2229   2186  2185  2182    1
 2230   2184  2187  2183    1
 2231   2187  2186  2183    1
 2232   2212  1837  1791    1
 2233   2166  2212  1791    1
 2234   2213  1838  1837    1
 2235   2212  2213  1837    1
 2236   2214  1839  1838    1
 2237   2213  2214  1838    1
 2238   2215  2212  2166    1
 2239   2169  2215  2166    1
 2240   2216  2213  2212    1
 2241   2215  2216  2212    1
 2242   2217  2214  2213    1
 2243   2216  2217  2213    1
 2244   2218  2215  2169    1
 2245   2172  2218  2169    1
 2246   2219  2216  2215    1
 2247   2218  2219  2215    1
 2248   2220  2217  2216    1
 2249   2219  2220  2216    1
 2250   2221  2218  2172    1
 2251   2175  2221  2172    1
 2252   2222  2219  2218    1
 2253   2221  2222  2218    1
 2254   2223  2220  2219    1
 2255   2222  2223  2219    1
 2256   1849  2224  1803    1
 2257   2224  2178  1803    1
 2258   1850  2225  1849    1
 2259   2225  2224  1849    1
 2260   1851  2226  1850    1
 2261   2226  2225  1850    1
 2262   2224  2227  2178    1
 2263   2227  2181  2178    1
 2264   2225  2228  2224    1
 2265   2228  2227  2224    1
 2266   2226  2229  2225    1
 2267   2229  2228  2225    1
 2268   2227  2230  2181    1
 2269   2230  2184  2181    1
 2270   2228  2231  2227    1
 2271   2231  2230  2227    1
 2272   2229  2232  2228    1
 2273   2232  2231  2228    1
 2274   2230  2233  2184    1
 2275   2233  2187  2184    1
 2276   2231  2234  2230    1
 2277   2234  2233  2230    1
 2278   2232  2235  2231    1
 2279   2235  2234  2231    1
 2280   2260  1885  1839    1
 2281   2214  2260  1839    1
 2282   2261  1886  1885    1
 2283   2260  2261  1885    1
 2284   2262  1887  1886    1
 2285   2261  2262  1886    1
 2286   2263  2260  2214    1
 2287   2217  2263  2214    1
 2288   2264  2261  2260    1
 2289   2263  2264  2260    1
 2290   2265  2262  2261    1
 2291   2264  2265  2261    1
 2292   2266  2263  2217    1
 2293   2220  2266  2217    1
 2294   2267  2264  2263    1
 2295   2266  2267  2263    1
 2296   2268  2265  2264    1
 2297   2267  2268  2264    1
 2298   2269  2266  2220    1
 2299   2223  2269  2220    1
 2300   2270  2267  2266    1
 2301   2269  2270  2266    1
 2302   2271  2268  2267    1
 2303   2270  2271  2267    1
 2304   1897  2272  1851    1
 2305   2272  2226  1851    1
 2306   1898  2273  1897    1
 2307   2273  2272  1897    1
 2308   1899  2274  1898    1
 2309   2274  2273  1898    1
 2310   2272  2275  2226    1
 2311   2275  2229  2226    1
 2312   2273  2276  2272    1
 2313   2276  2275  2272    1
 2314   2274  2277  2273    1
 2315   2277  2276  2273    1
 2316   2275  2278  2229    1
 2317   2278  2232  2229    1
 2318   2276  2279  2275    1
 2319   2279  2278  2275    1
 2320   2277  2280  2276    1
 2321   2280  2279  2276    1
 2322   2278  2281  2232    1
 2323   2281  2235  2232    1
 2324   2279  2282  2278    1
 2325   2282  2281  2278    1
 2326   2280  2283  2279    1
 2327   2283  2282  2279    1
 2328   2308  1933  1887    1
 2329   2262  2308  1887    1
 2330   2309  1934  1933    1
 2331   2308  2309  1933    1
 2332   2310  1935  1934    1
 2333   2309  2310  1934    1
 2334   2311  2308  2262    1
 2335   2265  2311  2262    1
 2336   2312  2309  2308    1
 2337   2311  2312  2308    1
 2338   2313  2310  2309    1
 2339   2312  2313  2309    1
 2340   2314  2311  2265    1
 2341   2268  2314  2265    1
 2342   2315  2312  2311    1
 2343   2314  2315  2311    1
 2344   2316  2313  2312    1
 2345   2315  2316  2312    1
 2346   2317  2314  2268    1
 2347   2271  2317  2268    1
 2348   2318  2315  2314    1
 2349   2317  2318  2314    1
 2350   2319  2316  2315    1
 2351   2318  2319  2315    1
 2352   1945  2320  1899    1
 2353   2320  2274  1899    1
 2354   1946  2321  1945    1
 2355   2321  2320  1945    1
 2356   1947  2322  1946    1
 2357   2322  2321  1946    1
 2358   2320  2323  2274    1
 2359   2323  2277  2274    1
 2360   2321  2324  2320    1
 2361   2324  2323  2320    1
 2362   2322  2325  2321    1
 2363   2325  2324  2321    1
 2364   2323  2326  2277    1
 2365   2326  2280  2277    1
 2366   2324  2327  2323    1
 2367   2327  2326  2323    1
 2368   2325  2328  2324    1
 2369   2328  2327  2324    1
 2370   2326  2329  2280    1
 2371   2329  2283  2280    1
 2372   2327  2330  2326    1
 2373   2330  2329  2326    1
 2374   2328  2331  2327    1
 2375   2331  2330  2327    1
 2376   2356  1981  1935    1
 2377   2310  2356  1935    1
 2378   2357  1982  1981    1
 2379   2356  2357  1981    1
 2380   2358  1983  1982    1
 2381   2357  2358  1982    1
 2382   2359  2356  2310    1
 2383   2313  2359  2310    1
 2384   2360  2357  2356    1
 2385   2359  2360  2356    1
 2386   2361  2358  2357    1
 2387   2360  2361  2357    1
 2388   2362  2359  2313    1
 2389   2316  2362  2313    1
 2390   2363  2360  2359    1
 2391   2362  2363  2359    1
 2392   2364  2361  2360    1
 2393   2363  2364  2360    1
 2394   2365  2362  2316    1
 2395   2319  2365  2316    1
 2396   2366  2363  2362    1
 2397   2365  2366  2362    1
 2398   2367  2364  2363    1
 2399   2366  2367  2363    1
 2400   1990  2368  1947    1
 2401   2368  2322  1947    1
 2402   1991  2369  1990    1
 2403   2369  2368  1990    1
 2404   1644  2016  1991    1
 2405   2016  2369  1991    1
 2406   2368  2370  2322    1
 2407   2370  2325  2322    1
 2408   2369  2371  2368    1
 2409   2371  2370  2368    1
 2410   2016  2020  2369    1
 2411   2020  2371  2369    1
 2412   2370  2372  2325    1
 2413   2372  2328  2325    1
 2414   2371  2373  2370    1
 2415   2373  2372  2370    1
 2416   2020  2024  2371    1
 2417   2024  2373  2371    1
 2418   2372  2374  2328    1
 2419   2374  2331  2328    1
 2420   2373  2375  2372    1
 2421   2375  2374  2372    1
 2422   2024  2028  2373    1
 2423   2028  2375  2373    1
 2424   2392  2014  1983    1
 2425   2358  2392  1983    1
 2426   2393  2015  2014    1
 2427   2392  2393  2014    1
 2428   2064  1692  2015    1
 2429   2393  2064  2015    1
 2430   2394  2392  2358    1
 2431   2361  2394  2358    1
 2432   2395  2393  2392    1
 2433   2394  2395  2392    1
 2434   2068  2064  2393    1
 2435   2395  2068  2393    1
 2436   2396  2394  2361    1
 2437   2364  2396  2361    1
 2438   2397  2395  2394    1
 2439   2396  2397  2394    1
 2440   2072  2068  2395    1
 2441   2397  2072  2395    1
 2442   2398  2396  2364    1
 2443   2367  2398  2364    1
 2444   2399  2397  2396    1
 2445   2398  2399  2396    1
 2446   2076  2072  2397    1
 2447   2399  2076  2397    1
 2448   2029  2401  2028    1
 2449   2401  2400  2028    1
 2450   2030  2402  2029    1
 2451   2402  2401  2029    1
 2452   2031  2403  2030    1
 2453   2403  2402  2030    1
 2454   2401  2405  2400    1
 2455   2405  2404  2400    1
 2456   2402  2406  2401    1
 2457   2406  2405  2401    1
 2458   2403  2407  2402    1
 2459   2407  2406  2402    1
 2460   2405  2409  2404    1
 2461   2409  2408  2404    1
 2462   2406  2410  2405    1
 2463   2410  2409  2405    1
 2464   2407  2411  2406    1
 2465   2411  2410  2406    1
 2466   2409  2413  2408    1
 2467   2413  2412  2408    1
 2468   2410  2414  2409    1
 2469   2414  2413  2409    1
 2470   2411  2415  2410    1
 2471   2415  2414  2410    1
 2472   2449  2077  2076    1
 2473   2448  2449  2076    1
 2474   2450  2078  2077    1
 2475   2449  2450  2077    1
 2476   2451  2079  2078    1
 2477   2450  2451  2078    1
 2478   2453  2449  2448    1
 2479   2452  2453  2448    1
 2480   2454  2450  2449    1
 2481   2453  2454  2449    1
 2482   2455  2451  2450    1
 2483   2454  2455  2450    1
 2484   2457  2453  2452    1
 2485   2456  2457  2452    1
 2486   2458  2454  2453    1
 2487   2457  2458  2453    1
 2488   2459  2455  2454    1
 2489   2458  2459  2454    1
 2490   2461  2457  2456    1
 2491   2460  2461  2456    1
 2492   2462  2458  2457    1
 2493   2461  2462  2457    1
 2494   2463  2459  2458    1
 2495   2462  2463  2458    1
 2496   2089  2464  2031    1
 2497   2464  2403  2031    1
 2498   2090  2465  2089    1
 2499   2465  2464  2089    1
 2500   2091  2466  2090    1
 2501   2466  2465  2090    1
 2502   2464  2467  2403    1
 2503   2467  2407  2403    1
 2504   2465  2468  2464    1
 2505   2468  2467  2464    1
 2506   2466  2469  2465    1
 2507   2469  2468  2465    1
 2508   2467  2470  2407    1
 2509   2470  2411  2407    1
 2510   2468  2471  2467    1
 2511   2471  2470  2467    1
 2512   2469  2472  2468    1
 2513   2472  2471  2468    1
 2514   2470  2473  2411    1
 2515   2473  2415  2411    1
 2516   2471  2474  2470    1
 2517   2474  2473  2470    1
 2518   2472  2475  2471    1
 2519   2475  2474  2471    1
 2520   2500  2125  2079    1
 2521   2451  2500  2079    1
 2522   2501  2126  2125    1
 2523   2500  2501  2125    1
 2524   2502  2127  2126    1
 2525   2501  2502  2126    1
 2526   2503  2500  2451    1
 2527   2455  2503  2451    1
 2528   2504  2501  2500    1
 2529   2503  2504  2500    1
 2530   2505  2502  2501    1
 2531   2504  2505  2501    1
 2532   2506  2503  2455    1
 2533   2459  2506  2455    1
 2534   2507  2504  2503    1
 2535   2506  2507  2503    1
 2536   2508  2505  2504    1
 2537   2507  2508  2504    1
 2538   2509  2506  2459    1
 2539   2463  2509  2459    1
 2540   2510  2507  2506    1
 2541   2509  2510  2506    1
 2542   2511  2508  2507    1
 2543   2510  2511  2507    1
 2544   2137  2512  2091    1
 2545   2512  2466  2091    1
 2546   2138  2513  2137    1
 2547   2513  2512  2137    1
 2548   2139  2514  2138    1
 2549   2514  2513  2138    1
 2550   2512  2515  2466    1
 2551   2515  2469  2466    1
 2552   2513  2516  2512    1
 2553   2516  2515  2512    1
 2554   2514  2517  2513    1
 2555   2517  2516  2513    1
 2556   2515  2518  2469    1
 2557   2518  2472  2469    1
 2558   2516  2519  2515    1
 2559   2519  2518  2515    1
 2560   2517  2520  2516    1
 2561   2520  2519  2516    1
 2562   2518  2521  2472    1
 2563   2521  2475  2472    1
 2564   2519  2522  2518    1
 2565   2522  2521  2518    1
 2566   2520  2523  2519    1
 2567   2523  2522  2519    1
 2568   2548  2173  2127    1
 2569   2502  2548  2127    1
 2570   2549  2174  2173    1
 2571   2548  2549  2173    1
 2572   2550  2175  2174    1
 2573   2549  2550  2174    1
 2574   2551  2548  2502    1
 2575   2505  2551  2502    1
 2576   2552  2549  2548    1
 2577   2551  2552  2548    1
 2578   2553  2550  2549    1
 2579   2552  2553  2549    1
 2580   2554  2551  2505    1
 2581   2508  2554  2505    1
 2582   2555  2552  2551    1
 2583   2554  2555  2551    1
 2584   2556  2553  2552    1
 2585   2555  2556  2552    1
 2586   2557  2554  2508    1
 2587   2511  2557  2508    1
 2588   2558  2555  2554    1
 2589   2557  2558  2554    1
 2590   2559  2556  2555    1
 2591   2558  2559  2555    1
 2592   2185  2560  2139    1
 2593   2560  2514  2139    1
 2594   2186  2561  2185    1
 2595   2561  2560  2185    1
 2596   2187  2562  2186    1
 2597   2562  2561  2186    1
 2598   2560  2563  2514    1
 2599   2563  2517  2514    1
 2600   2561  2564  2560    1
 2601   2564  2563  2560    1
 2602   2562  2565  2561    1
 2603   2565  2564  2561    1
 2604   2563  2566  2517    1
 2605   2566  2520  2517    1
 2606   2564  2567  2563    1
 2607   2567  2566  2563    1
 2608   2565  2568  2564    1
 2609   2568  2567  2564    1
 2610   2566  2569  2520    1
 2611   2569  2523  2520    1
 2612   2567  2570  2566    1
 2613   2570  2569  2566    1
 2614   2568  2571  2567    1
 2615   2571  2570  2567    1
 2616   2596  2221  2175    1
 2617   2550  2596  2175    1
 2618   2597  2222  2221    1
 2619   2596  2597  2221    1
 2620   2598  2223  2222    1
 2621   2597  2598  2222    1
 2622   2599  2596  2550    1
 2623   2553  2599  2550    1
 2624   2600  2597  2596    1
 2625   2599  2600  2596    1
 2626   2601  2598  2597    1
 2627   2600  2601  2597    1
 2628   2602  2599  2553    1
 2629   2556  2602  2553    1
 2630   2603  2600  2599    1
 2631   2602  2603  2599    1
 2632   2604  2601  2600    1
 2633   2603  2604  2600    1
 2634   2605  2602  2556    1
 2635   2559  2605  2556    1
 2636   2606  2603  2602    1
 2637   2605  2606  2602    1
 2638   2607  2604  2603    1
 2639   2606  2607  2603    1
 2640   2233  2608  2187    1
 2641   2608  2562  2187    1
 2642   2234  2609  2233    1
 2643   2609  2608  2233    1
 2644   2235  2610  2234    1
 2645   2610  2609  2234    1
 2646   2608  2611  2562    1
 2647   2611  2565  2562    1
 2648   2609  2612  2608    1
 2649   2612  2611  2608    1
 2650   2610  2613  2609    1
 2651   2613  2612  2609    1
 2652   2611  2614  2565    1
 2653   2614  2568  2565    1
 2654   2612  2615  2611    1
 2655   2615  2614  2611    1
 2656   2613  2616  2612    1
 2657   2616  2615  2612    1
 2658   2614  2617  2568    1
 2659   2617  2571  2568    1
 2660   2615  2618  2614    1
 2661   2618  2617  2614    1
 2662   2616  2619  2615    1
 2663   2619  2618  2615    1
 2664   2644  2269  2223    1
 2665   2598  2644  2223    1
 2666   2645  2270  2269    1
 2667   2644  2645  2269    1
 2668   2646  2271  2270    1
 2669   2645  2646  2270    1
 2670   2647  2644  2598    1
 2671   2601  2647  2598    1
 2672   2648  2645  2644    1
 2673   2647  2648  2644    1
 2674   2649  2646  2645    1
 2675   2648  2649  2645    1
 2676   2650  2647  2601    1
 2677   2604  2650  2601    1
 2678   2651  2648  2647    1
 2679   2650  2651  2647    1
 2680   2652  2649  2648    1
 2681   2651  2652  2648    1
 2682   2653  2650  2604    1
 2683   2607  2653  2604    1
 2684   2654  2651  2650    1
 2685   2653  2654  2650    1
 2686   2655  2652  2651    1
 2687   2654  2655  2651    1
 2688   2281  2656  2235    1
 2689   2656  2610  2235    1
 2690   2282  2657  2281    1
 2691   2657  2656  2281    1
 2692   2283  2658  2282    1
 2693   2658  2657  2282    1
 2694   2656  2659  2610    1
 2695   2659  2613  2610    1
 2696   2657  2660  2656    1
 2697   2660  2659  2656    1
 2698   2658  2661  2657    1
 2699   2661  2660  2657    1
 2700   2659  2662  2613    1
 2701   2662  2616  2613    1
 2702   2660  2663  2659    1
 2703   2663  2662  2659    1
 2704   2661  2664  2660    1
 2705   2664  2663  2660    1
 2706   2662  2665  2616    1
 2707   2665  2619  2616    1
 2708   2663  2666  2662    1
 2709   2666  2665  2662    1
 2710   2664  2667  2663    1
 2711   2667  2666  2663    1
 2712   2692  2317  2271    1
 2713   2646  2692  2271    1
 2714   2693  2318  2317    1
 2715   2692  2693  2317    1
 2716   2694  2319  2318    1
 2717   2693  2694  2318    1
 2718   2695  2692  2646    1
 2719   2649  2695  2646    1
 2720   2696  2693  2692    1
 2721   2695  2696  2692    1
 2722   2697  2694  2693    1
 2723   2696  2697  2693    1
 2724   2698  2695  2649    1
 2725   2652  2698  2649    1
 2726   2699  2696  2695    1
 2727   2698  2699  2695    1
 2728   2700  2697  2696    1
 2729   2699  2700  2696    1
 2730   2701  2698  2652    1
 2731   2655  2701  2652    1
 2732   2702  2699  2698    1
 2733   2701  2702  2698    1
 2734   2703  2700  2699    1
 2735   2702  2703  2699    1
 2736   2329  2704  2283    1
 2737   2704  2658  2283    1
 2738   2330  2705  2329    1
 2739   2705  2704  2329    1
 2740   2331  2706  2330    1
 2741   2706  2705  2330    1
 2742   2704  2707  2658    1
 2743   2707  2661  2658    1
 2744   2705  2708  2704    1
 2745   2708  2707  2704    1
 2746   2706  2709  2705    1
 2747   2709  2708  2705    1
 2748   2707  2710  2661    1
 2749   2710  2664  2661    1
 2750   2708  2711  2707    1
 2751   2711  2710  2707    1
 2752   2709  2712  2708    1
 2753   2712  2711  2708    1
 2754   2710  2713  2664    1
 2755   2713  2667  2664    1
 2756   2711  2714  2710    1
 2757   2714  2713  2710    1
 2758   2712  2715  2711    1
 2759   2715  2714  2711    1
 2760   2740  2365  2319    1
 2761   2694  2740  2319    1
 2762   2741  2366  2365    1
 2763   2740  2741  2365    1
 2764   2742  2367  2366    1
 2765   2741  2742  2366    1
 2766   2743  2740  2694    1
 2767   2697  2743  2694    1
 2768   2744  2741  2740    1
 2769   2743  2744  2740    1
 2770   2745  2742  2741    1
 2771   2744  2745  2741    1
 2772   2746  2743  2697    1
 2773   2700  2746  2697    1
 2774   2747  2744  2743    1
 2775   2746  2747  2743    1
 2776   2748  2745  2744    1
 2777   2747  2748  2744    1
 2778   2749  2746  2700    1
 2779   2703  2749  2700    1
 2780   2750  2747  2746    1
 2781   2749  2750  2746    1
 2782   2751  2748  2747    1
 2783   2750  2751  2747    1
 2784   2374  2752  2331    1
 2785   2752  2706  2331    1
 2786   2375  2753  2374    1
 2787   2753  2752  2374    1
 2788   2028  2400  2375    1
 2789   2400  2753  2375    1
 2790   2752  2754  2706    1
 2791   2754  2709  2706    1
 2792   2753  2755  2752    1
 2793   2755  2754  2752    1
 2794   2400  2404  2753    1
 2795   2404  2755  2753    1
 2796   2754  2756  2709    1
 2797   2756  2712  2709    1
 2798   2755  2757  2754    1
 2799   2757  2756  2754    1
 2800   2404  2408  2755    1
 2801   2408  2757  2755    1
 2802   2756  2758  2712    1
 2803   2758  2715  2712    1
 2804   2757  2759  2756    1
 2805   2759  2758  2756    1
 2806   2408  2412  2757    1
 2807   2412  2759  2757    1
 2808   2776  2398  2367    1
 2809   2742  2776  2367    1
 2810   2777  2399  2398    1
 2811   2776  2777  2398    1
 2812   2448  2076  2399    1
 2813   2777  2448  2399    1
 2814   2778  2776  2742    1
 2815   2745  2778  2742    1
 2816   2779  2777  2776    1
 2817   2778  2779  2776    1
 2818   2452  2448  2777    1
 2819   2779  2452  2777    1
 2820   2780  2778  2745    1
 2821   2748  2780  2745    1
 2822   2781  2779  2778    1
 2823   2780  2781  2778    1
 2824   2456  2452  2779    1
 2825   2781  2456  2779    1
 2826   2782  2780  2748    1
 2827   2751  2782  2748    1
 2828   2783  2781  2780    1
 2829   2782  2783  2780    1
 2830   2460  2456  2781    1
 2831   2783  2460  2781    1
 2832   2413  2785  2412    1
 2833   2785  2784  2412    1
 2834   2414  2786  2413    1
 2835   2786  2785  2413    1
 2836   2415  2787  2414    1
 2837   2787  2786  2414    1
 2838   2785  2789  2784    1
 2839   2789  2788  2784    1
 2840   2786  2790  2785    1
 2841   2790  2789  2785    1
 2842   2787  2791  2786    1
 2843   2791  2790  2786    1
 2844   2789  2793  2788    1
 2845   2793  2792  2788    1
 2846   2790  2794  2789    1
 2847   2794  2793  2789    1
 2848   2791  2795  2790    1
 2849   2795  2794  2790    1
 2850   2793  2797  2792    1
 2851   2797  2796  2792    1
 2852   2794  2798  2793    1
 2853   2798  2797  2793    1
 2854   2795  2799  2794    1
 2855   2799  2798  2794    1
 2856   2833  2461  2460    1
 2857   2832  2833  2460    1
 2858   2834  2462  2461    1
 2859   2833  2834  2461    1
 2860   2835  2463  2462    1
 2861   2834  2835  2462    1
 2862   2837  2833  2832    1
 2863   2836  2837  2832    1
 2864   2838  2834  2833    1
 2865   2837  2838  2833    1
 2866   2839  2835  2834    1
 2867   2838  2839  2834    1
 2868   2841  2837  2836    1
 2869   2840  2841  2836    1
 2870   2842  2838  2837    1
 2871   2841  2842  2837    1
 2872   2843  2839  2838    1
 2873   2842  2843  2838    1
 2874   2845  2841  2840    1
 2875   2844  2845  2840    1
 2876   2846  2842  2841    1
 2877   2845  2846  2841    1
 2878   2847  2843  2842    1
 2879   2846  2847  2842    1
 2880   2473  2848  2415    1
 2881   2848  2787  2415    1
 2882   2474  2849  2473    1
 2883   2849  2848  2473    1
 2884   2475  2850  2474    1
 2885   2850  2849  2474    1
 2886   2848  2851  2787    1
 2887   2851  2791  2787    1
 2888   2849  2852  2848    1
 2889   2852  2851  2848    1
 2890   2850  2853  2849    1
 2891   2853  2852  2849    1
 2892   2851  2854  2791    1
 2893   2854  2795  2791    1
 2894   2852  2855  2851    1
 2895   2855  2854  2851    1
 2896   2853  2856  2852    1
 2897   2856  2855  2852    1
 2898   2854  2857  2795    1
 2899   2857  2799  2795    1
 2900   2855  2858  2854    1
 2901   2858  2857  2854    1
 2902   2856  2859  2855    1
 2903   2859  2858  2855    1
 2904   2884  2509  2463    1
 2905   2835  2884  2463    1
 2906   2885  2510  2509    1
 2907   2884  2885  2509    1
 2908   2886  2511  2510    1
 2909   2885  2886  2510    1
 2910   2887  2884  2835    1
 2911   2839  2887  2835    1
 2912   2888  2885  2884    1
 2913   2887  2888  2884    1
 2914   2889  2886  2885    1
 2915   2888  2889  2885    1
 2916   2890  2887  2839    1
 2917   2843  2890  2839    1
 2918   2891  2888  2887    1
 2919   2890  2891  2887    1
 2920   2892  2889  2888    1
 2921   2891  2892  2888    1
 2922   2893  2890  2843    1
 2923   2847  2893  2843    1
 2924   2894  2891  2890    1
 2925   2893  2894  2890    1
 2926   2895  2892  2891    1
 2927   2894  2895  2891    1
 2928   2521  2896  2475    1
 2929   2896  2850  2475    1
 2930   2522  2897  2521    1
 2931   2897  2896  2521    1
 2932   2523  2898  2522    1
 2933   2898  2897  2522    1
 2934   2896  2899  2850    1
 2935   2899  2853  2850    1
 2936   2897  2900  2896    1
 2937   2900  2899  2896    1
 2938   2898  2901  2897    1
 2939   2901  2900  2897    1
 2940   2899  2902  2853    1
 2941   2902  2856  2853    1
 2942   2900  2903  2899    1
 2943   2903  2902  2899    1
 2944   2901  2904  2900    1
 2945   2904  2903  2900    1
 2946   2902  2905  2856    1
 2947   2905  2859  2856    1
 2948   2903  2906  2902    1
 2949   2906  2905  2902    1
 2950   2904  2907  2903    1
 2951   2907  2906  2903    1
 2952   2932  2557  2511    1
 2953   2886  2932  2511    1
 2954   2933  2558  2557    1
 2955   2932  2933  2557    1
 2956   2934  2559  2558    1
 2957   2933  2934  2558    1
 2958   2935  2932  2886    1
 2959   2889  2935  2886    1
 2960   2936  2933  2932    1
 2961   2935  2936  2932    1
 2962   2937  2934  2933    1
 2963   2936  2937  2933    1
 2964   2938  2935  2889    1
 2965   2892  2938  2889    1
 2966   2939  2936  2935    1
 2967   2938  2939  2935    1
 2968   2940  2937  2936    1
 2969   2939  2940  2936    1
 2970   2941  2938  2892    1
 2971   2895  2941  2892    1
 2972   2942  2939  2938    1
 2973   2941  2942  2938    1
 2974   2943  2940  2939    1
 2975   2942  2943  2939    1
 2976   2569  2944  2523    1
 2977   2944  2898  2523    1
 2978   2570  2945  2569    1
 2979   2945  2944  2569    1
 2980   2571  2946  2570    1
 2981   2946  2945  2570    1
 2982   2944  2947  2898    1
 2983   2947  2901  2898    1
 2984   2945  2948  2944    1
 2985   2948  2947  2944    1
 2986   2946  2949  2945    1
 2987   2949  2948  2945    1
 2988   2947  2950  2901    1
 2989   2950  2904  2901    1
 2990   2948  2951  2947    1
 2991   2951  2950  2947    1
 2992   2949  2952  2948    1
 2993   2952  2951  2948    1
 2994   2950  2953  2904    1
 2995   2953  2907  2904    1
 2996   2951  2954  2950    1
 2997   2954  2953  2950    1
 2998   2952  2955  2951    1
 2999   2955  2954  2951    1
 3000   2980  2605  2559    1
 3001   2934  2980  2559    1
 3002   2981  2606  2605    1
 3003   2980  2981  2605    1
 3004   2982  2607  2606    1
 3005   2981  2982  2606    1
 3006   2983  2980  2934    1
 3007   2937  2983  2934    1
 3008   2984  2981  2980    1
 3009   2983  2984  2980    1
 3010   2985  2982  2981    1
 3011   2984  2985  2981    1
 3012   2986  2983  2937    1
 3013   2940  2986  2937    1
 3014   2987  2984  2983    1
 3015   2986  2987  2983    1
 3016   2988  2985  2984    1
 3017   2987  2988  2984    1
 3018   2989  2986  2940    1
 3019   2943  2989  2940    1
 3020   2990  2987  2986    1
 3021   2989  2990  2986    1
 3022   2991  2988  2987    1
 3023   2990  2991  2987    1
 3024   2617  2992  2571    1
 3025   2992  2946  2571    1
 3026   2618  2993  2617    1
 3027   2993  2992  2617    1
 3028   2619  2994  2618    1
 3029   2994  2993  2618    1
 3030   2992  2995  2946    1
 3031   2995  2949  2946    1
 3032   2993  2996  2992    1
 3033   2996  2995  2992    1
 3034   2994  2997  2993    1
 3035   2997  2996  2993    1
 3036   2995  2998  2949    1
 3037   2998  2952  2949    1
 3038   2996  2999  2995    1
 3039   2999  2998  2995    1
 3040   2997  3000  2996    1
 3041   3000  2999  2996    1
 3042   2998  3001  2952    1
 3043   3001  2955  2952    1
 3044   2999  3002  2998    1
 3045   3002  3001  2998    1
 3046   3000  3003  2999    1
 3047   3003  3002  2999    1
 3048   3028  2653  2607    1
 3049   2982  3028  2607    1
 3050   3029  2654  2653    1
 3051   3028  3029  2653    1
 3052   3030  2655  2654    1
 3053   3029  3030  2654    1
 3054   3031  3028  2982    1
 3055   2985  3031  2982    1
 3056   3032  3029  3028    1
 3057   3031  3032  3028    1
 3058   3033  3030  3029    1
 3059   3032  3033  3029    1
 3060   3034  3031  2985    1
 3061   2988  3034  2985    1
 3062   3035  3032  3031    1
 3063   3034  3035  3031    1
 3064   3036  3033  3032    1
 3065   3035  3036  3032    1
 3066   3037  3034  2988    1
 3067   2991  3037  2988    1
 3068   3038  3035  3034    1
 3069   3037  3038  3034    1
 3070   3039  3036  3035    1
 3071   3038  3039  3035    1
 3072   2665  3040  2619    1
 3073   3040  2994  2619    1
 3074   2666  3041  2665    1
 3075   3041  3040  2665    1
 3076   2667  3042  2666    1
 3077   3042  3041  2666    1
 3078   3040  3043  2994    1
 3079   3043  2997  2994    1
 3080   3041  3044  3040    1
 3081   3044  3043  3040    1
 3082   3042  3045  3041    1
 3083   3045  3044  3041    1
 3084   3043  3046  2997    1
 3085   3046  3000  2997    1
 3086   3044  3047  3043    1
 3087   3047  3046  3043    1
 3088   3045  3048  3044    1
 3089   3048  3047  3044    1
 3090   3046  3049  3000    1
 3091   3049  3003  3000    1
 3092   3047  3050  3046    1
 3093   3050  3049  3046    1
 3094   3048  3051  3047    1
 3095   3051  3050  3047    1
 3096   3076  2701  2655    1
 3097   3030  3076  2655    1
 3098   3077  2702  2701    1
 3099   3076  3077  2701    1
 3100   3078  2703  2702    1
 3101   3077  3078  2702    1
 3102   3079  3076  3030    1
 3103   3033  3079  3030    1
 3104   3080  3077  3076    1
 3105   3079  3080  3076    1
 3106   3081  3078  3077    1
 3107   3080  3081  3077    1
 3108   3082  3079  3033    1
 3109   3036  3082  3033    1
 3110   3083  3080  3079    1
 3111   3082  3083  3079    1
 3112   3084  3081  3080    1
 3113   3083  3084  3080    1
 3114   3085  3082  3036    1
 3115   3039  3085  3036    1
 3116   3086  3083  3082    1
 3117   3085  3086  3082    1
 3118   3087  3084  3083    1
 3119   3086  3087  3083    1
 3120   2713  3088  2667    1
 3121   3088  3042  2667    1
 3122   2714  3089  2713    1
 3123   3089  3088  2713    1
 3124   2715  3090  2714    1
 3125   3090  3089  2714    1
 3126   3088  3091  3042    1
 3127   3091  3045  3042    1
 3128   3089  3092  3088    1
 3129   3092  3091  3088    1
 3130   3090  3093  3089    1
 3131   3093  3092  3089    1
 3132   3091  3094  3045    1
 3133   3094  3048  3045    1
 3134   3092  3095  3091    1
 3135   3095  3094  3091    1
 3136   3093  3096  3092    1
 3137   3096  3095  3092    1
 3138   3094  3097  3048    1
 3139   3097  3051  3048    1
 3140   3095  3098  3094    1
 3141   3098  3097  3094    1
 3142   3096  3099  3095    1
 3143   3099  3098  3095    1
 3144   3124  2749  2703    1
 3145   3078  3124  2703    1
 3146   3125  2750  2749    1
 3147   3124  3125  2749    1
 3148   3126  2751  2750    1
 3149   3125  3126  2750    1
 3150   3127  3124  3078    1
 3151   3081  3127  3078    1
 3152   3128  3125  3124    1
 3153   3127  3128  3124    1
 3154   3129  3126  3125    1
 3155   3128  3129  3125    1
 3156   3130  3127  3081    1
 3157   3084  3130  3081    1
 3158   3131  3128  3127    1
 3159   3130  3131  3127    1
 3160   3132  3129  3128    1
 3161   3131  3132  3128    1
 3162   3133  3130  3084    1
 3163   3087  3133  3084    1
 3164   3134  3131  3130    1
 3165   3133  3134  3130    1
 3166   3135  3132  3131    1
 3167   3134  3135  3131    1
 3168   2758  3136  2715    1
 3169   3136  3090  2715    1
 3170   2759  3137  2758    1
 3171   3137  3136  2758    1
 3172   2412  2784  2759    1
 3173   2784  3137  2759    1
 3174   3136  3138  3090    1
 3175   3138  3093  3090    1
 3176   3137  3139  3136    1
 3177   3139  3138  3136    1
 3178   2784  2788  3137    1
 3179   2788  3139  3137    1
 3180   3138  3140  3093    1
 3181   3140  3096  3093    1
 3182   3139  3141  3138    1
 3183   3141  3140  3138    1
 3184   2788  2792  3139    1
 3185   2792  3141  3139    1
 3186   3140  3142  3096    1
 3187   3142  3099  3096    1
 3188   3141  3143  3140    1
 3189   3143  3142  3140    1
 3190   2792  2796  3141    1
 3191   2796  3143  3141    1
 3192   3160  2782  2751    1
 3193   3126  3160  2751    1
 3194   3161  2783  2782    1
 3195   3160  3161  2782    1
 3196   2832  2460  2783    1
 3197   3161  2832  2783    1
 3198   3162  3160  3126    1
 3199   3129  3162  3126    1
 3200   3163  3161  3160    1
 3201   3162  3163  3160    1
 3202   2836  2832  3161    1
 3203   3163  2836  3161    1
 3204   3164  3162  3129    1
 3205   3132  3164  3129    1
 3206   3165  3163  3162    1
 3207   3164  3165  3162    1
 3208   2840  2836  3163    1
 3209   3165  2840  3163    1
 3210   3166  3164  3132    1
 3211   3135  3166  3132    1
 3212   3167  3165  3164    1
 3213   3166  3167  3164    1
 3214   2844  2840  3165    1
 3215   3167  2844  3165    1
 3216   2797  3169  2796    1
 3217   3169  3168  2796    1
 3218   2798  3170  2797    1
 3219   3170  3169  2797    1
 3220   2799  3171  2798    1
 3221   3171  3170  2798    1
 3222   3169  3173  3168    1
 3223   3173  3172  3168    1
 3224   3170  3174  3169    1
 3225   3174  3173  3169    1
 3226   3171  3175  3170    1
 3227   3175  3174  3170    1
 3228   3173  3177  3172    1
 3229   3177  3176  3172    1
 3230   3174  3178  3173    1
 3231   3178  3177  3173    1
 3232   3175  3179  3174    1
 3233   3179  3178  3174    1
 3234   3177  3181  3176    1
 3235   3181  3180  3176    1
 3236   3178  3182  3177    1
 3237   3182  3181  3177    1
 3238   3179  3183  3178    1
 3239   3183  3182  3178    1
 3240   3217  2845  2844    1
 3241   3216  3217  2844    1
 3242   3218  2846  2845    1
 3243   3217  3218  2845    1
 3244   3219  2847  2846    1
 3245   3218  3219  2846    1
 3246   3221  3217  3216    1
 3247   3220  3221  3216    1
 3248   3222  3218  3217    1
 3249   3221  3222  3217    1
 3250   3223  3219  3218    1
 3251   3222  3223  3218    1
 3252   3225  3221  3220    1
 3253   3224  3225  3220    1
 3254   3226  3222  3221    1
 3255   3225  3226  3221    1
 3256   3227  3223  3222    1
 3257   3226  3227  3222    1
 3258   3229  3225  3224    1
 3259   3228  3229  3224    1
 3260   3230  3226  3225    1
 3261   3229  3230  3225    1
 3262   3231  3227  3226    1
 3263   3230  3231  3226    1
 3264   2857  3232  2799    1
 3265   3232  3171  2799    1
 3266   2858  3233  2857    1
 3267   3233  3232  2857    1
 3268   2859  3234  2858    1
 3269   3234  3233  2858    1
 3270   3232  3235  3171    1
 3271   3235  3175  3171    1
 3272   3233  3236  3232    1
 3273   3236  3235  3232    1
 3274   3234  3237  3233    1
 3275   3237  3236  3233    1
 3276   3235  3238  3175    1
 3277   3238  3179  3175    1
 3278   3236  3239  3235    1
 3279   3239  3238  3235    1
 3280   3237  3240  3236    1
 3281   3240  3239  3236    1
 3282   3238  3241  3179    1
 3283   3241  3183  3179    1
 3284   3239  3242  3238    1
 3285   3242  3241  3238    1
 3286   3240  3243  3239    1
 3287   3243  3242  3239    1
 3288   3268  2893  2847    1
 3289   3219  3268  2847    1
 3290   3269  2894  2893    1
 3291   3268  3269  2893    1
 3292   3270  2895  2894    1
 3293   3269  3270  2894    1
 3294   3271  3268  3219    1
 3295   3223  3271  3219    1
 3296   3272  3269  3268    1
 3297   3271  3272  3268    1
 3298   3273  3270  3269    1
 3299   3272  3273  3269    1
 3300   3274  3271  3223    1
 3301   3227  3274  3223    1
 3302   3275  3272  3271    1
 3303   3274  3275  3271    1
 3304   3276  3273  3272    1
 3305   3275  3276  3272    1
 3306   3277  3274  3227    1
 3307   3231  3277  3227    1
 3308   3278  3275  3274    1
 3309   3277  3278  3274    1
 3310   3279  3276  3275    1
 3311   3278  3279  3275    1
 3312   2905  3280  2859    1
 3313   3280  3234  2859    1
 3314   2906  3281  2905    1
 3315   3281  3280  2905    1
 3316   2907  3282  2906    1
 3317   3282  3281  2906    1
 3318   3280  3283  3234    1
 3319   3283  3237  3234    1
 3320   3281  3284  3280    1
 3321   3284  3283  3280    1
 3322   3282  3285  3281    1
 3323   3285  3284  3281    1
 3324   3283  3286  3237    1
 3325   3286  3240  3237    1
 3326   3284  3287  3283    1
 3327   3287  3286  3283    1
 3328   3285  3288  3284    1
 3329   3288  3287  3284    1
 3330   3286  3289  3240    1
 3331   3289  3243  3240    1
 3332   3287  3290  3286    1
 3333   3290  3289  3286    1
 3334   3288  3291  3287    1
 3335   3291  3290  3287    1
 3336   3316  2941  2895    1
 3337   3270  3316  2895    1
 3338   3317  2942  2941    1
 3339   3316  3317  2941    1
 3340   3318  2943  2942    1
 3341   3317  3318  2942    1
 3342   3319  3316  3270    1
 3343   3273  3319  3270    1
 3344   3320  3317  3316    1
 3345   3319  3320  3316    1
 3346   3321  3318  3317    1
 3347   3320  3321  3317    1
 3348   3322  3319  3273    1
 3349   3276  3322  3273    1
 3350   3323  3320  3319    1
 3351   3322  3323  3319    1
 3352   3324  3321  3320    1
 3353   3323  3324  3320    1
 3354   3325  3322  3276    1
 3355   3279  3325  3276    1
 3356   3326  3323  3322    1
 3357   3325  3326  3322    1
 3358   3327  3324  3323    1
 3359   3326  3327  3323    1
 3360   2953  3328  2907    1
 3361   3328  3282  2907    1
 3362   2954  3329  2953    1
 3363   3329  3328  2953    1
 3364   2955  3330  2954    1
 3365   3330  3329  2954    1
 3366   3328  3331  3282    1
 3367   3331  3285  3282    1
 3368   3329  3332  3328    1
 3369   3332  3331  3328    1
 3370   3330  3333  3329    1
 3371   3333  3332  3329    1
 3372   3331  3334  3285    1
 3373   3334  3288  3285    1
 3374   3332  3335  3331    1
 3375   3335  3334  3331    1
 3376   3333  3336  3332    1
 3377   3336  3335  3332    1
 3378   3334  3337  3288    1
 3379   3337  3291  3288    1
 3380   3335  3338  3334    1
 3381   3338  3337  3334    1
 3382   3336  3339  3335    1
 3383   3339  3338  3335    1
 3384   3364  2989  2943    1
 3385   3318  3364  2943    1
 3386   3365  2990  2989    1
 3387   3364  3365  2989    1
 3388   3366  2991  2990    1
 3389   3365  3366  2990    1
 3390   3367  3364  3318    1
 3391   3321  3367  3318    1
 3392   3368  3365  3364    1
 3393   3367  3368  3364    1
 3394   3369  3366  3365    1
 3395   3368  3369  3365    1
 3396   3370  3367  3321    1
 3397   3324  3370  3321    1
 3398   3371  3368  3367    1
 3399   3370  3371  3367    1
 3400   3372  3369  3368    1
 3401   3371  3372  3368    1
 3402   3373  3370  3324    1
 3403   3327  3373  3324    1
 3404   3374  3371  3370    1
 3405   3373  3374  3370    1
 3406   3375  3372  3371    1
 3407   3374  3375  3371    1
 3408   3001  3376  2955    1
 3409   3376  3330  2955    1
 3410   3002  3377  3001    1
 3411   3377  3376  3001    1
 3412   3003  3378  3002    1
 3413   3378  3377  3002    1
 3414   3376  3379  3330    1
 3415   3379  3333  3330    1
 3416   3377  3380  3376    1
 3417   3380  3379  3376    1
 3418   3378  3381  3377    1
 3419   3381  3380  3377    1
 3420   3379  3382  3333    1
 3421   3382  3336  3333    1
 3422   3380  3383  3379    1
 3423   3383  3382  3379    1
 3424   3381  3384  3380    1
 3425   3384  3383  3380    1
 3426   3382  3385  3336    1
 3427   3385  3339  3336    1
 3428   3383  3386  3382    1
 3429   3386  3385  3382    1
 3430   3384  3387  3383    1
 3431   3387  3386  3383    1
 3432   3412  3037  2991    1
 3433   3366  3412  2991    1
 3434   3413  3038  3037    1
 3435   3412  3413  3037    1
 3436   3414  3039  3038    1
 3437   3413  3414  3038    1
 3438   3415  3412  3366    1
 3439   3369  3415  3366    1
 3440   3416  3413  3412    1
 3441   3415  3416  3412    1
 3442   3417  3414  3413    1
 3443   3416  3417  3413    1
 3444   3418  3415  3369    1
 3445   3372  3418  3369    1
 3446   3419  3416  3415    1
 3447   3418  3419  3415    1
 3448   3420  3417  3416    1
 3449   3419  3420  3416    1
 3450   3421  3418  3372    1
 3451   3375  3421  3372    1
 3452   3422  3419  3418    1
 3453   3421  3422  3418    1
 3454   3423  3420  3419    1
 3455   3422  3423  3419    1
 3456   3049  3424  3003    1
 3457   3424  3378  3003    1
 3458   3050  3425  3049    1
 3459   3425  3424  3049    1
 3460   3051  3426  3050    1
 3461   3426  3425  3050    1
 3462   3424  3427  3378    1
 3463   3427  3381  3378    1
 3464   3425  3428  3424    1
 3465   3428  3427  3424    1
 3466   3426  3429  3425    1
 3467   3429  3428  3425    1
 3468   3427  3430  3381    1
 3469   3430  3384  3381    1
 3470   3428  3431  3427    1
 3471   3431  3430  3427    1
 3472   3429  3432  3428    1
 3473   3432  3431  3428    1
 3474   3430  3433  3384    1
 3475   3433  3387  3384    1
 3476   3431  3434  3430    1
 3477   3434  3433  3430    1
 3478   3432  3435  3431    1
 3479   3435  3434  3431    1
 3480   3460  3085  3039    1
 3481   3414  3460  3039    1
 3482   3461  3086  3085    1
 3483   3460  3461  3085    1
 3484   3462  3087  3086    1
 3485   3461  3462  3086    1
 3486   3463  3460  3414    1
 3487   3417  3463  3414    1
 3488   3464  3461  3460    1
 3489   3463  3464  3460    1
 3490   3465  3462  3461    1
 3491   3464  3465  3461    1
 3492   3466  3463  3417    1
 3493   3420  3466  3417    1
 3494   3467  3464  3463    1
 3495   3466  3467  3463    1
 3496   3468  3465  3464    1
 3497   3467  3468  3464    1
 3498   3469  3466  3420    1
 3499   3423  3469  3420    1
 3500   3470  3467  3466    1
 3501   3469  3470  3466    1
 3502   3471  3468  3467    1
 3503   3470  3471  3467    1
 3504   3097  3472  3051    1
 3505   3472  3426  3051    1
 3506   3098  3473  3097    1
 3507   3473  3472  3097    1
 3508   3099  3474  3098    1
 3509   3474  3473  3098    1
 3510   3472  3475  3426    1
 3511   3475  3429  3426    1
 3512   3473  3476  3472    1
 3513   3476  3475  3472    1
 3514   3474  3477  3473    1
 3515   3477  3476  3473    1
 3516   3475  3478  3429    1
 3517   3478  3432  3429    1
 3518   3476  3479  3475    1
 3519   3479  3478  3475    1
 3520   3477  3480  3476    1
 3521   3480  3479  3476    1
 3522   3478  3481  3432    1
 3523   3481  3435  3432    1
 3524   3479  3482  3478    1
 3525   3482  3481  3478    1
 3526   3480  3483  3479    1
 3527   3483  3482  3479    1
 3528   3508  3133  3087    1
 3529   3462  3508  3087    1
 3530   3509  3134  3133    1
 3531   3508  3509  3133    1
 3532   3510  3135  3134    1
 3533   3509  3510  3134    1
 3534   3511  3508  3462    1
 3535   3465  3511  3462    1
 3536   3512  3509  3508    1
 3537   3511  3512  3508    1
 3538   3513  3510  3509    1
 3539   3512  3513  3509    1
 3540   3514  3511  3465    1
 3541   3468  3514  3465    1
 3542   3515  3512  3511    1
 3543   3514  3515  3511    1
 3544   3516  3513  3512    1
 3545   3515  3516  3512    1
 3546   3517  3514  3468    1
 3547   3471  3517  3468    1
 3548   3518  3515  3514    1
 3549   3517  3518  3514    1
 3550   3519  3516  3515    1
 3551   3518  3519  3515    1
 3552   3142  3520  3099    1
 3553   3520  3474  3099    1
 3554   3143  3521  3142    1
 3555   3521  3520  3142    1
 3556   2796  3168  3143    1
 3557   3168  3521  3143    1
 3558   3520  3522  3474    1
 3559   3522  3477  3474    1
 3560   3521  3523  3520    1
 3561   3523  3522  3520    1
 3562   3168  3172  3521    1
 3563   3172  3523  3521    1
 3564   3522  3524  3477    1
 3565   3524  3480  3477    1
 3566   3523  3525  3522    1
 3567   3525  3524  3522    1
 3568   3172  3176  3523    1
 3569   3176  3525  3523    1
 3570   3524  3526  3480    1
 3571   3526  3483  3480    1
 3572   3525  3527  3524    1
 3573   3527  3526  3524    1
 3574   3176  3180  3525    1
 3575   3180  3527  3525    1
 3576   3544  3166  3135    1
 3577   3510  3544  3135    1
 3578   3545  3167  3166    1
 3579   3544  3545  3166    1
 3580   3216  2844  3167    1
 3581   3545  3216  3167    1
 3582   3546  3544  3510    1
 3583   3513  3546  3510    1
 3584   3547  3545  3544    1
 3585   3546  3547  3544    1
 3586   3220  3216  3545    1
 3587   3547  3220  3545    1
 3588   3548  3546  3513    1
 3589   3516  3548  3513    1
 3590   3549  3547  3546    1
 3591   3548  3549  3546    1
 3592   3224  3220  3547    1
 3593   3549  3224  3547    1
 3594   3550  3548  3516    1
 3595   3519  3550  3516    1
 3596   3551  3549  3548    1
 3597   3550  3551  3548    1
 3598   3228  3224  3549    1
 3599   3551  3228  3549    1
 3600   3181  3553  3180    1
 3601   3553  3552  3180    1
 3602   3182  3554  3181    1
 3603   3554  3553  3181    1
 3604   3183  3555  3182    1
 3605   3555  3554  3182    1
 3606   3553  3557  3552    1
 3607   3557  3556  3552    1
 3608   3554  3558  3553    1
 3609   3558  3557  3553    1
 3610   3555  3559  3554    1
 3611   3559  3558  3554    1
 3612   3557  3561  3556    1
 3613   3561  3560  3556    1
 3614   3558  3562  3557    1
 3615   3562  3561  3557    1
 3616   3559  3563  3558    1
 3617   3563  3562  3558    1
 3618   3561  3565  3560    1
 3619   3565  3564  3560    1
 3620   3562  3566  3561    1
 3621   3566  3565  3561    1
 3622   3563  3567  3562    1
 3623   3567  3566  3562    1
 3624   3601  3229  3228    1
 3625   3600  3601  3228    1
 3626   3602  3230  3229    1
 3627   3601  3602  3229    1
 3628   3603  3231  3230    1
 3629   3602  3603  3230    1
 3630   3605  3601  3600    1
 3631   3604  3605  3600    1
 3632   3606  3602  3601    1
 3633   3605  3606  3601    1
 3634   3607  3603  3602    1
 3635   3606  3607  3602    1
 3636   3609  3605  3604    1
 3637   3608  3609  3604    1
 3638   3610  3606  3605    1
 3639   3609  3610  3605    1
 3640   3611  3607  3606    1
 3641   3610  3611  3606    1
 3642   3613  3609  3608    1
 3643   3612  3613  3608    1
 3644   3614  3610  3609    1
 3645   3613  3614  3609    1
 3646   3615  3611  3610    1
 3647   3614  3615  3610    1
 3648   3241  3616  3183    1
 3649   3616  3555  3183    1
 3650   3242  3617  3241    1
 3651   3617  3616  3241    1
 3652   3243  3618  3242    1
 3653   3618  3617  3242    1
 3654   3616  3619  3555    1
 3655   3619  3559  3555    1
 3656   3617  3620  3616    1
 3657   3620  3619  3616    1
 3658   3618  3621  3617    1
 3659   3621  3620  3617    1
 3660   3619  3622  3559    1
 3661   3622  3563  3559    1
 3662   3620  3623  3619    1
 3663   3623  3622  3619    1
 3664   3621  3624  3620    1
 3665   3624  3623  3620    1
 3666   3622  3625  3563    1
 3667   3625  3567  3563    1
 3668   3623  3626  3622    1
 3669   3626  3625  3622    1
 3670   3624  3627  3623    1
 3671   3627  3626  3623    1
 3672   3652  3277  3231    1
 3673   3603  3652  3231    1
 3674   3653  3278  3277    1
 3675   3652  3653  3277    1
 3676   3654  3279  3278    1
 3677   3653  3654  3278    1
 3678   3655  3652  3603    1
 3679   3607  3655  3603    1
 3680   3656  3653  3652    1
 3681   3655  3656  3652    1
 3682   3657  3654  3653    1
 3683   3656  3657  3653    1
 3684   3658  3655  3607    1
 3685   3611  3658  3607    1
 3686   3659  3656  3655    1
 3687   3658  3659  3655    1
 3688   3660  3657  3656    1
 3689   3659  3660  3656    1
 3690   3661  3658  3611    1
 3691   3615  3661  3611    1
 3692   3662  3659  3658    1
 3693   3661  3662  3658    1
 3694   3663  3660  3659    1
 3695   3662  3663  3659    1
 3696   3289  3664  3243    1
 3697   3664  3618  3243    1
 3698   3290  3665  3289    1
 3699   3665  3664  3289    1
 3700   3291  3666  3290    1
 3701   3666  3665  3290    1
 3702   3664  3667  3618    1
 3703   3667  3621  3618    1
 3704   3665  3668  3664    1
 3705   3668  3667  3664    1
 3706   3666  3669  3665    1
 3707   3669  3668  3665    1
 3708   3667  3670  3621    1
 3709   3670  3624  3621    1
 3710   3668  3671  3667    1
 3711   3671  3670  3667    1
 3712   3669  3672  3668    1
 3713   3672  3671  3668    1
 3714   3670  3673  3624    1
 3715   3673  3627  3624    1
 3716   3671  3674  3670    1
 3717   3674  3673  3670    1
 3718   3672  3675  3671    1
 3719   3675  3674  3671    1
 3720   3700  3325  3279    1
 3721   3654  3700  3279    1
 3722   3701  3326  3325    1
 3723   3700  3701  3325    1
 3724   3702  3327  3326    1
 3725   3701  3702  3326    1
 3726   3703  3700  3654    1
 3727   3657  3703  3654    1
 3728   3704  3701  3700    1
 3729   3703  3704  3700    1
 3730   3705  3702  3701    1
 3731   3704  3705  3701    1
 3732   3706  3703  3657    1
 3733   3660  3706  3657    1
 3734   3707  3704  3703    1
 3735   3706  3707  3703    1
 3736   3708  3705  3704    1
 3737   3707  3708  3704    1
 3738   3709  3706  3660    1
 3739   3663  3709  3660    1
 3740   3710  3707  3706    1
 3741   3709  3710  3706    1
 3742   3711  3708  3707    1
 3743   3710  3711  3707    1
 3744   3337  3712  3291    1
 3745   3712  3666  3291    1
 3746   3338  3713  3337    1
 3747   3713  3712  3337    1
 3748   3339  3714  3338    1
 3749   3714  3713  3338    1
 3750   3712  3715  3666    1
 3751   3715  3669  3666    1
 3752   3713  3716  3712    1
 3753   3716  3715  3712    1
 3754   3714  3717  3713    1
 3755   3717  3716  3713    1
 3756   3715  3718  3669    1
 3757   3718  3672  3669    1
 3758   3716  3719  3715    1
 3759   3719  3718  3715    1
 3760   3717  3720  3716    1
 3761   3720  3719  3716    1
 3762   3718  3721  3672    1
 3763   3721  3675  3672    1
 3764   3719  3722  3718    1
 3765   3722  3721  3718    1
 3766   3720  3723  3719    1
 3767   3723  3722  3719    1
 3768   3748  3373  3327    1
 3769   3702  3748  3327    1
 3770   3749  3374  3373    1
 3771   3748  3749  3373    1
 3772   3750  3375  3374    1
 3773   3749  3750  3374    1
 3774   3751  3748  3702    1
 3775   3705  3751  3702    1
 3776   3752  3749  3748    1
 3777   3751  3752  3748    1
 3778   3753  3750  3749    1
 3779   3752  3753  3749    1
 3780   3754  3751  3705    1
 3781   3708  3754  3705    1
 3782   3755  3752  3751    1
 3783   3754  3755  3751    1
 3784   3756  3753  3752    1
 3785   3755  3756  3752    1
 3786   3757  3754  3708    1
 3787   3711  3757  3708    1
 3788   3758  3755  3754    1
 3789   3757  3758  3754    1
 3790   3759  3756  3755    1
 3791   3758  3759  3755    1
 3792   3385  3760  3339    1
 3793   3760  3714  3339    1
 3794   3386  3761  3385    1
 3795   3761  3760  3385    1
 3796   3387  3762  3386    1
 3797   3762  3761  3386    1
 3798   3760  3763  3714    1
 3799   3763  3717  3714    1
 3800   3761  3764  3760    1
 3801   3764  3763  3760    1
 3802   3762  3765  3761    1
 3803   3765  3764  3761    1
 3804   3763  3766  3717    1
 3805   3766  3720  3717    1
 3806   3764  3767  3763    1
 3807   3767  3766  3763    1
 3808   3765  3768  3764    1
 3809   3768  3767  3764    1
 3810   3766  3769  3720    1
 3811   3769  3723  3720    1
 3812   3767  3770  3766    1
 3813   3770  3769  3766    1
 3814   3768  3771  3767    1
 3815   3771  3770  3767    1
 3816   3796  3421  3375    1
 3817   3750  3796  3375    1
 3818   3797  3422  3421    1
 3819   3796  3797  3421    1
 3820   3798  3423  3422    1
 3821   3797  3798  3422    1
 3822   3799  3796  3750    1
 3823   3753  3799  3750    1
 3824   3800  3797  3796    1
 3825   3799  3800  3796    1
 3826   3801  3798  3797    1
 3827   3800  3801  3797    1
 3828   3802  3799  3753    1
 3829   3756  3802  3753    1
 3830   3803  3800  3799    1
 3831   3802  3803  3799    1
 3832   3804  3801  3800    1
 3833   3803  3804  3800    1
 3834   3805  3802  3756    1
 3835   3759  3805  3756    1
 3836   3806  3803  3802    1
 3837   3805  3806  3802    1
 3838   3807  3804  3803    1
 3839   3806  3807  3803    1
 3840   3433  3808  3387    1
 3841   3808  3762  3387    1
 3842   3434  3809  3433    1
 3843   3809  3808  3433    1
 3844   3435  3810  3434    1
 3845   3810  3809  3434    1
 3846   3808  3811  3762    1
 3847   3811  3765  3762    1
 3848   3809  3812  3808    1
 3849   3812  3811  3808    1
 3850   3810  3813  3809    1
 3851   3813  3812  3809    1
 3852   3811  3814  3765    1
 3853   3814  3768  3765    1
 3854   3812  3815  3811    1
 3855   3815  3814  3811    1
 3856   3813  3816  3812    1
 3857   3816  3815  3812    1
 3858   3814  3817  3768    1
 3859   3817  3771  3768    1
 3860   3815  3818  3814    1
 3861   3818  3817  3814    1
 3862   3816  3819  3815    1
 3863   3819  3818  3815    1
 3864   3844  3469  3423    1
 3865   3798  3844  3423    1
 3866   3845  3470  3469    1
 3867   3844  3845  3469    1
 3868   3846  3471  3470    1
 3869   3845  3846  3470    1
 3870   3847  3844  3798    1
 3871   3801  3847  3798    1
 3872   3848  3845  3844    1
 3873   3847  3848  3844    1
 3874   3849  3846  3845    1
 3875   3848  3849  3845    1
 3876   3850  3847  3801    1
 3877   3804  3850  3801    1
 3878   3851  3848  3847    1
 3879   3850  3851  3847    1
 3880   3852  3849  3848    1
 3881   3851  3852  3848    1
 3882   3853  3850  3804    1
 3883   3807  3853  3804    1
 3884   3854  3851  3850    1
 3885   3853  3854  3850    1
 3886   3855  3852  3851    1
 3887   3854  3855  3851    1
 3888   3481  3856  3435    1
 3889   3856  3810  3435    1
 3890   3482  3857  3481    1
 3891   3857  3856  3481    1
 3892   3483  3858  3482    1
 3893   3858  3857  3482    1
 3894   3856  3859  3810    1
 3895   3859  3813  3810    1
 3896   3857  3860  3856    1
 3897   3860  3859  3856    1
 3898   3858  3861  3857    1
 3899   3861  3860  3857    1
 3900   3859  3862  3813    1
 3901   3862  3816  3813    1
 3902   3860  3863  3859    1
 3903   3863  3862  3859    1
 3904   3861  3864  3860    1
 3905   3864  3863  3860    1
 3906   3862  3865  3816    1
 3907   3865  3819  3816    1
 3908   3863  3866  3862    1
 3909   3866  3865  3862    1
 3910   3864  3867  3863    1
 3911   3867  3866  3863    1
 3912   3892  3517  3471    1
 3913   3846  3892  3471    1
 3914   3893  3518  3517    1
 3915   3892  3893  3517    1
 3916   3894  3519  3518    1
 3917   3893  3894  3518    1
 3918   3895  3892  3846    1
 3919   3849  3895  3846    1
 3920   3896  3893  3892    1
 3921   3895  3896  3892    1
 3922   3897  3894  3893    1
 3923   3896  3897  3893    1
 3924   3898  3895  3849    1
 3925   3852  3898  3849    1
 3926   3899  3896  3895    1
 3927   3898  3899  3895    1
 3928   3900  3897  3896    1
 3929   3899  3900  3896    1
 3930   3901  3898  3852    1
 3931   3855  3901  3852    1
 3932   3902  3899  3898    1
 3933   3901  3902  3898    1
 3934   3903  3900  3899    1
 3935   3902  3903  3899    1
 3936   3526  3904  3483    1
 3937   3904  3858  3483    1
 3938   3527  3905  3526    1
 3939   3905  3904  3526    1
 3940   3180  3552  3527    1
 3941   3552  3905  3527    1
 3942   3904  3906  3858    1
 3943   3906  3861  3858    1
 3944   3905  3907  3904    1
 3945   3907  3906  3904    1
 3946   3552  3556  3905    1
 3947   3556  3907  3905    1
 3948   3906  3908  3861    1
 3949   3908  3864  3861    1
 3950   3907  3909  3906    1
 3951   3909  3908  3906    1
 3952   3556  3560  3907    1
 3953   3560  3909  3907    1
 3954   3908  3910  3864    1
 3955   3910  3867  3864    1
 3956   3909  3911  3908    1
 3957   3911  3910  3908    1
 3958   3560  3564  3909    1
 3959   3564  3911  3909    1
 3960   3928  3550  3519    1
 3961   3894  3928  3519    1
 3962   3929  3551  3550    1
 3963   3928  3929  3550    1
 3964   3600  3228  3551    1
 3965   3929  3600  3551    1
 3966   3930  3928  3894    1
 3967   3897  3930  3894    1
 3968   3931  3929  3928    1
 3969   3930  3931  3928    1
 3970   3604  3600  3929    1
 3971   3931  3604  3929    1
 3972   3932  3930  3897    1
 3973   3900  3932  3897    1
 3974   3933  3931  3930    1
 3975   3932  3933  3930    1
 3976   3608  3604  3931    1
 3977   3933  3608  3931    1
 3978   3934  3932  3900    1
 3979   3903  3934  3900    1
 3980   3935  3933  3932    1
 3981   3934  3935  3932    1
 3982   3612  3608  3933    1
 3983   3935  3612  3933    1
 3984   3937  3936  3956    1
 3985   3937  3941  3936    1
 3986   3941  3940  3936    1
 3987   3957  3937  3956    1
 3988   3938  3937  3957    1
 3989   3938  3942  3937    1
 3990   3942  3941  3937    1
 3991   3958  3938  3957    1
 3992   3939  3938  3958    1
 3993   3939  3943  3938    1
 3994   3943  3942  3938    1
 3995   3959  3939  3958    1
 3996   3941  3945  3940    1
 3997   3945  3944  3940    1
 3998   3942  3946  3941    1
 3999   3946  3945  3941    1
 4000   3943  3947  3942    1
 4001   3947  3946  3942    1
 4002   3945  3949  3944    1
 4003   3949  3948  3944    1
 4004   3946  3950  3945    1
 4005   3950  3949  3945    1
 4006   3947  3951  3946    1
 4007   3951  3950  3946    1
 4008   3949  3953  3948    1
 4009   3953  3952  3948    1
 4010   3950  3954  3949    1
 4011   3954  3953  3949    1
 4012   3951  3955  3950    1
 4013   3955  3954  3950    1
 4014   3957  3956  3976    1
 4015   3977  3957  3976    1
 4016   3958  3957  3977    1
 4017   3978  3958  3977    1
 4018   3959  3958  3978    1
 4019   3979  3959  3978    1
 4020   3977  3976  3996    1
 4021   3997  3977  3996    1
 4022   4001  3997  3996    1
 4023   4000  4001  3996    1
 4024   3978  3977  3997    1
 4025   3998  3978  3997    1
 4026   4002  3998  3997    1
 4027   4001  4002  3997    1
 4028   3979  3978  3998    1
 4029   3999  3979  3998    1
 4030   4003  3999  3998    1
 4031   4002  4003  3998    1
 4032   4005  4001  4000    1
 4033   4004  4005  4000    1
 4034   4006  4002  4001    1
 4035   4005  4006  4001    1
 4036   4007  4003  4002    1
 4037   4006  4007  4002    1
 4038   4009  4005  4004    1
 4039   4008  4009  4004    1
 4040   4010  4006  4005    1
 4041   4009  4010  4005    1
 4042   4011  4007  4006    1
 4043   4010  4011  4006    1
 4044   4013  4009  4008    1
 4045   4012  4013  4008    1
 4046   4014  4010  4009    1
 4047   4013  4014  4009    1
 4048   4015  4011  4010    1
 4049   4014  4015  4010    1
 4050   4016  3939  3959    1
 4051   4016  4019  3939    1
 4052   4019  3943  3939    1
 4053   4031  4016  3959    1
 4054   4017  4016  4031    1
 4055   4017  4020  4016    1
 4056   4020  4019  4016    1
 4057   4032  4017  4031    1
 4058   4018  4017  4032    1
 4059   4018  4021  4017    1
 4060   4021  4020  4017    1
 4061   4033  4018  4032    1
 4062   4019  4022  3943    1
 4063   4022  3947  3943    1
 4064   4020  4023  4019    1
 4065   4023  4022  4019    1
 4066   4021  4024  4020    1
 4067   4024  4023  4020    1
 4068   4022  4025  3947    1
 4069   4025  3951  3947    1
 4070   4023  4026  4022    1
 4071   4026  4025  4022    1
 4072   4024  4027  4023    1
 4073   4027  4026  4023    1
 4074   4025  4028  3951    1
 4075   4028  3955  3951    1
 4076   4026  4029  4025    1
 4077   4029  4028  4025    1
 4078   4027  4030  4026    1
 4079   4030  4029  4026    1
 4080   4031  3959  3979    1
 4081   4046  4031  3979    1
 4082   4032  4031  4046    1
 4083   4047  4032  4046    1
 4084   4033  4032  4047    1
 4085   4048  4033  4047    1
 4086   4046  3979  3999    1
 4087   4061  4046  3999    1
 4088   4064  4061  3999    1
 4089   4003  4064  3999    1
 4090   4047  4046  4061    1
 4091   4062  4047  4061    1
 4092   4065  4062  4061    1
 4093   4064  4065  4061    1
 4094   4048  4047  4062    1
 4095   4063  4048  4062    1
 4096   4066  4063  4062    1
 4097   4065  4066  4062    1
 4098   4067  4064  4003    1
 4099   4007  4067  4003    1
 4100   4068  4065  4064    1
 4101   4067  4068  4064    1
 4102   4069  4066  4065    1
 4103   4068  4069  4065    1
 4104   4070  4067  4007    1
 4105   4011  4070  4007    1
 4106   4071  4068  4067    1
 4107   4070  4071  4067    1
 4108   4072  4069  4068    1
 4109   4071  4072  4068    1
 4110   4073  4070  4011    1
 4111   4015  4073  4011    1
 4112   4074  4071  4070    1
 4113   4073  4074  4070    1
 4114   4075  4072  4071    1
 4115   4074  4075  4071    1
 4116   4076  4018  4033    1
 4117   4076  4079  4018    1
 4118   4079  4021  4018    1
 4119   4091  4076  4033    1
 4120   4077  4076  4091    1
 4121   4077  4080  4076    1
 4122   4080  4079  4076    1
 4123   4092  4077  4091    1
 4124   4078  4077  4092    1
 4125   4078  4081  4077    1
 4126   4081  4080  4077    1
 4127   4093  4078  4092    1
 4128   4079  4082  4021    1
 4129   4082  4024  4021    1
 4130   4080  4083  4079    1
 4131   4083  4082  4079    1
 4132   4081  4084  4080    1
 4133   4084  4083  4080    1
 4134   4082  4085  4024    1
 4135   4085  4027  4024    1
 4136   4083  4086  4082    1
 4137   4086  4085  4082    1
 4138   4084  4087  4083    1
 4139   4087  4086  4083    1
 4140   4085  4088  4027    1
 4141   4088  4030  4027    1
 4142   4086  4089  4085    1
 4143   4089  4088  4085    1
 4144   4087  4090  4086    1
 4145   4090  4089  4086    1
 4146   4091  4033  4048    1
 4147   4106  4091  4048    1
 4148   4092  4091  4106    1
 4149   4107  4092  4106    1
 4150   4093  4092  4107    1
 4151   4108  4093  4107    1
 4152   4106  4048  4063    1
 4153   4121  4106  4063    1
 4154   4124  4121  4063    1
 4155   4066  4124  4063    1
 4156   4107  4106  4121    1
 4157   4122  4107  4121    1
 4158   4125  4122  4121    1
 4159   4124  4125  4121    1
 4160   4108  4107  4122    1
 4161   4123  4108  4122    1
 4162   4126  4123  4122    1
 4163   4125  4126  4122    1
 4164   4127  4124  4066    1
 4165   4069  4127  4066    1
 4166   4128  4125  4124    1
 4167   4127  4128  4124    1
 4168   4129  4126  4125    1
 4169   4128  4129  4125    1
 4170   4130  4127  4069    1
 4171   4072  4130  4069    1
 4172   4131  4128  4127    1
 4173   4130  4131  4127    1
 4174   4132  4129  4128    1
 4175   4131  4132  4128    1
 4176   4133  4130  4072    1
 4177   4075  4133  4072    1
 4178   4134  4131  4130    1
 4179   4133  4134  4130    1
 4180   4135  4132  4131    1
 4181   4134  4135  4131    1
 4182   4136  4078  4093    1
 4183   4136  4139  4078    1
 4184   4139  4081  4078    1
 4185   4151  4136  4093    1
 4186   4137  4136  4151    1
 4187   4137  4140  4136    1
 4188   4140  4139  4136    1
 4189   4152  4137  4151    1
 4190   4138  4137  4152    1
 4191   4138  4141  4137    1
 4192   4141  4140  4137    1
 4193   4153  4138  4152    1
 4194   4139  4142  4081    1
 4195   4142  4084  4081    1
 4196   4140  4143  4139    1
 4197   4143  4142  4139    1
 4198   4141  4144  4140    1
 4199   4144  4143  4140    1
 4200   4142  4145  4084    1
 4201   4145  4087  4084    1
 4202   4143  4146  4142    1
 4203   4146  4145  4142    1
 4204   4144  4147  4143    1
 4205   4147  4146  4143    1
 4206   4145  4148  4087    1
 4207   4148  4090  4087    1
 4208   4146  4149  4145    1
 4209   4149  4148  4145    1
 4210   4147  4150  4146    1
 4211   4150  4149  4146    1
 4212   4151  4093  4108    1
 4213   4166  4151  4108    1
 4214   4152  4151  4166    1
 4215   4167  4152  4166    1
 4216   4153  4152  4167    1
 4217   4168  4153  4167    1
 4218   4166  4108  4123    1
 4219   4181  4166  4123    1
 4220   4184  4181  4123    1
 4221   4126  4184  4123    1
 4222   4167  4166  4181    1
 4223   4182  4167  4181    1
 4224   4185  4182  4181    1
 4225   4184  4185  4181    1
 4226   4168  4167  4182    1
 4227   4183  4168  4182    1
 4228   4186  4183  4182    1
 4229   4185  4186  4182    1
 4230   4187  4184  4126    1
 4231   4129  4187  4126    1
 4232   4188  4185  4184    1
 4233   4187  4188  4184    1
 4234   4189  4186  4185    1
 4235   4188  4189  4185    1
 4236   4190  4187  4129    1
 4237   4132  4190  4129    1
 4238   4191  4188  4187    1
 4239   4190  4191  4187    1
 4240   4192  4189  4188    1
 4241   4191  4192  4188    1
 4242   4193  4190  4132    1
 4243   4135  4193  4132    1
 4244   4194  4191  4190    1
 4245   4193  4194  4190    1
 4246   4195  4192  4191    1
 4247   4194  4195  4191    1
 4248   4196  4138  4153    1
 4249   4196  4199  4138    1
 4250   4199  4141  4138    1
 4251   4211  4196  4153    1
 4252   4197  4196  4211    1
 4253   4197  4200  4196    1
 4254   4200  4199  4196    1
 4255   4212  4197  4211    1
 4256   4198  4197  4212    1
 4257   4198  4201  4197    1
 4258   4201  4200  4197    1
 4259   4213  4198  4212    1
 4260   4199  4202  4141    1
 4261   4202  4144  4141    1
 4262   4200  4203  4199    1
 4263   4203  4202  4199    1
 4264   4201  4204  4200    1
 4265   4204  4203  4200    1
 4266   4202  4205  4144    1
 4267   4205  4147  4144    1
 4268   4203  4206  4202    1
 4269   4206  4205  4202    1
 4270   4204  4207  4203    1
 4271   4207  4206  4203    1
 4272   4205  4208  4147    1
 4273   4208  4150  4147    1
 4274   4206  4209  4205    1
 4275   4209  4208  4205    1
 4276   4207  4210  4206    1
 4277   4210  4209  4206    1
 4278   4211  4153  4168    1
 4279   4226  4211  4168    1
 4280   4212  4211  4226    1
 4281   4227  4212  4226    1
 4282   4213  4212  4227    1
 4283   4228  4213  4227    1
 4284   4226  4168  4183    1
 4285   4241  4226  4183    1
 4286   4244  4241  4183    1
 4287   4186  4244  4183    1
 4288   4227  4226  4241    1
 4289   4242  4227  4241    1
 4290   4245  4242  4241    1
 4291   4244  4245  4241    1
 4292   4228  4227  4242    1
 4293   4243  4228  4242    1
 4294   4246  4243  4242    1
 4295   4245  4246  4242    1
 4296   4247  4244  4186    1
 4297   4189  4247  4186    1
 4298   4248  4245  4244    1
 4299   4247  4248  4244    1
 4300   4249  4246  4245    1
 4301   4248  4249  4245    1
 4302   4250  4247  4189    1
 4303   4192  4250  4189    1
 4304   4251  4248  4247    1
 4305   4250  4251  4247    1
 4306   4252  4249  4248    1
 4307   4251  4252  4248    1
 4308   4253  4250  4192    1
 4309   4195  4253  4192    1
 4310   4254  4251  4250    1
 4311   4253  4254  4250    1
 4312   4255  4252  4251    1
 4313   4254  4255  4251    1
 4314   4256  4198  4213    1
 4315   4256  4259  4198    1
 4316   4259  4201  4198    1
 4317   4271  4256  4213    1
 4318   4257  4256  4271    1
 4319   4257  4260  4256    1
 4320   4260  4259  4256    1
 4321   4272  4257  4271    1
 4322   4258  4257  4272    1
 4323   4258  4261  4257    1
 4324   4261  4260  4257    1
 4325   4273  4258  4272    1
 4326   4259  4262  4201    1
 4327   4262  4204  4201    1
 4328   4260  4263  4259    1
 4329   4263  4262  4259    1
 4330   4261  4264  4260    1
 4331   4264  4263  4260    1
 4332   4262  4265  4204    1
 4333   4265  4207  4204    1
 4334   4263  4266  4262    1
 4335   4266  4265  4262    1
 4336   4264  4267  4263    1
 4337   4267  4266  4263    1
 4338   4265  4268  4207    1
 4339   4268  4210  4207    1
 4340   4266  4269  4265    1
 4341   4269  4268  4265    1
 4342   4267  4270  4266    1
 4343   4270  4269  4266    1
 4344   4271  4213  4228    1
 4345   4286  4271  4228    1
 4346   4272  4271  4286    1
 4347   4287  4272  4286    1
 4348   4273  4272  4287    1
 4349   4288  4273  4287    1
 4350   4286  4228  4243    1
 4351   4301  4286  4243    1
 4352   4304  4301  4243    1
 4353   4246  4304  4243    1
 4354   4287  4286  4301    1
 4355   4302  4287  4301    1
 4356   4305  4302  4301    1
 4357   4304  4305  4301    1
 4358   4288  4287  4302    1
 4359   4303  4288  4302    1
 4360   4306  4303  4302    1
 4361   4305  4306  4302    1
 4362   4307  4304  4246    1
 4363   4249  4307  4246    1
 4364   4308  4305  4304    1
 4365   4307  4308  4304    1
 4366   4309  4306  4305    1
 4367   4308  4309  4305    1
 4368   4310  4307  4249    1
 4369   4252  4310  4249    1
 4370   4311  4308  4307    1
 4371   4310  4311  4307    1
 4372   4312  4309  4308    1
 4373   4311  4312  4308    1
 4374   4313  4310  4252    1
 4375   4255  4313  4252    1
 4376   4314  4311  4310    1
 4377   4313  4314  4310    1
 4378   4315  4312  4311    1
 4379   4314  4315  4311    1
 4380   4316  4258  4273    1
 4381   4316  4319  4258    1
 4382   4319  4261  4258    1
 4383   4331  4316  4273    1
 4384   4317  4316  4331    1
 4385   4317  4320  4316    1
 4386   4320  4319  4316    1
 4387   4332  4317  4331    1
 4388   4318  4317  4332    1
 4389   4318  4321  4317    1
 4390   4321  4320  4317    1
 4391   4333  4318  4332    1
 4392   4319  4322  4261    1
 4393   4322  4264  4261    1
 4394   4320  4323  4319    1
 4395   4323  4322  4319    1
 4396   4321  4324  4320    1
 4397   4324  4323  4320    1
 4398   4322  4325  4264    1
 4399   4325  4267  4264    1
 4400   4323  4326  4322    1
 4401   4326  4325  4322    1
 4402   4324  4327  4323    1
 4403   4327  4326  4323    1
 4404   4325  4328  4267    1
 4405   4328  4270  4267    1
 4406   4326  4329  4325    1
 4407   4329  4328  4325    1
 4408   4327  4330  4326    1
 4409   4330  4329  4326    1
 4410   4331  4273  4288    1
 4411   4346  4331  4288    1
 4412   4332  4331  4346    1
 4413   4347  4332  4346    1
 4414   4333  4332  4347    1
 4415   4348  4333  4347    1
 4416   4346  4288  4303    1
 4417   4361  4346  4303    1
 4418   4364  4361  4303    1
 4419   4306  4364  4303    1
 4420   4347  4346  4361    1
 4421   4362  4347  4361    1
 4422   4365  4362  4361    1
 4423   4364  4365  4361    1
 4424   4348  4347  4362    1
 4425   4363  4348  4362    1
 4426   4366  4363  4362    1
 4427   4365  4366  4362    1
 4428   4367  4364  4306    1
 4429   4309  4367  4306    1
 4430   4368  4365  4364    1
 4431   4367  4368  4364    1
 4432   4369  4366  4365    1
 4433   4368  4369  4365    1
 4434   4370  4367  4309    1
 4435   4312  4370  4309    1
 4436   4371  4368  4367    1
 4437   4370  4371  4367    1
 4438   4372  4369  4368    1
 4439   4371  4372  4368    1
 4440   4373  4370  4312    1
 4441   4315  4373  4312    1
 4442   4374  4371  4370    1
 4443   4373  4374  4370    1
 4444   4375  4372  4371    1
 4445   4374  4375  4371    1
 4446   4376  4318  4333    1
 4447   4376  4378  4318    1
 4448   4378  4321  4318    1
 4449   4386  4376  4333    1
 4450   4377  4376  4386    1
 4451   4377  4379  4376    1
 4452   4379  4378  4376    1
 4453   4387  4377  4386    1
 4454   3936  4377  4387    1
 4455   3936  3940  4377    1
 4456   3940  4379  4377    1
 4457   3956  3936  4387    1
 4458   4378  4380  4321    1
 4459   4380  4324  4321    1
 4460   4379  4381  4378    1
 4461   4381  4380  4378    1
 4462   3940  3944  4379    1
 4463   3944  4381  4379    1
 4464   4380  4382  4324    1
 4465   4382  4327  4324    1
 4466   4381  4383  4380    1
 4467   4383  4382  4380    1
 4468   3944  3948  4381    1
 4469   3948  4383  4381    1
 4470   4382  4384  4327    1
 4471   4384  4330  4327    1
 4472   4383  4385  4382    1
 4473   4385  4384  4382    1
 4474   3948  3952  4383    1
 4475   3952  4385  4383    1
 4476   4386  4333  4348    1
 4477   4396  4386  4348    1
 4478   4387  4386  4396    1
 4479   4397  4387  4396    1
 4480   3956  4387  4397    1
 4481   3976  3956  4397    1
 4482   4396  4348  4363    1
 4483   4406  4396  4363    1
 4484   4408  4406  4363    1
 4485   4366  4408  4363    1
 4486   4397  4396  4406    1
 4487   4407  4397  4406    1
 4488   4409  4407  4406    1
 4489   4408  4409  4406    1
 4490   3976  4397  4407    1
 4491   3996  3976  4407    1
 4492   4000  3996  4407    1
 4493   4409  4000  4407    1
 4494   4410  4408  4366    1
 4495   4369  4410  4366    1
 4496   4411  4409  4408    1
 4497   4410  4411  4408    1
 4498   4004  4000  4409    1
 4499   4411  4004  4409    1
 4500   4412  4410  4369    1
 4501   4372  4412  4369    1
 4502   4413  4411  4410    1
 4503   4412  4413  4410    1
 4504   4008  4004  4411    1
 4505   4413  4008  4411    1
 4506   4414  4412  4372    1
 4507   4375  4414  4372    1
 4508   4415  4413  4412    1
 4509   4414  4415  4412    1
 4510   4012  4008  4413    1
 4511   4415  4012  4413    1
 4512   3953  4417  3952    1
 4513   4417  4416  3952    1
 4514   3954  4418  3953    1
 4515   4418  4417  3953    1
 4516   3955  4419  3954    1
 4517   4419  4418  3954    1
 4518   4417  4421  4416    1
 4519   4421  4420  4416    1
 4520   4418  4422  4417    1
 4521   4422  4421  4417    1
 4522   4419  4423  4418    1
 4523   4423  4422  4418    1
 4524   4421  4425  4420    1
 4525   4425  4424  4420    1
 4526   4422  4426  4421    1
 4527   4426  4425  4421    1
 4528   4423  4427  4422    1
 4529   4427  4426  4422    1
 4530   4425  4429  4424    1
 4531   4429  4428  4424    1
 4532   4426  4430  4425    1
 4533   4430  4429  4425    1
 4534   4427  4431  4426    1
 4535   4431  4430  4426    1
 4536   4465  4013  4012    1
 4537   4464  4465  4012    1
 4538   4466  4014  4013    1
 4539   4465  4466  4013    1
 4540   4467  4015  4014    1
 4541   4466  4467  4014    1
 4542   4469  4465  4464    1
 4543   4468  4469  4464    1
 4544   4470  4466  4465    1
 4545   4469  4470  4465    1
 4546   4471  4467  4466    1
 4547   4470  4471  4466    1
 4548   4473  4469  4468    1
 4549   4472  4473  4468    1
 4550   4474  4470  4469    1
 4551   4473  4474  4469    1
 4552   4475  4471  4470    1
 4553   4474  4475  4470    1
 4554   4477  4473  4472    1
 4555   4476  4477  4472    1
 4556   4478  4474  4473    1
 4557   4477  4478  4473    1
 4558   4479  4475  4474    1
 4559   4478  4479  4474    1
 4560   4028  4480  3955    1
 4561   4480  4419  3955    1
 4562   4029  4481  4028    1
 4563   4481  4480  4028    1
 4564   4030  4482  4029    1
 4565   4482  4481  4029    1
 4566   4480  4483  4419    1
 4567   4483  4423  4419    1
 4568   4481  4484  4480    1
 4569   4484  4483  4480    1
 4570   4482  4485  4481    1
 4571   4485  4484  4481    1
 4572   4483  4486  4423    1
 4573   4486  4427  4423    1
 4574   4484  4487  4483    1
 4575   4487  4486  4483    1
 4576   4485  4488  4484    1
 4577   4488  4487  4484    1
 4578   4486  4489  4427    1
 4579   4489  4431  4427    1
 4580   4487  4490  4486    1
 4581   4490  4489  4486    1
 4582   4488  4491  4487    1
 4583   4491  4490  4487    1
 4584   4516  4073  4015    1
 4585   4467  4516  4015    1
 4586   4517  4074  4073    1
 4587   4516  4517  4073    1
 4588   4518  4075  4074    1
 4589   4517  4518  4074    1
 4590   4519  4516  4467    1
 4591   4471  4519  4467    1
 4592   4520  4517  4516    1
 4593   4519  4520  4516    1
 4594   4521  4518  4517    1
 4595   4520  4521  4517    1
 4596   4522  4519  4471    1
 4597   4475  4522  4471    1
 4598   4523  4520  4519    1
 4599   4522  4523  4519    1
 4600   4524  4521  4520    1
 4601   4523  4524  4520    1
 4602   4525  4522  4475    1
 4603   4479  4525  4475    1
 4604   4526  4523  4522    1
 4605   4525  4526  4522    1
 4606   4527  4524  4523    1
 4607   4526  4527  4523    1
 4608   4088  4528  4030    1
 4609   4528  4482  4030    1
 4610   4089  4529  4088    1
 4611   4529  4528  4088    1
 4612   4090  4530  4089    1
 4613   4530  4529  4089    1
 4614   4528  4531  4482    1
 4615   4531  4485  4482    1
 4616   4529  4532  4528    1
 4617   4532  4531  4528    1
 4618   4530  4533  4529    1
 4619   4533  4532  4529    1
 4620   4531  4534  4485    1
 4621   4534  4488  4485    1
 4622   4532  4535  4531    1
 4623   4535  4534  4531    1
 4624   4533  4536  4532    1
 4625   4536  4535  4532    1
 4626   4534  4537  4488    1
 4627   4537  4491  4488    1
 4628   4535  4538  4534    1
 4629   4538  4537  4534    1
 4630   4536  4539  4535    1
 4631   4539  4538  4535    1
 4632   4564  4133  4075    1
 4633   4518  4564  4075    1
 4634   4565  4134  4133    1
 4635   4564  4565  4133    1
 4636   4566  4135  4134    1
 4637   4565  4566  4134    1
 4638   4567  4564  4518    1
 4639   4521  4567  4518    1
 4640   4568  4565  4564    1
 4641   4567  4568  4564    1
 4642   4569  4566  4565    1
 4643   4568  4569  4565    1
 4644   4570  4567  4521    1
 4645   4524  4570  4521    1
 4646   4571  4568  4567    1
 4647   4570  4571  4567    1
 4648   4572  4569  4568    1
 4649   4571  4572  4568    1
 4650   4573  4570  4524    1
 4651   4527  4573  4524    1
 4652   4574  4571  4570    1
 4653   4573  4574  4570    1
 4654   4575  4572  4571    1
 4655   4574  4575  4571    1
 4656   4148  4576  4090    1
 4657   4576  4530  4090    1
 4658   4149  4577  4148    1
 4659   4577  4576  4148    1
 4660   4150  4578  4149    1
 4661   4578  4577  4149    1
 4662   4576  4579  4530    1
 4663   4579  4533  4530    1
 4664   4577  4580  4576    1
 4665   4580  4579  4576    1
 4666   4578  4581  4577    1
 4667   4581  4580  4577    1
 4668   4579  4582  4533    1
 4669   4582  4536  4533    1
 4670   4580  4583  4579    1
 4671   4583  4582  4579    1
 4672   4581  4584  4580    1
 4673   4584  4583  4580    1
 4674   4582  4585  4536    1
 4675   4585  4539  4536    1
 4676   4583  4586  4582    1
 4677   4586  4585  4582    1
 4678   4584  4587  4583    1
 4679   4587  4586  4583    1
 4680   4612  4193  4135    1
 4681   4566  4612  4135    1
 4682   4613  4194  4193    1
 4683   4612  4613  4193    1
 4684   4614  4195  4194    1
 4685   4613  4614  4194    1
 4686   4615  4612  4566    1
 4687   4569  4615  4566    1
 4688   4616  4613  4612    1
 4689   4615  4616  4612    1
 4690   4617  4614  4613    1
 4691   4616  4617  4613    1
 4692   4618  4615  4569    1
 4693   4572  4618  4569    1
 4694   4619  4616  4615    1
 4695   4618  4619  4615    1
 4696   4620  4617  4616    1
 4697   4619  4620  4616    1
 4698   4621  4618  4572    1
 4699   4575  4621  4572    1
 4700   4622  4619  4618    1
 4701   4621  4622  4618    1
 4702   4623  4620  4619    1
 4703   4622  4623  4619    1
 4704   4208  4624  4150    1
 4705   4624  4578  4150    1
 4706   4209  4625  4208    1
 4707   4625  4624  4208    1
 4708   4210  4626  4209    1
 4709   4626  4625  4209    1
 4710   4624  4627  4578    1
 4711   4627  4581  4578    1
 4712   4625  4628  4624    1
 4713   4628  4627  4624    1
 4714   4626  4629  4625    1
 4715   4629  4628  4625    1
 4716   4627  4630  4581    1
 4717   4630  4584  4581    1
 4718   4628  4631  4627    1
 4719   4631  4630  4627    1
 4720   4629  4632  4628    1
 4721   4632  4631  4628    1
 4722   4630  4633  4584    1
 4723   4633  4587  4584    1
 4724   4631  4634  4630    1
 4725   4634  4633  4630    1
 4726   4632  4635  4631    1
 4727   4635  4634  4631    1
 4728   4660  4253  4195    1
 4729   4614  4660  4195    1
 4730   4661  4254  4253    1
 4731   4660  4661  4253    1
 4732   4662  4255  4254    1
 4733   4661  4662  4254    1
 4734   4663  4660  4614    1
 4735   4617  4663  4614    1
 4736   4664  4661  4660    1
 4737   4663  4664  4660    1
 4738   4665  4662  4661    1
 4739   4664  4665  4661    1
 4740   4666  4663  4617    1
 4741   4620  4666  4617    1
 4742   4667  4664  4663    1
 4743   4666  4667  4663    1
 4744   4668  4665  4664    1
 4745   4667  4668  4664    1
 4746   4669  4666  4620    1
 4747   4623  4669  4620    1
 4748   4670  4667  4666    1
 4749   4669  4670  4666    1
 4750   4671  4668  4667    1
 4751   4670  4671  4667    1
 4752   4268  4672  4210    1
 4753   4672  4626  4210    1
 4754   4269  4673  4268    1
 4755   4673  4672  4268    1
 4756   4270  4674  4269    1
 4757   4674  4673  4269    1
 4758   4672  4675  4626    1
 4759   4675  4629  4626    1
 4760   4673  4676  4672    1
 4761   4676  4675  4672    1
 4762   4674  4677  4673    1
 4763   4677  4676  4673    1
 4764   4675  4678  4629    1
 4765   4678  4632  4629    1
 4766   4676  4679  4675    1
 4767   4679  4678  4675    1
 4768   4677  4680  4676    1
 4769   4680  4679  4676    1
 4770   4678  4681  4632    1
 4771   4681  4635  4632    1
 4772   4679  4682  4678    1
 4773   4682  4681  4678    1
 4774   4680  4683  4679    1
 4775   4683  4682  4679    1
 4776   4708  4313  4255    1
 4777   4662  4708  4255    1
 4778   4709  4314  4313    1
 4779   4708  4709  4313    1
 4780   4710  4315  4314    1
 4781   4709  4710  4314    1
 4782   4711  4708  4662    1
 4783   4665  4711  4662    1
 4784   4712  4709  4708    1
 4785   4711  4712  4708    1
 4786   4713  4710  4709    1
 4787   4712  4713  4709    1
 4788   4714  4711  4665    1
 4789   4668  4714  4665    1
 4790   4715  4712  4711    1
 4791   4714  4715  4711    1
 4792   4716  4713  4712    1
 4793   4715  4716  4712    1
 4794   4717  4714  4668    1
 4795   4671  4717  4668    1
 4796   4718  4715  4714    1
 4797   4717  4718  4714    1
 4798   4719  4716  4715    1
 4799   4718  4719  4715    1
 4800   4328  4720  4270    1
 4801   4720  4674  4270    1
 4802   4329  4721  4328    1
 4803   4721  4720  4328    1
 4804   4330  4722  4329    1
 4805   4722  4721  4329    1
 4806   4720  4723  4674    1
 4807   4723  4677  4674    1
 4808   4721  4724  4720    1
 4809   4724  4723  4720    1
 4810   4722  4725  4721    1
 4811   4725  4724  4721    1
 4812   4723  4726  4677    1
 4813   4726  4680  4677    1
 4814   4724  4727  4723    1
 4815   4727  4726  4723    1
 4816   4725  4728  4724    1
 4817   4728  4727  4724    1
 4818   4726  4729  4680    1
 4819   4729  4683  4680    1
 4820   4727  4730  4726    1
 4821   4730  4729  4726    1
 4822   4728  4731  4727    1
 4823   4731  4730  4727    1
 4824   4756  4373  4315    1
 4825   4710  4756  4315    1
 4826   4757  4374  4373    1
 4827   4756  4757  4373    1
 4828   4758  4375  4374    1
 4829   4757  4758  4374    1
 4830   4759  4756  4710    1
 4831   4713  4759  4710    1
 4832   4760  4757  4756    1
 4833   4759  4760  4756    1
 4834   4761  4758  4757    1
 4835   4760  4761  4757    1
 4836   4762  4759  4713    1
 4837   4716  4762  4713    1
 4838   4763  4760  4759    1
 4839   4762  4763  4759    1
 4840   4764  4761  4760    1
 4841   4763  4764  4760    1
 4842   4765  4762  4716    1
 4843   4719  4765  4716    1
 4844   4766  4763  4762    1
 4845   4765  4766  4762    1
 4846   4767  4764  4763    1
 4847   4766  4767  4763    1
 4848   4384  4768  4330    1
 4849   4768  4722  4330    1
 4850   4385  4769  4384    1
 4851   4769  4768  4384    1
 4852   3952  4416  4385    1
 4853   4416  4769  4385    1
 4854   4768  4770  4722    1
 4855   4770  4725  4722    1
 4856   4769  4771  4768    1
 4857   4771  4770  4768    1
 4858   4416  4420  4769    1
 4859   4420  4771  4769    1
 4860   4770  4772  4725    1
 4861   4772  4728  4725    1
 4862   4771  4773  4770    1
 4863   4773  4772  4770    1
 4864   4420  4424  4771    1
 4865   4424  4773  4771    1
 4866   4772  4774  4728    1
 4867   4774  4731  4728    1
 4868   4773  4775  4772    1
 4869   4775  4774  4772    1
 4870   4424  4428  4773    1
 4871   4428  4775  4773    1
 4872   4792  4414  4375    1
 4873   4758  4792  4375    1
 4874   4793  4415  4414    1
 4875   4792  4793  4414    1
 4876   4464  4012  4415    1
 4877   4793  4464  4415    1
 4878   4794  4792  4758    1
 4879   4761  4794  4758    1
 4880   4795  4793  4792    1
 4881   4794  4795  4792    1
 4882   4468  4464  4793    1
 4883   4795  4468  4793    1
 4884   4796  4794  4761    1
 4885   4764  4796  4761    1
 4886   4797  4795  4794    1
 4887   4796  4797  4794    1
 4888   4472  4468  4795    1
 4889   4797  4472  4795    1
 4890   4798  4796  4764    1
 4891   4767  4798  4764    1
 4892   4799  4797  4796    1
 4893   4798  4799  4796    1
 4894   4476  4472  4797    1
 4895   4799  4476  4797    1
 4896   4429  4801  4428    1
 4897   4801  4800  4428    1
 4898   4430  4802  4429    1
 4899   4802  4801  4429    1
 4900   4431  4803  4430    1
 4901   4803  4802  4430    1
 4902   4801  4805  4800    1
 4903   4805  4804  4800    1
 4904   4802  4806  4801    1
 4905   4806  4805  4801    1
 4906   4803  4807  4802    1
 4907   4807  4806  4802    1
 4908   4805  4809  4804    1
 4909   4809  4808  4804    1
 4910   4806  4810  4805    1
 4911   4810  4809  4805    1
 4912   4807  4811  4806    1
 4913   4811  4810  4806    1
 4914   4809  4813  4808    1
 4915   4813  4812  4808    1
 4916   4810  4814  4809    1
 4917   4814  4813  4809    1
 4918   4811  4815  4810    1
 4919   4815  4814  4810    1
 4920   4849  4477  4476    1
 4921   4848  4849  4476    1
 4922   4850  4478  4477    1
 4923   4849  4850  4477    1
 4924   4851  4479  4478    1
 4925   4850  4851  4478    1
 4926   4853  4849  4848    1
 4927   4852  4853  4848    1
 4928   4854  4850  4849    1
 4929   4853  4854  4849    1
 4930   4855  4851  4850    1
 4931   4854  4855  4850    1
 4932   4857  4853  4852    1
 4933   4856  4857  4852    1
 4934   4858  4854  4853    1
 4935   4857  4858  4853    1
 4936   4859  4855  4854    1
 4937   4858  4859  4854    1
 4938   4861  4857  4856    1
 4939   4860  4861  4856    1
 4940   4862  4858  4857    1
 4941   4861  4862  4857    1
 4942   4863  4859  4858    1
 4943   4862  4863  4858    1
 4944   4489  4864  4431    1
 4945   4864  4803  4431    1
 4946   4490  4865  4489    1
 4947   4865  4864  4489    1
 4948   4491  4866  4490    1
 4949   4866  4865  4490    1
 4950   4864  4867  4803    1
 4951   4867  4807  4803    1
 4952   4865  4868  4864    1
 4953   4868  4867  4864    1
 4954   4866  4869  4865    1
 4955   4869  4868  4865    1
 4956   4867  4870  4807    1
 4957   4870  4811  4807    1
 4958   4868  4871  4867    1
 4959   4871  4870  4867    1
 4960   4869  4872  4868    1
 4961   4872  4871  4868    1
 4962   4870  4873  4811    1
 4963   4873  4815  4811    1
 4964   4871  4874  4870    1
 4965   4874  4873  4870    1
 4966   4872  4875  4871    1
 4967   4875  4874  4871    1
 4968   4900  4525  4479    1
 4969   4851  4900  4479    1
 4970   4901  4526  4525    1
 4971   4900  4901  4525    1
 4972   4902  4527  4526    1
 4973   4901  4902  4526    1
 4974   4903  4900  4851    1
 4975   4855  4903  4851    1
 4976   4904  4901  4900    1
 4977   4903  4904  4900    1
 4978   4905  4902  4901    1
 4979   4904  4905  4901    1
 4980   4906  4903  4855    1
 4981   4859  4906  4855    1
 4982   4907  4904  4903    1
 4983   4906  4907  4903    1
 4984   4908  4905  4904    1
 4985   4907  4908  4904    1
 4986   4909  4906  4859    1
 4987   4863  4909  4859    1
 4988   4910  4907  4906    1
 4989   4909  4910  4906    1
 4990   4911  4908  4907    1
 4991   4910  4911  4907    1
 4992   4537  4912  4491    1
 4993   4912  4866  4491    1
 4994   4538  4913  4537    1
 4995   4913  4912  4537    1
 4996   4539  4914  4538    1
 4997   4914  4913  4538    1
 4998   4912  4915  4866    1
 4999   4915  4869  4866    1
 5000   4913  4916  4912    1
 5001   4916  4915  4912    1
 5002   4914  4917  4913    1
 5003   4917  4916  4913    1
 5004   4915  4918  4869    1
 5005   4918  4872  4869    1
 5006   4916  4919  4915    1
 5007   4919  4918  4915    1
 5008   4917  4920  4916    1
 5009   4920  4919  4916    1
 5010   4918  4921  4872    1
 5011   4921  4875  4872    1
 5012   4919  4922  4918    1
 5013   4922  4921  4918    1
 5014   4920  4923  4919    1
 5015   4923  4922  4919    1
 5016   4948  4573  4527    1
 5017   4902  4948  4527    1
 5018   4949  4574  4573    1
 5019   4948  4949  4573    1
 5020   4950  4575  4574    1
 5021   4949  4950  4574    1
 5022   4951  4948  4902    1
 5023   4905  4951  4902    1
 5024   4952  4949  4948    1
 5025   4951  4952  4948    1
 5026   4953  4950  4949    1
 5027   4952  4953  4949    1
 5028   4954  4951  4905    1
 5029   4908  4954  4905    1
 5030   4955  4952  4951    1
 5031   4954  4955  4951    1
 5032   4956  4953  4952    1
 5033   4955  4956  4952    1
 5034   4957  4954  4908    1
 5035   4911  4957  4908    1
 5036   4958  4955  4954    1
 5037   4957  4958  4954    1
 5038   4959  4956  4955    1
 5039   4958  4959  4955    1
 5040   4585  4960  4539    1
 5041   4960  4914  4539    1
 5042   4586  4961  4585    1
 5043   4961  4960  4585    1
 5044   4587  4962  4586    1
 5045   4962  4961  4586    1
 5046   4960  4963  4914    1
 5047   4963  4917  4914    1
 5048   4961  4964  4960    1
 5049   4964  4963  4960    1
 5050   4962  4965  4961    1
 5051   4965  4964  4961    1
 5052   4963  4966  4917    1
 5053   4966  4920  4917    1
 5054   4964  4967  4963    1
 5055   4967  4966  4963    1
 5056   4965  4968  4964    1
 5057   4968  4967  4964    1
 5058   4966  4969  4920    1
 5059   4969  4923  4920    1
 5060   4967  4970  4966    1
 5061   4970  4969  4966    1
 5062   4968  4971  4967    1
 5063   4971  4970  4967    1
 5064   4996  4621  4575    1
 5065   4950  4996  4575    1
 5066   4997  4622  4621    1
 5067   4996  4997  4621    1
 5068   4998  4623  4622    1
 5069   4997  4998  4622    1
 5070   4999  4996  4950    1
 5071   4953  4999  4950    1
 5072   5000  4997  4996    1
 5073   4999  5000  4996    1
 5074   5001  4998  4997    1
 5075   5000  5001  4997    1
 5076   5002  4999  4953    1
 5077   4956  5002  4953    1
 5078   5003  5000  4999    1
 5079   5002  5003  4999    1
 5080   5004  5001  5000    1
 5081   5003  5004  5000    1
 5082   5005  5002  4956    1
 5083   4959  5005  4956    1
 5084   5006  5003  5002    1
 5085   5005  5006  5002    1
 5086   5007  5004  5003    1
 5087   5006  5007  5003    1
 5088   4633  5008  4587    1
 5089   5008  4962  4587    1
 5090   4634  5009  4633    1
 5091   5009  5008  4633    1
 5092   4635  5010  4634    1
 5093   5010  5009  4634    1
 5094   5008  5011  4962    1
 5095   5011  4965  4962    1
 5096   5009  5012  5008    1
 5097   5012  5011  5008    1
 5098   5010  5013  5009    1
 5099   5013  5012  5009    1
 5100   5011  5014  4965    1
 5101   5014  4968  4965    1
 5102   5012  5015  5011    1
 5103   5015  5014  5011    1
 5104   5013  5016  5012    1
 5105   5016  5015  5012    1
 5106   5014  5017  4968    1
 5107   5017  4971  4968    1
 5108   5015  5018  5014    1
 5109   5018  5017  5014    1
 5110   5016  5019  5015    1
 5111   5019  5018  5015    1
 5112   5044  4669  4623    1
 5113   4998  5044  4623    1
 5114   5045  4670  4669    1
 5115   5044  5045  4669    1
 5116   5046  4671  4670    1
 5117   5045  5046  4670    1
 5118   5047  5044  4998    1
 5119   5001  5047  4998    1
 5120   5048  5045  5044    1
 5121   5047  5048  5044    1
 5122   5049  5046  5045    1
 5123   5048  5049  5045    1
 5124   5050  5047  5001    1
 5125   5004  5050  5001    1
 5126   5051  5048  5047    1
 5127   5050  5051  5047    1
 5128   5052  5049  5048    1
 5129   5051  5052  5048    1
 5130   5053  5050  5004    1
 5131   5007  5053  5004    1
 5132   5054  5051  5050    1
 5133   5053  5054  5050    1
 5134   5055  5052  5051    1
 5135   5054  5055  5051    1
 5136   4681  5056  4635    1
 5137   5056  5010  4635    1
 5138   4682  5057  4681    1
 5139   5057  5056  4681    1
 5140   4683  5058  4682    1
 5141   5058  5057  4682    1
 5142   5056  5059  5010    1
 5143   5059  5013  5010    1
 5144   5057  5060  5056    1
 5145   5060  5059  5056    1
 5146   5058  5061  5057    1
 5147   5061  5060  5057    1
 5148   5059  5062  5013    1
 5149   5062  5016  5013    1
 5150   5060  5063  5059    1
 5151   5063  5062  5059    1
 5152   5061  5064  5060    1
 5153   5064  5063  5060    1
 5154   5062  5065  5016    1
 5155   5065  5019  5016    1
 5156   5063  5066  5062    1
 5157   5066  5065  5062    1
 5158   5064  5067  5063    1
 5159   5067  5066  5063    1
 5160   5092  4717  4671    1
 5161   5046  5092  4671    1
 5162   5093  4718  4717    1
 5163   5092  5093  4717    1
 5164   5094  4719  4718    1
 5165   5093  5094  4718    1
 5166   5095  5092  5046    1
 5167   5049  5095  5046    1
 5168   5096  5093  5092    1
 5169   5095  5096  5092    1
 5170   5097  5094  5093    1
 5171   5096  5097  5093    1
 5172   5098  5095  5049    1
 5173   5052  5098  5049    1
 5174   5099  5096  5095    1
 5175   5098  5099  5095    1
 5176   5100  5097  5096    1
 5177   5099  5100  5096    1
 5178   5101  5098  5052    1
 5179   5055  5101  5052    1
 5180   5102  5099  5098    1
 5181   5101  5102  5098    1
 5182   5103  5100  5099    1
 5183   5102  5103  5099    1
 5184   4729  5104  4683    1
 5185   5104  5058  4683    1
 5186   4730  5105  4729    1
 5187   5105  5104  4729    1
 5188   4731  5106  4730    1
 5189   5106  5105  4730    1
 5190   5104  5107  5058    1
 5191   5107  5061  5058    1
 5192   5105  5108  5104    1
 5193   5108  5107  5104    1
 5194   5106  5109  5105    1
 5195   5109  5108  5105    1
 5196   5107  5110  5061    1
 5197   5110  5064  5061    1
 5198   5108  5111  5107    1
 5199   5111  5110  5107    1
 5200   5109  5112  5108    1
 5201   5112  5111  5108    1
 5202   5110  5113  5064    1
 5203   5113  5067  5064    1
 5204   5111  5114  5110    1
 5205   5114  5113  5110    1
 5206   5112  5115  5111    1
 5207   5115  5114  5111    1
 5208   5140  4765  4719    1
 5209   5094  5140  4719    1
 5210   5141  4766  4765    1
 5211   5140  5141  4765    1
 5212   5142  4767  4766    1
 5213   5141  5142  4766    1
 5214   5143  5140  5094    1
 5215   5097  5143  5094    1
 5216   5144  5141  5140    1
 5217   5143  5144  5140    1
 5218   5145  5142  5141    1
 5219   5144  5145  5141    1
 5220   5146  5143  5097    1
 5221   5100  5146  5097    1
 5222   5147  5144  5143    1
 5223   5146  5147  5143    1
 5224   5148  5145  5144    1
 5225   5147  5148  5144    1
 5226   5149  5146  5100    1
 5227   5103  5149  5100    1
 5228   5150  5147  5146    1
 5229   5149  5150  5146    1
 5230   5151  5148  5147    1
 5231   5150  5151  5147    1
 5232   4774  5152  4731    1
 5233   5152  5106  4731    1
 5234   4775  5153  4774    1
 5235   5153  5152  4774    1
 5236   4428  4800  4775    1
 5237   4800  5153  4775    1
 5238   5152  5154  5106    1
 5239   5154  5109  5106    1
 5240   5153  5155  5152    1
 5241   5155  5154  5152    1
 5242   4800  4804  5153    1
 5243   4804  5155  5153    1
 5244   5154  5156  5109    1
 5245   5156  5112  5109    1
 5246   5155  5157  5154    1
 5247   5157  5156  5154    1
 5248   4804  4808  5155    1
 5249   4808  5157  5155    1
 5250   5156  5158  5112    1
 5251   5158  5115  5112    1
 5252   5157  5159  5156    1
 5253   5159  5158  5156    1
 5254   4808  4812  5157    1
 5255   4812  5159  5157    1
 5256   5176  4798  4767    1
 5257   5142  5176  4767    1
 5258   5177  4799  4798    1
 5259   5176  5177  4798    1
 5260   4848  4476  4799    1
 5261   5177  4848  4799    1
 5262   5178  5176  5142    1
 5263   5145  5178  5142    1
 5264   5179  5177  5176    1
 5265   5178  5179  5176    1
 5266   4852  4848  5177    1
 5267   5179  4852  5177    1
 5268   5180  5178  5145    1
 5269   5148  5180  5145    1
 5270   5181  5179  5178    1
 5271   5180  5181  5178    1
 5272   4856  4852  5179    1
 5273   5181  4856  5179    1
 5274   5182  5180  5148    1
 5275   5151  5182  5148    1
 5276   5183  5181  5180    1
 5277   5182  5183  5180    1
 5278   4860  4856  5181    1
 5279   5183  4860  5181    1
 5280   4813  5185  4812    1
 5281   5185  5184  4812    1
 5282   4814  5186  4813    1
 5283   5186  5185  4813    1
 5284   4815  5187  4814    1
 5285   5187  5186  4814    1
 5286   5185  5189  5184    1
 5287   5189  5188  5184    1
 5288   5186  5190  5185    1
 5289   5190  5189  5185    1
 5290   5187  5191  5186    1
 5291   5191  5190  5186    1
 5292   5189  5193  5188    1
 5293   5193  5192  5188    1
 5294   5190  5194  5189    1
 5295   5194  5193  5189    1
 5296   5191  5195  5190    1
 5297   5195  5194  5190    1
 5298   5193  5197  5192    1
 5299   5197  5196  5192    1
 5300   5194  5198  5193    1
 5301   5198  5197  5193    1
 5302   5195  5199  5194    1
 5303   5199  5198  5194    1
 5304   5233  4861  4860    1
 5305   5232  5233  4860    1
 5306   5234  4862  4861    1
 5307   5233  5234  4861    1
 5308   5235  4863  4862    1
 5309   5234  5235  4862    1
 5310   5237  5233  5232    1
 5311   5236  5237  5232    1
 5312   5238  5234  5233    1
 5313   5237  5238  5233    1
 5314   5239  5235  5234    1
 5315   5238  5239  5234    1
 5316   5241  5237  5236    1
 5317   5240  5241  5236    1
 5318   5242  5238  5237    1
 5319   5241  5242  5237    1
 5320   5243  5239  5238    1
 5321   5242  5243  5238    1
 5322   5245  5241  5240    1
 5323   5244  5245  5240    1
 5324   5246  5242  5241    1
 5325   5245  5246  5241    1
 5326   5247  5243  5242    1
 5327   5246  5247  5242    1
 5328   4873  5248  4815    1
 5329   5248  5187  4815    1
 5330   4874  5249  4873    1
 5331   5249  5248  4873    1
 5332   4875  5250  4874    1
 5333   5250  5249  4874    1
 5334   5248  5251  5187    1
 5335   5251  5191  5187    1
 5336   5249  5252  5248    1
 5337   5252  5251  5248    1
 5338   5250  5253  5249    1
 5339   5253  5252  5249    1
 5340   5251  5254  5191    1
 5341   5254  5195  5191    1
 5342   5252  5255  5251    1
 5343   5255  5254  5251    1
 5344   5253  5256  5252    1
 5345   5256  5255  5252    1
 5346   5254  5257  5195    1
 5347   5257  5199  5195    1
 5348   5255  5258  5254    1
 5349   5258  5257  5254    1
 5350   5256  5259  5255    1
 5351   5259  5258  5255    1
 5352   5284  4909  4863    1
 5353   5235  5284  4863    1
 5354   5285  4910  4909    1
 5355   5284  5285  4909    1
 5356   5286  4911  4910    1
 5357   5285  5286  4910    1
 5358   5287  5284  5235    1
 5359   5239  5287  5235    1
 5360   5288  5285  5284    1
 5361   5287  5288  5284    1
 5362   5289  5286  5285    1
 5363   5288  5289  5285    1
 5364   5290  5287  5239    1
 5365   5243  5290  5239    1
 5366   5291  5288  5287    1
 5367   5290  5291  5287    1
 5368   5292  5289  5288    1
 5369   5291  5292  5288    1
 5370   5293  5290  5243    1
 5371   5247  5293  5243    1
 5372   5294  5291  5290    1
 5373   5293  5294  5290    1
 5374   5295  5292  5291    1
 5375   5294  5295  5291    1
 5376   4921  5296  4875    1
 5377   5296  5250  4875    1
 5378   4922  5297  4921    1
 5379   5297  5296  4921    1
 5380   4923  5298  4922    1
 5381   5298  5297  4922    1
 5382   5296  5299  5250    1
 5383   5299  5253  5250    1
 5384   5297  5300  5296    1
 5385   5300  5299  5296    1
 5386   5298  5301  5297    1
 5387   5301  5300  5297    1
 5388   5299  5302  5253    1
 5389   5302  5256  5253    1
 5390   5300  5303  5299    1
 5391   5303  5302  5299    1
 5392   5301  5304  5300    1
 5393   5304  5303  5300    1
 5394   5302  5305  5256    1
 5395   5305  5259  5256    1
 5396   5303  5306  5302    1
 5397   5306  5305  5302    1
 5398   5304  5307  5303    1
 5399   5307  5306  5303    1
 5400   5332  4957  4911    1
 5401   5286  5332  4911    1
 5402   5333  4958  4957    1
 5403   5332  5333  4957    1
 5404   5334  4959  4958    1
 5405   5333  5334  4958    1
 5406   5335  5332  5286    1
 5407   5289  5335  5286    1
 5408   5336  5333  5332    1
 5409   5335  5336  5332    1
 5410   5337  5334  5333    1
 5411   5336  5337  5333    1
 5412   5338  5335  5289    1
 5413   5292  5338  5289    1
 5414   5339  5336  5335    1
 5415   5338  5339  5335    1
 5416   5340  5337  5336    1
 5417   5339  5340  5336    1
 5418   5341  5338  5292    1
 5419   5295  5341  5292    1
 5420   5342  5339  5338    1
 5421   5341  5342  5338    1
 5422   5343  5340  5339    1
 5423   5342  5343  5339    1
 5424   4969  5344  4923    1
 5425   5344  5298  4923    1
 5426   4970  5345  4969    1
 5427   5345  5344  4969    1
 5428   4971  5346  4970    1
 5429   5346  5345  4970    1
 5430   5344  5347  5298    1
 5431   5347  5301  5298    1
 5432   5345  5348  5344    1
 5433   5348  5347  5344    1
 5434   5346  5349  5345    1
 5435   5349  5348  5345    1
 5436   5347  5350  5301    1
 5437   5350  5304  5301    1
 5438   5348  5351  5347    1
 5439   5351  5350  5347    1
 5440   5349  5352  5348    1
 5441   5352  5351  5348    1
 5442   5350  5353  5304    1
 5443   5353  5307  5304    1
 5444   5351  5354  5350    1
 5445   5354  5353  5350    1
 5446   5352  5355  5351    1
 5447   5355  5354  5351    1
 5448   5380  5005  4959    1
 5449   5334  5380  4959    1
 5450   5381  5006  5005    1
 5451   5380  5381  5005    1
 5452   5382  5007  5006    1
 5453   5381  5382  5006    1
 5454   5383  5380  5334    1
 5455   5337  5383  5334    1
 5456   5384  5381  5380    1
 5457   5383  5384  5380    1
 5458   5385  5382  5381    1
 5459   5384  5385  5381    1
 5460   5386  5383  5337    1
 5461   5340  5386  5337    1
 5462   5387  5384  5383    1
 5463   5386  5387  5383    1
 5464   5388  5385  5384    1
 5465   5387  5388  5384    1
 5466   5389  5386  5340    1
 5467   5343  5389  5340    1
 5468   5390  5387  5386    1
 5469   5389  5390  5386    1
 5470   5391  5388  5387    1
 5471   5390  5391  5387    1
 5472   5017  5392  4971    1
 5473   5392  5346  4971    1
 5474   5018  5393  5017    1
 5475   5393  5392  5017    1
 5476   5019  5394  5018    1
 5477   5394  5393  5018    1
 5478   5392  5395  5346    1
 5479   5395  5349  5346    1
 5480   5393  5396  5392    1
 5481   5396  5395  5392    1
 5482   5394  5397  5393    1
 5483   5397  5396  5393    1
 5484   5395  5398  5349    1
 5485   5398  5352  5349    1
 5486   5396  5399  5395    1
 5487   5399  5398  5395    1
 5488   5397  5400  5396    1
 5489   5400  5399  5396    1
 5490   5398  5401  5352    1
 5491   5401  5355  5352    1
 5492   5399  5402  5398    1
 5493   5402  5401  5398    1
 5494   5400  5403  5399    1
 5495   5403  5402  5399    1
 5496   5428  5053  5007    1
 5497   5382  5428  5007    1
 5498   5429  5054  5053    1
 5499   5428  5429  5053    1
 5500   5430  5055  5054    1
 5501   5429  5430  5054    1
 5502   5431  5428  5382    1
 5503   5385  5431  5382    1
 5504   5432  5429  5428    1
 5505   5431  5432  5428    1
 5506   5433  5430  5429    1
 5507   5432  5433  5429    1
 5508   5434  5431  5385    1
 5509   5388  5434  5385    1
 5510   5435  5432  5431    1
 5511   5434  5435  5431    1
 5512   5436  5433  5432    1
 5513   5435  5436  5432    1
 5514   5437  5434  5388    1
 5515   5391  5437  5388    1
 5516   5438  5435  5434    1
 5517   5437  5438  5434    1
 5518   5439  5436  5435    1
 5519   5438  5439  5435    1
 5520   5065  5440  5019    1
 5521   5440  5394  5019    1
 5522   5066  5441  5065    1
 5523   5441  5440  5065    1
 5524   5067  5442  5066    1
 5525   5442  5441  5066    1
 5526   5440  5443  5394    1
 5527   5443  5397  5394    1
 5528   5441  5444  5440    1
 5529   5444  5443  5440    1
 5530   5442  5445  5441    1
 5531   5445  5444  5441    1
 5532   5443  5446  5397    1
 5533   5446  5400  5397    1
 5534   5444  5447  5443    1
 5535   5447  5446  5443    1
 5536   5445  5448  5444    1
 5537   5448  5447  5444    1
 5538   5446  5449  5400    1
 5539   5449  5403  5400    1
 5540   5447  5450  5446    1
 5541   5450  5449  5446    1
 5542   5448  5451  5447    1
 5543   5451  5450  5447    1
 5544   5476  5101  5055    1
 5545   5430  5476  5055    1
 5546   5477  5102  5101    1
 5547   5476  5477  5101    1
 5548   5478  5103  5102    1
 5549   5477  5478  5102    1
 5550   5479  5476  5430    1
 5551   5433  5479  5430    1
 5552   5480  5477  5476    1
 5553   5479  5480  5476    1
 5554   5481  5478  5477    1
 5555   5480  5481  5477    1
 5556   5482  5479  5433    1
 5557   5436  5482  5433    1
 5558   5483  5480  5479    1
 5559   5482  5483  5479    1
 5560   5484  5481  5480    1
 5561   5483  5484  5480    1
 5562   5485  5482  5436    1
 5563   5439  5485  5436    1
 5564   5486  5483  5482    1
 5565   5485  5486  5482    1
 5566   5487  5484  5483    1
 5567   5486  5487  5483    1
 5568   5113  5488  5067    1
 5569   5488  5442  5067    1
 5570   5114  5489  5113    1
 5571   5489  5488  5113    1
 5572   5115  5490  5114    1
 5573   5490  5489  5114    1
 5574   5488  5491  5442    1
 5575   5491  5445  5442    1
 5576   5489  5492  5488    1
 5577   5492  5491  5488    1
 5578   5490  5493  5489    1
 5579   5493  5492  5489    1
 5580   5491  5494  5445    1
 5581   5494  5448  5445    1
 5582   5492  5495  5491    1
 5583   5495  5494  5491    1
 5584   5493  5496  5492    1
 5585   5496  5495  5492    1
 5586   5494  5497  5448    1
 5587   5497  5451  5448    1
 5588   5495  5498  5494    1
 5589   5498  5497  5494    1
 5590   5496  5499  5495    1
 5591   5499  5498  5495    1
 5592   5524  5149  5103    1
 5593   5478  5524  5103    1
 5594   5525  5150  5149    1
 5595   5524  5525  5149    1
 5596   5526  5151  5150    1
 5597   5525  5526  5150    1
 5598   5527  5524  5478    1
 5599   5481  5527  5478    1
 5600   5528  5525  5524    1
 5601   5527  5528  5524    1
 5602   5529  5526  5525    1
 5603   5528  5529  5525    1
 5604   5530  5527  5481    1
 5605   5484  5530  5481    1
 5606   5531  5528  5527    1
 5607   5530  5531  5527    1
 5608   5532  5529  5528    1
 5609   5531  5532  5528    1
 5610   5533  5530  5484    1
 5611   5487  5533  5484    1
 5612   5534  5531  5530    1
 5613   5533  5534  5530    1
 5614   5535  5532  5531    1
 5615   5534  5535  5531    1
 5616   5158  5536  5115    1
 5617   5536  5490  5115    1
 5618   5159  5537  5158    1
 5619   5537  5536  5158    1
 5620   4812  5184  5159    1
 5621   5184  5537  5159    1
 5622   5536  5538  5490    1
 5623   5538  5493  5490    1
 5624   5537  5539  5536    1
 5625   5539  5538  5536    1
 5626   5184  5188  5537    1
 5627   5188  5539  5537    1
 5628   5538  5540  5493    1
 5629   5540  5496  5493    1
 5630   5539  5541  5538    1
 5631   5541  5540  5538    1
 5632   5188  5192  5539    1
 5633   5192  5541  5539    1
 5634   5540  5542  5496    1
 5635   5542  5499  5496    1
 5636   5541  5543  5540    1
 5637   5543  5542  5540    1
 5638   5192  5196  5541    1
 5639   5196  5543  5541    1
 5640   5560  5182  5151    1
 5641   5526  5560  5151    1
 5642   5561  5183  5182    1
 5643   5560  5561  5182    1
 5644   5232  4860  5183    1
 5645   5561  5232  5183    1
 5646   5562  5560  5526    1
 5647   5529  5562  5526    1
 5648   5563  5561  5560    1
 5649   5562  5563  5560    1
 5650   5236  5232  5561    1
 5651   5563  5236  5561    1
 5652   5564  5562  5529    1
 5653   5532  5564  5529    1
 5654   5565  5563  5562    1
 5655   5564  5565  5562    1
 5656   5240  5236  5563    1
 5657   5565  5240  5563    1
 5658   5566  5564  5532    1
 5659   5535  5566  5532    1
 5660   5567  5565  5564    1
 5661   5566  5567  5564    1
 5662   5244  5240  5565    1
 5663   5567  5244  5565    1
 5664   5197  5569  5196    1
 5665   5569  5568  5196    1
 5666   5198  5570  5197    1
 5667   5570  5569  5197    1
 5668   5199  5571  5198    1
 5669   5571  5570  5198    1
 5670   5569  5573  5568    1
 5671   5573  5572  5568    1
 5672   5570  5574  5569    1
 5673   5574  5573  5569    1
 5674   5571  5575  5570    1
 5675   5575  5574  5570    1
 5676   5573  5577  5572    1
 5677   5577  5576  5572    1
 5678   5574  5578  5573    1
 5679   5578  5577  5573    1
 5680   5575  5579  5574    1
 5681   5579  5578  5574    1
 5682   5577  5581  5576    1
 5683   5581  5580  5576    1
 5684   5578  5582  5577    1
 5685   5582  5581  5577    1
 5686   5579  5583  5578    1
 5687   5583  5582  5578    1
 5688   5617  5245  5244    1
 5689   5616  5617  5244    1
 5690   5618  5246  5245    1
 5691   5617  5618  5245    1
 5692   5619  5247  5246    1
 5693   5618  5619  5246    1
 5694   5621  5617  5616    1
 5695   5620  5621  5616    1
 5696   5622  5618  5617    1
 5697   5621  5622  5617    1
 5698   5623  5619  5618    1
 5699   5622  5623  5618    1
 5700   5625  5621  5620    1
 5701   5624  5625  5620    1
 5702   5626  5622  5621    1
 5703   5625  5626  5621    1
 5704   5627  5623  5622    1
 5705   5626  5627  5622    1
 5706   5629  5625  5624    1
 5707   5628  5629  5624    1
 5708   5630  5626  5625    1
 5709   5629  5630  5625    1
 5710   5631  5627  5626    1
 5711   5630  5631  5626    1
 5712   5257  5632  5199    1
 5713   5632  5571  5199    1
 5714   5258  5633  5257    1
 5715   5633  5632  5257    1
 5716   5259  5634  5258    1
 5717   5634  5633  5258    1
 5718   5632  5635  5571    1
 5719   5635  5575  5571    1
 5720   5633  5636  5632    1
 5721   5636  5635  5632    1
 5722   5634  5637  5633    1
 5723   5637  5636  5633    1
 5724   5635  5638  5575    1
 5725   5638  5579  5575    1
 5726   5636  5639  5635    1
 5727   5639  5638  5635    1
 5728   5637  5640  5636    1
 5729   5640  5639  5636    1
 5730   5638  5641  5579    1
 5731   5641  5583  5579    1
 5732   5639  5642  5638    1
 5733   5642  5641  5638    1
 5734   5640  5643  5639    1
 5735   5643  5642  5639    1
 5736   5668  5293  5247    1
 5737   5619  5668  5247    1
 5738   5669  5294  5293    1
 5739   5668  5669  5293    1
 5740   5670  5295  5294    1
 5741   5669  5670  5294    1
 5742   5671  5668  5619    1
 5743   5623  5671  5619    1
 5744   5672  5669  5668    1
 5745   5671  5672  5668    1
 5746   5673  5670  5669    1
 5747   5672  5673  5669    1
 5748   5674  5671  5623    1
 5749   5627  5674  5623    1
 5750   5675  5672  5671    1
 5751   5674  5675  5671    1
 5752   5676  5673  5672    1
 5753   5675  5676  5672    1
 5754   5677  5674  5627    1
 5755   5631  5677  5627    1
 5756   5678  5675  5674    1
 5757   5677  5678  5674    1
 5758   5679  5676  5675    1
 5759   5678  5679  5675    1
 5760   5305  5680  5259    1
 5761   5680  5634  5259    1
 5762   5306  5681  5305    1
 5763   5681  5680  5305    1
 5764   5307  5682  5306    1
 5765   5682  5681  5306    1
 5766   5680  5683  5634    1
 5767   5683  5637  5634    1
 5768   5681  5684  5680    1
 5769   5684  5683  5680    1
 5770   5682  5685  5681    1
 5771   5685  5684  5681    1
 5772   5683  5686  5637    1
 5773   5686  5640  5637    1
 5774   5684  5687  5683    1
 5775   5687  5686  5683    1
 5776   5685  5688  5684    1
 5777   5688  5687  5684    1
 5778   5686  5689  5640    1
 5779   5689  5643  5640    1
 5780   5687  5690  5686    1
 5781   5690  5689  5686    1
 5782   5688  5691  5687    1
 5783   5691  5690  5687    1
 5784   5716  5341  5295    1
 5785   5670  5716  5295    1
 5786   5717  5342  5341    1
 5787   5716  5717  5341    1
 5788   5718  5343  5342    1
 5789   5717  5718  5342    1
 5790   5719  5716  5670    1
 5791   5673  5719  5670    1
 5792   5720  5717  5716    1
 5793   5719  5720  5716    1
 5794   5721  5718  5717    1
 5795   5720  5721  5717    1
 5796   5722  5719  5673    1
 5797   5676  5722  5673    1
 5798   5723  5720  5719    1
 5799   5722  5723  5719    1
 5800   5724  5721  5720    1
 5801   5723  5724  5720    1
 5802   5725  5722  5676    1
 5803   5679  5725  5676    1
 5804   5726  5723  5722    1
 5805   5725  5726  5722    1
 5806   5727  5724  5723    1
 5807   5726  5727  5723    1
 5808   5353  5728  5307    1
 5809   5728  5682  5307    1
 5810   5354  5729  5353    1
 5811   5729  5728  5353    1
 5812   5355  5730  5354    1
 5813   5730  5729  5354    1
 5814   5728  5731  5682    1
 5815   5731  5685  5682    1
 5816   5729  5732  5728    1
 5817   5732  5731  5728    1
 5818   5730  5733  5729    1
 5819   5733  5732  5729    1
 5820   5731  5734  5685    1
 5821   5734  5688  5685    1
 5822   5732  5735  5731    1
 5823   5735  5734  5731    1
 5824   5733  5736  5732    1
 5825   5736  5735  5732    1
 5826   5734  5737  5688    1
 5827   5737  5691  5688    1
 5828   5735  5738  5734    1
 5829   5738  5737  5734    1
 5830   5736  5739  5735    1
 5831   5739  5738  5735    1
 5832   5764  5389  5343    1
 5833   5718  5764  5343    1
 5834   5765  5390  5389    1
 5835   5764  5765  5389    1
 5836   5766  5391  5390    1
 5837   5765  5766  5390    1
 5838   5767  5764  5718    1
 5839   5721  5767  5718    1
 5840   5768  5765  5764    1
 5841   5767  5768  5764    1
 5842   5769  5766  5765    1
 5843   5768  5769  5765    1
 5844   5770  5767  5721    1
 5845   5724  5770  5721    1
 5846   5771  5768  5767    1
 5847   5770  5771  5767    1
 5848   5772  5769  5768    1
 5849   5771  5772  5768    1
 5850   5773  5770  5724    1
 5851   5727  5773  5724    1
 5852   5774  5771  5770    1
 5853   5773  5774  5770    1
 5854   5775  5772  5771    1
 5855   5774  5775  5771    1
 5856   5401  5776  5355    1
 5857   5776  5730  5355    1
 5858   5402  5777  5401    1
 5859   5777  5776  5401    1
 5860   5403  5778  5402    1
 5861   5778  5777  5402    1
 5862   5776  5779  5730    1
 5863   5779  5733  5730    1
 5864   5777  5780  5776    1
 5865   5780  5779  5776    1
 5866   5778  5781  5777    1
 5867   5781  5780  5777    1
 5868   5779  5782  5733    1
 5869   5782  5736  5733    1
 5870   5780  5783  5779    1
 5871   5783  5782  5779    1
 5872   5781  5784  5780    1
 5873   5784  5783  5780    1
 5874   5782  5785  5736    1
 5875   5785  5739  5736    1
 5876   5783  5786  5782    1
 5877   5786  5785  5782    1
 5878   5784  5787  5783    1
 5879   5787  5786  5783    1
 5880   5812  5437  5391    1
 5881   5766  5812  5391    1
 5882   5813  5438  5437    1
 5883   5812  5813  5437    1
 5884   5814  5439  5438    1
 5885   5813  5814  5438    1
 5886   5815  5812  5766    1
 5887   5769  5815  5766    1
 5888   5816  5813  5812    1
 5889   5815  5816  5812    1
 5890   5817  5814  5813    1
 5891   5816  5817  5813    1
 5892   5818  5815  5769    1
 5893   5772  5818  5769    1
 5894   5819  5816  5815    1
 5895   5818  5819  5815    1
 5896   5820  5817  5816    1
 5897   5819  5820  5816    1
 5898   5821  5818  5772    1
 5899   5775  5821  5772    1
 5900   5822  5819  5818    1
 5901   5821  5822  5818    1
 5902   5823  5820  5819    1
 5903   5822  5823  5819    1
 5904   5449  5824  5403    1
 5905   5824  5778  5403    1
 5906   5450  5825  5449    1
 5907   5825  5824  5449    1
 5908   5451  5826  5450    1
 5909   5826  5825  5450    1
 5910   5824  5827  5778    1
 5911   5827  5781  5778    1
 5912   5825  5828  5824    1
 5913   5828  5827  5824    1
 5914   5826  5829  5825    1
 5915   5829  5828  5825    1
 5916   5827  5830  5781    1
 5917   5830  5784  5781    1
 5918   5828  5831  5827    1
 5919   5831  5830  5827    1
 5920   5829  5832  5828    1
 5921   5832  5831  5828    1
 5922   5830  5833  5784    1
 5923   5833  5787  5784    1
 5924   5831  5834  5830    1
 5925   5834  5833  5830    1
 5926   5832  5835  5831    1
 5927   5835  5834  5831    1
 5928   5860  5485  5439    1
 5929   5814  5860  5439    1
 5930   5861  5486  5485    1
 5931   5860  5861  5485    1
 5932   5862  5487  5486    1
 5933   5861  5862  5486    1
 5934   5863  5860  5814    1
 5935   5817  5863  5814    1
 5936   5864  5861  5860    1
 5937   5863  5864  5860    1
 5938   5865  5862  5861    1
 5939   5864  5865  5861    1
 5940   5866  5863  5817    1
 5941   5820  5866  5817    1
 5942   5867  5864  5863    1
 5943   5866  5867  5863    1
 5944   5868  5865  5864    1
 5945   5867  5868  5864    1
 5946   5869  5866  5820    1
 5947   5823  5869  5820    1
 5948   5870  5867  5866    1
 5949   5869  5870  5866    1
 5950   5871  5868  5867    1
 5951   5870  5871  5867    1
 5952   5497  5872  5451    1
 5953   5872  5826  5451    1
 5954   5498  5873  5497    1
 5955   5873  5872  5497    1
 5956   5499  5874  5498    1
 5957   5874  5873  5498    1
 5958   5872  5875  5826    1
 5959   5875  5829  5826    1
 5960   5873  5876  5872    1
 5961   5876  5875  5872    1
 5962   5874  5877  5873    1
 5963   5877  5876  5873    1
 5964   5875  5878  5829    1
 5965   5878  5832  5829    1
 5966   5876  5879  5875    1
 5967   5879  5878  5875    1
 5968   5877  5880  5876    1
 5969   5880  5879  5876    1
 5970   5878  5881  5832    1
 5971   5881  5835  5832    1
 5972   5879  5882  5878    1
 5973   5882  5881  5878    1
 5974   5880  5883  5879    1
 5975   5883  5882  5879    1
 5976   5908  5533  5487    1
 5977   5862  5908  5487    1
 5978   5909  5534  5533    1
 5979   5908  5909  5533    1
 5980   5910  5535  5534    1
 5981   5909  5910  5534    1
 5982   5911  5908  5862    1
 5983   5865  5911  5862    1
 5984   5912  5909  5908    1
 5985   5911  5912  5908    1
 5986   5913  5910  5909    1
 5987   5912  5913  5909    1
 5988   5914  5911  5865    1
 5989   5868  5914  5865    1
 5990   5915  5912  5911    1
 5991   5914  5915  5911    1
 5992   5916  5913  5912    1
 5993   5915  5916  5912    1
 5994   5917  5914  5868    1
 5995   5871  5917  5868    1
 5996   5918  5915  5914    1
 5997   5917  5918  5914    1
 5998   5919  5916  5915    1
 5999   5918  5919  5915    1
 6000   5542  5920  5499    1
 6001   5920  5874  5499    1
 6002   5543  5921  5542    1
 6003   5921  5920  5542    1
 6004   5196  5568  5543    1
 6005   5568  5921  5543    1
 6006   5920  5922  5874    1
 6007   5922  5877  5874    1
 6008   5921  5923  5920    1
 6009   5923  5922  5920    1
 6010   5568  5572  5921    1
 6011   5572  5923  5921    1
 6012   5922  5924  5877    1
 6013   5924  5880  5877    1
 6014   5923  5925  5922    1
 6015   5925  5924  5922    1
 6016   5572  5576  5923    1
 6017   5576  5925  5923    1
 6018   5924  5926  5880    1
 6019   5926  5883  5880    1
 6020   5925  5927  5924    1
 6021   5927  5926  5924    1
 6022   5576  5580  5925    1
 6023   5580  5927  5925    1
 6024   5944  5566  5535    1
 6025   5910  5944  5535    1
 6026   5945  5567  5566    1
 6027   5944  5945  5566    1
 6028   5616  5244  5567    1
 6029   5945  5616  5567    1
 6030   5946  5944  5910    1
 6031   5913  5946  5910    1
 6032   5947  5945  5944    1
 6033   5946  5947  5944    1
 6034   5620  5616  5945    1
 6035   5947  5620  5945    1
 6036   5948  5946  5913    1
 6037   5916  5948  5913    1
 6038   5949  5947  5946    1
 6039   5948  5949  5946    1
 6040   5624  5620  5947    1
 6041   5949  5624  5947    1
 6042   5950  5948  5916    1
 6043   5919  5950  5916    1
 6044   5951  5949  5948    1
 6045   5950  5951  5948    1
 6046   5628  5624  5949    1
 6047   5951  5628  5949    1
 6048   5581  5953  5580    1
 6049   5953  5952  5580    1
 6050   5582  5954  5581    1
 6051   5954  5953  5581    1
 6052   5583  5955  5582    1
 6053   5955  5954  5582    1
 6054   5953  5957  5952    1
 6055   5957  5956  5952    1
 6056   5954  5958  5953    1
 6057   5958  5957  5953    1
 6058   5955  5959  5954    1
 6059   5959  5958  5954    1
 6060   5957  5961  5956    1
 6061   5961  5960  5956    1
 6062   5958  5962  5957    1
 6063   5962  5961  5957    1
 6064   5959  5963  5958    1
 6065   5963  5962  5958    1
 6066   5961  5965  5960    1
 6067   5965  5964  5960    1
 6068   5962  5966  5961    1
 6069   5966  5965  5961    1
 6070   5963  5967  5962    1
 6071   5967  5966  5962    1
 6072   6001  5629  5628    1
 6073   6000  6001  5628    1
 6074   6002  5630  5629    1
 6075   6001  6002  5629    1
 6076   6003  5631  5630    1
 6077   6002  6003  5630    1
 6078   6005  6001  6000    1
 6079   6004  6005  6000    1
 6080   6006  6002  6001    1
 6081   6005  6006  6001    1
 6082   6007  6003  6002    1
 6083   6006  6007  6002    1
 6084   6009  6005  6004    1
 6085   6008  6009  6004    1
 6086   6010  6006  6005    1
 6087   6009  6010  6005    1
 6088   6011  6007  6006    1
 6089   6010  6011  6006    1
 6090   6013  6009  6008    1
 6091   6012  6013  6008    1
 6092   6014  6010  6009    1
 6093   6013  6014  6009    1
 6094   6015  6011  6010    1
 6095   6014  6015  6010    1
 6096   5641  6016  5583    1
 6097   6016  5955  5583    1
 6098   5642  6017  5641    1
 6099   6017  6016  5641    1
 6100   5643  6018  5642    1
 6101   6018  6017  5642    1
 6102   6016  6019  5955    1
 6103   6019  5959  5955    1
 6104   6017  6020  6016    1
 6105   6020  6019  6016    1
 6106   6018  6021  6017    1
 6107   6021  6020  6017    1
 6108   6019  6022  5959    1
 6109   6022  5963  5959    1
 6110   6020  6023  6019    1
 6111   6023  6022  6019    1
 6112   6021  6024  6020    1
 6113   6024  6023  6020    1
 6114   6022  6025  5963    1
 6115   6025  5967  5963    1
 6116   6023  6026  6022    1
 6117   6026  6025  6022    1
 6118   6024  6027  6023    1
 6119   6027  6026  6023    1
 6120   6052  5677  5631    1
 6121   6003  6052  5631    1
 6122   6053  5678  5677    1
 6123   6052  6053  5677    1
 6124   6054  5679  5678    1
 6125   6053  6054  5678    1
 6126   6055  6052  6003    1
 6127   6007  6055  6003    1
 6128   6056  6053  6052    1
 6129   6055  6056  6052    1
 6130   6057  6054  6053    1
 6131   6056  6057  6053    1
 6132   6058  6055  6007    1
 6133   6011  6058  6007    1
 6134   6059  6056  6055    1
 6135   6058  6059  6055    1
 6136   6060  6057  6056    1
 6137   6059  6060  6056    1
 6138   6061  6058  6011    1
 6139   6015  6061  6011    1
 6140   6062  6059  6058    1
 6141   6061  6062  6058    1
 6142   6063  6060  6059    1
 6143   6062  6063  6059    1
 6144   5689  6064  5643    1
 6145   6064  6018  5643    1
 6146   5690  6065  5689    1
 6147   6065  6064  5689    1
 6148   5691  6066  5690    1
 6149   6066  6065  5690    1
 6150   6064  6067  6018    1
 6151   6067  6021  6018    1
 6152   6065  6068  6064    1
 6153   6068  6067  6064    1
 6154   6066  6069  6065    1
 6155   6069  6068  6065    1
 6156   6067  6070  6021    1
 6157   6070  6024  6021    1
 6158   6068  6071  6067    1
 6159   6071  6070  6067    1
 6160   6069  6072  6068    1
 6161   6072  6071  6068    1
 6162   6070  6073  6024    1
 6163   6073  6027  6024    1
 6164   6071  6074  6070    1
 6165   6074  6073  6070    1
 6166   6072  6075  6071    1
 6167   6075  6074  6071    1
 6168   6100  5725  5679    1
 6169   6054  6100  5679    1
 6170   6101  5726  5725    1
 6171   6100  6101  5725    1
 6172   6102  5727  5726    1
 6173   6101  6102  5726    1
 6174   6103  6100  6054    1
 6175   6057  6103  6054    1
 6176   6104  6101  6100    1
 6177   6103  6104  6100    1
 6178   6105  6102  6101    1
 6179   6104  6105  6101    1
 6180   6106  6103  6057    1
 6181   6060  6106  6057    1
 6182   6107  6104  6103    1
 6183   6106  6107  6103    1
 6184   6108  6105  6104    1
 6185   6107  6108  6104    1
 6186   6109  6106  6060    1
 6187   6063  6109  6060    1
 6188   6110  6107  6106    1
 6189   6109  6110  6106    1
 6190   6111  6108  6107    1
 6191   6110  6111  6107    1
 6192   5737  6112  5691    1
 6193   6112  6066  5691    1
 6194   5738  6113  5737    1
 6195   6113  6112  5737    1
 6196   5739  6114  5738    1
 6197   6114  6113  5738    1
 6198   6112  6115  6066    1
 6199   6115  6069  6066    1
 6200   6113  6116  6112    1
 6201   6116  6115  6112    1
 6202   6114  6117  6113    1
 6203   6117  6116  6113    1
 6204   6115  6118  6069    1
 6205   6118  6072  6069    1
 6206   6116  6119  6115    1
 6207   6119  6118  6115    1
 6208   6117  6120  6116    1
 6209   6120  6119  6116    1
 6210   6118  6121  6072    1
 6211   6121  6075  6072    1
 6212   6119  6122  6118    1
 6213   6122  6121  6118    1
 6214   6120  6123  6119    1
 6215   6123  6122  6119    1
 6216   6148  5773  5727    1
 6217   6102  6148  5727    1
 6218   6149  5774  5773    1
 6219   6148  6149  5773    1
 6220   6150  5775  5774    1
 6221   6149  6150  5774    1
 6222   6151  6148  6102    1
 6223   6105  6151  6102    1
 6224   6152  6149  6148    1
 6225   6151  6152  6148    1
 6226   6153  6150  6149    1
 6227   6152  6153  6149    1
 6228   6154  6151  6105    1
 6229   6108  6154  6105    1
 6230   6155  6152  6151    1
 6231   6154  6155  6151    1
 6232   6156  6153  6152    1
 6233   6155  6156  6152    1
 6234   6157  6154  6108    1
 6235   6111  6157  6108    1
 6236   6158  6155  6154    1
 6237   6157  6158  6154    1
 6238   6159  6156  6155    1
 6239   6158  6159  6155    1
 6240   5785  6160  5739    1
 6241   6160  6114  5739    1
 6242   5786  6161  5785    1
 6243   6161  6160  5785    1
 6244   5787  6162  5786    1
 6245   6162  6161  5786    1
 6246   6160  6163  6114    1
 6247   6163  6117  6114    1
 6248   6161  6164  6160    1
 6249   6164  6163  6160    1
 6250   6162  6165  6161    1
 6251   6165  6164  6161    1
 6252   6163  6166  6117    1
 6253   6166  6120  6117    1
 6254   6164  6167  6163    1
 6255   6167  6166  6163    1
 6256   6165  6168  6164    1
 6257   6168  6167  6164    1
 6258   6166  6169  6120    1
 6259   6169  6123  6120    1
 6260   6167  6170  6166    1
 6261   6170  6169  6166    1
 6262   6168  6171  6167    1
 6263   6171  6170  6167    1
 6264   6196  5821  5775    1
 6265   6150  6196  5775    1
 6266   6197  5822  5821    1
 6267   6196  6197  5821    1
 6268   6198  5823  5822    1
 6269   6197  6198  5822    1
 6270   6199  6196  6150    1
 6271   6153  6199  6150    1
 6272   6200  6197  6196    1
 6273   6199  6200  6196    1
 6274   6201  6198  6197    1
 6275   6200  6201  6197    1
 6276   6202  6199  6153    1
 6277   6156  6202  6153    1
 6278   6203  6200  6199    1
 6279   6202  6203  6199    1
 6280   6204  6201  6200    1
 6281   6203  6204  6200    1
 6282   6205  6202  6156    1
 6283   6159  6205  6156    1
 6284   6206  6203  6202    1
 6285   6205  6206  6202    1
 6286   6207  6204  6203    1
 6287   6206  6207  6203    1
 6288   5833  6208  5787    1
 6289   6208  6162  5787    1
 6290   5834  6209  5833    1
 6291   6209  6208  5833    1
 6292   5835  6210  5834    1
 6293   6210  6209  5834    1
 6294   6208  6211  6162    1
 6295   6211  6165  6162    1
 6296   6209  6212  6208    1
 6297   6212  6211  6208    1
 6298   6210  6213  6209    1
 6299   6213  6212  6209    1
 6300   6211  6214  6165    1
 6301   6214  6168  6165    1
 6302   6212  6215  6211    1
 6303   6215  6214  6211    1
 6304   6213  6216  6212    1
 6305   6216  6215  6212    1
 6306   6214  6217  6168    1
 6307   6217  6171  6168    1
 6308   6215  6218  6214    1
 6309   6218  6217  6214    1
 6310   6216  6219  6215    1
 6311   6219  6218  6215    1
 6312   6244  5869  5823    1
 6313   6198  6244  5823    1
 6314   6245  5870  5869    1
 6315   6244  6245  5869    1
 6316   6246  5871  5870    1
 6317   6245  6246  5870    1
 6318   6247  6244  6198    1
 6319   6201  6247  6198    1
 6320   6248  6245  6244    1
 6321   6247  6248  6244    1
 6322   6249  6246  6245    1
 6323   6248  6249  6245    1
 6324   6250  6247  6201    1
 6325   6204  6250  6201    1
 6326   6251  6248  6247    1
 6327   6250  6251  6247    1
 6328   6252  6249  6248    1
 6329   6251  6252  6248    1
 6330   6253  6250  6204    1
 6331   6207  6253  6204    1
 6332   6254  6251  6250    1
 6333   6253  6254  6250    1
 6334   6255  6252  6251    1
 6335   6254  6255  6251    1
 6336   5881  6256  5835    1
 6337   6256  6210  5835    1
 6338   5882  6257  5881    1
 6339   6257  6256  5881    1
 6340   5883  6258  5882    1
 6341   6258  6257  5882    1
 6342   6256  6259  6210    1
 6343   6259  6213  6210    1
 6344   6257  6260  6256    1
 6345   6260  6259  6256    1
 6346   6258  6261  6257    1
 6347   6261  6260  6257    1
 6348   6259  6262  6213    1
 6349   6262  6216  6213    1
 6350   6260  6263  6259    1
 6351   6263  6262  6259    1
 6352   6261  6264  6260    1
 6353   6264  6263  6260    1
 6354   6262  6265  6216    1
 6355   6265  6219  6216    1
 6356   6263  6266  6262    1
 6357   6266  6265  6262    1
 6358   6264  6267  6263    1
 6359   6267  6266  6263    1
 6360   6292  5917  5871    1
 6361   6246  6292  5871    1
 6362   6293  5918  5917    1
 6363   6292  6293  5917    1
 6364   6294  5919  5918    1
 6365   6293  6294  5918    1
 6366   6295  6292  6246    1
 6367   6249  6295  6246    1
 6368   6296  6293  6292    1
 6369   6295  6296  6292    1
 6370   6297  6294  6293    1
 6371   6296  6297  6293    1
 6372   6298  6295  6249    1
 6373   6252  6298  6249    1
 6374   6299  6296  6295    1
 6375   6298  6299  6295    1
 6376   6300  6297  6296    1
 6377   6299  6300  6296    1
 6378   6301  6298  6252    1
 6379   6255  6301  6252    1
 6380   6302  6299  6298    1
 6381   6301  6302  6298    1
 6382   6303  6300  6299    1
 6383   6302  6303  6299    1
 6384   5926  6304  5883    1
 6385   6304  6258  5883    1
 6386   5927  6305  5926    1
 6387   6305  6304  5926    1
 6388   5580  5952  5927    1
 6389   5952  6305  5927    1
 6390   6304  6306  6258    1
 6391   6306  6261  6258    1
 6392   6305  6307  6304    1
 6393   6307  6306  6304    1
 6394   5952  5956  6305    1
 6395   5956  6307  6305    1
 6396   6306  6308  6261    1
 6397   6308  6264  6261    1
 6398   6307  6309  6306    1
 6399   6309  6308  6306    1
 6400   5956  5960  6307    1
 6401   5960  6309  6307    1
 6402   6308  6310  6264    1
 6403   6310  6267  6264    1
 6404   6309  6311  6308    1
 6405   6311  6310  6308    1
 6406   5960  5964  6309    1
 6407   5964  6311  6309    1
 6408   6328  5950  5919    1
 6409   6294  6328  5919    1
 6410   6329  5951  5950    1
 6411   6328  6329  5950    1
 6412   6000  5628  5951    1
 6413   6329  6000  5951    1
 6414   6330  6328  6294    1
 6415   6297  6330  6294    1
 6416   6331  6329  6328    1
 6417   6330  6331  6328    1
 6418   6004  6000  6329    1
 6419   6331  6004  6329    1
 6420   6332  6330  6297    1
 6421   6300  6332  6297    1
 6422   6333  6331  6330    1
 6423   6332  6333  6330    1
 6424   6008  6004  6331    1
 6425   6333  6008  6331    1
 6426   6334  6332  6300    1
 6427   6303  6334  6300    1
 6428   6335  6333  6332    1
 6429   6334  6335  6332    1
 6430   6012  6008  6333    1
 6431   6335  6012  6333    1
 6432   5965  6337  5964    1
 6433   6337  6336  5964    1
 6434   5966  6338  5965    1
 6435   6338  6337  5965    1
 6436   5967  6339  5966    1
 6437   6339  6338  5966    1
 6438   6337  6341  6336    1
 6439   6341  6340  6336    1
 6440   6338  6342  6337    1
 6441   6342  6341  6337    1
 6442   6339  6343  6338    1
 6443   6343  6342  6338    1
 6444   6341  6345  6340    1
 6445   6345  6344  6340    1
 6446   6342  6346  6341    1
 6447   6346  6345  6341    1
 6448   6343  6347  6342    1
 6449   6347  6346  6342    1
 6450   6345  6349  6344    1
 6451   6349  6348  6344    1
 6452   6346  6350  6345    1
 6453   6350  6349  6345    1
 6454   6347  6351  6346    1
 6455   6351  6350  6346    1
 6456   6385  6013  6012    1
 6457   6384  6385  6012    1
 6458   6386  6014  6013    1
 6459   6385  6386  6013    1
 6460   6387  6015  6014    1
 6461   6386  6387  6014    1
 6462   6389  6385  6384    1
 6463   6388  6389  6384    1
 6464   6390  6386  6385    1
 6465   6389  6390  6385    1
 6466   6391  6387  6386    1
 6467   6390  6391  6386    1
 6468   6393  6389  6388    1
 6469   6392  6393  6388    1
 6470   6394  6390  6389    1
 6471   6393  6394  6389    1
 6472   6395  6391  6390    1
 6473   6394  6395  6390    1
 6474   6397  6393  6392    1
 6475   6396  6397  6392    1
 6476   6398  6394  6393    1
 6477   6397  6398  6393    1
 6478   6399  6395  6394    1
 6479   6398  6399  6394    1
 6480   6025  6400  5967    1
 6481   6400  6339  5967    1
 6482   6026  6401  6025    1
 6483   6401  6400  6025    1
 6484   6027  6402  6026    1
 6485   6402  6401  6026    1
 6486   6400  6403  6339    1
 6487   6403  6343  6339    1
 6488   6401  6404  6400    1
 6489   6404  6403  6400    1
 6490   6402  6405  6401    1
 6491   6405  6404  6401    1
 6492   6403  6406  6343    1
 6493   6406  6347  6343    1
 6494   6404  6407  6403    1
 6495   6407  6406  6403    1
 6496   6405  6408  6404    1
 6497   6408  6407  6404    1
 6498   6406  6409  6347    1
 6499   6409  6351  6347    1
 6500   6407  6410  6406    1
 6501   6410  6409  6406    1
 6502   6408  6411  6407    1
 6503   6411  6410  6407    1
 6504   6436  6061  6015    1
 6505   6387  6436  6015    1
 6506   6437  6062  6061    1
 6507   6436  6437  6061    1
 6508   6438  6063  6062    1
 6509   6437  6438  6062    1
 6510   6439  6436  6387    1
 6511   6391  6439  6387    1
 6512   6440  6437  6436    1
 6513   6439  6440  6436    1
 6514   6441  6438  6437    1
 6515   6440  6441  6437    1
 6516   6442  6439  6391    1
 6517   6395  6442  6391    1
 6518   6443  6440  6439    1
 6519   6442  6443  6439    1
 6520   6444  6441  6440    1
 6521   6443  6444  6440    1
 6522   6445  6442  6395    1
 6523   6399  6445  6395    1
 6524   6446  6443  6442    1
 6525   6445  6446  6442    1
 6526   6447  6444  6443    1
 6527   6446  6447  6443    1
 6528   6073  6448  6027    1
 6529   6448  6402  6027    1
 6530   6074  6449  6073    1
 6531   6449  6448  6073    1
 6532   6075  6450  6074    1
 6533   6450  6449  6074    1
 6534   6448  6451  6402    1
 6535   6451  6405  6402    1
 6536   6449  6452  6448    1
 6537   6452  6451  6448    1
 6538   6450  6453  6449    1
 6539   6453  6452  6449    1
 6540   6451  6454  6405    1
 6541   6454  6408  6405    1
 6542   6452  6455  6451    1
 6543   6455  6454  6451    1
 6544   6453  6456  6452    1
 6545   6456  6455  6452    1
 6546   6454  6457  6408    1
 6547   6457  6411  6408    1
 6548   6455  6458  6454    1
 6549   6458  6457  6454    1
 6550   6456  6459  6455    1
 6551   6459  6458  6455    1
 6552   6484  6109  6063    1
 6553   6438  6484  6063    1
 6554   6485  6110  6109    1
 6555   6484  6485  6109    1
 6556   6486  6111  6110    1
 6557   6485  6486  6110    1
 6558   6487  6484  6438    1
 6559   6441  6487  6438    1
 6560   6488  6485  6484    1
 6561   6487  6488  6484    1
 6562   6489  6486  6485    1
 6563   6488  6489  6485    1
 6564   6490  6487  6441    1
 6565   6444  6490  6441    1
 6566   6491  6488  6487    1
 6567   6490  6491  6487    1
 6568   6492  6489  6488    1
 6569   6491  6492  6488    1
 6570   6493  6490  6444    1
 6571   6447  6493  6444    1
 6572   6494  6491  6490    1
 6573   6493  6494  6490    1
 6574   6495  6492  6491    1
 6575   6494  6495  6491    1
 6576   6121  6496  6075    1
 6577   6496  6450  6075    1
 6578   6122  6497  6121    1
 6579   6497  6496  6121    1
 6580   6123  6498  6122    1
 6581   6498  6497  6122    1
 6582   6496  6499  6450    1
 6583   6499  6453  6450    1
 6584   6497  6500  6496    1
 6585   6500  6499  6496    1
 6586   6498  6501  6497    1
 6587   6501  6500  6497    1
 6588   6499  6502  6453    1
 6589   6502  6456  6453    1
 6590   6500  6503  6499    1
 6591   6503  6502  6499    1
 6592   6501  6504  6500    1
 6593   6504  6503  6500    1
 6594   6502  6505  6456    1
 6595   6505  6459  6456    1
 6596   6503  6506  6502    1
 6597   6506  6505  6502    1
 6598   6504  6507  6503    1
 6599   6507  6506  6503    1
 6600   6532  6157  6111    1
 6601   6486  6532  6111    1
 6602   6533  6158  6157    1
 6603   6532  6533  6157    1
 6604   6534  6159  6158    1
 6605   6533  6534  6158    1
 6606   6535  6532  6486    1
 6607   6489  6535  6486    1
 6608   6536  6533  6532    1
 6609   6535  6536  6532    1
 6610   6537  6534  6533    1
 6611   6536  6537  6533    1
 6612   6538  6535  6489    1
 6613   6492  6538  6489    1
 6614   6539  6536  6535    1
 6615   6538  6539  6535    1
 6616   6540  6537  6536    1
 6617   6539  6540  6536    1
 6618   6541  6538  6492    1
 6619   6495  6541  6492    1
 6620   6542  6539  6538    1
 6621   6541  6542  6538    1
 6622   6543  6540  6539    1
 6623   6542  6543  6539    1
 6624   6169  6544  6123    1
 6625   6544  6498  6123    1
 6626   6170  6545  6169    1
 6627   6545  6544  6169    1
 6628   6171  6546  6170    1
 6629   6546  6545  6170    1
 6630   6544  6547  6498    1
 6631   6547  6501  6498    1
 6632   6545  6548  6544    1
 6633   6548  6547  6544    1
 6634   6546  6549  6545    1
 6635   6549  6548  6545    1
 6636   6547  6550  6501    1
 6637   6550  6504  6501    1
 6638   6548  6551  6547    1
 6639   6551  6550  6547    1
 6640   6549  6552  6548    1
 6641   6552  6551  6548    1
 6642   6550  6553  6504    1
 6643   6553  6507  6504    1
 6644   6551  6554  6550    1
 6645   6554  6553  6550    1
 6646   6552  6555  6551    1
 6647   6555  6554  6551    1
 6648   6580  6205  6159    1
 6649   6534  6580  6159    1
 6650   6581  6206  6205    1
 6651   6580  6581  6205    1
 6652   6582  6207  6206    1
 6653   6581  6582  6206    1
 6654   6583  6580  6534    1
 6655   6537  6583  6534    1
 6656   6584  6581  6580    1
 6657   6583  6584  6580    1
 6658   6585  6582  6581    1
 6659   6584  6585  6581    1
 6660   6586  6583  6537    1
 6661   6540  6586  6537    1
 6662   6587  6584  6583    1
 6663   6586  6587  6583    1
 6664   6588  6585  6584    1
 6665   6587  6588  6584    1
 6666   6589  6586  6540    1
 6667   6543  6589  6540    1
 6668   6590  6587  6586    1
 6669   6589  6590  6586    1
 6670   6591  6588  6587    1
 6671   6590  6591  6587    1
 6672   6217  6592  6171    1
 6673   6592  6546  6171    1
 6674   6218  6593  6217    1
 6675   6593  6592  6217    1
 6676   6219  6594  6218    1
 6677   6594  6593  6218    1
 6678   6592  6595  6546    1
 6679   6595  6549  6546    1
 6680   6593  6596  6592    1
 6681   6596  6595  6592    1
 6682   6594  6597  6593    1
 6683   6597  6596  6593    1
 6684   6595  6598  6549    1
 6685   6598  6552  6549    1
 6686   6596  6599  6595    1
 6687   6599  6598  6595    1
 6688   6597  6600  6596    1
 6689   6600  6599  6596    1
 6690   6598  6601  6552    1
 6691   6601  6555  6552    1
 6692   6599  6602  6598    1
 6693   6602  6601  6598    1
 6694   6600  6603  6599    1
 6695   6603  6602  6599    1
 6696   6628  6253  6207    1
 6697   6582  6628  6207    1
 6698   6629  6254  6253    1
 6699   6628  6629  6253    1
 6700   6630  6255  6254    1
 6701   6629  6630  6254    1
 6702   6631  6628  6582    1
 6703   6585  6631  6582    1
 6704   6632  6629  6628    1
 6705   6631  6632  6628    1
 6706   6633  6630  6629    1
 6707   6632  6633  6629    1
 6708   6634  6631  6585    1
 6709   6588  6634  6585    1
 6710   6635  6632  6631    1
 6711   6634  6635  6631    1
 6712   6636  6633  6632    1
 6713   6635  6636  6632    1
 6714   6637  6634  6588    1
 6715   6591  6637  6588    1
 6716   6638  6635  6634    1
 6717   6637  6638  6634    1
 6718   6639  6636  6635    1
 6719   6638  6639  6635    1
 6720   6265  6640  6219    1
 6721   6640  6594  6219    1
 6722   6266  6641  6265    1
 6723   6641  6640  6265    1
 6724   6267  6642  6266    1
 6725   6642  6641  6266    1
 6726   6640  6643  6594    1
 6727   6643  6597  6594    1
 6728   6641  6644  6640    1
 6729   6644  6643  6640    1
 6730   6642  6645  6641    1
 6731   6645  6644  6641    1
 6732   6643  6646  6597    1
 6733   6646  6600  6597    1
 6734   6644  6647  6643    1
 6735   6647  6646  6643    1
 6736   6645  6648  6644    1
 6737   6648  6647  6644    1
 6738   6646  6649  6600    1
 6739   6649  6603  6600    1
 6740   6647  6650  6646    1
 6741   6650  6649  6646    1
 6742   6648  6651  6647    1
 6743   6651  6650  6647    1
 6744   6676  6301  6255    1
 6745   6630  6676  6255    1
 6746   6677  6302  6301    1
 6747   6676  6677  6301    1
 6748   6678  6303  6302    1
 6749   6677  6678  6302    1
 6750   6679  6676  6630    1
 6751   6633  6679  6630    1
 6752   6680  6677  6676    1
 6753   6679  6680  6676    1
 6754   6681  6678  6677    1
 6755   6680  6681  6677    1
 6756   6682  6679  6633    1
 6757   6636  6682  6633    1
 6758   6683  6680  6679    1
 6759   6682  6683  6679    1
 6760   6684  6681  6680    1
 6761   6683  6684  6680    1
 6762   6685  6682  6636    1
 6763   6639  6685  6636    1
 6764   6686  6683  6682    1
 6765   6685  6686  6682    1
 6766   6687  6684  6683    1
 6767   6686  6687  6683    1
 6768   6310  6688  6267    1
 6769   6688  6642  6267    1
 6770   6311  6689  6310    1
 6771   6689  6688  6310    1
 6772   5964  6336  6311    1
 6773   6336  6689  6311    1
 6774   6688  6690  6642    1
 6775   6690  6645  6642    1
 6776   6689  6691  6688    1
 6777   6691  6690  6688    1
 6778   6336  6340  6689    1
 6779   6340  6691  6689    1
 6780   6690  6692  6645    1
 6781   6692  6648  6645    1
 6782   6691  6693  6690    1
 6783   6693  6692  6690    1
 6784   6340  6344  6691    1
 6785   6344  6693  6691    1
 6786   6692  6694  6648    1
 6787   6694  6651  6648    1
 6788   6693  6695  6692    1
 6789   6695  6694  6692    1
 6790   6344  6348  6693    1
 6791   6348  6695  6693    1
 6792   6712  6334  6303    1
 6793   6678  6712  6303    1
 6794   6713  6335  6334    1
 6795   6712  6713  6334    1
 6796   6384  6012  6335    1
 6797   6713  6384  6335    1
 6798   6714  6712  6678    1
 6799   6681  6714  6678    1
 6800   6715  6713  6712    1
 6801   6714  6715  6712    1
 6802   6388  6384  6713    1
 6803   6715  6388  6713    1
 6804   6716  6714  6681    1
 6805   6684  6716  6681    1
 6806   6717  6715  6714    1
 6807   6716  6717  6714    1
 6808   6392  6388  6715    1
 6809   6717  6392  6715    1
 6810   6718  6716  6684    1
 6811   6687  6718  6684    1
 6812   6719  6717  6716    1
 6813   6718  6719  6716    1
 6814   6396  6392  6717    1
 6815   6719  6396  6717    1
 6816   6349  6721  6348    1
 6817   6721  6720  6348    1
 6818   6350  6722  6349    1
 6819   6722  6721  6349    1
 6820   6351  6723  6350    1
 6821   6723  6722  6350    1
 6822   6721  6725  6720    1
 6823   6725  6724  6720    1
 6824   6722  6726  6721    1
 6825   6726  6725  6721    1
 6826   6723  6727  6722    1
 6827   6727  6726  6722    1
 6828   6725  6729  6724    1
 6829   6729  6728  6724    1
 6830   6726  6730  6725    1
 6831   6730  6729  6725    1
 6832   6727  6731  6726    1
 6833   6731  6730  6726    1
 6834   6729  6733  6728    1
 6835   6733  6732  6728    1
 6836   6730  6734  6729    1
 6837   6734  6733  6729    1
 6838   6731  6735  6730    1
 6839   6735  6734  6730    1
 6840   6769  6397  6396    1
 6841   6768  6769  6396    1
 6842   6770  6398  6397    1
 6843   6769  6770  6397    1
 6844   6771  6399  6398    1
 6845   6770  6771  6398    1
 6846   6773  6769  6768    1
 6847   6772  6773  6768    1
 6848   6774  6770  6769    1
 6849   6773  6774  6769    1
 6850   6775  6771  6770    1
 6851   6774  6775  6770    1
 6852   6777  6773  6772    1
 6853   6776  6777  6772    1
 6854   6778  6774  6773    1
 6855   6777  6778  6773    1
 6856   6779  6775  6774    1
 6857   6778  6779  6774    1
 6858   6781  6777  6776    1
 6859   6780  6781  6776    1
 6860   6782  6778  6777    1
 6861   6781  6782  6777    1
 6862   6783  6779  6778    1
 6863   6782  6783  6778    1
 6864   6409  6784  6351    1
 6865   6784  6723  6351    1
 6866   6410  6785  6409    1
 6867   6785  6784  6409    1
 6868   6411  6786  6410    1
 6869   6786  6785  6410    1
 6870   6784  6787  6723    1
 6871   6787  6727  6723    1
 6872   6785  6788  6784    1
 6873   6788  6787  6784    1
 6874   6786  6789  6785    1
 6875   6789  6788  6785    1
 6876   6787  6790  6727    1
 6877   6790  6731  6727    1
 6878   6788  6791  6787    1
 6879   6791  6790  6787    1
 6880   6789  6792  6788    1
 6881   6792  6791  6788    1
 6882   6790  6793  6731    1
 6883   6793  6735  6731    1
 6884   6791  6794  6790    1
 6885   6794  6793  6790    1
 6886   6792  6795  6791    1
 6887   6795  6794  6791    1
 6888   6820  6445  6399    1
 6889   6771  6820  6399    1
 6890   6821  6446  6445    1
 6891   6820  6821  6445    1
 6892   6822  6447  6446    1
 6893   6821  6822  6446    1
 6894   6823  6820  6771    1
 6895   6775  6823  6771    1
 6896   6824  6821  6820    1
 6897   6823  6824  6820    1
 6898   6825  6822  6821    1
 6899   6824  6825  6821    1
 6900   6826  6823  6775    1
 6901   6779  6826  6775    1
 6902   6827  6824  6823    1
 6903   6826  6827  6823    1
 6904   6828  6825  6824    1
 6905   6827  6828  6824    1
 6906   6829  6826  6779    1
 6907   6783  6829  6779    1
 6908   6830  6827  6826    1
 6909   6829  6830  6826    1
 6910   6831  6828  6827    1
 6911   6830  6831  6827    1
 6912   6457  6832  6411    1
 6913   6832  6786  6411    1
 6914   6458  6833  6457    1
 6915   6833  6832  6457    1
 6916   6459  6834  6458    1
 6917   6834  6833  6458    1
 6918   6832  6835  6786    1
 6919   6835  6789  6786    1
 6920   6833  6836  6832    1
 6921   6836  6835  6832    1
 6922   6834  6837  6833    1
 6923   6837  6836  6833    1
 6924   6835  6838  6789    1
 6925   6838  6792  6789    1
 6926   6836  6839  6835    1
 6927   6839  6838  6835    1
 6928   6837  6840  6836    1
 6929   6840  6839  6836    1
 6930   6838  6841  6792    1
 6931   6841  6795  6792    1
 6932   6839  6842  6838    1
 6933   6842  6841  6838    1
 6934   6840  6843  6839    1
 6935   6843  6842  6839    1
 6936   6868  6493  6447    1
 6937   6822  6868  6447    1
 6938   6869  6494  6493    1
 6939   6868  6869  6493    1
 6940   6870  6495  6494    1
 6941   6869  6870  6494    1
 6942   6871  6868  6822    1
 6943   6825  6871  6822    1
 6944   6872  6869  6868    1
 6945   6871  6872  6868    1
 6946   6873  6870  6869    1
 6947   6872  6873  6869    1
 6948   6874  6871  6825    1
 6949   6828  6874  6825    1
 6950   6875  6872  6871    1
 6951   6874  6875  6871    1
 6952   6876  6873  6872    1
 6953   6875  6876  6872    1
 6954   6877  6874  6828    1
 6955   6831  6877  6828    1
 6956   6878  6875  6874    1
 6957   6877  6878  6874    1
 6958   6879  6876  6875    1
 6959   6878  6879  6875    1
 6960   6505  6880  6459    1
 6961   6880  6834  6459    1
 6962   6506  6881  6505    1
 6963   6881  6880  6505    1
 6964   6507  6882  6506    1
 6965   6882  6881  6506    1
 6966   6880  6883  6834    1
 6967   6883  6837  6834    1
 6968   6881  6884  6880    1
 6969   6884  6883  6880    1
 6970   6882  6885  6881    1
 6971   6885  6884  6881    1
 6972   6883  6886  6837    1
 6973   6886  6840  6837    1
 6974   6884  6887  6883    1
 6975   6887  6886  6883    1
 6976   6885  6888  6884    1
 6977   6888  6887  6884    1
 6978   6886  6889  6840    1
 6979   6889  6843  6840    1
 6980   6887  6890  6886    1
 6981   6890  6889  6886    1
 6982   6888  6891  6887    1
 6983   6891  6890  6887    1
 6984   6916  6541  6495    1
 6985   6870  6916  6495    1
 6986   6917  6542  6541    1
 6987   6916  6917  6541    1
 6988   6918  6543  6542    1
 6989   6917  6918  6542    1
 6990   6919  6916  6870    1
 6991   6873  6919  6870    1
 6992   6920  6917  6916    1
 6993   6919  6920  6916    1
 6994   6921  6918  6917    1
 6995   6920  6921  6917    1
 6996   6922  6919  6873    1
 6997   6876  6922  6873    1
 6998   6923  6920  6919    1
 6999   6922  6923  6919    1
 7000   6924  6921  6920    1
 7001   6923  6924  6920    1
 7002   6925  6922  6876    1
 7003   6879  6925  6876    1
 7004   6926  6923  6922    1
 7005   6925  6926  6922    1
 7006   6927  6924  6923    1
 7007   6926  6927  6923    1
 7008   6553  6928  6507    1
 7009   6928  6882  6507    1
 7010   6554  6929  6553    1
 7011   6929  6928  6553    1
 7012   6555  6930  6554    1
 7013   6930  6929  6554    1
 7014   6928  6931  6882    1
 7015   6931  6885  6882    1
 7016   6929  6932  6928    1
 7017   6932  6931  6928    1
 7018   6930  6933  6929    1
 7019   6933  6932  6929    1
 7020   6931  6934  6885    1
 7021   6934  6888  6885    1
 7022   6932  6935  6931    1
 7023   6935  6934  6931    1
 7024   6933  6936  6932    1
 7025   6936  6935  6932    1
 7026   6934  6937  6888    1
 7027   6937  6891  6888    1
 7028   6935  6938  6934    1
 7029   6938  6937  6934    1
 7030   6936  6939  6935    1
 7031   6939  6938  6935    1
 7032   6964  6589  6543    1
 7033   6918  6964  6543    1
 7034   6965  6590  6589    1
 7035   6964  6965  6589    1
 7036   6966  6591  6590    1
 7037   6965  6966  6590    1
 7038   6967  6964  6918    1
 7039   6921  6967  6918    1
 7040   6968  6965  6964    1
 7041   6967  6968  6964    1
 7042   6969  6966  6965    1
 7043   6968  6969  6965    1
 7044   6970  6967  6921    1
 7045   6924  6970  6921    1
 7046   6971  6968  6967    1
 7047   6970  6971  6967    1
 7048   6972  6969  6968    1
 7049   6971  6972  6968    1
 7050   6973  6970  6924    1
 7051   6927  6973  6924    1
 7052   6974  6971  6970    1
 7053   6973  6974  6970    1
 7054   6975  6972  6971    1
 7055   6974  6975  6971    1
 7056   6601  6976  6555    1
 7057   6976  6930  6555    1
 7058   6602  6977  6601    1
 7059   6977  6976  6601    1
 7060   6603  6978  6602    1
 7061   6978  6977  6602    1
 7062   6976  6979  6930    1
 7063   6979  6933  6930    1
 7064   6977  6980  6976    1
 7065   6980  6979  6976    1
 7066   6978  6981  6977    1
 7067   6981  6980  6977    1
 7068   6979  6982  6933    1
 7069   6982  6936  6933    1
 7070   6980  6983  6979    1
 7071   6983  6982  6979    1
 7072   6981  6984  6980    1
 7073   6984  6983  6980    1
 7074   6982  6985  6936    1
 7075   6985  6939  6936    1
 7076   6983  6986  6982    1
 7077   6986  6985  6982    1
 7078   6984  6987  6983    1
 7079   6987  6986  6983    1
 7080   7012  6637  6591    1
 7081   6966  7012  6591    1
 7082   7013  6638  6637    1
 7083   7012  7013  6637    1
 7084   7014  6639  6638    1
 7085   7013  7014  6638    1
 7086   7015  7012  6966    1
 7087   6969  7015  6966    1
 7088   7016  7013  7012    1
 7089   7015  7016  7012    1
 7090   7017  7014  7013    1
 7091   7016  7017  7013    1
 7092   7018  7015  6969    1
 7093   6972  7018  6969    1
 7094   7019  7016  7015    1
 7095   7018  7019  7015    1
 7096   7020  7017  7016    1
 7097   7019  7020  7016    1
 7098   7021  7018  6972    1
 7099   6975  7021  6972    1
 7100   7022  7019  7018    1
 7101   7021  7022  7018    1
 7102   7023  7020  7019    1
 7103   7022  7023  7019    1
 7104   6649  7024  6603    1
 7105   7024  6978  6603    1
 7106   6650  7025  6649    1
 7107   7025  7024  6649    1
 7108   6651  7026  6650    1
 7109   7026  7025  6650    1
 7110   7024  7027  6978    1
 7111   7027  6981  6978    1
 7112   7025  7028  7024    1
 7113   7028  7027  7024    1
 7114   7026  7029  7025    1
 7115   7029  7028  7025    1
 7116   7027  7030  6981    1
 7117   7030  6984  6981    1
 7118   7028  7031  7027    1
 7119   7031  7030  7027    1
 7120   7029  7032  7028    1
 7121   7032  7031  7028    1
 7122   7030  7033  6984    1
 7123   7033  6987  6984    1
 7124   7031  7034  7030    1
 7125   7034  7033  7030    1
 7126   7032  7035  7031    1
 7127   7035  7034  7031    1
 7128   7060  6685  6639    1
 7129   7014  7060  6639    1
 7130   7061  6686  6685    1
 7131   7060  7061  6685    1
 7132   7062  6687  6686    1
 7133   7061  7062  6686    1
 7134   7063  7060  7014    1
 7135   7017  7063  7014    1
 7136   7064  7061  7060    1
 7137   7063  7064  7060    1
 7138   7065  7062  7061    1
 7139   7064  7065  7061    1
 7140   7066  7063  7017    1
 7141   7020  7066  7017    1
 7142   7067  7064  7063    1
 7143   7066  7067  7063    1
 7144   7068  7065  7064    1
 7145   7067  7068  7064    1
 7146   7069  7066  7020    1
 7147   7023  7069  7020    1
 7148   7070  7067  7066    1
 7149   7069  7070  7066    1
 7150   7071  7068  7067    1
 7151   7070  7071  7067    1
 7152   6694  7072  6651    1
 7153   7072  7026  6651    1
 7154   6695  7073  6694    1
 7155   7073  7072  6694    1
 7156   6348  6720  6695    1
 7157   6720  7073  6695    1
 7158   7072  7074  7026    1
 7159   7074  7029  7026    1
 7160   7073  7075  7072    1
 7161   7075  7074  7072    1
 7162   6720  6724  7073    1
 7163   6724  7075  7073    1
 7164   7074  7076  7029    1
 7165   7076  7032  7029    1
 7166   7075  7077  7074    1
 7167   7077  7076  7074    1
 7168   6724  6728  7075    1
 7169   6728  7077  7075    1
 7170   7076  7078  7032    1
 7171   7078  7035  7032    1
 7172   7077  7079  7076    1
 7173   7079  7078  7076    1
 7174   6728  6732  7077    1
 7175   6732  7079  7077    1
 7176   7096  6718  6687    1
 7177   7062  7096  6687    1
 7178   7097  6719  6718    1
 7179   7096  7097  6718    1
 7180   6768  6396  6719    1
 7181   7097  6768  6719    1
 7182   7098  7096  7062    1
 7183   7065  7098  7062    1
 7184   7099  7097  7096    1
 7185   7098  7099  7096    1
 7186   6772  6768  7097    1
 7187   7099  6772  7097    1
 7188   7100  7098  7065    1
 7189   7068  7100  7065    1
 7190   7101  7099  7098    1
 7191   7100  7101  7098    1
 7192   6776  6772  7099    1
 7193   7101  6776  7099    1
 7194   7102  7100  7068    1
 7195   7071  7102  7068    1
 7196   7103  7101  7100    1
 7197   7102  7103  7100    1
 7198   6780  6776  7101    1
 7199   7103  6780  7101    1
 7200   6733  7105  6732    1
 7201   7105  7104  6732    1
 7202   6734  7106  6733    1
 7203   7106  7105  6733    1
 7204   6735  7107  6734    1
 7205   7107  7106  6734    1
 7206   7105  7109  7104    1
 7207   7109  7108  7104    1
 7208   7106  7110  7105    1
 7209   7110  7109  7105    1
 7210   7107  7111  7106    1
 7211   7111  7110  7106    1
 7212   7109  7113  7108    1
 7213   7113  7112  7108    1
 7214   7110  7114  7109    1
 7215   7114  7113  7109    1
 7216   7111  7115  7110    1
 7217   7115  7114  7110    1
 7218   7113  7117  7112    1
 7219   7117  7116  7112    1
 7220   7114  7118  7113    1
 7221   7118  7117  7113    1
 7222   7115  7119  7114    1
 7223   7119  7118  7114    1
 7224   7153  6781  6780    1
 7225   7152  7153  6780    1
 7226   7154  6782  6781    1
 7227   7153  7154  6781    1
 7228   7155  6783  6782    1
 7229   7154  7155  6782    1
 7230   7157  7153  7152    1
 7231   7156  7157  7152    1
 7232   7158  7154  7153    1
 7233   7157  7158  7153    1
 7234   7159  7155  7154    1
 7235   7158  7159  7154    1
 7236   7161  7157  7156    1
 7237   7160  7161  7156    1
 7238   7162  7158  7157    1
 7239   7161  7162  7157    1
 7240   7163  7159  7158    1
 7241   7162  7163  7158    1
 7242   7165  7161  7160    1
 7243   7164  7165  7160    1
 7244   7166  7162  7161    1
 7245   7165  7166  7161    1
 7246   7167  7163  7162    1
 7247   7166  7167  7162    1
 7248   6793  7168  6735    1
 7249   7168  7107  6735    1
 7250   6794  7169  6793    1
 7251   7169  7168  6793    1
 7252   6795  7170  6794    1
 7253   7170  7169  6794    1
 7254   7168  7171  7107    1
 7255   7171  7111  7107    1
 7256   7169  7172  7168    1
 7257   7172  7171  7168    1
 7258   7170  7173  7169    1
 7259   7173  7172  7169    1
 7260   7171  7174  7111    1
 7261   7174  7115  7111    1
 7262   7172  7175  7171    1
 7263   7175  7174  7171    1
 7264   7173  7176  7172    1
 7265   7176  7175  7172    1
 7266   7174  7177  7115    1
 7267   7177  7119  7115    1
 7268   7175  7178  7174    1
 7269   7178  7177  7174    1
 7270   7176  7179  7175    1
 7271   7179  7178  7175    1
 7272   7204  6829  6783    1
 7273   7155  7204  6783    1
 7274   7205  6830  6829    1
 7275   7204  7205  6829    1
 7276   7206  6831  6830    1
 7277   7205  7206  6830    1
 7278   7207  7204  7155    1
 7279   7159  7207  7155    1
 7280   7208  7205  7204    1
 7281   7207  7208  7204    1
 7282   7209  7206  7205    1
 7283   7208  7209  7205    1
 7284   7210  7207  7159    1
 7285   7163  7210  7159    1
 7286   7211  7208  7207    1
 7287   7210  7211  7207    1
 7288   7212  7209  7208    1
 7289   7211  7212  7208    1
 7290   7213  7210  7163    1
 7291   7167  7213  7163    1
 7292   7214  7211  7210    1
 7293   7213  7214  7210    1
 7294   7215  7212  7211    1
 7295   7214  7215  7211    1
 7296   6841  7216  6795    1
 7297   7216  7170  6795    1
 7298   6842  7217  6841    1
 7299   7217  7216  6841    1
 7300   6843  7218  6842    1
 7301   7218  7217  6842    1
 7302   7216  7219  7170    1
 7303   7219  7173  7170    1
 7304   7217  7220  7216    1
 7305   7220  7219  7216    1
 7306   7218  7221  7217    1
 7307   7221  7220  7217    1
 7308   7219  7222  7173    1
 7309   7222  7176  7173    1
 7310   7220  7223  7219    1
 7311   7223  7222  7219    1
 7312   7221  7224  7220    1
 7313   7224  7223  7220    1
 7314   7222  7225  7176    1
 7315   7225  7179  7176    1
 7316   7223  7226  7222    1
 7317   7226  7225  7222    1
 7318   7224  7227  7223    1
 7319   7227  7226  7223    1
 7320   7252  6877  6831    1
 7321   7206  7252  6831    1
 7322   7253  6878  6877    1
 7323   7252  7253  6877    1
 7324   7254  6879  6878    1
 7325   7253  7254  6878    1
 7326   7255  7252  7206    1
 7327   7209  7255  7206    1
 7328   7256  7253  7252    1
 7329   7255  7256  7252    1
 7330   7257  7254  7253    1
 7331   7256  7257  7253    1
 7332   7258  7255  7209    1
 7333   7212  7258  7209    1
 7334   7259  7256  7255    1
 7335   7258  7259  7255    1
 7336   7260  7257  7256    1
 7337   7259  7260  7256    1
 7338   7261  7258  7212    1
 7339   7215  7261  7212    1
 7340   7262  7259  7258    1
 7341   7261  7262  7258    1
 7342   7263  7260  7259    1
 7343   7262  7263  7259    1
 7344   6889  7264  6843    1
 7345   7264  7218  6843    1
 7346   6890  7265  6889    1
 7347   7265  7264  6889    1
 7348   6891  7266  6890    1
 7349   7266  7265  6890    1
 7350   7264  7267  7218    1
 7351   7267  7221  7218    1
 7352   7265  7268  7264    1
 7353   7268  7267  7264    1
 7354   7266  7269  7265    1
 7355   7269  7268  7265    1
 7356   7267  7270  7221    1
 7357   7270  7224  7221    1
 7358   7268  7271  7267    1
 7359   7271  7270  7267    1
 7360   7269  7272  7268    1
 7361   7272  7271  7268    1
 7362   7270  7273  7224    1
 7363   7273  7227  7224    1
 7364   7271  7274  7270    1
 7365   7274  7273  7270    1
 7366   7272  7275  7271    1
 7367   7275  7274  7271    1
 7368   7300  6925  6879    1
 7369   7254  7300  6879    1
 7370   7301  6926  6925    1
 7371   7300  7301  6925    1
 7372   7302  6927  6926    1
 7373   7301  7302  6926    1
 7374   7303  7300  7254    1
 7375   7257  7303  7254    1
 7376   7304  7301  7300    1
 7377   7303  7304  7300    1
 7378   7305  7302  7301    1
 7379   7304  7305  7301    1
 7380   7306  7303  7257    1
 7381   7260  7306  7257    1
 7382   7307  7304  7303    1
 7383   7306  7307  7303    1
 7384   7308  7305  7304    1
 7385   7307  7308  7304    1
 7386   7309  7306  7260    1
 7387   7263  7309  7260    1
 7388   7310  7307  7306    1
 7389   7309  7310  7306    1
 7390   7311  7308  7307    1
 7391   7310  7311  7307    1
 7392   6937  7312  6891    1
 7393   7312  7266  6891    1
 7394   6938  7313  6937    1
 7395   7313  7312  6937    1
 7396   6939  7314  6938    1
 7397   7314  7313  6938    1
 7398   7312  7315  7266    1
 7399   7315  7269  7266    1
 7400   7313  7316  7312    1
 7401   7316  7315  7312    1
 7402   7314  7317  7313    1
 7403   7317  7316  7313    1
 7404   7315  7318  7269    1
 7405   7318  7272  7269    1
 7406   7316  7319  7315    1
 7407   7319  7318  7315    1
 7408   7317  7320  7316    1
 7409   7320  7319  7316    1
 7410   7318  7321  7272    1
 7411   7321  7275  7272    1
 7412   7319  7322  7318    1
 7413   7322  7321  7318    1
 7414   7320  7323  7319    1
 7415   7323  7322  7319    1
 7416   7348  6973  6927    1
 7417   7302  7348  6927    1
 7418   7349  6974  6973    1
 7419   7348  7349  6973    1
 7420   7350  6975  6974    1
 7421   7349  7350  6974    1
 7422   7351  7348  7302    1
 7423   7305  7351  7302    1
 7424   7352  7349  7348    1
 7425   7351  7352  7348    1
 7426   7353  7350  7349    1
 7427   7352  7353  7349    1
 7428   7354  7351  7305    1
 7429   7308  7354  7305    1
 7430   7355  7352  7351    1
 7431   7354  7355  7351    1
 7432   7356  7353  7352    1
 7433   7355  7356  7352    1
 7434   7357  7354  7308    1
 7435   7311  7357  7308    1
 7436   7358  7355  7354    1
 7437   7357  7358  7354    1
 7438   7359  7356  7355    1
 7439   7358  7359  7355    1
 7440   6985  7360  6939    1
 7441   7360  7314  6939    1
 7442   6986  7361  6985    1
 7443   7361  7360  6985    1
 7444   6987  7362  6986    1
 7445   7362  7361  6986    1
 7446   7360  7363  7314    1
 7447   7363  7317  7314    1
 7448   7361  7364  7360    1
 7449   7364  7363  7360    1
 7450   7362  7365  7361    1
 7451   7365  7364  7361    1
 7452   7363  7366  7317    1
 7453   7366  7320  7317    1
 7454   7364  7367  7363    1
 7455   7367  7366  7363    1
 7456   7365  7368  7364    1
 7457   7368  7367  7364    1
 7458   7366  7369  7320    1
 7459   7369  7323  7320    1
 7460   7367  7370  7366    1
 7461   7370  7369  7366    1
 7462   7368  7371  7367    1
 7463   7371  7370  7367    1
 7464   7396  7021  6975    1
 7465   7350  7396  6975    1
 7466   7397  7022  7021    1
 7467   7396  7397  7021    1
 7468   7398  7023  7022    1
 7469   7397  7398  7022    1
 7470   7399  7396  7350    1
 7471   7353  7399  7350    1
 7472   7400  7397  7396    1
 7473   7399  7400  7396    1
 7474   7401  7398  7397    1
 7475   7400  7401  7397    1
 7476   7402  7399  7353    1
 7477   7356  7402  7353    1
 7478   7403  7400  7399    1
 7479   7402  7403  7399    1
 7480   7404  7401  7400    1
 7481   7403  7404  7400    1
 7482   7405  7402  7356    1
 7483   7359  7405  7356    1
 7484   7406  7403  7402    1
 7485   7405  7406  7402    1
 7486   7407  7404  7403    1
 7487   7406  7407  7403    1
 7488   7033  7408  6987    1
 7489   7408  7362  6987    1
 7490   7034  7409  7033    1
 7491   7409  7408  7033    1
 7492   7035  7410  7034    1
 7493   7410  7409  7034    1
 7494   7408  7411  7362    1
 7495   7411  7365  7362    1
 7496   7409  7412  7408    1
 7497   7412  7411  7408    1
 7498   7410  7413  7409    1
 7499   7413  7412  7409    1
 7500   7411  7414  7365    1
 7501   7414  7368  7365    1
 7502   7412  7415  7411    1
 7503   7415  7414  7411    1
 7504   7413  7416  7412    1
 7505   7416  7415  7412    1
 7506   7414  7417  7368    1
 7507   7417  7371  7368    1
 7508   7415  7418  7414    1
 7509   7418  7417  7414    1
 7510   7416  7419  7415    1
 7511   7419  7418  7415    1
 7512   7444  7069  7023    1
 7513   7398  7444  7023    1
 7514   7445  7070  7069    1
 7515   7444  7445  7069    1
 7516   7446  7071  7070    1
 7517   7445  7446  7070    1
 7518   7447  7444  7398    1
 7519   7401  7447  7398    1
 7520   7448  7445  7444    1
 7521   7447  7448  7444    1
 7522   7449  7446  7445    1
 7523   7448  7449  7445    1
 7524   7450  7447  7401    1
 7525   7404  7450  7401    1
 7526   7451  7448  7447    1
 7527   7450  7451  7447    1
 7528   7452  7449  7448    1
 7529   7451  7452  7448    1
 7530   7453  7450  7404    1
 7531   7407  7453  7404    1
 7532   7454  7451  7450    1
 7533   7453  7454  7450    1
 7534   7455  7452  7451    1
 7535   7454  7455  7451    1
 7536   7078  7456  7035    1
 7537   7456  7410  7035    1
 7538   7079  7457  7078    1
 7539   7457  7456  7078    1
 7540   6732  7104  7079    1
 7541   7104  7457  7079    1
 7542   7456  7458  7410    1
 7543   7458  7413  7410    1
 7544   7457  7459  7456    1
 7545   7459  7458  7456    1
 7546   7104  7108  7457    1
 7547   7108  7459  7457    1
 7548   7458  7460  7413    1
 7549   7460  7416  7413    1
 7550   7459  7461  7458    1
 7551   7461  7460  7458    1
 7552   7108  7112  7459    1
 7553   7112  7461  7459    1
 7554   7460  7462  7416    1
 7555   7462  7419  7416    1
 7556   7461  7463  7460    1
 7557   7463  7462  7460    1
 7558   7112  7116  7461    1
 7559   7116  7463  7461    1
 7560   7480  7102  7071    1
 7561   7446  7480  7071    1
 7562   7481  7103  7102    1
 7563   7480  7481  7102    1
 7564   7152  6780  7103    1
 7565   7481  7152  7103    1
 7566   7482  7480  7446    1
 7567   7449  7482  7446    1
 7568   7483  7481  7480    1
 7569   7482  7483  7480    1
 7570   7156  7152  7481    1
 7571   7483  7156  7481    1
 7572   7484  7482  7449    1
 7573   7452  7484  7449    1
 7574   7485  7483  7482    1
 7575   7484  7485  7482    1
 7576   7160  7156  7483    1
 7577   7485  7160  7483    1
 7578   7486  7484  7452    1
 7579   7455  7486  7452    1
 7580   7487  7485  7484    1
 7581   7486  7487  7484    1
 7582   7164  7160  7485    1
 7583   7487  7164  7485    1
 7584   7117  7489  7116    1
 7585   7489  7488  7116    1
 7586   7118  7490  7117    1
 7587   7490  7489  7117    1
 7588   7119  7491  7118    1
 7589   7491  7490  7118    1
 7590   7489  7493  7488    1
 7591   7493  7492  7488    1
 7592   7490  7494  7489    1
 7593   7494  7493  7489    1
 7594   7491  7495  7490    1
 7595   7495  7494  7490    1
 7596   7493  7497  7492    1
 7597   7497  7496  7492    1
 7598   7494  7498  7493    1
 7599   7498  7497  7493    1
 7600   7495  7499  7494    1
 7601   7499  7498  7494    1
 7602   7497  7501  7496    1
 7603   7501  7500  7496    1
 7604   7498  7502  7497    1
 7605   7502  7501  7497    1
 7606   7499  7503  7498    1
 7607   7503  7502  7498    1
 7608   7537  7165  7164    1
 7609   7536  7537  7164    1
 7610   7538  7166  7165    1
 7611   7537  7538  7165    1
 7612   7539  7167  7166    1
 7613   7538  7539  7166    1
 7614   7541  7537  7536    1
 7615   7540  7541  7536    1
 7616   7542  7538  7537    1
 7617   7541  7542  7537    1
 7618   7543  7539  7538    1
 7619   7542  7543  7538    1
 7620   7545  7541  7540    1
 7621   7544  7545  7540    1
 7622   7546  7542  7541    1
 7623   7545  7546  7541    1
 7624   7547  7543  7542    1
 7625   7546  7547  7542    1
 7626   7549  7545  7544    1
 7627   7548  7549  7544    1
 7628   7550  7546  7545    1
 7629   7549  7550  7545    1
 7630   7551  7547  7546    1
 7631   7550  7551  7546    1
 7632   7177  7552  7119    1
 7633   7552  7491  7119    1
 7634   7178  7553  7177    1
 7635   7553  7552  7177    1
 7636   7179  7554  7178    1
 7637   7554  7553  7178    1
 7638   7552  7555  7491    1
 7639   7555  7495  7491    1
 7640   7553  7556  7552    1
 7641   7556  7555  7552    1
 7642   7554  7557  7553    1
 7643   7557  7556  7553    1
 7644   7555  7558  7495    1
 7645   7558  7499  7495    1
 7646   7556  7559  7555    1
 7647   7559  7558  7555    1
 7648   7557  7560  7556    1
 7649   7560  7559  7556    1
 7650   7558  7561  7499    1
 7651   7561  7503  7499    1
 7652   7559  7562  7558    1
 7653   7562  7561  7558    1
 7654   7560  7563  7559    1
 7655   7563  7562  7559    1
 7656   7588  7213  7167    1
 7657   7539  7588  7167    1
 7658   7589  7214  7213    1
 7659   7588  7589  7213    1
 7660   7590  7215  7214    1
 7661   7589  7590  7214    1
 7662   7591  7588  7539    1
 7663   7543  7591  7539    1
 7664   7592  7589  7588    1
 7665   7591  7592  7588    1
 7666   7593  7590  7589    1
 7667   7592  7593  7589    1
 7668   7594  7591  7543    1
 7669   7547  7594  7543    1
 7670   7595  7592  7591    1
 7671   7594  7595  7591    1
 7672   7596  7593  7592    1
 7673   7595  7596  7592    1
 7674   7597  7594  7547    1
 7675   7551  7597  7547    1
 7676   7598  7595  7594    1
 7677   7597  7598  7594    1
 7678   7599  7596  7595    1
 7679   7598  7599  7595    1
 7680   7225  7600  7179    1
 7681   7600  7554  7179    1
 7682   7226  7601  7225    1
 7683   7601  7600  7225    1
 7684   7227  7602  7226    1
 7685   7602  7601  7226    1
 7686   7600  7603  7554    1
 7687   7603  7557  7554    1
 7688   7601  7604  7600    1
 7689   7604  7603  7600    1
 7690   7602  7605  7601    1
 7691   7605  7604  7601    1
 7692   7603  7606  7557    1
 7693   7606  7560  7557    1
 7694   7604  7607  7603    1
 7695   7607  7606  7603    1
 7696   7605  7608  7604    1
 7697   7608  7607  7604    1
 7698   7606  7609  7560    1
 7699   7609  7563  7560    1
 7700   7607  7610  7606    1
 7701   7610  7609  7606    1
 7702   7608  7611  7607    1
 7703   7611  7610  7607    1
 7704   7636  7261  7215    1
 7705   7590  7636  7215    1
 7706   7637  7262  7261    1
 7707   7636  7637  7261    1
 7708   7638  7263  7262    1
 7709   7637  7638  7262    1
 7710   7639  7636  7590    1
 7711   7593  7639  7590    1
 7712   7640  7637  7636    1
 7713   7639  7640  7636    1
 7714   7641  7638  7637    1
 7715   7640  7641  7637    1
 7716   7642  7639  7593    1
 7717   7596  7642  7593    1
 7718   7643  7640  7639    1
 7719   7642  7643  7639    1
 7720   7644  7641  7640    1
 7721   7643  7644  7640    1
 7722   7645  7642  7596    1
 7723   7599  7645  7596    1
 7724   7646  7643  7642    1
 7725   7645  7646  7642    1
 7726   7647  7644  7643    1
 7727   7646  7647  7643    1
 7728   7273  7648  7227    1
 7729   7648  7602  7227    1
 7730   7274  7649  7273    1
 7731   7649  7648  7273    1
 7732   7275  7650  7274    1
 7733   7650  7649  7274    1
 7734   7648  7651  7602    1
 7735   7651  7605  7602    1
 7736   7649  7652  7648    1
 7737   7652  7651  7648    1
 7738   7650  7653  7649    1
 7739   7653  7652  7649    1
 7740   7651  7654  7605    1
 7741   7654  7608  7605    1
 7742   7652  7655  7651    1
 7743   7655  7654  7651    1
 7744   7653  7656  7652    1
 7745   7656  7655  7652    1
 7746   7654  7657  7608    1
 7747   7657  7611  7608    1
 7748   7655  7658  7654    1
 7749   7658  7657  7654    1
 7750   7656  7659  7655    1
 7751   7659  7658  7655    1
 7752   7684  7309  7263    1
 7753   7638  7684  7263    1
 7754   7685  7310  7309    1
 7755   7684  7685  7309    1
 7756   7686  7311  7310    1
 7757   7685  7686  7310    1
 7758   7687  7684  7638    1
 7759   7641  7687  7638    1
 7760   7688  7685  7684    1
 7761   7687  7688  7684    1
 7762   7689  7686  7685    1
 7763   7688  7689  7685    1
 7764   7690  7687  7641    1
 7765   7644  7690  7641    1
 7766   7691  7688  7687    1
 7767   7690  7691  7687    1
 7768   7692  7689  7688    1
 7769   7691  7692  7688    1
 7770   7693  7690  7644    1
 7771   7647  7693  7644    1
 7772   7694  7691  7690    1
 7773   7693  7694  7690    1
 7774   7695  7692  7691    1
 7775   7694  7695  7691    1
 7776   7321  7696  7275    1
 7777   7696  7650  7275    1
 7778   7322  7697  7321    1
 7779   7697  7696  7321    1
 7780   7323  7698  7322    1
 7781   7698  7697  7322    1
 7782   7696  7699  7650    1
 7783   7699  7653  7650    1
 7784   7697  7700  7696    1
 7785   7700  7699  7696    1
 7786   7698  7701  7697    1
 7787   7701  7700  7697    1
 7788   7699  7702  7653    1
 7789   7702  7656  7653    1
 7790   7700  7703  7699    1
 7791   7703  7702  7699    1
 7792   7701  7704  7700    1
 7793   7704  7703  7700    1
 7794   7702  7705  7656    1
 7795   7705  7659  7656    1
 7796   7703  7706  7702    1
 7797   7706  7705  7702    1
 7798   7704  7707  7703    1
 7799   7707  7706  7703    1
 7800   7732  7357  7311    1
 7801   7686  7732  7311    1
 7802   7733  7358  7357    1
 7803   7732  7733  7357    1
 7804   7734  7359  7358    1
 7805   7733  7734  7358    1
 7806   7735  7732  7686    1
 7807   7689  7735  7686    1
 7808   7736  7733  7732    1
 7809   7735  7736  7732    1
 7810   7737  7734  7733    1
 7811   7736  7737  7733    1
 7812   7738  7735  7689    1
 7813   7692  7738  7689    1
 7814   7739  7736  7735    1
 7815   7738  7739  7735    1
 7816   7740  7737  7736    1
 7817   7739  7740  7736    1
 7818   7741  7738  7692    1
 7819   7695  7741  7692    1
 7820   7742  7739  7738    1
 7821   7741  7742  7738    1
 7822   7743  7740  7739    1
 7823   7742  7743  7739    1
 7824   7369  7744  7323    1
 7825   7744  7698  7323    1
 7826   7370  7745  7369    1
 7827   7745  7744  7369    1
 7828   7371  7746  7370    1
 7829   7746  7745  7370    1
 7830   7744  7747  7698    1
 7831   7747  7701  7698    1
 7832   7745  7748  7744    1
 7833   7748  7747  7744    1
 7834   7746  7749  7745    1
 7835   7749  7748  7745    1
 7836   7747  7750  7701    1
 7837   7750  7704  7701    1
 7838   7748  7751  7747    1
 7839   7751  7750  7747    1
 7840   7749  7752  7748    1
 7841   7752  7751  7748    1
 7842   7750  7753  7704    1
 7843   7753  7707  7704    1
 7844   7751  7754  7750    1
 7845   7754  7753  7750    1
 7846   7752  7755  7751    1
 7847   7755  7754  7751    1
 7848   7780  7405  7359    1
 7849   7734  7780  7359    1
 7850   7781  7406  7405    1
 7851   7780  7781  7405    1
 7852   7782  7407  7406    1
 7853   7781  7782  7406    1
 7854   7783  7780  7734    1
 7855   7737  7783  7734    1
 7856   7784  7781  7780    1
 7857   7783  7784  7780    1
 7858   7785  7782  7781    1
 7859   7784  7785  7781    1
 7860   7786  7783  7737    1
 7861   7740  7786  7737    1
 7862   7787  7784  7783    1
 7863   7786  7787  7783    1
 7864   7788  7785  7784    1
 7865   7787  7788  7784    1
 7866   7789  7786  7740    1
 7867   7743  7789  7740    1
 7868   7790  7787  7786    1
 7869   7789  7790  7786    1
 7870   7791  7788  7787    1
 7871   7790  7791  7787    1
 7872   7417  7792  7371    1
 7873   7792  7746  7371    1
 7874   7418  7793  7417    1
 7875   7793  7792  7417    1
 7876   7419  7794  7418    1
 7877   7794  7793  7418    1
 7878   7792  7795  7746    1
 7879   7795  7749  7746    1
 7880   7793  7796  7792    1
 7881   7796  7795  7792    1
 7882   7794  7797  7793    1
 7883   7797  7796  7793    1
 7884   7795  7798  7749    1
 7885   7798  7752  7749    1
 7886   7796  7799  7795    1
 7887   7799  7798  7795    1
 7888   7797  7800  7796    1
 7889   7800  7799  7796    1
 7890   7798  7801  7752    1
 7891   7801  7755  7752    1
 7892   7799  7802  7798    1
 7893   7802  7801  7798    1
 7894   7800  7803  7799    1
 7895   7803  7802  7799    1
 7896   7828  7453  7407    1
 7897   7782  7828  7407    1
 7898   7829  7454  7453    1
 7899   7828  7829  7453    1
 7900   7830  7455  7454    1
 7901   7829  7830  7454    1
 7902   7831  7828  7782    1
 7903   7785  7831  7782    1
 7904   7832  7829  7828    1
 7905   7831  7832  7828    1
 7906   7833  7830  7829    1
 7907   7832  7833  7829    1
 7908   7834  7831  7785    1
 7909   7788  7834  7785    1
 7910   7835  7832  7831    1
 7911   7834  7835  7831    1
 7912   7836  7833  7832    1
 7913   7835  7836  7832    1
 7914   7837  7834  7788    1
 7915   7791  7837  7788    1
 7916   7838  7835  7834    1
 7917   7837  7838  7834    1
 7918   7839  7836  7835    1
 7919   7838  7839  7835    1
 7920   7462  7840  7419    1
 7921   7840  7794  7419    1
 7922   7463  7841  7462    1
 7923   7841  7840  7462    1
 7924   7116  7488  7463    1
 7925   7488  7841  7463    1
 7926   7840  7842  7794    1
 7927   7842  7797  7794    1
 7928   7841  7843  7840    1
 7929   7843  7842  7840    1
 7930   7488  7492  7841    1
 7931   7492  7843  7841    1
 7932   7842  7844  7797    1
 7933   7844  7800  7797    1
 7934   7843  7845  7842    1
 7935   7845  7844  7842    1
 7936   7492  7496  7843    1
 7937   7496  7845  7843    1
 7938   7844  7846  7800    1
 7939   7846  7803  7800    1
 7940   7845  7847  7844    1
 7941   7847  7846  7844    1
 7942   7496  7500  7845    1
 7943   7500  7847  7845    1
 7944   7864  7486  7455    1
 7945   7830  7864  7455    1
 7946   7865  7487  7486    1
 7947   7864  7865  7486    1
 7948   7536  7164  7487    1
 7949   7865  7536  7487    1
 7950   7866  7864  7830    1
 7951   7833  7866  7830    1
 7952   7867  7865  7864    1
 7953   7866  7867  7864    1
 7954   7540  7536  7865    1
 7955   7867  7540  7865    1
 7956   7868  7866  7833    1
 7957   7836  7868  7833    1
 7958   7869  7867  7866    1
 7959   7868  7869  7866    1
 7960   7544  7540  7867    1
 7961   7869  7544  7867    1
 7962   7870  7868  7836    1
 7963   7839  7870  7836    1
 7964   7871  7869  7868    1
 7965   7870  7871  7868    1
 7966   7548  7544  7869    1
 7967   7871  7548  7869    1
 7968   3565  7873  3564    1
 7969   7873  7872  3564    1
 7970   3566  7874  3565    1
 7971   7874  7873  3565    1
 7972   3567  7875  3566    1
 7973   7875  7874  3566    1
 7974   7873  7877  7872    1
 7975   7877  7876  7872    1
 7976   7874  7878  7873    1
 7977   7878  7877  7873    1
 7978   7875  7879  7874    1
 7979   7879  7878  7874    1
 7980   7877  7881  7876    1
 7981   7881  7880  7876    1
 7982   7878  7882  7877    1
 7983   7882  7881  7877    1
 7984   7879  7883  7878    1
 7985   7883  7882  7878    1
 7986   7881  7885  7880    1
 7987   7885  7884  7880    1
 7988   7882  7886  7881    1
 7989   7886  7885  7881    1
 7990   7883  7887  7882    1
 7991   7887  7886  7882    1
 7992   7921  3613  3612    1
 7993   7920  7921  3612    1
 7994   7922  3614  3613    1
 7995   7921  7922  3613    1
 7996   7923  3615  3614    1
 7997   7922  7923  3614    1
 7998   7925  7921  7920    1
 7999   7924  7925  7920    1
 8000   7926  7922  7921    1
 8001   7925  7926  7921    1
 8002   7927  7923  7922    1
 8003   7926  7927  7922    1
 8004   7929  7925  7924    1
 8005   7928  7929  7924    1
 8006   7930  7926  7925    1
 8007   7929  7930  7925    1
 8008   7931  7927  7926    1
 8009   7930  7931  7926    1
 8010   7933  7929  7928    1
 8011   7932  7933  7928    1
 8012   7934  7930  7929    1
 8013   7933  7934  7929    1
 8014   7935  7931  7930    1
 8015   7934  7935  7930    1
 8016   3625  7936  3567    1
 8017   7936  7875  3567    1
 8018   3626  7937  3625    1
 8019   7937  7936  3625    1
 8020   3627  7938  3626    1
 8021   7938  7937  3626    1
 8022   7936  7939  7875    1
 8023   7939  7879  7875    1
 8024   7937  7940  7936    1
 8025   7940  7939  7936    1
 8026   7938  7941  7937    1
 8027   7941  7940  7937    1
 8028   7939  7942  7879    1
 8029   7942  7883  7879    1
 8030   7940  7943  7939    1
 8031   7943  7942  7939    1
 8032   7941  7944  7940    1
 8033   7944  7943  7940    1
 8034   7942  7945  7883    1
 8035   7945  7887  7883    1
 8036   7943  7946  7942    1
 8037   7946  7945  7942    1
 8038   7944  7947  7943    1
 8039   7947  7946  7943    1
 8040   7972  3661  3615    1
 8041   7923  7972  3615    1
 8042   7973  3662  3661    1
 8043   7972  7973  3661    1
 8044   7974  3663  3662    1
 8045   7973  7974  3662    1
 8046   7975  7972  7923    1
 8047   7927  7975  7923    1
 8048   7976  7973  7972    1
 8049   7975  7976  7972    1
 8050   7977  7974  7973    1
 8051   7976  7977  7973    1
 8052   7978  7975  7927    1
 8053   7931  7978  7927    1
 8054   7979  7976  7975    1
 8055   7978  7979  7975    1
 8056   7980  7977  7976    1
 8057   7979  7980  7976    1
 8058   7981  7978  7931    1
 8059   7935  7981  7931    1
 8060   7982  7979  7978    1
 8061   7981  7982  7978    1
 8062   7983  7980  7979    1
 8063   7982  7983  7979    1
 8064   3673  7984  3627    1
 8065   7984  7938  3627    1
 8066   3674  7985  3673    1
 8067   7985  7984  3673    1
 8068   3675  7986  3674    1
 8069   7986  7985  3674    1
 8070   7984  7987  7938    1
 8071   7987  7941  7938    1
 8072   7985  7988  7984    1
 8073   7988  7987  7984    1
 8074   7986  7989  7985    1
 8075   7989  7988  7985    1
 8076   7987  7990  7941    1
 8077   7990  7944  7941    1
 8078   7988  7991  7987    1
 8079   7991  7990  7987    1
 8080   7989  7992  7988    1
 8081   7992  7991  7988    1
 8082   7990  7993  7944    1
 8083   7993  7947  7944    1
 8084   7991  7994  7990    1
 8085   7994  7993  7990    1
 8086   7992  7995  7991    1
 8087   7995  7994  7991    1
 8088   8020  3709  3663    1
 8089   7974  8020  3663    1
 8090   8021  3710  3709    1
 8091   8020  8021  3709    1
 8092   8022  3711  3710    1
 8093   8021  8022  3710    1
 8094   8023  8020  7974    1
 8095   7977  8023  7974    1
 8096   8024  8021  8020    1
 8097   8023  8024  8020    1
 8098   8025  8022  8021    1
 8099   8024  8025  8021    1
 8100   8026  8023  7977    1
 8101   7980  8026  7977    1
 8102   8027  8024  8023    1
 8103   8026  8027  8023    1
 8104   8028  8025  8024    1
 8105   8027  8028  8024    1
 8106   8029  8026  7980    1
 8107   7983  8029  7980    1
 8108   8030  8027  8026    1
 8109   8029  8030  8026    1
 8110   8031  8028  8027    1
 8111   8030  8031  8027    1
 8112   3721  8032  3675    1
 8113   8032  7986  3675    1
 8114   3722  8033  3721    1
 8115   8033  8032  3721    1
 8116   3723  8034  3722    1
 8117   8034  8033  3722    1
 8118   8032  8035  7986    1
 8119   8035  7989  7986    1
 8120   8033  8036  8032    1
 8121   8036  8035  8032    1
 8122   8034  8037  8033    1
 8123   8037  8036  8033    1
 8124   8035  8038  7989    1
 8125   8038  7992  7989    1
 8126   8036  8039  8035    1
 8127   8039  8038  8035    1
 8128   8037  8040  8036    1
 8129   8040  8039  8036    1
 8130   8038  8041  7992    1
 8131   8041  7995  7992    1
 8132   8039  8042  8038    1
 8133   8042  8041  8038    1
 8134   8040  8043  8039    1
 8135   8043  8042  8039    1
 8136   8068  3757  3711    1
 8137   8022  8068  3711    1
 8138   8069  3758  3757    1
 8139   8068  8069  3757    1
 8140   8070  3759  3758    1
 8141   8069  8070  3758    1
 8142   8071  8068  8022    1
 8143   8025  8071  8022    1
 8144   8072  8069  8068    1
 8145   8071  8072  8068    1
 8146   8073  8070  8069    1
 8147   8072  8073  8069    1
 8148   8074  8071  8025    1
 8149   8028  8074  8025    1
 8150   8075  8072  8071    1
 8151   8074  8075  8071    1
 8152   8076  8073  8072    1
 8153   8075  8076  8072    1
 8154   8077  8074  8028    1
 8155   8031  8077  8028    1
 8156   8078  8075  8074    1
 8157   8077  8078  8074    1
 8158   8079  8076  8075    1
 8159   8078  8079  8075    1
 8160   3769  8080  3723    1
 8161   8080  8034  3723    1
 8162   3770  8081  3769    1
 8163   8081  8080  3769    1
 8164   3771  8082  3770    1
 8165   8082  8081  3770    1
 8166   8080  8083  8034    1
 8167   8083  8037  8034    1
 8168   8081  8084  8080    1
 8169   8084  8083  8080    1
 8170   8082  8085  8081    1
 8171   8085  8084  8081    1
 8172   8083  8086  8037    1
 8173   8086  8040  8037    1
 8174   8084  8087  8083    1
 8175   8087  8086  8083    1
 8176   8085  8088  8084    1
 8177   8088  8087  8084    1
 8178   8086  8089  8040    1
 8179   8089  8043  8040    1
 8180   8087  8090  8086    1
 8181   8090  8089  8086    1
 8182   8088  8091  8087    1
 8183   8091  8090  8087    1
 8184   8116  3805  3759    1
 8185   8070  8116  3759    1
 8186   8117  3806  3805    1
 8187   8116  8117  3805    1
 8188   8118  3807  3806    1
 8189   8117  8118  3806    1
 8190   8119  8116  8070    1
 8191   8073  8119  8070    1
 8192   8120  8117  8116    1
 8193   8119  8120  8116    1
 8194   8121  8118  8117    1
 8195   8120  8121  8117    1
 8196   8122  8119  8073    1
 8197   8076  8122  8073    1
 8198   8123  8120  8119    1
 8199   8122  8123  8119    1
 8200   8124  8121  8120    1
 8201   8123  8124  8120    1
 8202   8125  8122  8076    1
 8203   8079  8125  8076    1
 8204   8126  8123  8122    1
 8205   8125  8126  8122    1
 8206   8127  8124  8123    1
 8207   8126  8127  8123    1
 8208   3817  8128  3771    1
 8209   8128  8082  3771    1
 8210   3818  8129  3817    1
 8211   8129  8128  3817    1
 8212   3819  8130  3818    1
 8213   8130  8129  3818    1
 8214   8128  8131  8082    1
 8215   8131  8085  8082    1
 8216   8129  8132  8128    1
 8217   8132  8131  8128    1
 8218   8130  8133  8129    1
 8219   8133  8132  8129    1
 8220   8131  8134  8085    1
 8221   8134  8088  8085    1
 8222   8132  8135  8131    1
 8223   8135  8134  8131    1
 8224   8133  8136  8132    1
 8225   8136  8135  8132    1
 8226   8134  8137  8088    1
 8227   8137  8091  8088    1
 8228   8135  8138  8134    1
 8229   8138  8137  8134    1
 8230   8136  8139  8135    1
 8231   8139  8138  8135    1
 8232   8164  3853  3807    1
 8233   8118  8164  3807    1
 8234   8165  3854  3853    1
 8235   8164  8165  3853    1
 8236   8166  3855  3854    1
 8237   8165  8166  3854    1
 8238   8167  8164  8118    1
 8239   8121  8167  8118    1
 8240   8168  8165  8164    1
 8241   8167  8168  8164    1
 8242   8169  8166  8165    1
 8243   8168  8169  8165    1
 8244   8170  8167  8121    1
 8245   8124  8170  8121    1
 8246   8171  8168  8167    1
 8247   8170  8171  8167    1
 8248   8172  8169  8168    1
 8249   8171  8172  8168    1
 8250   8173  8170  8124    1
 8251   8127  8173  8124    1
 8252   8174  8171  8170    1
 8253   8173  8174  8170    1
 8254   8175  8172  8171    1
 8255   8174  8175  8171    1
 8256   3865  8176  3819    1
 8257   8176  8130  3819    1
 8258   3866  8177  3865    1
 8259   8177  8176  3865    1
 8260   3867  8178  3866    1
 8261   8178  8177  3866    1
 8262   8176  8179  8130    1
 8263   8179  8133  8130    1
 8264   8177  8180  8176    1
 8265   8180  8179  8176    1
 8266   8178  8181  8177    1
 8267   8181  8180  8177    1
 8268   8179  8182  8133    1
 8269   8182  8136  8133    1
 8270   8180  8183  8179    1
 8271   8183  8182  8179    1
 8272   8181  8184  8180    1
 8273   8184  8183  8180    1
 8274   8182  8185  8136    1
 8275   8185  8139  8136    1
 8276   8183  8186  8182    1
 8277   8186  8185  8182    1
 8278   8184  8187  8183    1
 8279   8187  8186  8183    1
 8280   8212  3901  3855    1
 8281   8166  8212  3855    1
 8282   8213  3902  3901    1
 8283   8212  8213  3901    1
 8284   8214  3903  3902    1
 8285   8213  8214  3902    1
 8286   8215  8212  8166    1
 8287   8169  8215  8166    1
 8288   8216  8213  8212    1
 8289   8215  8216  8212    1
 8290   8217  8214  8213    1
 8291   8216  8217  8213    1
 8292   8218  8215  8169    1
 8293   8172  8218  8169    1
 8294   8219  8216  8215    1
 8295   8218  8219  8215    1
 8296   8220  8217  8216    1
 8297   8219  8220  8216    1
 8298   8221  8218  8172    1
 8299   8175  8221  8172    1
 8300   8222  8219  8218    1
 8301   8221  8222  8218    1
 8302   8223  8220  8219    1
 8303   8222  8223  8219    1
 8304   3910  8224  3867    1
 8305   8224  8178  3867    1
 8306   3911  8225  3910    1
 8307   8225  8224  3910    1
 8308   3564  7872  3911    1
 8309   7872  8225  3911    1
 8310   8224  8226  8178    1
 8311   8226  8181  8178    1
 8312   8225  8227  8224    1
 8313   8227  8226  8224    1
 8314   7872  7876  8225    1
 8315   7876  8227  8225    1
 8316   8226  8228  8181    1
 8317   8228  8184  8181    1
 8318   8227  8229  8226    1
 8319   8229  8228  8226    1
 8320   7876  7880  8227    1
 8321   7880  8229  8227    1
 8322   8228  8230  8184    1
 8323   8230  8187  8184    1
 8324   8229  8231  8228    1
 8325   8231  8230  8228    1
 8326   7880  7884  8229    1
 8327   7884  8231  8229    1
 8328   8248  3934  3903    1
 8329   8214  8248  3903    1
 8330   8249  3935  3934    1
 8331   8248  8249  3934    1
 8332   7920  3612  3935    1
 8333   8249  7920  3935    1
 8334   8250  8248  8214    1
 8335   8217  8250  8214    1
 8336   8251  8249  8248    1
 8337   8250  8251  8248    1
 8338   7924  7920  8249    1
 8339   8251  7924  8249    1
 8340   8252  8250  8217    1
 8341   8220  8252  8217    1
 8342   8253  8251  8250    1
 8343   8252  8253  8250    1
 8344   7928  7924  8251    1
 8345   8253  7928  8251    1
 8346   8254  8252  8220    1
 8347   8223  8254  8220    1
 8348   8255  8253  8252    1
 8349   8254  8255  8252    1
 8350   7932  7928  8253    1
 8351   8255  7932  8253    1
 8352   7501  8257  7500    1
 8353   8257  8256  7500    1
 8354   7502  8258  7501    1
 8355   8258  8257  7501    1
 8356   7503  8259  7502    1
 8357   8259  8258  7502    1
 8358   8257  8261  8256    1
 8359   8261  8260  8256    1
 8360   8258  8262  8257    1
 8361   8262  8261  8257    1
 8362   8259  8263  8258    1
 8363   8263  8262  8258    1
 8364   8261  8265  8260    1
 8365   8265  8264  8260    1
 8366   8262  8266  8261    1
 8367   8266  8265  8261    1
 8368   8263  8267  8262    1
 8369   8267  8266  8262    1
 8370   8265  8269  8264    1
 8371   8269  8268  8264    1
 8372   8266  8270  8265    1
 8373   8270  8269  8265    1
 8374   8267  8271  8266    1
 8375   8271  8270  8266    1
 8376   8305  7549  7548    1
 8377   8304  8305  7548    1
 8378   8306  7550  7549    1
 8379   8305  8306  7549    1
 8380   8307  7551  7550    1
 8381   8306  8307  7550    1
 8382   8309  8305  8304    1
 8383   8308  8309  8304    1
 8384   8310  8306  8305    1
 8385   8309  8310  8305    1
 8386   8311  8307  8306    1
 8387   8310  8311  8306    1
 8388   8313  8309  8308    1
 8389   8312  8313  8308    1
 8390   8314  8310  8309    1
 8391   8313  8314  8309    1
 8392   8315  8311  8310    1
 8393   8314  8315  8310    1
 8394   8255  8313  8312    1
 8395   7932  8255  8312    1
 8396   8254  8314  8313    1
 8397   8255  8254  8313    1
 8398   8223  8315  8314    1
 8399   8254  8223  8314    1
 8400   7561  8316  7503    1
 8401   8316  8259  7503    1
 8402   7562  8317  7561    1
 8403   8317  8316  7561    1
 8404   7563  8318  7562    1
 8405   8318  8317  7562    1
 8406   8316  8319  8259    1
 8407   8319  8263  8259    1
 8408   8317  8320  8316    1
 8409   8320  8319  8316    1
 8410   8318  8321  8317    1
 8411   8321  8320  8317    1
 8412   8319  8322  8263    1
 8413   8322  8267  8263    1
 8414   8320  8323  8319    1
 8415   8323  8322  8319    1
 8416   8321  8324  8320    1
 8417   8324  8323  8320    1
 8418   8322  8325  8267    1
 8419   8325  8271  8267    1
 8420   8323  8326  8322    1
 8421   8326  8325  8322    1
 8422   8324  8327  8323    1
 8423   8327  8326  8323    1
 8424   8352  7597  7551    1
 8425   8307  8352  7551    1
 8426   8353  7598  7597    1
 8427   8352  8353  7597    1
 8428   8354  7599  7598    1
 8429   8353  8354  7598    1
 8430   8355  8352  8307    1
 8431   8311  8355  8307    1
 8432   8356  8353  8352    1
 8433   8355  8356  8352    1
 8434   8357  8354  8353    1
 8435   8356  8357  8353    1
 8436   8358  8355  8311    1
 8437   8315  8358  8311    1
 8438   8359  8356  8355    1
 8439   8358  8359  8355    1
 8440   8360  8357  8356    1
 8441   8359  8360  8356    1
 8442   8222  8358  8315    1
 8443   8223  8222  8315    1
 8444   8221  8359  8358    1
 8445   8222  8221  8358    1
 8446   8175  8360  8359    1
 8447   8221  8175  8359    1
 8448   7609  8361  7563    1
 8449   8361  8318  7563    1
 8450   7610  8362  7609    1
 8451   8362  8361  7609    1
 8452   7611  8363  7610    1
 8453   8363  8362  7610    1
 8454   8361  8364  8318    1
 8455   8364  8321  8318    1
 8456   8362  8365  8361    1
 8457   8365  8364  8361    1
 8458   8363  8366  8362    1
 8459   8366  8365  8362    1
 8460   8364  8367  8321    1
 8461   8367  8324  8321    1
 8462   8365  8368  8364    1
 8463   8368  8367  8364    1
 8464   8366  8369  8365    1
 8465   8369  8368  8365    1
 8466   8367  8370  8324    1
 8467   8370  8327  8324    1
 8468   8368  8371  8367    1
 8469   8371  8370  8367    1
 8470   8369  8372  8368    1
 8471   8372  8371  8368    1
 8472   8397  7645  7599    1
 8473   8354  8397  7599    1
 8474   8398  7646  7645    1
 8475   8397  8398  7645    1
 8476   8399  7647  7646    1
 8477   8398  8399  7646    1
 8478   8400  8397  8354    1
 8479   8357  8400  8354    1
 8480   8401  8398  8397    1
 8481   8400  8401  8397    1
 8482   8402  8399  8398    1
 8483   8401  8402  8398    1
 8484   8403  8400  8357    1
 8485   8360  8403  8357    1
 8486   8404  8401  8400    1
 8487   8403  8404  8400    1
 8488   8405  8402  8401    1
 8489   8404  8405  8401    1
 8490   8174  8403  8360    1
 8491   8175  8174  8360    1
 8492   8173  8404  8403    1
 8493   8174  8173  8403    1
 8494   8127  8405  8404    1
 8495   8173  8127  8404    1
 8496   7657  8406  7611    1
 8497   8406  8363  7611    1
 8498   7658  8407  7657    1
 8499   8407  8406  7657    1
 8500   7659  8408  7658    1
 8501   8408  8407  7658    1
 8502   8406  8409  8363    1
 8503   8409  8366  8363    1
 8504   8407  8410  8406    1
 8505   8410  8409  8406    1
 8506   8408  8411  8407    1
 8507   8411  8410  8407    1
 8508   8409  8412  8366    1
 8509   8412  8369  8366    1
 8510   8410  8413  8409    1
 8511   8413  8412  8409    1
 8512   8411  8414  8410    1
 8513   8414  8413  8410    1
 8514   8412  8415  8369    1
 8515   8415  8372  8369    1
 8516   8413  8416  8412    1
 8517   8416  8415  8412    1
 8518   8414  8417  8413    1
 8519   8417  8416  8413    1
 8520   8442  7693  7647    1
 8521   8399  8442  7647    1
 8522   8443  7694  7693    1
 8523   8442  8443  7693    1
 8524   8444  7695  7694    1
 8525   8443  8444  7694    1
 8526   8445  8442  8399    1
 8527   8402  8445  8399    1
 8528   8446  8443  8442    1
 8529   8445  8446  8442    1
 8530   8447  8444  8443    1
 8531   8446  8447  8443    1
 8532   8448  8445  8402    1
 8533   8405  8448  8402    1
 8534   8449  8446  8445    1
 8535   8448  8449  8445    1
 8536   8450  8447  8446    1
 8537   8449  8450  8446    1
 8538   8126  8448  8405    1
 8539   8127  8126  8405    1
 8540   8125  8449  8448    1
 8541   8126  8125  8448    1
 8542   8079  8450  8449    1
 8543   8125  8079  8449    1
 8544   7705  8451  7659    1
 8545   8451  8408  7659    1
 8546   7706  8452  7705    1
 8547   8452  8451  7705    1
 8548   7707  8453  7706    1
 8549   8453  8452  7706    1
 8550   8451  8454  8408    1
 8551   8454  8411  8408    1
 8552   8452  8455  8451    1
 8553   8455  8454  8451    1
 8554   8453  8456  8452    1
 8555   8456  8455  8452    1
 8556   8454  8457  8411    1
 8557   8457  8414  8411    1
 8558   8455  8458  8454    1
 8559   8458  8457  8454    1
 8560   8456  8459  8455    1
 8561   8459  8458  8455    1
 8562   8457  8460  8414    1
 8563   8460  8417  8414    1
 8564   8458  8461  8457    1
 8565   8461  8460  8457    1
 8566   8459  8462  8458    1
 8567   8462  8461  8458    1
 8568   8487  7741  7695    1
 8569   8444  8487  7695    1
 8570   8488  7742  7741    1
 8571   8487  8488  7741    1
 8572   8489  7743  7742    1
 8573   8488  8489  7742    1
 8574   8490  8487  8444    1
 8575   8447  8490  8444    1
 8576   8491  8488  8487    1
 8577   8490  8491  8487    1
 8578   8492  8489  8488    1
 8579   8491  8492  8488    1
 8580   8493  8490  8447    1
 8581   8450  8493  8447    1
 8582   8494  8491  8490    1
 8583   8493  8494  8490    1
 8584   8495  8492  8491    1
 8585   8494  8495  8491    1
 8586   8496  8493  8450    1
 8587   8079  8496  8450    1
 8588   8497  8494  8493    1
 8589   8496  8497  8493    1
 8590   8498  8495  8494    1
 8591   8497  8498  8494    1
 8592   7753  8499  7707    1
 8593   8499  8453  7707    1
 8594   7754  8500  7753    1
 8595   8500  8499  7753    1
 8596   7755  8501  7754    1
 8597   8501  8500  7754    1
 8598   8499  8502  8453    1
 8599   8502  8456  8453    1
 8600   8500  8503  8499    1
 8601   8503  8502  8499    1
 8602   8501  8504  8500    1
 8603   8504  8503  8500    1
 8604   8502  8505  8456    1
 8605   8505  8459  8456    1
 8606   8503  8506  8502    1
 8607   8506  8505  8502    1
 8608   8504  8507  8503    1
 8609   8507  8506  8503    1
 8610   8505  8508  8459    1
 8611   8508  8462  8459    1
 8612   8506  8509  8505    1
 8613   8509  8508  8505    1
 8614   8507  8510  8506    1
 8615   8510  8509  8506    1
 8616   8535  7789  7743    1
 8617   8489  8535  7743    1
 8618   8536  7790  7789    1
 8619   8535  8536  7789    1
 8620   8537  7791  7790    1
 8621   8536  8537  7790    1
 8622   8538  8535  8489    1
 8623   8492  8538  8489    1
 8624   8539  8536  8535    1
 8625   8538  8539  8535    1
 8626   8540  8537  8536    1
 8627   8539  8540  8536    1
 8628   8541  8538  8492    1
 8629   8495  8541  8492    1
 8630   8542  8539  8538    1
 8631   8541  8542  8538    1
 8632   8543  8540  8539    1
 8633   8542  8543  8539    1
 8634   8544  8541  8495    1
 8635   8498  8544  8495    1
 8636   8545  8542  8541    1
 8637   8544  8545  8541    1
 8638   8546  8543  8542    1
 8639   8545  8546  8542    1
 8640   7801  8547  7755    1
 8641   8547  8501  7755    1
 8642   7802  8548  7801    1
 8643   8548  8547  7801    1
 8644   7803  8549  7802    1
 8645   8549  8548  7802    1
 8646   8547  8550  8501    1
 8647   8550  8504  8501    1
 8648   8548  8551  8547    1
 8649   8551  8550  8547    1
 8650   8549  8552  8548    1
 8651   8552  8551  8548    1
 8652   8550  8553  8504    1
 8653   8553  8507  8504    1
 8654   8551  8554  8550    1
 8655   8554  8553  8550    1
 8656   8552  8555  8551    1
 8657   8555  8554  8551    1
 8658   8553  8556  8507    1
 8659   8556  8510  8507    1
 8660   8554  8557  8553    1
 8661   8557  8556  8553    1
 8662   8555  8558  8554    1
 8663   8558  8557  8554    1
 8664   8583  7837  7791    1
 8665   8537  8583  7791    1
 8666   8584  7838  7837    1
 8667   8583  8584  7837    1
 8668   8585  7839  7838    1
 8669   8584  8585  7838    1
 8670   8586  8583  8537    1
 8671   8540  8586  8537    1
 8672   8587  8584  8583    1
 8673   8586  8587  8583    1
 8674   8588  8585  8584    1
 8675   8587  8588  8584    1
 8676   8589  8586  8540    1
 8677   8543  8589  8540    1
 8678   8590  8587  8586    1
 8679   8589  8590  8586    1
 8680   8591  8588  8587    1
 8681   8590  8591  8587    1
 8682   8592  8589  8543    1
 8683   8546  8592  8543    1
 8684   8593  8590  8589    1
 8685   8592  8593  8589    1
 8686   8594  8591  8590    1
 8687   8593  8594  8590    1
 8688   7846  8595  7803    1
 8689   8595  8549  7803    1
 8690   7847  8596  7846    1
 8691   8596  8595  7846    1
 8692   7500  8256  7847    1
 8693   8256  8596  7847    1
 8694   8595  8597  8549    1
 8695   8597  8552  8549    1
 8696   8596  8598  8595    1
 8697   8598  8597  8595    1
 8698   8256  8260  8596    1
 8699   8260  8598  8596    1
 8700   8597  8599  8552    1
 8701   8599  8555  8552    1
 8702   8598  8600  8597    1
 8703   8600  8599  8597    1
 8704   8260  8264  8598    1
 8705   8264  8600  8598    1
 8706   8599  8601  8555    1
 8707   8601  8558  8555    1
 8708   8600  8602  8599    1
 8709   8602  8601  8599    1
 8710   8264  8268  8600    1
 8711   8268  8602  8600    1
 8712   8619  7870  7839    1
 8713   8585  8619  7839    1
 8714   8620  7871  7870    1
 8715   8619  8620  7870    1
 8716   8304  7548  7871    1
 8717   8620  8304  7871    1
 8718   8621  8619  8585    1
 8719   8588  8621  8585    1
 8720   8622  8620  8619    1
 8721   8621  8622  8619    1
 8722   8308  8304  8620    1
 8723   8622  8308  8620    1
 8724   8623  8621  8588    1
 8725   8591  8623  8588    1
 8726   8624  8622  8621    1
 8727   8623  8624  8621    1
 8728   8312  8308  8622    1
 8729   8624  8312  8622    1
 8730   8625  8623  8591    1
 8731   8594  8625  8591    1
 8732   8626  8624  8623    1
 8733   8625  8626  8623    1
 8734   7932  8312  8624    1
 8735   8626  7932  8624    1
 8736   7885  8628  7884    1
 8737   8628  8627  7884    1
 8738   7886  8629  7885    1
 8739   8629  8628  7885    1
 8740   7887  8630  7886    1
 8741   8630  8629  7886    1
 8742   8628  8632  8627    1
 8743   8632  8631  8627    1
 8744   8629  8633  8628    1
 8745   8633  8632  8628    1
 8746   8630  8634  8629    1
 8747   8634  8633  8629    1
 8748   8632  8636  8631    1
 8749   8636  8635  8631    1
 8750   8633  8637  8632    1
 8751   8637  8636  8632    1
 8752   8634  8638  8633    1
 8753   8638  8637  8633    1
 8754   8636  8640  8635    1
 8755   8640  8639  8635    1
 8756   8637  8641  8636    1
 8757   8641  8640  8636    1
 8758   8638  8642  8637    1
 8759   8642  8641  8637    1
 8760   8676  7933  7932    1
 8761   8675  8676  7932    1
 8762   8677  7934  7933    1
 8763   8676  8677  7933    1
 8764   8678  7935  7934    1
 8765   8677  8678  7934    1
 8766   8680  8676  8675    1
 8767   8679  8680  8675    1
 8768   8681  8677  8676    1
 8769   8680  8681  8676    1
 8770   8682  8678  8677    1
 8771   8681  8682  8677    1
 8772   8684  8680  8679    1
 8773   8683  8684  8679    1
 8774   8685  8681  8680    1
 8775   8684  8685  8680    1
 8776   8686  8682  8681    1
 8777   8685  8686  8681    1
 8778   8688  8684  8683    1
 8779   8687  8688  8683    1
 8780   8689  8685  8684    1
 8781   8688  8689  8684    1
 8782   8690  8686  8685    1
 8783   8689  8690  8685    1
 8784   7945  8691  7887    1
 8785   8691  8630  7887    1
 8786   7946  8692  7945    1
 8787   8692  8691  7945    1
 8788   7947  8693  7946    1
 8789   8693  8692  7946    1
 8790   8691  8694  8630    1
 8791   8694  8634  8630    1
 8792   8692  8695  8691    1
 8793   8695  8694  8691    1
 8794   8693  8696  8692    1
 8795   8696  8695  8692    1
 8796   8694  8697  8634    1
 8797   8697  8638  8634    1
 8798   8695  8698  8694    1
 8799   8698  8697  8694    1
 8800   8696  8699  8695    1
 8801   8699  8698  8695    1
 8802   8697  8700  8638    1
 8803   8700  8642  8638    1
 8804   8698  8701  8697    1
 8805   8701  8700  8697    1
 8806   8699  8702  8698    1
 8807   8702  8701  8698    1
 8808   8727  7981  7935    1
 8809   8678  8727  7935    1
 8810   8728  7982  7981    1
 8811   8727  8728  7981    1
 8812   8729  7983  7982    1
 8813   8728  8729  7982    1
 8814   8730  8727  8678    1
 8815   8682  8730  8678    1
 8816   8731  8728  8727    1
 8817   8730  8731  8727    1
 8818   8732  8729  8728    1
 8819   8731  8732  8728    1
 8820   8733  8730  8682    1
 8821   8686  8733  8682    1
 8822   8734  8731  8730    1
 8823   8733  8734  8730    1
 8824   8735  8732  8731    1
 8825   8734  8735  8731    1
 8826   8736  8733  8686    1
 8827   8690  8736  8686    1
 8828   8737  8734  8733    1
 8829   8736  8737  8733    1
 8830   8738  8735  8734    1
 8831   8737  8738  8734    1
 8832   7993  8739  7947    1
 8833   8739  8693  7947    1
 8834   7994  8740  7993    1
 8835   8740  8739  7993    1
 8836   7995  8741  7994    1
 8837   8741  8740  7994    1
 8838   8739  8742  8693    1
 8839   8742  8696  8693    1
 8840   8740  8743  8739    1
 8841   8743  8742  8739    1
 8842   8741  8744  8740    1
 8843   8744  8743  8740    1
 8844   8742  8745  8696    1
 8845   8745  8699  8696    1
 8846   8743  8746  8742    1
 8847   8746  8745  8742    1
 8848   8744  8747  8743    1
 8849   8747  8746  8743    1
 8850   8745  8748  8699    1
 8851   8748  8702  8699    1
 8852   8746  8749  8745    1
 8853   8749  8748  8745    1
 8854   8747  8750  8746    1
 8855   8750  8749  8746    1
 8856   8775  8029  7983    1
 8857   8729  8775  7983    1
 8858   8776  8030  8029    1
 8859   8775  8776  8029    1
 8860   8777  8031  8030    1
 8861   8776  8777  8030    1
 8862   8778  8775  8729    1
 8863   8732  8778  8729    1
 8864   8779  8776  8775    1
 8865   8778  8779  8775    1
 8866   8780  8777  8776    1
 8867   8779  8780  8776    1
 8868   8781  8778  8732    1
 8869   8735  8781  8732    1
 8870   8782  8779  8778    1
 8871   8781  8782  8778    1
 8872   8783  8780  8779    1
 8873   8782  8783  8779    1
 8874   8784  8781  8735    1
 8875   8738  8784  8735    1
 8876   8785  8782  8781    1
 8877   8784  8785  8781    1
 8878   8786  8783  8782    1
 8879   8785  8786  8782    1
 8880   8041  8787  7995    1
 8881   8787  8741  7995    1
 8882   8042  8788  8041    1
 8883   8788  8787  8041    1
 8884   8043  8789  8042    1
 8885   8789  8788  8042    1
 8886   8787  8790  8741    1
 8887   8790  8744  8741    1
 8888   8788  8791  8787    1
 8889   8791  8790  8787    1
 8890   8789  8792  8788    1
 8891   8792  8791  8788    1
 8892   8790  8793  8744    1
 8893   8793  8747  8744    1
 8894   8791  8794  8790    1
 8895   8794  8793  8790    1
 8896   8792  8795  8791    1
 8897   8795  8794  8791    1
 8898   8793  8796  8747    1
 8899   8796  8750  8747    1
 8900   8794  8797  8793    1
 8901   8797  8796  8793    1
 8902   8795  8798  8794    1
 8903   8798  8797  8794    1
 8904   8823  8077  8031    1
 8905   8777  8823  8031    1
 8906   8824  8078  8077    1
 8907   8823  8824  8077    1
 8908   8825  8079  8078    1
 8909   8824  8825  8078    1
 8910   8826  8823  8777    1
 8911   8780  8826  8777    1
 8912   8827  8824  8823    1
 8913   8826  8827  8823    1
 8914   8828  8825  8824    1
 8915   8827  8828  8824    1
 8916   8829  8826  8780    1
 8917   8783  8829  8780    1
 8918   8830  8827  8826    1
 8919   8829  8830  8826    1
 8920   8831  8828  8827    1
 8921   8830  8831  8827    1
 8922   8832  8829  8783    1
 8923   8786  8832  8783    1
 8924   8833  8830  8829    1
 8925   8832  8833  8829    1
 8926   8834  8831  8830    1
 8927   8833  8834  8830    1
 8928   8089  8835  8043    1
 8929   8835  8789  8043    1
 8930   8090  8836  8089    1
 8931   8836  8835  8089    1
 8932   8091  8837  8090    1
 8933   8837  8836  8090    1
 8934   8835  8838  8789    1
 8935   8838  8792  8789    1
 8936   8836  8839  8835    1
 8937   8839  8838  8835    1
 8938   8837  8840  8836    1
 8939   8840  8839  8836    1
 8940   8838  8841  8792    1
 8941   8841  8795  8792    1
 8942   8839  8842  8838    1
 8943   8842  8841  8838    1
 8944   8840  8843  8839    1
 8945   8843  8842  8839    1
 8946   8841  8844  8795    1
 8947   8844  8798  8795    1
 8948   8842  8845  8841    1
 8949   8845  8844  8841    1
 8950   8843  8846  8842    1
 8951   8846  8845  8842    1
 8952   8871  8125  8079    1
 8953   8825  8871  8079    1
 8954   8872  8126  8125    1
 8955   8871  8872  8125    1
 8956   8873  8127  8126    1
 8957   8872  8873  8126    1
 8958   8874  8871  8825    1
 8959   8828  8874  8825    1
 8960   8875  8872  8871    1
 8961   8874  8875  8871    1
 8962   8876  8873  8872    1
 8963   8875  8876  8872    1
 8964   8877  8874  8828    1
 8965   8831  8877  8828    1
 8966   8878  8875  8874    1
 8967   8877  8878  8874    1
 8968   8879  8876  8875    1
 8969   8878  8879  8875    1
 8970   8880  8877  8831    1
 8971   8834  8880  8831    1
 8972   8881  8878  8877    1
 8973   8880  8881  8877    1
 8974   8882  8879  8878    1
 8975   8881  8882  8878    1
 8976   8137  8883  8091    1
 8977   8883  8837  8091    1
 8978   8138  8884  8137    1
 8979   8884  8883  8137    1
 8980   8139  8885  8138    1
 8981   8885  8884  8138    1
 8982   8883  8886  8837    1
 8983   8886  8840  8837    1
 8984   8884  8887  8883    1
 8985   8887  8886  8883    1
 8986   8885  8888  8884    1
 8987   8888  8887  8884    1
 8988   8886  8889  8840    1
 8989   8889  8843  8840    1
 8990   8887  8890  8886    1
 8991   8890  8889  8886    1
 8992   8888  8891  8887    1
 8993   8891  8890  8887    1
 8994   8889  8892  8843    1
 8995   8892  8846  8843    1
 8996   8890  8893  8889    1
 8997   8893  8892  8889    1
 8998   8891  8894  8890    1
 8999   8894  8893  8890    1
 9000   8919  8173  8127    1
 9001   8873  8919  8127    1
 9002   8920  8174  8173    1
 9003   8919  8920  8173    1
 9004   8921  8175  8174    1
 9005   8920  8921  8174    1
 9006   8922  8919  8873    1
 9007   8876  8922  8873    1
 9008   8923  8920  8919    1
 9009   8922  8923  8919    1
 9010   8924  8921  8920    1
 9011   8923  8924  8920    1
 9012   8925  8922  8876    1
 9013   8879  8925  8876    1
 9014   8926  8923  8922    1
 9015   8925  8926  8922    1
 9016   8927  8924  8923    1
 9017   8926  8927  8923    1
 9018   8928  8925  8879    1
 9019   8882  8928  8879    1
 9020   8929  8926  8925    1
 9021   8928  8929  8925    1
 9022   8930  8927  8926    1
 9023   8929  8930  8926    1
 9024   8185  8931  8139    1
 9025   8931  8885  8139    1
 9026   8186  8932  8185    1
 9027   8932  8931  8185    1
 9028   8187  8933  8186    1
 9029   8933  8932  8186    1
 9030   8931  8934  8885    1
 9031   8934  8888  8885    1
 9032   8932  8935  8931    1
 9033   8935  8934  8931    1
 9034   8933  8936  8932    1
 9035   8936  8935  8932    1
 9036   8934  8937  8888    1
 9037   8937  8891  8888    1
 9038   8935  8938  8934    1
 9039   8938  8937  8934    1
 9040   8936  8939  8935    1
 9041   8939  8938  8935    1
 9042   8937  8940  8891    1
 9043   8940  8894  8891    1
 9044   8938  8941  8937    1
 9045   8941  8940  8937    1
 9046   8939  8942  8938    1
 9047   8942  8941  8938    1
 9048   8967  8221  8175    1
 9049   8921  8967  8175    1
 9050   8968  8222  8221    1
 9051   8967  8968  8221    1
 9052   8969  8223  8222    1
 9053   8968  8969  8222    1
 9054   8970  8967  8921    1
 9055   8924  8970  8921    1
 9056   8971  8968  8967    1
 9057   8970  8971  8967    1
 9058   8972  8969  8968    1
 9059   8971  8972  8968    1
 9060   8973  8970  8924    1
 9061   8927  8973  8924    1
 9062   8974  8971  8970    1
 9063   8973  8974  8970    1
 9064   8975  8972  8971    1
 9065   8974  8975  8971    1
 9066   8976  8973  8927    1
 9067   8930  8976  8927    1
 9068   8977  8974  8973    1
 9069   8976  8977  8973    1
 9070   8978  8975  8974    1
 9071   8977  8978  8974    1
 9072   8230  8979  8187    1
 9073   8979  8933  8187    1
 9074   8231  8980  8230    1
 9075   8980  8979  8230    1
 9076   7884  8627  8231    1
 9077   8627  8980  8231    1
 9078   8979  8981  8933    1
 9079   8981  8936  8933    1
 9080   8980  8982  8979    1
 9081   8982  8981  8979    1
 9082   8627  8631  8980    1
 9083   8631  8982  8980    1
 9084   8981  8983  8936    1
 9085   8983  8939  8936    1
 9086   8982  8984  8981    1
 9087   8984  8983  8981    1
 9088   8631  8635  8982    1
 9089   8635  8984  8982    1
 9090   8983  8985  8939    1
 9091   8985  8942  8939    1
 9092   8984  8986  8983    1
 9093   8986  8985  8983    1
 9094   8635  8639  8984    1
 9095   8639  8986  8984    1
 9096   9003  8254  8223    1
 9097   8969  9003  8223    1
 9098   9004  8255  8254    1
 9099   9003  9004  8254    1
 9100   8675  7932  8255    1
 9101   9004  8675  8255    1
 9102   9005  9003  8969    1
 9103   8972  9005  8969    1
 9104   9006  9004  9003    1
 9105   9005  9006  9003    1
 9106   8679  8675  9004    1
 9107   9006  8679  9004    1
 9108   9007  9005  8972    1
 9109   8975  9007  8972    1
 9110   9008  9006  9005    1
 9111   9007  9008  9005    1
 9112   8683  8679  9006    1
 9113   9008  8683  9006    1
 9114   9009  9007  8975    1
 9115   8978  9009  8975    1
 9116   9010  9008  9007    1
 9117   9009  9010  9007    1
 9118   8687  8683  9008    1
 9119   9010  8687  9008    1
 9120   8269  9012  8268    1
 9121   9012  9011  8268    1
 9122   8270  9013  8269    1
 9123   9013  9012  8269    1
 9124   8271  9014  8270    1
 9125   9014  9013  8270    1
 9126   9012  9016  9011    1
 9127   9016  9015  9011    1
 9128   9013  9017  9012    1
 9129   9017  9016  9012    1
 9130   9014  9018  9013    1
 9131   9018  9017  9013    1
 9132   9016  9020  9015    1
 9133   9020  9019  9015    1
 9134   9017  9021  9016    1
 9135   9021  9020  9016    1
 9136   9018  9022  9017    1
 9137   9022  9021  9017    1
 9138   9020  9024  9019    1
 9139   9024  9023  9019    1
 9140   9021  9025  9020    1
 9141   9025  9024  9020    1
 9142   9022  9026  9021    1
 9143   9026  9025  9021    1
 9144   9004  8255  7932    1
 9145   8675  9004  7932    1
 9146   9003  8254  8255    1
 9147   9004  9003  8255    1
 9148   8969  8223  8254    1
 9149   9003  8969  8254    1
 9150   9006  9004  8675    1
 9151   8679  9006  8675    1
 9152   9005  9003  9004    1
 9153   9006  9005  9004    1
 9154   8972  8969  9003    1
 9155   9005  8972  9003    1
 9156   9008  9006  8679    1
 9157   8683  9008  8679    1
 9158   9007  9005  9006    1
 9159   9008  9007  9006    1
 9160   8975  8972  9005    1
 9161   9007  8975  9005    1
 9162   9010  9008  8683    1
 9163   8687  9010  8683    1
 9164   9009  9007  9008    1
 9165   9010  9009  9008    1
 9166   8978  8975  9007    1
 9167   9009  8978  9007    1
 9168   8325  9059  8271    1
 9169   9059  9014  8271    1
 9170   8326  9060  8325    1
 9171   9060  9059  8325    1
 9172   8327  9061  8326    1
 9173   9061  9060  8326    1
 9174   9059  9062  9014    1
 9175   9062  9018  9014    1
 9176   9060  9063  9059    1
 9177   9063  9062  9059    1
 9178   9061  9064  9060    1
 9179   9064  9063  9060    1
 9180   9062  9065  9018    1
 9181   9065  9022  9018    1
 9182   9063  9066  9062    1
 9183   9066  9065  9062    1
 9184   9064  9067  9063    1
 9185   9067  9066  9063    1
 9186   9065  9068  9022    1
 9187   9068  9026  9022    1
 9188   9066  9069  9065    1
 9189   9069  9068  9065    1
 9190   9067  9070  9066    1
 9191   9070  9069  9066    1
 9192   8968  8222  8223    1
 9193   8969  8968  8223    1
 9194   8967  8221  8222    1
 9195   8968  8967  8222    1
 9196   8921  8175  8221    1
 9197   8967  8921  8221    1
 9198   8971  8968  8969    1
 9199   8972  8971  8969    1
 9200   8970  8967  8968    1
 9201   8971  8970  8968    1
 9202   8924  8921  8967    1
 9203   8970  8924  8967    1
 9204   8974  8971  8972    1
 9205   8975  8974  8972    1
 9206   8973  8970  8971    1
 9207   8974  8973  8971    1
 9208   8927  8924  8970    1
 9209   8973  8927  8970    1
 9210   8977  8974  8975    1
 9211   8978  8977  8975    1
 9212   8976  8973  8974    1
 9213   8977  8976  8974    1
 9214   8930  8927  8973    1
 9215   8976  8930  8973    1
 9216   8370  9095  8327    1
 9217   9095  9061  8327    1
 9218   8371  9096  8370    1
 9219   9096  9095  8370    1
 9220   8372  9097  8371    1
 9221   9097  9096  8371    1
 9222   9095  9098  9061    1
 9223   9098  9064  9061    1
 9224   9096  9099  9095    1
 9225   9099  9098  9095    1
 9226   9097  9100  9096    1
 9227   9100  9099  9096    1
 9228   9098  9101  9064    1
 9229   9101  9067  9064    1
 9230   9099  9102  9098    1
 9231   9102  9101  9098    1
 9232   9100  9103  9099    1
 9233   9103  9102  9099    1
 9234   9101  9104  9067    1
 9235   9104  9070  9067    1
 9236   9102  9105  9101    1
 9237   9105  9104  9101    1
 9238   9103  9106  9102    1
 9239   9106  9105  9102    1
 9240   8920  8174  8175    1
 9241   8921  8920  8175    1
 9242   8919  8173  8174    1
 9243   8920  8919  8174    1
 9244   8873  8127  8173    1
 9245   8919  8873  8173    1
 9246   8923  8920  8921    1
 9247   8924  8923  8921    1
 9248   8922  8919  8920    1
 9249   8923  8922  8920    1
 9250   8876  8873  8919    1
 9251   8922  8876  8919    1
 9252   8926  8923  8924    1
 9253   8927  8926  8924    1
 9254   8925  8922  8923    1
 9255   8926  8925  8923    1
 9256   8879  8876  8922    1
 9257   8925  8879  8922    1
 9258   8929  8926  8927    1
 9259   8930  8929  8927    1
 9260   8928  8925  8926    1
 9261   8929  8928  8926    1
 9262   8882  8879  8925    1
 9263   8928  8882  8925    1
 9264   8415  9131  8372    1
 9265   9131  9097  8372    1
 9266   8416  9132  8415    1
 9267   9132  9131  8415    1
 9268   8417  9133  8416    1
 9269   9133  9132  8416    1
 9270   9131  9134  9097    1
 9271   9134  9100  9097    1
 9272   9132  9135  9131    1
 9273   9135  9134  9131    1
 9274   9133  9136  9132    1
 9275   9136  9135  9132    1
 9276   9134  9137  9100    1
 9277   9137  9103  9100    1
 9278   9135  9138  9134    1
 9279   9138  9137  9134    1
 9280   9136  9139  9135    1
 9281   9139  9138  9135    1
 9282   9137  9140  9103    1
 9283   9140  9106  9103    1
 9284   9138  9141  9137    1
 9285   9141  9140  9137    1
 9286   9139  9142  9138    1
 9287   9142  9141  9138    1
 9288   8872  8126  8127    1
 9289   8873  8872  8127    1
 9290   8871  8125  8126    1
 9291   8872  8871  8126    1
 9292   8825  8079  8125    1
 9293   8871  8825  8125    1
 9294   8875  8872  8873    1
 9295   8876  8875  8873    1
 9296   8874  8871  8872    1
 9297   8875  8874  8872    1
 9298   8828  8825  8871    1
 9299   8874  8828  8871    1
 9300   8878  8875  8876    1
 9301   8879  8878  8876    1
 9302   8877  8874  8875    1
 9303   8878  8877  8875    1
 9304   8831  8828  8874    1
 9305   8877  8831  8874    1
 9306   8881  8878  8879    1
 9307   8882  8881  8879    1
 9308   8880  8877  8878    1
 9309   8881  8880  8878    1
 9310   8834  8831  8877    1
 9311   8880  8834  8877    1
 9312   8460  9167  8417    1
 9313   9167  9133  8417    1
 9314   8461  9168  8460    1
 9315   9168  9167  8460    1
 9316   8462  9169  8461    1
 9317   9169  9168  8461    1
 9318   9167  9170  9133    1
 9319   9170  9136  9133    1
 9320   9168  9171  9167    1
 9321   9171  9170  9167    1
 9322   9169  9172  9168    1
 9323   9172  9171  9168    1
 9324   9170  9173  9136    1
 9325   9173  9139  9136    1
 9326   9171  9174  9170    1
 9327   9174  9173  9170    1
 9328   9172  9175  9171    1
 9329   9175  9174  9171    1
 9330   9173  9176  9139    1
 9331   9176  9142  9139    1
 9332   9174  9177  9173    1
 9333   9177  9176  9173    1
 9334   9175  9178  9174    1
 9335   9178  9177  9174    1
 9336   9203  8496  8079    1
 9337   8825  9203  8079    1
 9338   9204  8497  8496    1
 9339   9203  9204  8496    1
 9340   9205  8498  8497    1
 9341   9204  9205  8497    1
 9342   9206  9203  8825    1
 9343   8828  9206  8825    1
 9344   9207  9204  9203    1
 9345   9206  9207  9203    1
 9346   9208  9205  9204    1
 9347   9207  9208  9204    1
 9348   9209  9206  8828    1
 9349   8831  9209  8828    1
 9350   9210  9207  9206    1
 9351   9209  9210  9206    1
 9352   9211  9208  9207    1
 9353   9210  9211  9207    1
 9354   9212  9209  8831    1
 9355   8834  9212  8831    1
 9356   9213  9210  9209    1
 9357   9212  9213  9209    1
 9358   9214  9211  9210    1
 9359   9213  9214  9210    1
 9360   8508  9215  8462    1
 9361   9215  9169  8462    1
 9362   8509  9216  8508    1
 9363   9216  9215  8508    1
 9364   8510  9217  8509    1
 9365   9217  9216  8509    1
 9366   9215  9218  9169    1
 9367   9218  9172  9169    1
 9368   9216  9219  9215    1
 9369   9219  9218  9215    1
 9370   9217  9220  9216    1
 9371   9220  9219  9216    1
 9372   9218  9221  9172    1
 9373   9221  9175  9172    1
 9374   9219  9222  9218    1
 9375   9222  9221  9218    1
 9376   9220  9223  9219    1
 9377   9223  9222  9219    1
 9378   9221  9224  9175    1
 9379   9224  9178  9175    1
 9380   9222  9225  9221    1
 9381   9225  9224  9221    1
 9382   9223  9226  9222    1
 9383   9226  9225  9222    1
 9384   9251  8544  8498    1
 9385   9205  9251  8498    1
 9386   9252  8545  8544    1
 9387   9251  9252  8544    1
 9388   9253  8546  8545    1
 9389   9252  9253  8545    1
 9390   9254  9251  9205    1
 9391   9208  9254  9205    1
 9392   9255  9252  9251    1
 9393   9254  9255  9251    1
 9394   9256  9253  9252    1
 9395   9255  9256  9252    1
 9396   9257  9254  9208    1
 9397   9211  9257  9208    1
 9398   9258  9255  9254    1
 9399   9257  9258  9254    1
 9400   9259  9256  9255    1
 9401   9258  9259  9255    1
 9402   9260  9257  9211    1
 9403   9214  9260  9211    1
 9404   9261  9258  9257    1
 9405   9260  9261  9257    1
 9406   9262  9259  9258    1
 9407   9261  9262  9258    1
 9408   8556  9263  8510    1
 9409   9263  9217  8510    1
 9410   8557  9264  8556    1
 9411   9264  9263  8556    1
 9412   8558  9265  8557    1
 9413   9265  9264  8557    1
 9414   9263  9266  9217    1
 9415   9266  9220  9217    1
 9416   9264  9267  9263    1
 9417   9267  9266  9263    1
 9418   9265  9268  9264    1
 9419   9268  9267  9264    1
 9420   9266  9269  9220    1
 9421   9269  9223  9220    1
 9422   9267  9270  9266    1
 9423   9270  9269  9266    1
 9424   9268  9271  9267    1
 9425   9271  9270  9267    1
 9426   9269  9272  9223    1
 9427   9272  9226  9223    1
 9428   9270  9273  9269    1
 9429   9273  9272  9269    1
 9430   9271  9274  9270    1
 9431   9274  9273  9270    1
 9432   9299  8592  8546    1
 9433   9253  9299  8546    1
 9434   9300  8593  8592    1
 9435   9299  9300  8592    1
 9436   9301  8594  8593    1
 9437   9300  9301  8593    1
 9438   9302  9299  9253    1
 9439   9256  9302  9253    1
 9440   9303  9300  9299    1
 9441   9302  9303  9299    1
 9442   9304  9301  9300    1
 9443   9303  9304  9300    1
 9444   9305  9302  9256    1
 9445   9259  9305  9256    1
 9446   9306  9303  9302    1
 9447   9305  9306  9302    1
 9448   9307  9304  9303    1
 9449   9306  9307  9303    1
 9450   9308  9305  9259    1
 9451   9262  9308  9259    1
 9452   9309  9306  9305    1
 9453   9308  9309  9305    1
 9454   9310  9307  9306    1
 9455   9309  9310  9306    1
 9456   8601  9311  8558    1
 9457   9311  9265  8558    1
 9458   8602  9312  8601    1
 9459   9312  9311  8601    1
 9460   8268  9011  8602    1
 9461   9011  9312  8602    1
 9462   9311  9313  9265    1
 9463   9313  9268  9265    1
 9464   9312  9314  9311    1
 9465   9314  9313  9311    1
 9466   9011  9015  9312    1
 9467   9015  9314  9312    1
 9468   9313  9315  9268    1
 9469   9315  9271  9268    1
 9470   9314  9316  9313    1
 9471   9316  9315  9313    1
 9472   9015  9019  9314    1
 9473   9019  9316  9314    1
 9474   9315  9317  9271    1
 9475   9317  9274  9271    1
 9476   9316  9318  9315    1
 9477   9318  9317  9315    1
 9478   9019  9023  9316    1
 9479   9023  9318  9316    1
 9480   9335  8625  8594    1
 9481   9301  9335  8594    1
 9482   9336  8626  8625    1
 9483   9335  9336  8625    1
 9484   8675  7932  8626    1
 9485   9336  8675  8626    1
 9486   9337  9335  9301    1
 9487   9304  9337  9301    1
 9488   9338  9336  9335    1
 9489   9337  9338  9335    1
 9490   8679  8675  9336    1
 9491   9338  8679  9336    1
 9492   9339  9337  9304    1
 9493   9307  9339  9304    1
 9494   9340  9338  9337    1
 9495   9339  9340  9337    1
 9496   8683  8679  9338    1
 9497   9340  8683  9338    1
 9498   9341  9339  9307    1
 9499   9310  9341  9307    1
 9500   9342  9340  9339    1
 9501   9341  9342  9339    1
 9502   8687  8683  9340    1
 9503   9342  8687  9340    1
 9504   8640  9344  8639    1
 9505   9344  9343  8639    1
 9506   8641  9345  8640    1
 9507   9345  9344  8640    1
 9508   8642  9346  8641    1
 9509   9346  9345  8641    1
 9510   9344  9348  9343    1
 9511   9348  9347  9343    1
 9512   9345  9349  9344    1
 9513   9349  9348  9344    1
 9514   9346  9350  9345    1
 9515   9350  9349  9345    1
 9516   9348  9352  9347    1
 9517   9352  9351  9347    1
 9518   9349  9353  9348    1
 9519   9353  9352  9348    1
 9520   9350  9354  9349    1
 9521   9354  9353  9349    1
 9522   9352  9356  9351    1
 9523   9356  9355  9351    1
 9524   9355  9356  9371    1
 9525   9371  9356  9372    1
 9526   9353  9357  9352    1
 9527   9357  9356  9352    1
 9528   9356  9357  9372    1
 9529   9372  9357  9373    1
 9530   9354  9358  9353    1
 9531   9358  9357  9353    1
 9532   9357  9358  9373    1
 9533   9373  9358  9374    1
 9534   9371  9372  9387    1
 9535   9387  9372  9388    1
 9536   9372  9373  9388    1
 9537   9388  9373  9389    1
 9538   9373  9374  9389    1
 9539   9389  9374  9390    1
 9540   9392  8688  8687    1
 9541   9391  9392  8687    1
 9542   9393  8689  8688    1
 9543   9392  9393  8688    1
 9544   9394  8690  8689    1
 9545   9393  9394  8689    1
 9546   9396  9392  9391    1
 9547   9395  9396  9391    1
 9548   9397  9393  9392    1
 9549   9396  9397  9392    1
 9550   9398  9394  9393    1
 9551   9397  9398  9393    1
 9552   9400  9396  9395    1
 9553   9399  9400  9395    1
 9554   9401  9397  9396    1
 9555   9400  9401  9396    1
 9556   9402  9398  9397    1
 9557   9401  9402  9397    1
 9558   9387  9388  9403    1
 9559   9404  9400  9399    1
 9560   9403  9404  9399    1
 9561   9403  9388  9404    1
 9562   9388  9389  9404    1
 9563   9405  9401  9400    1
 9564   9404  9405  9400    1
 9565   9404  9389  9405    1
 9566   9389  9390  9405    1
 9567   9406  9402  9401    1
 9568   9405  9406  9401    1
 9569   9405  9390  9406    1
 9570   8700  9407  8642    1
 9571   9407  9346  8642    1
 9572   8701  9408  8700    1
 9573   9408  9407  8700    1
 9574   8702  9409  8701    1
 9575   9409  9408  8701    1
 9576   9407  9410  9346    1
 9577   9410  9350  9346    1
 9578   9408  9411  9407    1
 9579   9411  9410  9407    1
 9580   9409  9412  9408    1
 9581   9412  9411  9408    1
 9582   9410  9413  9350    1
 9583   9413  9354  9350    1
 9584   9411  9414  9410    1
 9585   9414  9413  9410    1
 9586   9412  9415  9411    1
 9587   9415  9414  9411    1
 9588   9413  9416  9354    1
 9589   9416  9358  9354    1
 9590   9358  9416  9374    1
 9591   9374  9416  9428    1
 9592   9414  9417  9413    1
 9593   9417  9416  9413    1
 9594   9416  9417  9428    1
 9595   9428  9417  9429    1
 9596   9415  9418  9414    1
 9597   9418  9417  9414    1
 9598   9417  9418  9429    1
 9599   9429  9418  9430    1
 9600   9374  9428  9390    1
 9601   9390  9428  9440    1
 9602   9428  9429  9440    1
 9603   9440  9429  9441    1
 9604   9429  9430  9441    1
 9605   9441  9430  9442    1
 9606   9443  8736  8690    1
 9607   9394  9443  8690    1
 9608   9444  8737  8736    1
 9609   9443  9444  8736    1
 9610   9445  8738  8737    1
 9611   9444  9445  8737    1
 9612   9446  9443  9394    1
 9613   9398  9446  9394    1
 9614   9447  9444  9443    1
 9615   9446  9447  9443    1
 9616   9448  9445  9444    1
 9617   9447  9448  9444    1
 9618   9449  9446  9398    1
 9619   9402  9449  9398    1
 9620   9450  9447  9446    1
 9621   9449  9450  9446    1
 9622   9451  9448  9447    1
 9623   9450  9451  9447    1
 9624   9390  9440  9406    1
 9625   9452  9449  9402    1
 9626   9406  9452  9402    1
 9627   9406  9440  9452    1
 9628   9440  9441  9452    1
 9629   9453  9450  9449    1
 9630   9452  9453  9449    1
 9631   9452  9441  9453    1
 9632   9441  9442  9453    1
 9633   9454  9451  9450    1
 9634   9453  9454  9450    1
 9635   9453  9442  9454    1
 9636   8748  9455  8702    1
 9637   9455  9409  8702    1
 9638   8749  9456  8748    1
 9639   9456  9455  8748    1
 9640   8750  9457  8749    1
 9641   9457  9456  8749    1
 9642   9455  9458  9409    1
 9643   9458  9412  9409    1
 9644   9456  9459  9455    1
 9645   9459  9458  9455    1
 9646   9457  9460  9456    1
 9647   9460  9459  9456    1
 9648   9458  9461  9412    1
 9649   9461  9415  9412    1
 9650   9459  9462  9458    1
 9651   9462  9461  9458    1
 9652   9460  9463  9459    1
 9653   9463  9462  9459    1
 9654   9461  9464  9415    1
 9655   9464  9418  9415    1
 9656   9418  9464  9430    1
 9657   9430  9464  9476    1
 9658   9462  9465  9461    1
 9659   9465  9464  9461    1
 9660   9464  9465  9476    1
 9661   9476  9465  9477    1
 9662   9463  9466  9462    1
 9663   9466  9465  9462    1
 9664   9465  9466  9477    1
 9665   9477  9466  9478    1
 9666   9430  9476  9442    1
 9667   9442  9476  9488    1
 9668   9476  9477  9488    1
 9669   9488  9477  9489    1
 9670   9477  9478  9489    1
 9671   9489  9478  9490    1
 9672   9491  8784  8738    1
 9673   9445  9491  8738    1
 9674   9492  8785  8784    1
 9675   9491  9492  8784    1
 9676   9493  8786  8785    1
 9677   9492  9493  8785    1
 9678   9494  9491  9445    1
 9679   9448  9494  9445    1
 9680   9495  9492  9491    1
 9681   9494  9495  9491    1
 9682   9496  9493  9492    1
 9683   9495  9496  9492    1
 9684   9497  9494  9448    1
 9685   9451  9497  9448    1
 9686   9498  9495  9494    1
 9687   9497  9498  9494    1
 9688   9499  9496  9495    1
 9689   9498  9499  9495    1
 9690   9442  9488  9454    1
 9691   9500  9497  9451    1
 9692   9454  9500  9451    1
 9693   9454  9488  9500    1
 9694   9488  9489  9500    1
 9695   9501  9498  9497    1
 9696   9500  9501  9497    1
 9697   9500  9489  9501    1
 9698   9489  9490  9501    1
 9699   9502  9499  9498    1
 9700   9501  9502  9498    1
 9701   9501  9490  9502    1
 9702   8796  9503  8750    1
 9703   9503  9457  8750    1
 9704   8797  9504  8796    1
 9705   9504  9503  8796    1
 9706   8798  9505  8797    1
 9707   9505  9504  8797    1
 9708   9503  9506  9457    1
 9709   9506  9460  9457    1
 9710   9504  9507  9503    1
 9711   9507  9506  9503    1
 9712   9505  9508  9504    1
 9713   9508  9507  9504    1
 9714   9506  9509  9460    1
 9715   9509  9463  9460    1
 9716   9507  9510  9506    1
 9717   9510  9509  9506    1
 9718   9508  9511  9507    1
 9719   9511  9510  9507    1
 9720   9509  9512  9463    1
 9721   9512  9466  9463    1
 9722   9466  9512  9478    1
 9723   9478  9512  9524    1
 9724   9510  9513  9509    1
 9725   9513  9512  9509    1
 9726   9512  9513  9524    1
 9727   9524  9513  9525    1
 9728   9511  9514  9510    1
 9729   9514  9513  9510    1
 9730   9513  9514  9525    1
 9731   9525  9514  9526    1
 9732   9478  9524  9490    1
 9733   9490  9524  9536    1
 9734   9524  9525  9536    1
 9735   9536  9525  9537    1
 9736   9525  9526  9537    1
 9737   9537  9526  9538    1
 9738   9539  8832  8786    1
 9739   9493  9539  8786    1
 9740   9540  8833  8832    1
 9741   9539  9540  8832    1
 9742   9541  8834  8833    1
 9743   9540  9541  8833    1
 9744   9542  9539  9493    1
 9745   9496  9542  9493    1
 9746   9543  9540  9539    1
 9747   9542  9543  9539    1
 9748   9544  9541  9540    1
 9749   9543  9544  9540    1
 9750   9545  9542  9496    1
 9751   9499  9545  9496    1
 9752   9546  9543  9542    1
 9753   9545  9546  9542    1
 9754   9547  9544  9543    1
 9755   9546  9547  9543    1
 9756   9490  9536  9502    1
 9757   9548  9545  9499    1
 9758   9502  9548  9499    1
 9759   9502  9536  9548    1
 9760   9536  9537  9548    1
 9761   9549  9546  9545    1
 9762   9548  9549  9545    1
 9763   9548  9537  9549    1
 9764   9537  9538  9549    1
 9765   9550  9547  9546    1
 9766   9549  9550  9546    1
 9767   9549  9538  9550    1
 9768   8844  9551  8798    1
 9769   9551  9505  8798    1
 9770   8845  9552  8844    1
 9771   9552  9551  8844    1
 9772   8846  9553  8845    1
 9773   9553  9552  8845    1
 9774   9551  9554  9505    1
 9775   9554  9508  9505    1
 9776   9552  9555  9551    1
 9777   9555  9554  9551    1
 9778   9553  9556  9552    1
 9779   9556  9555  9552    1
 9780   9554  9557  9508    1
 9781   9557  9511  9508    1
 9782   9555  9558  9554    1
 9783   9558  9557  9554    1
 9784   9556  9559  9555    1
 9785   9559  9558  9555    1
 9786   9557  9560  9511    1
 9787   9560  9514  9511    1
 9788   9514  9560  9526    1
 9789   9526  9560  9572    1
 9790   9558  9561  9557    1
 9791   9561  9560  9557    1
 9792   9560  9561  9572    1
 9793   9572  9561  9573    1
 9794   9559  9562  9558    1
 9795   9562  9561  9558    1
 9796   9561  9562  9573    1
 9797   9573  9562  9574    1
 9798   9526  9572  9538    1
 9799   9538  9572  9584    1
 9800   9572  9573  9584    1
 9801   9584  9573  9585    1
 9802   9573  9574  9585    1
 9803   9585  9574  9586    1
 9804   9587  8880  8834    1
 9805   9541  9587  8834    1
 9806   9588  8881  8880    1
 9807   9587  9588  8880    1
 9808   9589  8882  8881    1
 9809   9588  9589  8881    1
 9810   9590  9587  9541    1
 9811   9544  9590  9541    1
 9812   9591  9588  9587    1
 9813   9590  9591  9587    1
 9814   9592  9589  9588    1
 9815   9591  9592  9588    1
 9816   9593  9590  9544    1
 9817   9547  9593  9544    1
 9818   9594  9591  9590    1
 9819   9593  9594  9590    1
 9820   9595  9592  9591    1
 9821   9594  9595  9591    1
 9822   9538  9584  9550    1
 9823   9596  9593  9547    1
 9824   9550  9596  9547    1
 9825   9550  9584  9596    1
 9826   9584  9585  9596    1
 9827   9597  9594  9593    1
 9828   9596  9597  9593    1
 9829   9596  9585  9597    1
 9830   9585  9586  9597    1
 9831   9598  9595  9594    1
 9832   9597  9598  9594    1
 9833   9597  9586  9598    1
 9834   8892  9599  8846    1
 9835   9599  9553  8846    1
 9836   8893  9600  8892    1
 9837   9600  9599  8892    1
 9838   8894  9601  8893    1
 9839   9601  9600  8893    1
 9840   9599  9602  9553    1
 9841   9602  9556  9553    1
 9842   9600  9603  9599    1
 9843   9603  9602  9599    1
 9844   9601  9604  9600    1
 9845   9604  9603  9600    1
 9846   9602  9605  9556    1
 9847   9605  9559  9556    1
 9848   9603  9606  9602    1
 9849   9606  9605  9602    1
 9850   9604  9607  9603    1
 9851   9607  9606  9603    1
 9852   9605  9608  9559    1
 9853   9608  9562  9559    1
 9854   9562  9608  9574    1
 9855   9574  9608  9620    1
 9856   9606  9609  9605    1
 9857   9609  9608  9605    1
 9858   9608  9609  9620    1
 9859   9620  9609  9621    1
 9860   9607  9610  9606    1
 9861   9610  9609  9606    1
 9862   9609  9610  9621    1
 9863   9621  9610  9622    1
 9864   9574  9620  9586    1
 9865   9586  9620  9632    1
 9866   9620  9621  9632    1
 9867   9632  9621  9633    1
 9868   9621  9622  9633    1
 9869   9633  9622  9634    1
 9870   9635  8928  8882    1
 9871   9589  9635  8882    1
 9872   9636  8929  8928    1
 9873   9635  9636  8928    1
 9874   9637  8930  8929    1
 9875   9636  9637  8929    1
 9876   9638  9635  9589    1
 9877   9592  9638  9589    1
 9878   9639  9636  9635    1
 9879   9638  9639  9635    1
 9880   9640  9637  9636    1
 9881   9639  9640  9636    1
 9882   9641  9638  9592    1
 9883   9595  9641  9592    1
 9884   9642  9639  9638    1
 9885   9641  9642  9638    1
 9886   9643  9640  9639    1
 9887   9642  9643  9639    1
 9888   9586  9632  9598    1
 9889   9644  9641  9595    1
 9890   9598  9644  9595    1
 9891   9598  9632  9644    1
 9892   9632  9633  9644    1
 9893   9645  9642  9641    1
 9894   9644  9645  9641    1
 9895   9644  9633  9645    1
 9896   9633  9634  9645    1
 9897   9646  9643  9642    1
 9898   9645  9646  9642    1
 9899   9645  9634  9646    1
 9900   8940  9647  8894    1
 9901   9647  9601  8894    1
 9902   8941  9648  8940    1
 9903   9648  9647  8940    1
 9904   8942  9649  8941    1
 9905   9649  9648  8941    1
 9906   9647  9650  9601    1
 9907   9650  9604  9601    1
 9908   9648  9651  9647    1
 9909   9651  9650  9647    1
 9910   9649  9652  9648    1
 9911   9652  9651  9648    1
 9912   9650  9653  9604    1
 9913   9653  9607  9604    1
 9914   9651  9654  9650    1
 9915   9654  9653  9650    1
 9916   9652  9655  9651    1
 9917   9655  9654  9651    1
 9918   9653  9656  9607    1
 9919   9656  9610  9607    1
 9920   9610  9656  9622    1
 9921   9622  9656  9668    1
 9922   9654  9657  9653    1
 9923   9657  9656  9653    1
 9924   9656  9657  9668    1
 9925   9668  9657  9669    1
 9926   9655  9658  9654    1
 9927   9658  9657  9654    1
 9928   9657  9658  9669    1
 9929   9669  9658  9670    1
 9930   9622  9668  9634    1
 9931   9634  9668  9680    1
 9932   9668  9669  9680    1
 9933   9680  9669  9681    1
 9934   9669  9670  9681    1
 9935   9681  9670  9682    1
 9936   9683  8976  8930    1
 9937   9637  9683  8930    1
 9938   9684  8977  8976    1
 9939   9683  9684  8976    1
 9940   9685  8978  8977    1
 9941   9684  9685  8977    1
 9942   9686  9683  9637    1
 9943   9640  9686  9637    1
 9944   9687  9684  9683    1
 9945   9686  9687  9683    1
 9946   9688  9685  9684    1
 9947   9687  9688  9684    1
 9948   9689  9686  9640    1
 9949   9643  9689  9640    1
 9950   9690  9687  9686    1
 9951   9689  9690  9686    1
 9952   9691  9688  9687    1
 9953   9690  9691  9687    1
 9954   9634  9680  9646    1
 9955   9692  9689  9643    1
 9956   9646  9692  9643    1
 9957   9646  9680  9692    1
 9958   9680  9681  9692    1
 9959   9693  9690  9689    1
 9960   9692  9693  9689    1
 9961   9692  9681  9693    1
 9962   9681  9682  9693    1
 9963   9694  9691  9690    1
 9964   9693  9694  9690    1
 9965   9693  9682  9694    1
 9966   8985  9695  8942    1
 9967   9695  9649  8942    1
 9968   8986  9696  8985    1
 9969   9696  9695  8985    1
 9970   8639  9343  8986    1
 9971   9343  9696  8986    1
 9972   9695  9697  9649    1
 9973   9697  9652  9649    1
 9974   9696  9698  9695    1
 9975   9698  9697  9695    1
 9976   9343  9347  9696    1
 9977   9347  9698  9696    1
 9978   9697  9699  9652    1
 9979   9699  9655  9652    1
 9980   9698  9700  9697    1
 9981   9700  9699  9697    1
 9982   9347  9351  9698    1
 9983   9351  9700  9698    1
 9984   9699  9701  9655    1
 9985   9701  9658  9655    1
 9986   9658  9701  9670    1
 9987   9670  9701  9709    1
 9988   9700  9702  9699    1
 9989   9702  9701  9699    1
 9990   9701  9702  9709    1
 9991   9709  9702  9710    1
 9992   9351  9355  9700    1
 9993   9355  9702  9700    1
 9994   9702  9355  9710    1
 9995   9710  9355  9371    1
 9996   9670  9709  9682    1
 9997   9682  9709  9717    1
 9998   9709  9710  9717    1
 9999   9717  9710  9718    1
10000   9710  9371  9718    1
10001   9718  9371  9387    1
10002   9719  9009  8978    1
10003   9685  9719  8978    1
10004   9720  9010  9009    1
10005   9719  9720  9009    1
10006   9391  8687  9010    1
10007   9720  9391  9010    1
10008   9721  9719  9685    1
10009   9688  9721  9685    1
10010   9722  9720  9719    1
10011   9721  9722  9719    1
10012   9395  9391  9720    1
10013   9722  9395  9720    1
10014   9723  9721  9688    1
10015   9691  9723  9688    1
10016   9724  9722  9721    1
10017   9723  9724  9721    1
10018   9399  9395  9722    1
10019   9724  9399  9722    1
10020   9682  9717  9694    1
10021   9725  9723  9691    1
10022   9694  9725  9691    1
10023   9694  9717  9725    1
10024   9717  9718  9725    1
10025   9726  9724  9723    1
10026   9725  9726  9723    1
10027   9725  9718  9726    1
10028   9718  9387  9726    1
10029   9403  9399  9724    1
10030   9726  9403  9724    1
10031   9726  9387  9403    1
10032   9024  9728  9023    1
10033   9728  9727  9023    1
10034   9025  9729  9024    1
10035   9729  9728  9024    1
10036   9026  9730  9025    1
10037   9730  9729  9025    1
10038   9728  9732  9727    1
10039   9732  9731  9727    1
10040   9729  9733  9728    1
10041   9733  9732  9728    1
10042   9730  9734  9729    1
10043   9734  9733  9729    1
10044   9732  9736  9731    1
10045   9736  9735  9731    1
10046   9733  9737  9732    1
10047   9737  9736  9732    1
10048   9734  9738  9733    1
10049   9738  9737  9733    1
10050   9736  9740  9735    1
10051   9740  9739  9735    1
10052   9739  9740  9755    1
10053   9755  9740  9756    1
10054   9737  9741  9736    1
10055   9741  9740  9736    1
10056   9740  9741  9756    1
10057   9756  9741  9757    1
10058   9738  9742  9737    1
10059   9742  9741  9737    1
10060   9741  9742  9757    1
10061   9757  9742  9758    1
10062   9755  9756  9771    1
10063   9771  9756  9772    1
10064   9756  9757  9772    1
10065   9772  9757  9773    1
10066   9757  9758  9773    1
10067   9773  9758  9774    1
10068   9720  9010  8687    1
10069   9391  9720  8687    1
10070   9719  9009  9010    1
10071   9720  9719  9010    1
10072   9685  8978  9009    1
10073   9719  9685  9009    1
10074   9722  9720  9391    1
10075   9395  9722  9391    1
10076   9721  9719  9720    1
10077   9722  9721  9720    1
10078   9688  9685  9719    1
10079   9721  9688  9719    1
10080   9724  9722  9395    1
10081   9399  9724  9395    1
10082   9723  9721  9722    1
10083   9724  9723  9722    1
10084   9691  9688  9721    1
10085   9723  9691  9721    1
10086   9771  9772  9403    1
10087   9726  9724  9399    1
10088   9403  9726  9399    1
10089   9403  9772  9726    1
10090   9772  9773  9726    1
10091   9725  9723  9724    1
10092   9726  9725  9724    1
10093   9726  9773  9725    1
10094   9773  9774  9725    1
10095   9694  9691  9723    1
10096   9725  9694  9723    1
10097   9725  9774  9694    1
10098   9068  9775  9026    1
10099   9775  9730  9026    1
10100   9069  9776  9068    1
10101   9776  9775  9068    1
10102   9070  9777  9069    1
10103   9777  9776  9069    1
10104   9775  9778  9730    1
10105   9778  9734  9730    1
10106   9776  9779  9775    1
10107   9779  9778  9775    1
10108   9777  9780  9776    1
10109   9780  9779  9776    1
10110   9778  9781  9734    1
10111   9781  9738  9734    1
10112   9779  9782  9778    1
10113   9782  9781  9778    1
10114   9780  9783  9779    1
10115   9783  9782  9779    1
10116   9781  9784  9738    1
10117   9784  9742  9738    1
10118   9742  9784  9758    1
10119   9758  9784  9796    1
10120   9782  9785  9781    1
10121   9785  9784  9781    1
10122   9784  9785  9796    1
10123   9796  9785  9797    1
10124   9783  9786  9782    1
10125   9786  9785  9782    1
10126   9785  9786  9797    1
10127   9797  9786  9798    1
10128   9758  9796  9774    1
10129   9774  9796  9808    1
10130   9796  9797  9808    1
10131   9808  9797  9809    1
10132   9797  9798  9809    1
10133   9809  9798  9810    1
10134   9684  8977  8978    1
10135   9685  9684  8978    1
10136   9683  8976  8977    1
10137   9684  9683  8977    1
10138   9637  8930  8976    1
10139   9683  9637  8976    1
10140   9687  9684  9685    1
10141   9688  9687  9685    1
10142   9686  9683  9684    1
10143   9687  9686  9684    1
10144   9640  9637  9683    1
10145   9686  9640  9683    1
10146   9690  9687  9688    1
10147   9691  9690  9688    1
10148   9689  9686  9687    1
10149   9690  9689  9687    1
10150   9643  9640  9686    1
10151   9689  9643  9686    1
10152   9774  9808  9694    1
10153   9693  9690  9691    1
10154   9694  9693  9691    1
10155   9694  9808  9693    1
10156   9808  9809  9693    1
10157   9692  9689  9690    1
10158   9693  9692  9690    1
10159   9693  9809  9692    1
10160   9809  9810  9692    1
10161   9646  9643  9689    1
10162   9692  9646  9689    1
10163   9692  9810  9646    1
10164   9104  9811  9070    1
10165   9811  9777  9070    1
10166   9105  9812  9104    1
10167   9812  9811  9104    1
10168   9106  9813  9105    1
10169   9813  9812  9105    1
10170   9811  9814  9777    1
10171   9814  9780  9777    1
10172   9812  9815  9811    1
10173   9815  9814  9811    1
10174   9813  9816  9812    1
10175   9816  9815  9812    1
10176   9814  9817  9780    1
10177   9817  9783  9780    1
10178   9815  9818  9814    1
10179   9818  9817  9814    1
10180   9816  9819  9815    1
10181   9819  9818  9815    1
10182   9817  9820  9783    1
10183   9820  9786  9783    1
10184   9786  9820  9798    1
10185   9798  9820  9832    1
10186   9818  9821  9817    1
10187   9821  9820  9817    1
10188   9820  9821  9832    1
10189   9832  9821  9833    1
10190   9819  9822  9818    1
10191   9822  9821  9818    1
10192   9821  9822  9833    1
10193   9833  9822  9834    1
10194   9798  9832  9810    1
10195   9810  9832  9844    1
10196   9832  9833  9844    1
10197   9844  9833  9845    1
10198   9833  9834  9845    1
10199   9845  9834  9846    1
10200   9636  8929  8930    1
10201   9637  9636  8930    1
10202   9635  8928  8929    1
10203   9636  9635  8929    1
10204   9589  8882  8928    1
10205   9635  9589  8928    1
10206   9639  9636  9637    1
10207   9640  9639  9637    1
10208   9638  9635  9636    1
10209   9639  9638  9636    1
10210   9592  9589  9635    1
10211   9638  9592  9635    1
10212   9642  9639  9640    1
10213   9643  9642  9640    1
10214   9641  9638  9639    1
10215   9642  9641  9639    1
10216   9595  9592  9638    1
10217   9641  9595  9638    1
10218   9810  9844  9646    1
10219   9645  9642  9643    1
10220   9646  9645  9643    1
10221   9646  9844  9645    1
10222   9844  9845  9645    1
10223   9644  9641  9642    1
10224   9645  9644  9642    1
10225   9645  9845  9644    1
10226   9845  9846  9644    1
10227   9598  9595  9641    1
10228   9644  9598  9641    1
10229   9644  9846  9598    1
10230   9140  9847  9106    1
10231   9847  9813  9106    1
10232   9141  9848  9140    1
10233   9848  9847  9140    1
10234   9142  9849  9141    1
10235   9849  9848  9141    1
10236   9847  9850  9813    1
10237   9850  9816  9813    1
10238   9848  9851  9847    1
10239   9851  9850  9847    1
10240   9849  9852  9848    1
10241   9852  9851  9848    1
10242   9850  9853  9816    1
10243   9853  9819  9816    1
10244   9851  9854  9850    1
10245   9854  9853  9850    1
10246   9852  9855  9851    1
10247   9855  9854  9851    1
10248   9853  9856  9819    1
10249   9856  9822  9819    1
10250   9822  9856  9834    1
10251   9834  9856  9868    1
10252   9854  9857  9853    1
10253   9857  9856  9853    1
10254   9856  9857  9868    1
10255   9868  9857  9869    1
10256   9855  9858  9854    1
10257   9858  9857  9854    1
10258   9857  9858  9869    1
10259   9869  9858  9870    1
10260   9834  9868  9846    1
10261   9846  9868  9880    1
10262   9868  9869  9880    1
10263   9880  9869  9881    1
10264   9869  9870  9881    1
10265   9881  9870  9882    1
10266   9588  8881  8882    1
10267   9589  9588  8882    1
10268   9587  8880  8881    1
10269   9588  9587  8881    1
10270   9541  8834  8880    1
10271   9587  9541  8880    1
10272   9591  9588  9589    1
10273   9592  9591  9589    1
10274   9590  9587  9588    1
10275   9591  9590  9588    1
10276   9544  9541  9587    1
10277   9590  9544  9587    1
10278   9594  9591  9592    1
10279   9595  9594  9592    1
10280   9593  9590  9591    1
10281   9594  9593  9591    1
10282   9547  9544  9590    1
10283   9593  9547  9590    1
10284   9846  9880  9598    1
10285   9597  9594  9595    1
10286   9598  9597  9595    1
10287   9598  9880  9597    1
10288   9880  9881  9597    1
10289   9596  9593  9594    1
10290   9597  9596  9594    1
10291   9597  9881  9596    1
10292   9881  9882  9596    1
10293   9550  9547  9593    1
10294   9596  9550  9593    1
10295   9596  9882  9550    1
10296   9176  9883  9142    1
10297   9883  9849  9142    1
10298   9177  9884  9176    1
10299   9884  9883  9176    1
10300   9178  9885  9177    1
10301   9885  9884  9177    1
10302   9883  9886  9849    1
10303   9886  9852  9849    1
10304   9884  9887  9883    1
10305   9887  9886  9883    1
10306   9885  9888  9884    1
10307   9888  9887  9884    1
10308   9886  9889  9852    1
10309   9889  9855  9852    1
10310   9887  9890  9886    1
10311   9890  9889  9886    1
10312   9888  9891  9887    1
10313   9891  9890  9887    1
10314   9889  9892  9855    1
10315   9892  9858  9855    1
10316   9858  9892  9870    1
10317   9870  9892  9904    1
10318   9890  9893  9889    1
10319   9893  9892  9889    1
10320   9892  9893  9904    1
10321   9904  9893  9905    1
10322   9891  9894  9890    1
10323   9894  9893  9890    1
10324   9893  9894  9905    1
10325   9905  9894  9906    1
10326   9870  9904  9882    1
10327   9882  9904  9916    1
10328   9904  9905  9916    1
10329   9916  9905  9917    1
10330   9905  9906  9917    1
10331   9917  9906  9918    1
10332   9919  9212  8834    1
10333   9541  9919  8834    1
10334   9920  9213  9212    1
10335   9919  9920  9212    1
10336   9921  9214  9213    1
10337   9920  9921  9213    1
10338   9922  9919  9541    1
10339   9544  9922  9541    1
10340   9923  9920  9919    1
10341   9922  9923  9919    1
10342   9924  9921  9920    1
10343   9923  9924  9920    1
10344   9925  9922  9544    1
10345   9547  9925  9544    1
10346   9926  9923  9922    1
10347   9925  9926  9922    1
10348   9927  9924  9923    1
10349   9926  9927  9923    1
10350   9882  9916  9550    1
10351   9928  9925  9547    1
10352   9550  9928  9547    1
10353   9550  9916  9928    1
10354   9916  9917  9928    1
10355   9929  9926  9925    1
10356   9928  9929  9925    1
10357   9928  9917  9929    1
10358   9917  9918  9929    1
10359   9930  9927  9926    1
10360   9929  9930  9926    1
10361   9929  9918  9930    1
10362   9224  9931  9178    1
10363   9931  9885  9178    1
10364   9225  9932  9224    1
10365   9932  9931  9224    1
10366   9226  9933  9225    1
10367   9933  9932  9225    1
10368   9931  9934  9885    1
10369   9934  9888  9885    1
10370   9932  9935  9931    1
10371   9935  9934  9931    1
10372   9933  9936  9932    1
10373   9936  9935  9932    1
10374   9934  9937  9888    1
10375   9937  9891  9888    1
10376   9935  9938  9934    1
10377   9938  9937  9934    1
10378   9936  9939  9935    1
10379   9939  9938  9935    1
10380   9937  9940  9891    1
10381   9940  9894  9891    1
10382   9894  9940  9906    1
10383   9906  9940  9952    1
10384   9938  9941  9937    1
10385   9941  9940  9937    1
10386   9940  9941  9952    1
10387   9952  9941  9953    1
10388   9939  9942  9938    1
10389   9942  9941  9938    1
10390   9941  9942  9953    1
10391   9953  9942  9954    1
10392   9906  9952  9918    1
10393   9918  9952  9964    1
10394   9952  9953  9964    1
10395   9964  9953  9965    1
10396   9953  9954  9965    1
10397   9965  9954  9966    1
10398   9967  9260  9214    1
10399   9921  9967  9214    1
10400   9968  9261  9260    1
10401   9967  9968  9260    1
10402   9969  9262  9261    1
10403   9968  9969  9261    1
10404   9970  9967  9921    1
10405   9924  9970  9921    1
10406   9971  9968  9967    1
10407   9970  9971  9967    1
10408   9972  9969  9968    1
10409   9971  9972  9968    1
10410   9973  9970  9924    1
10411   9927  9973  9924    1
10412   9974  9971  9970    1
10413   9973  9974  9970    1
10414   9975  9972  9971    1
10415   9974  9975  9971    1
10416   9918  9964  9930    1
10417   9976  9973  9927    1
10418   9930  9976  9927    1
10419   9930  9964  9976    1
10420   9964  9965  9976    1
10421   9977  9974  9973    1
10422   9976  9977  9973    1
10423   9976  9965  9977    1
10424   9965  9966  9977    1
10425   9978  9975  9974    1
10426   9977  9978  9974    1
10427   9977  9966  9978    1
10428   9272  9979  9226    1
10429   9979  9933  9226    1
10430   9273  9980  9272    1
10431   9980  9979  9272    1
10432   9274  9981  9273    1
10433   9981  9980  9273    1
10434   9979  9982  9933    1
10435   9982  9936  9933    1
10436   9980  9983  9979    1
10437   9983  9982  9979    1
10438   9981  9984  9980    1
10439   9984  9983  9980    1
10440   9982  9985  9936    1
10441   9985  9939  9936    1
10442   9983  9986  9982    1
10443   9986  9985  9982    1
10444   9984  9987  9983    1
10445   9987  9986  9983    1
10446   9985  9988  9939    1
10447   9988  9942  9939    1
10448   9942  9988  9954    1
10449   9954  9988  10000    1
10450   9986  9989  9985    1
10451   9989  9988  9985    1
10452   9988  9989  10000    1
10453   10000  9989  10001    1
10454   9987  9990  9986    1
10455   9990  9989  9986    1
10456   9989  9990  10001    1
10457   10001  9990  10002    1
10458   9954  10000  9966    1
10459   9966  10000  10012    1
10460   10000  10001  10012    1
10461   10012  10001  10013    1
10462   10001  10002  10013    1
10463   10013  10002  10014    1
10464   10015  9308  9262    1
10465   9969  10015  9262    1
10466   10016  9309  9308    1
10467   10015  10016  9308    1
10468   10017  9310  9309    1
10469   10016  10017  9309    1
10470   10018  10015  9969    1
10471   9972  10018  9969    1
10472   10019  10016  10015    1
10473   10018  10019  10015    1
10474   10020  10017  10016    1
10475   10019  10020  10016    1
10476   10021  10018  9972    1
10477   9975  10021  9972    1
10478   10022  10019  10018    1
10479   10021  10022  10018    1
10480   10023  10020  10019    1
10481   10022  10023  10019    1
10482   9966  10012  9978    1
10483   10024  10021  9975    1
10484   9978  10024  9975    1
10485   9978  10012  10024    1
10486   10012  10013  10024    1
10487   10025  10022  10021    1
10488   10024  10025  10021    1
10489   10024  10013  10025    1
10490   10013  10014  10025    1
10491   10026  10023  10022    1
10492   10025  10026  10022    1
10493   10025  10014  10026    1
10494   9317  10027  9274    1
10495   10027  9981  9274    1
10496   9318  10028  9317    1
10497   10028  10027  9317    1
10498   9023  9727  9318    1
10499   9727  10028  9318    1
10500   10027  10029  9981    1
10501   10029  9984  9981    1
10502   10028  10030  10027    1
10503   10030  10029  10027    1
10504   9727  9731  10028    1
10505   9731  10030  10028    1
10506   10029  10031  9984    1
10507   10031  9987  9984    1
10508   10030  10032  10029    1
10509   10032  10031  10029    1
10510   9731  9735  10030    1
10511   9735  10032  10030    1
10512   10031  10033  9987    1
10513   10033  9990  9987    1
10514   9990  10033  10002    1
10515   10002  10033  10041    1
10516   10032  10034  10031    1
10517   10034  10033  10031    1
10518   10033  10034  10041    1
10519   10041  10034  10042    1
10520   9735  9739  10032    1
10521   9739  10034  10032    1
10522   10034  9739  10042    1
10523   10042  9739  9755    1
10524   10002  10041  10014    1
10525   10014  10041  10049    1
10526   10041  10042  10049    1
10527   10049  10042  10050    1
10528   10042  9755  10050    1
10529   10050  9755  9771    1
10530   10051  9341  9310    1
10531   10017  10051  9310    1
10532   10052  9342  9341    1
10533   10051  10052  9341    1
10534   9391  8687  9342    1
10535   10052  9391  9342    1
10536   10053  10051  10017    1
10537   10020  10053  10017    1
10538   10054  10052  10051    1
10539   10053  10054  10051    1
10540   9395  9391  10052    1
10541   10054  9395  10052    1
10542   10055  10053  10020    1
10543   10023  10055  10020    1
10544   10056  10054  10053    1
10545   10055  10056  10053    1
10546   9399  9395  10054    1
10547   10056  9399  10054    1
10548   10014  10049  10026    1
10549   10057  10055  10023    1
10550   10026  10057  10023    1
10551   10026  10049  10057    1
10552   10049  10050  10057    1
10553   10058  10056  10055    1
10554   10057  10058  10055    1
10555   10057  10050  10058    1
10556   10050  9771  10058    1
10557   9403  9399  10056    1
10558   10058  9403  10056    1
10559   10058  9771  9403    1
# Generated by tetgen -k uterus_scaffold_7.ele 
