13415  3  0  0
   0    25.123550550356381  1.1327639966018614  43.604164093320392
   1    25.317272928515241  1.1168960214083856  43.599295637659004
   2    25.507063645307902  1.062626890647296  43.587545334053338
   3    25.679108189565408  0.97617968192723559  43.57572221742933
   4    25.819592050118803  0.86377747285684614  43.570635322712882
   5    25.106057536545503  1.0613194609573173  42.396138694836495
   6    25.304272080320338  1.0484940121601363  42.387217098152888
   7    25.49533096000156  1.001089982158659  42.371092973277712
   8    25.667152969602746  0.9219285138139971  42.355296582818681
   9    25.807656903137509  0.81383074998726179  42.347358189383435
  10    25.058623335222638  0.99672898545558175  41.188890695130091
  11    25.267415300094797  0.98436518434978804  41.173773230195145
  12    25.462792382963595  0.9383541731824443  41.1540129909217
  13    25.635653061153633  0.86151113082664621  41.135461690420243
  14    25.776895811989547  0.75665123615548913  41.123971041801205
  15    24.981927266935163  0.93887641869885752  39.982932997186133
  16    25.201257833153083  0.92647751914129128  39.961526787524939
  17    25.400867715756029  0.8807666852931284  39.937926105608391
  18    25.574681659081499  0.80514922741124151  39.916415566819651
  19    25.716624407467009  0.70303045575250211  39.901279786541892
  20    24.876648652230458  0.8876456092893481  38.778778503989606
  21    25.100354924809693  0.87679899769859559  38.753040523881424
  22    25.300976759940905  0.83467474006518694  38.724453035960892
  23    25.474311958249775  0.76306449801384091  38.698356238602635
  24    25.616158320361961  0.66375993316927417  38.680090330181272
  25    25.112367033570919  1.5318426644012408  43.579442728880259
  26    25.389625578971913  1.5105861392567841  43.576852380528827
  27    25.656834293537997  1.4348752018532593  43.569646275003244
  28    25.900229942981866  1.310371134001828  43.562343420642229
  29    26.106049293016191  1.1427352175136498  43.559462825784472
  30    25.094917590207846  1.460548785410908  42.373960869059481
  31    25.374286626544308  1.4424573133770446  42.365567098639481
  32    25.641806969908131  1.3741836741543192  42.351393906686702
  33    25.884870488409373  1.2578537470197559  42.337527047583521
  34    26.090869050158066  1.0955934112503747  42.330052275712269
  35    25.047596232535366  1.3960919611601887  41.16920240568016
  36    25.33229834734712  1.3788057377150789  41.152454562032034
  37    25.602022270583941  1.3133468443301028  41.132663381649522
  38    25.845873097529353  1.2014527166126383  41.114065313823659
  39    26.052955923466889  1.0448607901700633  41.100896807845452
  40    24.971070132868938  1.3383566514875989  39.965679821483072
  41    25.2610377640972  1.3213853263719677  39.940534647012932
  42    25.532816630677708  1.2576624082543328  39.915030311494036
  43    25.77730612953799  1.1491253093835607  39.89160586823882
  44    25.98540565760559  0.99771144200851358  39.872700370559748
  45    24.866006463524023  1.2872273162316541  38.763905599209103
  46    25.157881899511427  1.2719499934487872  38.73282722988862
  47    25.429526485301736  1.2124280618007306  38.700070307822656
  48    25.673237943631456  1.1088287919356041  38.669796359705394
  49    25.881313997237076  0.96131945450152678  38.646166912231003
  50    25.101183516785461  1.9309213322006205  43.554721364440134
  51    25.461978229428581  1.904276257105183  43.554409123398663
  52    25.806604941768104  1.8071235130592234  43.551747215953156
  53    26.121351696398328  1.6445625860764208  43.548964623855142
  54    26.392506535913579  1.4216929621704537  43.548290328856083
  55    25.083777643870192  1.8597781098644988  42.351783043282495
  56    25.44430117276826  1.8364206145939526  42.343917099126095
  57    25.788282979814717  1.7472773661499796  42.331694840095707
  58    26.102588007215999  1.5937789802255142  42.319757512348403
  59    26.374081197178619  1.3773560725134888  42.312746362041139
  60    25.03656912984809  1.7954549368647961  41.149514116230222
  61    25.397181394599421  1.7732462910803704  41.131135893868937
  62    25.741252158204286  1.6883395154777621  41.111313772377351
  63    26.056093133905069  1.5413943023986312  41.092668937227074
  64    26.329016034944225  1.333070344184637  41.077822573889698
  65    24.960212998802714  1.7378368842763401  39.948426645780017
  66    25.32081769504131  1.7162931336026437  39.919542506500925
  67    25.664765545599387  1.6345581312155379  39.892134517379688
  68    25.979930599994486  1.493101391355879  39.866796169658016
  69    26.254186907744174  1.2923924282645254  39.844120954577612
  70    24.855364274817596  1.6868090231739603  38.749032694428607
  71    25.215408874213171  1.6671009891989796  38.712613935895824
  72    25.558076210662581  1.5901813835362746  38.675687579684421
  73    25.872163929013148  1.4545930858573679  38.641236480808168
  74    26.1464696741122  1.2588789758337795  38.612243494280754
  75    25.09  2.3300000000000001  43.530000000000001
  76    25.534330879885253  2.2979663749535817  43.531965866268479
  77    25.956375589998196  2.1793718242651869  43.533848156903062
  78    26.342473449814786  1.9787540381510134  43.53558582706804
  79    26.678963778810967  1.7006507068272576  43.537117831927681
  80    25.072637697532535  2.2590074343180895  42.329605217505481
  81    25.514315718992229  2.2303839158108607  42.322267099612674
  82    25.934758989721285  2.1203710581456403  42.311995773504705
  83    26.320305526022626  1.929704213431273  42.301987977113242
  84    26.657293344199172  1.659118733776602  42.295440448369966
  85    25.025542027160821  2.1948179125694036  41.129825826780291
  86    25.462064441851748  2.1676868444456625  41.109817225705818
  87    25.880482045824639  2.0633321866254208  41.089964163105172
  88    26.266313170280799  1.8813358881846234  41.071272560630497
  89    26.60507614642156  1.6212798981992109  41.054748339933951
  90    24.949355864736489  2.1373171170650815  39.931173470076956
  91    25.38059762598543  2.1112009408333203  39.89855036598891
  92    25.796714460521059  2.0114538541767426  39.869238723265326
  93    26.182555070450977  1.837077473328198  39.841986471077199
  94    26.522968157882755  1.587073414520537  39.815541538595461
  95    24.844722086111162  2.0863907301162663  38.734159789648103
  96    25.272935848914905  2.0622519849491714  38.692400641903014
  97    25.6866259360234  1.9679347052718179  38.651304851546186
  98    26.071089914394832  1.800357379779131  38.61267660191092
  99    26.411625350987318  1.5564384971660314  38.578320076330492
 100    25.927567041363019  0.71992872585814383  43.562978975861924
 101    26.008348542837204  0.54185545337848917  43.54541978013674
 102    26.057517391088751  0.33985105806454424  43.527725186416944
 103    26.070654422665054  0.12420894256297033  43.519662645582144
 104    25.918419671932483  0.67466971501533246  42.337930092025893
 105    26.004462292573638  0.50625627127829897  42.319137671031108
 106    26.058869716963571  0.31731831870209143  42.300720810853718
 107    26.074726897004894  0.11658375721263892  42.292419395948336
 108    25.888627576478093  0.62066679991685292  41.111392047075796
 109    25.974883606466733  0.45780497041724882  41.091529828730415
 110    26.029454845541281  0.28191318286772599  41.073167280588855
 111    26.046132237287516  0.10683887247933241  41.065087296474779
 112    25.828941025163878  0.56969809237798674  39.88551806423721
 113    25.914565351032465  0.41123392020363231  39.864516022076046
 114    25.968455291324069  0.24723434076861472  39.846137759505083
 115    25.985568752289975  0.097295755612107848  39.838247375970866
 116    25.730110288153885  0.53354170421401514  38.662461366735712
 117    25.8184603927868  0.38127549004574357  38.640016019909325
 118    25.875053568814156  0.22688048261192473  38.620705411485154
 119    25.893734750789342  0.09027587386002156  38.612480663246025
 120    26.267220737638851  0.93202377643118062  43.55477166294245
 121    26.383761324358829  0.6823094908893429  43.543364432018642
 122    26.4525407991555  0.40527817683800221  43.53175113243698
 123    26.470428908008255  0.11261565022702265  43.526441763621364
 124    26.255392378227246  0.89060614292238172  42.32228836703208
 125    26.378308254256975  0.6509769854547125  42.308133106941867
 126    26.45342563420774  0.38615416913849521  42.29454076398379
 127    26.474553474040075  0.10558592426485504  42.288465606700001
 128    26.219640644447427  0.84529695413709549  41.087958407579777
 129    26.345114105482306  0.61208163334999144  41.071245691692006
 130    26.422706825295787  0.3583440669684379  41.056787661674377
 131    26.445749322612151  0.097213494152122965  41.050613319019007
 132    26.153846288861185  0.80304309407846441  39.854549015921009
 133    26.280985273101372  0.57508013274928671  39.835194226102956
 134    26.360161270977724  0.33126633907976011  39.819785890893009
 135    26.384712943141814  0.089045494128662347  39.813473900078442
 136    26.051890064030349  0.77079144674962974  38.624827423391338
 137    26.182728152180729  0.54942918182670797  38.602470750008607
 138    26.265565869811621  0.31433945422439125  38.584829517024005
 139    26.292140825046399  0.082629058434308233  38.577636349378466
 140    26.60687443391468  1.1441188270042171  43.546564350022983
 141    26.759174105880447  0.82276352840019673  43.541309083900558
 142    26.847564207222256  0.47070529561146024  43.535777078457016
 143    26.87020339335146  0.10102235789107497  43.533220881660583
 144    26.592365084522019  1.106542570829431  42.306646642038288
 145    26.752154215940312  0.79569769963112658  42.297128542852654
 146    26.847981551451905  0.45499001957489899  42.288360717113875
 147    26.874380051075256  0.094588091317071119  42.284511817451673
 148    26.550653712416754  1.0699271083573383  41.064524768083743
 149    26.715344604497872  0.76635829628273355  41.050961554653597
 150    26.815958805050311  0.43477495106915004  41.040408042759886
 151    26.845366407936794  0.087588115824913521  41.036139341563221
 152    26.478751552558474  1.036388095778942  39.823579967604807
 153    26.647405195170268  0.73892634529494128  39.805872430129874
 154    26.751867250631385  0.41529833739090538  39.793434022280927
 155    26.78385713399366  0.080795232645216847  39.788700424186032
 156    26.37366983990681  1.0080411892852448  38.587193480046949
 157    26.546995911574648  0.71758287360767214  38.564925480107924
 158    26.656078170809089  0.40179842583685765  38.548953622562856
 159    26.69054689930347  0.074982243008594948  38.542792035510892
 160    26.946528130190508  1.3562138775772539  43.538357037103509
 161    27.134586887402072  0.96321756591105057  43.539253735782452
 162    27.242587615289004  0.53613241438491821  43.539803024477052
 163    27.269977878694661  0.089429065555127307  43.539999999699802
 164    26.929337790816785  1.3224789987364798  42.291004917044496
 165    27.126000177623645  0.94041841380754032  42.28612397876342
 166    27.242537468696071  0.52382587001130265  42.282180670243967
 167    27.274206628110434  0.083590258369287268  42.280558028203338
 168    26.881666780386084  1.294557262577581  41.041091128587738
 169    27.085575103513445  0.92063495921547633  41.030677417615166
 170    27.209210784804824  0.51120583516986196  41.024028423845408
 171    27.244983493261433  0.077962737497704077  41.021665364107442
 172    26.803656816255781  1.2697330974794196  39.792610919288613
 173    27.013825117239179  0.90277255784059574  39.776550634156777
 174    27.143573230285039  0.49933033570205071  39.767082153668845
 175    27.183001324845502  0.072544971161771332  39.763926948293616
 176    26.695449615783268  1.2452909318208591  38.549559536702581
 177    26.911263670968573  0.88573656538863643  38.527380210207191
 178    27.04659047180655  0.48925739744932389  38.513077728101692
 179    27.088952973560527  0.067335427582881635  38.507947721643333
 180    26.038951778531555  -0.10166584443736532  43.525623757434417
 181    25.960990745679506  -0.33073172948882013  43.538656308544716
 182    25.84343587969499  -0.5472405228065691  43.551512029945755
 183    25.69295173616408  -0.73544403460578722  43.556942652670294
 184    26.042204696316617  -0.093909153020915043  42.298751662698116
 185    25.961719782543494  -0.30865235552382558  42.312861057527243
 186    25.841725813626699  -0.51371325591176131  42.327425279951548
 187    25.690676447507368  -0.69515925980039017  42.335122029486918
 188    26.014924021277839  -0.077431018760938289  41.071195994720654
 189    25.93574398949643  -0.27742196142305187  41.08538620531872
 190    25.817241414146675  -0.47405513913139846  41.101420889581711
 191    25.668065567431942  -0.64825173551036774  41.113063008822508
 192    25.955988466934439  -0.061280437617335447  39.844141011830864
 193    25.878803998290945  -0.24768362660005461  39.858430751657515
 194    25.762483497654426  -0.43705358779021469  39.875954611218845
 195    25.615495116319835  -0.60453009764198029  39.891550606283097
 196    25.86427674680564  -0.054506405550006923  38.618770972357488
 197    25.78664044067968  -0.23008043046838975  38.634193696281955
 198    25.669952880549484  -0.41149601721294427  38.653482197245545
 199    25.523341114553119  -0.57380298210148806  38.671369837474678
 200    26.429640915136506  -0.18855108419921984  43.530354791549463
 201    26.329326403899  -0.48786064383286137  43.538854862359294
 202    26.176756598984067  -0.76877564592880343  43.547121245715154
 203    25.979202725080047  -1.0147587077419478  43.55033321128132
 204    26.432579958578668  -0.18306304410897031  42.293268374822034
 205    26.328844575240566  -0.46907223945196486  42.304079948562077
 206    26.172833233874766  -0.73840974426233363  42.315509807183012
 207    25.974031844330241  -0.9770436410382799  42.322167429947726
 208    26.404322036718725  -0.1715584386886666  41.055530172627513
 209    26.300000369142825  -0.44516334211325898  41.067371698345667
 210    26.143357281968591  -0.70588686241638587  41.081705848081441
 211    25.944965737280175  -0.93601464589278027  41.094100573742871
 212    26.344165577880613  -0.16038247323888763  39.818518101986619
 213    26.239991746408265  -0.42275583887662938  39.831418757871901
 214    26.083451033766956  -0.67603812880406711  39.84868637691153
 215    25.885803024998904  -0.89819286904070572  39.86683146828284
 216    26.251409010388304  -0.15588035306021231  38.583610079920042
 217    26.146016667839415  -0.4084716168019632  38.598909773302587
 218    25.988236779771302  -0.65369467183848329  38.619428402174378
 219    25.790342328555511  -0.87009945721731341  38.641058939183793
 220    26.820330051741461  -0.27543632396107443  43.535085825664503
 221    26.697662062118489  -0.64498955817690262  43.539053416173893
 222    26.510077318273144  -0.99031076905103776  43.542730461484545
 223    26.26545371399601  -1.294073380878108  43.543723769892345
 224    26.822955220840726  -0.27221693519702556  42.287785086945952
 225    26.695969367937636  -0.62949212338010418  42.295298839596903
 226    26.503940654122829  -0.9631062326129054  42.303594334414448
 227    26.257387241153101  -1.2589280222761698  42.309212830408569
 228    26.793720052159621  -0.26568585861639482  41.039864350534344
 229    26.664256748789214  -0.61290472280346597  41.049357191372621
 230    26.469473149790502  -0.9377185857013739  41.061990806581157
 231    26.2218659071284  -1.2237775562751929  41.07513813866322
 232    26.732342688826812  -0.25948450886043972  39.792895192142375
 233    26.601179494525585  -0.59782805115320414  39.804406764086323
 234    26.404418569879489  -0.91502266981791991  39.821418142604202
 235    26.156110933677972  -1.1918556404394314  39.842112330282589
 236    26.638541273970958  -0.25725430057041776  38.548449187482603
 237    26.505392894999154  -0.5868628031355364  38.563625850323255
 238    26.306520678993124  -0.89589332646402176  38.585374607103191
 239    26.05734354255792  -1.1663959323331385  38.610748040892894
 240    27.211019188346409  -0.36232156372292901  43.539816859779549
 241    27.065997720337982  -0.80211847252094381  43.53925196998847
 242    26.843398037562224  -1.2118458921732718  43.538339677253944
 243    26.551704702911977  -1.5733880540142686  43.537114328503364
 244    27.213330483102766  -0.36137082628508083  42.282301799069856
 245    27.063094160634702  -0.78991200730824362  42.286517730631736
 246    26.835048074370889  -1.1878027209634776  42.291678861645927
 247    26.540742637975967  -1.54081240351406  42.29625823086937
 248    27.1831180676005  -0.35981327854412315  41.024198528441211
 249    27.028513128435598  -0.78064610349367269  41.031342684399554
 250    26.795589017612425  -1.1695503089863613  41.04227576508088
 251    26.498766076976633  -1.5115404666576058  41.056175703583577
 252    27.120519799772978  -0.35858654448199179  39.767272282298151
 253    26.962367242642902  -0.77290026342977891  39.77739477030071
 254    26.725386105992015  -1.1540072108317725  39.794149908296887
 255    26.426418842357045  -1.485518411838157  39.817393192282331
 256    27.025673537553615  -0.35862824808062321  38.513288295045143
 257    26.864769122158894  -0.76525398946910994  38.528341927343895
 258    26.624804578214942  -1.1380919810895611  38.551320812032024
 259    26.324344756560304  -1.462692407448964  38.580437142602015
 260    25.508292258058525  -0.89147746622156299  43.564009858590282
 261    25.297087996683047  -1.0158438232924452  43.580380958931869
 262    25.079318420123254  -1.0993466224887978  43.596716128759162
 263    24.874962996464724  -1.1327893804809854  43.603675543136319
 264    25.508208585149891  -0.84422425186298111  42.345572016917146
 265    25.29990047054164  -0.95821055164647917  42.366475712490086
 266    25.0831177761583  -1.0322882170770642  42.387630454917876
 267    24.875226174475557  -1.0616273060809183  42.398833582912694
 268    25.488682609933058  -0.78985924047867406  41.127841649502763
 269    25.282925388680919  -0.89833019005991399  41.151867429225192
 270    25.064493205554019  -0.96899333703579904  41.17677560601458
 271    24.847085362430839  -0.99717743418804128  41.194201437895764
 272    25.439195115360619  -0.73922323249948807  39.910705654991915
 273    25.235984501162932  -0.84337368924214029  39.937958579376591
 274    25.015898542990808  -0.91181717512699501  39.966725251040373
 275    24.788972510108252  -0.93938939741111149  39.990421541586407
 276    25.349226884385146  -0.70315702835626981  38.694050932029391
 277    25.148899558049699  -0.80051199990254807  38.726151633183697
 278    24.929787623149043  -0.8631149241126459  38.760053058986252
 279    24.699319567285468  -0.88821282835888793  38.788136327485532
 280    25.73808939036449  -1.2195403210871252  43.554541201478202
 281    25.462776166710746  -1.3809314228161385  43.564875177529871
 282    25.172436724350842  -1.4885152977393468  43.575133687306192
 283    24.886244733516797  -1.5318752306671088  43.579115278677094
 284    25.734638423641155  -1.174168938326126  42.331357198800561
 285    25.462006134008757  -1.3244231151100241  42.348707517833517
 286    25.17335360303262  -1.421937959544928  42.366313899531356
 287    24.885899458312334  -1.4608452597857904  42.376271856378793
 288    25.707640048745063  -1.1241102282555424  41.109521683473915
 289    25.437130440810257  -1.2670543670424883  41.1319050983031
 290    25.148413741729058  -1.3596085412854237  41.155273939465573
 291    24.856466779754772  -1.3965342300161532  41.173651328196605
 292    25.650572032687183  -1.0777967151790311  39.888489894570597
 293    25.382244427402668  -1.2146143691104478  39.915919551688631
 294    25.093522881169097  -1.3033914263028377  39.945063998808429
 295    24.797110066010227  -1.3388734822240809  39.971866795101455
 296    25.55691214247846  -1.0436609234002467  38.667717071162961
 297    25.291443434073393  -1.1728923118108177  38.702202510740193
 298    25.004586762081686  -1.2551509979391726  38.738734269259396
 299    24.706992685244803  -1.2877943572754578  38.771531358064379
 300    25.967886522670462  -1.5476031759526874  43.545072544366128
 301    25.628464336738446  -1.746019022339832  43.549369396127879
 302    25.265555028578436  -1.877683972989896  43.553551245853235
 303    24.897526470568884  -1.930961080853232  43.554555014217897
 304    25.961068262132425  -1.5041136247892708  42.317142380683975
 305    25.624111797475884  -1.6906356785735697  42.330939323176977
 306    25.263589429906958  -1.8115877020127917  42.344997344144815
 307    24.896572742149132  -1.8600632134906618  42.353710129844913
 308    25.926597487557082  -1.4583612160324111  41.09120171744506
 309    25.591335492939596  -1.6357785440250632  41.111942767381009
 310    25.232334277904094  -1.7502237455350484  41.13377227291658
 311    24.865848197078726  -1.7958910258442657  41.15310121849744
 312    25.861948950013762  -1.4163701978585737  39.866274134149272
 313    25.528504353642401  -1.5858550489787551  39.893880524000672
 314    25.171147219347386  -1.6949656774786801  39.923402746576507
 315    24.805247621912223  -1.7383575670370512  39.953312048616525
 316    25.764597400571777  -1.3841648184442237  38.641383210296553
 317    25.433987310097084  -1.5452726237190881  38.678253388296675
 318    25.079385901014341  -1.6471870717657  38.717415479532562
 319    24.714665803204149  -1.6873758861920274  38.75492638864327
 320    26.197683654976426  -1.8756660308182496  43.535603887254048
 321    25.794152506766146  -2.1111066218635259  43.533863614725874
 322    25.358673332806031  -2.266852648240445  43.531968804400272
 323    24.908808207620957  -2.3300469310393561  43.529994749758671
 324    26.187498100623685  -1.8340583112524156  42.302927562567405
 325    25.786217460943003  -2.0568482420371157  42.313171128520409
 326    25.353825256781288  -2.2012374444806544  42.323680788758317
 327    24.907246025985909  -2.2592811671955344  42.331148403311033
 328    26.145554926369087  -1.7926122038092791  41.072881751416212
 329    25.745540545068941  -2.0045027210076372  41.091980436458904
 330    25.316254814079141  -2.1408389497846723  41.112270606367588
 331    24.875229614402659  -2.1952478216723788  41.132551108798275
 332    26.073325867340326  -1.7549436805381162  39.844058373727968
 333    25.674764279882133  -1.9570957288470632  39.871841496312697
 334    25.248771557525679  -2.0865399286545228  39.901741494344577
 335    24.813385177814194  -2.137841651850021  39.934757302131587
 336    25.972282658665097  -1.7246687134882004  38.61504934943013
 337    25.576531186120775  -1.9176529356273579  38.65430426585317
 338    25.154185039946992  -2.0392231455922274  38.696096689805707
 339    24.722338921163495  -2.0869574151085981  38.738321419222125
 340    24.681422729280342  -1.1168772356237979  43.597544465781127
 341    24.491900790474798  -1.0625656528897109  43.585095224276884
 342    24.320079900631363  -0.97603363887561589  43.572718589485881
 343    24.17964278033331  -0.86346020017840486  43.566805332270455
 344    24.677068382413111  -1.0486592999566422  42.397656748872166
 345    24.485990156667597  -1.0009814561610371  42.391533907788379
 346    24.314111729379984  -0.92151249685758918  42.385055852265147
 347    24.173553332691291  -0.81317114420978287  42.382813374906291
 348    24.638066259503539  -0.98475926963561911  41.200273756639156
 349    24.442018138997209  -0.93863567149546867  41.200038594962052
 350    24.268467065839552  -0.86166545254623694  41.198507012309555
 351    24.126939104958318  -0.75670742556657211  41.200690068126747
 352    24.56915442795923  -0.92705198760558327  40.003876705164537
 353    24.368273542306987  -0.88145064410597318  40.009823345405913
 354    24.193186952894195  -0.80594717449604414  40.01353235813594
 355    24.050751759463573  -0.70390338635956007  40.020274639180052
 356    24.475070955187793  -0.87741229681138877  38.80694681053081
 357    24.273045171440295  -0.83534871920551945  38.820102218728039
 358    24.098312433428067  -0.76381233126149595  38.830592178261234
 359    23.955942958536209  -0.66459336869953378  38.841406315314345
 360    24.609062450935333  -1.5105294197614627  43.574372395640054
 361    24.342062295471827  -1.4347073453764838  43.565445586573702
 362    24.098883180566318  -1.310059215610585  43.556615555919599
 363    23.893164019658844  -1.1422352385621803  43.552163008119358
 364    24.606507489663645  -1.4426133410408242  42.377831497680688
 365    24.338970723977567  -1.3740911626648624  42.376925360265439
 366    24.095901644466522  -1.2574814640327954  42.375672597903034
 367    23.889912734343007  -1.0949869845195104  42.376192364363568
 368    24.571538626589867  -1.3791893353348381  41.184217999634761
 369    24.301336593043807  -1.3136071430610641  41.190268588351202
 370    24.057024866030325  -1.2015622078057737  41.194997064729847
 371    23.849767632463202  -1.0448290841799099  41.201597399154593
 372    24.506729692556114  -1.3219433128425726  39.991534977590398
 373    24.234047112449463  -1.2582620493905272  40.004750150450548
 374    23.988677459232946  -1.1497428202315549  40.01566772358219
 375    23.780235866449239  -0.99829875372926713  40.028443106885746
 376    24.414654518404475  -1.2725611837630939  38.797785507635886
 377    24.141989491973451  -1.2130626444786903  38.819644926183052
 378    23.897284038049637  -1.1094646746121732  38.838763341642327
 379    23.688824588730885  -0.96193320935346993  38.856794481950224
 380    24.536702172590331  -1.9041816038991275  43.551200325498989
 381    24.192223800468859  -1.8068490378632565  43.54579594887052
 382    23.877686460501273  -1.6440847923455544  43.540512522353318
 383    23.606685258984378  -1.4210102769459556  43.537520683968275
 384    24.535946596914183  -1.8365673821250055  42.358006246489239
 385    24.19195129128752  -1.7472008691686878  42.362316812742492
 386    23.877691559553057  -1.5934504312080016  42.366289343540949
 387    23.606272135994725  -1.3768028248292379  42.369571353820881
 388    24.505010993676208  -1.7736194010340567  41.168162242630359
 389    24.160655047090408  -1.6885786146266599  41.180498581740345
 390    23.845582666221091  -1.5414589630653108  41.191487117150139
 391    23.572596159968082  -1.3329507427932477  41.202504730182461
 392    24.444304957153005  -1.7168346380795614  39.979193250016287
 393    24.09982068259195  -1.6350734546750807  39.999676955495154
 394    23.78416796557169  -1.4935384659670656  40.017803089028426
 395    23.509719973434887  -1.2926941210989742  40.03661157459144
 396    24.354238081621158  -1.6677100707147987  38.788624204740977
 397    24.010933812506622  -1.5907765697518608  38.81918763363803
 398    23.696255642671208  -1.4551170179628503  38.846934505023398
 399    23.421706218925561  -1.2592730500074061  38.87218264858609
 400    24.464341894245322  -2.2978337880367925  43.528028255357917
 401    24.042385305465885  -2.1789907303500295  43.526146311167338
 402    23.656489740436228  -1.9781103690805231  43.524409488787043
 403    23.320206498309911  -1.6997853153297315  43.522878359817177
 404    24.465385704164717  -2.2305214232091877  42.338180995297769
 405    24.044931858597486  -2.1203105756725131  42.347708265219552
 406    23.659481474639598  -1.9294193983832075  42.356906089178835
 407    23.322631537646451  -1.6586186651389656  42.36295034327815
 408    24.438483360762547  -2.1680494667332755  41.152106485625971
 409    24.019973501136999  -2.0635500861922553  41.170728575129495
 410    23.634140466411857  -1.8813557183248477  41.187977169570438
 411    23.29542468747297  -1.6210724014065854  41.203412061210315
 412    24.381880221749888  -2.1117259633165508  39.966851522442141
 413    23.965594252734427  -2.0118848599596353  39.994603760539789
 414    23.579658471910442  -1.8373341117025763  40.019938454474683
 415    23.239204080420549  -1.5870894884686815  40.044780042297134
 416    24.293821644837845  -2.0628589576665037  38.779462901846053
 417    23.879878133039771  -1.9684904950250313  38.818730341093044
 418    23.495227247292782  -1.8007693613135272  38.855105668404498
 419    23.154587849120237  -1.5566128906613428  38.887570815221963
 420    24.07174356538566  -0.71940997848930266  43.557547555564057
 421    23.991250825570717  -0.54120558243808048  43.537896271162019
 422    23.942418932437697  -0.3391629690294507  43.518380613219392
 423    23.929502257535813  -0.12359809526812515  43.50952971589119
 424    24.062606674354004  -0.67389746060565259  42.376565592925822
 425    23.976222510360405  -0.50547476171539729  42.360991606738907
 426    23.921509645211181  -0.31658664962574923  42.345062183750834
 427    23.905576883407022  -0.11591672642343964  42.337748091366876
 428    24.014689826957859  -0.62062781782132159  41.198739766249034
 429    23.92722839251806  -0.4576333752434642  41.187021917887876
 430    23.871461251680021  -0.28159368861384637  41.173868293552317
 431    23.854294854484859  -0.10637834871331331  41.167610663751383
 432    23.937635691681585  -0.5704805116756867  40.022674205075589
 433    23.850055812535206  -0.41173217125572176  40.014927747415349
 434    23.794193221747992  -0.2473587559316284  40.004665174607489
 435    23.776229019043488  -0.097060656535369216  39.999516395060127
 436    23.841086937009546  -0.53433500370812537  38.846973038947382
 437    23.750492110903402  -0.38182189798560995  38.843649638127758
 438    23.691625025318867  -0.22705652151698108  38.837319058899936
 439    23.671952225357039  -0.090041344287230318  38.833864247308419
 440    23.732106942381954  -0.93133485392826354  43.545578360988287
 441    23.615831984633843  -0.68149311614615948  43.532178920951388
 442    23.547354919252992  -0.40441365542477881  43.518985725364693
 443    23.529691519077907  -0.1118001019730307  43.513019811584236
 444    23.725327811239417  -0.88985110423344493  42.373401650294774
 445    23.602266939575006  -0.65014039997266848  42.364513316443499
 446    23.527036972742486  -0.38529240614651911  42.355090321728206
 447    23.505944764134576  -0.10474465716433334  42.350695625067381
 448    23.682785107817846  -0.8451113668830269  41.204604482816649
 449    23.556595275946925  -0.61170869390177274  41.200033101560109
 450    23.478308976330055  -0.35778968477773415  41.193297067748276
 451    23.455037048446883  -0.096522959052495333  41.189810193744442
 452    23.611293587300782  -0.80346646124057708  40.037309988631065
 453    23.482938058708424  -0.57519979554066825  40.0371919607447
 454    23.40255868979229  -0.33103774712056283  40.033279288611759
 455    23.377544889672556  -0.088519306471281062  40.030762237617402
 456    23.517668004871744  -0.77126720666966297  38.869641297815221
 457    23.385416352818353  -0.54961550249654967  38.87444357844069
 458    23.301173872905789  -0.31416884897714348  38.874710309505396
 459    23.274044805469256  -0.082117998254454927  38.873950476688051
 460    23.392470319378248  -1.1432597293672244  43.533609166412518
 461    23.240413143696962  -0.82178064985423871  43.52646157074075
 462    23.152290906068288  -0.46966434182010663  43.519590837509995
 463    23.129880780619995  -0.10000210867793624  43.516509907277275
 464    23.38804894812484  -1.1058047478612374  42.370237707663726
 465    23.228311368789615  -0.79480603822993945  42.368035026148078
 466    23.132564300273796  -0.4539981626672891  42.36511845970557
 467    23.106312644862125  -0.093572587905227073  42.363643158767864
 468    23.350880388677844  -1.0695949159447322  41.210469199384249
 469    23.185962159375794  -0.76578401256008177  41.213044285232336
 470    23.085156700980086  -0.43398568094162193  41.212725841944263
 471    23.05577924240891  -0.086667569391677357  41.212009723737523
 472    23.284951482919979  -1.0364524108054674  40.051945772186556
 473    23.115820304881641  -0.73866741982561512  40.059456174074015
 474    23.010924157836602  -0.41471673830949718  40.061893402616015
 475    22.978860760301618  -0.079977956407192907  40.062008080174657
 476    23.194249072733964  -1.0081994096312008  38.892309556683038
 477    23.020340594733305  -0.7174091070074895  38.905237518753609
 478    22.910722720492718  -0.40128117643730588  38.91210156011082
 479    22.876137385581465  -0.074194652221679536  38.914036706067677
 480    23.052833696374545  -1.3551846048061853  43.521639971836755
 481    22.864994302760081  -0.96206818356231782  43.520744220530112
 482    22.75722689288358  -0.53491502821543491  43.520195949655289
 483    22.73007004216209  -0.088204115382841675  43.520000002970313
 484    23.050770085010257  -1.3217583914890287  42.367073765032686
 485    22.85435579800421  -0.93947167648721086  42.371556735852678
 486    22.738091627805094  -0.52270391918805925  42.375146597682949
 487    22.706680525589679  -0.082400518646120663  42.376590692468376
 488    23.018975669537831  -1.2940784650064376  41.216333915951871
 489    22.815329042804663  -0.91985933121839036  41.226055468904569
 490    22.692004425630124  -0.51018167710550999  41.2321546161402
 491    22.656521436370941  -0.076812179730859229  41.234209253730569
 492    22.95860937853918  -1.2694383603703574  40.06658155574204
 493    22.748702551054855  -0.90213504411056167  40.081720387403337
 494    22.619289625880903  -0.49839572949843197  40.090507516620271
 495    22.580176630930684  -0.071436606343104642  40.093253922731925
 496    22.870830140596169  -1.2451316125927379  38.914977815550884
 497    22.655264836648239  -0.88520271151842933  38.936031459066527
 498    22.52027156807965  -0.48839350389746838  38.949492810716265
 499    22.478229965693679  -0.066271306188904033  38.954122935447259
 500    23.961279636956476  0.10220031876811476  43.516097408455295
 501    24.039273028506376  0.33128378721807478  43.530627612780336
 502    24.156851486307676  0.54784670440192418  43.54533460190747
 503    24.307384064482505  0.73608346463983199  43.552432648877826
 504    23.938384161311454  0.094468186497393455  42.342716326349461
 505    24.019365151388076  0.30904377082029655  42.353496339872031
 506    24.139839262287609  0.51394017907506495  42.363852580956383
 507    24.291125902660816  0.69528756379149426  42.367549498624342
 508    23.886066157374245  0.077990740797549168  41.171589747623607
 509    23.966356010515039  0.27801551393756058  41.179684583632515
 510    24.085936704536131  0.47461213644498462  41.186034421274577
 511    24.235580530066382  0.64869677405808523  41.1847785100462
 512    23.806603431451158  0.061845564695234313  40.002492447964791
 513    23.8854081336295  0.24853602793771931  40.007871570774348
 514    24.003301396745506  0.43804936598316446  40.010184469288362
 515    24.150941491966169  0.60542421162264803  40.003961849306556
 516    23.702273789848512  0.055110241217101161  38.835199203060107
 517    23.781684048473668  0.23094232418862515  38.836736528010029
 518    23.900090922608022  0.41243865716108546  38.834607071424152
 519    24.047402333627083  0.57458299266822499  38.824941682568479
 520    23.570617655159701  0.18930531490111918  43.517459711376752
 521    23.67104429997551  0.48860545364821145  43.527335214019942
 522    23.823689878502822  0.76951431569709483  43.537444243136257
 523    24.021272815719108  1.0154459024766174  43.54258472234811
 524    23.548197804247053  0.18383310780722284  42.353436060333799
 525    23.652354503089747  0.46972490778362508  42.359266418905101
 526    23.80874809332629  0.73892384562874835  42.364521595956951
 527    24.007711807620378  0.97742302420646676  42.365536486665071
 528    23.49693021377082  0.17233182168176309  41.191603250932907
 529    23.602079091429268  0.44596854624914595  41.194675469080757
 530    23.759504367382782  0.70664892073249519  41.195393348125592
 531    23.958226727591924  0.93663465121465328  41.190123388004878
 532    23.418713712809616  0.16116075875923741  40.031585152762162
 533    23.524052941007536  0.42374859913142748  40.031849149762209
 534    23.681708074401733  0.67711660146683028  40.027979650075558
 535    23.879824613127639  0.89913715258698546  40.0164020751604
 536    23.315447130442067  0.15667922127414285  38.873005635409775
 537    23.422110927838023  0.40947729651712395  38.869074246164665
 538    23.581108588112638  0.65475394829024725  38.860200652240344
 539    23.779512501721388  0.87098689740927182  38.844429196924509
 540    23.179955673362926  0.27641031103412361  43.518822014298202
 541    23.302815571444643  0.64592712007834818  43.524042815259541
 542    23.490528270697968  0.99118192699226537  43.529553884365029
 543    23.735161566955703  1.2948083403134028  43.532736795818394
 544    23.158011447182659  0.27319802911705227  42.364155794318137
 545    23.285343854791424  0.63040604474695361  42.365036497938171
 546    23.477656924364975  0.96390751218243131  42.365190610957526
 547    23.724297712579929  1.2595584846214392  42.363523474705822
 548    23.107794270167407  0.26667290256597698  41.211616754242179
 549    23.2378021723435  0.61392157856073137  41.209666354528977
 550    23.433072030229447  0.93868570502000559  41.204752274976578
 551    23.680872925117459  1.2245725283712212  41.19546826596352
 552    23.030823994168074  0.26047595282324043  40.060677857559547
 553    23.162697748385579  0.59896117032513563  40.055826728750063
 554    23.360114752057971  0.91618383695049554  40.045774830862733
 555    23.608707734289116  1.1928500935513229  40.028842301014251
 556    22.928620471035611  0.25824820133118453  38.910812067759458
 557    23.062537807202386  0.58801226884562263  38.901411964319294
 558    23.262126253617236  0.89706923941940908  38.885794233056544
 559    23.511622669815683  1.1673908021503181  38.863916711280559
 560    22.789293691566151  0.36351530716712793  43.520184317219666
 561    22.934586842913774  0.80324878650848497  43.520750416499148
 562    23.157366662893111  1.2128495382874362  43.521663525593816
 563    23.449050318192306  1.5741707781501879  43.522888869288678
 564    22.767825090118261  0.36256295042688153  42.374875528302496
 565    22.918333206493095  0.79108718171028269  42.370806576971241
 566    23.146565755403657  1.1888911787361147  42.365859625958095
 567    23.440883617539491  1.5416939450364124  42.361510462746551
 568    22.718658326563979  0.36101398345019103  41.231630257551487
 569    22.873525253257721  0.78187461087231669  41.22465723997724
 570    23.10663969307608  1.1707224893075161  41.214111201827599
 571    23.403519122642994  1.5125104055277894  41.200813143922211
 572    22.642934275526532  0.35979114688724356  40.089770562356925
 573    22.801342555763625  0.77417374151884411  40.079804307737909
 574    23.038521429714198  1.1552510724341609  40.063570011649922
 575    23.337590855450586  1.4865630345156604  40.041282526868102
 576    22.541793811629162  0.35981718138822627  38.948618500109134
 577    22.702964686566737  0.76654724117412154  38.93374968247393
 578    22.943143919121844  1.1393845305485708  38.911387813872743
 579    23.243732837909988  1.463794706891365  38.883404225636582
 580    24.491781564916788  0.89200388735048053  43.560750597215304
 581    24.702325283061111  1.0161228229934041  43.5782264645756
 582    24.919440013384602  1.0993922124500488  43.595738285197669
 583    24.473515123609292  0.84425090058857311  42.371580897148689
 584    24.681608753353537  0.95807619622366602  42.382393588739895
 585    24.898193866222599  1.0320151499341281  42.392931534326401
 586    24.415243387028575  0.79007753915520618  41.183510113822088
 587    24.621668894234077  0.89824746485483986  41.188751171370235
 588    24.840810920644802  0.96865009800547019  41.193033944527357
 589    24.32785170346413  0.73975673024591049  39.997289904259617
 590    24.532551268879413  0.84344680150750528  39.996731068801033
 591    24.754192389580343  0.91148862959572396  39.994530410565154
 592    24.222225421205447  0.70356140105621756  38.813671925485302
 593    24.424301440466245  0.80048437880224188  38.805765137366762
 594    24.645239485958363  0.86272231763653828  38.795905827204393
 595    24.26210207949666  1.2200488478913232  43.548633036503674
 596    24.536784279060313  1.3811725374550927  43.560862881840144
 597    24.826484301416318  1.4885321000107805  43.573168149063655
 598    24.246960627919545  1.1743613172152259  42.366195536284955
 599    24.519282623089747  1.3243719524315543  42.370322938256095
 600    24.80762065617213  1.4216895638364484  42.374163210030382
 601    24.19567330347892  1.1244494199186892  41.184114900706234
 602    24.466487257712043  1.2670364997450341  41.181832386405688
 603    24.755513323120962  1.3592869827925729  41.178465127323562
 604    24.115423990296492  1.0783644345197327  40.003654815531796
 605    24.384631004119431  1.2147072415296518  39.994805667054244
 606    24.674246202381809  1.3030698787933919  39.9840741592105
 607    24.013396572494006  1.0441576395363774  38.826078966525813
 608    24.279946683504196  1.172925239919526  38.808657220967227
 609    24.567903194073672  1.254783773753144  38.788990563958478
 610    24.032422594076529  1.5480938084321652  43.536515475792044
 611    24.371243275059506  1.7462222519167814  43.543499299104688
 612    24.733528589448024  1.8776719875715129  43.550598012929655
 613    24.020406132229798  1.5044717338418783  42.360810175421221
 614    24.356956492825944  1.6906677086394422  42.358252287772309
 615    24.717047446121644  1.8113639777387687  42.355394885734377
 616    23.976103219929254  1.4588213006821718  41.184719687590395
 617    24.311305621189987  1.6358255346352282  41.174913601441133
 618    24.670215725597114  1.7499238675796758  41.163896310119789
 619    23.90299627712885  1.4169721387935539  40.010019726803975
 620    24.236710739359449  1.5859676815517985  39.992880265307463
 621    24.594300015183272  1.6946511279910601  39.973617907855832
 622    23.804567723782558  1.3847538780165358  38.83848600756631
 623    24.135591926542126  1.5453661010368098  38.811549304567677
 624    24.490566902188966  1.6468452298697493  38.782075300712542
 625    23.802743108656401  1.8761387689730074  43.524397915080414
 626    24.205702271058708  2.1112719663784705  43.52613571636924
 627    24.640572877479745  2.266811875132245  43.528027876795633
 628    23.793851636540055  1.8345821504685311  42.355424814557487
 629    24.194630362562144  2.0569634648473296  42.346181637288531
 630    24.626474236071182  2.2010383916410889  42.336626561438365
 631    23.756533136379588  1.7931931814456545  41.185324474474541
 632    24.15612398466795  2.0046145695254229  41.167994816476572
 633    24.584918128073287  2.140560752366778  41.149327492915972
 634    23.690568563961218  1.7555798430673764  40.016384638076147
 635    24.08879047459947  1.9572281215739451  39.99095486356066
 636    24.514353827984742  2.0862323771887277  39.963161656501164
 637    23.595738875071117  1.7253501164966962  38.850893048606835
 638    23.991237169580071  1.9178069621540941  38.814441388168142
 639    24.413230610304272  2.0389066859863552  38.775160037466605
 640    24.742916823179577  0.84291381096780149  37.577033422010238
 641    24.968716534301304  0.8338795416411271  37.546316875789472
 642    25.169430994937098  0.79599380950543497  37.512434698105352
 643    25.342084289489918  0.72884176745939344  37.481649356423283
 644    25.483700502362684  0.63200856840167097  37.460223318208641
 645    24.581293748665143  0.80457056611759858  36.378478326510866
 646    24.812571724606837  0.79569080406125492  36.339981660608636
 647    25.015409901410933  0.75869800745712834  36.301431162130264
 648    25.188482947758615  0.6929221848593462  36.267311019621395
 649    25.330465532331051  0.59769334482203595  36.242105421627556
 650    24.393107704451868  0.77251815630489307  35.183887673666106
 651    24.629804396654059  0.76333336333234614  35.137532703330145
 652    24.834635282795624  0.72622251824940998  35.09414187760256
 653    25.007997074107326  0.66081193108951275  35.056514927811875
 654    25.150286481819961  0.56672791188608118  35.027451585286578
 655    24.179686966304466  0.74665886309583862  33.994035919650585
 656    24.418298451370749  0.73790779782776772  33.942467828945219
 657    24.622828942524375  0.70200252621142334  33.893266294089059
 658    24.795115809587511  0.63801718702570565  33.850434780609532
 659    24.936996422382286  0.54502591904951503  33.817976754034078
 660    24.732707798810985  1.2425860886675801  37.564495090834399
 661    25.025098187932279  1.2291677423350866  37.527119116755273
 662    25.296011413736352  1.1741748022512821  37.486921945814146
 663    25.538688455344268  1.0755188931969957  37.449733218551621
 664    25.746370291876996  0.93111163995305601  37.421382575508289
 665    24.571770641842559  1.2043238506777911  36.368208861073796
 666    24.866303774010849  1.1912053007303616  36.321601872491435
 667    25.137829669380551  1.1378382481152451  36.275208329149663
 668    25.380452655735755  1.0417198388721394  36.232979262892229
 669    25.58827706086052  0.90034721904074211  36.198865705562845
 670    24.384303058137753  1.1723381850115895  35.1757772117762
 671    24.680900245926868  1.1590646692006172  35.11990251157723
 672    24.952865698524619  1.1063230271072542  35.067231862185395
 673    25.195261517289513  1.0117416407283946  35.019881723283589
 674    25.403149803580131  0.87294889206093329  34.979968554554745
 675    24.171413113215586  1.1465266744182767  33.987930444790514
 676    24.468289191860066  1.1337478483118577  33.925648048492761
 677    24.739003947458816  1.0825337669419433  33.865294949277434
 678    24.979846012489133  0.98989431053311916  33.810787830282031
 679    25.187104019428315  0.85283935930997445  33.766043374644049
 680    24.7224987744424  1.6422583663673587  37.551956759658559
 681    25.081479841563258  1.6244559430290466  37.507921357721067
 682    25.42259183253562  1.5523557949971298  37.461409193522954
 683    25.735292621198614  1.4221960189345972  37.417817080679981
 684    26.009040081391319  1.2302147115044411  37.382541832807952
 685    24.562247535019978  1.6040771352379839  36.35793939563672
 686    24.92003582341486  1.5867197973994689  36.303222084374248
 687    25.260249437350186  1.5169784887733626  36.248985496169034
 688    25.572422363712906  1.3905174928849326  36.19864750616307
 689    25.846088589389993  1.2030010932594482  36.155625989498098
 690    24.375498411823646  1.5721582137182861  35.167666749886294
 691    24.731996095199687  1.5547959750688887  35.10227231982433
 692    25.071096114253614  1.4864235359650975  35.040321846768194
 693    25.382525960471714  1.3626713503672765  34.983248518755296
 694    25.656013125340309  1.1791698722357853  34.93248552382294
 695    24.163139260126712  1.5463944857407148  33.98182496993045
 696    24.518279932349405  1.5295878987959484  33.908828268040288
 697    24.85517895239326  1.4630650076724623  33.837323604465801
 698    25.16457621539076  1.3417714340405327  33.77114087995453
 699    25.437211616474354  1.1606527995704339  33.714109995254049
 700    24.712289750073804  2.0419306440671368  37.539418428482719
 701    25.13786149519423  2.0197441437230061  37.48872359868686
 702    25.549172251334884  1.9305367877429769  37.435896441231748
 703    25.931896787052956  1.7688731446721997  37.385900942808327
 704    26.271709870905621  1.5293177830558262  37.343701090107601
 705    24.55272442819739  2.0038304197981769  36.34766993019965
 706    24.973767872818875  1.9822342940685755  36.28484229625704
 707    25.3826692053198  1.896118729431479  36.222762663188426
 708    25.764392071690047  1.7393151468977259  36.164315749433889
 709    26.103900117919462  1.5056549674781543  36.112386273433394
 710    24.366693765509527  1.9719782424249828  35.159556287996388
 711    24.783091944472485  1.9505272809371601  35.084642128071408
 712    25.189326529982601  1.8665240448229421  35.013411831351036
 713    25.569790403653901  1.7136010600061589  34.946615314227003
 714    25.908876447100475  1.4853908524106376  34.885002493091108
 715    24.154865407037832  1.9462622970631529  33.975719495070393
 716    24.568270672838725  1.9254279492800386  33.89200848758783
 717    24.971353957327697  1.8435962484029824  33.80935225965419
 718    25.349306418292379  1.6936485575479467  33.731493929627028
 719    25.687319213520379  1.4684662398308939  33.662176615864034
 720    25.599390713305322  0.50450832776067023  37.440777380346063
 721    25.69106379896547  0.35813983897956175  37.417049452676068
 722    25.750940539092568  0.21166527197916077  37.396977672097904
 723    25.771241713436059  0.08384679668028211  37.388500175510828
 724    25.446664711435389  0.47156691200300288  36.219573187847928
 725    25.538354988461379  0.3280407328409578  36.195027887481707
 726    25.598162202713823  0.18885844856137954  36.175285833324537
 727    25.618712193497583  0.075763700389747363  36.167163338172088
 728    25.266623147147957  0.44148295373027435  35.001829497973958
 729    25.357513355276065  0.29971595123806255  34.97645899815646
 730    25.416433783390147  0.16674281673007715  34.957038843665238
 731    25.43686110867614  0.06787946252695054  34.949267792331483
 732    25.053956885046905  0.42102194973174567  33.790527019456881
 733    25.145718293411122  0.28190327377900748  33.763850458530705
 734    25.20547050483383  0.15360118085674976  33.743645651620419
 735    25.226403376674003  0.062046960630424586  33.735611179091052
 736    25.918810315279199  0.7439593280597917  37.396908518932122
 737    26.053471025791591  0.52881485381219906  37.371643380075973
 738    26.140157064979277  0.30120975812310691  37.351857542987837
 739    26.168673074407373  0.07667558190534346  37.343821391715743
 740    25.761557806351561  0.71599918839565546  36.169283189684137
 741    25.897456324668397  0.50436490442398685  36.141552124164718
 742    25.985436709889015  0.28305704973418649  36.120980855427177
 743    26.014963056091499  0.069688306934704791  36.11287772989418
 744    25.576881917438516  0.6909106134766263  34.945282664281841
 745    25.713161665372407  0.48169855556860564  34.915096858897435
 746    25.801579818438608  0.26559997766582155  34.893751345308772
 747    25.831727147693964  0.062902139097224224  34.885586330423202
 748    25.361532028731091  0.67269318902210806  33.72823817135977
 749    25.499064664464917  0.46643502915259083  33.695177460896851
 750    25.588761404525837  0.25455719052620451  33.671720903599606
 751    25.619681726809951  0.05755198396773159  33.662728159812502
 752    26.238229917253065  0.98341032835891284  37.35303965751816
 753    26.415878252617699  0.69948986864483653  37.326237307475871
 754    26.529373590865994  0.39075424426705335  37.306737413877791
 755    26.566104435378691  0.069504367130404754  37.299142607920615
 756    26.076450901267748  0.96043146478830832  36.118993191520353
 757    26.256557660875405  0.68068907600701589  36.088076360847715
 758    26.372711217064218  0.37725565090699315  36.066675877529832
 759    26.411213918685423  0.06361291347966222  36.058592121616265
 760    25.887140687729062  0.94033827322297814  34.888735830589731
 761    26.068809975468731  0.66368115989914889  34.853734719638389
 762    26.186725853487044  0.3644571386015662  34.830463846952327
 763    26.226593186711781  0.057924815667497895  34.821904868514906
 764    25.66910717241527  0.92436442831247034  33.665949323262645
 765    25.852411035518703  0.65096678452617418  33.626504463262989
 766    25.972052304217843  0.35551320019565924  33.599796155578808
 767    26.01296007694588  0.053057007305038616  33.589845140533946
 768    26.557649519226942  1.2228613286580341  37.309170796104226
 769    26.778285479443827  0.87016488347747389  37.280831234875784
 770    26.918590116752711  0.48029873041099946  37.26161728476773
 771    26.963535796350016  0.062333152355466111  37.254463824125537
 772    26.39134399618392  1.2048637411809602  36.068703193356541
 773    26.615658997082427  0.85701324759004482  36.034600597530712
 774    26.759985724239407  0.47145425207979991  36.012370899632465
 775    26.807464781279343  0.057537520024619634  36.004306513338335
 776    26.197399458019621  1.1897659329693298  34.832188996897607
 777    26.424458285565077  0.84566376422969192  34.792372580379372
 778    26.571871888535512  0.46331429953731051  34.767176348595868
 779    26.621459225729609  0.052947492237771537  34.758223406606632
 780    25.976682316099449  1.1760356676028327  33.603660475165533
 781    26.205757406572495  0.83549853989975764  33.557831465629135
 782    26.355343203909843  0.45646920986511386  33.52787140755801
 783    26.406238427081831  0.048562030642345641  33.516962121255396
 784    25.741419145459027  -0.051653251471719362  37.395151810222337
 785    25.662789839933041  -0.2180480389319214  37.411599286867919
 786    25.545372348570247  -0.39188864863015616  37.432478537339044
 787    25.399185223082767  -0.54972616349625569  37.452425493527087
 788    25.589689245185649  -0.044379856017980696  36.173523093187718
 789    25.512398993970763  -0.2017220385216355  36.189834074586066
 790    25.396899306887384  -0.37003941616941771  36.211822022739952
 791    25.253248050970026  -0.52310855800952738  36.235212678022144
 792    25.408930706089905  -0.037407042732802966  34.955329530343427
 793    25.333623946519406  -0.18679538959176867  34.971490514417241
 794    25.220686501048771  -0.35068830450095601  34.994573658176641
 795    25.079864040762114  -0.49948851391137539  35.021401875245111
 796    25.198987188276178  -0.03545563516019825  33.742015830779181
 797    25.124620741305581  -0.17896105249655733  33.759161061342255
 798    25.012886676602278  -0.33857529829499933  33.78379444837725
 799    24.873367635006311  -0.48440437947187265  33.812663569480975
 800    26.12745322715671  -0.15422461852505182  37.350706254530699
 801    26.020652721888613  -0.39825037025156723  37.368344946078913
 802    25.861657738538803  -0.63585400746066523  37.39200007997114
 803    25.663854457043037  -0.84748786433880774  37.416934269818078
 804    25.974212444381767  -0.14956254507371597  36.119848527510364
 805    25.867708377069381  -0.38594418538874509  36.138412191383587
 806    25.709434580037854  -0.61798511839954628  36.164746812681258
 807    25.51337477917075  -0.8242138484952829  36.195030482570822
 808    25.791755075308714  -0.14520144060863183  34.892627446263241
 809    25.6862279142759  -0.37504353697487625  34.912081725991037
 810    25.529355771886532  -0.60262633325008208  34.941061478223787
 811    25.33534875543166  -0.80395201268282301  34.976679011578518
 812    25.580149533182848  -0.14444861303222634  33.670633558193352
 813    25.475255614402393  -0.3690388997713403  33.692323766675642
 814    25.319209781702927  -0.59231598060722945  33.724336954517639
 815    25.126221846318813  -0.790376959897513  33.763211290977438
 816    26.513487308854412  -0.25679598557838434  37.306260698839075
 817    26.378515603844182  -0.57845270157121298  37.325090605289923
 818    26.177943128507362  -0.87981936629117408  37.351521622603265
 819    25.928523691003296  -1.1452495651813599  37.381443046109069
 820    26.358735643577887  -0.25474523412945127  36.066173961833044
 821    26.223017760167998  -0.57016633225585467  36.086990308181122
 822    26.021969853188324  -0.86593082062967497  36.117671602622565
 823    25.773501507371481  -1.1253191389810384  36.154848287119464
 824    26.174579444527534  -0.25299583848446061  34.82992536218304
 825    26.038831882032387  -0.56329168435798382  34.852672937564847
 826    25.838025042724286  -0.85456436199920838  34.887549298270969
 827    25.590833470101192  -1.1084155114542706  34.931956147911919
 828    25.961311878089536  -0.25344159090425444  33.599251285607536
 829    25.825890487499208  -0.55911674704612335  33.625486472009086
 830    25.625532886803569  -0.84605666291945936  33.664879460658049
 831    25.379076057631323  -1.0963495403231533  33.713759012473929
 832    26.899521390552106  -0.35936735263171699  37.261815143147452
 833    26.736378485799754  -0.75865503289085889  37.281836264500932
 834    26.494228518475918  -1.123784725121683  37.311043165235354
 835    26.193192924963569  -1.4430112660239121  37.34595182240006
 836    26.743258842774001  -0.35992792318518668  36.012499396155718
 837    26.578327143266613  -0.75438847912296403  36.035568424978642
 838    26.334505126338787  -1.1138765228598033  36.070596392563871
 839    26.033628235572198  -1.4264244294667938  36.114666091668141
 840    26.557403813746348  -0.36079023636028934  34.767223278102854
 841    26.391435849788877  -0.75153983174109162  34.793264149138643
 842    26.146694313562048  -1.1065023907483345  34.834037118318108
 843    25.84631818477073  -1.412879010225718  34.887233284245326
 844    26.34247422299622  -0.36243456877628255  33.527869013021729
 845    26.176525360596017  -0.74919459432090652  33.558649177342481
 846    25.931855991904222  -1.0997973452316896  33.605421966798446
 847    25.631930268943826  -1.402322120748793  33.664306733970378
 848    25.22732063225558  -0.67452267340525129  37.478420336769389
 849    25.029901381951039  -0.76497876695070977  37.515324634355977
 850    24.812491979497402  -0.82125327514026714  37.554596397107211
 851    24.580656932222904  -0.8435050289815601  37.587693635843515
 852    25.084611155487504  -0.64313107350780918  36.265155569860951
 853    24.889802347799918  -0.72996532366150624  36.305274942861885
 854    24.672351192078679  -0.78387300481591693  36.349008610163537
 855    24.435787252495196  -0.80511581331634019  36.389794384904505
 856    24.914467358933429  -0.61524631985251133  35.055341796690861
 857    24.722296534142941  -0.69957915329229536  35.098784003329222
 858    24.504831165434258  -0.75224043408940777  35.147087333404379
 859    24.263550851850951  -0.77298358210252893  35.195610625160583
 860    24.710258147445877  -0.59713250362792314  33.850064182645994
 861    24.521078019526737  -0.67792773910043336  33.898633260385871
 862    24.305397804105535  -0.72762188391055149  33.952630202078957
 863    24.062788054038812  -0.74704673607942595  34.006314407103623
 864    25.432499186143978  -1.0161263164788181  37.448421881572536
 865    25.169998892096046  -1.1380307310890798  37.489920699673213
 866    24.88546574110266  -1.2135839297793947  37.533968465459608
 867    24.588011899367213  -1.2431687341595679  37.573102920271218
 868    25.284741188106334  -0.98724045239843072  36.232388737085927
 869    25.024716511819097  -1.1045068464946652  36.278857719898369
 870    24.741240213196971  -1.1767892946679492  36.32898143363267
 871    24.44225175512786  -1.2048640608022474  36.377303880913345
 872    25.10946973997277  -0.96187199709883009  35.019921491222973
 873    24.851993052142156  -1.0756118739304241  35.071390519958371
 874    24.569645976587218  -1.145735074836064  35.127620062851783
 875    24.269155797955353  -1.1728050314742096  35.185144084970354
 876    24.902516433350531  -0.94488961651976  33.811323997503564
 877    24.648225271964844  -1.0546370292992051  33.869896048396058
 878    24.368418829496026  -1.1213892525149673  33.933731242190262
 879    24.068167573278252  -1.146916340446166  33.997633377421614
 880    25.637677740032377  -1.3577299595523853  37.418423426375661
 881    25.310096402241058  -1.5110826952274492  37.464516764990471
 882    24.958439502707925  -1.6059145844185219  37.513340533811999
 883    24.595366866511522  -1.6428324393375759  37.558512204698893
 884    25.484871220725172  -1.3313498312890522  36.199621904310902
 885    25.159630675838276  -1.4790483693278236  36.252440496934881
 886    24.810129234315255  -1.5697055845199812  36.30895425710181
 887    24.448716257760537  -1.6046123082881558  36.364813376922186
 888    25.304472121012118  -1.3084976743451489  34.984501185755072
 889    24.981689570141363  -1.4516445945685528  35.043997036587527
 890    24.634460787740181  -1.539229715582721  35.108152792299194
 891    24.274760744059755  -1.5726264808458912  35.174677544780096
 892    25.094774719255184  -1.2926467294115969  33.77258381236112
 893    24.77537252440294  -1.4313463194979767  33.841158836406215
 894    24.431439854886513  -1.5151566211193837  33.91483228230156
 895    24.073547092517671  -1.5467859448129058  33.988952347739577
 896    25.842856293920779  -1.6993336026259525  37.388424971178821
 897    25.450193912386073  -1.884134659365819  37.439112830307707
 898    25.031413264313183  -1.9982452390576495  37.492712602164403
 899    24.602721833655831  -2.0424961445155847  37.543921489126589
 900    25.685001253344005  -1.6754592101796737  36.166855071535878
 901    25.294544839857458  -1.8535898921609826  36.22602327397135
 902    24.879018255433543  -1.9626218743720143  36.288927080570943
 903    24.455180760393212  -2.0043605557740642  36.352322872931019
 904    25.499474502051456  -1.6551233515914672  34.949080880287191
 905    25.111386088140577  -1.8276773152066819  35.01660355321669
 906    24.699275598893141  -1.9327243563293777  35.088685521746612
 907    24.280365690164153  -1.9724479302175721  35.164211004589873
 908    25.287033005159838  -1.6404038423034335  33.73384362721869
 909    24.902519776841043  -1.8080556096967484  33.812421624416416
 910    24.494460880277011  -1.9089239897237995  33.89593332241288
 911    24.078926611757112  -1.9466555491796462  33.980271318057561
 912    24.354344420783995  -0.83446195084301045  37.612510966460036
 913    24.152316702726292  -0.79651402669784643  37.633201261601279
 914    23.978359400711753  -0.72931318296091374  37.650609917211519
 915    23.83625813740235  -0.63251134604705883  37.665582329235029
 916    24.203936706151435  -0.7962735671572051  36.423501912032663
 917    23.999710328632339  -0.759315836480984  36.451254248531043
 918    23.825264581833817  -0.6935889458550426  36.474369325591113
 919    23.682755927651744  -0.59843921984674686  36.494165074404293
 920    24.026235831410848  -0.76389828449899932  35.238259631368528
 921    23.819972628209133  -0.72695420375934139  35.273186830874081
 922    23.645200270405375  -0.66172472271201077  35.302121151034015
 923    23.502357786159155  -0.56778322418546479  35.326791519205081
 924    23.82362981668301  -0.73838724161341962  34.055124108587449
 925    23.617850180507354  -0.70262918373732564  34.097924659987143
 926    23.444338760037571  -0.63880561629994481  34.134116141174253
 927    23.301985169799387  -0.54594959315007785  34.163098632020379
 928    24.295168159612331  -1.2297627446173471  37.606314686906138
 929    24.023268701340427  -1.1747219318431996  37.63704056126948
 930    23.779630770924495  -1.0759966729010051  37.664487544361116
 931    23.571571614737536  -0.93153734485464612  37.687862637180871
 932    24.147220127462685  -1.191791977120755  36.4204850737828
 933    23.87463853864455  -1.138449185147278  36.458975022070582
 934    23.630982779449724  -1.0423349127167019  36.493002725082171
 935    23.422728640654434  -0.90094838766391283  36.522797182122979
 936    23.972025936505936  -1.1596210692641005  35.238325936224058
 937    23.698959456218969  -1.1069955724347373  35.284648669165762
 938    23.455483107322614  -1.012511560859221  35.325325802826811
 939    23.247123640045075  -0.87375205441065662  35.36157085623843
 940    23.770801101292513  -1.134222209038166  34.057866542188023
 941    23.499091906396799  -1.083112261749384  34.113261863134454
 942    23.257274798240498  -0.99055878412851672  34.162473696616324
 943    23.049584586473038  -0.85353406172426227  34.204156398989149
 944    24.23599189844067  -1.6250635383916843  37.600118407352227
 945    23.894220699954566  -1.552929836988552  37.640879860937702
 946    23.58090214113723  -1.4226801628410963  37.678365171510727
 947    23.306885092072708  -1.2305633436622336  37.710142945126741
 948    24.090503548773935  -1.5873103870843046  36.417468235532922
 949    23.749566748656758  -1.5175825338135716  36.46669579561015
 950    23.436700977065623  -1.3910808795783614  36.511636124573272
 951    23.16270135365712  -1.2034575554810789  36.551429289841664
 952    23.917816041601014  -1.5553438540292011  35.238392241079552
 953    23.57794628422878  -1.4870369411101321  35.296110507457485
 954    23.265765944239845  -1.3632983990064309  35.348530454619642
 955    22.991889493930994  -1.1797208846358485  35.396350193271793
 956    23.717972385902019  -1.5300571764629129  34.060608975788611
 957    23.380333632286252  -1.4635953397614425  34.128599066281787
 958    23.070210836443437  -1.3423119519570883  34.190831252058423
 959    22.797184003146675  -1.1611185302984464  34.245214165957911
 960    24.176815637269009  -2.0203643321660207  37.593922127798329
 961    23.765172698568701  -1.9311377421339055  37.644719160605902
 962    23.382173511349968  -1.7693636527811878  37.692242798660324
 963    23.042198569407898  -1.529589342469821  37.732423253072589
 964    24.033786970085192  -1.9828287970478546  36.414451397283052
 965    23.624494958668965  -1.8967158824798658  36.474416569149696
 966    23.242419174681519  -1.7398268464400208  36.530269524064337
 967    22.902674066659817  -1.5059667232982445  36.580061397560364
 968    23.863606146696103  -1.9510666387943025  35.238458545935082
 969    23.456933112238616  -1.8670783097855279  35.307572345749179
 970    23.07604878115708  -1.7140852371536408  35.371735106412437
 971    22.736655347816921  -1.4856897148610402  35.431129530305157
 972    23.665143670511522  -1.9258921438876591  34.063351409389192
 973    23.261575358175698  -1.8440784177735006  34.143936269429098
 974    22.883146874646368  -1.6940651197856602  34.219188807500508
 975    22.54478341982033  -1.4687029988726303  34.286271932926688
 976    23.719637391475445  -0.50501812302752602  37.674386308260281
 977    23.625672479216092  -0.35850297700632333  37.675503099556678
 978    23.563475279697872  -0.21175761844744007  37.673098251089968
 979    23.542157671994353  -0.083573757814866464  37.671337310825891
 980    23.565550810357593  -0.47230882428831283  36.507478973971878
 981    23.471427357650345  -0.32860412288052804  36.512617697018797
 982    23.409159556567172  -0.18911773699361636  36.513102965321842
 983    23.387521394145224  -0.075642287997801677  36.512456500657848
 984    23.384974752257246  -0.44251475734816342  35.344577546466716
 985    23.291586959572978  -0.30051852332587176  35.353655056997994
 986    23.230142757395704  -0.16718913288300685  35.356947297804659
 987    23.208590495014825  -0.067921196783985227  35.357377515892487
 988    23.184056775775705  -0.42194357206475652  34.184008536129348
 989    23.089981498350838  -0.28263936606000245  34.197276805978248
 990    23.027889783652494  -0.15402406184310866  34.204245344747626
 991    23.005912077808393  -0.06208474612136694  34.206256055618169
 992    23.398524431559746  -0.74427689977642431  37.704756475521975
 993    23.262411804254107  -0.52890377744951322  37.714516011380375
 994    23.174285055317906  -0.30100158650410191  37.718982720060147
 995    23.145195507248403  -0.076153935570380638  37.719998076865345
 996    23.248773416648895  -0.7164876483162792  36.545712748630223
 997    23.111319454669722  -0.50460385984726208  36.56003845918238
 998    23.02180012476288  -0.28297594036089041  36.567405331796657
 999    22.991648796974289  -0.069282807961192447  36.569444384490254
1000    23.072671432705459  -0.6915934883767092  35.390481989806162
1001    22.934780462538843  -0.48210446244840405  35.409316320619638
1002    22.844772878147424  -0.26565624310388913  35.419525802735961
1003    22.81397082813341  -0.062620096821313004  35.422562390212306
1004    22.874474952295753  -0.67328845604519905  34.237036071715927
1005    22.735435986335151  -0.46679429801154615  34.260654994465057
1006    22.644257112378323  -0.25460682728947759  34.274891790899169
1007    22.612727754212383  -0.057281283545164582  34.279625084681101
1008    23.077411471644051  -0.9835356765253227  37.735126642783655
1009    22.899151129292129  -0.69930457789270295  37.753528923204051
1010    22.785094830937936  -0.39024555456076382  37.764867189030305
1011    22.748233342502463  -0.0687341133258947  37.768658842904777
1012    22.931996022940194  -0.96066647234424507  36.583946523288553
1013    22.75121155168911  -0.68060359681399618  36.60745922134597
1014    22.634440692958592  -0.37683414372816448  36.621707698271457
1015    22.59577619980335  -0.062923327924583189  36.626432268322667
1016    22.760368113153682  -0.94067221940525525  35.436386433145572
1017    22.577973965504729  -0.66369040157093617  35.464977584241247
1018    22.459402998899161  -0.36412335332477119  35.482104307667278
1019    22.419351161252013  -0.057318996858640794  35.487747264532111
1020    22.564893128815815  -0.92463334002564135  34.290063607302521
1021    22.380890474319472  -0.65094922996308979  34.324033182951851
1022    22.260624441104166  -0.35518959273584638  34.345538237050718
1023    22.219543430616387  -0.052477820968962238  34.352994113743996
1024    22.756298511728353  -1.2227944532742208  37.765496810045363
1025    22.535890454330133  -0.86970537833589279  37.792541835027741
1026    22.395904606557959  -0.47948952261742567  37.810751658000463
1027    22.351271177756502  -0.061314291081408796  37.817319608944231
1028    22.615218629231499  -1.2048452963722112  36.622180297946905
1029    22.391103648708494  -0.85660333378072984  36.654879983509552
1030    22.2470812611543  -0.47069234709543856  36.676010064746279
1031    22.199903602632414  -0.056563847887973841  36.683420152155065
1032    22.448064793601898  -1.1897509504338011  35.48229087648501
1033    22.221167468470597  -0.84527634069346802  35.520638847862884
1034    22.074033119650885  -0.46259046354565364  35.544682812598587
1035    22.024731494370592  -0.052017896895968543  35.552932138851922
1036    22.255311305335869  -1.175978224006083  34.343091142889122
1037    22.026344962303778  -0.83510416191463344  34.387411371438652
1038    21.876991769829996  -0.45577235818221518  34.41618468320226
1039    21.82635910702038  -0.047674358392759755  34.426363142806949
1040    23.572812395154212  0.052242356573535292  37.671023177163185
1041    23.653158168525135  0.21877968927752955  37.668701078957568
1042    23.772245841629303  0.39258934914956817  37.662150059860281
1043    23.919126263988886  0.55022244504210227  37.649149163522502
1044    23.417355407313295  0.044859640168564932  36.511139968507521
1045    23.49634126318821  0.20244099279661312  36.506103455453207
1046    23.613508644089301  0.37083244236034352  36.495601314924279
1047    23.757887232335854  0.52376466133375554  36.477887900350105
1048    23.237282128667768  0.037779889819306398  35.355118003750015
1049    23.31420039409532  0.18753462062112053  35.347497796536992
1050    23.428739809841954  0.35163721812625459  35.333175255266447
1051    23.570294894452132  0.50038190483950473  35.310808740951288
1052    23.033971861559646  0.035820903342876062  34.202525709547572
1053    23.109702622878839  0.17966895862629667  34.191438241249003
1054    23.222799818741183  0.33947295778014552  34.173086299537005
1055    23.362958906121811  0.48524643885567104  34.147562533226065
1056    23.187066067212942  0.15500279372691547  37.717285852903572
1057    23.295105577339214  0.39916755012924882  37.709142238907397
1058    23.455294262565168  0.63675972055572816  37.695267339618418
1059    23.653612347828723  0.84819869192546227  37.675361259778171
1060    23.03303459427244  0.15025566311288358  36.565772788081702
1061    23.140767937179731  0.38684692269420956  36.554805792438955
1062    23.300244142073009  0.61895303878649066  36.53637153415341
1063    23.496858525329092  0.82503607939343127  36.510298149816528
1064    22.854544246607315  0.14581003540888293  35.417979053747892
1065    22.961250666748281  0.37594962080374938  35.404293467718581
1066    23.119293635761526  0.60369150519637993  35.381404641696555
1067    23.313876700852248  0.80492853441986734  35.34921158525394
1068    22.652786559204319  0.14503811659174956  34.273417262705898
1069    22.758706425433559  0.3699098510496121  34.255833825705679
1070    22.915778152756126  0.59333272199924314  34.228258068099088
1071    23.109292541027987  0.79130553161146044  34.192073284304819
1072    22.801319739271655  0.25776323088029562  37.763548528643952
1073    22.93705298615329  0.57955541098096808  37.749583398857233
1074    23.138342683501033  0.88093009196188843  37.728384619376591
1075    23.388098431668574  1.1461749388088223  37.701573356033848
1076    22.648713781231585  0.25565168605720218  36.620405607655876
1077    22.785194611171242  0.57125285259180603  36.603508129424661
1078    22.986979640056706  0.86707363521263769  36.577141753382527
1079    23.235829818322319  1.1263074974531069  36.542708399282951
1080    22.471806364546872  0.25384018099845951  35.480840103745805
1081    22.608300939401239  0.56436462098637818  35.461089138900178
1082    22.809847461681098  0.85574579226650527  35.429634028126671
1083    23.057458507252377  1.1094751640002301  35.387614429556592
1084    22.27160125684901  0.25425532984062299  34.344308815864231
1085    22.407710227988272  0.56015074347292748  34.320229410162348
1086    22.608756486771068  0.84719248621834053  34.283429836661156
1087    22.855626175934191  1.0973646243672499  34.236584035383544
1088    22.415573411330392  0.36052366803367597  37.809811204384324
1089    22.579000394967377  0.75994327183268717  37.790024558807069
1090    22.821391104436906  1.125100463368049  37.761501899134721
1091    23.122584515508418  1.4441511856921829  37.727785452289517
1092    22.26439296819073  0.36104770900152094  36.675038427230056
1093    22.429621285162764  0.75565878248940221  36.652210466410416
1094    22.673715138040414  1.1151942316387853  36.617911972611658
1095    22.974801111315564  1.4275789155127832  36.575118648749381
1096    22.089068482486422  0.3618703265880362  35.543701153743669
1097    22.255351212054208  0.75277962116900721  35.517884810081767
1098    22.50040128760067  1.1078000793366309  35.477863414556779
1099    22.801040313652493  1.4140217935805921  35.426017273859252
1100    21.890415954493683  0.36347254308949672  34.415200369022557
1101    22.056714030542988  0.75039163589624325  34.384624994619003
1102    22.30173482078601  1.1010522504374383  34.338601605223253
1103    22.601959810840366  1.403423717123039  34.281094786462297
1104    24.091724328109621  0.67469279050238151  37.63340878768205
1105    24.290909901415393  0.7648057965763897  37.618131336562868
1106    24.510151295805588  0.8207999683646785  37.600333863545451
1107    23.927405655450968  0.64346278247620037  36.456968695451067
1108    24.124226150977901  0.72991398194267509  36.435720156586441
1109    24.343728816266125  0.78349199730065078  36.410703096143848
1110    23.736700916644722  0.61581027163652136  35.284676697443857
1111    23.931084262575634  0.69970509843475737  35.257382249824133
1112    24.150776126944713  0.75197239130171356  35.225070780946709
1113    23.527041625106111  0.59767415264219237  34.116857842311902
1114    23.718318309630487  0.67807530958629481  34.0819682686626
1115    23.936097307446147  0.7274151372251263  34.041494173901143
1116    23.885455877725594  1.0164780370988724  37.651467906479823
1117    24.149076854873901  1.1379737279686675  37.625428438772559
1118    24.434739441245181  1.2131787500023896  37.596638839332201
1119    23.726102457383131  0.98770701113102577  36.479761572530201
1120    23.987436442619554  1.1045403527685405  36.446976738156486
1121    24.272209498339116  1.1764435005395908  36.410330287427129
1122    23.540473781194834  0.96249441284119641  35.312012726958415
1123    23.799416816008424  1.0757727975094411  35.272440600471448
1124    24.083196382565294  1.145481463280829  35.227895373006348
1125    23.333707318888955  0.94549009343774326  34.14927413204591
1126    23.589409344307775  1.0548187453816642  34.10095850706999
1127    23.870583111133563  1.1211960761421869  34.047164560832911
1128    23.679187427341571  1.3582632836953625  37.669527025277567
1129    24.007243808332404  1.5111416593609455  37.63272554098225
1130    24.359327586684778  1.6055575316401001  37.592943815118929
1131    23.52479925931528  1.3319512397858511  36.502554449609327
1132    23.850646734261215  1.4791667235944062  36.458233319726524
1133    24.200690180412106  1.5693950037785307  36.409957478710403
1134    23.344246645744942  1.3091785540458714  35.339348756472965
1135    23.667749369441204  1.4518404965841252  35.287498951118785
1136    24.015616638185868  1.5389905352599444  35.230719965065944
1137    23.140373012671798  1.293306034233294  34.181690421779898
1138    23.460500378985049  1.4315621811770345  34.119948745477366
1139    23.805068914820993  1.5149770150592479  34.052834947764673
1140    23.472918976957555  1.700048530291854  37.687586144075354
1141    23.865410761790915  1.8843095907532232  37.640022643191962
1142    24.283915732124377  1.9979363132778114  37.589248790905685
1143    23.323496061247432  1.6761954684406768  36.525347326688461
1144    23.713857025902861  1.8537930944202718  36.469489901296576
1145    24.129170862485093  1.9623465070174706  36.409584669993677
1146    23.14801951029505  1.6558626952505471  35.366684785987552
1147    23.536081922873997  1.827908195658809  35.302557301766107
1148    23.948036893806449  1.9324996072390606  35.233544557125605
1149    22.947038706454634  1.6411219750288453  34.214106711513921
1150    23.331591413662345  1.8083056169724034  34.138938983884771
1151    23.739554718508405  1.9087579539763082  34.058505334696449
1152    23.940146819581731  0.72650234801155156  32.808661208786084
1153    24.177737648020159  0.71853527251630878  32.752045596583784
1154    24.38080046812118  0.68462881941198006  32.697008213640579
1155    24.551716826058371  0.62269100718096737  32.648887765188007
1156    24.692868268005352  0.53062985430567289  32.613022956457591
1157    23.674878228921738  0.7127006905475346  31.62709249605382
1158    23.911369847022275  0.70476993781353836  31.562954681818727
1159    24.113725506142963  0.67154628500989777  31.502959592657092
1160    24.284148459338564  0.61039843165349039  31.451084646836868
1161    24.424841959663866  0.51869507726119435  31.411307262626032
1162    23.387122989008102  0.70686979923151938  30.449490453617482
1163    23.622425101039862  0.69836185026298936  30.377838084305711
1164    23.823874948572268  0.66447125596931933  30.312902112229072
1165    23.993605846418319  0.60276361969679992  30.25728949234465
1166    24.133751109391032  0.51080454479172199  30.2136071796095
1167    23.080122894524443  0.7106255825912382  29.276015753640763
1168    23.314133462735697  0.70106106640819488  29.199338803700378
1169    23.513519687391646  0.66512006525438927  29.128617453447031
1170    23.681284124287927  0.60141073056442385  29.067766368499882
1171    23.820429329220236  0.50854121377290129  29.020700214478104
1172    23.932619421355348  1.1264102852047271  32.804605798751062
1173    24.227920085398711  1.1143789790687497  32.736041041176925
1174    24.49664124501761  1.0651653708660196  32.667988687853295
1175    24.73564322636512  0.97463324895352621  32.606282386688264
1176    24.941786355594374  0.83864640168826055  32.556755785589921
1177    23.668609784197706  1.1126465743387715  31.625391771482331
1178    23.961820641866268  1.1005911486225564  31.547828419531907
1179    24.229183322974297  1.0521075216541709  31.473447428119993
1180    24.467164552864514  0.9625404759001438  31.40651264713172
1181    24.672231056879671  0.8272347938270046  31.351287926452272
1182    23.38224604830371  1.1068380105611424  30.450495553618442
1183    23.67325981204522  1.0941497767591719  30.363953755982767
1184    23.939027982027444  1.0450570163129922  30.28328845360279
1185    24.175752427845413  0.95511593200529266  30.211169519911543
1186    24.379635019094181  0.81988272661876216  30.150266828342041
1187    23.076390060234424  1.1105870626125736  29.280124335793527
1188    23.365506546718066  1.096820283264492  29.187360622954539
1189    23.628573022875596  1.0457106518490811  29.099129047827056
1190    23.862749287165926  0.95385955790129595  29.019943913326955
1191    24.065195138048058  0.81786839095609243  28.954319522370138
1192    23.925092023128972  1.5263182223979028  32.800550388716047
1193    24.278102522777271  1.5102226856211907  32.720036485770038
1194    24.612482021914037  1.4457019223200589  32.63896916206604
1195    24.919569626671866  1.3265754907260849  32.563677008188556
1196    25.19070444318341  1.1466629490708484  32.500488614722222
1197    23.66234133947367  1.5125924581300085  31.623691046910839
1198    24.012271436710254  1.4964123594315741  31.532702157245087
1199    24.344641139805631  1.4326687582984434  31.44393526358288
1200    24.650180646390471  1.3146825201467971  31.361940647426568
1201    24.919620154095469  1.1357745103928147  31.291268590278513
1202    23.377369107599318  1.5068062218907656  30.451500653619402
1203    23.724094523050571  1.4899377032553542  30.350069427659832
1204    24.054181015482612  1.4256427766566653  30.253674794976508
1205    24.357899009272508  1.3074682443137853  30.165049547478446
1206    24.62551892879733  1.1289609084458025  30.086926477074588
1207    23.072657225944415  1.5105485426339087  29.284232917946294
1208    23.41687963070045  1.4925795001207884  29.175382442208704
1209    23.743626358359549  1.4263012384437725  29.069640642207077
1210    24.044214450043945  1.3063083852381683  28.972121458154028
1211    24.309960946875893  1.1271955681392836  28.887938830262168
1212    23.917564624902589  1.9262261595910786  32.796494978681018
1213    24.328284960155823  1.9060663921736321  32.704031930363172
1214    24.728322798810463  1.826238473774098  32.609949636278735
1215    25.103496026978618  1.6785177324986442  32.521071629688834
1216    25.439622530772436  1.4546794964534369  32.444221443854538
1217    23.656072894749638  1.9125383419212456  31.621990322339347
1218    24.062722231554243  1.8922335702405924  31.517575894958263
1219    24.460098956636966  1.8132299949427166  31.414423099045774
1220    24.833196739916424  1.6668245643934509  31.317368647721427
1221    25.167009251311274  1.4443142269586255  31.231249254104746
1222    23.372492166894926  1.9067744332203889  30.452505753620361
1223    23.774929234055932  1.885725629751537  30.336185099336888
1224    24.169334048937788  1.8062285370003381  30.22406113635023
1225    24.540045590699602  1.6598205566222788  30.118929575045339
1226    24.871402838500472  1.4380390902728437  30.023586125807121
1227    23.068924391654395  1.9105100226552443  29.288341500099058
1228    23.468252714682816  1.8883387169770858  29.163404261462858
1229    23.858679693843499  1.8068918250384642  29.040152236587105
1230    24.225679612921933  1.6587572125750409  28.92429900298109
1231    24.554726755703712  1.4365227453224758  28.821558138154209
1232    24.81055621546551  0.40774266810569371  32.583767408552575
1233    24.904219506851263  0.2712789239907305  32.555745012889211
1234    24.965945813699836  0.14607489257833886  32.53469988016856
1235    24.987822807548437  0.056966844486074614  32.526376121091701
1236    24.542550200392817  0.39597105132283683  31.37908432799987
1237    24.636921253207408  0.26030187953645684  31.350312981635117
1238    24.699514188774323  0.13686730573124864  31.329631017852019
1239    24.721888077760305  0.050847073736407261  31.321676230970791
1240    24.250987861916386  0.38762335773109907  30.178606496256091
1241    24.344984756920475  0.25138405122875185  30.149503402776514
1242    24.407362401966438  0.12835422798617718  30.129601811517528
1243    24.429741404617388  0.044801490704871952  30.122205634825839
1244    23.936918222123765  0.38461584567840529  28.984462631778523
1245    24.029571242431448  0.24693734988018121  28.95526531432143
1246    24.090677225185324  0.12291146701382083  28.93577500801171
1247    24.112525005427472  0.039943937714916181  28.928658458754164
1248    25.116648727926787  0.65980285179984788  32.515914164798751
1249    25.255882311971707  0.45633406773246876  32.47998849257764
1250    25.347458243964248  0.24755400641494718  32.454400948868091
1251    25.379347660139537  0.052776624776107742  32.444573713611568
1252    24.846607675049501  0.64895731458240147  31.305595007460237
1253    24.986412369158085  0.44656582996275845  31.267389824062661
1254    25.078951547179482  0.23954155140777328  31.24113751493746
1255    25.111531617087767  0.047365690357142179  31.231303218762509
1256    24.553010858779899  0.64154882709638117  30.099891791449696
1257    24.692253609444698  0.43886516189698382  30.059779293536895
1258    24.7846229799875  0.23222718607704387  30.033234415657294
1259    24.817378679307222  0.0420303546930339  30.023562238864493
1260    24.237460267798639  0.63896963906840243  28.901415608872586
1261    24.375004806252203  0.43496690958866835  28.859554739185327
1262    24.465854208204291  0.22731827099511914  28.831995464877075
1263    24.498033928450514  0.037481791765981397  28.821996337516541
1264    25.422741240388067  0.91186303549400227  32.448060921044927
1265    25.607545117092144  0.64138921147420702  32.404231972266089
1266    25.728970674228673  0.34903312025155553  32.374102017567601
1267    25.770872512730648  0.048586405066140891  32.362771306131414
1268    25.150665149706192  0.90194357784196533  31.232105686920608
1269    25.335903485108787  0.63282978038906024  31.184466666490213
1270    25.458388905584645  0.34221579708429795  31.152644012022897
1271    25.50117515641524  0.04388430697787709  31.140930206554213
1272    24.855033855643416  0.89547429646166299  30.021177086643306
1273    25.039522461968922  0.6263462725652158  29.970055184297287
1274    25.161883558008565  0.33610014416791051  29.936867019797063
1275    25.205015953997052  0.039259218681195848  29.924918842903153
1276    24.538002313473516  0.89332343245839874  28.818368585966674
1277    24.720438370072948  0.62299646929715546  28.763844164049221
1278    24.841031191223262  0.33172507497641746  28.72821592174245
1279    24.88354285147355  0.035019645817046682  28.715334216278919
1280    25.72883375284934  1.1639232191881572  32.380207677291118
1281    25.959207922212585  0.82644435521594484  32.328475451954539
1282    26.110483104493081  0.45051223408816388  32.293803086267154
1283    26.162397365321748  0.044396185356173998  32.280968898651288
1284    25.454722624362876  1.1549298411015303  31.158616366380969
1285    25.68539460105946  0.81909373081536208  31.101543508917761
1286    25.837826263989804  0.44489004276082261  31.064150509108334
1287    25.890818695742688  0.040402923598611917  31.050557194345931
1288    25.15705685250693  1.1493997658269453  29.942462381836911
1289    25.386791314493145  0.81382738323344761  29.880331075057665
1290    25.539144136029631  0.43997310225877728  29.840499623936822
1291    25.592653228686881  0.036488082669357741  29.826275446941803
1292    24.838544359148393  1.1476772258483958  28.735321563060737
1293    25.06587193389371  0.81102602900564269  28.668133588913125
1294    25.216208174242237  0.43613187895771566  28.624436378607818
1295    25.269051774496599  0.032557499868111829  28.6086720950413
1296    24.960325885551828  -0.037648206353801617  32.533177564136722
1297    24.885864764829662  -0.17696254965874464  32.551392330722464
1298    24.774428596866411  -0.33252387028577224  32.577590970960991
1299    24.636006533146535  -0.47587985309190212  32.608344034964382
1300    24.694447070622974  -0.040128464581835874  31.328221598088763
1301    24.620291430955771  -0.1761912350316937  31.346305506716821
1302    24.510024399129023  -0.32880491029564018  31.3734638667956
1303    24.37424921551311  -0.46943316305614946  31.407232588265721
1304    24.402744021942166  -0.043148936210194368  30.128309588771526
1305    24.329746824456166  -0.1773118162655706  30.145854897502439
1306    24.221501889892181  -0.32832952862703974  30.173565235482013
1307    24.088761295983041  -0.46684445246038436  30.210164277173664
1308    24.086610017961974  -0.046962147604770507  28.934603192321276
1309    24.016077030103109  -0.18098900101054144  28.951994811256466
1310    23.910688875657875  -0.33200883558240724  28.980047176621209
1311    23.780208388433316  -0.46989386440037717  29.017974149476899
1312    25.339862772244238  -0.14660962555065513  32.453378880056036
1313    25.235040968092076  -0.36715491101083414  32.477338263741004
1314    25.079441148018628  -0.58645320179393534  32.51234862804516
1315    24.887622212359506  -0.78209846808946382  32.554306736347193
1316    25.072249356717037  -0.14899580776369256  31.240185462328803
1317    24.967803025559217  -0.36664107345544017  31.264951723699347
1318    24.813401254075121  -0.58318500916763305  31.302370568459981
1319    24.624252672725554  -0.77624251734980354  31.349210562196557
1320    24.778709114822671  -0.15192311716419379  30.032358902999263
1321    24.675540407054804  -0.36802516016061682  30.05757419763804
1322    24.523238834555631  -0.58317153787500853  30.097043678437842
1323    24.337170675877228  -0.77425801388614202  30.148602901055661
1324    24.460641874782628  -0.15570751124501428  28.831204800055037
1325    24.360251732829745  -0.37183494418182234  28.857615736644519
1326    24.211102624143297  -0.58707292306274617  28.899008860654547
1327    24.027433670274732  -0.77759386390608864  28.953163885454615
1328    25.719399658936666  -0.25557104474750864  32.373580195975315
1329    25.584217171354481  -0.5573472723629237  32.40328419675955
1330    25.384453699170841  -0.840382533302098  32.447106285129344
1331    25.139237891572474  -1.0883170830870252  32.50026943772999
1332    25.450051642811097  -0.25786315094554918  31.152149326568839
1333    25.315314620162681  -0.55709091187918669  31.18359794068186
1334    25.116778109021219  -0.83756510803962569  31.231277270124359
1335    24.874256129938008  -1.0830518716434576  31.2911885361274
1336    25.154674207703188  -0.26069729811819314  29.936408217226994
1337    25.021333989653435  -0.55873850405566294  29.969293497773652
1338    24.824975779219081  -0.83801354712297693  30.020522121393668
1339    24.58558005577142  -1.0816715753118997  30.087041524937664
1340    24.834673731603292  -0.26445287488525798  28.72780640778879
1341    24.704426435556389  -0.56268088735310318  28.763236662032575
1342    24.511516372628726  -0.84213701054308521  28.817970544687878
1343    24.274658952116148  -1.0852938634118001  28.888353621432341
1344    26.098936545629076  -0.36453246394436228  32.293781511894636
1345    25.933393374616898  -0.74753963371501353  32.32923012977809
1346    25.689466250323065  -1.0943118648102612  32.381863942213506
1347    25.390853570785456  -1.3945356980845873  32.446232139112794
1348    25.82785392890516  -0.36673049412740583  31.064113190808875
1349    25.662826214766131  -0.7475407503029331  31.102244157664391
1350    25.420154963967317  -1.0919452069116187  31.160183971788744
1351    25.124259587150458  -1.3898612259371119  31.23316651005824
1352    25.530639300583701  -0.36947147907219247  29.840457531454735
1353    25.36712757225208  -0.74945184795070885  29.88101279790925
1354    25.126712723882545  -1.0928555563709461  29.944000564349494
1355    24.833989435665618  -1.3890851367376575  30.025480148819668
1356    25.208705588423946  -0.37319823852550182  28.624408015522551
1357    25.048601138283033  -0.75352683052438396  28.668857587420632
1358    24.811930121114148  -1.0972010980234239  28.736932228721216
1359    24.521884233957572  -1.3929938629175111  28.82354335741006
1360    24.475207563697733  -0.58614500697345795  32.649064559982406
1361    24.289046862557438  -0.66306163313979471  32.702780042076625
1362    24.076122857224814  -0.70911910491747809  32.762482719576838
1363    23.835033975198986  -0.72680679563307404  32.82116483081284
1364    24.216758358424105  -0.57714009502209362  31.451652875357681
1365    24.033335335728381  -0.65181646862906129  31.5087615502256
1366    23.822569932121763  -0.69616594764960116  31.573087949695672
1367    23.583051932300073  -0.71289219585626218  31.639161410594042
1368    23.934607498570823  -0.57263318345274494  30.258266465760947
1369    23.753985838417027  -0.64647735057280431  30.31872904012965
1370    23.54544272063378  -0.69052688290866204  30.387639868296642
1371    23.307524550333198  -0.70693170954841644  30.461086818278783
1372    23.628451951083747  -0.57513968794432624  29.069342668181367
1373    23.451040770000851  -0.6493293839755957  29.134833767085617
1374    23.245444914598281  -0.69396638149640222  29.209332451240954
1375    23.009134454289551  -0.71055410950896114  29.287723725698662
1376    24.666322068218633  -0.93416336695365743  32.607143152195022
1377    24.415297020924392  -1.0399726369000226  32.67281467510189
1378    24.138633568149096  -1.1029983703039714  32.744257422394362
1379    23.840418207565058  -1.1267126595409134  32.814407511399033
1380    24.406248934027229  -0.92576824360205423  31.407603794484018
1381    24.158019928582753  -1.029174567118349  31.478256398872642
1382    23.883881643981855  -1.0902629907390105  31.555798006911441
1383    23.588150067814205  -1.1128350173043615  31.634858250149374
1384    24.122510856590157  -0.92188032076833892  30.2125266922694
1385    23.877182423726644  -1.0242823549867168  30.288102611610505
1386    23.605673838031318  -1.0848321259562468  30.371685313866315
1387    23.312473560248769  -1.1068976430918958  30.459629453824213
1388    23.815321661721313  -0.92467567275589857  29.021732613450091
1389    23.573572935142796  -1.0273355355376628  29.104234705217667
1390    23.305520931334563  -1.0883547880918438  29.195251661383843
1391    23.014499091091945  -1.1105147662589014  29.289364982575151
1392    24.857436572739548  -1.2821817269338569  32.56522174440763
1393    24.541547179291349  -1.4168836406602521  32.642849308127154
1394    24.201144279073393  -1.4968776356904652  32.726032125211873
1395    23.845802439931152  -1.5266185234487526  32.807650191985203
1396    24.595739509630342  -1.2743963921820147  31.363554713610359
1397    24.282704521437136  -1.4065326656076371  31.44775124751968
1398    23.945193355841937  -1.4843600338284197  31.538508064127203
1399    23.593248203328343  -1.5127778387524602  31.630555089704703
1400    24.310414214609487  -1.2711274580839331  30.16678691877787
1401    24.000379009036269  -1.4020873594006309  30.257476183091349
1402    23.66590495542885  -1.4791373690038321  30.355730759435989
1403    23.31742257016435  -1.5068635766353757  30.458172089369647
1404    24.002191372358887  -1.2742116575674711  28.974122558718825
1405    23.696105100284733  -1.4053416870997306  29.073635643349707
1406    23.365596948070841  -1.4827431946872853  29.181170871526739
1407    23.019863727894347  -1.5104754230088429  29.291006239451647
1408    25.048551077260448  -1.6302000869140563  32.523300336620267
1409    24.667797337658303  -1.7937946444204802  32.612883941152418
1410    24.263654989997676  -1.8907569010769583  32.707806828029412
1411    23.851186672297224  -1.9265243873565916  32.80089287257141
1412    24.785230085233469  -1.6230245407619759  31.319505632736682
1413    24.407389114291508  -1.7838907640969255  31.417246096166714
1414    24.006505067702026  -1.8784570769178295  31.521218121342962
1415    23.598346338842472  -1.9127206602005593  31.626251929260032
1416    24.498317572628814  -1.6203745953995268  30.121047145286319
1417    24.12357559434589  -1.7798923638145439  30.2268497545722
1418    23.726136072826385  -1.8734426120514172  30.339776205005666
1419    23.322371580079917  -1.9068295101788553  30.456714724915081
1420    24.189061082996449  -1.6237476423790429  28.926512503987549
1421    23.818637265426673  -1.7833478386617978  29.043036581481758
1422    23.425672964807127  -1.8771316012827277  29.167090081669627
1423    23.025228364696744  -1.9104360797587834  29.29264749632814
1424    23.597094470017982  -0.71887495078129993  32.876024786211595
1425    23.393257463278761  -0.68501569906811655  32.926852815318753
1426    23.221579684568923  -0.6231312386369563  32.970528885142137
1427    23.080117863476083  -0.53112376763125224  33.003932962689561
1428    23.34648427210039  -0.70496109961369657  31.702844703722267
1429    23.144040445354293  -0.67175904426628696  31.761461297842725
1430    22.973516073749341  -0.61062044205618293  31.811731576722824
1431    22.832706778973094  -0.51887970522553284  31.850375924129942
1432    23.072505252002834  -0.69839458985097058  30.533854240678082
1433    22.871842942403429  -0.66451483232833974  30.60083314120341
1434    22.702860315056906  -0.60278718979829626  30.658271370531779
1435    22.562880063485235  -0.51070641507861103  30.702416779340201
1436    22.775863438797902  -0.70092432323348197  29.367323776637683
1437    22.578308770095603  -0.6649386762507753  29.444051379045213
1438    22.412324795969724  -0.60114544510396573  29.510695421184586
1439    22.273765864207359  -0.50809290633617676  29.560044791319207
1440    23.544755698906233  -1.1147185734575789  32.881601074471121
1441    23.275344508645858  -1.0655374925637762  32.946176395918684
1442    23.035661694565391  -0.97501897672953142  33.004072820997486
1443    22.829184314446199  -0.83901258582487304  33.051229694963297
1444    23.294760749610528  -1.1007699616764282  31.711929335120068
1445    23.027159006047331  -1.0522880344820791  31.784742878047783
1446    22.788925475433089  -0.96270208220890519  31.849787625017484
1447    22.583640796076246  -0.82732495134449335  31.903552322114106
1448    23.02152318272536  -1.094153494894694  30.546739020968619
1449    22.756095536354536  -1.0450328507455264  30.628144897981766
1450    22.519675939701699  -0.9550415913791479  30.700692079447638
1451    22.315749711332288  -0.81968559753031256  30.761225559950212
1452    22.725749927570657  -1.0966462943123556  29.383917828850564
1453    22.46371423732074  -1.0454409045953459  29.475566044180724
1454    22.230522886229323  -0.95347099505276811  29.55786015505937
1455    22.028306740183467  -0.81730896362951844  29.624350687980336
1456    23.492416927794466  -1.5105621961338578  32.887177362730668
1457    23.15743155401297  -1.446059286059435  32.965499976518643
1458    22.849743704561831  -1.3269067148221068  33.037616756852856
1459    22.578250765416314  -1.1469014040184937  33.098526427237026
1460    23.243037227120666  -1.4965788237391595  31.72101396651788
1461    22.910277566740366  -1.4328170246978724  31.808024458252856
1462    22.604334877116834  -1.3147837223616272  31.887843673312158
1463    22.334574813179401  -1.135770197463454  31.956728720098276
1464    22.970541113447883  -1.4899123999384176  30.559623801259161
1465    22.640348130305643  -1.4255508691627132  30.65545665476014
1466    22.336491564346499  -1.3072959929599994  30.743112788363515
1467    22.068619359179355  -1.1286647799820142  30.820034340560227
1468    22.675636416343398  -1.4923682653912296  29.400511881063444
1469    22.349119704545878  -1.4259431329399161  29.507080709316227
1470    22.048720976488902  -1.3057965450015703  29.605024888934164
1471    21.782847616159572  -1.1265250209228601  29.688656584641464
1472    23.440078156682713  -1.9064058188101369  32.892753650990194
1473    23.039518599380067  -1.826581079555095  32.984823557118567
1474    22.663825714558303  -1.6787944529146817  33.071160692708204
1475    22.327317216386437  -1.4547902222121152  33.145823159510741
1476    23.191313704630804  -1.8923876858018911  31.730098597915678
1477    22.793396127433411  -1.8133460149136644  31.831306038457914
1478    22.419744278800582  -1.6668653625143492  31.925899721606815
1479    22.08550883028256  -1.4442154435824139  32.00990511808245
1480    22.919559044170413  -1.8856713049821412  30.572508581549702
1481    22.524600724256754  -1.8060688875798998  30.682768411538497
1482    22.153307188991292  -1.6595503945408514  30.785533497279374
1483    21.821489007026411  -1.4376439624337156  30.878843121170235
1484    22.625522905116156  -1.8880902364701033  29.417105933276328
1485    22.234525171771008  -1.8064453612844866  29.538595374451731
1486    21.866919066748498  -1.6581220949503728  29.652189622808944
1487    21.537388492135683  -1.4357410782162017  29.752962481302585
1488    22.961623908559925  -0.40823067566458415  33.028100403965666
1489    22.866111679895511  -0.27166358028451815  33.045870212688065
1490    22.802530834343468  -0.14628602153546622  33.05682782743412
1491    22.779831028764473  -0.056961539461840661  33.060558686781206
1492    22.714396693210919  -0.39607034071798364  31.879348441676132
1493    22.618864998677861  -0.26032251218800534  31.901826323826189
1494    22.55514989210609  -0.13686561694398044  31.916364593626877
1495    22.532289570227743  -0.050929052294290768  31.921518274124946
1496    22.445362960760892  -0.38735851509840014  30.736329405687016
1497    22.351151850903708  -0.2510609749685937  30.763812432831855
1498    22.288642533856688  -0.12815576477967924  30.782228429254292
1499    22.26623080956286  -0.044984854622145271  30.788939963433865
1500    22.157510542242122  -0.38399114667927942  29.597620052424595
1501    22.065882632778848  -0.24632378182441228  29.630495833144277
1502    22.005904336511605  -0.12254938175359133  29.653792120244749
1503    21.984597854134449  -0.040126516448833527  29.662628900492329
1504    22.653734505919463  -0.66007871598879353  33.088116516141703
1505    22.513282074906243  -0.45644592693211489  33.116697929344078
1506    22.420525581622755  -0.24746602388260736  33.13515599955474
1507    22.388163586285305  -0.052490812068042562  33.141672791758118
1508    22.408792347924795  -0.64892384743604237  31.946530196309649
1509    22.268199730472698  -0.4464093536894374  31.980034806641523
1510    22.174941911347524  -0.23930938308029676  32.001785397292942
1511    22.142097858176776  -0.047151848584238404  32.009501212447155
1512    22.142092536650665  -0.64119800831668206  30.810347012051981
1513    22.002657541567743  -0.43843945716797411  30.848890374269352
1514    21.910196205408873  -0.23185706628702266  30.874049040117523
1515    21.877460007499383  -0.041897957876662867  30.8830164031117
1516    21.856079130436047  -0.63827535656044976  29.677636863200924
1517    21.719124096724531  -0.43429111625218425  29.721489380139531
1518    21.628978567663037  -0.22682923490726262  29.751215984032257
1519    21.597179471865672  -0.037362704728227683  29.762124420115097
1520    22.345845103279004  -0.91192675631300313  33.148132628317747
1521    22.160452469916969  -0.64122827357971157  33.187525646000104
1522    22.038520328902045  -0.3486460262297485  33.21348417167539
1523    21.996496143806134  -0.048020084674244463  33.222786896735016
1524    22.103188002638671  -0.90177735415410087  32.013711950943161
1525    21.917534462267561  -0.63249619519086953  32.058243289456854
1526    21.794733930588976  -0.34175314921661304  32.087206200959017
1527    21.751906146125815  -0.043374644874186005  32.097484150769397
1528    21.838822112540431  -0.89503750153496409  30.884364618416946
1529    21.654163232231795  -0.62581793936735453  30.933968315706835
1530    21.531749876961065  -0.33555836779436604  30.965869650980743
1531    21.488689205435914  -0.038811061131180422  30.977092842789538
1532    21.55464771862998  -0.89255956644162038  29.757653673977249
1533    21.372365560670222  -0.62225845067995611  29.812482927134781
1534    21.252052798814468  -0.33110908806093392  29.848639847819758
1535    21.209761089596906  -0.034598893007621902  29.86161993973786
1536    22.037955700638548  -1.1637747966372118  33.208148740493783
1537    21.807622864927694  -0.82601062022730798  33.258353362656109
1538    21.656515076181336  -0.44982602857688964  33.291812343796032
1539    21.604828701326966  -0.043549357280446267  33.303901001711928
1540    21.797583657352554  -1.15463086087216  32.080893705576671
1541    21.566869194062399  -0.81858303669230148  32.136451772272181
1542    21.414525949830406  -0.44419691535292927  32.172627004625099
1543    21.361714434074845  -0.039597441164133551  32.185467089091603
1544    21.535551688430214  -1.1488769947532458  30.958382224781904
1545    21.305668922895837  -0.81319642156673488  31.019046257144325
1546    21.15330354851325  -0.43925966930170934  31.057690261843977
1547    21.099918403372435  -0.035724164385697907  31.071169282467377
1548    21.253216306823909  -1.146843776322791  29.837670484753577
1549    21.025607024615901  -0.81022578510772791  29.903476474130024
1550    20.875127029965899  -0.43538894121460536  29.946063711607277
1551    20.822342707328129  -0.031835081287015975  29.961115459360638
1552    22.807734844693019  0.037891289312377077  33.055194975265856
1553    22.883054408593033  0.17741851329670771  33.040311061018258
1554    22.995373694719223  0.33310353014699084  33.017655658006035
1555    23.134276677326348  0.47642973751906581  32.988977480196915
1556    22.559769590800087  0.040010142079703243  31.914821204168479
1557    22.634007054855925  0.17619719366526029  31.896557209014599
1558    22.744437474040691  0.32898610590692351  31.869406291323532
1559    22.880496359999828  0.46973088224923659  31.836048453755517
1560    22.292787813264855  0.042660988130156757  30.780768093759114
1561    22.364844890145406  0.17687248942971054  30.758812846889253
1562    22.472288155057626  0.32812991917552442  30.72685524370959
1563    22.605003722854619  0.46691354726660761  30.688676305105531
1564    22.009501225471343  0.046327353949039786  29.652399341541479
1565    22.077852242939368  0.18031189028781447  29.625714136293375
1566    22.181222736122102  0.33154420406837387  29.588519559384309
1567    22.311184534603196  0.46974140679160242  29.546761885450611
1568    22.428022826012189  0.1470988978888535  33.133738573404692
1569    22.533550431308218  0.36783398387230831  33.112063084596151
1570    22.689875552469314  0.58723017341498007  33.079657599293249
1571    22.882127339791474  0.78280319404952714  33.039533391456899
1572    22.18151434329048  0.14921845676586826  32.000426893067086
1573    22.28617081026707  0.36698192644197264  31.975596426491744
1574    22.440845233606638  0.58364842722568155  31.938413076468525
1575    22.630315587809299  0.77672782589860234  31.89228010674481
1576    21.915952649492034  0.15186962855708505  30.87274395765732
1577    22.018679583431897  0.36801819044478673  30.844630858210451
1578    22.170644914232625  0.58331171098848067  30.802541988362108
1579    22.35685274680791  0.77451417339020567  30.75034223170341
1580    21.634029283069719  0.1555252485967949  29.749951503139698
1581    21.733188771924471  0.37160728756693195  29.717363386570181
1582    21.881232312411854  0.58694425226051017  29.670061823711229
1583    22.064734278513857  0.77759698275585687  29.613748567867557
1584    22.048310807331358  0.25630650646532988  33.212282171543556
1585    22.184046454023399  0.55824945444790885  33.183815108174059
1586    22.384377410219408  0.84135681668296947  33.141659540580477
1587    22.629978002256582  1.0891766505799885  33.090089302716898
1588    21.803259095780877  0.2584267714520333  32.086032581965696
1589    21.938334565678211  0.55776665921868496  32.054635643968901
1590    22.137252993172584  0.83831074854443954  32.007419861613513
1591    22.380134815618757  1.0837247695479681  31.948511759734096
1592    21.53911748571922  0.26107826898401337  30.964719821555519
1593    21.672514276718385  0.55916389145986289  30.930448869531649
1594    21.869001673407634  0.83849350280143697  30.878228733014652
1595    22.108701770761204  1.0821147995138038  30.812008158301296
1596    21.258557340668091  0.26472314324455004  29.847503664737918
1597    21.388525300909578  0.56290268484604944  29.809012636846983
1598    21.581241888701605  0.84234430045264641  29.75160408803815
1599    21.818284022424518  1.0854525587201111  29.680735250284499
1600    21.668598788650524  0.36551411504180636  33.290825769682385
1601    21.834542476738584  0.74866492502350934  33.255567131751953
1602    22.078879267969498  1.0954834599509591  33.203661481867705
1603    22.377828664721697  1.3955501071104499  33.140645213976882
1604    21.425003848271263  0.3676350861381984  32.171638270864293
1605    21.590498321089353  0.74855139199539755  32.133674861446025
1606    21.833660752738531  1.0929730698631979  32.076426646758513
1607    22.129954043428221  1.3907217131973333  32.004743412723386
1608    21.1622823219464  0.37028690941094156  31.056695685453722
1609    21.326348970004876  0.75030959247493956  31.016266880852857
1610    21.567358432582644  1.0936752946143935  30.953915477667174
1611    21.860550794714495  1.3897154256374014  30.873674084899175
1612    20.883085398266466  0.37392103789230507  29.945055826336137
1613    21.043861829894681  0.75419808212516704  29.900661887123793
1614    21.281251464991357  1.097744348644782  29.833146352365066
1615    21.571833766335178  1.3933081346843654  29.747721932701449
1616    23.295916346828623  0.58649455529938899  32.953735283432678
1617    23.483748818921146  0.66313403395605053  32.911078593426346
1618    23.698312755780123  0.70893951701734093  32.862292278952602
1619    23.038698687220581  0.57738557694884651  31.795557738019021
1620    23.223216098437167  0.65188350926556882  31.746228178602731
1621    23.434969107665573  0.6960475801486995  31.689569767337435
1622    22.759647718819657  0.57279706355125437  30.642688600475623
1623    22.940583893417042  0.64655912779268832  30.58613953782281
1624    23.149259799271597  0.69048746476230949  30.521062395939378
1625    22.463022514163466  0.57517886106730121  29.495491265207132
1626    22.639715949099184  0.64939628181524567  29.429535184717576
1627    22.844378266767222  0.69400730900127694  29.354505921642133
1628    23.104059975010351  0.93461410111584919  32.991189138293187
1629    23.356230536670775  1.0400995251312812  32.934017894744279
1630    23.633972520282523  1.102838556394637  32.870872501375239
1631    22.848878883308675  0.92610771919902979  31.8373250244757
1632    23.097881247705757  1.0292783005250281  31.772965884413463
1633    23.372674331251716  1.0901533316478556  31.701541771701297
1634    22.57193685731951  0.92210265158814497  30.688620445287373
1635    22.817529364862988  1.0243655072842026  30.616730483620422
1636    23.089131888752874  1.0847836553259955  30.536684726473737
1637    22.277006710578384  0.92473060218405334  29.546014055422148
1638    22.518342775592643  1.0273715811301012  29.464239699908056
1639    22.785788537497652  1.0883727808532055  29.373813720355233
1640    22.912203603192083  1.2827336469323094  33.028642993153717
1641    23.228712254420408  1.417065016306513  32.956957196062241
1642    23.569632284784912  1.4967375957719322  32.87945272379789
1643    22.659059079396776  1.2748298614492131  31.879092310932382
1644    22.972546396974352  1.4066730917844872  31.799703590224194
1645    23.310379554837862  1.4842590831470119  31.713513776065145
1646    22.384225995819371  1.2714082396250355  30.734552290099138
1647    22.694474836308927  1.4021718867757162  30.647321429418049
1648    23.029003978234162  1.479079845889681  30.552307057008107
1649    22.090990906993305  1.2742823433008055  29.59653684563715
1650    22.396969602086099  1.4053468804449565  29.498944215098522
1651    22.727198808228067  1.4827382527051338  29.393121519068323
1652    22.720347231373804  1.6308531927487699  33.066096848014226
1653    23.101193972170027  1.7940305074817435  32.979896497380174
1654    23.505292049287306  1.8906366351492283  32.888032946220527
1655    22.469239275484867  1.6235520036993969  31.920859597389057
1656    22.847211546242935  1.7840678830439469  31.826441296034922
1657    23.248084778424005  1.8783648346461681  31.725485780429015
1658    22.19651513431922  1.6207138276619268  30.780484134910889
1659    22.57142030775487  1.7799782662672303  30.677912375215662
1660    22.968876067715435  1.8733760364533669  30.56792938754247
1661    21.904975103408226  1.6238340844175587  29.64705963585217
1662    22.275596428579554  1.7833221797598124  29.533648730289006
1663    22.668609078958497  1.8771037245570628  29.412429317781431
1664    22.752912086104693  0.72399625282586966  28.108765216430196
1665    22.981884965188005  0.71359728681918677  28.028449545661466
1666    23.177619679826744  0.67604563133403017  27.952364362697462
1667    23.342913655987143  0.61055265208531362  27.886246507461408
1668    23.480564319635462  0.51632971478795042  27.835832819876501
1669    22.402636517429052  0.74477827305327016  26.950149680935276
1670    22.622115555179359  0.73387988057828457  26.865375106457311
1671    22.813312912226856  0.69572478448030695  26.785291312178796
1672    22.976667839214926  0.62924778611848886  26.715388382956039
1673    23.112619586786959  0.53338368685198168  26.661156403645347
1674    22.029705702750572  0.77123992817918652  25.800800847284243
1675    22.239624155929064  0.75942840699745273  25.711576621658196
1676    22.426137320259926  0.71975972536207389  25.627514571699663
1677    22.587406362950269  0.65138856296257419  25.553846924124713
1678    22.721592451207218  0.55346959948847785  25.49580590564938
1679    21.634529156322309  0.80164950310936489  24.661350415605334
1680    21.839209690656425  0.78776242538865482  24.568515226834343
1681    22.021630839593907  0.7437526546481853  24.479150411068684
1682    22.179988916172203  0.67086741291619434  24.400277060108333
1683    22.312480233428733  0.57035392222092074  24.338916265753284
1684    22.75046547899381  1.1239306181937245  28.115619220736527
1685    23.035282112878601  1.1091617129923033  28.017521926169515
1686    23.294599407715211  1.0560677175662965  27.922000674811841
1687    23.525756126007668  0.96195804125497475  27.83577546703923
1688    23.72609103025998  0.82414209339760691  27.765566303227352
1689    22.401884654442075  1.144684340172226  26.958805659238205
1690    22.679141433810841  1.1290426241551172  26.853699722358055
1691    22.934390136384692  1.0745131332414519  26.752536705768815
1692    23.163083460125033  0.97836468106600039  26.661218859271454
1693    23.360674102993233  0.83786608126353113  26.585648432666972
1694    22.030492469424665  1.171118860039267  25.810617364025482
1695    22.300103944732697  1.1541927065769169  25.698521310457494
1696    22.551096066045396  1.0973221415905738  25.59175728501226
1697    22.777138006235226  0.99822933496597377  25.495387556165756
1698    22.971898938174611  0.85463645658885001  25.414474392393945
1699    21.636133806787065  1.2015048092860348  24.671988047825312
1700    21.901189080862078  1.1823416500816823  24.554613989405105
1701    22.147868053858733  1.1207699853296889  24.440682556856508
1702    22.370326481055528  1.0167018605864955  24.337395023864296
1703    22.56272011773094  0.87004932140854496  24.251952664113254
1704    22.74801887188293  1.5238649835615796  28.122473225042864
1705    23.088679260569176  1.5047261391654201  28.00659430667757
1706    23.411579135603688  1.4360898037985628  27.891636986926237
1707    23.708598596028192  1.313363430424636  27.785304426617063
1708    23.971617740884493  1.1319544720072634  27.695299786578214
1709    22.40113279145509  1.5445904072911825  26.967461637541131
1710    22.736167312442308  1.5242053677319498  26.84202433825881
1711    23.055467360542526  1.4533014820025978  26.719782099358824
1712    23.349499081035127  1.3274815760135121  26.607049335586868
1713    23.608728619199482  1.1423484756750806  26.510140461688589
1714    22.031279236098758  1.5709977918993476  25.820433880766736
1715    22.360583733536309  1.5489570061563804  25.68546599925681
1716    22.676054811830877  1.4748845578190748  25.555999998324864
1717    22.966869649520174  1.345070106969374  25.436928188206807
1718    23.222205425141986  1.1558033136892218  25.333142879138517
1719    21.637738457251817  1.6013601154627053  24.682625680045291
1720    21.963168471067725  1.576920874774711  24.540712751975864
1721    22.274105268123549  1.4977873160111925  24.40221470264434
1722    22.56066404593885  1.3625363082567967  24.274512987620263
1723    22.812960002033151  1.1697447205961691  24.164989062473218
1724    22.745572264772047  1.9237993489294345  28.12932722934919
1725    23.142076408259769  1.9002905653385358  27.995666687185611
1726    23.528558863492155  1.8161118900308297  27.861273299040612
1727    23.891441066048724  1.6647688195942965  27.734833386194886
1728    24.217144451509011  1.4397668506169199  27.625033269929066
1729    22.40038092846811  1.9444964744101385  26.976117615844061
1730    22.793193191073783  1.9193681113087828  26.830348954159557
1731    23.176544584700359  1.8320898307637432  26.687027492948843
1732    23.535914701945224  1.6765984709610235  26.552879811902276
1733    23.856783135405756  1.4468308700866306  26.434632490710214
1734    22.032066002772858  1.9708767237594282  25.830250397507974
1735    22.421063522339949  1.9437213057358449  25.672410688056107
1736    22.801013557616347  1.8524469740475753  25.520242711637458
1737    23.156601292805139  1.6919108789727741  25.378468820247853
1738    23.47251191210939  1.4569701707895941  25.251811365883082
1739    21.639343107716574  2.0012154216393752  24.693263312265266
1740    22.025147861273375  1.9715000994677387  24.526811514546633
1741    22.400342482388378  1.8748046466926964  24.363746848432164
1742    22.751001610822183  1.7083707559270975  24.211630951376225
1743    23.063199886335365  1.4694401197837934  24.078025460833189
1744    23.59614758021462  0.39133119723278104  27.798333010161432
1745    23.688204075433735  0.25179807147877131  27.768674515945502
1746    23.748978323658484  0.12437159464302519  27.749170768267817
1747    23.770714843254513  0.035693023842646526  27.742135198167478
1748    23.227039299444332  0.40677958310301326  26.620879092322966
1749    23.319606894490853  0.26482802520957888  26.590204684456079
1750    23.381474781773775  0.13158199540448859  26.570670040987363
1751    23.403795371140337  0.031094475920551215  26.563812022859466
1752    22.834477997984116  0.42481849459816695  25.452701374706269
1753    22.926741333348861  0.27947739168071339  25.420901673558902
1754    22.988887500180791  0.13944069602168396  25.401226754669612
1755    23.011421541359162  0.026702812906644821  25.394496570500721
1756    22.423348294005127  0.43930542302730791  24.294400353754465
1757    22.512569025753827  0.28919635150028394  24.26181133695966
1758    22.571937379529142  0.14284572321808475  24.241794837813806
1759    22.593248306185298  0.023072553758942627  24.234996478761857
1760    23.896666853235406  0.64376553828309468  27.710273703262061
1761    24.032574235158023  0.43780300775160208  27.666569097375177
1762    24.122193799723185  0.22730736246929245  27.637828851461343
1763    24.153906170626204  0.033331463102329963  27.627429331415229
1764    23.528623336549995  0.6549981968677332  26.526055823247837
1765    23.663326722175466  0.44639574722135522  26.480396219426989
1766    23.752638392560279  0.23130833042275764  26.451159057686112
1767    23.784412480395098  0.028985544570301322  26.440833774506885
1768    23.13685436191836  0.66883369106289636  25.350596818580225
1769    23.269545866378994  0.45661550823412139  25.303015315955765
1770    23.357741757715807  0.23596050585172379  25.273314337518162
1771    23.389210342087996  0.024847281664904373  25.263078336265043
1772    22.724884573516348  0.68143809710916359  24.185731539009549
1773    22.853515266843061  0.46433267102609349  24.136405597576456
1774    22.938057666189923  0.23790321975240009  24.105622944924285
1775    22.967957240035769  0.021319919881148605  24.095031686163338
1776    24.197186126256188  0.89619987933340839  27.622214396362693
1777    24.376944394882308  0.62380794402443285  27.564463678804838
1778    24.495409275787875  0.33024313029555974  27.526486934654862
1779    24.537097497997891  0.030969902362013427  27.512723464662972
1780    23.830207373655671  0.90321681063245307  26.431232554172698
1781    24.007046549860078  0.62796346923313151  26.370587754397885
1782    24.123802003346793  0.33103466544102667  26.331648074384859
1783    24.165029589649848  0.026876613220051492  26.317855526154283
1784    23.439230725852596  0.91284888752762572  25.248492262454182
1785    23.61235039940912  0.63375362478752939  25.18512895835261
1786    23.726596015250806  0.33248031568176362  25.145401920366716
1787    23.766999142816825  0.022991750423163856  25.13166010202935
1788    23.026420853027574  0.92357077119101938  24.077062724264628
1789    23.194461507932282  0.63946899055190298  24.010999858193234
1790    23.304177952850715  0.33296071628671531  23.96945105203476
1791    23.342666173886226  0.019567286003354639  23.955066893564808
1792    24.497705399276978  1.1486342203837223  27.534155089463326
1793    24.721314554606597  0.80981288029726339  27.462358260234513
1794    24.868624751852582  0.43317889812182692  27.415145017848385
1795    24.920288825369585  0.028608341621696849  27.398017597910727
1796    24.131791410761334  1.1514354243971729  26.33640928509757
1797    24.350766377544694  0.80953119124490758  26.260779289368799
1798    24.494965614133299  0.430761000459296  26.212137091083608
1799    24.545646698904608  0.024767681869801564  26.194877277801698
1800    23.741607089786839  1.1568640839923552  25.146387706328138
1801    23.955154932439253  0.81089174134093689  25.067242600749474
1802    24.095450272785818  0.4290001255118035  25.017489503215266
1803    24.144787943545648  0.021136219181423353  25.000241867793672
1804    23.327957132538788  1.1657034452728745  23.968393909519698
1805    23.535407749021516  0.81460531007771242  23.885594118810037
1806    23.670298239511492  0.42801821282103042  23.833279159145235
1807    23.7173751077367  0.017814652125560604  23.815102100966293
1808    23.745424423240653  -0.056512657632568443  27.748141014120741
1809    23.676487892963852  -0.19295050806976519  27.765820706069444
1810    23.573204831282055  -0.34462433271725429  27.7945766272511
1811    23.444874817053179  -0.48253793682334567  27.833811130903218
1812    23.378214218567386  -0.072469749682570597  26.569814047051104
1813    23.309127376875523  -0.21355054527753892  26.587823519004882
1814    23.20681300117765  -0.36600189978003356  26.617823282359112
1815    23.081549246586651  -0.50367780210573421  26.659796180752149
1816    22.985844106741261  -0.088673036903637953  25.400562528496341
1817    22.917254744765383  -0.23539355383073682  25.419050776699457
1818    22.816556846182483  -0.38961921436259628  25.450443378470531
1819    22.694653801743485  -0.52751049498716029  25.495222397170078
1820    22.569178790561331  -0.098962132444631534  24.241326695840382
1821    22.504129259560674  -0.25108397492623324  24.260550005789831
1822    22.407479827134356  -0.40895395405679291  24.293093152110668
1823    22.288610607233355  -0.54823305020724067  24.339382878303354
1824    24.117559180671883  -0.16362063711444452  27.637166186844272
1825    24.019655401478275  -0.38169441055377162  27.664959154746427
1826    23.87355756496066  -0.59781128496085856  27.708370732102139
1827    23.692628403034309  -0.78889268808091206  27.764963415891863
1828    23.748446871852632  -0.1759468422780226  26.450677496091362
1829    23.651794021462003  -0.3976472569363283  26.47918861683322
1830    23.508189914448391  -0.61504239361441015  26.524718475501327
1831    23.33137053603696  -0.80705894652206411  26.585618410864569
1832    23.353916219477199  -0.18852113482447572  25.273031424848288
1833    23.259152527833052  -0.41485082532267531  25.302266200285107
1834    23.118680380266962  -0.63452685889266802  25.349919842120833
1835    22.946260889890254  -0.82793430459742856  25.415129529900906
1836    22.93457849469786  -0.19717852284253101  24.105520670166992
1837    22.844215855643572  -0.42846245770599595  24.13615398248222
1838    22.708709670076875  -0.65202529066489789  24.185842583229434
1839    22.539900285201725  -0.84736042767489128  24.253497432529016
1840    24.489693938103123  -0.27072861659632058  27.526191359567797
1841    24.362822909992694  -0.57043831303777803  27.564097603423406
1842    24.173910298639253  -0.85099823720446277  27.622164836953182
1843    23.940381989015446  -1.0952474393384786  27.696115700880508
1844    24.118679525137885  -0.27942393487347461  26.331540945131618
1845    23.994460666048482  -0.58174396859511757  26.370553714661575
1846    23.809566827719106  -0.86408288744878703  26.431613668643536
1847    23.581191825487263  -1.1104400909383938  26.511440640976975
1848    23.721988332213126  -0.28836923274531351  25.145500321200249
1849    23.601050310900735  -0.59430809681461383  25.18548162387075
1850    23.420803914351417  -0.87943450342274032  25.249396305771139
1851    23.19786797803701  -1.128358114207697  25.335036662631722
1852    23.299978198834403  -0.29539491324043049  23.969714644493617
1853    23.18430245172647  -0.60584094048575865  24.011757959174627
1854    23.009939513019383  -0.8950966272730031  24.078592014348217
1855    22.791189963170076  -1.1464878051425416  24.167611986754714
1856    24.861828695534353  -0.37783659607819675  27.415216532291332
1857    24.705990418507113  -0.75918221552178466  27.463236052100392
1858    24.474263032317861  -1.1041851894480672  27.535958941804214
1859    24.188135574996569  -1.4016021905960458  27.62726798586915
1860    24.488912178423138  -0.38290102746892662  26.21240439417188
1861    24.337127310634951  -0.76584068025390706  26.26191881248991
1862    24.110943740989846  -1.1131233812831636  26.338508861785755
1863    23.83101311493758  -1.4138212353547235  26.437262871089395
1864    24.09006044494906  -0.38821733066615111  25.017969217552189
1865    23.942948093968401  -0.77376536830655263  25.068697047456396
1866    23.722927448435897  -1.1243421479528117  25.148872769421452
1867    23.449475066183773  -1.4287819238179655  25.254943795362554
1868    23.665377902970931  -0.39361130363832991  23.833908618820232
1869    23.524389047809372  -0.78321942326552119  23.88736193586703
1870    23.311169355961901  -1.1381679638811082  23.97134144546698
1871    23.042479641138446  -1.445615182610192  24.081726540980377
1872    23.295599864906691  -0.5879849607299994  27.888375258705203
1873    23.121602706343509  -0.6624685868794612  27.958939276591057
1874    22.920363995528582  -0.70730693367047015  28.038634374180258
1875    22.689364386626924  -0.723818119501766  28.120591741092269
1876    22.935816713298063  -0.6092881520369926  26.717876404327665
1877    22.765113337382264  -0.68380393194511335  26.791869506642765
1878    22.569243277764265  -0.72847075462920385  26.875265376456195
1879    22.348010693369108  -0.74453423288837195  26.961553902526656
1880    22.552485449675533  -0.63375537453532127  25.556811028401281
1881    22.385123733605148  -0.70933995610515554  25.634216301286376
1882    22.194670202382085  -0.75487190258538228  25.72129602946476
1883    21.983226404856158  -0.7709588768647202  25.811908026575821
1884    22.148989027456761  -0.65609274089499958  24.404144054278618
1885    21.985184965500128  -0.73508119629219038  24.486571504567515
1886    21.79923221045879  -0.78392443575178383  24.578796904602001
1887    21.593164551428142  -0.8013484786267514  24.672951929813848
1888    23.48339757539912  -0.93670275032748695  27.838034199049918
1889    23.24545919166837  -1.0400869228729019  27.927455106192607
1890    22.98177265862731  -1.1015886146005116  28.025651181823459
1891    22.695297383061231  -1.1237512343936733  28.125047470445974
1892    23.126252858615707  -0.95619870282753539  26.663888906261846
1893    22.891801243976261  -1.0605769373422118  26.758180627169317
1894    22.63282276144923  -1.1225405757405986  26.861820185561971
1895    22.354124480365261  -1.1444365436972008  26.968134193414745
1896    22.745298389705454  -0.97887265243194987  25.498584727238526
1897    22.514426003606868  -1.0852765233502235  25.597714239253229
1898    22.260248031043414  -1.1487336828537222  25.706764257750088
1899    21.989368771464061  -1.1708318964439179  25.819980974534221
1900    22.341945047002746  -1.000433721316635  24.341409654132594
1901    22.11516038210053  -1.1106566253015655  24.447358913549714
1902    21.865625258652869  -1.1776909472815009  24.563488983538583
1903    21.599418644817604  -1.201198494908257  24.681943636857255
1904    23.671195285891564  -1.2854205399249745  27.787693139394619
1905    23.369315676993246  -1.4177052588663421  27.895970935794153
1906    23.043181321726038  -1.4958702955305536  28.012667989466664
1907    22.701230379495545  -1.5236843492855807  28.129503199799679
1908    23.316689003933355  -1.3031092536180782  26.609901408196034
1909    23.018489150570264  -1.4373499427393102  26.724491747695879
1910    22.696402245134205  -1.5166103968519935  26.848374994667743
1911    22.360238267361428  -1.5443388545060306  26.974714484302819
1912    22.938111329735381  -1.3239899303285785  25.440358426075768
1913    22.643728273608584  -1.4612130905952916  25.561212177220067
1914    22.325825859704722  -1.5425954631220624  25.692232486035415
1915    21.995511138071954  -1.5707049160231166  25.828053922492611
1916    22.534901066548745  -1.3447747017382699  24.27867525398657
1917    22.245135798700936  -1.4862320543109404  24.408146322531909
1918    21.932018306846953  -1.5714574588112171  24.548181062475166
1919    21.605672738207062  -1.6010485111897639  24.690935343900666
1920    23.858992996383993  -1.6341383295224625  27.737352079739335
1921    23.49317216231811  -1.7953235948597825  27.864486765395707
1922    23.104589984824766  -1.8901519764605952  27.999684797109865
1923    22.707163375929845  -1.9236174641774886  28.133958929153383
1924    23.507125149250999  -1.6500198044086214  26.555913910130215
1925    23.145177057164261  -1.8141229481364094  26.690802868222434
1926    22.759981728819174  -1.9106802179633888  26.83492980377352
1927    22.366352054357577  -1.9442411653148597  26.981294775190907
1928    23.130924269765316  -1.6691072082252068  25.382132124913014
1929    22.773030543610304  -1.8371496578403597  25.524710115186913
1930    22.391403688366061  -1.9364572433904021  25.677700714320757
1931    22.001653504679854  -1.9705779356023136  25.836126870451011
1932    22.727857086094723  -1.6891156821599047  24.21594085384055
1933    22.375111215301338  -1.8618074833203153  24.368933731514108
1934    21.998411355041029  -1.965223970340934  24.532873141411756
1935    21.611926831596517  -2.0008985274712701  24.699927050944073
1936    22.46169201389371  -0.71327458809907607  28.20542254060306
1937    22.269022899842888  -0.67553670896224738  28.291024269896294
1938    22.106719531027618  -0.60980448915119712  28.366457619453055
1939    21.970144394001085  -0.51527793572584224  28.420783279754367
1940    22.130408738622997  -0.73337630224212835  27.051864983545027
1941    21.943545333426254  -0.69485436044610915  27.143729588216392
1942    21.78439678491517  -0.62792721365360737  27.225239210320904
1943    21.649939400226003  -0.53155366801791626  27.284485343638686
1944    21.775646511945336  -0.75878831158779692  25.907239317975638
1945    21.594482432068656  -0.71860618928090858  26.004354641547597
1946    21.438382320327719  -0.64960799765527688  26.090928379722335
1947    21.305994331824106  -0.55098922442212317  26.154634914930412
1948    21.391038232820275  -0.78706946206123862  24.772133756406895
1949    21.214440556993001  -0.7425067540451934  24.875086737431957
1950    21.061701899960614  -0.66894122020028635  24.967413313591429
1951    20.931152637737359  -0.56765372614818788  25.034715925587697
1952    22.411219201479305  -1.1087982167484318  28.226003296021194
1953    22.153745640692652  -1.0554759974592725  28.327302678218192
1954    21.924368642939417  -0.96111248735721089  28.419007705102647
1955    21.72458015045779  -0.82303559727326436  28.491180464740136
1956    22.077987832122606  -1.1284881730732992  27.076773399494403
1957    21.825414776914755  -1.0735683533540463  27.185218366097455
1958    21.599293177265199  -0.97699834664975704  27.283540425493573
1959    21.402510895697425  -0.8360994150707477  27.361810909952418
1960    21.721180664328024  -1.1534868655639814  25.935976495742061
1961    21.473523531787148  -1.0960865694044066  26.050847502923332
1962    21.250672747329443  -0.99642719008766267  26.155067051003307
1963    21.056903684442883  -0.85230490973621442  26.239108194907182
1964    21.335922542923015  -1.1815649964974972  24.803360941235976
1965    21.092873791109902  -1.1193992427350916  24.925724483800622
1966    20.8738836112549  -1.0146976348281826  25.037196316402888
1967    20.682563225234627  -0.86745657398390996  25.125938490894427
1968    22.360746389064918  -1.5043218453977871  28.246584051439317
1969    22.038468381542415  -1.4354152859562963  28.363581086540091
1970    21.742017754851211  -1.3124204855632247  28.471557790752236
1971    21.479015906914501  -1.1307932588206864  28.561577649725901
1972    22.025566925622222  -1.5236000439044708  27.101681815443772
1973    21.70728422040326  -1.4522823462619834  27.226707143978512
1974    21.414189569615242  -1.3260694796459067  27.341841640666253
1975    21.15508239116885  -1.1406451621235791  27.439136476266139
1976    21.666714816710709  -1.5481854195401654  25.964713673508477
1977    21.352564631505658  -1.4735669495279047  26.097340364299061
1978    21.06296317433117  -1.3432463825200478  26.21920572228429
1979    20.807813037061656  -1.1536205950503053  26.323581474883962
1980    21.280806853025769  -1.5760605309337563  24.834588126065047
1981    20.97130702522681  -1.4962917314249899  24.97636223016929
1982    20.686065322549197  -1.3604540494560782  25.106979319214357
1983    20.433973812731892  -1.1672594218196317  25.217161056201153
1984    22.310273576650523  -1.8998454740471433  28.267164806857437
1985    21.923191122392186  -1.8153545744533215  28.399859494861985
1986    21.559666866763013  -1.663728483769239  28.524107876401818
1987    21.233451663371209  -1.4385509203681086  28.631974834711674
1988    21.973146019121831  -1.9187119147356417  27.126590231393134
1989    21.589153663891761  -1.8309963391699204  27.268195921859572
1990    21.229085961965268  -1.6751406126420567  27.400142855838926
1991    20.907653886640276  -1.445190909176411  27.516462042579864
1992    21.6122489690934  -1.9428839735163503  25.99345085127489
1993    21.23160573122415  -1.851047329651403  26.143833225674801
1994    20.875253601332897  -1.6900655749524336  26.283344393565258
1995    20.558722389680433  -1.4549362803643973  26.408054754860729
1996    21.225691163128502  -1.9705560653700152  24.865815310894121
1997    20.849740259343715  -1.8731842201148881  25.026999976537965
1998    20.498247033843477  -1.7062104640839748  25.176762322025819
1999    20.185384400229161  -1.4670622696553541  25.308383621507883
2000    21.855348710757404  -0.39009545036907145  28.461800370395281
2001    21.765670778971135  -0.25069552726698602  28.499871512054828
2002    21.707403698716025  -0.12372831223432509  28.527902646840143
2003    21.686840570065829  -0.03584395108582742  28.538799716858335
2004    21.536722002958992  -0.40467876975687739  27.329818100137988
2005    21.447741599798331  -0.26297462250891868  27.37215504580103
2006    21.389646772506101  -0.13049061855821678  27.403438855428796
2007    21.369086102844417  -0.03127615018894777  27.415612203822256
2008    21.194621145203232  -0.42195724573712179  26.203801626127703
2009    21.106923304941038  -0.27692660579996203  26.249344611241323
2010    21.049585764884544  -0.13790354438789126  26.282821331158612
2011    21.029293478880856  -0.026894301278156493  26.295789246766937
2012    20.822036863846481  -0.43614701920422816  25.085879332839419
2013    20.738044104079872  -0.28631701538986681  25.133438385234147
2014    20.684172882854092  -0.14103433338597271  25.168470659177526
2015    20.665421724585816  -0.023169591873414219  25.182053731075204
2016    21.55438557987868  -0.642544958797858  28.548323778335977
2017    21.41992210442837  -0.43673203930025184  28.597207608326521
2018    21.331879301238054  -0.22661250327971549  28.631294754624189
2019    21.300946747438914  -0.033202015235518093  28.644048017141312
2020    21.235191442184902  -0.65308574920336782  27.424294374851296
2021    21.102694742881017  -0.44475110723355321  27.477326876686238
2022    21.015763284579041  -0.23028610267100463  27.514086999404849
2023    20.985139554072276  -0.028881349025421589  27.527753326954731
2024    20.892759935606534  -0.66630668702264217  26.30656243580113
2025    20.762891305190209  -0.45443495778133974  26.362930983802848
2026    20.677732484517716  -0.23460911987749899  26.401551457264794
2027    20.647718164912934  -0.024748571176312243  26.415761474539433
2028    20.52135427839541  -0.67861673150134394  25.196141744239682
2029    20.395961084463714  -0.46187022867286154  25.255103728260504
2030    20.314888867885831  -0.23634064169556654  25.295646867094543
2031    20.286642853108106  -0.021151546766562571  25.310593584879442
2032    21.253422448999952  -0.89499446722664466  28.634847186276648
2033    21.074173429885615  -0.62276855133351749  28.694543704598214
2034    20.956354903760079  -0.32949669432510587  28.734686862408218
2035    20.915052924812002  -0.030560079385208702  28.749296317424282
2036    20.933660881410812  -0.90149272864985797  27.518770649564601
2037    20.757647885963703  -0.62652759195818775  27.582498707571446
2038    20.641879796651988  -0.33008158678379251  27.624735143380914
2039    20.601193005300132  -0.026486547861895492  27.639894450087215
2040    20.590898726009833  -0.910656128308163  26.409323245474546
2041    20.418859305439383  -0.63194330976271729  26.476517356364361
2042    20.305879204150887  -0.33131469536710678  26.52028158337097
2043    20.266142850945002  -0.022602841074467979  26.535733702311934
2044    20.220671692944325  -0.92108644379845983  25.306404155639946
2045    20.053878064847563  -0.63742344195585643  25.376769071286862
2046    19.945604852917558  -0.33164695000516037  25.42282307501155
2047    19.907863981630374  -0.019133501659710977  25.439133438683662
2048    20.952459318121235  -1.1474439756554311  28.721370594217348
2049    20.72842475534285  -0.80880506336678348  28.791879800869911
2050    20.580830506282108  -0.43238088537049618  28.838078970192274
2051    20.529159102185083  -0.027918143534899409  28.854544617707273
2052    20.632130320636723  -1.1498997080963482  27.613246924277906
2053    20.412601029046385  -0.80830407668282234  27.687670538456658
2054    20.267996308724921  -0.4298770708965805  27.735383287356974
2055    20.217246456527988  -0.024091746698369387  27.752035573219704
2056    20.289037516413138  -1.1550055695936832  26.512084055147966
2057    20.074827305688562  -0.80945166174409477  26.590103728925897
2058    19.934025923784059  -0.42802027085671462  26.639011709477153
2059    19.884567536977073  -0.020457110972623774  26.655705930084427
2060    19.919989107493254  -1.1635561560955752  25.41666656704021
2061    19.711795045231405  -0.8129766552388511  25.498434414313223
2062    19.576320837949286  -0.42695325831475428  25.549999282928567
2063    19.529085110152657  -0.017115456552859398  25.567673292487896
2064    21.710505277772192  0.055668334877987655  28.526552622045003
2065    21.775918422875261  0.19187543176049804  28.495275577835141
2066    21.875868179881596  0.34366135485281074  28.453060999585077
2067    22.003142723297739  0.48191011944603324  28.40800130265109
2068    21.392467772653994  0.07112960565626196  27.40211203793136
2069    21.456790047153117  0.21170923813490744  27.367741065209543
2070    21.554586633170295  0.36419600411299458  27.321490601213121
2071    21.678391237533976  0.50232316045652969  27.272351961498401
2072    21.052208951701729  0.086874561865604147  26.281510928902698
2073    21.115037405594709  0.23285993225812834  26.245090849698215
2074    21.210277870620509  0.38708074343973353  26.195849321984728
2075    21.330429376839842  0.52555592895073744  26.143106658593496
2076    20.6865490565004  0.097066599087755626  25.167182634661138
2077    20.745230788021814  0.24837413697724656  25.129305182582769
2078    20.835841666864575  0.40624816442383649  25.07817811961613
2079    20.952756440743215  0.54618382405630306  25.023558190537255
2080    21.33635928175012  0.16326490904701188  28.630033440190672
2081    21.432179378693007  0.38113055124363832  28.593168709227044
2082    21.576338069101997  0.59724444304672986  28.540944085875847
2083    21.756766383811527  0.78845611614865629  28.480849831762463
2084    21.019800278111504  0.17522538147261937  27.512791082377525
2085    21.113576150411394  0.3965003050073167  27.473346565248548
2086    21.254490608211029  0.61380879069113292  27.417119974316023
2087    21.430567088749445  0.80601620763653137  27.351811508328222
2088    20.681407702884222  0.18746527031221219  26.400212270000786
2089    20.77265672379  0.41317754568991971  26.358981523569764
2090    20.909844322229127  0.63270869575939992  26.299546521919257
2091    21.081349592800478  0.82637916132324296  26.22938455172217
2092    20.318236986798627  0.19604318000438531  25.294284843360995
2093    20.404698735539149  0.42662327012339984  25.251158153125807
2094    20.536553603646482  0.65001555881721151  25.189180761572974
2095    20.704327095437449  0.84564688131255139  25.116319916101602
2096    20.962213285728065  0.27086148321603615  28.733514258336349
2097    21.088440334510754  0.57038567072677859  28.69106184061895
2098    21.276807958322411  0.85082753124064892  28.628827172166606
2099    21.51039004432533  1.0950021128512792  28.55369836087382
2100    20.647132783569031  0.27932115728897683  27.623470126823683
2101    20.770362253669688  0.58129137187972602  27.578952065287535
2102    20.954394583251773  0.86342157726927149  27.512749347418936
2103    21.182742939964907  1.1097092548165328  27.431271055158039
2104    20.310606454066715  0.28805597875882027  26.51891361109886
2105    20.430276041985284  0.59349515912171102  26.472872197441305
2106    20.609410773837737  0.87833664807906642  26.40324372185378
2107    20.832269808761104  1.1272023936957485  26.315662444850833
2108    19.949924917096858  0.29501976092101495  25.421387052060837
2109    20.064166683056474  0.60487240326955316  25.373011123668839
2110    20.237265540428382  0.89378295321058676  25.300183403529815
2111    20.455897750131673  1.1451099385687995  25.209081641665946
2112    20.588067289706  0.37845805738506044  28.836995076482026
2113    20.744701290328507  0.75964079020991904  28.788954972010853
2114    20.977277847542815  1.104410619434568  28.716710258457379
2115    21.264013704839115  1.4015481095539015  28.626546889985192
2116    20.274465289026541  0.38341693310533426  27.734149171269841
2117    20.427148356927962  0.76608243875213544  27.684557565326539
2118    20.654298558292499  1.1130343638474098  27.608378720521848
2119    20.934918791180376  1.4134023019965347  27.510730601987866
2120    19.939805205249208  0.38864668720542833  26.637614952196955
2121    20.087895360180571  0.77381277255350245  26.586762871312853
2122    20.308977225446348  1.1239646003987331  26.506940921788313
2123    20.583190024721745  1.428025626068254  26.401940337979504
2124    19.581612847395078  0.39399634183764465  25.548489260760697
2125    19.723634630573809  0.78312153641570614  25.494864094211874
2126    19.937977477210275  1.1375503476039619  25.411186045486666
2127    20.207468404825899  1.4445729958250468  25.301843367230294
2128    22.151995663937964  0.58768796603999762  28.351713966908793
2129    22.324031683782337  0.66238336437087897  28.276750184643735
2130    22.523065564086149  0.7073636735842963  28.192602939827129
2131    21.823278297353212  0.60849435023512488  27.211232805621734
2132    21.990790654563341  0.68345915543425018  27.130102978168743
2133    22.183164623232571  0.72846974129370079  27.039547072239813
2134    21.471437294733004  0.63256732244752656  26.077602973769334
2135    21.634616814877742  0.70878462768873518  25.991291141739588
2136    21.820521697481229  0.75480858336805767  25.895310615309487
2137    21.091039536401176  0.65487619147204668  24.954379663775033
2138    21.2501341181611  0.73452075381770865  24.862012251803279
2139    21.430983040106899  0.78386327104593356  24.759865865465517
2140    21.965833340028205  0.93643046582865497  28.407385368012495
2141    22.202546387849889  1.0399668494836101  28.316041026463058
2142    22.464794207447966  1.1016164919823546  28.215793434806841
2143    21.635257495115674  0.95548514850740995  27.272265963525516
2144    21.867685998546193  1.0602103887231711  27.174222238696149
2145    22.124384438501512  1.1225055715295369  27.066721686410343
2146    21.281695768132067  0.97779237083651671  26.14407259765693
2147    21.509910828566227  1.0846957580064203  26.040021767486142
2148    21.761130990273582  1.1486257715137416  25.925960532509219
2149    20.901564751368678  0.99924985343217498  25.026222026102499
2150    21.125370098794665  1.1100165164909919  24.914678043711849
2151    21.371605622379491  1.1775628439539592  24.792872030447011
2152    21.779671016118442  1.2851729656173123  28.463056769116196
2153    22.081061091917437  1.4175503345963409  28.355331868282384
2154    22.406522850809779  1.4958693103804135  28.238983929786553
2155    21.447236692878132  1.3024759467796949  27.333299121429302
2156    21.744581342529045  1.436961622012092  27.21834149922357
2157    22.065604253770456  1.5165414017653729  27.093896300580873
2158    21.091954241531106  1.3230174192255071  26.210542221544518
2159    21.385204842254719  1.4606068883241059  26.088752393232713
2160    21.701740283065934  1.5424429596594265  25.956610449708965
2161    20.712089966336176  1.3436235153923035  25.098064388429965
2162    21.000606079428234  1.4855122791642745  24.967343835620433
2163    21.312228204652087  1.5712624168619853  24.825878195428519
2164    21.59350869220869  1.63391546540597  28.518728170219898
2165    21.959575795984989  1.795133819709072  28.394622710101707
2166    22.348251494171596  1.8901221287784717  28.262174424766265
2167    21.25921589064059  1.6494667450519798  27.394332279333081
2168    21.621476686511901  1.8137128553010133  27.262460759750983
2169    22.006824069039396  1.9105772320012095  27.121070914751403
2170    20.902212714930165  1.6682424676144967  26.277011845432106
2171    21.260498855943201  1.8365180186417907  26.137483018979268
2172    21.64234957585829  1.9362601478051098  25.9872603669087
2173    20.522615181303681  1.6879971773524314  25.169906750757416
2174    20.875842060061817  1.8610080418375579  25.020009627529006
2175    21.252850786924679  1.9649619897700108  24.858884360410009
2176    21.21458318420915  0.83425784595254926  23.533483260821757
2177    21.413824815584313  0.81845646084623136  23.437803538242374
2178    21.591919911439842  0.77026916846267146  23.343346030735258
2179    21.747161728612756  0.69291037861901983  23.259191505174947
2180    21.87784352394004  0.58959450113242651  23.194420728435936
2181    20.766911188402517  0.86733138480404803  22.418805343297333
2182    20.956142820234408  0.85088871057933846  22.320356600072593
2183    21.129022890635799  0.80136528226685955  22.222370868947159
2184    21.281711228443001  0.72201909826343269  22.1342734574798
2185    21.410367662492334  0.61610815696587973  22.065489673229287
2186    20.291273327045324  0.89916177454945745  21.317829991321116
2187    20.470543577774357  0.88228424207216782  21.216589189795773
2188    20.638315583290531  0.8318788257355556  21.115024552210453
2189    20.788557402300953  0.75099939547713968  21.0229335719945
2190    20.915237093512737  0.64269982123443881  20.950113742577209
2191    19.78742975828046  0.92804067007437352  20.231070533182198
2192    19.961406961371772  0.90986812280891083  20.126916084882687
2193    20.125173795512744  0.85664762854356535  20.02010670703125
2194    20.272620236824515  0.77265709388784531  19.922582503690656
2195    20.397636261428293  0.66217442545125893  19.846283578923689
2196    21.216696611666205  1.2341007441967713  23.544503372286865
2197    21.477038848793043  1.2128423888454887  23.422331280222771
2198    21.719233261414875  1.1466696906557847  23.301379416274557
2199    21.937936544896335  1.0375775701877348  23.191153806927783
2200    22.127805394602021  0.8875609480014105  23.10116047866795
2201    20.769718918768472  1.2671782815453936  22.429533099408403
2202    21.022047547730924  1.2448649020122562  22.30143058208396
2203    21.259557088395677  1.1763896264106548  22.175209316320274
2204    21.47518021657088  1.0640644114989812  22.059895486257115
2205    21.661849608064745  0.91020121403562737  21.964515276034231
2206    20.294520745293571  1.299027643557606  21.327687092440371
2207    20.538863051810676  1.2758644468577434  21.193645011153325
2208    20.771747749100204  1.2055380492775285  21.062134238429206
2209    20.984350750551066  1.0904311953555168  20.94171208250474
2210    21.167847969552117  0.93292662963026263  20.840935851616518
2211    19.790422108441167  1.3279390524591135  20.239575214633252
2212    20.030133235167181  1.3032962806577084  20.100707683595548
2213    20.258713457827529  1.2297232159396378  19.962116164036949
2214    20.467741401308643  1.110946732592623  19.834695616323032
2215    20.648795690497074  0.95069370490438321  19.729341000819296
2216    21.218810039123252  1.6339436424409937  23.555523483751976
2217    21.540252882001774  1.6072283168447459  23.406859022203168
2218    21.846546611389893  1.5230702128489  23.259412801813863
2219    22.128711361179892  1.3822447617564495  23.123116108680609
2220    22.377767265263987  1.1855273948703946  23.007900228899953
2221    20.772526649134431  1.6670251782867391  22.440260855519472
2222    21.087952275227455  1.638841093445174  22.282504564095319
2223    21.390091286155545  1.5514139705544505  22.128047763693399
2224    21.668649204698763  1.4061097247345296  21.985517515034442
2225    21.913331553637157  1.204294271105375  21.863540878839185
2226    20.297768163541821  1.6988935125657549  21.337544193559626
2227    20.607182525846998  1.669444651643319  21.170700832510878
2228    20.905179914909894  1.5791972728195018  21.009243924647983
2229    21.180144098801161  1.4298629952338944  20.860490593014962
2230    21.420458845591501  1.2231534380260864  20.731757960655834
2231    19.79341445860188  1.7278374348438541  20.24807989608431
2232    20.098859508962601  1.6967244385065057  20.074499282308398
2233    20.3922531201423  1.6027988033357112  19.904125621042667
2234    20.662862565792768  1.4492363712974017  19.746808728955386
2235    20.899955119565849  1.2392129843575075  19.6123984227149
2236    21.220923466580306  2.0337865406852154  23.566543595217084
2237    21.603466915210507  2.0016142448440033  23.391386764183572
2238    21.97385996136493  1.8994707350420126  23.217446187353158
2239    22.319486177463471  1.7269119533251642  23.055078410433453
2240    22.627729135925961  1.4834938417393781  22.914639979131962
2241    20.775334379500382  2.0668720750280842  22.450988611630542
2242    21.153857002723974  2.032817284878091  22.263578546106682
2243    21.520625483915417  1.9264383146982458  22.080886211066517
2244    21.862118192826635  1.7481550379700783  21.911139543811757
2245    22.164813499209561  1.4983873281751223  21.762566481644129
2246    20.301015581790068  2.0987593815739038  21.347401294678882
2247    20.67550199988332  2.0630248564288944  21.147756653868434
2248    21.038612080719567  1.952856496361475  20.956353610866739
2249    21.375937447051275  1.7692947951122708  20.779269103525198
2250    21.673069721630885  1.5133802464219099  20.622580069695136
2251    19.79640680876259  2.1277358172285941  20.256584577535364
2252    20.167585782758021  2.0901525963553023  20.048290881021266
2253    20.525792782457085  1.9758743907317837  19.846135078048359
2254    20.857983730276889  1.787526010002179  19.658921841587766
2255    21.151114548634634  1.5277322638106317  19.495455844610508
2256    21.986580923289456  0.45599723369301709  23.148236987281059
2257    22.072574226171369  0.30109550348789604  23.114305838093756
2258    22.128993699886827  0.14805556457968211  23.093401452179421
2259    22.149009611736783  0.020043671030994175  23.086298000843531
2260    21.517221605486064  0.47998675820910519  22.015806375168982
2261    21.602283361216756  0.32132412832360785  21.979295802641708
2262    21.658384095156144  0.16035065544959964  21.956811333760371
2263    21.678354972775946  0.01729672772729229  21.949206346637858
2264    21.020327434566472  0.50413543735148125  20.896710226965439
2265    21.10472132286046  0.34189042940620906  20.857134777676944
2266    21.16076699673831  0.173161944187008  20.832584772407305
2267    21.180812694543629  0.015147128482263683  20.824257588852145
2268    20.500955504502176  0.52130471189605454  19.790550252217699
2269    20.582913003072957  0.35480261013448938  19.748176310272857
2270    20.636800836034489  0.179920379151078  19.721282057970932
2271    20.655911082280671  0.013910277930335446  19.711987800193754
2272    22.287005225193532  0.6959066633244686  23.032448343969968
2273    22.411381152730044  0.4738608624841909  22.981012496853364
2274    22.492109424672698  0.24135742669008831  22.948778236120585
2275    22.520366288482506  0.018330237151672587  22.937670860574126
2276    21.817581413747217  0.71495078710839499  21.891137117165748
2277    21.939315987683617  0.48885306107901283  21.836850710806583
2278    22.018372310475193  0.24980375861676296  21.803214145557728
2279    22.046069362723127  0.015698602390926741  21.791785510020112
2280    21.32024854777498  0.7341607683239979  20.762734994752194
2281    21.439642722500043  0.50418867442228055  20.705253346734775
2282    21.517328050529329  0.25877106260865218  20.669869794554099
2283    21.54460208866481  0.013668647566654066  20.657963225200003
2284    20.798642035874391  0.74912690683433336  19.648179112884691
2285    20.914684307975605  0.51474711012571417  19.587553511936591
2286    20.989458371766947  0.26378818574198265  19.549684304428151
2287    21.015500092214701  0.012484004646595118  19.536791596812588
2288    22.587429527097608  0.93581609295592028  22.916659700658869
2289    22.75018807928873  0.64662622148048565  22.847719155612982
2290    22.855225149458562  0.33465928880049445  22.804155020061735
2291    22.891722965228219  0.016616803272350926  22.789043720304718
2292    22.117941222008362  0.94991481600768501  21.766467859162503
2293    22.276348614150493  0.65638199383441787  21.694405618971459
2294    22.378360525794253  0.33925686178392633  21.649616957355068
2295    22.413783752670323  0.014100477054561189  21.634364673402352
2296    21.620169660983489  0.96418609929651478  20.628759762538934
2297    21.774564122139644  0.66648691943835214  20.553371915792606
2298    21.873889104320345  0.34438018103029666  20.507154816700883
2299    21.908391482785994  0.012190166651044394  20.491668861547854
2300    21.096328567246612  0.97694910177261207  19.505807973551679
2301    21.246455612878247  0.67469161011693912  19.426930713600317
2302    21.342115907499394  0.34765599233288746  19.378086550885367
2303    21.375089102148738  0.011057731362854734  19.361595393431418
2304    22.887853829001674  1.1757255225873722  22.800871057347781
2305    23.088995005847408  0.81939158047678096  22.714425814372582
2306    23.218340874244429  0.4279611509109007  22.659531804002906
2307    23.263079641973942  0.01490336939302935  22.640416580035314
2308    22.418301030269518  1.1848788449069743  21.641798601159259
2309    22.613381240617365  0.82391092658982312  21.551960527136327
2310    22.738348741113306  0.42870996495108987  21.496019769152426
2311    22.781498142617501  0.012502351718195682  21.476943836784596
2312    21.920090774192001  1.1942114302690316  20.494784530325688
2313    22.109485521779234  0.82878516445442374  20.401490484850434
2314    22.230450158111363  0.42998929945194081  20.344439838847673
2315    22.272180876907179  0.01071168573543492  20.325374497895712
2316    21.394015098618823  1.2047712967108908  19.363436834218671
2317    21.578226917780896  0.83463611010816396  19.266307915264051
2318    21.694773443231853  0.43152379892379189  19.206488797342598
2319    21.734678112082772  0.0096314580791145854  19.186399190050249
2320    22.126521152083708  -0.10990343086916676  23.093151195053679
2321    22.065123330995405  -0.26795267323414795  23.113659525452221
2322    21.97253014533084  -0.4297433196048514  23.147911332856804
2323    21.856455591948968  -0.57091463352217975  23.19599495808508
2324    21.656095053357095  -0.12739228553947843  21.956810176149009
2325    21.595581471691958  -0.29261792068295328  21.979265739880979
2326    21.504762506519253  -0.45717014801703237  22.016396790015229
2327    21.391586436577683  -0.59983893785561637  22.068027078733241
2328    21.158646667169279  -0.14426174780235598  20.832838132573848
2329    21.098721098909905  -0.31661526935705087  20.85773830324025
2330    21.009380128211649  -0.483880571287232  20.89824596970519
2331    20.898967893520659  -0.62802478869831135  20.953649000822487
2332    20.634922166308083  -0.1533448690045891  19.721769557775659
2333    20.577759629908865  -0.33148027134084301  19.749446869694165
2334    20.49158622792018  -0.502520721409348  19.793155318045851
2335    20.383564715179173  -0.64849101154102606  19.851030484927335
2336    22.488946607468179  -0.20630444438325402  22.948874629854913
2337    22.403078589491798  -0.44294755414449111  22.981280690924997
2338    22.272588498844407  -0.67064100788893188  23.033374673568563
2339    22.107302599817064  -0.86842672137346844  23.103642207569813
2340    22.015471952119675  -0.2197597647139605  21.80355735636887
2341    21.931819224092365  -0.4623057716577848  21.837653673508065
2342    21.80469166584513  -0.69319930353789883  21.892829705132058
2343    21.643669764581919  -0.89370024545165394  21.967840694935262
2344    21.514673526371578  -0.23259263274775235  20.670463528734928
2345    21.432898559671877  -0.48099583768119225  20.706602938203233
2346    21.308796005203341  -0.71504374850400831  20.765213855067682
2347    21.151884679603615  -0.91823914648654115  20.845128680791021
2348    20.987070327943115  -0.23985119739773161  19.550487825979147
2349    20.908777396456969  -0.49347647965002978  19.589458492982331
2350    20.788678351043394  -0.7315179136794705  19.651533300523141
2351    20.634830244989516  -0.93710157105522274  19.734541951302656
2352    22.851372062852658  -0.30270545789734127  22.804598064656155
2353    22.741033847988184  -0.61794243505483437  22.848901856397774
2354    22.57264685235797  -0.91153869617301209  22.918838014280322
2355    22.358149607685146  -1.1659388092247571  23.011289457054563
2356    22.374848850882266  -0.31212724388844254  21.650304536588735
2357    22.268056976492769  -0.63199362263261638  21.696041607135143
2358    22.104620825171008  -0.92922845905876483  21.769262620248877
2359    21.895753092586162  -1.187561553047692  21.867654311137279
2360    21.870700385573873  -0.3209235176931487  20.508088924896011
2361    21.767076020433848  -0.64537640600533375  20.555467573166222
2362    21.608211882195032  -0.94620692572078413  20.632181740430173
2363    21.404801465686564  -1.2084535042747708  20.736608360759558
2364    21.33921848957814  -0.32635752579087401  19.379206094182653
2365    21.239795163005063  -0.65547268795921643  19.429470116270487
2366    21.085770474166612  -0.96051510594959266  19.509911283000424
2367    20.886095774799855  -1.2257121305694192  19.618053417677988
2368    23.213797518237129  -0.39910647141142847  22.660321499457403
2369    23.078989106484578  -0.79293731596517791  22.716523021870554
2370    22.872705205871526  -1.1524363844570917  22.804301354992077
2371    22.608996615553249  -1.4634508970760465  22.918936706539291
2372    22.734225749644853  -0.40449472306292461  21.497051716808596
2373    22.604294728893173  -0.80168147360744801  21.554429540762229
2374    22.404549984496882  -1.1652576145796321  21.645695535365704
2375    22.147836420590405  -1.4814228606437299  21.7674679273393
2376    22.226727244776171  -0.40925440263854507  20.345714321057095
2377    22.101253481195815  -0.80975697432947547  20.404332208129201
2378    21.90762775918672  -1.1773701029375598  20.499149625792665
2379    21.657718251769523  -1.4986678620630001  20.628088040728091
2380    21.691366651213169  -0.41286385418401661  19.207924362386144
2381    21.570812929553163  -0.81746889626840369  19.26948173955865
2382    21.382862597289819  -1.1895122982197148  19.368289265477717
2383    21.137361304610192  -1.5143226900836151  19.501564884053309
2384    21.719100878793643  -0.68083913976009292  23.264064406699184
2385    21.558792426757407  -0.76322524306703832  23.351630359237728
2386    21.377432052122327  -0.81521602694564799  23.448816168983015
2387    21.176921571170475  -0.83395457489855551  23.5457451892173
2388    21.257165722864965  -0.71154562300209012  22.139906640297614
2389    21.100030776980692  -0.79533363804658397  22.231147506703358
2390    20.924256803566461  -0.84817610598311965  22.331616426730374
2391    20.733919007263861  -0.86704614980571837  22.431180149158557
2392    20.767423443628683  -0.74143654813213922  21.029354123269073
2393    20.613334985528265  -0.82645684474752856  21.124303888992305
2394    20.443020394966751  -0.87998136657533621  21.228089904751343
2395    20.26279754769153  -0.8989058016464202  21.330303777305375
2396    20.254113925042773  -0.76373627266138955  19.93009022380873
2397    20.103140021758389  -0.85164532668657256  20.030280448132487
2398    19.937036756498767  -0.90780850243343658  20.139128829953211
2399    19.762197880436691  -0.92781612871884289  20.244163041325528
2400    21.912227116302567  -1.0241520623510194  23.196065455297422
2401    21.689508623077053  -1.1382957486568002  23.308882106748516
2402    21.444683910756702  -1.2088467211711487  23.431961083149918
2403    21.183289769957657  -1.233793920774404  23.555171305728468
2404    21.452472012270064  -1.0525192001057853  22.065563201697451
2405    21.233292092706364  -1.1692586485006027  22.183313119058472
2406    20.993423280839128  -1.2415162931738291  22.311504693002682
2407    20.740158851616627  -1.2668898366631847  22.440552169514426
2408    20.964530306544873  -1.08007631430871  20.948154839401884
2409    20.748813386354033  -1.1992456436737748  21.070847686863829
2410    20.513824900650945  -1.2730440793870876  21.204161522541835
2411    20.26865583105544  -1.2987685662540029  21.339050645800857
2412    20.450252570766629  -1.101364584687575  19.84209231447991
2413    20.238375099385625  -1.2239570530171167  19.971681546548805
2414    20.007870301942955  -1.3007744959084708  20.111973281212322
2415    19.76741064953508  -1.3277124332262606  20.251631152173477
2416    22.105353353811484  -1.3674649849419462  23.128066503895671
2417    21.820224819396696  -1.5133662542465618  23.26613385425928
2418    21.511935769391062  -1.6024774153966488  23.415105997316822
2419    21.189657968744843  -1.6336332666502524  23.564597422239636
2420    21.64777830167516  -1.3934927772094798  21.991219763097288
2421    21.366553408432033  -1.5431836589546213  22.135478731413585
2422    21.062589758111784  -1.6348564803645382  22.291392959274994
2423    20.746398695969368  -1.6667335235206515  22.449924189870295
2424    21.161637169461052  -1.4187160804852812  20.866955555534684
2425    20.884291787179805  -1.572034442600021  21.017391484735349
2426    20.584629406335129  -1.6661067921988397  21.180233140332305
2427    20.274514114419343  -1.6986313308615852  21.347797514296314
2428    20.6463912164905  -1.4389928967137604  19.754094405151108
2429    20.373610177012875  -1.5962687793476609  19.913082644965122
2430    20.07870384738715  -1.6937404893835051  20.084817732471439
2431    19.77262341863349  -1.7276087377336788  20.259099263021433
2432    22.298479591320405  -1.7107779075328728  23.060067552493901
2433    21.950941015716342  -1.888436759836323  23.223385601770065
2434    21.57918762802543  -1.9961081096221491  23.398250911483728
2435    21.196026167532029  -2.0334726125261011  23.574023538750801
2436    21.843084591080249  -1.7344663543131746  21.916876324497121
2437    21.499814724157698  -1.9171086694086401  22.087644343768705
2438    21.131756235384451  -2.028196667555247  22.271281225547302
2439    20.752638540322131  -2.0665772103781168  22.459296210226167
2440    21.358744032377242  -1.7573558466618515  20.785756271667488
2441    21.019770188005573  -1.944823241526267  20.963935282606872
2442    20.655433912019319  -2.0591695050105905  21.156304758122797
2443    20.280372397783268  -2.0984940954691687  21.356544382791796
2444    20.842529862214352  -1.776621208739946  19.666096495822288
2445    20.508845254640107  -1.9685805056782051  19.85448374338144
2446    20.149537392831338  -2.0867064828585402  20.057662183730553
2447    19.777836187731886  -2.127505042241097  20.266567373869378
2448    20.980344467540252  -0.81774056283382257  23.647721139006659
2449    20.808274408077075  -0.76895781477919067  23.755685890557157
2450    20.658848483873516  -0.6908756364168106  23.853220026861209
2451    20.530203786022117  -0.5867633334288338  23.923904130911186
2452    20.547458127401512  -0.8501329886255613  22.535513192677545
2453    20.380746315736694  -0.79989340264833386  22.646165889319061
2454    20.234005895553903  -0.71970185650980911  22.746818707876219
2455    20.107459190137636  -0.61293281484576145  22.821152117142109
2456    20.086210628869281  -0.8815214336845798  21.436606460033811
2457    19.924324087001708  -0.83032648291898525  21.549094701821936
2458    19.779736192838577  -0.7485270421385446  21.65201380268779
2459    19.655045217129647  -0.63932920413216621  21.729609062649399
2460    19.59043338840879  -0.90918059225900216  20.352097483689722
2461    19.431475528901998  -0.85527002085750692  20.467040296170037
2462    19.288601433564374  -0.7704583549622791  20.572609757347234
2463    19.165088234044013  -0.65911953502124332  20.652424145801994
2464    20.924572120594938  -1.2120334839774507  23.68133970984848
2465    20.686123341866349  -1.1452074262656602  23.810644034963602
2466    20.470999913312294  -1.0354235069811013  23.928979408434813
2467    20.282258314473101  -0.88478948546584413  24.02224095762303
2468    20.489521033286067  -1.2440175108258402  22.572365715962139
2469    20.255840113360001  -1.1747870103257105  22.706363753061396
2470    20.043871455684577  -1.0616702319106297  22.829222906817343
2471    19.858370424105953  -0.90713907232843616  22.927619803235107
2472    20.02594360070632  -1.27500917639728  21.476247226814188
2473    19.796691204871113  -1.2038688481550393  21.614362338821024
2474    19.587537983362672  -1.0879138256556669  21.741168635785154
2475    19.405123275993841  -0.92971035302754934  21.844438771670394
2476    19.529014142565575  -1.3025005800463845  20.3927925096419
2477    19.303343715679972  -1.2281837929934449  20.5361184929695
2478    19.09703924133753  -1.1086303042551087  20.668058419572898
2479    18.916740591997581  -0.94770834601904508  20.775061606868586
2480    20.86879977364962  -1.606326405121079  23.71495828069029
2481    20.563972275655619  -1.5214570377521295  23.86560217937005
2482    20.283151342751047  -1.3799713775453921  24.00473879000841
2483    20.034312842924095  -1.1828156375028545  24.120577784334863
2484    20.431583939170629  -1.6379020330261187  22.609218239246722
2485    20.130933910983313  -1.5496806180030862  22.766561616803727
2486    19.853737015815252  -1.4036386073114515  22.911627105758473
2487    19.609281658074273  -1.201345329811111  23.034087489328105
2488    19.965676572543359  -1.6684969191099805  21.515887993594571
2489    19.669058322740536  -1.5774112133910936  21.679629975820113
2490    19.395339773886789  -1.4273006091727891  21.830323468882529
2491    19.155201334858038  -1.2200915019229324  21.959268480691374
2492    19.467594896722382  -1.6958205678337674  20.433487535594079
2493    19.175211902457949  -1.6010975651293833  20.605196689768981
2494    18.905477049110694  -1.446802253547939  20.763507081798565
2495    18.668392949951144  -1.2362971570168468  20.897699067935189
2496    20.813027426704306  -2.0006193262647072  23.748576851532114
2497    20.441821209444893  -1.8977066492385994  23.920560323776495
2498    20.095302772189825  -1.7245192481096829  24.080498171582015
2499    19.786367371375082  -1.4808417895398647  24.218914611046696
2500    20.37364684505518  -2.0317865552263976  22.646070762531313
2501    20.006027708606624  -1.9245742256804632  22.826759480546063
2502    19.663602575945934  -1.7456069827122724  22.994031304699597
2503    19.360192892042587  -1.4955515872937863  23.140555175421095
2504    19.905409544380394  -2.0619846618226814  21.555528760374944
2505    19.541425440609942  -1.9509535786271479  21.744897612819202
2506    19.203141564410881  -1.7666873926899116  21.919478301979897
2507    18.905279393722228  -1.5104726508183155  22.074098189712377
2508    19.406175650879167  -2.0891405556211495  20.474182561546257
2509    19.047080089235923  -1.9740113372653223  20.674274886568444
2510    18.71391485688385  -1.7849742028407687  20.858955744024229
2511    18.420045307904726  -1.5248859680146485  21.020336529001778
2512    20.423428516867062  -0.45270867857570352  23.976914169679375
2513    20.343109201037716  -0.29809259544037336  24.026199752002306
2514    20.292630413054493  -0.14612411593875849  24.062501923668755
2515    20.275376727437759  -0.020012271986774438  24.076561730467493
2516    20.002688553546598  -0.47639749185765667  22.877366975345456
2517    19.923532963099202  -0.31812663219963183  22.928563829728166
2518    19.873599676969523  -0.15832399618646817  22.965772682603102
2519    19.856495953331645  -0.017193344132946795  22.980023536283134
2520    19.551957337196534  -0.5003716193274117  21.788762968250158
2521    19.473257345137604  -0.33857447704700611  21.841286396209568
2522    19.423161433868014  -0.17106617842260741  21.878817231809915
2523    19.405885796302854  -0.014975124585873273  21.892993360333467
2524    19.063375231128255  -0.5177892212622931  20.712627366805922
2525    18.986224302026187  -0.35159148136186014  20.765123229244331
2526    18.937396443018738  -0.1777828669406824  20.802169867118533
2527    18.920652650386756  -0.01361992961949654  20.816025414429852
2528    20.124146447824561  -0.69291712934035055  24.095067093569718
2529    20.003290038994539  -0.471259196418083  24.156426113211939
2530    19.926312302251755  -0.23968493133060861  24.198707972754022
2531    19.899836451864857  -0.018063578709495289  24.214302628400251
2532    19.703805574578031  -0.71170101319290213  23.004922063252693
2533    19.585743662514673  -0.48607075347398204  23.068707282427109
2534    19.510587350952054  -0.2480310159537884  23.111967048691977
2535    19.484739302926357  -0.015364523414432818  23.12769294998089
2536    19.253840607024234  -0.73076517123320173  21.926043615430942
2537    19.137990551290383  -0.50129146149032866  21.991873245416095
2538    19.064073024470801  -0.25691512831011504  22.035729129682291
2539    19.038587942243939  -0.013262076203744155  22.05141273628594
2540    18.767760493531529  -0.74590639163545303  20.858768712246746
2541    18.6546993015879  -0.51190788211689309  20.925850011688929
2542    18.583128333291974  -0.26187350114459812  20.97029925049878
2543    18.55861890576892  -0.011963932399799163  20.986110173979949
2544    19.824864378782053  -0.9331255801049978  24.213220017460056
2545    19.663470876951358  -0.64442579739579253  24.286652474421579
2546    19.559994191449004  -0.33324574672245871  24.334914021839278
2547    19.524296176291944  -0.016114885432216102  24.352043526333002
2548    19.404922595609452  -0.9470045345281477  23.132477151159929
2549    19.247954361930141  -0.6540148747483322  23.208850735126067
2550    19.147575024934586  -0.33773803572110861  23.258161414780854
2551    19.112982652521069  -0.013535702695918816  23.275362363678653
2552    18.955723876851923  -0.96115872313899187  22.063324262611729
2553    18.80272375744314  -0.66400844593365094  22.142460094622617
2554    18.704984615073567  -0.34276407819762278  22.192641027554647
2555    18.671290088185017  -0.011549027821615064  22.209832112238409
2556    18.472145755934804  -0.97402356200861329  21.00491005768756
2557    18.323174301149617  -0.67222428287192559  21.086576794133524
2558    18.228860223565206  -0.34596413534851389  21.13842863387902
2559    18.196585161151088  -0.010307935180101757  21.156194933530031
2560    19.525582309739555  -1.1733340308696445  24.331372941350399
2561    19.323651714908184  -0.81759239837350239  24.41687883563122
2562    19.193676080646274  -0.4268065621143089  24.471120070924545
2563    19.148755900719038  -0.014166192154936981  24.489784424265757
2564    19.106039616640889  -1.1823080558633927  23.260032239067169
2565    18.910165061345609  -0.8219589960226823  23.34899418782501
2566    18.784562698917117  -0.42744505548842887  23.404355780869732
2567    18.741226002115773  -0.011706881977404868  23.423031777376416
2568    18.657607146679624  -1.1915522750447816  22.200604909792514
2569    18.467456963595918  -0.82672543037697377  22.29304694382915
2570    18.345896205676361  -0.42861302808513041  22.349552925427016
2571    18.303992234126099  -0.0098359794394860395  22.368251488190879
2572    18.176531018338078  -1.2021407323817734  21.151051403128385
2573    17.991649300711334  -0.83254068362695821  21.247303576578119
2574    17.874592113838453  -0.43005476955242972  21.306558017259256
2575    17.834551416533248  -0.0086519379604044211  21.326279693080128
2576    20.294772175709763  0.10812968746777191  24.061215205184617
2577    20.349463880421087  0.26532574647060209  24.022160815500325
2578    20.435671052634721  0.42707272259609252  23.969433259544644
2579    20.549612903413642  0.56886743341861989  23.913067235447535
2580    19.875614894172337  0.12566441210458024  22.964455146602049
2581    19.929302540382754  0.28992605097136986  22.924624468233663
2582    20.013595558493574  0.45430434760505434  22.870188801750963
2583    20.124530615035447  0.59751207714326604  22.810805447726899
2584    19.425076197747341  0.14259909101073043  21.877473482842081
2585    19.478525315134082  0.31392776740889061  21.837461344282939
2586    19.561669708819309  0.48093884221818017  21.781912395766565
2587    19.669945939159245  0.6255602530481722  21.719782088403417
2588    18.939155072293968  0.15186204219877214  20.800841237833325
2589    18.990910751902302  0.32908361271250425  20.761436647148287
2590    19.071948027990079  0.49997200920292717  20.706071691122876
2591    19.178295239335576  0.64645445895126719  20.643006418505152
2592    19.929373610258843  0.20524567729160609  24.197306526970607
2593    20.011122464800359  0.44113162695439673  24.15246427611546
2594    20.137737577170629  0.66859698730033623  24.08813807328475
2595    20.301873509050875  0.86664447535088429  24.0126901159284
2596    19.513417551534964  0.2187327503900228  23.110483271866684
2597    19.59286419774616  0.46043090874255554  23.06472374091166
2598    19.716018006402361  0.69099634441661062  22.998087106533603
2599    19.875817742346005  0.89169545018563334  22.918246118150297
2600    19.066695988156383  0.23162313594875236  22.034165258136714
2601    19.1444755816335  0.4791333281893379  21.987875155710771
2602    19.264803242171872  0.71279866438981931  21.919314798414337
2603    19.420555489268125  0.91614930842200359  21.835256555653594
2604    18.585536097652444  0.23903557061691116  20.96870266586814
2605    18.660508263719304  0.49185109799620469  20.921857128709149
2606    18.777501635309374  0.72958898144374595  20.85210808602173
2607    18.930482443762489  0.93535555266519899  20.76599006132458
2608    19.563975044807918  0.30236166711544032  24.333397848756597
2609    19.672781049179623  0.61693750743819142  24.282767736730595
2610    19.839804101706527  0.91012125200457983  24.206842887024873
2611    20.054134114688107  1.1644215172831489  24.112312996409262
2612    19.151220208897595  0.31180108867546535  23.256511397131334
2613    19.256425855109551  0.63093576651374117  23.204823013589667
2614    19.418440454311135  0.92768834122816657  23.125985411316254
2615    19.627104869656552  1.1858788232280006  23.025686788573683
2616    18.708315778565424  0.3206471808867743  22.19085703343135
2617    18.810425848132898  0.64433888896978508  22.138288967138614
2618    18.967936775524432  0.94465848656145812  22.056717201062106
2619    19.171165039377001  1.2067383637958349  21.950731022903753
2620    18.231917123010927  0.32620909903505019  21.136564093902951
2621    18.3301057755363  0.65461858327990508  21.082277610270005
2622    18.483055242628652  0.95920595368456452  20.998144480920558
2623    18.6826696481894  1.2242566463791309  20.888973704143996
2624    19.198576479356994  0.39947765693927434  24.469489170542584
2625    19.334439633558894  0.79274338792198584  24.413071197345719
2626    19.541870626242432  1.1516455167088233  24.325547700764986
2627    19.806394720325336  1.4621985592154134  24.211935876890127
2628    18.789022866260236  0.404869426960908  23.402539522395962
2629    18.919987512472954  0.80144062428492668  23.344922286267654
2630    19.120862902219923  1.1643803380397229  23.253883716098887
2631    19.378391996967107  1.4800621962703677  23.13312745899708
2632    18.349935568974473  0.40967122582479593  22.347548808725985
2633    18.476376114632316  0.80954444975023232  22.288702778566453
2634    18.671070308876999  1.176518308733097  22.19411960370989
2635    18.921774589485885  1.4973274191696657  22.066205490153934
2636    17.87829814836941  0.41338262745318921  21.304425521937763
2637    17.999703287353302  0.81738606856360596  21.242698091830864
2638    18.188608849947947  1.1888229259253829  21.144180875819409
2639    18.434856852616321  1.5131577400930611  21.011957346963428
2640    20.68546465913175  0.67961396918007633  23.840396520309245
2641    20.840749514979009  0.76265654579782693  23.74248702265108
2642    21.016708635242466  0.81515216935945645  23.634971637734719
2643    20.257279618057225  0.71005817099481494  22.734484966524175
2644    20.409124706273168  0.79459323201610899  22.633255586754291
2645    20.579267892212016  0.84804254251617717  22.522801111363322
2646    19.799832271038973  0.73980486103882148  21.640196862566121
2647    19.948765771043032  0.82561010977147675  21.536494647830196
2648    20.113621202076718  0.87979081051780161  21.423948129110304
2649    19.306470475938401  0.76245010343465403  20.56108406858133
2650    19.453178788288103  0.85098647636285085  20.454380909596026
2651    19.614728955897764  0.90765339336603301  20.33900653373454
2652    20.496134969850647  1.0229010016971916  23.91796391677553
2653    20.715691467539244  1.137610443768188  23.799292791686465
2654    20.957044761637494  1.2087009688420047  23.670273642808009
2655    20.066100638391482  1.0510570165485478  22.818330521781537
2656    20.281961608634305  1.1684284580257285  22.694964025185119
2657    20.518225939838594  1.2413041034228025  22.561060320385835
2658    19.607013883964896  1.0785173118737077  21.730412473104742
2659    19.819518266254271  1.1983338263158758  21.602924609279725
2660    20.051032574056929  1.2727776655950096  21.464710352838338
2661    19.114426833544655  1.1000813015601343  20.657300402729337
2662    19.323699184573588  1.2231898156908894  20.524407409042087
2663    19.551348081366626  1.3005270732572787  20.380702029823262
2664    20.306805280569542  1.3661880342143062  23.995531313241813
2665    20.590633420099472  1.512564341738549  23.856098560721847
2666    20.897380888032512  1.6022497683245527  23.7055756478813
2667    19.874921658725722  1.3920558621022801  22.902176077038884
2668    20.15479851099543  1.5422636840353487  22.756672463615963
2669    20.457183987465175  1.6345656643294284  22.599319529408355
2670    19.414195496890816  1.4172297627085932  21.82062808364336
2671    19.690270761465502  1.5710575428602753  21.669354570729244
2672    19.988443946037147  1.6657645206722169  21.505472576566373
2673    18.922383191150907  1.4377124996856145  20.753516736877348
2674    19.194219580859059  1.595393155018928  20.594433908488156
2675    19.487967206835503  1.6934007531485238  20.422397525911997
2676    20.117475591288439  1.7094750667314216  24.073098709708095
2677    20.465575372659707  1.8875182397089099  23.912904329757236
2678    20.837717014427536  1.9957985678071009  23.740877652954584
2679    19.683742679059982  1.7330547076560132  22.986021632296239
2680    20.027635413356577  1.916098910044969  22.818380902046794
2681    20.396142035091753  2.0278272252360536  22.637578738430861
2682    19.221377109816732  1.7559422135434799  21.910843694181974
2683    19.561023256676737  1.9437812594046739  21.735784532178773
2684    19.925855318017359  2.058751375749424  21.546234800294403
2685    18.730339548757161  1.7753436978110952  20.849733071025355
2686    19.064739977144541  1.9675964943469666  20.664460407934222
2687    19.424586332304369  2.0862744330397693  20.464093022000725
2688    19.25378080575452  0.95219955132426903  19.158421523150086
2689    19.425150188603215  0.93273933186326086  19.050159713656242
2690    19.585645991705224  0.87646653395238894  18.93750568634719
2691    19.730184374033726  0.789130874868057  18.834249752811065
2692    19.853681494561897  0.67648207188667109  18.754182224635972
2693    18.690157147501722  0.97207055766040262  18.099487684253294
2694    18.857574974205541  0.95245693873713777  17.985725658307171
2695    19.014802935477437  0.89536392741558191  17.867992554176993
2696    19.15687201449833  0.80656384919778001  17.759905966196314
2697    19.278813194449146  0.69182902958577785  17.675083488698661
2698    18.098464473246466  0.98924633309204901  17.05434759791941
2699    18.262137937086944  0.96993614655707194  16.934903427108072
2700    18.416553881748097  0.91302795189603081  16.811691003648296
2701    18.556609482680752  0.82376848461595742  16.6983735187146
2702    18.677201915335729  0.70740448022388425  16.608614163481434
2703    17.480608472713104  1.0053195216284823  16.02307984557601
2704    17.642295696155561  0.98609215844959441  15.898982528331512
2705    17.794808085435879  0.92914675035662253  15.768724727888737
2706    17.933323103043389  0.83955724886153349  15.648474785234109
2707    18.053018211467379  0.7223976054762955  15.554401041354017
2708    19.256014934924185  1.3521290022753936  19.16562065393807
2709    19.492784386771753  1.3261816617479054  19.021139096291222
2710    19.717517996651878  1.2494573618888714  18.87507065001072
2711    19.922970792982429  1.1271902290719342  18.74042292935896
2712    20.101897804181263  0.96461438967073898  18.630203548598352
2713    18.691696503529684  1.372017926309363  18.105843098092684
2714    18.924285466311886  1.3458708922000244  17.953620982314408
2715    19.145597158543538  1.2680886617850371  17.801245958144804
2716    19.348225261610811  1.1440168868884388  17.660841117928953
2717    19.524763456899887  0.9790012193342712  17.54452955401192
2718    18.099494859568576  1.3892019557028841  17.060247160027853
2719    18.32809835399696  1.3633127948937223  16.900128312120017
2720    18.546417174145517  1.2854792810632423  16.741103127265436
2721    18.746649629514895  1.1606095112274444  16.594597584689609
2722    18.920994029605723  0.99361158240233194  16.472037663618018
2723    17.481438048351752  1.4052772215978184  16.028837452674296
2724    17.707684930036283  1.3794561927086577  15.862636056162938
2725    17.923444274100781  1.3014913851585956  15.695103196198792
2726    18.12138871901573  1.176150907274258  15.540339732297502
2727    18.294190903251597  1.0082028673822718  15.412446523974657
2728    19.25824906409386  1.752058453226518  19.172819784726052
2729    19.560418584940297  1.71962399163255  18.992118478926216
2730    19.849390001598536  1.6224481898253542  18.812635613674239
2731    20.115757211931136  1.4652495832758115  18.646596105906852
2732    20.350114113800636  1.2527467074548069  18.506224872560736
2733    18.693235859557642  1.7719652949583233  18.112198511932078
2734    18.990995958418232  1.7392848456629115  17.921516306321653
2735    19.276391381609649  1.6408133961544922  17.734499362112615
2736    19.539578508723299  1.4814699245790988  17.561776269661593
2737    19.770713719350624  1.2661734090827645  17.413975619325186
2738    18.100525245890687  1.789157578313719  17.066146722136288
2739    18.394058770906973  1.756689443230373  16.86535319713197
2740    18.676280466542941  1.6579306102304538  16.670515250882559
2741    18.936689776349034  1.497450537838932  16.490821650664618
2742    19.164786143875698  1.2798186845807795  16.335461163754591
2743    17.482267623990413  1.8052349215671546  16.034595059772581
2744    17.773074163917023  1.7728202269677207  15.82628958399436
2745    18.052080462765698  1.6738360199605686  15.621481664508853
2746    18.309454334988086  1.5127445656869827  15.432204679360895
2747    18.535363595035815  1.2940081292882488  15.27049200659529
2748    19.260483193263529  2.1519879041776426  19.18001891551404
2749    19.628052783108831  2.1130663215171941  18.963097861561195
2750    19.981262006545194  1.9954390177618366  18.750200577337775
2751    20.308543630879843  1.8033089374796885  18.552769282454754
2752    20.598330423420006  1.5408790252388744  18.382246196523113
2753    18.694775215585601  2.1719126636072836  18.118553925771469
2754    19.05770645052457  2.1326987991257984  17.889411630328887
2755    19.407185604675746  2.0135381305239464  17.667752766080426
2756    19.73093175583578  1.8189229622697578  17.462711421394236
2757    20.016663981801365  1.5533455988312579  17.283421684638451
2758    18.101555632212797  2.1891132009245537  17.072046284244728
2759    18.460019187816993  2.1500660915670227  16.830578082143912
2760    18.806143758940355  2.0303819393976648  16.599927374499696
2761    19.126729923183174  1.8342915644504194  16.38704571663963
2762    19.408578258145695  1.5660257867592264  16.198884663891171
2763    17.483097199629061  2.2051926215364914  16.040352666870866
2764    17.838463397797746  2.1661842612267836  15.789943111825782
2765    18.180716651430593  2.0461806547625421  15.547860132818906
2766    18.497519950960424  1.8493382240997076  15.324069626424286
2767    18.776536286820033  1.579813391194226  15.128537489215931
2768    19.955341262513837  0.5334190943256405  18.695869478571808
2769    20.034279977566722  0.36311945400404777  18.650643688325179
2770    20.085282384373439  0.18375068195080638  18.621443860919285
2771    20.103133227586859  0.013480309194829699  18.611209003377368
2772    19.379166156451848  0.54666651298820268  17.612353414865261
2773    19.456620434267492  0.37400869974235518  17.563619826956085
2774    19.506431790035734  0.19076594924329374  17.532114002922853
2775    19.523855985896208  0.013848620886076395  17.521067220717285
2776    18.776656281232302  0.56030353245737363  16.541317492432377
2777    18.853524183465527  0.38564198359601248  16.488747714078556
2778    18.90304254985012  0.19887969195987204  16.454607500635863
2779    18.920448308200747  0.015476515869023613  16.442599524320229
2780    18.152037731771298  0.57358671730678612  15.484077142607518
2781    18.228581035451111  0.39619094181162007  15.427670337605576
2782    18.277908160645371  0.20600542103187258  15.390239370712591
2783    18.29527914549254  0.018825297008618097  15.376842986292953
2784    20.249579516660827  0.76070878553728061  18.545784689742725
2785    20.362182554226532  0.52248023530527221  18.48186873077837
2786    20.433791151385773  0.26720468052093205  18.441458579926376
2787    20.458489542645971  0.012158062730476798  18.427557145407913
2788    19.67018381535242  0.77269444455844016  17.454508606186064
2789    19.780722381305953  0.53203588250865419  17.386793003109194
2790    19.850868796240533  0.27330098677665299  17.344231920424644
2791    19.87511270163624  0.01276521095417615  17.329674533775783
2792    19.064548120450858  0.78506686960244887  16.376250492390415
2793    19.173891404915398  0.54233740749519088  16.304374149451757
2794    19.243444827748515  0.28050228257583459  16.259301039185363
2795    19.267629333699343  0.014640581339656721  16.243923565974608
2796    18.436765620457834  0.79780904637394312  15.312909978531552
2797    18.545277240756413  0.55230816602421329  15.236659990328768
2798    18.614272767326987  0.2872337459851656  15.187962649470967
2799    18.638299203349128  0.018119305908882551  15.1710840460628
2800    20.543817770807831  0.98799847674892016  18.395699900913648
2801    20.690085130886338  0.68184101660649699  18.313093773231554
2802    20.782299918398103  0.35065867909105736  18.261473298933478
2803    20.813845857705083  0.010835816266123911  18.243905287438459
2804    19.961201474252999  0.99872237612867765  17.29666379750687
2805    20.10482432834441  0.6900630652749532  17.209966179262302
2806    20.19530580244535  0.35583602431001232  17.156349837926449
2807    20.226369417376272  0.011681801022275895  17.138281846834282
2808    19.352439959669415  1.0098302067475242  16.211183492348461
2809    19.494258626365273  0.69903283139436911  16.120000584824957
2810    19.58384710564691  0.36212487319179709  16.063994577734853
2811    19.614810359197946  0.013804646810289891  16.045247607628983
2812    18.721493509144391  1.0220313754411001  15.141742814455583
2813    18.861973446061711  0.7084253902368064  15.045649643051956
2814    18.9506373740086  0.36846207093845851  14.985685928229337
2815    18.981319261205726  0.017413314809147089  14.965325105832646
2816    20.83805602495482  1.2152881679605598  18.245615112084568
2817    21.017987707546141  0.84120179790772154  18.144318815684741
2818    21.130808685410436  0.43411267766118317  18.081488017940572
2819    21.169202172764198  0.0095135698017710466  18.060253429469004
2820    20.252219133153567  1.2247503076989152  17.138818988827669
2821    20.428926275382864  0.84809024804125221  17.0331393554154
2822    20.539742808650146  0.43837106184337166  16.968467755428236
2823    20.577626133116311  0.01059839109037565  16.946889159892777
2824    19.640331798887974  1.2345935438925992  16.046116492306503
2825    19.814625847815137  0.85572825529354779  15.935627020198154
2826    19.924249383545295  0.44374746380775959  15.868688116284353
2827    19.961991384696532  0.012968712280923014  15.846571649283355
2828    19.006221397830927  1.2462537045082569  14.970575650379612
2829    19.178669651367024  0.86454261444939939  14.854639295775147
2830    19.287001980690206  0.44969039589175158  14.783409206987713
2831    19.324339319062311  0.016707323709411574  14.759566165602493
2832    20.083699331782853  -0.15794425310504701  18.622197389411404
2833    20.029943746552757  -0.34039118870585128  18.652740917568568
2834    19.947295554072632  -0.51511635895246577  18.699889032124887
2835    19.84118383651851  -0.66337562518977256  18.760691177356311
2836    19.505135301519822  -0.16418178199865535  17.53319574706779
2837    19.452917776386741  -0.35046696970178953  17.566713177938002
2838    19.372067812350391  -0.52765140326056426  17.618096785132433
2839    19.267449811264203  -0.67837954371221709  17.683823840455613
2840    18.902045283682106  -0.16911942393628945  16.456020897086884
2841    18.850495605192283  -0.35915419568035073  16.492848184089375
2842    18.770573656145956  -0.53870922448988301  16.548803237341197
2843    18.667053819957825  -0.69186593549160824  16.619607908855777
2844    18.277244486432789  -0.16981914716882404  15.391929105810728
2845    18.226491118750822  -0.36389944799322749  15.432630469309661
2846    18.147483738851829  -0.54687319279666102  15.493033049023875
2847    18.044687043140932  -0.70219796891119279  15.567222817187425
2848    20.431727692225163  -0.24383042076837697  18.44247647980562
2849    20.357106517694099  -0.50160197520694982  18.484421971937923
2850    20.240936683589211  -0.74338626283258091  18.550236534379632
2851    20.089528854446911  -0.95141294589260816  18.636763079705467
2852    19.849175887833301  -0.24867602300763411  17.345511664413596
2853    19.776374956124954  -0.50988354503460354  17.390101094239572
2854    19.662591764420689  -0.75421627935044555  17.46024243987274
2855    19.513708170629993  -0.96503315017887459  17.552735317932143
2856    19.242131312323743  -0.25221229009380691  16.260841972571956
2857    19.170300886218971  -0.51676533112830492  16.308434995474254
2858    19.058054599696199  -0.76355606355349126  16.383262779681601
2859    18.911308997066602  -0.97712200915901848  16.481885470193944
2860    18.613310363252729  -0.25226350800519842  15.189715997049509
2861    18.542602482445602  -0.52069147548336892  15.241362811229038
2862    18.431736195574107  -0.77095371576214322  15.321009316485322
2863    18.286272137284527  -0.98683934807803497  15.42364034070223
2864    20.779756052667476  -0.32971658843170693  18.262755570199829
2865    20.684269288835438  -0.66281276170804859  18.316103026307289
2866    20.534577813105781  -0.97165616671269617  18.400584036634385
2867    20.337873872375301  -1.2394502665954439  18.512834982054631
2868    20.193216474146755  -0.33317026401661287  17.157827581759406
2869    20.099832135863142  -0.66930012036741748  17.213489010541146
2870    19.95311571649097  -0.9807811554403274  17.30238809461305
2871    19.759966529995769  -1.2516867566455321  17.421646795408662
2872    19.582217340965375  -0.33530515625132429  16.065663048057015
2873    19.490106167245656  -0.67437646657625916  16.124021806859151
2874    19.345535543246438  -0.98840290261709929  16.217722322021995
2875    19.155564174175367  -1.2623780828264288  16.344163031532116
2876    18.949376240072663  -0.33470786884157278  14.987502888288294
2877    18.858713846140375  -0.67748350297351012  15.050095153148412
2878    18.715988652296378  -0.99503423872762531  15.148985583946766
2879    18.527857231428126  -1.2714807272448778  15.280057864217035
2880    21.127784413109794  -0.41560275609503688  18.083034660594052
2881    21.01143205997678  -0.82402354820914725  18.147784080676644
2882    20.82821894262236  -1.1999260705928116  18.25093153888913
2883    20.586218890303702  -1.5274875872982794  18.388906884403795
2884    20.537257060460231  -0.41766450502559183  16.97014349910522
2885    20.423289315601355  -0.82871669570023143  17.036876926842726
2886    20.243639668561272  -1.2073460315302085  17.144533749353361
2887    20.006224889361562  -1.5383403631121897  17.290558272885196
2888    19.922303369607004  -0.41839802240884177  15.870484123542084
2889    19.809911448272345  -0.8319876020242134  15.939608618244039
2890    19.633016486796677  -1.2132497416807073  16.052181864362396
2891    19.399819351284144  -1.5476341564938392  16.20644059287028
2892    19.285442116892604  -0.41715222967794707  14.785289779527071
2893    19.174825209835159  -0.83427553046365155  14.858827495067789
2894    19.000241109018649  -1.2191147616931071  14.976961851408214
2895    18.76944232557171  -1.5561221064117203  15.136475387731842
2896    19.713242252662795  -0.78080736230209757  18.843561247661192
2897    19.565105783529198  -0.87180002413302538  18.949391505143961
2898    19.402205494670667  -0.930734590466328  19.063948945639698
2899    19.229972451640197  -0.95199204108577673  19.173000564983507
2900    19.140994288272729  -0.79818656002552069  17.771594941067317
2901    18.995064949773781  -0.89060622947014323  17.882173534085524
2902    18.83517598450058  -0.95028092553466625  18.001631166251965
2903    18.666841581186404  -0.97185302170767229  18.116039384308348
2904    18.541881080173255  -0.81385948923130857  16.712446832966577
2905    18.397711661462829  -0.90729093438554431  16.82814070654327
2906    18.240386808928832  -0.96729052827720741  16.952865475403442
2907    18.075747767673626  -0.98898852822918826  17.072797085364655
2908    17.920413676665024  -0.82581177331910938  15.664372452298469
2909    17.777740059567027  -0.92108113056684815  15.786807194103254
2910    17.62227655089578  -0.98260641933270743  15.918341856707519
2911    17.459633509700183  -1.0049880182949855  16.042791254217086
2912    19.907143491330608  -1.1180401232558341  18.749220552165685
2913    19.698854677898119  -1.243903280806226  18.88599928263821
2914    19.472193512577388  -1.323648161313868  19.033699263639242
2915    19.23469109379641  -1.3519205075488461  19.178920487685058
2916    19.333791405076234  -1.1344374383204818  17.671398182163749
2917    19.128217768012224  -1.2621632034117531  17.813895262091954
2918    18.904832722241522  -1.3430155379302378  17.967794838003311
2919    18.671481730567741  -1.3717995343534908  18.120665190184358
2920    18.733672359309534  -1.149115304049608  16.606897707248869
2921    18.530399265129155  -1.278289847817077  16.755429894947042
2922    18.309875705423622  -1.3598358074817254  16.915845824082972
2923    18.080487671091223  -1.3889433500638528  17.076509285451156
2924    18.110262401336509  -1.1606324946112989  15.553991630195839
2925    17.90933406465011  -1.2918362410055779  15.710663591240396
2926    17.691410236612025  -1.3750681516924748  15.879438041656606
2927    17.464414026608974  -1.4049457911035923  16.046096799265261
2928    20.101044729998417  -1.4552728842095715  18.654879856670174
2929    19.832603572267043  -1.6160065374794261  18.822607060132434
2930    19.542181530484108  -1.7165617321614079  19.003449581638773
2931    19.239409735952631  -1.7518489740119152  19.184840410386595
2932    19.526588521879727  -1.4706883166154439  17.571201423260177
2933    19.261370586250656  -1.6337201773533625  17.74561699009838
2934    18.974489459982451  -1.7357501503258097  17.93395850975465
2935    18.676121879949076  -1.7717460469993092  18.125290996060357
2936    18.925463638445805  -1.484371118867907  16.501348581531158
2937    18.66308686879546  -1.6492887612486091  16.682719083350808
2938    18.379364601918422  -1.7523810866862433  16.878826172762494
2939    18.085227574508806  -1.7888981718985175  17.080221485537631
2940    18.300111126008002  -1.495453215903489  15.443610808093206
2941    18.040928069733198  -1.6625913514443083  15.634519988377539
2942    17.760543922328264  -1.7675298840522422  15.840534226605694
2943    17.469194543517769  -1.8049035639121975  16.049402344313428
2944    20.294945968666223  -1.7925056451633083  18.560539161174674
2945    19.966352466635964  -1.9881097941526269  18.759214837626686
2946    19.612169548390828  -2.1094753030089479  18.973199899638324
2947    19.244128378108837  -2.151777440474985  19.190760333088146
2948    19.719385638683232  -1.8069391949104054  17.471004664356613
2949    19.394523404489096  -2.0052771512949721  17.677338718104814
2950    19.044146197723396  -2.1284847627213823  17.900122181506006
2951    18.680762029330417  -2.1716925596451282  18.129916801936364
2952    19.117254917582084  -1.8196269336862068  16.395799455813442
2953    18.795774472461787  -2.0202876746801413  16.610008271754573
2954    18.448853498413218  -2.1449263658907607  16.841806521442017
2955    18.089967477926407  -2.1888529937331822  17.083933685624132
2956    18.48995985067949  -1.8302739371956791  15.333229985990576
2957    18.172522074816282  -2.033346461883037  15.558376385514681
2958    17.829677608044509  -2.1599916164120097  15.801630411554781
2959    17.473975060426568  -2.2048613367208048  16.052707889361589
2960    19.060123131041863  -0.93210256620440002  19.283532976743288
2961    18.902855475927172  -0.87522212451400194  19.401043247124271
2962    18.761322751520193  -0.78717034851652057  19.509064050917612
2963    18.638678223045002  -0.67376687071389563  19.591128062914468
2964    18.500319261521135  -0.95175769054652204  18.230671698501489
2965    18.344820028402825  -0.8939597123652786  18.350275989742677
2966    18.204288292377022  -0.80439587228758158  18.460135360770312
2967    18.082668463989251  -0.68900295543706891  18.54553291432282
2968    17.912417215908103  -0.96913800928875982  17.191928260892038
2969    17.758388892112855  -0.91141396531776042  17.314504282575331
2970    17.618560631794885  -0.82132953186093605  17.427079930419165
2971    17.497830270461208  -0.70439784446303111  17.516209984428201
2972    17.297812430264248  -0.98523556643450438  16.16571727584267
2973    17.144581772841136  -0.92751606427786926  16.293493884172328
2974    17.005202345433847  -0.83716593282205776  16.41115400337803
2975    16.884934956045342  -0.71952159306404795  16.503730557631759
2976    18.998777054158523  -1.32543002168316  19.324686506967087
2977    18.775904082732065  -1.2480243481713273  19.473298337603378
2978    18.572137862642411  -1.125056143207207  19.610272168000066
2979    18.393544077014983  -0.96187806298466305  19.721124186563337
2980    18.439341250727242  -1.3450752495094827  18.273239329211368
2981    18.218909370980235  -1.2665482502351015  18.426171324187763
2982    18.017013999916045  -1.1417418940212765  18.566911043190803
2983    17.840483046124003  -0.97617953835893445  18.682908354297734
2984    17.851977831902897  -1.3624375353177745  17.236196995461576
2985    17.633672621715867  -1.2837842022486028  17.394121147502656
2986    17.433333677557638  -1.158134686752827  17.539298747836586
2987    17.258722636455769  -0.99064032472694075  17.660746802725633
2988    17.237957897316626  -1.37851815090046  16.211305524804629
2989    17.021506876230319  -1.2997609072756613  16.376531502328056
2990    16.822762919966447  -1.1736816514573689  16.528758984628997
2991    16.649427985141443  -1.0052879746737584  16.654972224500938
2992    18.937430977275177  -1.7187574771619203  19.365840037190896
2993    18.648952689536941  -1.6208265718286528  19.545553428082474
2994    18.382952973764631  -1.4629419378978943  19.711480285082533
2995    18.148409930984968  -1.2499892552554304  19.851120310212202
2996    18.378363239933346  -1.7383928084724434  18.315806959921233
2997    18.09299871355763  -1.6391367881049252  18.502066658632842
2998    17.829739707455058  -1.4790879157549714  18.673686725611276
2999    17.598297628258759  -1.2633561212807998  18.82028379427264
3000    17.79153844789769  -1.7557370613467902  17.280465730031118
3001    17.508956351318869  -1.6561544391794443  17.473738012429962
3002    17.24810672332039  -1.4949398416447186  17.651517565254011
3003    17.01961500245034  -1.2768828049908503  17.805283621023079
3004    17.178103364368994  -1.7718007353664147  16.256893773766588
3005    16.898431979619478  -1.6720057502734527  16.459569120483778
3006    16.64032349449905  -1.5101973700926796  16.646363965879971
3007    16.413921014237534  -1.2910543562834678  16.806213891370128
3008    18.876084900391838  -2.1120849326406814  19.406993567414698
3009    18.522001296341834  -1.9936287954859782  19.617808518561581
3010    18.193768084886848  -1.8008277325885809  19.812688402164984
3011    17.90327578495495  -1.5381004475261979  19.981116433861072
3012    18.317385229139454  -2.1317103674354039  18.358374590631108
3013    17.96708805613504  -2.0117253259747478  18.577961993077928
3014    17.642465414994085  -1.8164339374886662  18.780462408031763
3015    17.356112210393508  -1.5505327042026658  18.957659234247551
3016    17.731099063892476  -2.1490365873758055  17.324734464600649
3017    17.384240080921881  -2.028524676110286  17.553354877357286
3018    17.062879769083143  -1.8317449965366095  17.763736382671429
3019    16.780507368444912  -1.5631252852547601  17.949820439320511
3020    17.118248831421361  -2.16508331983237  16.302482022728544
3021    16.77535708300865  -2.044250593271244  16.542606738639503
3022    16.457884069031643  -1.8467130887279906  16.763968947130945
3023    16.178414043333632  -1.576820737893178  16.95745555823931
3024    18.538139546891077  -0.53024512296911108  19.652425250245194
3025    18.462798547456458  -0.36011300343175023  19.704569986680795
3026    18.415619741977988  -0.18160184403364502  19.740731556973355
3027    18.39956764769255  -0.012942976706628018  19.754079245874966
3028    17.983107788358588  -0.54355379755117128  18.609931427786044
3029    17.90821649381607  -0.37113228099354817  18.662831807485272
3030    17.861133465725135  -0.18864176082718223  18.698574349568002
3031    17.844997589449228  -0.012985592115055535  18.711499350181761
3032    17.398910607328546  -0.55720287698053661  17.584135712819496
3033    17.323727644022576  -0.38289148460058831  17.638728691132613
3034    17.275999019663615  -0.19682112486389869  17.674989160355778
3035    17.259442373371986  -0.014349255311179088  17.687917361477233
3036    16.786178655598768  -0.57067999322927132  16.574027918736547
3037    16.710581500993541  -0.393632784806206  16.631080637097647
3038    16.662277809196869  -0.20405844368639967  16.669266904789943
3039    16.645401897176004  -0.017635445761399721  16.682964913888377
3040    18.246433198310879  -0.75772126881287638  19.807088094783268
3041    18.136049746592729  -0.5197536853824346  19.875303813858316
3042    18.0668604763882  -0.26523311395929688  19.920146861757257
3043    18.04333214222499  -0.011417355809424686  19.935992756448815
3044    17.695454918880856  -0.76971511430604256  18.773585423870941
3045    17.586497525224804  -0.52933620710586615  18.843742895361459
3046    17.518083020387486  -0.27126665552727991  18.888898352479515
3047    17.494683559600507  -0.011730298339157893  18.904569378935388
3048    17.115426953571255  -0.78204779198017882  17.756487041273079
3049    17.007124942352224  -0.53965250762218753  17.829356281945135
3050    16.938714527256995  -0.27842892250007212  17.875594165048398
3051    16.915093632743925  -0.013351487460936505  17.891440330889498
3052    16.506950600711939  -0.79487916570051409  16.754019288752954
3053    16.39901430284305  -0.5496996472663993  16.83033299935612
3054    16.330673558963912  -0.28517471152919865  16.879274741846686
3055    16.306982836503714  -0.016729650646697715  16.896205901761011
3056    17.954726849730669  -0.98519741465664223  19.961750939321323
3057    17.809300945728992  -0.67939436733311864  20.046037641035831
3058    17.718101210798412  -0.34886438388494873  20.099562166541151
3059    17.687096636757431  -0.0098917349122213463  20.117906267022676
3060    17.407802049403099  -0.99587643106091406  18.937239419955834
3061    17.264778556633537  -0.68754013321818441  19.024653983237638
3062    17.175032575049833  -0.35389155022737756  19.079222355391039
3063    17.144369529751771  -0.010475004563260334  19.097639407689027
3064    16.831943299813958  -1.006892706979821  17.928838369726662
3065    16.690522240681847  -0.69641353064378686  18.019983872757642
3066    16.601430034850384  -0.36003672013624555  18.076199169741017
3067    16.570744892115851  -0.012353719610693866  18.094963300301753
3068    16.22772254582511  -1.019078338171757  16.93401065876937
3069    16.087447104692551  -0.70576650972659249  17.029585361614568
3070    15.999069308730954  -0.36629097937199734  17.089282578903436
3071    15.968563775831413  -0.015823855531995674  17.109446889633642
3072    17.663020501150463  -1.212673560500408  20.116413783859397
3073    17.482552144865267  -0.83903504928380335  20.216771468213363
3074    17.369341945208621  -0.4324956538106009  20.278977471325046
3075    17.330861131289875  -0.0083661140150180866  20.299819777596529
3076    17.120149179925367  -1.2220377478157853  19.100893416040734
3077    16.943059588042267  -0.84574405933050234  19.205565071113824
3078    16.831982129712177  -0.4365164449274756  19.269546358302556
3079    16.794055499903042  -0.009219710787362799  19.290709436442647
3080    16.548459646056664  -1.2317376219794633  18.101189698180249
3081    16.373919539011489  -0.85317455366538641  18.210611463570157
3082    16.26414554244375  -0.44164451777241914  18.276804174433629
3083    16.226396151487787  -0.01135595176045149  18.298486269714019
3084    15.948494490938288  -1.2432775106430001  17.114002028785777
3085    15.775879906542054  -0.86183337218678557  17.228837723873042
3086    15.667465058497996  -0.44740724721479647  17.299290415960183
3087    15.630144715159121  -0.014918060417293731  17.322687877506269
3088    18.417219941649424  0.15691761951665428  19.739434240601778
3089    18.467106700761349  0.33860357501238381  19.701012339633554
3090    18.546121042060403  0.51323797196196907  19.646074744617863
3091    18.651156082578638  0.66194389254681862  19.581882657202268
3092    17.862640317545271  0.16380925388778178  18.697295329227199
3093    17.912509025950893  0.34937966373865664  18.659395921931786
3094    17.991166485100553  0.52631806909314982  18.603759097433354
3095    18.095175465428753  0.67721690160684289  18.536342824869703
3096    17.277416817682301  0.16933387893788868  17.673746041218898
3097    17.328018295946805  0.35868762777059471  17.635470903626945
3098    17.407069693512291  0.53782892615668199  17.578236625676414
3099    17.510393895725549  0.69087470906589388  17.507187884342258
3100    16.663550059761278  0.17028842829270877  16.668107914086153
3101    16.71453507922498  0.3638032159874704  16.628120794302955
3102    16.793816003697369  0.54638716871277837  16.568619205454095
3103    16.896851881308649  0.70151853785852603  16.495218798454804
3104    18.069026748164685  0.24337556912538141  19.918541120961006
3105    18.141300657375741  0.50045106228701075  19.871317810584568
3106    18.255312163046234  0.74198645448503775  19.800437691682465
3107    18.406219558364182  0.95015907652903719  19.712015630617639
3108    17.519994016950694  0.24872616963082081  18.887270910438904
3109    17.591403950150319  0.50927322010738696  18.839767042864956
3110    17.70392753986906  0.75326276415028193  18.766949100171487
3111    17.852578966776623  0.9640467128192467  18.673708406316372
3112    16.940370895214084  0.25272239392101037  17.873959206074705
3113    17.011688950563052  0.51663951654146301  17.82543597002201
3114    17.123496722490852  0.76298172725817559  17.749941392255916
3115    17.270243134697491  0.97633087292890042  17.651546242300839
3116    16.332090374158405  0.25299926378373039  16.877673179641238
3117    16.403026467133973  0.52087189667336764  16.826555736527357
3118    16.514168667624617  0.7707071606274154  16.747713648702849
3119    16.659894527824434  0.98632396825107249  16.646006992451142
3120    17.720833554679931  0.32983351873410854  20.097648001320231
3121    17.815494613990126  0.66229854956163747  20.041623281535578
3122    17.964503284032059  0.9707349370081062  19.954800638747063
3123    18.161283034149722  1.2383742605112558  19.842148604033014
3124    17.17734771635611  0.33364308537385989  19.077246491650602
3125    17.270298874349752  0.66916677647611789  19.02013816379813
3126    17.416688594637563  0.98020745920741426  18.93013910290961
3127    17.609982468124489  1.2508765240316508  18.811073987763042
3128    16.60332497274586  0.33611090890413187  18.074172370930508
3129    16.695359605179313  0.67459140531233186  18.015401036417078
3130    16.839923751469421  0.98813452835966908  17.921646158835422
3131    17.030092373669419  1.2617870367919073  17.795904600259426
3132    16.000630688555528  0.33571009927475171  17.087238445196324
3133    16.091517855042973  0.67794057735926516  17.024990678751763
3134    16.23452133155185  0.9950271525420521  16.926808091951607
3135    16.42293717434022  1.2711293986436185  16.796795186447479
3136    17.372640361195188  0.41629146834283576  20.276754881679466
3137    17.489688570604521  0.8241460368362642  20.211928752486592
3138    17.673694405017887  1.1994834195311754  20.109163585811665
3139    17.916346509935273  1.5265894444934751  19.972281577448385
3140    16.834701415761533  0.41856000111689895  19.26722207286231
3141    16.949193798549178  0.82906033284484826  19.200509284731307
3142    17.12944964940607  1.2071521542645465  19.093329105647747
3143    17.367385969472352  1.5377063352440543  18.948439569209711
3144    16.266279050277635  0.41949942388725336  18.274385535786319
3145    16.379030259795556  0.83254329408320016  18.205366102812143
3146    16.556350780447971  1.2132873294611632  18.093350925414914
3147    16.789941612641346  1.5472432006549144  17.940262958218007
3148    15.669171002952652  0.41842093476577308  17.296803710751416
3149    15.780009242951973  0.83500925804516246  17.223425620976165
3150    15.95487399547909  1.2193471444566895  17.105902535200354
3151    16.185979820856002  1.5559348290361654  16.94758338044382
3152    18.778300769644066  0.77994986808069378  19.497392879542456
3153    18.923417545879275  0.8713650890723228  19.387687088671434
3154    19.083059771258139  0.93063362649556192  19.269213798552794
3155    18.22109646063516  0.79738391989500434  18.448073696915618
3156    18.365007595089661  0.89015689840125078  18.335873895491122
3157    18.522748085231949  0.9501732925236831  18.214694773601821
3158    17.635205564158998  0.81303401552966792  17.414734540587318
3159    17.77816266002214  0.9067934914774487  17.299150024494825
3160    17.934253018117222  0.96718648222599035  17.17437436672035
3161    17.020976095462913  0.82518191163676602  16.398983430444027
3162    17.16309646477961  0.92070645542873064  16.277724170122291
3163    17.318033690211958  0.98258728637808135  16.147177485747129
3164    18.588284823072154  1.1171166012608484  19.599245417730266
3165    18.794801774427739  1.2433262890558872  19.4609168915532
3166    19.019476461891568  1.3234448520240893  19.311538990738466
3167    18.032328842892287  1.1336252616809972  18.555474404365974
3168    18.236785025422638  1.2616219895728444  18.41291725354667
3169    18.458917562818254  1.3428238824604222  18.258789352056294
3170    17.44780450158413  1.1483583492862315  17.527541663396001
3171    17.650479049888446  1.2777635046793001  17.38008095457328
3172    17.870348571815072  1.3596701148906636  17.220528119046097
3173    16.835957407726717  1.1600669305422053  16.517001495579848
3174    17.0367139601553  1.2914374218127926  16.362080454183833
3175    17.25444667655033  1.3749894996392054  16.194830296977266
3176    18.398268876500218  1.4542833344410033  19.701097955918083
3177    18.66618600297619  1.6152874890394515  19.534146694434952
3178    18.955893152524965  1.7162560775526168  19.353864182924141
3179    17.843561225149415  1.4698666034669894  18.662875111816348
3180    18.108562455755624  1.633087080744438  18.489960611602211
3181    18.395087040404558  1.7354744723971607  18.30288393051077
3182    17.260403439009252  1.4836826830427965  17.640348786204697
3183    17.522795439754745  1.6487335178811515  17.461011884651732
3184    17.806444125512911  1.7521537475553364  17.266681871371848
3185    16.650938719990496  1.4949519494476449  16.635019560715659
3186    16.910331455530994  1.662168388196855  16.446436738245353
3187    17.190859662888677  1.7673917129003303  16.242483108207409
3188    18.20825292992831  1.7914500676211582  19.80295049410589
3189    18.537570231524654  1.9872486890230161  19.607376497316718
3190    18.892309843158401  2.1090673030811442  19.396189375109806
3191    17.65479360740655  1.8061079452529827  18.770275819266704
3192    17.980339886088608  2.0045521719160315  18.567003969657758
3193    18.331256517990866  2.1281250623339001  18.346978508965229
3194    17.073002376434385  1.8190070167993604  17.75315590901338
3195    17.395111829621055  2.0197035310830032  17.541942814730188
3196    17.742539679210768  2.1446373802200105  17.312835623697595
3197    16.465920032254299  1.8298369683530844  16.75303762585148
3198    16.783948950906687  2.0328993545809175  16.530793022306895
3199    17.127272649227045  2.1597939261614543  16.290135919437539
3200    16.83851889237274  1.0209611909630376  15.006076645060517
3201    16.999972270377118  1.0017482545048395  14.876326773281585
3202    17.151495177443241  0.94435891090585622  14.739103154735584
3203    17.28889932228704  0.85400666029754191  14.612349334332265
3204    17.407996413624449  0.73590500281135229  14.514008856981357
3205    16.171819080554286  1.0358476090189075  14.005052441191745
3206    16.333518151991118  1.0170058049642143  13.867420314912193
3207    16.48453653565765  0.95938646921157356  13.724889300584405
3208    16.621169097892963  0.86810283651373166  13.59384435317927
3209    16.73971070503605  0.74826814162343458  13.490670427667673
3210    15.478955129768837  1.0500792201501521  13.022069155869405
3211    15.64102966981638  1.0316971481811528  12.876733173970683
3212    15.791829035475523  0.974042739575674  12.729287241400296
3213    15.927975520494492  0.88202264408912379  12.594343644532538
3214    16.046091418621522  0.7605435114769088  12.486514669741709
3215    14.758373132527513  1.0637564687108312  12.059188710993208
3216    14.920603152671751  1.0456546225090926  11.908735371204406
3217    15.07126955229319  0.98814103630005801  11.75550105314837
3218    15.207161680724941  0.89594294960273724  11.615231011149502
3219    15.325068887300137  0.77378760193614116  11.503670499532188
3220    16.838955256460313  1.4209157226729905  15.01200855803957
3221    17.064002428819599  1.3952292132445141  14.839041528131302
3222    17.277841202886169  1.3169680268595023  14.663027627328859
3223    17.473871002309497  1.190998671936951  14.500233622486164
3224    17.64549125073912  1.0221876568958568  14.366926280457127
3225    16.171398928107624  1.435794958721943  14.01138144992597
3226    16.395106781306524  1.4107312250733972  13.829001289405513
3227    16.607580392358912  1.3325370377776269  13.646365877053031
3228    16.802258062682007  1.2059031858971361  13.47794146043347
3229    16.972578093692974  1.0355204584944278  13.338194287111783
3230    15.47768199505302  1.4500193125586165  13.028800328956368
3231    15.700107912561249  1.4256679125335918  12.837129181978861
3232    15.91134260423288  1.3477377515829658  12.648140975217649
3233    16.104794389089104  1.220636430000438  12.474354863962535
3234    16.273871586151142  1.0487715480797071  12.328290003503344
3235    14.756717389055851  1.4636931669969504  12.066109395753646
3236    14.978115747647992  1.4397449599633851  11.868039047844659
3237    15.187808600221821  1.3621095019455154  11.671375951669075
3238    15.379724470486574  1.2349703850924783  11.490365450896505
3239    15.547791882151497  1.0625112015534144  11.339252889196525
3240    16.839391620547893  1.8208702543829436  15.017940471018624
3241    17.128032587262087  1.7887101719841885  14.801756282981026
3242    17.404187228329093  1.6895771428131483  14.586952099922136
3243    17.658842682331976  1.5279906835763599  14.388117910640068
3244    17.882986087853794  1.3084703109803613  14.219843703932897
3245    16.170978775660974  1.8357423084249793  14.017710458660195
3246    16.456695410621943  1.804456645182581  13.790582263898838
3247    16.730624249060178  1.705687606343681  13.567842453521656
3248    16.983347027471073  1.5437035352805413  13.362038567687673
3249    17.205445482349912  1.3227727753654217  13.185718146555899
3250    15.476408860337203  1.8499594049670811  13.035531502043336
3251    15.75918615530612  1.8196386768860311  12.797525189987049
3252    16.03085617299023  1.7214327635902578  12.566994709035004
3253    16.281613257683716  1.5592502159117527  12.354366083392538
3254    16.501651753680754  1.3369995846825047  12.170065337264992
3255    14.755061645584192  1.8636298652830696  12.073030080514084
3256    15.035628342624236  1.8338352974176784  11.827342724484915
3257    15.304347648150456  1.7360779675909723  11.587250850189781
3258    15.55228726024821  1.5739978205822196  11.365499890643502
3259    15.770514877002858  1.3512348011706874  11.174835278860861
3260    16.839827984635466  2.2208247860928965  15.023872383997677
3261    17.192062745704572  2.1821911307238628  14.76447103783074
3262    17.530533253772013  2.0621862587667947  14.510876572515414
3263    17.843814362354429  1.8649826952157695  14.276002198793968
3264    18.120480924968472  1.5947529650648664  14.072761127408667
3265    16.170558623214308  2.2356896581280146  14.024039467394424
3266    16.518284039937338  2.1981820652917632  13.752163238392159
3267    16.853668105761439  2.0788381749097349  13.489319029990288
3268    17.16443599226012  1.8815038846639456  13.246135674941877
3269    17.438312871006833  1.6100250922364148  13.033242006000007
3270    15.475135725621387  2.2498994973755457  13.042262675130297
3271    15.818264398050994  2.2136094412384701  12.757921197995225
3272    16.150369741747586  2.095127775597549  12.485848442852356
3273    16.458432126278325  1.897864001823067  12.234377302822534
3274    16.729431921210374  1.625227621285303  12.011840671026629
3275    14.753405902112529  2.2635665635691891  12.079950765274521
3276    15.093140937600477  2.2279256348719709  11.786646401125166
3277    15.420886696079091  2.1100464332364295  11.50312574871049
3278    15.724850050009838  1.9130252560719601  11.240634330390506
3279    15.993237871854216  1.6399584007879604  11.010417668525196
3280    17.506694799840528  0.58534105836399764  14.440636140382667
3281    17.58270914806079  0.40524680836870475  14.380843813200197
3282    17.631560645111847  0.21230304520170218  14.340662736789982
3283    17.648770477820307  0.023190561239219695  14.326123772508069
3284    16.837972659016298  0.59575128368336139  13.412639310178744
3285    16.913417443291554  0.41390877248857488  13.349906630645137
3286    16.961816696493582  0.21908525877039783  13.308183109743046
3287    16.978942057254159  0.02762539326015339  13.29317946814867
3288    16.14403872692159  0.60611356367870006  12.403863657473552
3289    16.219181877674277  0.42261040328050237  12.338275339033002
3290    16.267396817449725  0.22599475100723349  12.295094087083223
3291    16.28455949281809  0.032227327583809924  12.279664274287384
3292    15.423060421179404  0.61772406876383756  11.418086187744866
3293    15.498478407739873  0.4317852698537597  11.349366487456368
3294    15.547021510639473  0.23267421118148304  11.303689266321944
3295    15.564388393536108  0.037093898722580579  11.287232391996824
3296    17.787339862155264  0.81007110739701615  14.263503921058517
3297    17.895011569988789  0.56185855311605937  14.183102082251041
3298    17.963341027065137  0.2939266084942293  14.131093358104534
3299    17.987162886209713  0.022651887972771078  14.112850342688818
3300    17.113311669035703  0.82152513402084903  13.228643832341605
3301    17.220196842108383  0.57155159804083899  13.144433451930972
3302    17.288122218959689  0.30153780028653593  13.090465214276461
3303    17.311976405638298  0.027421690490077429  13.071641187774645
3304    16.413580144666827  0.8329370351877059  12.212621326438454
3305    16.519876825320726  0.58128960793254059  12.124624125193714
3306    16.587596164289089  0.3092810474696609  12.068718094800252
3307    16.611572697748141  0.032363134954518771  12.049322930289172
3308    15.687044392616341  0.84507271983985288  11.219728017406677
3309    15.793095287831417  0.59097488992515035  11.127644127864404
3310    15.86074268433179  0.31637007615117962  11.068491876489386
3311    15.88478469865249  0.037410642859812805  11.047761919201285
3312    18.067984924469993  1.0348011564300348  14.086371701734363
3313    18.207313991916788  0.71847029786341388  13.985360351301891
3314    18.295121409018414  0.37555017178675637  13.921523979419085
3315    18.32555529459913  0.022113214706322465  13.89957691286957
3316    17.388650679055097  1.0472989843583367  13.044648354504458
3317    17.526976240925212  0.72919442359310371  12.938960273216809
3318    17.614427741425793  0.38399034180267383  12.872747318809878
3319    17.645010754022447  0.027217987720001401  12.85010290740062
3320    16.683121562412058  1.059760506696712  12.021378995403349
3321    16.820571772967181  0.73996881258457847  11.910972911354426
3322    16.907795511128434  0.39256734393208809  11.842342102517268
3323    16.938585902678181  0.032498942325227681  11.818981586290962
3324    15.951028364053277  1.0724213709158683  11.021369847068479
3325    16.087712167922959  0.75016450999654194  10.905921768272441
3326    16.174463858024104  0.40006594112087623  10.833294486656827
3327    16.205181003768875  0.037727386997045094  10.808291446405745
3328    18.348629986784733  1.2595312054630536  13.909239482410211
3329    18.519616413844787  0.87508204261076816  13.787618620352735
3330    18.626901790971711  0.45717373507928338  13.711954600733636
3331    18.663947702988544  0.021574541439873789  13.686303483050317
3332    17.663989689074498  1.2730728346958242  12.860652876667316
3333    17.83375563974203  0.88683724914536788  12.733487094502641
3334    17.9407332638919  0.46644288331881167  12.65502942334329
3335    17.978045102406593  0.027014284949925381  12.628564627026591
3336    16.952662980157303  1.2865839782057182  11.830136664368249
3337    17.121266720613626  0.89864801723661647  11.697321697515138
3338    17.227994857967794  0.47585364039451539  11.615966110234298
3339    17.265599107608235  0.03263474969593648  11.588640242292753
3340    16.215012335490211  1.2997700219918842  10.823011676730289
3341    16.382329048014515  0.90935413006793264  10.684199408680474
3342    16.488185031716419  0.48376180609057284  10.598097096824269
3343    16.525577308885246  0.038044131134277299  10.568820973610208
3344    17.631201216842172  -0.16772294897772014  14.342565046958905
3345    17.581352079181205  -0.36539298611372528  14.386563292202473
3346    17.503199221185636  -0.55212355060101292  14.451007277778114
3347    17.400718799203702  -0.71021864287180003  14.528785773225165
3348    16.961685463426104  -0.1659134917898305  13.310254723734392
3349    16.912260972826598  -0.36627449381288452  13.356341917436751
3350    16.834423404033917  -0.55606360660617637  13.424512804528174
3351    16.731927575626358  -0.71788682396687309  13.507839140281069
3352    16.267464956516022  -0.1639137415741182  12.297276396704289
3353    16.218133771805007  -0.3669146888890007  12.345238887397315
3354    16.140280151042219  -0.55971133039307663  12.416923024536391
3355    16.037618306584932  -0.72523948211858325  12.505700086291426
3356    15.547307426443369  -0.16124666429954626  11.305908326435713
3357    15.497886448234398  -0.36768428914036999  11.356526744468992
3358    15.419893325856135  -0.56408469154263929  11.431611333065131
3359    15.317095926255572  -0.73231358724910145  11.523685779192611
3360    17.962722817412086  -0.25021575939610136  14.13299705214272
3361    17.89311480413873  -0.52230158168046914  14.188368007367513
3362    17.783445969430481  -0.77629161011953229  14.272651559576735
3363    17.638823436328202  -0.99487187595248971  14.379536059983902
3364    17.287864440162636  -0.24853296924468454  13.092476536968553
3365    17.218741909686013  -0.5234309053864511  13.150224178939622
3366    17.109773243959481  -0.78038690106191333  13.23889281089204
3367    16.966122872734093  -1.0025157393977622  13.35249113002995
3368    16.587680611914177  -0.24665618701506656  12.070795171526624
3369    16.518805472137764  -0.52431706672588596  12.130805655311764
3370    16.410298883296392  -0.78418985934940177  12.223745522075156
3371    16.267512450267617  -1.0098449200570758  12.344005912247344
3372    15.861116713076504  -0.24402646217136584  11.070593675816555
3373    15.792627164544209  -0.52519768582334603  11.133986765850338
3374    15.684603751576489  -0.78865075574211352  11.231222144770049
3375    15.542334172694282  -1.0169333995736549  11.355580768043144
3376    18.294244417981993  -0.33270856981448238  13.923429057326526
3377    18.20487752909623  -0.679210177247213  13.990172722532554
3378    18.06369271767532  -1.0004596696380514  14.094295841375358
3379    17.876928073452696  -1.2795251090331794  14.230286346742636
3380    17.614043416899165  -0.33115244669953858  12.874698350202713
3381    17.525222846545439  -0.68058731696001773  12.944106440442496
3382    17.385123083885055  -1.0047101955176503  13.053272817255896
3383    17.200318169841832  -1.2871446548286505  13.197143119778829
3384    16.907896267312339  -0.32939863245601492  11.84431394634896
3385    16.819477172470531  -0.68171944456277134  11.916372423226212
3386    16.680317615550557  -1.008668388305727  12.030568019613922
3387    16.497406593950306  -1.2944503579955682  12.182311738203266
3388    16.174925999709632  -0.32680626004318541  10.835279025197398
3389    16.087367880854018  -0.68271108250632218  10.911446787231675
3390    15.949314177296843  -1.0132168199415879  11.030832956474971
3391    15.767572419132987  -1.3015532118982081  11.187475756893678
3392    18.625766018551897  -0.41520138023286363  13.713861062510343
3393    18.516640254053751  -0.83611877281395663  13.791977437697593
3394    18.343939465920158  -1.2246277291565706  13.915940123173977
3395    18.115032710577193  -1.5641783421138689  14.081036633501371
3396    17.9402223936357  -0.41377192415439262  12.656920163436876
3397    17.831703783404855  -0.83774372853358425  12.737988701945367
3398    17.660472923810616  -1.2290334899733872  12.867652823619762
3399    17.434513466949564  -1.5717735702595397  13.04179510952771
3400    17.228111922710493  -0.41214107789696347  11.617832721171297
3401    17.120148872803291  -0.83912182239965671  11.701939191140658
3402    16.950336347804726  -1.2331469172620519  11.837390517152684
3403    16.727300737632987  -1.5790557959340608  12.020617564159185
3404    16.48873528634277  -0.40958605791500508  10.599964374578242
3405    16.382108597163832  -0.84022447918929821  10.688906808613014
3406    16.214024603017201  -1.2377828841410623  10.830443768179894
3407    15.9928106655717  -1.5861730242227616  11.019370745744215
3408    17.276776179124894  -0.83601765451642107  14.630511537944844
3409    17.13494564377681  -0.93366366501072062  14.759601228073864
3410    16.980266724914912  -0.99716620661518007  14.898149458254805
3411    16.817778954294678  -1.0205348115902815  15.028250843130241
3412    16.607902286672868  -0.84701819209225271  13.615237379120016
3413    16.46614384708867  -0.94664762096100097  13.749298931319295
3414    16.311408341721428  -1.0112549000423958  13.893607985925845
3415    16.148451855418827  -1.035319818805716  14.031748731986625
3416    15.91342744422432  -0.85764923500851864  12.61865583026221
3417    15.771558710432565  -0.95914334447606908  12.757436312759385
3418    15.616584228588549  -1.0247366232587529  12.907253260019187
3419    15.453076122071121  -1.0494438840940892  13.053318398277865
3420    15.192987096694596  -0.86674663222713311  11.640872745809643
3421    15.051414274738427  -0.97026118161430508  11.785549381313963
3422    14.896677212789438  -1.0374754999086495  11.941621100833347
3423    14.733075663249952  -1.0630078516082002  12.092993319495582
3424    17.463917630535132  -1.1707835669397089  14.515496932025911
3425    17.264812569648459  -1.3043338121304844  14.680309658042724
3426    17.048735764550038  -1.3895575546974031  14.85761267760247
3427    16.822914726121727  -1.4204897378130532  15.031044430273269
3428    16.79226085777313  -1.1816207024418039  13.495421730697455
3429    16.594120321526862  -1.3171046883527302  13.666327163095406
3430    16.379060284776727  -1.4034819044235567  13.850576058213091
3431    16.154439768304197  -1.435266557947299  14.033537047039799
3432    16.094668197591204  -1.1920891119948887  12.493825234391
3433    15.897434923180626  -1.3293879436672538  12.670645157441504
3434    15.683334391974086  -1.4167997382832762  12.861661712388544
3435    15.459888368909752  -1.4493828190520603  13.054070930221805
3436    15.370515764529994  -1.201134006476271  11.510766651287065
3437    15.174933977505042  -1.3404226520689957  11.695192692124072
3438    14.962508680824072  -1.4294695936889026  11.894203169028895
3439    14.740159743691702  -1.4629450886730673  12.093142360476243
3440    17.651059081945355  -1.5055494793629973  14.40048232610698
3441    17.394679495520109  -1.6750039592502486  14.60101808801158
3442    17.117204804185167  -1.7819489027796267  14.817075896950135
3443    16.82805049794877  -1.8204446640358252  15.033838017416302
3444    16.976619428873391  -1.5162232127913546  13.375606082274894
3445    16.722096795965054  -1.6875617557444595  13.583355394871516
3446    16.446712227832034  -1.7957089088047171  13.807544130500323
3447    16.160427681189571  -1.835213297088883  14.035325362092973
3448    16.275908950958076  -1.5265289889812597  12.368994638519791
3449    16.02331113592869  -1.6996325428584391  12.583854002123624
3450    15.750084555359626  -1.8088628533077991  12.816070164757896
3451    15.466700615748389  -1.8493217540100315  13.054823462165746
3452    15.548044432365396  -1.5355213807254091  11.380660556764488
3453    15.29845368027166  -1.7105841225236866  11.604836002934185
3454    15.028340148858705  -1.8214636874691557  11.846785237224434
3455    14.74724382413345  -1.8628823257379346  12.093291401456906
3456    17.838200533355593  -1.8403153917862856  14.285467720188041
3457    17.524546421391765  -2.0456741063700123  14.52172651798044
3458    17.1856738438203  -2.1743402508618486  14.776539116297799
3459    16.833186269775819  -2.2203995902585967  15.036631604559329
3460    17.160977999973653  -1.8508257231409055  13.255790433852335
3461    16.850073270403254  -2.0580188231361878  13.500383626647624
3462    16.514364170887337  -2.187935913185878  13.764512202787571
3463    16.166415594074937  -2.2351600362304662  14.037113677146154
3464    16.457149704324962  -1.8609688659676298  12.244164042648583
3465    16.149187348676755  -2.0698771420496245  12.497062846805743
3466    15.816834718745163  -2.2009259683323221  12.770478617127251
3467    15.473512862587024  -2.2492606889680031  13.055575994109688
3468    15.725573100200794  -1.8699087549745466  11.250554462241908
3469    15.421973383038274  -2.0807455929783774  11.514479313744292
3470    15.094171616893341  -2.2134577812494092  11.799367305419985
3471    14.754327904575204  -2.2628195628028012  12.093440442437563
3472    16.655819986082424  -1.0008278529798109  15.156286277132667
3473    16.502755622984264  -0.9427287286594207  15.28984309454902
3474    16.363667619565238  -0.85168450813739249  15.412825569803591
3475    16.243637730390425  -0.73314226092200929  15.509137977320647
3476    15.986005415148316  -1.01596273554973  14.167355579063678
3477    15.832901842713881  -0.95757798091888657  14.305556409330929
3478    15.694049915217875  -0.86555630290099006  14.432175620753156
3479    15.574358409762651  -0.74528844948384454  14.533037611295105
3480    15.290139828962545  -1.0305378215911443  13.196548964346908
3481    15.136991809476312  -0.9720899565266734  13.339508880483249
3482    14.998370720187786  -0.87931334088973356  13.469879901091314
3483    14.879015217672368  -0.7574210266693816  13.575343780575515
3484    14.569994339025758  -1.0444507185509382  12.24149021569357
3485    14.416996900717898  -0.98629079095318661  12.390575559971179
3486    14.278651522271058  -0.89348764588050422  12.526614155682678
3487    14.159526377629984  -0.77100086039844951  12.635970806182302
3488    16.59742752411319  -1.3942223973220573  15.202669032620443
3489    16.382377641612077  -1.3152156678210867  15.375615751255916
3490    16.185030709507199  -1.1885566406108001  15.535120750817782
3491    16.012652358687347  -1.0193324069918606  15.666420195944129
3492    15.930149528304961  -1.409619733587699  14.214380123545181
3493    15.716125859057955  -1.3306534200414806  14.393540272025378
3494    15.519796088469468  -1.2033081806511405  14.558283608959485
3495    15.348587544445765  -1.0325245787591764  14.695876250826561
3496    15.23682011782441  -1.4244576684007233  13.244167550550053
3497    15.023877721021641  -1.3457543174783659  13.429618282137223
3498    14.828620171139677  -1.2179454125770819  13.599677109705805
3499    14.658606460816738  -1.0457035999889599  13.743598017978258
3500    14.518135500604012  -1.4384837104644692  12.28976006660627
3501    14.306759419956858  -1.3601985136732646  12.483162999092212
3502    14.113064071804271  -1.2324774773873117  12.660730803708431
3503    13.944082026200302  -1.0597085806944644  12.809843126229266
3504    16.539035062143931  -1.7876169416643042  15.249051788108215
3505    16.261999660239891  -1.6877026069827517  15.461388407962803
3506    16.006393799449146  -1.5254287730842078  15.657415931831975
3507    15.781666986984265  -1.3055225530617118  15.823702414567617
3508    15.8742936414616  -1.8032767316256688  14.261404668026682
3509    15.599349875402028  -1.703728859164074  14.481524134719825
3510    15.345542261721057  -1.5410600584012912  14.684391597165819
3511    15.12281667912889  -1.3197607080345093  14.858714890358019
3512    15.183500406686273  -1.8183775152103021  13.291786136753196
3513    14.910763632566976  -1.7194186784300587  13.519727683791201
3514    14.658869622091562  -1.5565774842644287  13.729474318320291
3515    14.438197703961105  -1.3339861733085376  13.911852255381005
3516    14.46627666218227  -1.8325167023780007  12.338029917518975
3517    14.196521939195815  -1.7341062363933433  12.575750438213248
3518    13.947476621337479  -1.571467308894118  12.794847451734185
3519    13.728637674770622  -1.3484163009904802  12.983715446276234
3520    16.480642600174701  -2.1810114860065508  15.295434543595993
3521    16.141621678867708  -2.0601895461444175  15.5471610646697
3522    15.827756889391111  -1.8623009055576154  15.779711112846167
3523    15.550681615281187  -1.5917126991315638  15.980984633191103
3524    15.818437754618248  -2.1969337296636375  14.308429212508186
3525    15.4825738917461  -2.0768042982866683  14.569507997414279
3526    15.17128843497265  -1.8788119361514422  14.810499585372144
3527    14.897045813812003  -1.6069968373098413  15.02155352988947
3528    15.130180695548137  -2.2122973620198811  13.339404722956342
3529    14.797649544112305  -2.0930830393817521  13.609837085445175
3530    14.489119073043451  -1.895209555951777  13.85927152693478
3531    14.217788947105475  -1.6222687466281163  14.080106492783747
3532    14.414417823760523  -2.2265496942915322  12.386299768431678
3533    14.086284458434777  -2.1080139591134222  12.668337877334283
3534    13.781889170870688  -1.9104571404009254  12.92896409975994
3535    13.513193323340941  -1.6371240212864946  13.1575877663232
3536    16.144956203453216  -0.58254184877539406  15.582080356918691
3537    16.069318331757295  -0.40274970576343094  15.641617403106606
3538    16.020913437383122  -0.21035275985004556  15.681650372344237
3539    16.003930842411194  -0.021937938999163367  15.696080521091446
3540    15.47595962278869  -0.59278409872243309  14.610315021932953
3541    15.400492297627125  -0.41127708625164233  14.672052768120297
3542    15.352124881716353  -0.21699439642913074  14.712883659538086
3543    15.335025822494782  -0.026163013612556074  14.727440505867269
3544    14.780827717822135  -0.60305280398071959  13.657046251948685
3545    14.705373742947991  -0.41991906876370194  13.721182763465611
3546    14.656886609253672  -0.22383878174466454  13.763009642393706
3547    14.639599632942931  -0.030630903649943114  13.777783216000389
3548    14.061199292770528  -0.61499402546058535  12.72058838513524
3549    13.985233012064842  -0.4293797957924711  12.787803420469407
3550    13.936173087052182  -0.23074134411765593  12.832071196933262
3551    13.918565069271818  -0.035661843159688983  12.84784699927525
3552    15.870744287842587  -0.80719694653267793  15.769094417827191
3553    15.76327889070865  -0.55927036850856149  15.848960064438314
3554    15.695227840742781  -0.2918389587805218  15.900607775584234
3555    15.67156281140225  -0.021189003209570869  15.918628191071715
3556    15.207700344111968  -0.81854585856809858  14.804490271834227
3557    15.100761365968799  -0.56887757122775595  14.887682292802793
3558    15.032838079985986  -0.29935374050164953  14.940795250130373
3559    15.008997956133266  -0.025808390153280181  14.959172080215094
3560    14.518680920263472  -0.82992128521070385  13.858231580270106
3561    14.412138097504162  -0.57859855187251541  13.94492540834719
3562    14.344212311897484  -0.30706956346672137  13.999679044607495
3563    14.320137882802143  -0.030668483485651991  14.018492031449023
3564    13.804548167040522  -0.84231860986442209  12.928343072630874
3565    13.698085454195395  -0.58851060689137125  13.019115134969111
3566    13.630058571681207  -0.3143369344498782  13.077101038137943
3567    13.605832203514296  -0.035849955214512966  13.097242507031336
3568    15.596532372231955  -1.0318520442899619  15.9561084787357
3569    15.457239449660003  -0.71579103125369137  16.056302725770021
3570    15.369542244102432  -0.37332515771099811  16.119565178824232
3571    15.339194780393314  -0.020440067419978447  16.141175861051984
3572    14.939441065435243  -1.0443076184137641  14.998665521735511
3573    14.801030434310475  -0.72647805620386974  15.103311817485292
3574    14.71355127825562  -0.38171308457416814  15.168706840722665
3575    14.682970089771754  -0.025453766694004343  15.190903654562918
3576    14.256534122704812  -1.056789766440688  14.059416908591533
3577    14.118902452060334  -0.73727803498132871  14.168668053228764
3578    14.031538014541294  -0.39030034518877826  14.236348446821282
3579    14.00067613266136  -0.03070606332136085  14.259200846897663
3580    13.54789704131052  -1.0696431942682587  13.136097760126512
3581    13.410937896325944  -0.74764141799027173  13.250426849468809
3582    13.323944056310228  -0.39793252478210084  13.322130879342625
3583    13.293099337756777  -0.036038067269336921  13.346638014787423
3584    15.322320456621327  -1.2565071420472456  16.143122539644196
3585    15.151200008611356  -0.87231169399882158  16.263645387101732
3586    15.043856647462087  -0.45481135664147432  16.338522582064225
3587    15.00682674938437  -0.019691131630385925  16.363723531032257
3588    14.671181786758526  -1.2700693782594297  15.192840771636783
3589    14.501299502652151  -0.88407854117998308  15.31894134216779
3590    14.394264476525256  -0.4640724286466868  15.39661843131495
3591    14.35694222341024  -0.025099143234728297  15.422635228910737
3592    13.994387325146153  -1.2836582476706728  14.260602236912952
3593    13.825666806616505  -0.8959575180901419  14.392410698110348
3594    13.718863717185105  -0.47353112691083549  14.473017849035072
3595    13.681214382520572  -0.03074364315706965  14.499909662346296
3596    13.291245915580514  -1.2969677786720959  13.343852447622146
3597    13.123790338456493  -0.90677222908917132  13.481738563968518
3598    13.017829540939253  -0.4815281151143232  13.567160720547301
3599    12.98036647199925  -0.03622617932416082  13.596033522543507
3600    16.02201582517522  0.16832510630928213  15.680521577431048
3601    16.072988952605606  0.36551709297886648  15.63867324573523
3602    16.152302479677907  0.55192664412092829  15.576565746897844
3603    16.255408661367643  0.70984238284680634  15.500229301812734
3604    15.353067596702228  0.16678124144897585  14.711654093378499
3605    15.404225293169633  0.36664013844897231  14.668608072325609
3606    15.483821277472062  0.5560430786936954  14.603664548364142
3607    15.58717791518459  0.71761946348940719  14.522185627149657
3608    14.657622544120612  0.16498145349401483  13.761616648222107
3609    14.709018369783998  0.3674784239489704  13.717037027597659
3610    14.78895037147552  0.55984591642090176  13.648921568297629
3611    14.892581810737632  0.72506983961578664  13.562147484492639
3612    13.936597837208678  0.1622503622266239  12.830520428255483
3613    13.98814245131563  0.36833802103004321  12.783071865074964
3614    14.068267736083961  0.5644446012923694  12.711342765142961
3615    14.172042516004947  0.73241357105540339  12.621174583868775
3616    15.696370429095778  0.25107669797159665  15.899021800783803
3617    15.766767241263453  0.52267288243917409  15.845146405411214
3618    15.877269802909687  0.77628957119548125  15.76262861097219
3619    16.022394669038849  0.99461678524283836  15.657095023484972
3620    15.033637530248987  0.249590821985363  14.939152399099186
3621    15.103929841380216  0.52399449615727201  14.883496822869361
3622    15.214107114309705  0.7805459957114147  14.797179787990325
3623    15.358401573820238  1.0023886839967588  14.685175730926801
3624    14.344637411187547  0.24785096773501641  13.997939686287538
3625    14.414886816546755  0.5250329334852667  13.940241308121781
3626    14.524800396023938  0.78449004571125469  13.84986241172404
3627    14.668292446763299  1.0098349363591361  13.731268511866622
3628    13.630115805480939  0.24516646713054441  13.075258374049008
3629    13.700010715825549  0.52598439008076381  13.014014180388479
3630    13.80946944225165  0.78913533273104042  12.919171714140164
3631    13.952444492462766  1.0171508141762711  12.79639276339449
3632    15.37072503301634  0.33382828963391148  16.117522024136559
3633    15.460545529921299  0.67982867189948171  16.051619565087197
3634    15.602237126141471  1.000652498270034  15.948691475046543
3635    15.789380676710064  1.2793911876388702  15.813960745157216
3636    14.714207463795756  0.33240040252175013  15.166650704819878
3637    14.803634389590798  0.68134885386557165  15.098385573413113
3638    14.944392951147353  1.005048912729134  14.990695027616512
3639    15.129625232455886  1.2871579045041102  14.848165834703943
3640    14.031652278254484  0.33072048197601805  14.234262724352966
3641    14.12075526330951  0.68258744302156338  14.163445588645901
3642    14.260650420572356  1.0091341750016074  14.050803255150461
3643    14.444003082788964  1.2946000331024849  13.900389539240614
3644    13.32363377375321  0.32808257203446489  13.319996319842527
3645    13.411878980335469  0.68363075913148452  13.244956495701981
3646    13.550671148419337  1.0138260641697112  13.127000663137371
3647    13.732846468920588  1.3018880572971383  12.97161094292021
3648    15.045079636936892  0.41657988129622586  16.336022247489314
3649    15.154323818579146  0.83698446135978921  16.258092724763177
3650    15.327204449373248  1.2250154253445871  16.134754339120892
3651    15.55636668438127  1.5641655900349023  15.970826466829456
3652    14.394777397342514  0.41520998305813722  15.394149010540565
3653    14.503338937801379  0.8387032115738714  15.313274323956866
3654    14.674678787984989  1.2295518297468526  15.184210267242696
3655    14.900848891091533  1.5719271250114624  15.011155938481089
3656    13.718667145321419  0.41358999621701958  14.470585762418395
3657    13.826623710072269  0.84014195255785973  14.386649869170029
3658    13.996500445120772  1.2337783042919608  14.251744098576872
3659    14.21971371881463  1.5793651298458347  14.069510566614596
3660    13.017151742025471  0.41099867693838543  13.56473426563605
3661    13.123747244845397  0.84127712818220513  13.475898811015499
3662    13.291872854587025  1.2385167956083825  13.33482961213457
3663    13.513248445378411  1.5866253004180062  13.146829122445929
3664    16.379414122260723  0.8356450753978456  15.399713439762536
3665    16.521195815675949  0.93347775677103162  15.272448459527196
3666    16.675861489688298  0.99727245321116254  15.135535736246572
3667    15.711383513784753  0.84672398919239533  14.416229181230811
3668    15.853435188956574  0.94654430331820683  14.28449992382537
3669    16.008518518584822  1.0114592339119941  14.142330221592594
3670    15.01701898756003  0.85742493246941065  13.450755983852087
3671    15.159409813621759  0.95912009414495913  13.314574613399794
3672    15.314979967999221  1.0250424736895125  13.167160096338115
3673    14.296455261111559  0.86675418467788723  12.505519176629587
3674    14.438714918671749  0.97041912832598909  12.363368578633441
3675    14.594221029029169  1.037917017752656  12.20962451503607
3676    16.197489779084876  1.1704474540709575  15.522648418164295
3677    16.396753474741235  1.3041109965433475  15.35997948584793
3678    16.612977914401775  1.3896021677230204  15.18459670598874
3679    15.532523718260405  1.1813977497549262  14.543869534035466
3680    15.731046610789317  1.3169939784783689  14.37539910513402
3681    15.946496323405531  1.4036391286423031  14.193368418878757
3682    14.841434661087682  1.1919709559503617  13.583108022411835
3683    15.039201428567281  1.3293866961114797  13.408847754741114
3684    15.253861092217319  1.4170726504462958  13.220180819905591
3685    14.124598043401082  1.2012202110135137  12.642807062511858
3686    14.320825988342865  1.340589477936299  12.460833877368222
3687    14.533931409492865  1.4298750011842405  12.264069293327514
3688    16.015565435909018  1.50524983274407  15.645583396566051
3689    16.272311133806529  1.674744236315663  15.44751051216867
3690    16.550094339115258  1.7819318822348784  15.233657675730909
3691    15.353663922736047  1.5160715103174573  14.671509886840122
3692    15.608658032622053  1.6874436536385315  14.466298286442672
3693    15.884474128226238  1.7958190233726126  14.244406616164927
3694    14.665850334615337  1.5265169794313131  13.715460060971573
3695    14.918993043512804  1.6996532980780004  13.503120896082441
3696    15.192742216435409  1.8091028272030794  13.273201543473069
3697    13.952740825690602  1.5356862373491407  12.780094948394124
3698    14.202937058013976  1.7107598275466085  12.558299176103004
3699    14.473641789956556  1.8218329846158254  12.318514071618964
3700    15.833641092733169  1.8400522114171818  15.768518374967815
3701    16.147868792871812  2.0453774760879795  15.5350415384894
3702    16.487210763828731  2.1742615967467369  15.282718645473079
3703    15.174804127211699  1.850745270879989  14.799150239644774
3704    15.486269454454796  2.0578933287986936  14.557197467751328
3705    15.822451933046946  2.1879989181029225  14.295444813451089
3706    14.49026600814299  1.8610630029122643  13.847812099531321
3707    14.798784658458324  2.0699199000445208  13.597394037423761
3708    15.131623340653508  2.2011330039598631  13.326222267040546
3709    13.780883607980126  1.8701522636847672  12.917382834276394
3710    14.08504812768509  2.0809301771569184  12.655764474837788
3711    14.413352170420252  2.213790968047411  12.372958849910406
3712    14.010638224653134  1.0770017261644547  11.117410579936532
3713    14.172477807288551  1.0591342391260699  10.962397207239514
3714    14.323309568172089  1.0018142657473337  10.803902906605526
3715    14.459442225138597  0.90951963748247189  10.658730913365472
3716    14.577184496022941  0.78672818578570891  10.543684462850257
3717    13.236788410848487  1.0899413386732482  10.197393530323044
3718    13.397790572731825  1.0723776398929314  10.036101091559363
3719    13.549033520280116  1.0150176505579716  9.8742914431829902
3720    13.685742731911235  0.92204466666163709  9.7265917711414271
3721    13.803143686043054  0.79764198419719556  9.6076292613822023
3722    12.435979086944599  1.1026817126393456  9.300688425427893
3723    12.595984376321004  1.0851956091873325  9.1334352081971275
3724    12.747287716673354  1.0272979794506671  8.9690104447974335
3725    12.884222689108377  0.93314901547737927  8.8194833266734332
3726    13.001122874732808  0.80690890931549508  8.6969230452697754
3727    11.607365648772504  1.115329254464881  8.4288461285262155
3728    11.766502145375499  1.0973989313869283  8.2579877411859623
3729    11.916918465407864  1.0382020411441171  8.0904036933655128
3730    12.05304158479556  0.94246366226684264  7.9380753221575304
3731    12.169298479464562  0.81490887328549877  7.8129839646546841
3732    14.008877601046896  1.4769350169351649  11.124487642511678
3733    14.228694607688226  1.4532879323669761  10.920528149749947
3734    14.436987689775506  1.3759380642484518  10.71659603906104
3735    14.62765146121318  1.2487919500957627  10.52869070658685
3736    14.794580535905681  1.0757561274250733  10.372811548469283
3737    13.234799432520534  1.4898671321743475  10.204814107890883
3738    13.452047004709385  1.466652648402238  9.9928553112612661
3739    13.659261579372791  1.389425367081238  9.7838363612209811
3740    13.849171721037415  1.261758147888272  9.5916673915811828
3741    14.01450599422993  1.0872238505002634  9.4302585361530298
3742    12.433792281081509  1.5025995578827449  9.3084830622139485
3743    12.648240150134685  1.4795901728879834  9.0888267156011668
3744    12.853869626271139  1.4019849739232966  8.8753847847558962
3745    13.042519547059637  1.2732961452488452  8.6796160364968706
3746    13.206028750068954  1.0970358711247852  8.5129792376428579
3747    11.605165544334556  1.5152423392286014  8.4368887758035598
3748    11.817341255387275  1.4918515706430204  8.2122485459921979
3749    12.02005118772799  1.4130304482540519  7.9935291762727569
3750    12.205929236380211  1.2828331089563185  7.7928571719512849
3751    12.367609296367485  1.1053136896444402  7.6223590383338351
3752    14.007116977440653  1.8768683077058748  11.131564705086824
3753    14.28491140808789  1.8474416256078805  10.878659092260378
3754    14.550665811378925  1.7500618627495697  10.629289171516549
3755    14.795860697287758  1.5880642627090527  10.398650499808234
3756    15.011976575788411  1.3647840690644382  10.201938634088309
3757    13.232810454192581  1.8897929256754475  10.212234685458716
3758    13.506303436686952  1.8609276569115449  9.9496095309631549
3759    13.769489638465465  1.7638330836045046  9.6933812792589684
3760    14.012600710163595  1.6014716291149071  9.4567430120209259
3761    14.22586830241681  1.3768057168033316  9.2528878109238519
3762    12.431605475218417  1.9025174031261443  9.3162776990000022
3763    12.700495923948361  1.873984736588634  9.0442182230052008
3764    12.96045153586892  1.776671968395926  8.7817591247143483
3765    13.200816405010897  1.6134432750203112  8.539748746320301
3766    13.410934625405099  1.3871628329340757  8.3290354300159368
3767    11.602965439896607  1.9151554239923214  8.4449314230809023
3768    11.868180365399054  1.8863042098991119  8.1665093507984299
3769    12.123183910048112  1.7878588553639865  7.8966546591800011
3770    12.358816887964865  1.6232025556457947  7.6476390217450403
3771    12.565920113270405  1.3957185060033819  7.4317341120129825
3772    14.005356353834413  2.276801598476585  11.138641767661971
3773    14.341128208487563  2.2415953188487858  10.836790034770809
3774    14.664343932982344  2.1241856612506886  10.541982303972066
3775    14.964069933362339  1.927336575322343  10.268610293029614
3776    15.229372615671146  1.6538120107038023  10.031065719707332
3777    13.23082147586463  2.2897187191765473  10.219655263026555
3778    13.560559868664514  2.2552026654208519  9.9063637506650579
3779    13.879717697558142  2.1382408001277713  9.6029261972969593
3780    14.17602969928978  1.9411851103415421  9.3218186324606815
3781    14.437230610603685  1.6663875831063995  9.0755170856946741
3782    12.429418669355329  2.3024352483695436  9.3240723357860578
3783    12.752751697762047  2.2683793002892849  8.9996097304092437
3784    13.067033445466707  2.1513589628685561  8.6881334646728092
3785    13.359113262962159  1.9535904047917767  8.3998814561437367
3786    13.615840500741248  1.6772897947433656  8.1450916223890175
3787    11.600765335458659  2.3150685087560419  8.4529740703582483
3788    11.919019475410833  2.2807568491552037  8.120770155604669
3789    12.226316632368237  2.1626872624739222  7.7997801420872417
3790    12.511704539549516  1.9635720023352707  7.5024208715387939
3791    12.764230930173326  1.6861233223623231  7.2411091856921326
3792    14.675106353187351  0.62900003887064138  10.455381319093146
3793    14.751064793930812  0.44056257551752781  10.383831486520741
3794    14.800299073493354  0.23889450303058468  10.335926561053892
3795    14.818048447114998  0.041474528714028853  10.318558138613461
3796    13.900490746571526  0.63796713205045563  9.5152830617268531
3797    13.976710869218426  0.44780658592795036  9.4417713618873176
3798    14.026538420140312  0.24428706205402817  9.3932299106466015
3799    14.044707765493742  0.04453527665303917  9.375794456787748
3800    13.097749437297567  0.6453341458963181  8.6007578092857688
3801    13.173910698926775  0.45355346371474015  8.5257770852321677
3802    13.224010978286879  0.24828543516415802  8.477091951270662
3803    13.242454594044318  0.04624863263797159  8.4598134855629592
3804    12.265418261331108  0.651809878001266  7.7147719554096552
3805    12.34115834837994  0.45783937150761006  7.6384396282313789
3806    12.39098817563962  0.25032316927331943  7.5890053190966782
3807    12.409377178138735  0.046587086767187938  7.5714873639824223
3808    14.93312779776795  0.85668030940865503  10.249707391103778
3809    15.039058555975425  0.60008049050253698  10.153799904290951
3810    15.106886062323264  0.32286263014852451  10.091597749280366
3811    15.131123568606661  0.041932687788423066  10.06960958732161
3812    14.151443066574375  0.86626973814744879  9.3017345387059756
3813    14.256980509662387  0.60795800362597474  9.2028152319045375
3814    14.325075243971979  0.3287839009616304  9.1393033829023249
3815    14.349684189981158  0.045242684180203586  9.1170017588530019
3816    13.341173284956726  0.87424963423145541  8.3792484822489453
3817    13.445916247459811  0.61432755764556579  8.2777861361551768
3818    13.513877044265675  0.33329878622182874  8.2134333738576295
3819    13.538675082061797  0.047192464814957882  8.1910313698524124
3820    12.501501538836116  0.88102862583589592  7.485688243768327
3821    12.604920867935192  0.61890928091140951  7.3818086424928797
3822    12.671858278192131  0.33557218356045004  7.3158123186486517
3823    12.696304764134414  0.047633862472489678  7.2927913563768287
3824    15.191149242348551  1.0843605799466687  10.044033463114411
3825    15.32705231802003  0.75959840548754631  9.9237683220611572
3826    15.413473051153177  0.40683075726646395  9.8472689375068363
3827    15.44419869009832  0.0423908468628173  9.8206610360297582
3828    14.402395386577226  1.0945723442444419  9.0881860156851104
3829    14.537250150106347  0.76810942132399962  8.9638591019217557
3830    14.623612067803643  0.41328073986923242  8.8853768551580483
3831    14.654660614468574  0.045950091707367927  8.8582090609182558
3832    13.584597132615885  1.1031651225665928  8.1577391552121199
3833    13.71792179599284  0.77510165157639144  8.0297951870781805
3834    13.803743110244469  0.41831213727949917  7.9497747964445979
3835    13.834895570079276  0.048136296991944258  7.9222492541418594
3836    12.73758481634113  1.1102473736705258  7.2566045321269979
3837    12.86868338749044  0.77997919031520913  7.125177656754385
3838    12.952728380744654  0.42082119784758054  7.0426193182006225
3839    12.983232350130098  0.048680638177791419  7.0140953487712325
3840    15.449170686929151  1.312040850484683  9.8383595351250452
3841    15.615046080064641  0.9191163204725552  9.6937367398313654
3842    15.720060039983091  0.49079888438440378  9.6029401257333085
3843    15.757273811589982  0.042849005937211464  9.5717124847379065
3844    14.653347706580069  1.3228749503414348  8.8746374926642311
3845    14.81751979055031  0.92826083902202439  8.7249029719389828
3846    14.92214889163531  0.49777757877683471  8.6314503274137735
3847    14.959637038955986  0.046657499234532288  8.5994163629835079
3848    13.828020980275047  1.3320806109017296  7.936229828175299
3849    13.989927344525874  0.93587574550721686  7.7818042380011887
3850    14.093609176223264  0.5033254883371695  7.6861162190315655
3851    14.131116058096758  0.049080129168930536  7.65346713843131
3852    12.973668093846138  1.3394661215051558  7.0275208204856705
3853    13.132445907045694  0.9410490997190083  6.8685466710158867
3854    13.233598483297166  0.50607021213471104  6.769426317752596
3855    13.270159936125779  0.049727413883093131  6.735399341165639
3856    14.800789446252148  -0.15907353000459809  10.338122955867179
3857    14.750937415317056  -0.36892070791835185  10.390982688910153
3858    14.672639828983476  -0.56878057605391041  10.46897634280432
3859    14.570044161925171  -0.7393667054379518  10.563942922611638
3860    14.027180979036235  -0.1585561385101365  9.3953693170897861
3861    13.97665318724296  -0.37081543819127499  9.4488798450367835
3862    13.897958335346951  -0.57319723594700867  9.5289933444693542
3863    13.795930368581253  -0.74665614533396985  9.6283771192281034
3864    13.224789840201858  -0.15921825045869334  8.4791405543995335
3865    13.173871887611766  -0.37352031718288664  8.5327346413202321
3866    13.095065370214694  -0.57805468983446529  8.6144007503608737
3867    12.993734921951306  -0.75421849071328706  8.7179438855572648
3868    12.391923845155242  -0.16058362649280086  7.5909298120924316
3869    12.341431640023108  -0.37718718211693436  7.6450635062318231
3870    12.263177458854791  -0.58407295632881251  7.7279369727795082
3871    12.162438197762764  -0.76209032535203636  7.8335987381143788
3872    15.107537817664936  -0.2418414963690742  10.093680878169433
3873    15.039209509561596  -0.52647567391136096  10.16015584436196
3874    14.931622831927985  -0.79338927309076002  10.26129129132379
3875    14.790261972395475  -1.0240017221595947  10.389344024479554
3876    14.326032638747828  -0.24134194038963697  9.1413294429070664
3877    14.25751628331694  -0.5284661224263717  9.2091492560171098
3878    14.150347647147122  -0.79786439191493397  9.3134295720399116
3879    14.010739253696999  -1.0312712788402567  9.447138764832248
3880    13.515132015314439  -0.24203326738610215  8.2153758440151403
3881    13.446811039066702  -0.53127492179881275  8.2840133772280371
3882    13.340443870871368  -0.80278532947806591  8.3909114354971468
3883    13.202762228281211  -1.0388173214787533  8.5300374848284726
3884    12.673366786354054  -0.24342095051151791  7.3176565554793589
3885    12.606357330067336  -0.53500796245911963  7.3877945844069943
3886    12.501577176738168  -0.80886130304358872  7.4970113302742165
3887    12.365327107830462  -1.0467151019381993  7.6391126801954909
3888    15.414286189077734  -0.32460946273355029  9.8492388004716975
3889    15.327481603806136  -0.68403063990437052  9.9293289998137695
3890    15.190605834872501  -1.0179979701276098  10.053606239843262
3891    15.010479782865785  -1.3086367388812374  10.214745126347484
3892    14.624884298459421  -0.32412774226913743  8.8872895687243485
3893    14.538379379390914  -0.68611680666146857  8.9694186669974343
3894    14.402736958947282  -1.0225315478828594  9.097865799610469
3895    14.225548138812739  -1.3158864123465435  9.2659004104363962
3896    13.805474190427027  -0.32484828431351098  7.9516111336307427
3897    13.719750190521635  -0.68902952641473914  8.035292113135851
3898    13.585822371528034  -1.0275159691216667  8.1674221206334181
3899    13.411789534611126  -1.3234161522442205  8.3421310840996821
3900    12.95480972755287  -0.32625827453023493  7.0443832988662791
3901    12.871283020111564  -0.69282874280130458  7.1305256625821638
3902    12.739976894621556  -1.0336496497583649  7.2660856877689222
3903    12.568216017898171  -1.3313398785243622  7.4446266222765995
3904    15.721034560490523  -0.40737742909802643  9.6047967227739548
3905    15.61575369805068  -0.84158560589737952  9.6985021552655795
3906    15.449588837817013  -1.24260666716446  9.845921188362734
3907    15.230697593336089  -1.5932717556028799  10.040146228215402
3908    14.923735958171013  -0.40691354414863795  8.6332496945416288
3909    14.819242475464897  -0.84376749089656522  8.7296880779777606
3910    14.65512627074745  -1.2471987038507846  8.8823020271810247
3911    14.440357023928481  -1.6005015458528309  9.0846620560405427
3912    14.095816365539607  -0.40766330124091971  7.6878464232463486
3913    13.992689341976568  -0.84678413103066541  7.7865708490436569
3914    13.831200872184708  -1.2522466087652675  7.9439328057696876
3915    13.620816840941028  -1.6080149830096868  8.1542246833708933
3916    13.23625266875168  -0.409095598548952  6.77111004225321
3917    13.136208710155792  -0.85064952314348996  6.8732567407573306
3918    12.978376612504935  -1.2584379964731414  7.0351600452636296
3919    12.771104927965871  -1.6159646551105249  7.2501405643577099
3920    14.446321076058245  -0.87551479684447509  10.684997608445597
3921    14.304918938130905  -0.98097300837979251  10.835121483470346
3922    14.150401780065119  -1.049823597069051  10.996952407323834
3923    13.987333633782846  -1.0761488199373987  11.153128239643976
3924    13.67275197603621  -0.88535452019452476  9.7540281655474139
3925    13.531056668800989  -0.99239858734073472  9.9075281995749691
3926    13.376354625106959  -1.0621587697837767  10.073421605021307
3927    13.214156023185478  -1.0890054905348268  10.236252765596976
3928    12.871289384163456  -0.89539621859559748  8.8479026685944451
3929    12.72971486277801  -1.0038700944016921  9.0041438893363228
3930    12.575241888613393  -1.0743838236475083  9.1734648040870468
3931    12.414100992488001  -1.1016811118489847  9.3426626691507373
3932    12.040942887974937  -0.90477030836600891  7.9665593690660197
3933    11.900780916091311  -1.0147197054672239  8.1263429124629081
3934    11.747769711282896  -1.0864015642549292  8.2995181146823036
3935    11.587726702720643  -1.1142789323283726  8.4726537221014482
3936    14.619817320416789  -1.2098858764629583  10.549538745223831
3937    14.425849745632156  -1.3510979426080134  10.741223998770728
3938    14.215149155954208  -1.4417823757401838  10.947842356274251
3939    13.994505459295581  -1.4760836310048957  11.152836388888339
3940    13.84216606445974  -1.2196441289684559  9.6132900811811446
3941    13.649217994696487  -1.3624144817236645  9.8098073395182634
3942    13.439779998517885  -1.4540281575778415  10.02202477116734
3943    13.221737030034575  -1.4889309770029473  10.235276607452098
3944    13.036307267270846  -1.2296073495248163  8.7018635690520245
3945    12.844921586596994  -1.3737786494948396  8.9025928111734167
3946    12.637289067985744  -1.4661642286756855  9.1197892959621178
3947    12.422093593163199  -1.5015970943542141  9.3410171081875646
3948    12.200986199462118  -1.2389741236640925  7.8151021187294836
3949    12.012843383232617  -1.3845968260004318  8.0212305105429529
3950    11.808564223828444  -1.4781478785075262  8.2441748129125205
3951    11.595814285936036  -1.5141919507456854  8.4706119831147966
3952    14.793313564775339  -1.5442569560814408  10.414079882002063
3953    14.546780553133408  -1.7212228768362337  10.647326514071125
3954    14.279896531843299  -1.8337411544113167  10.898732305224671
3955    14.001677284808327  -1.876018442072392  11.152544538132705
3956    14.011580152883264  -1.553933737742387  9.4725519968148753
3957    13.767379320591987  -1.7324303761065936  9.7120864794615684
3958    13.503205371928811  -1.8458975453719062  9.9706279373133722
3959    13.229318036883665  -1.8888564634710674  10.234300449307231
3960    13.20132515037824  -1.5638184804540352  8.5558244695096093
3961    12.960128310415973  -1.7436872045879879  8.8010417330105195
3962    12.699336247358096  -1.8579446337038623  9.0661137878371854
3963    12.430086193838401  -1.9015130768594439  9.3393715472243866
3964    12.361029510949304  -1.5731779389621761  7.6636448683929457
3965    12.124905850373933  -1.7544739465336394  7.9161181086229977
3966    11.869358736373995  -1.8698941927601231  8.1888315111427392
3967    11.603901869151436  -1.9141049691629985  8.4685702441281467
3968    14.966809809133879  -1.8786280356999239  10.278621018780296
3969    14.667711360634655  -2.0913478110644546  10.553429029371509
3970    14.344643907732387  -2.2256999330824492  10.849622254175092
3971    14.00884911032106  -2.2759532531398881  11.152252687377072
3972    14.180994241306792  -1.8882233465163174  9.3318139124486095
3973    13.885540646487481  -2.1024462704895219  9.6143656194048628
3974    13.56663074533974  -2.2377669331659709  9.9192311034594063
3975    13.236899043732762  -2.2887819499391884  10.233324291162354
3976    13.366343033485633  -1.898029611383254  8.4097853699671976
3977    13.075335034234952  -2.1135957596811372  8.6994906548476134
3978    12.76138342673045  -2.24972503873204  9.0124382797122582
3979    12.438078794513601  -2.3014290593646738  9.3377259862612139
3980    12.521072822436484  -1.9073817542602596  7.5121876180564113
3981    12.236968317515238  -2.124351067066848  7.8110057067030425
3982    11.930153248919547  -2.2616405070127201  8.1334882093729597
3983    11.61198945236683  -2.314017987580312  8.4665285051414934
3984    13.824823134068676  -1.057924480952448  11.306581394864722
3985    13.672121021833441  -1.0001474285407339  11.461742577571952
3986    13.534004488188511  -0.90743148641578231  11.603497082631485
3987    13.415250724245249  -0.7843904782911213  11.716730204909156
3988    13.052845667323863  -1.0711447351143817  10.396590813993701
3989    12.900670798295895  -1.0133991686438644  10.556277312563052
3990    12.762935249062659  -0.92006423353583466  10.701765289505241
3991    12.644942852585237  -0.79543537220285554  10.819507773020497
3992    12.254280947044775  -1.0839529461766759  9.5096916313500621
3993    12.10327168766889  -1.0257306792513414  9.67347669116009
3994    11.966555489292166  -0.93126856476422082  9.8222713853634929
3995    11.849614626846405  -0.80482085640655421  9.9443292507429408
3996    11.429347981484842  -1.0961905792792674  8.6440570052033721
3997    11.280549147516037  -1.0368266283519305  8.8126376395786661
3998    11.145976893275673  -0.94092715762450052  8.9658679792657558
3999    11.030277911225191  -0.81323224517511927  9.0912203783030918
4000    13.774188387253183  -1.4520107015619881  11.355630088359565
4001    13.564527711981382  -1.3741671061740353  11.556899310370341
4002    13.372403402229113  -1.2465890883905579  11.741964421978414
4003    13.204695426745278  -1.073312891761077  11.896145790241551
4004    13.004236476999257  -1.4653627378918967  10.446491347595869
4005    12.79628332750988  -1.3877208922952287  10.653700888269476
4006    12.605548936194939  -1.2596877419213288  10.843894556967856
4007    12.439704657682945  -1.0849455884785868  11.004061681185954
4008    12.207723460701656  -1.4783042097808832  9.5604345699966657
4009    12.002168420441379  -1.4003595752283964  9.7731041275172394
4010    11.81351453101046  -1.2713667535169724  9.967946051490058
4011    11.649847851036979  -1.0949293074668318  10.133880612655901
4012    11.384093029219761  -1.490599507555634  8.6955504812434441
4013    11.182325144674913  -1.4115828581650915  8.9146454228412413
4014    10.997314043984373  -1.2812194387148366  9.115543748358311
4015    10.835863138831042  -1.1035866853456504  9.2858923982448154
4016    13.723553640437677  -1.8460969221715275  11.404678781854402
4017    13.456934402129322  -1.7481867838073364  11.652056043168727
4018    13.210802316269708  -1.585746690365333  11.880431761325346
4019    12.994140129245297  -1.3622353052310323  12.075561375573944
4020    12.95562728667465  -1.859580740669412  10.496391881198026
4021    12.691895856723855  -1.7620426159465936  10.751124463975895
4022    12.448162623327217  -1.5993112503068239  10.98602382443047
4023    12.234466462780647  -1.3744558047543187  11.188615589351413
4024    12.161165974358527  -1.8726554733850911  9.6111775086432623
4025    11.901065153213866  -1.7749884712054507  9.87273156387438
4026    11.660473572728753  -1.6114649422697238  10.113620717616627
4027    11.450081075227541  -1.3850377585271094  10.323431974568868
4028    11.338838076954675  -1.8850084358320005  8.7470439572835197
4029    11.084101141833782  -1.7863390879782521  9.0166532061038147
4030    10.848651194693074  -1.6215117198051714  9.265219517450868
4031    10.641448366436892  -1.3939411255161818  9.4805644181865478
4032    13.672918893622187  -2.2401831427810666  11.453727475349247
4033    13.34934109227726  -2.1222064614406375  11.747212775967121
4034    13.049201230310308  -1.924904292340109  12.018899100672279
4035    12.78358483174533  -1.651157718700988  12.254976960906339
4036    12.907018096350036  -2.2537987434469273  10.546292414800195
4037    12.587508385937841  -2.1363643395979577  10.848548039682322
4038    12.290776310459499  -1.9389347586923176  11.128153091893083
4039    12.029228267878356  -1.6639660210300502  11.373169497516866
4040    12.114608488015408  -2.2670067369892983  9.6619204472898659
4041    11.799961885986351  -2.1496173671825058  9.9723590002315294
4042    11.507432614447051  -1.9515631310224753  10.259295383743193
4043    11.250314299418115  -1.6751462095873877  10.512983336481829
4044    11.293583124689594  -2.2794173641083662  8.7985374333235917
4045    10.985877138992658  -2.1610953177914123  9.1186609893663864
4046    10.699988345401779  -1.9618040008955073  9.4148952865434286
4047    10.447033594042747  -1.6842955656867129  9.6752364381282696
4048    13.31697748410919  -0.62669249806404548  11.804223011257063
4049    13.240456032295686  -0.43852271621062505  11.874562405505499
4050    13.190693825530817  -0.23727057131254861  11.921342437987605
4051    13.172698320540649  -0.040325501951505298  11.938157159036518
4052    12.547372317890387  -0.63579043348388675  10.911311499908432
4053    12.47091483314909  -0.44590027134041144  10.984092408364624
4054    12.420892950038736  -0.24279983586877985  11.03196732868326
4055    12.402629220236706  -0.043524077165341082  11.049053091158539
4056    11.7529829326966  -0.64327010781659399  10.040287859003417
4057    11.677108912255935  -0.45175009234904939  10.11516699549888
4058    11.627346850028523  -0.24689189326984762  10.163793517485566
4059    11.609051030518472  -0.045326593844915657  10.180994282219725
4060    10.934408467110272  -0.65011379715865358  9.1895860964560789
4061    10.859537767247081  -0.45630981040375779  9.2665597333603866
4062    10.810631914952737  -0.24910949899925017  9.3166686528599119
4063    10.792657013544378  -0.045802077033948591  9.3344402187985569
4064    13.065845654862857  -0.85427020617916916  12.018357423535267
4065    12.959479804961013  -0.59791951626968598  12.11317842877382
4066    12.891253619357865  -0.3210872576790581  12.174426820823074
4067    12.866822840371544  -0.040599866053717661  12.195920614548905
4068    12.302533038100819  -0.86403265994659528  11.131917093907084
4069    12.196761239312474  -0.60597266368581659  11.230097523708809
4070    12.128477539551877  -0.32717612047594846  11.292975141477481
4071    12.103770217052967  -0.044053551096687481  11.314922118099465
4072    11.514596593423761  -0.87218767278322729  10.267211492699946
4073    11.409951707019882  -0.61250975112779149  10.368381060434945
4074    11.342143354372785  -0.33184030425532074  10.432517617293135
4075    11.317401698029915  -0.046124093920610919  10.454749464706776
4076    10.702022597501029  -0.87931694630559243  9.4224300288674829
4077    10.599073157853317  -0.61737048058363742  9.5265376796131136
4078    10.532664085930138  -0.33431659043194495  9.5928258654620535
4079    10.508444647773715  -0.046724578102674864  9.6159051013946542
4080    12.814713825616536  -1.0818479142942929  12.232491835813468
4081    12.678503577626341  -0.75731631632874674  12.351794452042133
4082    12.591813413184919  -0.40490394404556745  12.42751120365854
4083    12.560947360202443  -0.040874230155930023  12.453684070061289
4084    12.057693758311252  -1.0922748864093039  11.352522687905731
4085    11.922607645475866  -0.76604505603122175  11.476102639052993
4086    11.836062129065018  -0.41155240508311713  11.553982954271701
4087    11.804911213869227  -0.044583025028033921  11.580791145040386
4088    11.276210254150929  -1.1011052377498605  10.494135126396477
4089    11.142794501783834  -0.77326940990653326  10.621595125371014
4090    11.056939858717051  -0.41678871524079381  10.701241717100709
4091    11.025752365541358  -0.046921593996306174  10.72850464719383
4092    10.469636727891782  -1.1085200954525314  9.6552739612788798
4093    10.338608548459558  -0.77843115076351643  9.786515625865837
4094    10.254696256907533  -0.41952368186464001  9.8689830780641952
4095    10.224232282003047  -0.047647079171401159  9.8973699839907461
4096    12.563581996370202  -1.3094256224094167  12.446626248091672
4097    12.39752735029167  -0.9167131163878075  12.590410475310453
4098    12.292373207011964  -0.48872063041207708  12.680595586494015
4099    12.255071880033338  -0.041148594258142324  12.711447525573677
4100    11.812854478521682  -1.3205171128720126  11.573128281904381
4101    11.648454051639249  -0.9261174483766268  11.722107754397177
4102    11.543646718578158  -0.49592868969028581  11.814990767065927
4103    11.506052210685489  -0.045112498959380291  11.846660171981314
4104    11.037823914878091  -1.3300228027164938  10.72105876009301
4105    10.875637296547779  -0.93402906868527502  10.874809190307079
4106    10.771736363061311  -0.50173712622626676  10.969965816908282
4107    10.734103033052802  -0.047719094072001395  11.002259829680879
4108    10.23725085828254  -1.3377232445994698  9.8881178936902856
4109    10.078143939065793  -0.93949182094339578  10.046493572118564
4110    9.9767284278849324  -0.50473077329733473  10.14514029066634
4111    9.9400199162323766  -0.048569580240127433  10.17883486658684
4112    13.190728464667657  0.15986532716507829  11.919604843086965
4113    13.242313237019061  0.3695250018520515  11.869167160735079
4114    13.322365141968  0.56926945931113826  11.793763256556145
4115    13.425796683887626  0.73971463674406268  11.70031227512543
4116    12.420513846471655  0.1592124198566435  11.029964993461126
4117    12.471879526837888  0.37130246002480638  10.977705134547493
4118    12.551462556061201  0.57362217785413661  10.898970546640589
4119    12.653999228867391  0.74704770785962427  10.800458261963344
4120    11.626517799308296  0.15977932812703047  10.161495602375915
4121    11.677065240672627  0.37391199927441698  10.107689006023742
4122    11.755580247153578  0.57841924297202518  10.025899173512069
4123    11.85694971129328  0.75464888259463647  9.9224507851897545
4124    10.809304139865182  0.1610537398019504  9.3140913928292584
4125    10.85809429842379  0.37759522332699219  9.2581219946753439
4126    10.934738484035165  0.58457714071546185  9.1734836752863593
4127    11.034947691514333  0.76275425914164574  9.0671280856118841
4128    12.890903109171651  0.24282135628227919  12.172462674132566
4129    12.960376627078896  0.52723618991099874  12.10761443449949
4130    13.069148976638031  0.7939898235451931  12.008331766631869
4131    13.211125740393831  1.0244274458976146  11.881570541511861
4132    12.127643583993233  0.24220997576907227  11.290851239548404
4133    12.196718986972627  0.52915185089982997  11.223858862860176
4134    12.304510255858801  0.79844524270798067  11.120592515514524
4135    12.444531220519396  1.0317633196059202  10.98769972499116
4136    11.340803762051801  0.24280711420369033  10.43021544388847
4137    11.408899367774573  0.53189185963979946  10.361408481053518
4138    11.515127873658999  0.8033408384252203  10.254488005138256
4139    11.652928638165866  1.0393647465974558  10.115613445079008
4140    10.530850175453455  0.24408756019890046  9.5903466607446948
4141    10.596779341752544  0.53561670272344841  9.5189243046624856
4142    10.700576423783689  0.80951585890272582  9.4085522798531898
4143    10.836585698659626  1.0474380381684867  9.2661448330219987
4144    12.591077753675645  0.32577738539948009  12.425320505178165
4145    12.67844001713873  0.68494737796994554  12.346061708263905
4146    12.815932811308063  1.0187101877792479  12.222900276707591
4147    12.996454796900036  1.3091402550511664  12.062828807898285
4148    11.834773321514808  0.32520753168150102  11.55173748563568
4149    11.921558447107364  0.68700124177485355  11.470012591172862
4150    12.057557955656401  1.0232683075618247  11.342214484388457
4151    12.235063212171401  1.3164789313522158  11.17494118801897
4152    11.0550897247953  0.32583490028035017  10.698935285401024
4153    11.140733494876512  0.68987172000518182  10.615127956083294
4154    11.274675500164419  1.0282624338784156  10.48307683676444
4155    11.448907565038446  1.3240806106002758  10.308776104968251
4156    10.252396211041725  0.3271213805958505  9.8666019286601276
4157    10.335464385081298  0.69363818211990458  9.7797266146496291
4158    10.466414363532206  1.0344545770899898  9.6436208844200202
4159    10.638223705804913  1.3321218171953295  9.4651615804321132
4160    12.291252398179644  0.40873341451668116  12.678178336223768
4161    12.396503407198566  0.84265856602889289  12.584508982028318
4162    12.562716645978099  1.2434305520133027  12.437468786783311
4163    12.781783853406248  1.5938530642047182  12.244087074284717
4164    11.541903059036382  0.40820508759392971  11.81262373172296
4165    11.6463979072421  0.84485063264987714  11.716166319485547
4166    11.810605655453996  1.2480913724156686  11.563836453262386
4167    12.025595203823402  1.6011945430985124  11.362182651046782
4168    10.769375687538805  0.40886268635701017  10.967655126913577
4169    10.872567621978453  0.84785158037056452  10.868847431113071
4170    11.03422312666984  1.2531840293316108  10.711665668390623
4171    11.244886491911032  1.6087964746030947  10.501938764857504
4172    9.9739422466299992  0.41015520099280067  10.142857196575562
4173    10.074149428410054  0.85165966151636119  10.040528924636769
4174    10.232252303280731  1.2593932952772526  9.8786894889868471
4175    10.439861712950208  1.6168055962221706  9.6641783278422277
4176    13.54983383453194  0.87578784124938436  11.580577775506615
4177    13.691873685473567  0.98134958972286834  11.432613273407679
4178    13.847085420813606  1.0504156340620472  11.272772848370401
4179    12.777401260426048  0.88576531848067708  10.675789098584026
4180    12.919378152015982  0.99293199115167052  10.523920554303229
4181    13.074362877526895  1.0628799298800469  10.359554680942416
4182    11.979449835087319  0.89593787711858486  9.7930759281014748
4183    12.120776832231837  1.0045488251188501  9.6378070757521943
4184    12.274947612819915  1.0752180093681856  9.4694194881812361
4185    11.156271854809184  0.90555677790992706  8.9343610462985978
4186    11.295618240053988  1.015582584130861  8.7747894921866703
4187    11.447733840343515  1.0873379766879958  8.6018167455159364
4188    13.381917966412242  1.2101962949600422  11.722794040698288
4189    13.576503499794969  1.3514586613680994  11.533258177844456
4190    13.787838118640398  1.4423323128003009  11.328607772074285
4191    12.613400817716558  1.2200948325409087  10.822684128531172
4192    12.806732074874905  1.3629345295662947  10.627907835958483
4193    13.016529957855777  1.4547145747535999  10.417306083627068
4194    11.819575462724035  1.2301862292153154  9.9446021830249975
4195    12.010992127258955  1.3744433296407124  9.7451210068487111
4196    12.218592957976242  1.4669698413658019  9.5291034540713149
4197    11.000970766844674  1.2397408904424634  9.090673061194245
4198    11.188764070623423  1.3854113087011783  8.8852358456535523
4199    11.392613149839002  1.4790461669585755  8.662939109492477
4200    13.214002098292546  1.5446047486707004  11.865010305889957
4201    13.461133314116374  1.7215677330133303  11.633903082281231
4202    13.728590816467188  1.8342489915385549  11.384442695778169
4203    12.449400375007073  1.5544243466011411  10.969579158478314
4204    12.694085997733831  1.7329370679809186  10.731895117613735
4205    12.95869703818466  1.8465492196271527  10.475057486311703
4206    11.659701090360757  1.5644345813120462  10.09612843794852
4207    11.901207422286074  1.7443378341625733  9.8524349379452314
4208    12.162238303132565  1.8587216733634189  9.5887874199613918
4209    10.845669678880165  1.5739250029750003  9.246985076089894
4210    11.081909901192859  1.7552400332714964  8.9956821991204379
4211    11.337492459334484  1.8707543572291556  8.7240614734690176
4212    13.046086230172852  1.8790132023813588  12.007226571081629
4213    13.345763128437781  2.0916768046585612  11.734547986718008
4214    13.669343514293981  2.2261656702768087  11.440277619482055
4215    12.285399932297585  1.888753860661373  11.116474188425464
4216    12.58143992059275  2.1029396063955437  10.835882399268989
4217    12.900864118513537  2.238383864500705  10.532808888996355
4218    11.499826717997475  1.8986829334087763  10.247654692872047
4219    11.791422717313191  2.1142323386844355  9.9597488690417535
4220    12.105883648288891  2.2504735053610356  9.6484713858514759
4221    10.690368590915654  1.9081091155075369  9.4032970909855411
4222    10.975055731762293  2.1250687578418139  9.1061285525873252
4223    11.282371768829972  2.262462547499736  8.7851838374455582
4224    10.751541681506033  1.1278196571868071  7.5836238787309238
4225    10.908192568729712  1.1093188197800918  7.4104444069922293
4226    11.057001410208757  1.0489675745146052  7.2398059370670786
4227    11.191962553001149  0.95184952152446689  7.084371849230557
4228    11.30707034416486  0.82304826094379491  6.9568055237577644
4229    9.8709161664398355  1.1399925445603896  6.7649684428509138
4230    10.022825291589646  1.1211444223209321  6.5887948491690187
4231    10.169696153084789  1.0602508587247366  6.4160836308269307
4232    10.303699420200909  0.962094785405474  6.2584639466210454
4233    10.417005762213641  0.83145913399681914  6.1275649553477596
4234    8.9673675935861503  1.1518102190652275  5.9717149757053125
4235    9.1142246758321299  1.1324734253856998  5.7925831423795726
4236    9.2584749395174537  1.070726492922671  5.6178781166791474
4237    9.3908377131313756  0.97122134873816246  5.458151777162489
4238    9.502032325163162  0.83860991989419609  5.3239560023880736
4239    8.0427744529572252  1.1632349831809221  5.2026986321132469
4240    8.1862150833339964  1.142903515350647  5.021353361287149
4241    8.3268100149882436  1.0790690762565744  4.8438307366578002
4242    8.4559629585291081  0.97725110635083379  4.6812355036883879
4243    8.5650776245657294  0.84296904608555523  4.5446724078421221
4244    10.749654286578604  1.5277362824439298  7.5915365384718161
4245    10.95817996805404  1.50369366812411  7.3629865982086473
4246    11.157356784214304  1.4235885488514899  7.1391496044656906
4247    11.340090680844693  1.2918804250244094  6.9334736595842967
4248    11.49928760373049  1.1130287970412052  6.7594068659058291
4249    9.8695479441902112  1.5399194914526133  6.7724229924587549
4250    10.072034673402049  1.5153387160259897  6.5387030834891364
4251    10.267819082139505  1.4343797825280811  6.3111563843269893
4252    10.448016292496026  1.3013189116551807  6.1020208376463261
4253    10.603741426565055  1.1204323241035854  5.9235343861211582
4254    8.9664874728905364  1.5517479579606936  5.9786794367289744
4255    9.1626456893747932  1.5264859155244206  5.7398988082526916
4256    9.3544006576686662  1.4443583348149598  5.5088827519108996
4257    9.5314241487305491  1.3096298839099796  5.2965279516705017
4258    9.6833879335188122  1.1265652308871454  5.1137310914984271
4259    8.0421138284007405  1.5631776736742158  5.2094371702470816
4260    8.2337533339157485  1.5368344677951655  4.9670745789183668
4261    8.4200640869668693  1.4524783912432671  4.7316619432716687
4262    8.5920323269446008  1.3152946568501527  4.5150242471899666
4263    8.7406442932394484  1.1304684774474556  4.3289864745562525
4264    10.747766891651171  1.9276529077010529  7.5994491982127093
4265    11.008167367378361  1.8980685164681281  7.3155287894250653
4266    11.257712158219851  1.7982095231883748  7.0384932718643034
4267    11.488218808688236  1.6319113285243514  6.7825754699380374
4268    11.691504863296114  1.4030093331386169  6.5620082080538928
4269    9.8681797219405833  1.9398464383448371  6.7798775420665924
4270    10.121244055214449  1.909533009731047  6.4886113178092515
4271    10.365942011194223  1.808508706331426  6.2062291378270462
4272    10.592333164791144  1.640543037904888  5.9455777286716049
4273    10.790477090916458  1.4094055142103514  5.7195038168945525
4274    8.9656073521949171  1.9516856968561598  5.9856438977526363
4275    9.2110667029174493  1.9204984056631405  5.6872144741258124
4276    9.4503263758198823  1.8179901767072493  5.3998873871426527
4277    9.6720105843297102  1.6480384190817965  5.1349041261785162
4278    9.8647435418744482  1.4145205418800955  4.9035061806087787
4279    8.0414532038442523  1.9631203641675092  5.2161757083809155
4280    8.2812915844974953  1.9307654202396833  4.912795796549581
4281    8.5133181589454914  1.8258877062299601  4.6194931498855381
4282    8.7281016953601007  1.6533382073494725  4.3488129906915454
4283    8.9162109619131655  1.4179679088093562  4.1133005412703829
4284    10.745879496723743  2.3275695329581758  7.6073618579536015
4285    11.058154766702691  2.2924433648121467  7.2680709806414843
4286    11.3580675322254  2.1728304975252604  6.9378369392629144
4287    11.636346936531785  1.9719422320242945  6.6316772802917763
4288    11.883722122861748  1.6929898692360266  6.3646095502019566
4289    9.8668114996909591  2.339773385237061  6.7873320916744335
4290    10.170453437026854  2.3037273034361045  6.4385195521293692
4291    10.464064940248937  2.1826376301347703  6.1013018913271049
4292    10.73665003708626  1.9797671641545949  5.7891346196968865
4293    10.977212755267871  1.6983787043171177  5.515473247667952
4294    8.9647272314993014  2.3516234357516259  5.992608358776299
4295    9.259487716460109  2.3145108958018619  5.6345301399989332
4296    9.5462520939710949  2.191622018599539  5.2908920223744067
4297    9.8125970199288837  1.9864469542536136  4.9732803006865298
4298    10.0460991502301  1.7024758528730446  4.693281269719134
4299    8.0407925792877641  2.3630630546608029  5.2229142465147511
4300    8.3288298350792491  2.324696372684202  4.858517014180797
4301    8.6065722309241188  2.1992970212166534  4.5073243564994065
4302    8.8641710637755988  1.9913817578487913  4.1826017341931232
4303    9.0917776305868863  1.7054673401712568  3.8976146079845151
4304    11.402178605122401  0.65835362993866786  6.8567146501389891
4305    11.477370626776553  0.46202226602478763  6.7787627187833586
4306    11.526984960405716  0.25183796986071438  6.7281968113441826
4307    11.545360157288275  0.045584542105006454  6.7102640094747681
4308    10.510143282370871  0.66474441934949846  6.0241455654200022
4309    10.584689691595756  0.46649786198745274  5.9444014725634879
4310    10.634390070676801  0.25372245205418364  5.8931170165437381
4311    10.652989500402528  0.043421179693191578  5.8750765371262785
4312    9.5929952699159191  0.66992061792820679  5.2172868777511283
4313    9.6664476305823577  0.46985895902974956  5.1359239429132932
4314    9.7157856189861143  0.25459252723903897  5.0840942578325343
4315    9.734405446950829  0.040288906596287109  5.0660248824668352
4316    8.6544175445969316  0.67282059736924094  4.4363607636308018
4317    8.7259765314811677  0.470698356785822  4.3538981831743113
4318    8.7737537178668834  0.25306410680059033  4.3014568583477653
4319    8.7917482364025386  0.036379629878834974  4.2832089810263101
4320    11.631230288329862  0.88709755035767102  6.6201955176454632
4321    11.733046633682093  0.62261519641128971  6.5138630321796072
4322    11.798910330944139  0.33673817457294652  6.4460231965914092
4323    11.822995071272954  0.046622924213524083  6.4222897979640203
4324    10.732207922589168  0.89238154653249147  5.7801266805401372
4325    10.832285948920145  0.62600512990028112  5.6714621436331401
4326    10.897575722815215  0.33784483135203125  5.6026308759859553
4327    10.921677461531612  0.044442408032818827  5.578722978184385
4328    9.8081864210859795  0.8964406945437956  4.9662427779056921
4329    9.9061041246559913  0.62827091387942069  4.8555008380372291
4330    9.9703979714443722  0.33792803727493026  4.7859327868107355
4331    9.9943248886666449  0.041284213111229977  4.7619661391439321
4332    8.8629177632922538  0.89883507457501977  4.1793048551954701
4333    8.9579664718962668  0.62860438084974712  4.0668739765756348
4334    9.0199205944705945  0.33602367571886838  3.996226359044202
4335    9.0429103064343348  0.03734023862961322  3.971894522948662
4336    11.860281971537328  1.1158414707766742  6.3836763851519427
4337    11.988722640587628  0.78320812679779184  6.2489633455758575
4338    12.070835701482558  0.42163837928517861  6.1638495818386376
4339    12.100629985257637  0.047661306322041679  6.1343155864532743
4340    10.954272562807457  1.1200186737154845  5.5361077956602767
4341    11.079882206244534  0.78551239781310933  5.398522814702793
4342    11.160761374953626  0.42196721064987885  5.3121447354281743
4343    11.190365422660694  0.045463636372446062  5.2823694192424959
4344    10.023377572256038  1.1229607711593843  4.7151986780602586
4345    10.145760618729627  0.78668286872909254  4.5750777331611623
4346    10.22501032390263  0.42126354731082161  4.4877713157889394
4347    10.254244330382463  0.042279519626172934  4.4579073958210316
4348    9.0714179819875671  1.1248495517807986  3.9222489467601407
4349    9.1899564123113624  0.78651040491367197  3.7798497699769533
4350    9.2660874710743073  0.41898324463714659  3.6909958597406378
4351    9.2940723764661293  0.038300847380391384  3.6605800648710152
4352    12.08933365474479  1.3445853911956775  6.1471572526584177
4353    12.244398647493171  0.94380105718429419  5.984063658972107
4354    12.342761072020988  0.50653858399741081  5.8816759670858643
4355    12.378264899242319  0.048699688430559419  5.8463413749425284
4356    11.176337203025751  1.3476558008984778  5.2920889107804117
4357    11.327478463568923  0.94501966572593776  5.1255834857724434
4358    11.423947027092044  0.50608958994772657  5.0216585948703916
4359    11.459053383789772  0.046484864712073276  4.9860158603006033
4360    10.238568723426098  1.3494808477749729  4.4641545782148198
4361    10.385417112803255  0.94509482357876373  4.2946546282850973
4362    10.479622676360888  0.50459905734671273  4.1896098447671406
4363    10.514163772098282  0.043274826141115809  4.1538486524981293
4364    9.2799182006828858  1.3508640289865779  3.6651930383248081
4365    9.4219463527264598  0.94441642897759737  3.4928255633782741
4366    9.512254347678013  0.5019428135554248  3.3857653604370737
4367    9.545234446497922  0.039261456131169728  3.3492656067933679
4368    11.528139155072589  -0.16404180513799441  6.7300195788637494
4369    11.478272539899708  -0.38312378475146852  6.7849905655759599
4370    11.401060335787182  -0.59204598355813798  6.8691317218290138
4371    11.30180256675253  -0.77119298838072536  6.9763977998405258
4372    10.63580889181873  -0.17011409707960035  5.8949070135655006
4373    10.586282959630331  -0.39136298595739422  5.9503693324581324
4374    10.510327490114642  -0.60147969536037549  6.0359486945832126
4375    10.413858269548951  -0.78161843370872863  6.1461303007197916
4376    9.7174663118329256  -0.17702192119983784  5.0859072657287792
4377    9.6687234382638128  -0.40014428662774365  5.1418103163012772
4378    9.5944670789797648  -0.61116207391282817  5.2287772837978341
4379    9.5009874867170279  -0.79215916728048974  5.3418514178319541
4380    8.7756446715544261  -0.18298669638092566  4.3033354848846725
4381    8.72885451484896  -0.40770718765554864  4.359924026528331
4382    8.6569672595250911  -0.61988110139280128  4.4480068822285972
4383    8.5655723988217041  -0.80160769504045115  4.562616328256782
4384    11.800681727252599  -0.24655986239113103  6.447806426813381
4385    11.735212102993007  -0.54053124165708633  6.5195730331988333
4386    11.632551286940055  -0.81647239725132625  6.6309879435186172
4387    11.49866436753959  -1.0555645128408355  6.7754494841709896
4388    10.899657275250886  -0.25191734316079967  5.6044204831686049
4389    10.835197001079749  -0.54782426029892084  5.6770149674831876
4390    10.734820446663216  -0.82504853868644401  5.7905108471205518
4391    10.605051419646285  -1.0653603736282682  5.9389125380731249
4392    9.9727777621205593  -0.25811756723948914  4.7877754619872928
4393    9.9097226224268766  -0.55566316429967799  4.8610458960244314
4394    9.8120261140357634  -0.83387370753038614  4.9764708167728022
4395    9.6865548813973614  -1.075270326392664  5.1287435997498587
4396    9.0225275196332557  -0.26378470904616469  3.9981481007117212
4397    8.962199565133691  -0.56282409957441304  4.0725913275869452
4398    8.867809747185774  -0.84223188396459814  4.1897586281681489
4399    8.745241370039599  -1.0844620132261864  4.3441844270491456
4400    12.07322429943261  -0.32907791964426769  6.1655932747630171
4401    11.992151666086306  -0.69793869856270419  6.254155500821704
4402    11.864042238092926  -1.0408988109445143  6.3928441652082224
4403    11.695526168326655  -1.339936037300945  6.5745011685014525
4404    11.163505658683039  -0.33372058924199921  5.3139339527717064
4405    11.084111042529166  -0.70428553464044708  5.403660602508241
4406    10.959313403211786  -1.0486173820125126  5.5450729996578882
4407    10.796244569743623  -1.3491023135478091  5.7316947754264556
4408    10.228089212408186  -0.33921321327914056  4.4896436582458099
4409    10.150721806589939  -0.71118204197161194  4.5802814757475891
4410    10.02958514909176  -1.0565853411479442  4.7241643497477703
4411    9.8721222760776932  -1.3583814855048386  4.9156357816677625
4412    9.2694103677120872  -0.34458272171140347  3.6929607165387721
4413    9.1955446154184219  -0.71794101149327749  3.7852586286455576
4414    9.0786522348464676  -1.0645826665363951  3.9315103741076975
4415    8.9249103412574922  -1.3673163314119208  4.1257525258415111
4416    12.345766871612623  -0.41159597689740451  5.8833801227126479
4417    12.249091229179605  -0.85534615546832204  5.9887379684445774
4418    12.095533189245799  -1.2653252246377023  6.1547003868978258
4419    11.892387969113717  -1.6243075617610547  6.3735528528319172
4420    11.427354042115198  -0.41552383532319859  5.0234474223748107
4421    11.333025083978582  -0.86074680898197375  5.1303062375332944
4422    11.183806359760363  -1.2721862253385809  5.2996351521952274
4423    10.987437719840957  -1.6328442534673488  5.524477012779788
4424    10.483400662695821  -0.42030885931879197  4.1915118545043262
4425    10.391720990753001  -0.86670091964354656  4.2995170554707425
4426    10.247144184147762  -1.2792969747655016  4.4718578827227393
4427    10.057689670758027  -1.6414926446170126  4.7025279635856663
4428    9.5162932157909186  -0.42538073437664248  3.3877733323658203
4429    9.4288896657031547  -0.87305792341214183  3.4979259297041705
4430    9.2894947225071505  -1.2869334491081919  3.6732621200472457
4431    9.1045793124753907  -1.6501706495976565  3.9073206246338748
4432    11.182112813690772  -0.91472182561515025  7.1118338342729173
4433    11.044006894048174  -1.0258462123071326  7.2749734507122339
4434    10.893388186669068  -1.0985357712540924  7.4515042877615176
4435    10.736160070397801  -1.1267601252534485  7.6271139840238202
4436    10.296964334532513  -0.92613312679095816  6.2845733755088125
4437    10.160793634965399  -1.0379029190208018  6.4497308885792197
4438    10.012850327075999  -1.1108698467562927  6.6282786581920314
4439    9.8606385670927068  -1.1389759463554647  6.8068925026082727
4440    9.387154308537264  -0.93759060871956468  5.4832338602273998
4441    9.2535016943866246  -1.0498537700071593  5.6502603898784463
4442    9.1088166513279152  -1.122946030051071  5.8306762120043309
4443    8.9618861864239605  -1.1508647677590986  6.0122265318243029
4444    8.4543395937421337  -0.94768066822710217  4.7062711558823631
4445    8.3244916278554903  -1.0606627096651329  4.8762071184244888
4446    8.1839476782490586  -1.1343065604279678  5.0595319352289216
4447    8.0406269220101549  -1.1623649615890306  5.24335332564144
4448    11.337292862210115  -1.2487807325129587  6.9550203569940203
4449    11.152958239895007  -1.3956726279328866  7.1663182869077771
4450    10.952795516327379  -1.4902890241343667  7.3945741349335075
4451    10.743939707240367  -1.5266787461511468  7.6250187620924494
4452    10.447880955803591  -1.259811649129138  6.1227142263271697
4453    10.266794740662762  -1.4075800540964414  6.3373587920508596
4454    10.07055855649817  -1.5026244911890505  6.5692736925094533
4455    9.8679381855842063  -1.5389038630658358  6.8048863849682109
4456    9.5338412995228321  -1.2708877469412492  5.3166486101735053
4457    9.3565663406153199  -1.419381057737664  5.534359326532015
4458    9.1648195449128078  -1.5147019320031365  5.7696527942483584
4459    8.9686904526532789  -1.5508020429588971  6.0103060587455133
4460    8.5962647126481109  -1.2808298993779137  4.5352883919775868
4461    8.4244864948321201  -1.4301375921031216  4.7573271909110533
4462    8.2385446821432922  -1.5260689989081848  4.9970907487582314
4463    8.0470772401333051  -1.562308027299478  5.2413689904278149
4464    11.492472910729463  -1.582839639410768  6.7982068797151181
4465    11.261909585741837  -1.7654990435586411  7.0576631231033238
4466    11.012202845985689  -1.8820422770146414  7.3376439821054928
4467    10.751719344082931  -1.9265973670488454  7.6229235401610769
4468    10.598797577074675  -1.5934901714673175  5.9608550771455242
4469    10.372795846360129  -1.777257189172081  6.2249866955225013
4470    10.128266785920346  -1.8943791356218083  6.5102687268268733
4471    9.8752378040757129  -1.9388317797762074  6.802880267328149
4472    9.6805282905083949  -1.6041848851629341  5.1500633601196109
4473    9.4596309868440169  -1.788908345468168  5.4184582631855829
4474    9.2208224384976951  -1.9064578339552019  5.7086293764923823
4475    8.9754947188826009  -1.9507393181586952  6.0083855856667228
4476    8.738189831554088  -1.6139791305287259  4.3643056280728088
4477    8.5244813618087516  -1.7996124745411097  4.6384472633976186
4478    8.2931416860375151  -1.917831437388402  4.9346495622875359
4479    8.0535275582564534  -1.9622510930099253  5.2393846552141854
4480    11.647652959248807  -1.9168985463085764  6.6413934024362247
4481    11.370860931588675  -2.1353254591843953  6.9490079592988678
4482    11.071610175644004  -2.2737955298949162  7.2807138292774818
4483    10.759498980925498  -2.3265159879465438  7.6208283182297061
4484    10.749714198345751  -1.9271686938054973  5.7989959279638832
4485    10.478796952057486  -2.146934324247721  6.1126145989941403
4486    10.185975015342517  -2.2861337800545667  6.451263761144296
4487    9.8825374225672125  -2.3387596964865787  6.800874149688088
4488    9.8272152814939631  -1.9374820233846182  4.9834781100657173
4489    9.5626956330727104  -2.1584356331986725  5.3025571998391525
4490    9.2768253320825913  -2.2982137359072672  5.6476059587364098
4491    8.9822989851119228  -2.3506765933584939  6.006465112587934
4492    8.8801149504600669  -1.947128361679537  4.1933228641680342
4493    8.6244762287853778  -2.1690873569790985  4.5195673358841821
4494    8.3477386899317505  -2.3095938758686194  4.8722083758168448
4495    8.0599778763796088  -2.3621941587203725  5.2374003200005586
4496    10.580772300145679  -1.1081772435752679  7.8014132019979723
4497    10.434711071790776  -1.0478112834670967  7.9742986960219655
4498    10.302434425627581  -0.95068114969257733  8.1318872424575979
4499    10.188400401950592  -0.82180574701534992  8.2602956176666584
4500    9.7103487319566781  -1.1200721908086912  6.9844801446443521
4501    9.5670494904466885  -1.0591894065565173  7.1600545380502663
4502    9.4365624365475966  -0.96103941013223138  7.3204493474874734
4503    9.3247091642442523  -0.83033401806912177  7.4524982376174105
4504    8.8169002343129801  -1.1314763500058325  6.192921476111267
4505    8.6768160650475963  -1.0697164072662726  6.3707863009148111
4506    8.5485716888122916  -0.97018621384883719  6.5335889053692977
4507    8.4391051157915413  -0.83748704406194407  6.669097188609066
4508    7.8992497646097215  -1.1419906501929842  5.4264008393674841
4509    7.7632624571573103  -1.0781476952424425  5.607375119866842
4510    7.6386729451982394  -0.97630583574776997  5.7733405271169795
4511    7.5314891742778238  -0.84193481071932785  5.9113614210953447
4512    10.536198726323917  -1.5025030470348777  7.8542721658513335
4513    10.338705616725271  -1.4223342216421679  8.0793684003619823
4514    10.157583088363479  -1.2905876577142021  8.2861594116732995
4515    9.9989538511575944  -1.1116787429921626  8.4604971458341609
4516    9.6664716185151445  -1.5142226761743913  7.0395178476593312
4517    9.4729221893911859  -1.4332299491544365  7.2687645129789447
4518    9.2948936957456638  -1.3001513529530269  7.4794670194382586
4519    9.1399899351119025  -1.1192125585172186  7.6584660055484681
4520    8.7737216807488636  -1.5254529335064342  6.250105961334727
4521    8.5846073709975652  -1.4432789483303785  6.4830418955881886
4522    8.41016435096628  -1.3085109633266703  6.6971947353203936
4523    8.2592094482218972  -1.1253798543912505  6.880645354345801
4524    7.8567588879804982  -1.535888357563266  5.4848549415448176
4525    7.6733936698693137  -1.4514901267984786  5.7224086830857956
4526    7.5043135388606794  -1.3142669277304948  5.9410707229868871
4527    7.3568504480155124  -1.1293723530846922  6.1278815691842246
4528    10.491625152502159  -1.8968288504944877  7.9071311297046964
4529    10.242700161659766  -1.79685715981724  8.1844381047020054
4530    10.012731751099372  -1.6304941657358274  8.4404315808889976
4531    9.8095073003645989  -1.4015517389689756  8.6606986740016616
4532    9.6225945050736126  -1.9083731615400912  7.0945555506743121
4533    9.3787948883356798  -1.8072704917523552  7.3774744879076231
4534    9.1532249549437275  -1.639263295773822  7.6384846913890456
4535    8.9552707059795491  -1.4080910989653159  7.8644337734795258
4536    8.7305431271847436  -1.9194295170070359  6.3072904465581887
4537    8.4923986769475324  -1.8168414893944844  6.5952974902615713
4538    8.2717570131202685  -1.6468357128045039  6.8608005652714885
4539    8.0793137806522548  -1.4132726647205576  7.0921935200825388
4540    7.8142680113512739  -1.9297860649335474  5.5433090437221546
4541    7.5835248825813197  -1.8248325583545142  5.8374422463047475
4542    7.3699541325231177  -1.6522280197132204  6.108800918856792
4543    7.1822117217532035  -1.4168098954500563  6.3444017172731044
4544    10.447051578680401  -2.2911546539540977  7.9599900935580576
4545    10.146694706594266  -2.1713800979923117  8.2895078090420231
4546    9.8678804138352749  -1.970400673757452  8.5947037501046957
4547    9.6200607495716035  -1.6914247349457878  8.8609002021691641
4548    9.5787173916320789  -2.3025236469057893  7.1495932536892912
4549    9.2846675872801772  -2.1813110343502742  7.4861844628363015
4550    9.0115562141417982  -1.9783752385946176  7.7975023633398317
4551    8.7705514768471957  -1.6969696394134122  8.0704015414105825
4552    8.6873645736206253  -2.3134061005076374  6.3644749317816487
4553    8.4001899828974995  -2.1904040304585899  6.7075530849349514
4554    8.1333496752742587  -1.9851604622823367  7.0244063952225861
4555    7.8994181130826124  -1.7011654750498635  7.3037416858192739
4556    7.7717771347220497  -2.3236837723038288  5.601763145899489
4557    7.4936560952933231  -2.1981749899105503  5.9524758095237011
4558    7.2355947261855569  -1.9901891116959451  6.2765311147266996
4559    7.0075729954908947  -1.70424743781542  6.5609218653619852
4560    10.093757590532901  -0.65705376492399381  8.3608112990297023
4561    10.019908717546054  -0.46080842711032743  8.4399739399069311
4562    9.9716930278822087  -0.25086043964285321  8.4917785806295925
4563    9.953949766433535  -0.045000508590074033  8.5102202615289482
4564    9.2321851428323036  -0.66356705377759007  7.55647766208872
4565    9.1593087247314866  -0.46542408771671412  7.63767052460783
4566    9.1113358286128303  -0.25290455699280012  7.6904201649228474
4567    9.0935223731473478  -0.043007898712153603  7.7090699227818824
4568    8.3488595182904284  -0.6687531086924986  6.7763828564489268
4569    8.2773067496668631  -0.4688181388533888  6.8592594411825516
4570    8.2299278416846118  -0.25383268934201025  6.9126075816625523
4571    8.2122038261074248  -0.039947314955757957  6.9313079167415443
4572    7.442949111189237  -0.67171137464177577  6.0203245529261222
4573    7.3734717532156751  -0.46965192715082132  6.1043506433505499
4574    7.3278365916375829  -0.25223567498340232  6.1583550067715667
4575    7.3108231177354011  -0.035941824876456238  6.1772529575921213
4576    9.8672007496195153  -0.88573290222818468  8.5997737946906625
4577    9.7661589603047911  -0.62135989309883111  8.7067339722436561
4578    9.7011296911979379  -0.33570160273193095  8.7752582577741212
4579    9.6774141502834805  -0.045899918255314184  8.799227230563071
4580    9.0118088165352983  -0.89114828251905587  7.8020539293400706
4581    8.9127190118753958  -0.62488865272199223  7.9115176224745962
4582    8.848480462886732  -0.33695245671020269  7.9811892839097736
4583    8.8248531113238222  -0.043858482067862956  8.0054011126033195
4584    8.1347651761215012  -0.89524526917507041  7.0283749121036898
4585    8.0379900558488426  -0.62720489594586215  7.139968910688375
4586    7.9749049267107814  -0.33709667152474865  7.2104147378968717
4587    7.9515306280141616  -0.040758532732852452  7.2346997815261957
4588    7.2349882062512618  -0.8977060441930913  6.2778412222695232
4589    7.1412088355088459  -0.62755675926318188  6.3911681172674104
4590    7.0805916083843643  -0.33516176633355854  6.4627304137632731
4591    7.0582157974739292  -0.036758333442814685  6.4873962713425124
4592    9.6406439087061297  -1.1144120395323756  8.8387362903516316
4593    9.5124092030635286  -0.78191135908733456  8.9734940045803793
4594    9.43056635451366  -0.42054276582100891  9.0587379349186516
4595    9.4008785341334242  -0.046799327920554287  9.0882341995971974
4596    8.791432490238293  -1.1187295112605218  8.0476301965914203
4597    8.6661292990193086  -0.78435321772727029  8.1853647203413651
4598    8.5856250971606265  -0.4210003564276053  8.2719584028967006
4599    8.5561838495002931  -0.044709065423572281  8.3017323024247602
4600    7.9206708339525767  -1.1217374296576423  7.2803669677584493
4601    7.7986733620308284  -0.78559165303833545  7.4206783801941976
4602    7.7198820117369529  -0.42036065370748726  7.5082218941311902
4603    7.6908574299208947  -0.041569750509947045  7.5380916463108463
4604    7.0270273013132876  -1.1237007137444066  6.5353578916129242
4605    6.9089459178020212  -0.78546159137554261  6.6779855911842727
4606    6.8333466251311465  -0.41808785768371504  6.7671058207549786
4607    6.8056084772124557  -0.037574842009173118  6.7975395850929043
4608    9.414087067792746  -1.3430911768365663  9.0776987860125917
4609    9.258659445822266  -0.94246282507583812  9.2402540369171025
4610    9.1600030178293945  -0.50538392891008688  9.3422176120631821
4611    9.1243429179833679  -0.047698737585794439  9.3772411686313237
4612    8.5710561639412894  -1.3463107400019885  8.2932064638427683
4613    8.4195395861632178  -0.94381778273254802  8.4592118182081339
4614    8.3227697314345281  -0.50504825614500781  8.562727521883625
4615    8.287514587676764  -0.045559648779281647  8.5980634922461956
4616    7.7065764917836468  -1.3482295901402139  7.5323590234132123
4617    7.5593566682128097  -0.94397841013080863  7.701387849700021
4618    7.4648590967631216  -0.50362463589022577  7.8060290503655096
4619    7.4301842318276305  -0.042380968287041562  7.8414835110954986
4620    6.8190663963753115  -1.3496953832957226  6.792874560956327
4621    6.6766830000951884  -0.94336642348790289  6.9648030651011306
4622    6.5861016418779288  -0.50101394903387131  7.071481227746685
4623    6.5530011569509847  -0.038391350575531571  7.1076828988432945
4624    9.9698524874279499  0.16436623885132573  8.4890034415551519
4625    10.01688693599708  0.3835118028618188  8.4309726419571778
4626    10.091360643388676  0.59266116843863947  8.3438329965145215
4627    10.189581140850478  0.77203932057902069  8.2352896390066697
4628    9.1090261132933179  0.17027182245650213  7.6875247757582716
4629    9.1549231637989958  0.39160200160433445  7.6284376644554879
4630    9.2273469830204657  0.60197539126487243  7.5392738731668363
4631    9.3224310293137691  0.78238474397164559  7.4274986861856096
4632    8.227214312165632  0.17709479826032534  6.9096130441425911
4633    8.2717665634813624  0.40027831284987447  6.849862544378821
4634    8.3419330934061939  0.61154444689850818  6.7590675304879992
4635    8.4337864152916886  0.79283441849184455  6.6442391155078617
4636    7.3248063787492157  0.183159473905641  6.155225895412082
4637    7.3669807166959691  0.40795322989377425  6.0945927639357294
4638    7.4343545650215113  0.62039297304389118  6.0024751937226917
4639    7.5239363571716815  0.80243223331193958  5.8859948153325714
4640    9.6988681534017864  0.2470912753278296  8.7726363774226854
4641    9.7625324447782553  0.54111070334565547  8.6987429577981032
4642    9.8634856249749472  0.81720539416735383  8.5853202099197912
4643    9.996806294553922  1.0564223761621141  8.4401413720182052
4644    8.8457840472925113  0.25232681394109863  7.9784599210416145
4645    8.907920244987503  0.54830526781814093  7.9033562935505399
4646    9.0060714722966946  0.82571053262716998  7.7874480868470908
4647    9.1350474971079549  1.066176261432092  7.6380931576482451
4648    7.9718259225199724  0.2584718538177147  7.2075844249137475
4649    8.032186363044314  0.55608150740870765  7.1316581709714288
4650    8.1272879739768165  0.83446952005980224  7.0136520868580918
4651    8.2518067797070955  1.0760349837906742  6.8602972397325521
4652    7.0772218444784984  0.26420407273668578  6.4597770223513553
4653    7.134574419612683  0.56332053338515864  6.3825424491124094
4654    7.2260891382431938  0.84292060224287613  6.2626483861757869
4655    7.3475816157367264  1.0853338330501106  6.1070506680915546
4656    9.4278838193756282  0.32981631180433357  9.0562693132902172
4657    9.5081779535594286  0.69870960382949221  8.9665132736390287
4658    9.6356106065612135  1.0417496198960681  8.8268074233250609
4659    9.8040314482573674  1.3408054317452061  8.6449931050297373
4660    8.5825419812917101  0.33438180542569484  8.2693950663249574
4661    8.6609173261760137  0.70500853403194741  8.1782749226455937
4662    8.7847959615729305  1.0494456739894675  8.0356223005273453
4663    8.947663964902139  1.3499677788925379  7.8486876291108816
4664    7.7164375328743127  0.33984890937510426  7.5055558056849074
4665    7.7926061626072709  0.71188470196754061  7.4134537975640384
4666    7.912642854547447  1.0573945932210962  7.2682366432281826
4667    8.0698271441225113  1.3592355490895038  7.0763553639572425
4668    6.8296373102077785  0.34524867156773081  6.7643281492906286
4669    6.9021681225293943  0.71868783687654292  6.6704921342890895
4670    7.0178237114648718  1.0654482314418612  6.5228215786288777
4671    7.1712268743017722  1.3682354327882813  6.3281065208505387
4672    9.1568994853494683  0.41254134828083738  9.3399022491577544
4673    9.2538234623406019  0.85630850431332906  9.2342835894799542
4674    9.4077355881474851  1.2662938456247825  9.0682946367303305
4675    9.6112566019608181  1.6251884873282991  8.8498448380412693
4676    8.3192999152909035  0.4164367969102914  8.5603302116083011
4677    8.4139144073645227  0.861711800245754  8.4531935517406467
4678    8.5635204508491629  1.2731808153517656  8.2837965142076051
4679    8.7602804326963284  1.633759296352985  8.0592821005735154
4680    7.461049143228653  0.42122596493249365  7.8035271864560647
4681    7.5530259621702234  0.86768789652637401  7.6952494241566463
4682    7.6979977351180731  1.2803196663823906  7.5228211995982743
4683    7.8878475085379209  1.6424361143883333  7.2924134881819329
4684    6.5820527759370613  0.42629327039877563  7.0688792762299011
4685    6.6697618254461073  0.87405514036792753  6.9584418194657678
4686    6.8095582846865526  1.2879758606408465  6.7829947710819711
4687    6.994872132866818  1.6511370325264525  6.5491623736095192
4688    10.308891072132244  0.91567694592955162  8.0997540525345659
4689    10.445707933077003  1.0268204758098449  7.9362327640053714
4690    10.594951533072392  1.0995185122266735  7.7593234729078864
4691    9.4387988553224744  0.92704330898358644  7.2887754028327754
4692    9.5733270141495819  1.038849982311483  7.1229515336965576
4693    9.7195284648402982  1.1118259866166467  6.9437686799711962
4694    8.5469889242613792  0.93844213191577064  6.5024641644291528
4695    8.6787373150857299  1.0507540079425353  6.334636978826607
4696    8.8214055505866789  1.1238500393873008  6.1534798266140562
4697    7.6344549988304484  0.94865967956984287  5.7418594045596434
4698    7.7622006676994593  1.0616154570097642  5.5709802769618966
4699    7.9005237052509703  1.1351803100680202  5.3867843727446596
4700    10.158080620928587  1.2496726001730916  8.2608642984453766
4701    10.341744549764275  1.3965719953438518  8.0498179098648901
4702    10.541151349000961  1.4912250574941979  7.8217820439744505
4703    9.2920192122947931  1.2606838583036841  7.4544291040297743
4704    9.4721887620047909  1.4084679437672127  7.2398088391074022
4705    9.6674127910369307  1.5035419955683107  7.0079131921580835
4706    8.4042458510566789  1.271728144212068  6.6724208457292136
4707    8.5804149498122211  1.4202389394845734  6.4546109117186949
4708    8.7709501368110629  1.5155760004526337  6.2192396909642138
4709    7.4962198473276116  1.2817589372760658  5.9158928913255027
4710    7.6667413556538175  1.4310247680092476  5.6936264060363539
4711    7.8513160471874874  1.5269060914188881  5.4536686773136891
4712    10.007270169724929  1.5836682544166314  8.4219745443561962
4713    10.237781166451548  1.7663235148778582  8.1634030557244017
4714    10.487351164929532  1.8829316027617216  7.8842406150410129
4715    9.1452395692671136  1.594324407623783  7.6200828052267751
4716    9.3710505098599999  1.7780859052229419  7.3566661445182477
4717    9.6152971172335722  1.8952580045199734  7.0720577043449673
4718    8.2615027778519821  1.6050141565083653  6.842377527029277
4719    8.4820925845387141  1.7897238710266101  6.5745848446107811
4720    8.7204947230354577  1.9073019615179665  6.2849995553143696
4721    7.357984695824773  1.6148581949822893  6.0899263780913584
4722    7.5712820436081767  1.800434079008731  5.8162725351108104
4723    7.8021083891240028  1.9186318727697558  5.5205529818827177
4724    9.8564597185212719  1.9176639086601719  8.5830847902670087
4725    10.133817783138822  2.1360750344118662  8.2769882015839169
4726    10.433550980858101  2.2746381480292457  7.9466991861075771
4727    8.9984599262394322  1.9279649569438808  7.7857365064237758
4728    9.2699122577152089  2.1477038666786719  7.4735234499290906
4729    9.5631814434302065  2.2869740134716365  7.1362022165318519
4730    8.1187597046472781  1.9383001688046626  7.012334208329337
4731    8.3837702192652088  2.159208802568648  6.6945587775028708
4732    8.6700393092598382  2.2990279225832984  6.3507594196645272
4733    7.2197495443219397  1.9479574526885126  6.2639598648572168
4734    7.4758227315625359  2.1698433900082148  5.9389186641852669
4735    7.75290073106052  2.3103576541206232  5.587437286451749
4736    7.0971276756968553  1.1742323512163173  4.4596516925525664
4737    7.2366156582685122  1.1528854971450138  4.2770064329487845
4738    7.3734109186285703  1.0871423129335926  4.0968063962561674
4739    7.4992987879181294  0.98323426676416015  3.9312300522632504
4740    7.6060645972782819  0.84739282681882444  3.7924558707585665
4741    6.1306951911181065  1.1848073230524214  3.7439091707048608
4742    6.2637649989522348  1.1628276049964215  3.5603896504534989
4743    6.397211813419279  1.0964073501670772  3.3786678794810268
4744    6.5209273503101706  0.99142330485776708  3.2109016634957248
4745    6.6248033254158383  0.85375221536186874  3.0692488082058764
4746    5.1457709864871415  1.1949814295270802  3.053710321194846
4747    5.2722666484769469  1.1722636692286925  2.8694666375124873
4748    5.4020218806160223  1.1049349516145048  2.6865533461366367
4749    5.523221948673295  0.99864351499839599  2.5169274720354298
4750    5.6240521184176817  0.85903759769424404  2.3725460401769989
4751    4.144649049070118  1.2047762014781405  2.3872943986472399
4752    4.2667241499344177  1.18072752016565  2.2022010178369418
4753    4.3916503014744492  1.1107958809333507  2.0176009560272692
4754    4.5085558859755626  1.0017201915527867  1.845984612531999
4755    4.6065692857230962  0.86023935979550248  1.6998423866649068
4756    7.0968260069662188  1.5741809750854803  4.4658960546712523
4757    7.2834158385025498  1.5466483468448977  4.2207429473045259
4758    7.4641409530723424  1.4601311108180319  3.9810782656545776
4759    7.6309784162145871  1.3206094172613116  3.7601422250332028
4760    7.7759052934682735  1.13406341643117  3.5711750407521956
4761    6.1311687215152144  1.5847691579107903  3.7490556666282755
4762    6.3100809753726068  1.5562173386899636  3.5007009158046212
4763    6.4860674364466142  1.4684601358914453  3.2581442149662534
4764    6.6491669417139265  1.3273095162480704  3.034214298376321
4765    6.7894183281512213  1.1385774464926748  2.8417399002979771
4766    5.1470015027931737  1.5949566526921899  3.0577468775356325
4767    5.318073373609093  1.5652793625206314  2.8063759667002492
4768    5.4889630093897406  1.4760483770153883  2.5613353102528951
4769    5.6479663849845378  1.3330350153502855  2.3348195812738441
4770    5.7833794752429108  1.1420105966991483  2.1390234528433618
4771    4.1461838815455367  1.6047578899717259  2.3908005588108088
4772    4.3117176622951723  1.5735723375271715  2.1371955822730095
4773    4.4759471442017578  1.4814787447417417  1.8891270705607177
4774    4.6287452275683343  1.3354259761078136  1.6595371877802998
4775    4.759984812697942  1.1423628961177672  1.4613680980381256
4776    7.0965243382355823  1.974129598954643  4.4721404167899399
4777    7.3302160187365883  1.9404111965447814  4.1644794616602709
4778    7.5548709875161117  1.8331199087024705  3.8653501350529886
4779    7.7626580445110465  1.6579845677584641  3.5890543978031544
4780    7.9457459896582661  1.4207340060435159  3.3498942107458243
4781    6.1316422519123233  1.9847309927691588  3.7542021625516897
4782    6.3563969517929779  1.9496070723835053  3.4410121811557417
4783    6.5749230594739503  1.8405129216158127  3.1376205504514791
4784    6.7774065331176807  1.663195727638374  2.8575269332569166
4785    6.9540333308866069  1.4234026776234809  2.6142309923900777
4786    5.1482320190992059  1.9949318758573  3.061783433876418
4787    5.3638800987412427  1.9582950558125702  2.7432852958880098
4788    5.5759041381634544  1.8471618024162708  2.4361172743691522
4789    5.7727108212957825  1.6674265157021755  2.1527116905122563
4790    5.94270683206814  1.4249835957040529  1.9055008655097234
4791    4.1477187140209537  2.0047395784653115  2.3943067189743776
4792    4.3567111746559251  1.9664171548886928  2.0721901467090786
4793    4.560243986929061  1.8521616085501311  1.7606531850941656
4794    4.7489345691611069  1.6691317606628402  1.4730897630286004
4795    4.913400339672787  1.4244864324400321  1.2228938094113444
4796    7.0962226695049448  2.3740782228238055  4.4783847789086257
4797    7.3770161989706233  2.3341740462446658  4.1082159760160115
4798    7.6456010219598838  2.2061087065869094  3.7496220044514001
4799    7.8943376728075032  1.9953597182556151  3.4179665705731068
4800    8.1155866858482586  1.7074045956558617  3.1286133807394534
4801    6.1321157823094312  2.3846928276275277  3.7593486584751044
4802    6.4027129282133517  2.3429968060770485  3.3813234465068658
4803    6.663778682501289  2.2125657073401812  3.0170968859367049
4804    6.9056461245214376  1.9990819390286774  2.6808395681375128
4805    7.1186483336219908  1.7082279087542871  2.3867220844821784
4806    5.1494625354052372  2.3949070990224102  3.0658199902172036
4807    5.4096868238733853  2.3513107491045098  2.6801946250757709
4808    5.6628452669371736  2.2182752278171547  2.310899238485411
4809    5.8974552576070263  2.0018180160540648  1.9706037997506693
4810    6.1020341888933674  1.7079565947089572  1.6719782781760864
4811    4.1492535464963725  2.4047212669588971  2.3978128791379465
4812    4.4017046870166769  2.3592619722502146  2.0071847111451477
4813    4.6445408296563695  2.222844472358521  1.6321792996276141
4814    4.8691239107538813  2.0028375452178664  1.2866423382769014
4815    5.0668158666476337  1.706609968762298  0.98441952078456274
4816    7.6934950236555304  0.67578019782977539  3.6827163962574474
4817    7.763146660599614  0.47155186902312035  3.5990298790667556
4818    7.8094597141565139  0.25142923532184142  3.5457533476623277
4819    7.8268743903722022  0.032133691648920666  3.5272438305199985
4820    6.7093021680531919  0.68019079340035626  2.956818797631485
4821    6.777550100186394  0.47412835848318569  2.8714311388671145
4822    6.8234345265773486  0.25133056858720648  2.8173086722329095
4823    6.8408428519879259  0.027563081689267674  2.7986742380490028
4824    5.7055062702091544  0.68357405667549154  2.2575639174543554
4825    5.7721016618983247  0.47578019826129964  2.1707796497513567
4826    5.8173086254901767  0.25040993478411389  2.1161157805224202
4827    5.8345974929896567  0.022217178576381467  2.0974948532219568
4828    4.6857746225426586  0.68345166024968984  1.5838477054275035
4829    4.7497161573922035  0.47385976145274339  1.4967530988954443
4830    4.792712481255756  0.24630916209999154  1.4421676209937648
4831    4.8090821851173153  0.015645360886766574  1.4237003256474896
4832    7.895287761010036  0.9008769556360926  3.419674806930344
4833    7.987398213475581  0.62853583409488434  3.3055597069864486
4834    8.0470730440925244  0.33367312992945791  3.2337000901823245
4835    8.0691486460884789  0.032921921261724232  3.2089663057797932
4836    6.9042055750165918  0.90325702121124707  2.6870923764551353
4837    6.9937348306428762  0.62909503695059021  2.5711500455437828
4838    7.0522781856189427  0.33203401338476696  2.4985020862852072
4839    7.0741077305336484  0.028016470187837567  2.4737376774006816
4840    5.8934582082467006  0.90460297319538219  1.9813853824591232
4841    5.980157022026324  0.62872301199610325  1.8639606562354341
4842    6.037319656354116  0.32956655481070907  1.7908691901775184
4843    6.0587898510023797  0.022329443348595851  1.7662309002905965
4844    4.8668326636351456  0.90354251348339609  1.3023816436315967
4845    4.9498454862540937  0.62586078181066074  1.1843072030491926
4846    5.0039810936022873  0.32473098293319708  1.1110382446839258
4847    5.0241972987272101  0.015566398684640589  1.0864682369288003
4848    8.0970804983645426  1.1259737134424099  3.1566332176032419
4849    8.2116497663515489  0.78551979916664871  3.0120895349061407
4850    8.2846863740285421  0.41591702453707463  2.9216468327023222
4851    8.311422901804761  0.033710150874527826  2.8906887810395863
4852    7.0991089819799971  1.126323249022138  2.4173659552787847
4853    7.2099195610993583  0.78406171541799508  2.270868952220451
4854    7.2811218446605421  0.41273745818232749  2.1796955003375049
4855    7.3073726090793691  0.028469858686407449  2.1488011167523604
4856    6.0814101462842514  1.1256318897152728  1.7052068474638913
4857    6.1882123821543251  0.7816658257309067  1.5571416627195109
4858    6.2573306872180563  0.40872317483730419  1.4656225998326167
4859    6.2829822090151035  0.022441708120810311  1.434966947359237
4860    5.047890704727636  1.1236333667171023  1.0209155818356901
4861    5.1499748151159865  0.77786180216857814  0.87186130720294086
4862    5.2152497059488176  0.40315280376640256  0.77990886837408702
4863    5.2393124123371058  0.015487436482514577  0.74923614821011197
4864    8.2988732357190518  1.3510704712487265  2.893591628276138
4865    8.4359013192275238  0.94250376423841276  2.7186193628258328
4866    8.5222997039645527  0.49816091914469102  2.6095935752223198
4867    8.5536971575210377  0.034498380487331358  2.5724112562993811
4868    7.2940123889433979  1.3493894768330292  2.1476395341024337
4869    7.4261042915558395  0.93902839388539994  1.9705878588971193
4870    7.509965503702138  0.49344090297988791  1.8608889143898018
4871    7.5406374876250943  0.028923247184977293  1.8238645561040387
4872    6.2693620843217985  1.3466608062351628  1.4290283124686594
4873    6.3962677422823253  0.93460863946571049  1.2503226692035883
4874    6.4773417180819957  0.48787979486389943  1.1403760094877151
4875    6.5071745670278283  0.022553972893024691  1.1037029944278764
4876    5.2289487458201238  1.3437242199508082  0.73944952003978293
4877    5.3501041439778767  0.92986282252649577  0.55941541135668904
4878    5.4265183182953489  0.48157462459960809  0.448779492064248
4879    5.4544275259470005  0.01540847428038853  0.41200405949142294
4880    7.8115588029248215  -0.18952681587279266  3.5477144676643495
4881    7.7667103280522927  -0.41593423311299171  3.6050582755001064
4882    7.6973130656402615  -0.62915200313750852  3.694152097073331
4883    7.6083511155743748  -0.8112435690121752  3.8098727754300841
4884    6.8257725805395335  -0.19829789628090269  2.8193755925899184
4885    6.7819216902774979  -0.4265537483241279  2.8772229592165202
4886    6.7147282968495725  -0.64020519985938518  2.9673828788784804
4887    6.6296305159034974  -0.82225297630565197  3.085021892525464
4888    5.8198428248184797  -0.20772719152077679  2.1183468820289013
4889    5.7771441511790416  -0.43757390605979651  2.1765217125591634
4890    5.7123092587473172  -0.65140146679856248  2.2675716354226716
4891    5.6311459341992842  -0.83328837549496038  2.3870489412293479
4892    4.7953263561815893  -0.21624195550793632  1.4446563583488161
4893    4.7550332604113965  -0.44700287909083664  1.5030581704096213
4894    4.6931522569278297  -0.66110157919517198  1.5945907744845311
4895    4.6146327048519931  -0.84300222515417977  1.7149391832281615
4896    8.0498723131746104  -0.26996892424272517  3.235762445239029
4897    7.9922647326612219  -0.57052776031691099  3.3114113145238275
4898    7.9013223881746333  -0.85103734093684169  3.4301613346514439
4899    7.7820417633411667  -1.0937804200785259  3.5862609266391337
4900    7.0552775805007641  -0.27790918645493351  2.500795320682077
4901    6.9992811882809187  -0.57994044174372417  2.5770459130671717
4902    6.9115496509332397  -0.86100361308263851  2.6972272259961252
4903    6.7975140655168307  -1.10402501787578  2.8560770309090917
4904    6.040477161939072  -0.28651289704754918  1.7934526333067409
4905    5.9862487698076698  -0.58975669130406061  1.8700906377998214
4906    5.9018848513937847  -0.87111357311507431  1.9914889325378
4907    5.7931655834830247  -1.1142951761747262  2.1529915362886336
4908    5.0072048978168944  -0.29468745738533231  1.1139402893788901
4909    4.956167315056355  -0.59867105644712804  1.1911410033046193
4910    4.8757213054884909  -0.8803500937472345  1.3134790846120827
4911    4.7705036241562198  -1.1236902645321398  1.4763632392073665
4912    8.288185823424401  -0.35041103261265771  2.9238104228137067
4913    8.2178191372701495  -0.72512128752082994  3.0177643535475474
4914    8.1053317107090042  -1.072922678736175  3.1661705722295581
4915    7.9557324111079604  -1.3763172711448763  3.3626490778481841
4916    7.2847825804619957  -0.35752047662896436  2.1822150487742351
4917    7.2166406862843413  -0.73332713516332027  2.2768688669178205
4918    7.1083710050169033  -1.0818020263058916  2.4270715731137691
4919    6.9653976151301631  -1.3857970594459084  2.6271321692927194
4920    6.2611114990596626  -0.36529860257432156  1.4685583845845802
4921    6.1953533884362963  -0.74193947654832482  1.5636595630404793
4922    6.0914604440402487  -1.0908256794315863  1.7154062296529278
4923    5.9551852327667616  -1.3953019768544916  1.9189341313479162
4924    5.2190834394521985  -0.3731329592627281  0.78322422040896411
4925    5.1573013697013099  -0.75033923380341883  0.8792238361996173
4926    5.0582903540491531  -1.0995986082992968  1.0323673947396332
4927    4.9263745434604438  -1.4043783039101001  1.2377872951865703
4928    8.5264993336741881  -0.43085314098259014  2.6118584003883853
4929    8.4433735418790761  -0.87971481472474899  2.7241173925712681
4930    8.3093410332433741  -1.2948080165355076  2.9021798098076705
4931    8.1294230588747531  -1.658854122211227  3.1390372290572337
4932    7.5142875804232272  -0.43713176680299504  1.863634776866393
4933    7.434000184287763  -0.88671382858291659  1.9766918207684718
4934    7.3051923591005696  -1.3026004395291451  2.1569159202314139
4935    7.1332811647434964  -1.6675691010160365  2.3981873076763476
4936    6.4817458361802558  -0.44408430810109384  1.1436641358624198
4937    6.4044580070649246  -0.89412226179258913  1.2572284882811371
4938    6.2810360366867144  -1.310537785748098  1.4393235267680562
4939    6.1172048820505029  -1.6763087775342576  1.6848767264072013
4940    5.4309619810875045  -0.45157846114012418  0.45250815143903783
4941    5.3584354243462684  -0.90200741115971028  0.56730666909461513
4942    5.2408594026098152  -1.3188471228513594  0.75125570486718463
4943    5.0822454627646731  -1.6850663432880599  0.9992113511657752
4944    7.5000514288925348  -0.95761074049899453  3.9554392893468031
4945    7.3741838953145606  -1.0711896275187305  4.1281622506210534
4946    7.2380470227489759  -1.1453451233753542  4.3140559518305936
4947    7.0989393191043035  -1.1734421213728397  4.4991346855531757
4948    6.5252791388131843  -0.9687190722166038  3.2326521951140963
4949    6.4026585443708504  -1.0824047334763709  3.4067943270281558
4950    6.270707229351701  -1.1564795624996131  3.5936273473580465
4951    6.1383636905309489  -1.184113161700989  3.7793303151941711
4952    5.5308667106601526  -0.97978827744996977  2.5366056020683669
4953    5.4117655120646928  -1.093437452513605  2.7118645576948821
4954    5.2842722113032154  -1.1672883542673005  2.8993345502177723
4955    5.1588166812660319  -1.1943934362924926  3.0855243217459174
4956    4.5176581315895055  -0.98960097026913241  1.8659952390937384
4957    4.4033547354364213  -1.10341720960598  2.0431341526703188
4958    4.2810858818494983  -1.1773499751449727  2.2322659888162479
4959    4.1602149362854934  -1.2042982988663629  2.4193008123898752
4960    7.6371496153704941  -1.2905962964673083  3.7801603252509106
4961    7.4710166004679541  -1.4406363531631146  4.0063956817723563
4962    7.2911050507533659  -1.5371514706438192  4.2503442920030832
4963    7.1048772983465467  -1.5733925293873019  4.4973834517426932
4964    6.6580001027849107  -1.3012879884198019  3.0530736207680249
4965    6.4963495162206506  -1.451754580245102  3.2818253256994483
4966    6.3217675269780873  -1.5483691956063999  3.5282649728903825
4967    6.1434593562112738  -1.5840762367584142  3.7783253895278497
4968    5.6591655065274686  -1.3119401389373042  2.3529168478680824
4969    5.5022958894842189  -1.4626900416313973  2.5838142682508787
4970    5.3333420018964199  -1.5592609306125849  2.8323743194434221
4971    5.1630891133072101  -1.5943688522364483  3.0852875234521129
4972    4.6409951582342623  -1.3215879117217237  1.6785785758902345
4973    4.490666367652671  -1.4726405056043079  1.9125606549852048
4974    4.3286383665873203  -1.5693654324790312  2.1641938596854833
4975    4.1640322692140908  -1.6042800786450351  2.4193625731842778
4976    7.7742478018484533  -1.6235818524356216  3.6048813611550199
4977    7.5678493056213458  -1.8100830788074977  3.8846291129236632
4978    7.3441630787577514  -1.9289578179122837  4.1866326321755745
4979    7.1108152775887898  -1.9733429374017635  4.4956322179322088
4980    6.7907210667566371  -1.633856904623  2.8734950464219544
4981    6.5900404880704464  -1.8211044270138335  3.1568563243707413
4982    6.3728278246044718  -1.9402588287131872  3.46290259842272
4983    6.1485550218915961  -1.9840393118158404  3.7773204638615301
4984    5.7874643023947785  -1.644092000424638  2.1692280936677966
4985    5.5928262669037414  -1.8319426307491895  2.4557639788068744
4986    5.38241179248962  -1.9512335069578688  2.7654140886690715
4987    5.1673615453483839  -1.994344268180404  3.0850507251583088
4988    4.7643321848790201  -1.6535748531743149  1.4911619126867304
4989    4.5779779998689181  -1.8418638016026363  1.7819871573000914
4990    4.3761908513251395  -1.96138088981309  2.0961217305547182
4991    4.1678496021426827  -2.0042618584237077  2.4194243339786823
4992    7.9113459883264134  -1.9565674084039359  3.4296023970591278
4993    7.6646820107747384  -2.1795298044518807  3.7628625440749683
4994    7.3972211067621441  -2.3207641651807491  4.1229209723480631
4995    7.1167532568310348  -2.3732933454162253  4.4938809841217253
4996    6.9234420307283617  -1.9664258208261982  2.693916472075883
4997    6.6837314599202466  -2.1904542737825645  3.0318873230420325
4998    6.4238881222308599  -2.3321484618199744  3.3975402239550547
4999    6.1536506875719201  -2.3840023868732656  3.7763155381952087
5000    5.9157630982620955  -1.9762438619119729  1.985539339467512
5001    5.6833566443232666  -2.2011952198669813  2.3277136893628696
5002    5.4314815830828227  -2.3432060833031532  2.6984538578947199
5003    5.171633977389563  -2.3943196841243597  3.0848139268645043
5004    4.887669211523777  -1.9855617946269062  1.3037452494832262
5005    4.6652896320851669  -2.2110870976009638  1.6514136596149767
5006    4.4237433360629606  -2.3533963471471488  2.028049601423954
5007    4.1716669350712801  -2.4042436382023791  2.419486094773085
5008    6.9617484378785637  -1.1520700896743614  4.6836167558415154
5009    6.8300664868580814  -1.086351098813146  4.8675872373938853
5010    6.7092486553838544  -0.98244894564823915  5.0368605787563618
5011    6.6046501327968778  -0.84652742703868722  5.1772512284750309
5012    6.0078960798436816  -1.1621182179166125  3.9647636727879609
5013    5.8802155314725519  -1.0957305077266994  4.1504753749673098
5014    5.7622250155640824  -0.99075426816206302  4.322175749687287
5015    5.6608275022648016  -0.85299373625351615  4.4655751249029754
5016    5.0352387139390249  -1.1716587906896783  3.271749121914719
5017    4.9119255884251594  -1.1043454237594816  3.4588503863140878
5018    4.7971284082903587  -0.99803816038352922  3.6326261359846095
5019    4.6990982771005507  -0.85832182544344782  3.7788743919668821
5020    4.0413223635985256  -1.1802155637635006  2.6064806349296887
5021    3.9234126551403312  -1.1102553486878703  2.795523125161202
5022    3.8134852161141142  -1.0011169794069241  2.9715518337231956
5023    3.7185394517230779  -0.85949978168811436  3.1196903112544727
5024    6.9197656094861477  -1.5457979140895011  4.7437627183041648
5025    6.7423314345177392  -1.4592624409617609  4.9858097691156722
5026    6.5787308817215564  -1.3197216377550629  5.2090190801495879
5027    6.4351200593778293  -1.1331110322203892  5.3988851273782936
5028    5.9662270105281028  -1.5554728073278326  4.0279680326005645
5029    5.7939754351284538  -1.4677027464275605  4.2730761453806405
5030    5.6345642590543203  -1.3265305595416561  4.4994652344801658
5031    5.4958531113476941  -1.1377207521541739  4.6929508065112504
5032    4.9939072600411043  -1.5646409335576301  3.3380005355611844
5033    4.8272148125378314  -1.4753817996308283  3.5857450938650839
5034    4.6723695415133628  -1.3323237438117179  3.8148893445854797
5035    4.5387292176836631  -1.1411990594559742  4.0118014339440551
5036    4.0005705269598808  -1.5730301890582679  2.6743898783131894
5037    3.8409387075822417  -1.4808703570065143  2.9253538965533963
5038    3.692702599753082  -1.3347312412866914  3.1577715690723909
5039    3.5634279921443044  -1.1415435006957131  3.3571598370376892
5040    6.8777827810937344  -1.9395257385046412  4.8039086807668143
5041    6.6545963821773997  -1.8321737831103768  5.10403230083746
5042    6.4482131080592593  -1.6569943298618877  5.3811775815428131
5043    6.2655899859587807  -1.4196946374020905  5.6205190262815519
5044    5.9245579412125258  -1.9488273967390521  4.0911723924131698
5045    5.7077353387843583  -1.8396749851284215  4.3956769157939748
5046    5.5069035025445592  -1.6623068509212486  4.6767547192730499
5047    5.3308787204305892  -1.422447768054832  4.9203264881195237
5048    4.9525758061431855  -1.9576230764255822  3.4042519492076528
5049    4.7425040366505069  -1.8464181755021747  3.7126398014160809
5050    4.5476106747363669  -1.6666093272399067  3.9971525531863499
5051    4.3783601582667782  -1.4240762934685001  4.244728475921228
5052    3.9598186903212365  -1.9658448143530345  2.7422991216966905
5053    3.7584647600241525  -1.8514853653251584  3.0551846679455896
5054    3.5719199833920499  -1.6683455031664587  3.343991304421587
5055    3.4083165325655318  -1.4235872197033113  3.5946293628209065
5056    6.8357999527013185  -2.3332535629197806  4.8640546432294647
5057    6.5668613298370566  -2.2050851252589911  5.2222548325592495
5058    6.3176953343969613  -1.9942670219687111  5.5533360829360401
5059    6.096059912539733  -1.7062782425837921  5.8421529251848145
5060    5.8828888718969479  -2.3421819861502717  4.1543767522257733
5061    5.6214952424402611  -2.2116472238292828  4.5182776862073046
5062    5.3792427460347962  -1.9980831423008425  4.8540442040659286
5063    5.1659043295134834  -1.7071747839554898  5.1477021697277952
5064    4.9112443522452658  -2.3506052192935338  3.4705033628541191
5065    4.6577932607631789  -2.2174545513735215  3.8395345089670765
5066    4.4228518079593693  -2.0008949106680958  4.1794157617872196
5067    4.2179910988498914  -1.7069535274810266  4.477655517898401
5068    3.9190668536825908  -2.3586594396478011  2.8102083650801912
5069    3.6759908124660639  -2.2221003736438032  3.185015439337783
5070    3.451137367031019  -2.0019597650462271  3.5302110397707827
5071    3.2532050729867579  -1.7056309387109094  3.832098888604123
5072    6.5181248828217848  -0.67480630510805972  5.2877003779575897
5073    6.450772895461343  -0.47057587955792463  5.3730577414131329
5074    6.4068183994737744  -0.25060575361432275  5.4280005515898075
5075    6.3904856236172964  -0.031665530503295736  5.4472060412357717
5076    5.5773795723436068  -0.6793261126148854  4.5787899517503252
5077    5.5117218089812443  -0.47328603110582673  4.6659682806422742
5078    5.4684831859420324  -0.2506638786258969  4.7218678384493558
5079    5.452292676990278  -0.027250042074652307  4.7412463520421095
5080    4.6188642408304084  -0.68275588069665505  3.8947139357746643
5081    4.5552011633798566  -0.47501214054832358  3.9834031172134305
5082    4.5129788752027258  -0.24984395885171626  4.0399493097613304
5083    4.4970672067528454  -0.022004689460095324  4.0593598868965142
5084    3.6407299493578895  -0.68258069288777079  3.236592991500951
5085    3.580093628261642  -0.47298396663921016  3.3256831073020594
5086    3.5404533914162131  -0.24557990312537156  3.3822374079368451
5087    3.5256321418034746  -0.015238802529193102  3.4015326426843573
5088    6.3162265567093892  -0.89986396079977338  5.5507133346100099
5089    6.2255380408766881  -0.62755392346901495  5.6658075193253632
5090    6.1673507370664211  -0.3328266932797373  5.7386597480053094
5091    6.1459608704652693  -0.032328043283564957  5.7637620871308082
5092    5.3816654565037245  -0.90233397454419417  4.8479938556187649
5093    5.293760989462549  -0.62821381895538586  4.9650049277706882
5094    5.2369036849336918  -0.33129920381868672  5.0387238573137614
5095    5.2158575176266577  -0.027529047565034898  5.0638904785947183
5096    4.4293781523419842  -0.90372067090685071  4.1699004621655389
5097    4.3445453657835396  -0.62789620661047951  4.2884789236780136
5098    4.2893056922272876  -0.3289000160768461  4.3627150560081924
5099    4.2687339658921886  -0.021906448815935755  4.3877870966827803
5100    3.4574378909318808  -0.90262863536824078  3.5166508311200939
5101    3.3765588543567482  -0.62496084732248081  3.6359480881219701
5102    3.3246119991883005  -0.32394984818065298  3.7104256584081621
5103    3.3054184421959278  -0.0150053495649781  3.7354575923435163
5104    6.1143282305969935  -1.124921616491487  5.8137262912624292
5105    6.0003031862920349  -0.78453196738010533  5.958557297237598
5106    5.9278830746590661  -0.41504763294515151  6.0493189444208122
5107    5.9014361173132377  -0.032990556063834241  6.0803181330258429
5108    5.1859513406638404  -1.1253418364735028  5.117197759487202
5109    5.0758001699438564  -0.78314160680494516  5.2640415748991041
5110    5.0053241839253548  -0.41193452901147665  5.3555798761781661
5111    4.9794223582630366  -0.027808053055417489  5.3865346051473262
5112    4.2398920638535609  -1.1246854611170465  4.4450869885564108
5113    4.1338895681872225  -0.78078027267263606  4.5935547301425981
5114    4.065632509251853  -0.40795607330197575  4.6854808022550563
5115    4.0404007250315335  -0.021808208171776249  4.7162143064690474
5116    3.2741458325058712  -1.1226765778487107  3.7967086707392368
5117    3.1730240804518526  -0.77693772800575156  3.9462130689418804
5118    3.1087706069603867  -0.40231979323593448  4.0386139088794772
5119    3.0852047425883806  -0.014771896600763119  4.0693825420026748
5120    5.9124299044845969  -1.3499792721832014  6.0767392479148503
5121    5.775068331707379  -0.9415100112911956  6.2513070751498274
5122    5.688415412251711  -0.49726857261056617  6.359978140836315
5123    5.6569113641612097  -0.033653068844103337  6.3968741789208785
5124    4.9902372248239555  -1.3483496984028123  5.3864016633556391
5125    4.8578393504251611  -0.93806939465450423  5.563078222027519
5126    4.7737446829170151  -0.49256985420426658  5.6724358950425708
5127    4.7429871988994172  -0.028087058545800063  5.7091787316999332
5128    4.0504059753651349  -1.3456502513272428  4.7202735149472863
5129    3.9232337705909055  -0.93366433873479215  4.8986305366071825
5130    3.8419593262764153  -0.48701213052710551  5.0082465485019183
5131    3.8120674841708762  -0.021709967527616673  5.0446415162553144
5132    3.0908537740798629  -1.3427245203291811  4.0767665103583797
5133    2.9694893065469588  -0.9289146086890222  4.2564780497617898
5134    2.8929292147324746  -0.48068973829121581  4.3668021593507973
5135    2.8649910429808338  -0.014538443636548125  4.4033074916618338
5136    6.4034682347120881  0.18975456143477826  5.4247247374101937
5137    6.4432245770333285  0.41627517697819633  5.3630936704356778
5138    6.5076258955217643  0.62979303757893101  5.2697198279555675
5139    6.5945434351181369  0.81220486468895459  5.1520101976131993
5140    5.4647692884804631  0.19839271331540784  4.7184544113433589
5141    5.5029359869034247  0.42677932059989893  4.6561430147162906
5142    5.5645276862280735  0.64073594031143899  4.5615205016920299
5143    5.647279300423298  0.82308873298264551  4.4417952118016908
5144    4.5089540648959607  0.20773414782838784  4.0363477159600265
5145    4.5453468611872294  0.43770826743611241  3.9735548842783524
5146    4.6039446831146682  0.65182516684061853  3.8778825953078866
5147    4.682446618166284  0.83399234351944496  3.7562320525050144
5148    3.5362670888002095  0.21643908325457631  3.3783374500086381
5149    3.5696891147657155  0.44730462416406719  3.3151433666226451
5150    3.6247616321557965  0.6616642027656725  3.2188114891789534
5151    3.7003480534262305  0.84382420162578353  3.0962029143301177
5152    6.1637233887535388  0.2704204506355336  5.7355241325490436
5153    6.2180431322480514  0.57108862659283532  5.6569144736821846
5154    6.3057911650902829  0.85181783253558307  5.5352636673736839
5155    6.4238385514217002  1.0947494164110201  5.377902270466997
5156    5.2330071421973656  0.27827368211280407  5.0353381822267966
5157    5.2853249688927617  0.5804302857591066  4.9560063181074501
5158    5.369456605808927  0.86171824729849844  4.8327936595097549
5159    5.4820476610419338  1.104915050655606  4.6725989797067866
5160    4.285188687104557  0.28682501693904094  4.3590253159849421
5161    4.3353241757911292  0.59019394897481847  4.2792019330168198
5162    4.4156589955715191  0.87176456681132886  4.1546581085336394
5163    4.5227117100653418  1.1151010899685039  3.9917350032906298
5164    3.320383605769698  0.29513570488478813  3.7063916784237949
5165    3.366944999187476  0.59922805433081727  3.6258852690389012
5166    3.4429718695504619  0.88109951135378073  3.5002767603949949
5167    3.546333463959837  1.12457788853435  3.3359045486982235
5168    5.9239785427949903  0.35108633983628895  6.0463235276878917
5169    5.9928616874627778  0.72590207620747416  5.9507352769286896
5170    6.1039564346588016  1.0738426274922348  5.8008075067918021
5171    6.2531336677252627  1.3772939681330856  5.6037943433207946
5172    5.0012449959142691  0.35815465091020016  5.3522219531102371
5173    5.067713950882097  0.73408125091831411  5.2558696214986105
5174    5.1743855253897832  1.0827005542855581  5.1040668173274817
5175    5.3168160216605713  1.3867413683285652  4.9034027476118824
5176    4.061423309313156  0.36591588604969405  4.6817029160098578
5177    4.1253014903950289  0.74267963051352448  4.5848489817552851
5178    4.2273733080283709  1.0917039667820394  4.4314336217593908
5179    4.3629768019643977  1.3962098364175626  4.2272379540762435
5180    3.1045001227391857  0.37383232651500004  4.0344459068389522
5181    3.1642008836092361  0.75115148449756719  3.9366271714551582
5182    3.2611821069451281  1.1005348199418892  3.7817420316110377
5183    3.3923188744934434  1.4053315754429161  3.5756061830663306
5184    5.6842336968364409  0.43175222903704435  6.3571229228267425
5185    5.7676802426775016  0.88071552582211321  6.2445560801751965
5186    5.9021217042273211  1.2958674224488873  6.0663513462099203
5187    6.082428784028826  1.6598385198551513  5.8296864161745932
5188    4.7694828496311725  0.43803561970759636  5.669105723993674
5189    4.850102932871434  0.88773221607752195  5.5557329248897682
5190    4.9793144449706386  1.3036828612726179  5.3753399751452058
5191    5.151584382279208  1.6685676860015259  5.1342065155169756
5192    3.8376579315217523  0.44500675516034716  5.0043805160347734
5193    3.9152788049989296  0.8951653120522306  4.8904960304937513
5194    4.0390876204852226  1.3116433667527501  4.7082091349851467
5195    4.2032418938634555  1.6773185828666217  4.4627409048618594
5196    2.8886166397086743  0.45252894814521177  4.3625001352541108
5197    2.9614567680309958  0.90307491466431733  4.2473690738714147
5198    3.079392344339793  1.3199701285299967  4.063207302827081
5199    3.2383042850270494  1.6860852623514828  3.8153078174344359
5200    6.7020038617086746  0.95868628798757705  5.0058759554386034
5201    6.8255205276105464  1.0721665665139026  4.8320308714516145
5202    6.9591947074108935  1.1461728657595951  4.64508582428026
5203    5.7506038619217001  0.96965963747303641  4.2935150361707493
5204    5.8705195790234548  1.083261428134257  4.1180981385074604
5205    5.9996691294988347  1.1572065187371157  3.9300582672170763
5206    4.7814910688709817  0.98058700926339271  3.6059452943275452
5207    4.8974884966291681  1.0941657281954424  3.4292631549895622
5208    5.0217960772361288  1.1679050262914021  3.2404350315817605
5209    3.7959015519579808  0.99047568459581681  2.9443353774804573
5210    3.9067179551186779  1.1041451530220765  2.7656069977580584
5211    4.0254246563441267  1.1778921457132774  2.5749494474009662
5212    6.5682955366324496  1.2915893363416331  5.1838696233765251
5213    6.7329853821559125  1.4415286106246628  4.9572545335007288
5214    6.9113486761983989  1.5379361774694871  4.7129617581591328
5215    5.6209827902463312  1.3021878102723949  4.4753864432479205
5216    5.780932126869649  1.4525531996641354  4.246123039041195
5217    5.9537194956974266  1.5490630413654072  3.9992117768976327
5218    4.6559742219080436  1.3127408934726845  3.7915132469331034
5219    4.8108513746494523  1.4633876472158089  3.5599770012288494
5220    4.9777311432807645  1.5598550130162028  3.3108227251167346
5221    3.6749624453563645  1.3224351203468347  3.1333199304254764
5222    3.8230129103497537  1.4733210653678295  2.8985614986348036
5223    3.9826862565446111  1.569880422331428  2.6461985944039852
5224    6.4345872115562264  1.6244923846956882  5.3618632913144486
5225    6.6404502367012768  1.8108906547354227  5.0824781955498475
5226    6.8635026449859025  1.9296994891793786  4.7808376920380065
5227    5.4913617185709676  1.634715983071753  4.6572578503250979
5228    5.6913446747158405  1.8218449711940148  4.3741479395749296
5229    5.9077698618960204  1.9409195639936996  4.0683652865781887
5230    4.5304573749451045  1.6448947776819773  3.9770811995386603
5231    4.7242142526697348  1.8326095662361765  3.6906908474681375
5232    4.9336662093253958  1.9518049997410025  3.3812104186517082
5233    3.5540233387547482  1.6543945560978524  3.3223044833704947
5234    3.7393078655808294  1.8424969777135831  3.0315159995115506
5235    3.9399478567450945  1.9618686989495779  2.7174477414070033
5236    6.3008788864800014  1.9573954330497441  5.5398569592523712
5237    6.5479150912466437  2.1802526988461834  5.2077018575989635
5238    6.815656613773406  2.3214628008892704  4.8487136259168802
5239    5.3617406468955995  1.9672441558711118  4.83912925740227
5240    5.6017572225620347  2.1911367427238928  4.502172840108666
5241    5.8618202280946088  2.3327760866219909  4.1375187962587452
5242    4.4049405279821663  1.9770486618912695  4.1626491521442182
5243    4.6375771306900173  2.2018314852565424  3.8214046937074242
5244    4.8896012753700333  2.3437549864658038  3.4515981121866819
5245    3.433084232153131  1.9863539918488706  3.5112890363155129
5246    3.6556028208119047  2.2116728900593361  3.1644705003882967
5247    3.8972094569455775  2.3538569755677274  2.7886968884100227
5248    -24.875797566879978  1.1327520296409586  43.603671507652727
5249    -24.682113561374166  1.1168981090608638  43.597548937695585
5250    -24.492409403530608  1.0626581574584697  43.585118994081618
5251    -24.32044815375977  0.97623601911529267  43.572761848382832
5252    -24.17999287247212  0.86383553831284932  43.56685767217121
5253    -24.876038242329319  1.0615433396610314  42.39792453212619
5254    -24.677742326230231  1.0486347838412553  42.396792561252624
5255    -24.486493515953555  1.0010309354967963  42.390769817741948
5256    -24.314486229095799  0.92167306395131554  42.38439908333504
5257    -24.173914883253445  0.81350243852847415  42.382223139772741
5258    -24.847844041405885  0.99705560904661439  41.192387590948705
5259    -24.638691286489294  0.98469963181937725  41.198535682138491
5260    -24.442480842732742  0.93865531810602143  41.198470415829881
5261    -24.268808876156722  0.86179894097911824  41.197131423239938
5262    -24.127271552781732  0.75700677351123946  41.199458335585625
5263    -24.789635776041944  0.93923917406228463  39.987705138805509
5264    -24.569689801381951  0.92696615909533431  40.001266934219998
5265    -24.368657686108538  0.88144822408212598  40.007453157868568
5266    -24.19346100177729  0.80606018544284475  40.011439919850645
5267    -24.051021319943768  0.70417685959767617  40.018403330265706
5268    -24.699834258169748  0.88804437097262001  38.78452163038186
5269    -24.475467230138779  0.87730787176923042  38.803474951364102
5270    -24.273310348321328  0.83532657222109052  38.816950413381129
5271    -24.098487512792218  0.76390333258663912  38.827805624920245
5272    -23.956122623626307  0.6648410131243141  38.83889819446884
5273    -24.887198377919987  1.5318346864273056  43.579114338435154
5274    -24.609965414287696  1.5105875310251029  43.574377336374233
5275    -24.342814405687673  1.4348960463940419  43.565463277086728
5276    -24.099474285901586  1.3104086921271998  43.55664595656588
5277    -23.89367398871109  1.1427739278176521  43.552199170804926
5278    -24.886827176417516  1.4607582462030715  42.3753644136861
5279    -24.607390788660346  1.4426246596532368  42.376962528786969
5280    -24.339715405216577  1.3742341955608761  42.376145990570606
5281    -24.096498020389422  1.2577862548052723  42.374994490912549
5282    -23.890435628482049  1.0954802382657076  42.375587721688277
5283    -24.85733351160885  1.3964098210107618  41.171837945728903
5284    -24.572366893121099  1.3791625111285359  41.182465003460408
5285    -24.302035950178244  1.3137144276445951  41.188664718324929
5286    -24.057586647417864  1.2018333320369952  41.193579731289347
5287    -23.850264949477516  1.0452869857837928  41.200352683320467
5288    -24.797873789043788  1.3387211469348013  39.969149865962073
5289    -24.507462213802118  1.3218872773525092  39.988900235995452
5290    -24.234663314108818  1.2583413344681  40.0023238172177
5291    -23.989169696163881  1.1499868439996168  40.013512956081378
5292    -23.78067396616721  0.9987273316651013  40.026559999039172
5293    -24.70760441427214  1.2876239600596138  38.767915105784176
5294    -24.415245236835563  1.2724851502266623  38.794283701993159
5295    -24.142484770544488  1.2131195078542925  38.816427644116935
5296    -23.897676695804424  1.1096837108703874  38.835905443673781
5297    -23.689174693020867  0.96233443720282708  38.854275612182079
5298    -24.898599188959992  1.9309173432136528  43.554557169217574
5299    -24.537817267201216  1.9042769529893422  43.551205735052868
5300    -24.193219407844737  1.8071339353296145  43.545807560091831
5301    -23.878500418043394  1.6445813651391068  43.540530064748921
5302    -23.607355104950056  1.4217123173224553  43.537540669438627
5303    -24.897616110505716  1.8599731527451109  42.35280429524601
5304    -24.537039251090455  1.8366145354652179  42.357132496321299
5305    -24.192937294479602  1.7474374556249559  42.361522163399272
5306    -23.878509811683038  1.5938994456592288  42.365589898490057
5307    -23.606956373710652  1.377458038002942  42.368952303603784
5308    -24.866822981811808  1.7957640329749092  41.151288300509101
5309    -24.506042499752883  1.7736253904376955  41.166394324782324
5310    -24.161591057623738  1.6887735371831691  41.178859020819971
5311    -23.846364418678991  1.5418677230948712  41.190028039338749
5312    -23.573258346173283  1.3335671980563462  41.201247031055289
5313    -24.806111802045628  1.7382031198073176  39.950594593118645
5314    -24.445234626222256  1.7168083956096838  39.976533537770905
5315    -24.100668942109099  1.6352344448540741  39.99719447656684
5316    -23.784878390550453  1.4939135025563888  40.01558599231214
5317    -23.510326612390656  1.293277803732527  40.034716667812617
5318    -24.715374570374529  1.6872035491466073  38.751308581186478
5319    -24.35502324353233  1.667662428684094  38.785092452622195
5320    -24.011659192767652  1.5909124434874953  38.81590487485272
5321    -23.696865878816617  1.4554640891541355  38.844005262427316
5322    -23.42222676241542  1.2598278612813405  38.869653029895318
5323    -24.91  2.3300000000000001  43.530000000000001
5324    -24.46566912011475  2.2979663749535817  43.528034133731516
5325    -24.043624410001801  2.1793718242651874  43.52615184309694
5326    -23.65752655018521  1.9787540381510138  43.524414172931969
5327    -23.321036221189026  1.7006507068272581  43.522882168072329
5328    -24.908405044593913  2.2591880592871512  42.33024417680592
5329    -24.466687713520582  2.2306044112772003  42.337302463855636
5330    -24.046159183742628  2.1206407156890363  42.346898336227937
5331    -23.660521602976662  1.9300126365131853  42.356185306067559
5332    -23.323477118939248  1.6594358377401752  42.362316885519313
5333    -24.876312452014769  2.1951182449390569  41.130738655289292
5334    -24.439718106384689  2.1680882697468546  41.150323646104233
5335    -24.02114616506924  2.0638326467217425  41.169053323315005
5336    -23.635142189940126  1.8819021141527481  41.186476347388151
5337    -23.296251742869057  1.6218474103288998  41.20214137879011
5338    -24.814349815047471  2.1376850926798343  39.932039320275209
5339    -24.383007038642425  2.1117295138668593  39.964166839546365
5340    -23.966674570109372  2.0121275552400486  39.992065135915951
5341    -23.580587084937047  1.837840161113161  40.017659028542873
5342    -23.239979258614103  1.5878282757999516  40.042873336586069
5343    -24.723144726476921  2.0867831382336011  38.734702056588795
5344    -24.294801250229121  2.0628397071415256  38.775901203251252
5345    -23.880833614990809  1.968705379120697  38.815382105588526
5346    -23.49605506182882  1.801244467437884  38.852105081180838
5347    -23.155278831809987  1.5573212853598535  38.885030447608557
5348    -24.072093554368667  0.71996963452917151  43.557593025096843
5349    -23.991499246189928  0.54187969757056809  43.537926129162798
5350    -23.942521586405533  0.33986227721097029  43.518394649470487
5351    -23.929472213485106  0.12421392322430919  43.50953625112129
5352    -24.062965317732832  0.67441114897776067  42.376080274094285
5353    -23.976474245620299  0.5061046338756171  42.360701106147125
5354    -23.921612395182194  0.31724418578613256  42.344966916884367
5355    -23.905550494684864  0.11649109727339617  42.337758987259107
5356    -24.015020919356683  0.62109905812007182  41.197737426254236
5357    -23.927457814699064  0.45821080136559145  41.186410141885617
5358    -23.871551592932065  0.28219042253380788  41.173648873575289
5359    -23.854271608178856  0.10688634091072929  41.167626012418772
5360    -23.937910729527058  0.57091463337340054  40.021156450533276
5361    -23.850246036332507  0.4122608479827462  40.013995610897332
5362    -23.794265887244752  0.24789675142482592  40.004321824693577
5363    -23.776208929148453  0.097503591698751668  39.999536105257683
5364    -23.841285118530813  0.5347391461550437  38.84492931588791
5365    -23.75063499342691  0.38231742166933635  38.842399887701312
5366    -23.691681985709881  0.2275589364300164  38.836867075389549
5367    -23.671935832775063  0.090446787199906842  38.833888044433245
5368    -23.732552992848941  0.93205104887853241  43.545609671030057
5369    -23.61613720165926  0.68232565368406206  43.532199507514378
5370    -23.547485185840689  0.40528565626895291  43.518995424821306
5371    -23.529655516091857  0.11261897066791504  43.513024167514253
5372    -23.725785840669623  0.89052252281383182  42.372907914027934
5373    -23.602578500728963  0.65093235833883245  42.364209137425412
5374    -23.52716895186558  0.38612845524630263  42.354978841301644
5375    -23.505912537285003  0.10552952394183385  42.350704475077563
5376    -23.683223158782308  0.84574263595852861  41.203604239506063
5377    -23.556891358286627  0.61245599216665059  41.199396604739356
5378    -23.478432183421809  0.3585775096840802  41.193034729694922
5379    -23.455008269619189  0.097257643786738429  41.189823565047369
5380    -23.611683278916608  0.80406287176704827  40.035804642121697
5381    -23.483201851786177  0.57590610211961046  40.036223939902854
5382    -23.402667884840206  0.33177939370831833  40.032866276649834
5383    -23.377519578142937  0.089205117518703136  40.030780036629757
5384    -23.517984532802178  0.77183471369381662  38.867615116531937
5385    -23.38563605868158  0.55029223514980652  38.87315317336256
5386    -23.301269060451599  0.31488068144505027  38.874176668815103
5387    -23.274023327904768  0.08277373245380272  38.873972489030827
5388    -23.393012431329215  1.1441324632278931  43.533626316963279
5389    -23.240775157128592  0.82277160979755626  43.526472885865957
5390    -23.152448785275844  0.47070903532693537  43.519596200172131
5391    -23.129838818698602  0.10102401811152095  43.51651208390723
5392    -23.388606363606428  1.1066338966499027  42.369735553961569
5393    -23.228682755837628  0.79576008280204813  42.367717168703699
5394    -23.132725508548969  0.45501272470647253  42.364990765718929
5395    -23.106274579885135  0.09456795061027147  42.363649962896027
5396    -23.351425398207919  1.0703862137969853  41.209471052757912
5397    -23.186324901874176  0.76670118296770962  41.212383067593102
5398    -23.085312773911557  0.4349645968343524  41.212420585814577
5399    -23.055744931059518  0.087628946662747648  41.212021117675974
5400    -23.285455828306141  1.037211110160696  40.050452833710096
5401    -23.116157667239857  0.7395513562564745  40.058452268908397
5402    -23.011069882435653  0.4156620359918109  40.06141072860612
5403    -22.978830227137394  0.080906643338654591  40.062023968001853
5404    -23.194683947073543  1.0089302812325895  38.890300917175949
5405    -23.020637123936254  0.71826704863027613  38.903906459023773
5406    -22.910856135193313  0.40220242646008419  38.911486262240643
5407    -22.876110823034466  0.075100677707698557  38.914056933628423
5408    -23.053471869809488  1.3562138775772539  43.5216429628965
5409    -22.865413112597928  0.96321756591105034  43.520746264217536
5410    -22.757412384710999  0.53613241438491788  43.52019697552295
5411    -22.73002212130535  0.089429065555126863  43.520000000300193
5412    -23.051426886543215  1.3227452704859737  42.366563193895232
5413    -22.854787010946289  0.9405878072652637  42.371225199981993
5414    -22.738282065232351  0.52389699416664282  42.37500269013622
5415    -22.70663662248527  0.083606377278709176  42.376595450714483
5416    -23.01962763763354  1.2950297916354425  41.21533786600974
5417    -22.815758445461746  0.92094637376876864  41.225369530446841
5418    -22.692193364401309  0.51135168398462472  41.231806441934211
5419    -22.656481592499848  0.078000249538756811  41.234218670304571
5420    -22.959228377695695  1.270359348554343  40.065101025298517
5421    -22.749113482693534  0.90319661039333854  40.080680597913911
5422    -22.619471880031107  0.49954467827530363  40.089955180562377
5423    -22.580140876131882  0.072608169158606212  40.093267899373927
5424    -22.871383361344904  1.2460258487713622  38.912986717819983
5425    -22.655638189190928  0.8862418621107464  38.934659744685007
5426    -22.520443209935031  0.48952417147511795  38.948795855666191
5427    -22.478198318164161  0.067427622961594463  38.954141378225998
5428    -23.961116006748199  -0.10166708244569958  43.516095573307702
5429    -24.038947992352885  -0.33074481812105877  43.530607979268133
5430    -24.156375029026638  -0.54726627442641618  43.545297220172948
5431    -24.306803975496923  -0.73547844198641898  43.552387047192525
5432    -23.938225857107067  -0.093976130619516318  42.342832054815652
5433    -24.019038055774509  -0.30854320585941158  42.353805126414038
5434    -24.139351209474089  -0.51339514939702569  42.364355886981031
5435    -24.29052943699266  -0.6947169821830943  42.368162021443389
5436    -23.885926523741659  -0.077562670568417078  41.171836044026968
5437    -23.96605741332646  -0.27756890118115191  41.180317373351002
5438    -24.085482246662124  -0.47411052496059108  41.187058270496912
5439    -24.235018993477524  -0.6481657159398504  41.186047005570764
5440    -23.806487911968983  -0.061479582587964675  40.002868866038163
5441    -23.885155423528769  -0.24814020286047833  40.008827136353212
5442    -24.002909867558142  -0.43758674116868213  40.011726853343426
5443    -24.150449647787465  -0.60492766956246735  40.00588395414934
5444    -23.702179927106023  -0.054779746973722079  38.835691845945746
5445    -23.781481444901459  -0.23057540967158963  38.838016831694837
5446    -23.899775799129561  -0.41199813807286789  38.836684118143303
5447    -24.046998402758469  -0.57410586935672703  38.82751482175383
5448    -23.570404275049999  -0.18855190953810941  43.51745809561195
5449    -23.670632754789263  -0.48786936958768712  43.527321329515935
5450    -23.823117340163687  -0.76879281367536834  43.537418254363971
5451    -24.020634416027292  -1.0147816459957022  43.542553255293882
5452    -23.547988202082845  -0.1831132608613541  42.353564698492775
5453    -23.651937413107067  -0.46902100423014609  42.359586887103525
5454    -23.80815929619185  -0.73823341542910348  42.36503156405567
5455    -24.007052977171284  -0.97679020372278824  42.366159252495109
5456    -23.496735836942783  -0.17165940295496143  41.191891024103363
5457    -23.601682618086546  -0.44530512764047897  41.195335562141835
5458    -23.758938517426692  -0.70599262449869937  41.196417942795811
5459    -23.957593439339441  -0.93603498775850769  41.191398929698472
5460    -23.418539979133641  -0.16053388814973724  40.032031672743408
5461    -23.523694378907894  -0.42312252752608387  40.032847831326634
5462    -23.681194343014376  -0.67649004341767049  40.029517186799531
5463    -23.879251437001773  -0.89856567863183034  40.018328413582203
5464    -23.315293428159215  -0.15608026877648776  38.873581244712561
5465    -23.421798704751321  -0.40887399159435861  38.870404171353712
5466    -23.580666112101056  -0.65414527471953154  38.862269092281899
5467    -23.77902260462832  -0.87043195687172814  38.847003830824633
5468    -23.179692543351795  -0.27543673663051921  43.518820617916205
5469    -23.302317517225639  -0.64499392105431552  43.52403467976373
5470    -23.48985965130073  -0.99031935292432027  43.529539288555021
5471    -23.734464856557654  -1.2940848500049853  43.532719463395253
5472    -23.157750547058612  -0.27225039110319194  42.364297342169934
5473    -23.284836770439622  -0.62949880260088065  42.365368647793012
5474    -23.476967382909599  -0.96307168146118161  42.36570724113033
5475    -23.723576517349908  -1.258863425262482  42.364156483546871
5476    -23.107545150143899  -0.26575613534150583  41.211946004179786
5477    -23.237307822846628  -0.61304135409980609  41.210353750932633
5478    -23.43239478819125  -0.93787472403680738  41.205777615094725
5479    -23.680167885201357  -1.2239042595771645  41.196750853826188
5480    -23.03059204629831  -0.25958819371150982  40.061194479448638
5481    -23.162233334287038  -0.5981048521916893  40.056868526300022
5482    -23.359478818470592  -0.91539334566665875  40.047307520255657
5483    -23.608053226216068  -1.1922036877011934  40.030772873015088
5484    -22.928406929212404  -0.25738079057925339  38.911470643479355
5485    -23.062115964601194  -0.58717257351712748  38.902791511012587
5486    -23.261556425072552  -0.8962924113661952  38.887854066420495
5487    -23.511046806498165  -1.1667580443867298  38.866492839895422
5488    -22.788980811653591  -0.36232156372292906  43.520183140220453
5489    -22.934002279662018  -0.80211847252094381  43.520748030011539
5490    -23.156601962437779  -1.2118458921732722  43.521660322746044
5491    -23.448295297088023  -1.5733880540142686  43.52288567149661
5492    -22.767512892034372  -0.36138752134502972  42.375029985847057
5493    -22.917736127772177  -0.78997660097161526  42.371150408482514
5494    -23.14577546962736  -1.1879099474932591  42.366382918204962
5495    -23.440100057528536  -1.5409366468021761  42.362153714598577
5496    -22.71835446334503  -0.35985286772805025  41.232000984256182
5497    -22.872933027606717  -0.78077758055913327  41.225371939723466
5498    -23.105851058955821  -1.1697568235749152  41.21513728739361
5499    -23.402742331063276  -1.5117735313958216  41.202102777953876
5500    -22.642644113462968  -0.35864249927328234  40.090357286153875
5501    -22.800772289666156  -0.77308717685729511  40.080889221273452
5502    -23.037763293926833  -1.1542966479156469  40.065097853711755
5503    -23.33685501543038  -1.4858416967705563  40.043217332447952
5504    -22.541520430265592  -0.35868131238201928  38.94936004224617
5505    -22.702433224451067  -0.76547115543989641  38.935178850671463
5506    -22.942446738044051  -1.1384395480128588  38.913439040559098
5507    -23.243071008368023  -1.4630841319017307  38.885981848966225
5508    -24.491403076041045  -0.89151118884357183  43.560713292484287
5509    -24.702467813814806  -1.0158694719683472  43.578207756398093
5510    -24.920095905863455  -1.0993629153773439  43.595738142393003
5511    -25.124385069232222  -1.1328011430871623  43.604172153928076
5512    -24.473124889651057  -0.84379504472488376  42.372255640948474
5513    -24.681749903324128  -0.95786391445755958  42.383156295043996
5514    -24.898858873629894  -1.0320309677237058  42.39377282625744
5515    -25.106906196186337  -1.0614035808659086  42.397014077116282
5516    -24.414893494416148  -0.78966185772159836  41.184920207524115
5517    -24.621862677051126  -0.89807446440592198  41.190315470213164
5518    -24.841541141505985  -0.96870390577206478  41.194722511101169
5519    -25.059543487904151  -0.99685055159927172  41.190631047651294
5520    -24.327578214484134  -0.73937549786665069  39.999432866118006
5521    -24.532836604532189  -0.84330577752407077  39.999094218048064
5522    -24.755029601587278  -0.91157154301165855  39.997063249258041
5523    -24.982961989304965  -0.93902582880634622  39.98553519906644
5524    -24.222048374002828  -0.70319983519297735  38.816519490636963
5525    -24.424702155303653  -0.8003625095226431  38.808901474691069
5526    -24.646211145969311  -0.86282369293172634  38.799271093061911
5527    -24.877826745308088  -0.88781318600622894  38.782238664895132
5528    -24.261707499035222  -1.2195628028351309  43.548607565904831
5529    -24.53692770695449  -1.3809485219334068  43.560850632690105
5530    -24.82717282630696  -1.4885261596650441  43.573169160128579
5531    -25.113320643614497  -1.5318830724045602  43.579449852699156
5532    -24.246551192984306  -1.1739096324439751  42.366885156600169
5533    -24.519421328339369  -1.3241869339132819  42.371094920660603
5534    -24.808314480725073  -1.4217272708770332  42.375004727989705
5535    -25.095881747629985  -1.4606358060815572  42.374830761900718
5536    -24.195296959320377  -1.1240327136214106  41.185552022676788
5537    -24.46667096142701  -1.2668865141110508  41.183417823752499
5538    -24.756263812878647  -1.3593598071895188  41.180157749850906
5539    -25.048623880894528  -1.3962160108189079  41.170933217897208
5540    -24.115116614778334  -1.0779770223276  40.005837324391237
5541    -24.384898461617464  -1.214585027358106  39.997202146188563
5542    -24.675094990115944  -1.3031689820718231  39.98661517476252
5543    -24.972204212870473  -1.3385081748172285  39.968268705901465
5544    -24.013181976093055  -1.043787534522709  38.828970222000009
5545    -24.280325684310728  -1.1728202384858413  38.811830692191378
5546    -24.56888217978517  -1.2549000089932685  38.792363951774817
5547    -24.867279913020166  -1.2873967862771343  38.767348711126424
5548    -24.032011922029398  -1.5476144168266901  43.536501839325389
5549    -24.371387600094167  -1.7460275718984661  43.543493508982124
5550    -24.734249746750468  -1.8776894039527445  43.550600177864162
5551    -25.102256217996768  -1.9309650017219584  43.554727551470251
5552    -24.019977496317551  -1.504024220163066  42.361514672251836
5553    -24.357092753354596  -1.6905099533690038  42.35903354627721
5554    -24.717770087820238  -1.8114235740303601  42.35623662972197
5555    -25.084857299073615  -1.8598680312972047  42.352647446685154
5556    -23.975700424224613  -1.4584035695212221  41.186183837829482
5557    -24.311479245802886  -1.6356985638161792  41.17652017729187
5558    -24.670986484251316  -1.7500157086069741  41.16559298860065
5559    -25.037704273884895  -1.7955814700385442  41.151235388143135
5560    -23.902655015072533  -1.4165785467885494  40.012241782664468
5561    -24.236960318702739  -1.5858642771921412  39.995310074329055
5562    -24.595160378644604  -1.6947664211319882  39.97616710026697
5563    -24.961446436435981  -1.7379905208281108  39.951002212736519
5564    -23.804315578183285  -1.3843752338524407  38.84142095336307
5565    -24.135949213317801  -1.5452779674490384  38.814759909691688
5566    -24.491553213601037  -1.64697632505481  38.785456810487737
5567    -24.856733080732241  -1.6869803865480397  38.752458757357715
5568    -23.80231634502357  -1.8756660308182493  43.52439611274594
5569    -24.205847493233851  -2.1111066218635255  43.526136385274135
5570    -24.641326667193976  -2.266852648240445  43.528031195599738
5571    -25.091191792379043  -2.3300469310393557  43.530005250241331
5572    -23.793403799650793  -1.8341388078821577  42.356144187903531
5573    -24.194764178369837  -2.0568329728247257  42.346972171893832
5574    -24.62722569491542  -2.2011198771836877  42.337468531454235
5575    -25.073832850517263  -2.2591002565128511  42.330464131469583
5576    -23.756103889128831  -1.7927744254210343  41.186815652982155
5577    -24.156287530178769  -2.0045106135213078  41.169622530831191
5578    -24.585709155623977  -2.1406716100244276  41.15102822735038
5579    -25.026784666875265  -2.1949469292581814  41.131537558389041
5580    -23.690193415366728  -1.7551800712494987  40.018646240937706
5581    -24.08902217578801  -1.9571435270261768  39.993418002469539
5582    -24.515225767173273  -2.0863638601921517  39.965719025771463
5583    -24.950688660001486  -2.137472866838992  39.933735719571537
5584    -23.595449180273508  -1.7249629331821723  38.853871684726123
5585    -23.991572742324877  -1.917735696412237  38.81768912719199
5586    -24.414224247416911  -2.0390526411163519  38.778549669200643
5587    -24.846186248444322  -2.0865639868189452  38.737568803589014
5588    -25.317963762801035  -1.1168750039235464  43.599294669792691
5589    -25.507572447329981  -1.0625343723201286  43.587525085461735
5590    -25.679476842684458  -0.97597741070533861  43.575682879422644
5591    -25.819942668729894  -0.8634022815076059  43.570587530162797
5592    -25.30498148632287  -1.0485185401976171  42.388048189542843
5593    -25.495867009888009  -1.0010401664613713  42.371823327317813
5594    -25.667556138278272  -0.92176713764339446  42.355918365756317
5595    -25.808042242890242  -0.8134981317299087  42.347912180173431
5596    -25.268196199243288  -0.9844245298916765  41.175441838124584
5597    -25.463397567945989  -0.93833404845937596  41.155511928875583
5598    -25.636119908272935  -0.86137659679055434  41.1367654695078
5599    -25.777335534484855  -0.75634966437339646  41.125126609624694
5600    -25.202150609209841  -0.92656267334303755  39.964029988440068
5601    -25.401576495249053  -0.88076854823857975  39.940191138044931
5602    -25.575240719711609  -0.8050351377428111  39.918399286748723
5603    -25.717144354886656  -0.70275412610557064  39.903035073418927
5604    -25.101387423870122  -0.87690267088901286  38.756367013391404
5605    -25.301816165542341  -0.83469619572342046  38.727461202735739
5606    -25.47499113963751  -0.76297211009615795  38.700994913550623
5607    -25.616790515468541  -0.66350876359393374  38.682441826458465
5608    -25.390528543785585  -1.510527931961295  43.576853694742496
5609    -25.657586529731361  -1.4346864916634285  43.569634619918709
5610    -25.900821314977563  -1.3100217301637336  43.562318756686089
5611    -26.10655961304996  -1.142196626114981  43.559432233502811
5612    -25.375205916762294  -1.4424458599807501  42.366397541801248
5613    -25.642586043620145  -1.3740401940678824  42.352135122098495
5614    -25.88549762737685  -1.2575481326483318  42.338167988605335
5615    -26.091416167205818  -1.0950990000274765  42.330620627134472
5616    -25.33328408436261  -1.3788320647731507  41.1541215751203
5617    -25.602869454993346  -1.3132387620108876  41.134182647564707
5618    -25.84656652923951  -1.2011803002712638  41.11540157037917
5619    -26.053561843553936  -1.0444008772934239  41.102063478712395
5620    -25.262130212144143  -1.3214404615917186  39.943035515418217
5621    -25.533766301781405  -1.2575820340635011  39.917325204946003
5622    -25.778094341750656  -1.1488796840872437  39.893635309004388
5623    -25.986096192020415  -0.99728020351761737  39.874463362112692
5624    -25.159111465664555  -1.2720249656896803  38.736149083413444
5625    -25.430606121914796  -1.2123698487967787  38.703110802871031
5626    -25.674147386095477  -1.108607735150984  38.672485011477612
5627    -25.882118762531299  -0.96091492430485415  38.648522851211403
5628    -25.463093324770131  -1.9041808599990437  43.554412719692287
5629    -25.807600612132738  -1.8068386110067292  43.551744154375683
5630    -26.122165787270664  -1.6440660496221287  43.548954633949528
5631    -26.393176557370023  -1.4209909707223563  43.548276936842825
5632    -25.445430347201714  -1.8363731797638845  42.344746894059625
5633    -25.789305077352275  -1.7470402216743941  42.332446916879178
5634    -26.103439116475428  -1.5933291276532691  42.32041761145431
5635    -26.37479009152138  -1.3766998683250447  42.313329074095492
5636    -25.398371969481925  -1.7732395996546244  41.132801312116037
5637    -25.742341342040692  -1.6881434755624001  41.11285336625383
5638    -26.057013150206078  -1.540984003751974  41.094037671250554
5639    -26.32978815262301  -1.3324520902134513  41.079000347800125
5640    -25.322109815078445  -1.7163182498404006  39.922041042396351
5641    -25.665956108313761  -1.6343955198884224  39.894459271847047
5642    -25.980947963789699  -1.4927242304316759  39.868871331260046
5643    -26.255048029154178  -1.2918062809296642  39.845891650806479
5644    -25.216835507458981  -1.6671472604903481  38.715931153435463
5645    -25.559396078287257  -1.5900435018701371  38.678760403006329
5646    -25.873303632553444  -1.4542433602058087  38.643975109404586
5647    -26.147447009594057  -1.2583210850157744  38.614603875964335
5648    -25.535658105754681  -2.2978337880367925  43.531971744642092
5649    -25.957614694534115  -2.1789907303500295  43.533853688832664
5650    -26.343510259563768  -1.9781103690805235  43.535590511212966
5651    -26.679793501690089  -1.6997853153297311  43.537121640182839
5652    -25.515654777641139  -2.2303004995470177  42.323096246318038
5653    -25.9360241110844  -2.1200402492809052  42.312758711659875
5654    -26.321380605574006  -1.9291101226582066  42.302667234303343
5655    -26.658164015836956  -1.6583007366226128  42.296037521056526
5656    -25.463459854601247  -2.1676471345360979  41.111481049111752
5657    -25.881813229088046  -2.0630481891139123  41.091524084942954
5658    -26.267459771172653  -1.8807877072326833  41.072673772121917
5659    -26.606014461692105  -1.6205033031334788  41.055937216887827
5660    -25.38208941801275  -2.1111960380890809  39.9010465693745
5661    -25.798145914846113  -2.0112090057133436  39.871593338748134
5662    -26.183801585828746  -1.8365687767761081  39.844107353515703
5663    -26.523999866287927  -1.5863323583417115  39.817319939500237
5664    -25.274559549253425  -2.062269555291016  38.695713223457496
5665    -25.688186034659715  -1.9677171549434957  38.654410003141649
5666    -26.072459879011408  -1.7998789852606349  38.615465207331567
5667    -26.412775256656815  -1.5557272457266953  38.580684900717273
5668    -25.927917507628369  -0.71936917625787888  43.562938035374906
5669    -26.008597270293194  -0.54118139603156923  43.545393417184691
5670    -26.057620169716596  -0.33915176757380072  43.527713190728967
5671    -26.070624418890819  -0.12359311762969788  43.519656871144583
5672    -25.918796497042926  -0.67415468622113806  42.338385135842636
5673    -26.004726028860915  -0.5056256204593369  42.319412605420112
5674    -26.058978141949069  -0.31666053519377307  42.300815975294888
5675    -26.07470013991226  -0.11600903117371471  42.292416631856014
5676    -25.889043114764124  -0.62019318115612121  41.112328185563491
5677    -25.97516708636719  -0.45722665111130167  41.092104552610671
5678    -26.029568417165887  -0.28131692476365089  41.073382138793292
5679    -26.04610807503208  -0.1063308526378824  41.065087372138514
5680    -25.829417080791124  -0.56926079217407488  39.886933723316304
5681    -25.914881495076198  -0.41070440923366186  39.86538958594889
5682    -25.968578046482385  -0.24669765319134873  39.846471986555066
5683    -25.985547183750207  -0.096853199954154034  39.838250250373342
5684    -25.730678115123066  -0.53313365038624627  38.664368287879867
5685    -25.818830307252153  -0.38077881607261588  38.641188032627291
5686    -25.87519408101392  -0.22637943738478156  38.621145823911142
5687    -25.893716425566527  -0.089870691054482754  38.612486424941793
5688    -26.267667106294063  -0.93130765244064784  43.55474536630436
5689    -26.384066745942103  -0.6814769918751522  43.543347537946424
5690    -26.45267114884987  -0.40440618778767889  43.531743477267554
5691    -26.470392931873185  -0.11179678354741283  43.526437913106285
5692    -26.255868145557358  -0.88993363313012175  42.322752357564887
5693    -26.378632991346628  -0.6501844032434243  42.308421578639795
5694    -26.453565623444071  -0.38531793621629351  42.294651394468453
5695    -26.474520960720184  -0.10480085789763814  42.288464909159998
5696    -26.220161682887657  -0.84466375624557277  41.088893458781705
5697    -26.345467968428366  -0.61133355792056698  41.071844325290769
5698    -26.422860690983821  -0.35755651649452497  41.057042806117757
5699    -26.445719841361839  -0.096478866143565545  41.050615629140907
5700    -26.154434376555777  -0.80244409793369198  39.855953432395985
5701    -26.281381167130711  -0.57437302432210535  39.836101993604338
5702    -26.360333045426994  -0.33052550164887967  39.820185188694857
5703    -26.384686493126395  -0.088360048880037706  39.813479160624645
5704    -26.052572884832479  -0.77022073434117155  38.626717040848817
5705    -26.183182077397085  -0.54875137086356529  38.603680799285549
5706    -26.265759380731456  -0.31362846470586425  38.585346018679118
5707    -26.292117835342012  -0.081973646701897135  38.577644591186953
5708    -26.607416704959761  -1.1432461286234168  43.5465526972338
5709    -26.759536221591013  -0.82177258771873529  43.541301658708157
5710    -26.847722127983143  -0.46966060800155707  43.53577376380612
5711    -26.870161444855544  -0.10000044946512773  43.533218955067987
5712    -26.592939794071807  -1.1057125800391052  42.307119579287104
5713    -26.752539953832333  -0.79474318602751171  42.297430551859485
5714    -26.848153104939062  -0.45397533723881384  42.288486813641974
5715    -26.874341781528091  -0.093592684621561617  42.28451318646399
5716    -26.5512802510112  -1.0691343313350243  41.06545873199989
5717    -26.715768850489543  -0.7654404647298324  41.05158409797086
5718    -26.816152964801752  -0.4337961082253991  41.040703473442214
5719    -26.845331607691591  -0.086626879649248784  41.0361438861433
5720    -26.479451672320408  -1.0356274036933089  39.824973141475638
5721    -26.647880839185227  -0.7380416394105489  39.8068144012598
5722    -26.752088044371597  -0.41435335010641056  39.793898390834634
5723    -26.783825802502559  -0.079866897805921294  39.788708070875991
5724    -26.374467654541885  -1.0073078182960966  38.589065793817767
5725    -26.54753384754201  -0.71672392565451482  38.566173565943807
5726    -26.656324680448996  -0.40087749202694689  38.54954621344708
5727    -26.690519245117493  -0.074076602349311502  38.542802757432128
5728    -26.947166303625455  -1.3551846048061855  43.538360028163254
5729    -27.135005697239919  -0.96206818356231838  43.53925577946989
5730    -27.242773107116417  -0.53491502821543535  43.539804050344713
5731    -27.26992995783791  -0.088204115382842785  43.539999997029689
5732    -26.930011442586245  -1.3214915269480882  42.291486801009349
5733    -27.126446916318042  -0.93930196881159911  42.286439525079167
5734    -27.242740586434063  -0.52263273826133427  42.282322232815545
5735    -27.27416260233602  -0.082384511345485023  42.280561463767974
5736    -26.882398819134739  -1.2936049064244755  41.04202400521811
5737    -27.086069732550719  -0.91954737153909771  41.031323870650958
5738    -27.20944523861969  -0.51003569995627318  41.024364140766686
5739    -27.244943374021354  -0.076774893154931939  41.0216721431457
5740    -26.804468968085057  -1.2688107094529255  39.793992850555313
5741    -27.014380511239736  -0.90171025449899256  39.777526808915248
5742    -27.143843043316199  -0.49818119856394161  39.767611592974418
5743    -27.182965111878747  -0.071373746731805049  39.76393698112728
5744    -26.696362424251294  -1.244394902251021  38.551414546786695
5745    -26.911885617686941  -0.88469648044546401  38.528666332602079
5746    -27.046889980166533  -0.48812651934802953  38.513746408215049
5747    -27.088920654892977  -0.066179557996725813  38.507960923677295
5748    -26.038788113316965  0.10219906331223814  43.525624770054073
5749    -25.960665508213324  0.33127065372338338  43.538672869154226
5750    -25.842959056147933  0.54782088029843012  43.551544188693384
5751    -25.692371209688844  0.73604896973207046  43.556981748919839
5752    -26.042040380876387  0.09440212642291454  42.298653500245905
5753    -25.961381069920183  0.30915423940157571  42.312588236144457
5754    -25.841220281077714  0.51425980748807842  42.326976321747132
5755    -25.69005608838307  0.6957313304082321  42.334573239249274
5756    -26.014760397251699  0.0778606842474137  41.070986657698555
5757    -25.935392426938048  0.27787093430096155  41.084827500042884
5758    -25.816704190704193  0.47455924113901909  41.10050797647451
5759    -25.667395715163241  0.64878494837784406  41.111926164296428
5760    -25.95582162953697  0.06164855838633921  39.843820730599951
5761    -25.878427092951501  0.24808259828114071  39.857586989882073
5762    -25.761893502411908  0.43751929663712008  39.874579167634714
5763    -25.61475078633628  0.60502903036114675  39.889827403272811
5764    -25.864097544826265  0.054839570440294749  38.618352207137953
5765    -25.78621258164512  0.23045109120171281  38.633063034694636
5766    -25.669270933585352  0.41194008936824883  38.651629909986902
5767    -25.522481998209123  0.57428278307838043  38.669063835389835
5768    -26.429427511689259  0.18930447793053473  43.53035507429616
5769    -26.32891472450429  0.48859669798508393  43.538865107269771
5770    -26.176183816467585  0.76949709962809876  43.547141617264323
5771    -25.978564033728464  1.015422905871443  43.550358209516993
5772    -26.432362016313657  0.18378351863172973  42.293158111834678
5773    -26.328414414702081  0.46977719960025938  42.303795361452181
5774    -26.172226991764191  0.73910153812293522  42.315052316881044
5775    -25.973348583378769  0.97767788731474137  42.321604636989747
5776    -26.404096239702771  0.17223191442201286  41.055283680604425
5777    -26.299546457634328  0.44582862143208779  41.066789433387555
5778    -26.142709113195522  0.70654543312080675  41.080791995320951
5779    -25.944222824425392  0.93661652772231552  41.092950474235224
5780    -26.34392801842867  0.16101072825968341  39.818135644691161
5781    -26.239501581173943  0.42338436489475467  39.830539785030929
5782    -26.082739840504811  0.67666755333296702  39.847317837859855
5783    -25.884975455563854  0.89876698588211079  39.865096059393807
5784    -26.251155189063436  0.15648102310304063  38.583117868180544
5785    -26.145470513193839  0.40907783140244458  38.597738878337267
5786    -25.987428833435271  0.65430666747067023  38.617587029773524
5787    -25.789395175489716  0.87065742058207285  38.638741730605815
5788    -26.820066910061552  0.2764098925488313  43.535085378538255
5789    -26.69716394079526  0.64592274224678448  43.539057345385309
5790    -26.509408576787244  0.99117331895776739  43.542739045835255
5791    -26.264756857768081  1.2947968420108154  43.543734670114162
5792    -26.822683651750939  0.27316491084054489  42.287662723423466
5793    -26.695447759483976  0.63040015979894293  42.295002486759898
5794    -26.503233702450679  0.96394326875779168  42.303128312014962
5795    -26.256641078374479  1.2596244442212505  42.30863603473027
5796    -26.793432082153842  0.26660314459661205  41.039580703510318
5797    -26.663700488330615  0.61378630856321403  41.048751366732233
5798    -26.468714035686865  0.93853162510259391  41.061076014167369
5799    -26.221049933687546  1.224448107066787  41.073974784174041
5800    -26.73203440732037  0.26037289813302772  39.792450558782377
5801    -26.600576069396396  0.59868613150836858  39.803492580179743
5802    -26.403586178597735  0.91581581002881363  39.820056508084967
5803    -26.155200124791428  1.1925049414030751  39.840364715514809
5804    -26.638212833300621  0.25812247576578662  38.547883529223178
5805    -26.504728444742565  0.58770457160317635  38.562414721979906
5806    -26.3055867332852  0.89667324557309147  38.583544149560169
5807    -26.056308352770309  1.1670320580857652  38.608419625821831
5808    -27.210706308433849  0.36351530716712799  43.539815682780343
5809    -27.065413157086226  0.80324878650848497  43.539249583500855
5810    -26.842633337106893  1.2128495382874358  43.538336474406201
5811    -26.550949681807701  1.5741707781501879  43.537111130711324
5812    -27.21300528718821  0.3625463030493602  42.282167335012254
5813    -27.062481104265874  0.79102311999762631  42.286209612067623
5814    -26.834240413137152  1.1887849993926487  42.291204307148881
5815    -26.539933573370185  1.5415710011277604  42.295667432470772
5816    -27.182767924604907  0.3609743747712113  41.023877726416188
5817    -27.027854519026889  0.7817439956943405  41.030713300076918
5818    -26.79471895817818  1.1705178170843815  41.041360033013817
5819    -26.497877042949689  1.512279686411258  41.054999094112844
5820    -27.120140796212073  0.35973506800637184  39.76676547287358
5821    -26.961650557618846  0.77398789812198276  39.776445375328613
5822    -26.72443251669063  1.154964066724661  39.792795178310101
5823    -26.425424794018994  1.4862428969240393  39.815633371635805
5824    -27.025270477537799  0.3597639284285325  38.512649190265776
5825    -26.863986376291283  0.76633131180390812  38.527090565622537
5826    -26.623744633135114  1.1390398236755126  38.549501269346798
5827    -26.323221530050898  1.4634066955894585  38.578097521037819
5828    -25.50791340252502  0.89197005651632377  43.564042127702493
5829    -25.297230313151172  1.0160970263879854  43.580398551581759
5830    -25.079974261343938  1.0993757329089113  43.596719013813292
5831    -25.507788622434045  0.84468129820141258  42.344946592484867
5832    -25.300007895290573  0.95842357838219761  42.365728294766932
5833    -25.08374680317991  1.0322727368891997  42.386770292509397
5834    -25.488203784173532  0.7902764173374407  41.126534117368905
5835    -25.282973179367712  0.89850389868120428  41.150332755425964
5836    -25.065065924020313  0.96893957004048015  41.175043454581335
5837    -25.438629779550663  0.73960588042722109  39.908717796042303
5838    -25.235939153421025  0.84351509880209963  39.935638617566745
5839    -25.016375591175429  0.91173381888178606  39.964123265827389
5840    -25.348537500372654  0.70352015397356793  38.691410722192799
5841    -25.148718805488972  0.80063429026197941  38.72307256519715
5842    -24.930119771955514  0.86301306993215099  38.756594492045878
5843    -25.737694565464544  1.2200262940018851  43.554562113441534
5844    -25.462919451747876  1.3811553397181471  43.564887128931431
5845    -25.17312521506938  1.4885211136500223  43.575136716943653
5846    -25.734197430609328  1.1746217741747136  42.330712788441666
5847    -25.462109681229752  1.3246088099506619  42.347947800181359
5848    -25.174011031184374  1.4219004741307324  42.365451174499341
5849    -25.707129269912677  1.1245285839854868  41.108179168635708
5850    -25.437163791246231  1.2672051567288567  41.130344808579281
5851    -25.149005500965231  1.3595357382910667  41.153535149224268
5852    -25.64996380433157  1.0781859511366259  39.88645133428615
5853    -25.38217406743043  1.2147372879413363  39.913560885028929
5854    -25.094009607965987  1.303292013979606  39.942451474596226
5855    -25.556174754823054  1.0440331033305532  38.665019365655553
5856    -25.2912327954155  1.1729981114767063  38.699078760434062
5857    -25.004924335740675  1.2550344090449284  38.735262984093104
5858    -25.967475728404068  1.5480825314874462  43.545082099180561
5859    -25.628608590344584  1.7462136530483088  43.54937570628109
5860    -25.266276168794821  1.8776664943911336  43.553554420074015
5861    -25.960606238784614  1.5045622501480143  42.316478984398458
5862    -25.624211467168937  1.6907940415191263  42.330167305595786
5863    -25.264275259188835  1.8115282113722646  42.3441320564893
5864    -25.926054755651819  1.4587807506335329  41.089824219902496
5865    -25.591354403124754  1.635906414776509  41.110356861732591
5866    -25.232945077910145  1.7501319065416545  41.13202684386718
5867    -25.861297829112498  1.4167660218460301  39.864184872529975
5868    -25.528408981439853  1.5859594770805723  39.891483152491098
5869    -25.171643624756548  1.6948502090774265  39.920779683365048
5870    -25.763812009273455  1.3845460526875373  38.638628009118257
5871    -25.433746785342045  1.5453619326914336  38.675084955670975
5872    -25.079728899525833  1.6470557481577059  38.713931476140324
5873    -26.197256891343596  1.8761387689730076  43.535602084919603
5874    -25.794297728941288  2.1112719663784705  43.533864283630763
5875    -25.359427122520263  2.2668118751322441  43.531972123204376
5876    -26.187015046959893  1.8345027261213154  42.302245180355257
5877    -25.786313253108109  2.0569792730875909  42.312386811010235
5878    -25.354539487193303  2.2011559486137982  42.32281293847926
5879    -26.144980241390975  1.7930329172815789  41.071469271169292
5880    -25.745545015003277  2.0046076728241617  41.090368914885893
5881    -25.316884654855059  2.1407280747922419  41.110518538510114
5882    -26.072631853893416  1.7553460925554349  39.841918410773822
5883    -25.674643895449258  1.9571816662198089  39.869405419953289
5884    -25.249277641547103  2.0864084041752458  39.899107892133891
5885    -25.971449263723859  1.7250590020445222  38.612236652581025
5886    -25.576260775268576  1.9177257539061607  38.651091150907881
5887    -25.15453346331099  2.0390770872704831  38.692599968187551
5888    -24.580980421268453  0.84332764277487526  37.583185794225066
5889    -24.35456216249111  0.83434754324349558  37.60818123035525
5890    -24.152427492104028  0.79647992401952361  37.629271056483084
5891    -23.978404376908379  0.72938902692119556  37.647132023332595
5892    -23.836320783705325  0.63273909376674786  37.662440881627781
5893    -24.435890051261854  0.804937695988166  36.384398754679616
5894    -24.203947514503337  0.79615871863518428  36.418313167420806
5895    -23.999636254516989  0.75928269050433017  36.446532505820635
5896    -23.825147069308866  0.69366444136542171  36.470184045581206
5897    -23.682670756885027  0.59865880098827828  36.490395062404602
5898    -24.263396238749149  0.77281326215986323  35.189333560126578
5899    -24.02600413490563  0.76379106161634136  35.232218245591945
5900    -23.819680649291584  0.72692906476694008  35.267679947712814
5901    -23.644889758042545  0.6618059037757863  35.297234911833478
5902    -23.502095437294098  0.56800021080700902  35.322399383298269
5903    -24.062332074329539  0.74689307283733763  33.999163258947043
5904    -23.823112872428148  0.73829423585901011  34.048243947899934
5905    -23.617304690159191  0.70261323989878188  34.091658568478714
5906    -23.443806611158347  0.6388897420087577  34.128557842256861
5907    -23.301517719061287  0.54616339924104151  34.158092490807888
5908    -24.588430124264107  1.242989487419534  37.568592511270936
5909    -24.295576712998191  1.2296758262624907  37.601950326925042
5910    -24.023604898718791  1.1747648248099911  37.63303624693544
5911    -23.779889467300652  1.0761980531583295  37.660930025872361
5912    -23.571805204618542  0.93191708140380147  37.684711418305973
5913    -24.442444184273139  1.2046843587582847  36.371904991210798
5914    -24.147413655727945  1.191702697898277  36.415252499492709
5915    -23.874779309593773  1.1384885875315744  36.454160272520447
5916    -23.631070127203461  1.0425303526729341  36.488718707760249
5917    -23.422815089889866  0.90131631833711412  36.519018202678268
5918    -24.269085792273899  1.1726334142243726  35.178863571071417
5919    -23.971968945148753  1.1595375009257107  35.232231890142138
5920    -23.698871824298315  1.1070385256262862  35.279029976141572
5921    -23.455368648074344  1.0127070715421471  35.320321527638569
5922    -23.247033634828576  0.87411372188934466  35.357170243202013
5923    -24.06779414624107  1.1467614939663058  33.990479276320428
5924    -23.770455461384547  1.1341519711364807  34.050930169319408
5925    -23.498746263961323  1.0831623687013683  34.106875613068397
5926    -23.256935002474819  0.99075467189391675  34.15678852380838
5927    -23.049290125428506  0.85389086594707508  34.199141817780351
5928    -24.595879827259761  1.6426513320641933  37.553999228316812
5929    -24.236591263505282  1.6250041092814866  37.595719423494842
5930    -23.894782305333539  1.5530497256004585  37.636801437387803
5931    -23.581374557692914  1.4230070793954639  37.674728028412098
5932    -23.307289625531777  1.2310950690408555  37.70698195498418
5933    -24.448998317284417  1.6044310215284034  36.359411227741987
5934    -24.090879796952546  1.5872466771613702  36.412191831564584
5935    -23.749922364670553  1.5176944845588189  36.461788039220281
5936    -23.436993185098046  1.3913962639804462  36.507253369939306
5937    -23.162959422894698  1.20397383568595  36.547641342951948
5938    -24.274775345798652  1.5724535662888821  35.16839358201625
5939    -23.917933755391868  1.5552839402350811  35.232245534692318
5940    -23.578062999305061  1.4871479864856325  35.290380004570316
5941    -23.265847538106129  1.3636082393085074  35.343408143443639
5942    -22.99197183236307  1.1802272329716801  35.391941103105779
5943    -24.073256218152608  1.546629915095274  33.981795293693814
5944    -23.71779805034096  1.5300097064139522  34.053616390738888
5945    -23.380187837763451  1.4637114975039549  34.122092657658087
5946    -23.070063393791308  1.3426196017790755  34.185019205359893
5947    -22.797062531795731  1.1616183326531087  34.240191144752828
5948    -24.603329530255419  2.0423131767088525  37.539405945362681
5949    -24.177605814012374  2.0203323923004817  37.589488520064627
5950    -23.765959711948302  1.9313346263909263  37.64056662784013
5951    -23.382859648085198  1.7698161056325983  37.688526030951856
5952    -23.042774046444986  1.530273056677909  37.729252491662379
5953    -24.455552450295702  2.0041776842985222  36.346917464273176
5954    -24.03434593817715  1.9827906564244633  36.409131163636495
5955    -23.625065419747326  1.8969003815860639  36.469415805920093
5956    -23.242916242992649  1.7402621752879588  36.525788032118342
5957    -22.903103755899544  1.5066313530347848  36.576264483225621
5958    -24.280464899323402  1.9722737183533916  35.157923592961083
5959    -23.86389856563499  1.9510303795444504  35.232259179242504
5960    -23.457254174311792  1.8672574473449788  35.30173003299906
5961    -23.076326428137936  1.7145094070748685  35.366494759248731
5962    -22.736910029897551  1.4863407440540159  35.426711963009517
5963    -24.078718290064138  1.9464983362242421  33.9731113110672
5964    -23.665140639297363  1.9258674416914225  34.056302612158369
5965    -23.261629411565583  1.8442606263065413  34.137309702247769
5966    -22.883191785107783  1.6944845316642352  34.213249886911392
5967    -22.54483493816295  1.4693457993591417  34.281240471725297
5968    -23.71973788463486  0.50539930793890975  37.671825756506117
5969    -23.625756217990066  0.3589758832865948  37.673952515003649
5970    -23.563512799801813  0.21223860732731575  37.672554520692216
5971    -23.542144646100915  0.083957267578584932  37.671365137143596
5972    -23.565528105724727  0.47267242783225527  36.504425926934445
5973    -23.471433299931583  0.32905429796685554  36.510785306628229
5974    -23.409167230948214  0.18957271757711813  36.512472922408612
5975    -23.38751079021722  0.075995992848081714  36.512488495198305
5976    -23.384804071515241  0.44286567370239571  35.341037426667526
5977    -23.291500409010521  0.30094937005902106  35.351544043770872
5978    -23.230115971668813  0.16762001667393495  35.356231885856445
5979    -23.208582281378966  0.068246330344188172  35.357413604172329
5980    -23.183714071721187  0.42228621341664735  34.179967855199912
5981    -23.089791714985928  0.28305780391199448  34.194874507627425
5982    -23.027829714483318  0.15443925411227832  34.203441016353317
5983    -23.005907135841166  0.062391647402696648  34.206295949640527
5984    -23.398746166709014  0.74482129307400213  37.702215808146555
5985    -23.262572556611758  0.52955863580959694  37.712914075221086
5986    -23.174358380706408  0.30169352587649151  37.718339217975029
5987    -23.145177645372542  0.076790379540589843  37.72002423485371
5988    -23.248877960988544  0.71701398407359629  36.542683569829379
5989    -23.111402619584698  0.50523748630276366  36.558130403749168
5990    -23.02183822063558  0.28364510534572984  36.566635274874713
5991    -22.991633919098426  0.069895121523607814  36.569474753643078
5992    -23.07263404849266  0.69210663439326103  35.38696945741895
5993    -22.934771369607951  0.48272024005853653  35.407105171645568
5994    -22.844771141440802  0.26630453202010979  35.41863008460431
5995    -22.813958907257522  0.063209503412919518  35.422596895017627
5996    -22.874268562073159  0.6737930917336592  34.233024526753681
5997    -22.735323928689034  0.46739835050614531  34.258141391609001
5998    -22.644219704323742  0.25524091806697452  34.273888892253851
5999    -22.61271936802488  0.057855070218587511  34.279663508595924
6000    -23.077754448783157  0.98424327820909452  37.732605859786986
6001    -22.899388895233447  0.70014138833259931  37.751875635438516
6002    -22.785203961611007  0.39114844442566715  37.764123915257805
6003    -22.748210644644157  0.069623491502594809  37.768683332563796
6004    -22.932227816252365  0.96135554031493708  36.580941212724319
6005    -22.751371939237817  0.68142067463867162  36.605475500870114
6006    -22.634509210322936  0.37771749311434172  36.620797627340785
6007    -22.595757047979642  0.063794250199133873  36.626461012087837
6008    -22.760464025470068  0.94134759508412669  35.43290148817038
6009    -22.578042330205381  0.66449111005805184  35.462666299520244
6010    -22.459426311212781  0.36498904736628446  35.481028283352174
6011    -22.419335533136053  0.05817267648165092  35.487780185862903
6012    -22.564823052425123  0.92529997005067066  34.28608119830745
6013    -22.380856142392151  0.6517388971002962  34.321408275590542
6014    -22.260609694164167  0.35604258202167099  34.344336768154378
6015    -22.219531600208605  0.053318493034478345  34.353031067551299
6016    -22.756762730857307  1.2236652633441869  37.762995911427417
6017    -22.536205233855139  0.87072414085560157  37.790837195655953
6018    -22.396049542515602  0.4806033629748433  37.80990861254061
6019    -22.35124364391578  0.062456603464599796  37.817342430273918
6020    -22.615577671516188  1.2056970965562783  36.619198855619267
6021    -22.391341258890932  0.85760386297458002  36.652820597991074
6022    -22.247180200010305  0.47178988088295359  36.674959979806907
6023    -22.199880176860848  0.057693378874659987  36.683447270532632
6024    -22.448294002447476  1.1905885557749925  35.478833518921803
6025    -22.221313290802804  0.84626198005756736  35.518227427394919
6026    -22.074081480984756  0.46367356271245935  35.543426482100031
6027    -22.024712159014609  0.053135849550382364  35.5529634767082
6028    -22.255377542777094  1.1768068483676828  34.339137869861219
6029    -22.026388356095254  0.83607944369444731  34.384675159572119
6030    -21.876999684004595  0.45684424597636736  34.414784644054912
6031    -21.826343832392318  0.048781915850369215  34.426398626506696
6032    -23.572742992513504  -0.051933595814709334  37.671615677663084
6033    -23.65301614740034  -0.21843097845452192  37.670290848800093
6034    -23.77202673589435  -0.3921623964436044  37.664754103992792
6035    -23.918837383128395  -0.54975536588470841  37.652368896679292
6036    -23.417320321346022  -0.044581251395688228  36.511825956059276
6037    -23.496281104134422  -0.20211710235563954  36.507980543006873
6038    -23.613417434313867  -0.37042232188575069  36.498703937393991
6039    -23.757753607615726  -0.52330767184000027  36.48174782057346
6040    -23.237286003611427  -0.037530129305834971  35.355896357664541
6041    -23.314237028353688  -0.18723268460863607  35.34965877946027
6042    -23.428801714270854  -0.35123994170248679  35.336770732079344
6043    -23.570346420027935  -0.49993050672565975  35.315302078041562
6044    -23.034014129317548  -0.035587645134325663  34.203400559009125
6045    -23.109844633308079  -0.17937662844720459  34.193898423305342
6046    -23.22303339564801  -0.33907728319699226  34.177191601781189
6047    -23.363215164172427  -0.48479159004474248  34.152682153688659
6048    -23.186939644735219  -0.15442219769588875  37.717979992733305
6049    -23.294853725748837  -0.39857937252780301  37.710793294903205
6050    -23.4549439740371  -0.63616238698486549  37.697861044428763
6051    -23.653234475223599  -0.84765248309678887  37.678580144375324
6052    -23.032948783599529  -0.14969813505413074  36.566601868211819
6053    -23.140597745961124  -0.38627689099776452  36.556771490623071
6054    -23.300013755934749  -0.61836770106580796  36.539462957140934
6055    -23.496629763271812  -0.82449712001677433  36.514155604029511
6056    -22.854503685289203  -0.14527384411029221  35.418942019473327
6057    -22.96117703546151  -0.37539488669491489  35.406570599161164
6058    -23.119208313583222  -0.60311419790320797  35.384988419706609
6059    -23.313826875463  -0.80439235129743181  35.353701266735051
6060    -22.6527871903413  -0.14451508812345182  34.27449559484306
6061    -22.758737864323308  -0.36936169930992557  34.258422461165324
6062    -22.915860502771725  -0.5927548584379162  34.23235102141382
6063    -23.10944421848717  -0.79076466060450545  34.197188189439551
6064    -22.801136296956933  -0.25691079957706825  37.764344307803547
6065    -22.936691304097344  -0.57872776660108405  37.751295741006309
6066    -23.13786121217985  -0.88016237752612658  37.730967984864719
6067    -23.387631567318817  -1.1455496003088692  37.704791392071343
6068    -22.648577245853019  -0.25481501871257323  36.621377780364384
6069    -22.784914387787829  -0.57043667963988942  36.605562438239261
6070    -22.986610077555618  -0.86631308024586484  36.580221976887877
6071    -23.235505918927892  -1.1256865681935486  36.546563387485584
6072    -22.471721366966964  -0.25301755891474947  35.481987681282099
6073    -22.60811704256934  -0.5635570887811937  35.46348241886205
6074    -22.809614912895587  -0.85498845410392932  35.433206107333838
6075    -23.05730733089807  -1.1088541958692035  35.392100455428519
6076    -22.271560251365042  -0.25344253111257792  34.34559063067698
6077    -22.407631095338541  -0.55934677017264656  34.322946499025321
6078    -22.608687609895437  -0.8464324336788398  34.28751044104645
6079    -22.855673272801926  -1.0967377311642681  34.241694225190457
6080    -22.415332949178641  -0.35939940145824767  37.810708622873769
6081    -22.578528882445848  -0.75887616067436503  37.791798187109421
6082    -22.820778450322596  -1.124162368067388  37.764074925300704
6083    -23.122028659414024  -1.4434467175209498  37.731002639767375
6084    -22.264205708106516  -0.35993190237101569  36.67615369251692
6085    -22.42923102961452  -0.75459646828201443  36.654353385855458
6086    -22.673206399176504  -1.1142584594259222  36.620980996634842
6087    -22.974382074583982  -1.4268760163703227  36.578971170941649
6088    -22.088939048644736  -0.36076127371920669  35.545033343090886
6089    -22.255057049677163  -0.75171929086747247  35.520394238562936
6090    -22.500021512207951  -1.1068627103046507  35.481423794961124
6091    -22.800787786333132  -1.413316040440975  35.430499644122008
6092    -21.890333312388787  -0.36236997410170402  34.416685666510901
6093    -22.056524326353774  -0.74933184103536732  34.387470536885296
6094    -22.301514717019145  -1.1001100089197637  34.342669860679095
6095    -22.601902327116665  -1.4027108017240306  34.286200260941357
6096    -24.091675301815933  -0.67433966493122466  37.636954622373537
6097    -24.291460200494999  -0.76469183734617308  37.622033729394509
6098    -24.51129344803541  -0.8209095476467454  37.604524250387826
6099    -24.744276413306942  -0.84309046035013491  37.581344217999188
6100    -23.927529352080885  -0.64311506561211118  36.461229749142895
6101    -24.124972260077509  -0.72980172947329358  36.440401858049633
6102    -24.345088423827793  -0.78360139459375544  36.415717696171065
6103    -24.582883935553951  -0.80474779214370484  36.383630812384546
6104    -23.737028386916084  -0.6154628322186797  35.289646164635712
6105    -23.932059776850092  -0.69958802891578875  35.262836376757235
6106    -24.152389329430083  -0.75207369024583215  35.230902633335759
6107    -24.394965784256232  -0.77268740963765614  35.189874853300921
6108    -23.527590268439905  -0.59731975973397378  34.122505162542737
6109    -23.719544193611654  -0.67794657868544261  34.08816780161812
6110    -23.937989420925891  -0.72750089107605254  34.048130264806105
6111    -24.181838431620971  -0.74681154108270897  34.000852745998017
6112    -23.885369016497918  -1.0161155390652434  37.655062226542256
6113    -24.149604997837532  -1.1378759120368787  37.629372436596356
6114    -24.435886924048084  -1.2133025624588738  37.600837948403914
6115    -24.734159299935154  -1.2427644507784092  37.568785935831315
6116    -23.726188207402505  -0.98734815026434042  36.484085343457096
6117    -23.988159954015767  -1.1044427434121489  36.451713882782826
6118    -24.27357059225109  -1.176565878003661  36.415359251057012
6119    -24.573445711248006  -1.2045025325823382  36.37333947733002
6120    -23.54076311280604  -0.96213408225611141  35.31705947460096
6121    -23.800369183476057  -1.0756688937304983  35.277964127789353
6122    -24.084807092519267  -1.1455945106419325  35.233747137121213
6123    -24.386238844981989  -1.1725086579117545  35.181740413417572
6124    -23.334217296707696  -0.94512204917666742  34.15500452183035
6125    -23.590611316849017  -1.0547025241107755  34.107232268654549
6126    -23.872470332977695  -1.1212930153879959  34.053820883983605
6127    -24.173638399160414  -1.1466804529894967  33.994719821888964
6128    -23.679062731179897  -1.3578914131992619  37.673169830710968
6129    -24.007749795180075  -1.5110599867275853  37.636711143798173
6130    -24.360480400060762  -1.6056955772710026  37.597151646419952
6131    -24.724042186563381  -1.6424384412066826  37.55622765366342
6132    -23.524847062724128  -1.3315812349165697  36.506940937771304
6133    -23.851347647954022  -1.4790837573510043  36.463025907515963
6134    -24.202052760674395  -1.5695303614135663  36.415000805942945
6135    -24.564007486942064  -1.6042572730209714  36.363048142275488
6136    -23.344497838695986  -1.3088053322935431  35.344472784566207
6137    -23.668678590102012  -1.4517497585452079  35.293091878821443
6138    -24.017224855608468  -1.5391153310380328  35.236591640906653
6139    -24.377511905707724  -1.5723299061858529  35.173605973534222
6140    -23.140844324975504  -1.2929243386193607  34.187503881117976
6141    -23.461678440086381  -1.4314584695361079  34.126296735690978
6142    -23.806951245029495  -1.5150851396999379  34.059511503161083
6143    -24.165438366699853  -1.5465493648962838  33.988586897779925
6144    -23.472756445861879  -1.6996672873332803  37.691277434879687
6145    -23.865894592522608  -1.8842440614182905  37.644049850999998
6146    -24.285073876073437  -1.9980885920831315  37.593465344436034
6147    -24.713925073191607  -2.0421124316349566  37.54366937149554
6148    -23.32350591804575  -1.6758143195687991  36.529796532085477
6149    -23.714535341892276  -1.8537247712898595  36.474337932249149
6150    -24.130534929097692  -1.9624948448234718  36.4146423608289
6151    -24.554569262636118  -2.0040120134596053  36.352756807220963
6152    -23.148232564585946  -1.6554765823309745  35.37188609453144
6153    -23.536987996727973  -1.827830623359918  35.308219629853546
6154    -23.949642618697656  -1.9326361514341328  35.2394361446921
6155    -24.368784966433481  -1.972151154459951  35.165471533650873
6156    -22.947471353243291  -1.6407266280620545  34.220003240405596
6157    -23.332745563323741  -1.8082144149614408  34.145361202727415
6158    -23.741432157081302  -1.9088772640118812  34.065202122338597
6159    -24.157238334239295  -1.9464182768030716  33.982453973670872
6160    -24.969928068488954  -0.83399375497111417  37.550459726286014
6161    -25.170439005153661  -0.79602803588251214  37.516180101614268
6162    -25.342918021260136  -0.7287651048886068  37.484938225092279
6163    -25.484473914767538  -0.63177676379367675  37.463166977828422
6164    -24.814011755053766  -0.79580645192830146  36.344940066260278
6165    -25.016630755360815  -0.75873336043617956  36.305926437662158
6166    -25.189505898551072  -0.69284793386276133  36.271266655908107
6167    -25.331402146700491  -0.59746958840346909  36.245637450316025
6168    -24.631507871295938  -0.76344240294405574  35.143300094959656
6169    -24.836098762334021  -0.7262520694364224  35.099381395262284
6170    -25.00923385969671  -0.6607342776714995  35.061132641103256
6171    -25.15140856571028  -0.56650689620603123  35.031567719377122
6172    -24.420285804946911  -0.73800324920185922  33.949031874029728
6173    -24.624550372243462  -0.70202406293524089  33.899226158797511
6174    -24.796580992883452  -0.63793781696770036  33.855688615782888
6175    -24.938326526239724  -0.54480834598408268  33.822672260467414
6176    -25.026503898880687  -1.2292539707628922  37.531255821877579
6177    -25.297258899993857  -1.1741309797220771  37.490702483026105
6178    -25.539753416671168  -1.0753156334166618  37.453076273369717
6179    -25.747316562309184  -0.93072808760734582  37.424327547001347
6180    -24.867932084036745  -1.1912946597084637  36.326555144086541
6181    -25.139288602206221  -1.1377991928857007  36.279748947922513
6182    -25.381709032734037  -1.0415235820725841  36.237002089055153
6183    -25.589387142597715  -0.89997527722765036  36.202395767701667
6184    -24.682785964121283  -1.159149131581497  35.125665576515182
6185    -24.954565738863344  -1.1062818156611309  35.072526697426518
6186    -25.196733822757871  -1.0115465670246582  35.024579363736031
6187    -25.40444586935461  -0.87258324254608133  34.984079163028319
6188    -24.470455482122905  -1.1338194854370958  33.932205645638426
6189    -24.740960820276602  -1.0824861754218491  33.871312231404275
6190    -24.981547375216486  -0.98969957417879018  33.816125002614477
6191    -25.188608108537547  -0.85247873294295162  33.770729382697091
6192    -25.083079729272427  -1.6245141865546697  37.51205191746913
6193    -25.424078794834063  -1.5522339235616405  37.465224864437936
6194    -25.736588812082193  -1.4218661619447162  37.421214321647177
6195    -26.010159209850812  -1.229679411421015  37.385488116174251
6196    -24.921852413019728  -1.5867828674886255  36.308170221912825
6197    -25.261946449051649  -1.5168650253352205  36.253571458182897
6198    -25.57391216691699  -1.3901992302824067  36.20273752220222
6199    -25.847372138494929  -1.2024809660518314  36.159154085087309
6200    -24.734064056946622  -1.5548558602189384  35.108031058070715
6201    -25.073032715392667  -1.4863115618858385  35.045671999590745
6202    -25.384233785819028  -1.3623588563778157  34.988026086368805
6203    -25.657483172998933  -1.1786595888861315  34.936590606679523
6204    -24.520625159298888  -1.529635721672332  33.915379417247152
6205    -24.857371268309755  -1.4629482879084565  33.843398304011032
6206    -25.166513757549517  -1.3414613313898798  33.776561389446066
6207    -25.43888969083536  -1.1601491199018203  33.71878650492679
6208    -25.13965555966416  -2.0197744023464481  37.492848013060708
6209    -25.550898689674259  -1.930336867401206  37.439747245849787
6210    -25.933424207493236  -1.7684166904727712  37.389352369924623
6211    -26.273001857392455  -1.528630735234684  37.346648685347169
6212    -24.975772742002714  -1.9822710752687873  36.289785299739094
6213    -25.384604295897066  -1.8959308577847418  36.227393968443259
6214    -25.766115301099958  -1.7388748784922294  36.168472955349259
6215    -26.105357134392147  -1.5049866548760129  36.115912402472944
6216    -24.785342149771967  -1.95056258885638  35.090396539626262
6217    -25.191499691921994  -1.8663413081105471  35.018817301754979
6218    -25.571733748880188  -1.7131711457309742  34.951472809001601
6219    -25.910520476643271  -1.4847359352261811  34.88910205033072
6220    -24.570794836474882  -1.9254519579075684  33.898553188855857
6221    -24.973781716342895  -1.8434104003950642  33.815484376617782
6222    -25.351480139882561  -1.6932230886009694  33.736997776277654
6223    -25.68917127313318  -1.467819506860689  33.666843627156467
6224    -25.600071415423496  -0.50412234749810003  37.44316743544497
6225    -25.691499351023808  -0.3576661004140323  37.418505002519169
6226    -25.751102666599817  -0.21118718861341657  37.397509053591769
6227    -25.771226307182822  -0.0834647781681956  37.388508963203584
6228    -25.447468593879318  -0.47119756825544712  36.222422812352626
6229    -25.538858926619653  -0.32759131154642318  36.196748236685153
6230    -25.598344995690212  -0.18841052536769337  36.175902707432456
6231    -25.618698651859717  -0.075414916810553956  36.167175208713395
6232    -25.267568992274882  -0.44112558333005353  35.005135092606913
6233    -25.358096794453591  -0.29928760146995115  34.978442009098778
6234    -25.416640689317077  -0.16632322538698494  34.957740534421781
6235    -25.436849393935983  -0.067562729842416847  34.949282734145036
6236    -25.055071952394467  -0.42067266339368509  33.794304950211945
6237    -25.146400714939542  -0.28148812218477881  33.766110593733615
6238    -25.205709368512348  -0.15319906641066405  33.744436283548417
6239    -25.226394467750307  -0.061749840124642519  33.73562911217234
6240    -25.919607003187149  -0.74341112207432336  37.39927744361799
6241    -26.053995303274426  -0.5281591254368474  37.37314589918816
6242    -26.140378422502689  -0.30051966671420177  37.352481462211756
6243    -26.168653320803575  -0.076040314925671135  37.343832681188765
6244    -25.762479830283876  -0.71546856040300821  36.172106299622222
6245    -25.8980593279875  -0.50373155172785922  36.143340864774821
6246    -25.985692403248681  -0.28239245827637638  36.121726959673389
6247    -26.014945823607516  -0.069079487122732874  36.112892080831891
6248    -25.577947979185737  -0.69039288946923694  34.948556120464019
6249    -25.713854460246523  -0.48108432184313471  34.917169533663831
6250    -25.801873277281452  -0.26495904674953435  34.894618898902159
6251    -25.831712395035002  -0.06231857127019598  34.885603712453467
6252    -25.362768062955698  -0.67218394941502146  33.73197941774589
6253    -25.499861008761695  -0.46583310788920845  33.697535743473544
6254    -25.589092998912999  -0.25393163949082237  33.672693667736304
6255    -25.619670086367091  -0.056984975345173841  33.662748498390528
6256    -26.239142590950806  -0.98269989665054724  37.355387451791017
6257    -26.416491255525045  -0.69865215045966222  37.327786795857172
6258    -26.529654178405568  -0.38985214481498703  37.307453870831772
6259    -26.566080334424335  -0.068615851683146684  37.299156399173931
6260    -26.077491066688449  -0.95973955255056898  36.121789786891846
6261    -26.257259729355354  -0.67987179190929492  36.089933492864503
6262    -26.37303981080715  -0.37637439118505944  36.067551211914356
6263    -26.411192995355325  -0.062744057434911696  36.058608952950422
6264    -25.888326966096589  -0.93966019560841996  34.891977148321125
6265    -26.069612126039445  -0.66288104221631827  34.855897058228891
6266    -26.187105865245822  -0.36359486811208397  34.831497263382552
6267    -26.226575396134002  -0.05707441269797512  34.821924690761868
6268    -25.670464173516944  -0.92369523543635768  33.669653885279814
6269    -25.853321302583865  -0.6501780935936381  33.628960893213453
6270    -25.972476629313672  -0.35466421257098057  33.600951051924234
6271    -26.012945704983863  -0.052220110565705087  33.589867884608694
6272    -26.558678178714448  -1.2219886712267705  37.311497459964038
6273    -26.778987207775671  -0.86914517548247738  37.282427692526184
6274    -26.918929934308448  -0.47918462291577218  37.262426279451773
6275    -26.963507348045091  -0.061191388440622177  37.254480117159112
6276    -26.392502303093011  -1.20401054469813  36.071473274161434
6277    -26.616460130723205  -0.85601203209073118  36.036526120954186
6278    -26.760387218365615  -0.4703563240937424  36.013375464155288
6279    -26.807440167103117  -0.056408627747090684  36.004325825068904
6280    -26.198705953007455  -1.1889275017476033  34.835398176178224
6281    -26.425369791832374  -0.84467776258950189  34.794624582793965
6282    -26.572338453210197  -0.46223068947463347  34.76837562786293
6283    -26.621438397233025  -0.051830254125754253  34.758245669070291
6284    -25.978160284078175  -1.1752065214576941  33.607328352813745
6285    -26.206781596406021  -0.83452307929806779  33.56038604295339
6286    -26.355860259714323  -0.455396785651139  33.529208436112114
6287    -26.406221323600644  -0.047455245786236472  33.516987270826888
6288    -25.74122318416822  0.051964657042036795  37.394649158144375
6289    -25.662298913951755  0.21840098340111036  37.41019441888821
6290    -25.544577499065248  0.39231954523221735  37.430154650502281
6291    -25.398182942040528  0.5501956868585498  37.449539758053795
6292    -25.589477468539858  0.04466011513778842  36.172941954050572
6293    -25.511846722781492  0.20205052585274727  36.188173220994081
6294    -25.395989820811966  0.37045363978695384  36.209049089704081
6295    -25.252090168858619  0.52356678139303936  36.231749640340638
6296    -25.408699684927772  0.037657806798353038  34.954670532443764
6297    -25.332999439784743  0.18710209936869623  34.969575711230249
6298    -25.219644026889419  0.35108956290550142  34.99135512267943
6299    -25.078528814624363  0.49993961244565793  35.017365618966174
6300    -25.198729120318593  0.035689594094534066  33.741274830911181
6301    -25.12390049661192  0.17925808476102995  33.756978159814693
6302    -25.011676245361521  0.33897450446090344  33.780114644515514
6303    -24.871824015298728  0.48485772578021452  33.808059830646258
6304    -26.127176652459003  0.15480681121272616  37.350113665039544
6305    -26.020038073447346  0.39884169345527509  37.366890569900356
6306    -25.860734046244968  0.6364549134881462  37.389690015094729
6307    -25.662761033328188  0.84803705299750975  37.414038619946275
6308    -25.973906894409723  0.15012093011909652  36.119140978276867
6309    -25.867020621407494  0.38651732681017148  36.136680960204991
6310    -25.708390322750642  0.61857394333887017  36.161993360385573
6311    -25.512119316588912  0.82475502009356982  36.191559512587787
6312    -25.791417128901298  0.1457376806850228  34.89180561554096
6313    -25.685456194526658  0.37560118776653012  34.9100758770428
6314    -25.528172657033473  0.60320679673296262  34.937868434715867
6315    -25.33390958154413  0.80448935434295621  34.972637226317119
6316    -25.579778569919483  0.14497136377337638  33.669713384480339
6317    -25.47438283025723  0.369589732623748  33.690041148205346
6318    -25.31785604317464  0.59289651338054505  33.720686607155599
6319    -25.12457138446608  0.79091808821837251  33.758604578921151
6320    -26.513130120749775  0.25764896538341553  37.305578171934719
6321    -26.377777232942957  0.57928240350943994  37.323586720912495
6322    -26.17689059342468  0.88059028174407505  37.349225379687205
6323    -25.927339124615848  1.1458784191364697  37.378537481838805
6324    -26.358336320279584  0.25558174510040454  36.065340002503135
6325    -26.222194520033508  0.57098412776759566  36.08518869941588
6326    -26.020790824689314  0.866694246890786  36.11493763106705
6327    -25.772148464319212  1.1259432587941003  36.151369384834936
6328    -26.174134572874816  0.25381755457169253  34.828940698638142
6329    -26.037912949268581  0.56410027616436398  34.850576042855295
6330    -25.836701287177508  0.85532403056042383  34.884381746752325
6331    -25.589290348463901  1.1090390962402543  34.92790883366807
6332    -25.96082801952036  0.25425313345221867  33.598151938049469
6333    -25.824865163902537  0.55992138048646589  33.623104136595984
6334    -25.624035840987755  0.84681852230018662  33.661258569795692
6335    -25.377318753633439  1.0969784506565305  33.709149327196045
6336    -26.899083589040565  0.36049111955410484  37.261042678829881
6337    -26.735516392438544  0.75972311356360434  37.280282871924634
6338    -26.493047140604407  1.1247256500000042  37.308760744279645
6339    -26.191917215903512  1.4437197852754298  37.343036343731292
6340    -26.742765746149445  0.36104256008171259  36.011539026729423
6341    -26.577368418659507  0.75545092872501973  36.033696438626791
6342    -26.333191326627983  1.1148145504427023  36.067881901748521
6343    -26.032177612049495  1.4271314974946316  36.111179257082078
6344    -26.556852016848357  0.36189742845836231  34.766075781735331
6345    -26.390369704010499  0.75259936456219811  34.791076208667846
6346    -26.145229917321572  1.107441264387885  34.830895058788762
6347    -25.844671115383669  1.4135888381375528  34.883180441019022
6348    -26.341877469121247  0.36353490313106096  33.52659049161862
6349    -26.17534749754785  0.75025302834918395  33.556167124986629
6350    -25.93021563880087  1.1007405312198286  33.601830532435784
6351    -25.630066122800791  1.4030388130946885  33.659694075470945
6352    -25.226472801099085  0.67487662959060701  37.475133585628406
6353    -25.029545483382247  0.765092484172053  37.511492954057736
6354    -24.812636264801537  0.82114292907582864  37.550287233527918
6355    -25.083580444459258  0.64347735545218043  36.261203760671201
6356    -24.889240785530099  0.73007529150743977  36.300675135763804
6357    -24.672275788866006  0.78376170115428068  36.343846041729556
6358    -24.913229684664941  0.61558978290067612  35.05072936777983
6359    -24.721500075898728  0.69969172358109422  35.093421288135424
6360    -24.504501692526542  0.75213602112234534  35.141077359196487
6361    -24.708789775927876  0.59748136327848178  33.844818527412968
6362    -24.520018718454335  0.67805079170597149  33.892533588992677
6363    -24.304777324160678  0.72753252393486267  33.945787628474342
6364    -25.431598683716036  1.0164905297021172  37.445070632659124
6365    -25.169609210222326  1.1381289006019641  37.486038087002932
6366    -24.885612921015536  1.2134594563050898  37.529644280649563
6367    -25.283647864235878  0.98759963340241119  36.228356539249646
6368    -25.024112769818771  1.1046033801420443  36.274193567435184
6369    -24.741162165707777  1.1766652815236192  36.323799937852769
6370    -25.108159583684181  0.96223101315822046  35.015213216745643
6371    -24.851146094258326  1.0757131353224565  35.065950508371742
6372    -24.569308401157841  1.1456193819672966  35.121587745159076
6373    -24.900971129362478  0.94525526769633139  33.80597679646575
6374    -24.647111803594516  1.054749751368711  33.863714216453516
6375    -24.367787958706078  1.1212892549029041  33.926865492024902
6376    -25.63672456633299  1.3581044298136278  37.415007679689865
6377    -25.309672937062402  1.5111653170318748  37.460583219948127
6378    -24.958589577229525  1.6057759835343512  37.509001327771237
6379    -25.483715284012511  1.331721911352642  36.195509317828105
6380    -25.158984754107436  1.479131468776649  36.247711999106578
6381    -24.810048542549556  1.569568861892958  36.303753833975975
6382    -25.30308948270341  1.3088722434157649  34.979697065711477
6383    -24.980792112617923  1.451734547063819  35.038479728608067
6384    -24.634115109789143  1.5391027428122483  35.102098131121693
6385    -25.093152482797088  1.2930291721141811  33.767135065518517
6386    -24.77420488873469  1.43144871103145  33.83489484391437
6387    -24.430798593251463  1.515045985870946  33.907943355575455
6388    -25.841850448949934  1.6997183299251379  37.384944726720576
6389    -25.449736663902481  1.8842017334617864  37.435128352893315
6390    -25.031566233443524  1.9980925107636123  37.488358374892883
6391    -25.683782703789124  1.6758441893028726  36.162662096406557
6392    -25.293856738396101  1.8536595574112531  36.221230430777965
6393    -24.878934919391327  1.9624724422622966  36.283707730099195
6394    -25.498019381722639  1.6555134736733093  34.944180914677297
6395    -25.110438130977524  1.8277559588051815  35.011008948844385
6396    -24.698921818420441  1.9325861036571996  35.082608517084282
6397    -25.285333836231686  1.6408030765320307  33.728293334571291
6398    -24.901297973874875  1.8081476706941888  33.806075471375202
6399    -24.49380922779687  1.9088027168389869  33.889021219126022
6400    -23.834239386304326  0.72668278810469644  32.813143150018462
6401    -23.59626246871531  0.71880934236713068  32.868307476876907
6402    -23.392434862816845  0.68502162091792129  32.91982923840736
6403    -23.22080658882842  0.62322920481706479  32.964301660353506
6404    -23.079427666969536  0.53134167512455988  32.998317968458956
6405    -23.581893595242668  0.71281488858696063  31.630273165867361
6406    -23.345320395462245  0.70494170675339063  31.694284987346425
6407    -23.142925580685841  0.67180887621192487  31.75366213967315
6408    -22.972486400831734  0.61075452703074251  31.804815168291398
6409    -22.831780105818211  0.51911678927802352  31.84415461864506
6410    -23.305978180145583  0.7069183366428704  30.451343305348345
6411    -23.070985596475218  0.69843732960295191  30.524462390776804
6412    -22.870412749084089  0.66462159392647246  30.59226642642307
6413    -22.701551839627527  0.60296751562220707  30.650671554236716
6414    -22.561695069760813  0.51097148069892973  30.695593916167365
6415    -23.007176620014082  0.71062209463116599  29.277143567316045
6416    -22.773957015560484  0.70104221150097668  29.357125598636351
6417    -22.576532273329491  0.66510636220724439  29.434751252804155
6418    -22.410708697675002  0.60136997756387545  29.502444006355645
6419    -22.272292592950844  0.50838848838477702  29.552627335827061
6420    -23.839706668170269  1.1265874928398529  32.806384979591357
6421    -23.544090693629549  1.1146750512901509  32.873826448089318
6422    -23.274713817335503  1.0656074008882328  32.939026845414375
6423    -23.035073124710113  0.97522580653464486  32.997711705199812
6424    -22.828665701175364  0.83937153312993473  33.045606561078849
6425    -23.587075377296326  1.1127566268313223  31.625972447242304
6426    -23.293753880822653  1.1007711763818389  31.70330884200526
6427    -23.026218044831893  1.0523973274776366  31.776804589565725
6428    -22.788062537520016  0.9629386655472385  31.84272218961916
6429    -22.582882027083045  0.82769877601916753  31.897324141861041
6430    -23.311011367452803  1.1068832177850307  30.449891045327767
6431    -23.020150527705006  1.094215320556569  30.537282528246205
6432    -22.754821325066924  1.0451945098158477  30.619425982201136
6433    -22.518516596117991  0.95531801697440377  30.692928678681639
6434    -22.314729177437602  0.82008307344377351  30.754397889176847
6435    -23.012625732473236  1.1105815875452933  29.278790139902249
6436    -22.723986139017711  1.0967824579593612  29.373652683991111
6437    -22.462086036657031  1.0456613092491296  29.466108159999308
6438    -22.229048655717428  0.95378862885884508  29.549439874002445
6439    -22.026997226525069  0.81773490423275386  29.616931132076203
6440    -23.845173950036209  1.5264921975750092  32.799626809164238
6441    -23.491918918543771  1.5105407602131706  32.879345419301714
6442    -23.156992771854153  1.4461931808585442  32.958224452421376
6443    -22.849339660591799  1.3272224082522248  33.031121750046111
6444    -22.577903735381181  1.1474013911353096  33.092895153698706
6445    -23.592257159349987  1.5126983650756842  31.621671728617255
6446    -23.242187366183064  1.4966006460102879  31.712332696664106
6447    -22.909510508977935  1.4329857787433486  31.799947039458313
6448    -22.603638674208309  1.3151228040637344  31.880629210946935
6449    -22.333983948347882  1.1362807627603115  31.950493665077026
6450    -23.316044554760019  1.5068480989271904  30.448438785307196
6451    -22.969315458934794  1.4899933115101844  30.550102665715627
6452    -22.639229901049749  1.4257674257052215  30.646585537979202
6453    -22.335481352608436  1.3076685183266004  30.735185803126551
6454    -22.067763285114378  1.1291946661886174  30.81320186218635
6455    -23.018074844932382  1.5105410804594208  29.280436712488456
6456    -22.674015262474921  1.4925227044177449  29.390179769345885
6457    -22.347639799984549  1.4262162562910148  29.497465067194451
6458    -22.047388613759846  1.3062072801538149  29.596435741649252
6459    -21.781701860099282  1.1270813200807306  29.681234928325356
6460    -23.850641231902149  1.9263969023101659  32.792868638737133
6461    -23.439747143458003  1.9064064691361906  32.884864390514124
6462    -23.039271726372807  1.8267789608288556  32.977422059428392
6463    -22.663606196473498  1.6792190099698052  33.064531794892417
6464    -22.327141769587001  1.4554312491406853  33.140183746318613
6465    -23.597438941403645  1.9126401033200457  31.617371009992198
6466    -23.190620851543475  1.8924301156387355  31.721356551322931
6467    -22.792802973123987  1.8135742300090605  31.823089489350899
6468    -22.419214810896591  1.6673069425802309  31.918536232274697
6469    -22.085085869612715  1.4448627495014554  32.003663188293025
6470    -23.321077742067242  1.9068129800693507  30.446986525286622
6471    -22.918480390164593  1.8857713024638014  30.562922803185035
6472    -22.523638477032588  1.8063403415945967  30.673745093757269
6473    -22.152446109098911  1.6600190196787974  30.777442927571474
6474    -21.820797392791167  1.4383062589334619  30.872005835195836
6475    -23.023523957391532  1.9105005733735483  29.282083285074659
6476    -22.624044385932137  1.8882629508761295  29.406706854700641
6477    -22.233193563312085  1.8067712033329002  29.528821974389608
6478    -21.865728571802276  1.6586259314487848  29.643431609296044
6479    -21.536406493673503  1.4364277359287072  29.745538724574505
6480    -22.961094754108871  0.40857225928024471  33.023563929791031
6481    -22.865810944627558  0.2720827999521096  33.043178231594133
6482    -22.802435915013824  0.14670580104238173  33.055933479877531
6483    -22.779829341755867  0.057273766453287897  33.060602280650507
6484    -22.713670529922666  0.39642012035526653  31.874339161541233
6485    -22.618444510842757  0.26075478793932699  31.898861482221893
6486    -22.55501380362719  0.13730763751142966  31.915383147783071
6487    -22.532290163324628  0.051265514552797417  31.921565725320807
6488    -22.444421334094539  0.38772410964429505  30.730851340706582
6489    -22.350600612597166  0.2515113162229925  30.76057714043851
6490    -22.288461734960887  0.12862242635936719  30.781160683451173
6491    -22.266233530877887  0.045346765977760627  30.788991337832641
6492    -22.156327101556471  0.38437854014991285  29.591658257543131
6493    -22.065187448856395  0.24678993315245193  29.626978087171778
6494    -22.005678063652329  0.12302783042613818  29.652636750263074
6495    -21.984603374745898  0.040497395004711473  29.662684172367207
6496    -22.653343671002894  0.66058087468428439  33.083610472514785
6497    -22.513056464364777  0.45704776312476181  33.11388433373677
6498    -22.420447125533681  0.24809992022724528  33.134046430526944
6499    -22.388158698782206  0.053065067767611933  33.141715048667372
6500    -22.408208421605693  0.64943107313335746  31.94155467030361
6501    -22.267848347532897  0.44701760875907864  31.976925861028199
6502    -22.17480855060106  0.23995492476886432  32.000552006833871
6503    -22.142095776546498  0.047739563035246041  32.009547400519715
6504    -22.141297262309894  0.64171789172962801  30.804906697339121
6505    -22.002169505242435  0.43905911888660598  30.845488875535036
6506    -21.910004434649846  0.23251663814970691  30.872692728324978
6507    -21.877460578946756  0.042500332753927492  30.883066560269331
6508    -21.855044641543895  0.63881553512184586  29.671716130840203
6509    -21.718489864542402  0.43492352498485448  29.717796279309074
6510    -21.628735232803976  0.22749576682764816  29.74975570215058
6511    -21.597183083611867  0.037969153656094733  29.762178524032503
6512    -22.345592587896906  0.91258949008832368  33.143657015238503
6513    -22.160301984101999  0.64201272629741402  33.184590435879414
6514    -22.038458336053527  0.34949403941210883  33.212159381176363
6515    -21.996488055808555  0.048856369081935892  33.222827816684237
6516    -22.102746313288709  0.90244202591144806  32.008770179065991
6517    -21.917252184223045  0.63328042957883024  32.054990239834503
6518    -21.794603297574923  0.34260221202629892  32.085720865884682
6519    -21.751901389768378  0.044213611517694602  32.097529075718626
6520    -21.83817319052525  0.89571167381496064  30.878962053971659
6521    -21.653738397887707  0.62660692155021946  30.930400610631551
6522    -21.531547134338812  0.33641084994004655  30.964224773198787
6523    -21.48868762701564  0.03965389953009444  30.977141782706035
6524    -21.553762181531305  0.89325253009377881  29.751774004137275
6525    -21.371792280228423  0.62305711681725684  29.808614471446358
6526    -21.251792401955623  0.33196370322915814  29.846874654038068
6527    -21.209762792477829  0.035440912307478062  29.861672875697792
6528    -22.037841504790929  1.1645981054923633  33.20370355796225
6529    -21.807547503839221  0.82697768947006667  33.255296538022051
6530    -21.65646954657338  0.45088815859697251  33.290272331825769
6531    -21.604817412834898  0.044647670396259893  33.303940584701095
6532    -21.797284204971728  1.1554529786895393  32.075985687828357
6533    -21.566656020913186  0.81954325039858233  32.133054618640784
6534    -21.414398044548804  0.44524949928373364  32.170889724935485
6535    -21.361707002990244  0.040687660000143185  32.185510750917551
6536    -21.535049118740613  1.1497054559002937  30.95301741060419
6537    -21.305307290532976  0.81415472421383295  31.015312345728088
6538    -21.153089834027774  0.44030506173038647  31.055756818072584
6539    -21.09991467508452  0.03680746630626127  31.071217005142724
6540    -21.252479721518728  1.147689525065712  29.831831877434343
6541    -21.025094695914433  0.81119070864965959  29.89943266358366
6542    -20.874849571107276  0.43643163963066822  29.94399360592557
6543    -20.822342501343794  0.032912670958861308  29.961167227363095
6544    -22.807816899155632  -0.037654566130059311  33.056167736785099
6545    -22.883308930400915  -0.17712259199099245  33.043070019268065
6546    -22.995792115308515  -0.33270100667995089  33.022267336280763
6547    -23.134753133695295  -0.47596050574737442  32.994717896004566
6548    -22.559896849139768  -0.039756521157599985  31.915888700874088
6549    -22.634384393469269  -0.17589123367955734  31.899596747741658
6550    -22.745055461149583  -0.32857351328999701  31.874499213909239
6551    -22.881212717017192  -0.46923825026584104  31.842405447362527
6552    -22.292963572261957  -0.042388218229620848  30.781929577590606
6553    -22.365355929413582  -0.17655195722645725  30.762130427372
6554    -22.4731241796045  -0.32770044157223266  30.732425081223674
6555    -22.60598190010651  -0.46638966182643127  30.695644733192456
6556    -22.009726661514261  -0.046044365358795164  29.653656493249144
6557    -22.078508445134304  -0.17997416634525013  29.629322876804931
6558    -22.18229901710658  -0.33108743007176067  29.594582784781114
6559    -22.312448668931754  -0.4691795786554348  29.554335678924254
6560    -22.428069838707472  -0.14657534659318197  33.134931885439897
6561    -22.533697032405978  -0.36728304564139241  33.114961380924058
6562    -22.690140072899347  -0.5866450632719572  33.084255935098533
6563    -22.882498753209248  -0.78224843337981387  33.045267947941959
6564    -22.181621180892972  -0.14868454686808805  32.0017524702304
6565    -22.28644644246684  -0.36642273027493222  31.978799669791641
6566    -22.441304091958269  -0.58305232767397353  31.943491330524232
6567    -22.630926660057423  -0.77615067955389905  31.898629783748898
6568    -21.916122573265106  -0.15132312398079681  30.874200929311296
6569    -22.019095018925896  -0.36744622458174564  30.848136179014556
6570    -22.171316393626924  -0.58269783458473434  30.808095292370176
6571    -22.357725175066026  -0.77390681952557894  30.757301252369224
6572    -21.634255372191266  -0.15497151296393513  29.751520842779293
6573    -21.733751686203171  -0.37101899993303328  29.721169759839213
6574    -21.882140811583781  -0.58630276694500871  29.676105905315612
6575    -22.065891534269447  -0.77695227369367281  29.621309909311822
6576    -22.048322778259319  -0.25549612705630459  33.21369603409471
6577    -22.184085134411045  -0.55744349929179238  33.186852742580079
6578    -22.384488030490175  -0.84058911986396301  33.146244533916303
6579    -22.630244372723197  -1.0885363610122534  33.095817999879372
6580    -21.803345512646175  -0.25761257257857612  32.087616239586701
6581    -21.938508491464422  -0.55695422687030705  32.058002591841621
6582    -22.137552722766948  -0.83753114205794987  32.012483447139225
6583    -22.38064060309765  -1.0830631088419569  31.95485412013528
6584    -21.539281574268255  -0.26025802973197282  30.966472281031979
6585    -21.67283410843822  -0.55834049193703406  30.934141930657091
6586    -21.869508607649351  -0.8376952275972358  30.883765503516678
6587    -22.109468450025535  -1.0814239772247265  30.818957771546003
6588    -21.258784082868274  -0.26389866056907507  29.849385192309438
6589    -21.388994927272027  -0.56206383352081646  29.813016642873496
6590    -21.581982606060976  -0.84151810381825687  29.757629025850107
6591    -21.81933439960715  -1.0847249687319109  29.688284139699409
6592    -21.668575717811159  -0.36441690751942724  33.292460182749487
6593    -21.834473236416116  -0.7476039529421924  33.258744104236072
6594    -22.078835988081014  -1.0945331764559685  33.208233132734073
6595    -22.377989992237147  -1.3948242886446922  33.146368051816786
6596    -21.425069844399378  -0.36654059828906416  32.17348000894301
6597    -21.590570540461989  -0.74748572346568209  32.137205513891622
6598    -21.833801353575634  -1.0920099564419268  32.081475563754225
6599    -22.130354546137877  -1.389975538130015  32.011078456521659
6600    -21.162440575271408  -0.36919293548314885  31.058743632752666
6601    -21.326573197950534  -0.74923475929232231  31.020147682299651
6602    -21.567700821671774  -1.0926926206097369  30.959435714663179
6603    -21.861211724985044  -1.3889411349238743  30.880614290722772
6604    -20.883312793545286  -0.37282580817421496  29.947249541839582
6605    -21.044238168340886  -0.75310866710859936  29.904863525907782
6606    -21.281824400538181  -1.0967334406915046  29.839152146384606
6607    -21.57277726494484  -1.3924976637701492  29.755258370086977
6608    -23.296701824077832  -0.58611745241607216  32.960055236571982
6609    -23.48524314870366  -0.66297752245962527  32.918019711093415
6610    -23.70050647298611  -0.7089953802546306  32.869729750216983
6611    -23.942621162338533  -0.72662569017768486  32.816303784590865
6612    -23.039743744855453  -0.57696831511013991  31.802569424999113
6613    -23.225002333886529  -0.65167911696198733  31.753927173561568
6614    -23.437490457105348  -0.69605435405237026  31.697811115803209
6615    -23.677710087506789  -0.71277772461227573  31.635553674477368
6616    -22.760974688291363  -0.57233034367985125  30.65038583836623
6617    -22.942685272087619  -0.64629437477373652  30.594587939999382
6618    -23.152132924602718  -0.69042948859324049  30.530096864388753
6619    -23.390336918944055  -0.70688341862351634  30.458758437831214
6620    -22.464653311904179  -0.57466153398888009  29.503842587215448
6621    -22.64215548623428  -0.64906630847607971  29.438699761383628
6622    -22.847625426797357  -0.69387246000120861  29.364309498797599
6623    -23.083733368468664  -0.71055854644844096  29.286074096826127
6624    -23.104811654804063  -0.93422501100649924  32.997597073552726
6625    -23.3577054656173  -1.0399567664259042  32.941036423013692
6626    -23.636162138368292  -1.1029059063814992  32.878328581780231
6627    -23.93516362577639  -1.1265346376167524  32.812216135307708
6628    -22.84990171768975  -0.92568208104660044  31.844437303043463
6629    -23.099659066132588  -1.0290903910150104  31.780752725225188
6630    -23.375194581604056  -1.0901722955443793  31.709803226474097
6631    -23.671504140322298  -1.1127244807199572  31.633815982970237
6632    -22.573253001711105  -0.92163120341383775  30.696430489460795
6633    -22.819633236329061  -1.0241200166962452  30.625277297412371
6634    -23.09200694306654  -1.0847386345643812  30.545741454192747
6635    -23.385515186070133  -1.1068524322098239  30.459722737770758
6636    -22.278631023214459  -0.92421032222507926  29.554481911963006
6637    -22.520789094140909  -1.027062262287761  29.473506261698592
6638    -22.789038503137267  -1.0882513751292473  29.38363990106372
6639    -23.080052006291972  -1.1105209419970681  29.290139772603531
6640    -22.912921485530291  -1.2823325695969263  33.035138910533497
6641    -23.230167782530934  -1.4169360103921838  32.964053134933998
6642    -23.571817803750463  -1.4968164325083682  32.886927413343464
6643    -23.927706089214244  -1.5264435850558209  32.808128486024572
6644    -22.660059690524065  -1.274395846983061  31.886305181087817
6645    -22.974315798378651  -1.4065016650680338  31.807578276888805
6646    -23.312898706102782  -1.4842902370363886  31.721795337144979
6647    -23.665298193137797  -1.5126712368276383  31.632078291463106
6648    -22.385531315130844  -1.2709320631478243  30.742475140555374
6649    -22.69658120057051  -1.4019456586187549  30.655966654825363
6650    -23.031880961530359  -1.479047780535522  30.561386043996741
6651    -23.380693453196219  -1.5068214457961313  30.460687037710318
6652    -22.092608734524735  -1.2737591104612784  29.60512123671057
6653    -22.399422702047531  -1.4050582160994425  29.508312762013553
6654    -22.730451579477155  -1.4826302902572863  29.402970303329845
6655    -23.076370644115258  -1.5104833375456945  29.294205448380918
6656    -22.721031316256525  -1.6304401281873533  33.072680747514255
6657    -23.102630099444578  -1.7939152543584627  32.987069846854268
6658    -23.507473469132652  -1.8907269586352364  32.895526244906705
6659    -23.920248552652097  -1.9263525324948885  32.804040836741407
6660    -22.470217663358362  -1.6231096129195204  31.92817305913217
6661    -22.8489725306247  -1.783912939121056  31.834403828552425
6662    -23.250602830601498  -1.8784081785283975  31.733787447815871
6663    -23.659092245953303  -1.9126179929353193  31.630340599955982
6664    -22.197809628550587  -1.6202329228818109  30.788519791649932
6665    -22.573529164811951  -1.7797713005412636  30.686656012238348
6666    -22.971754979994181  -1.873356926506663  30.577030633800739
6667    -23.375871720322305  -1.9067904593824392  30.461651337649865
6668    -21.906586445835011  -1.6233078986974774  29.65576056145812
6669    -22.278056309954145  -1.7830541699111231  29.543119262328503
6670    -22.671864655817068  -1.8770092053853249  29.422300705595966
6671    -23.072689281938562  -1.9104457330943214  29.298271124158319
6672    -24.180043043994537  -0.71860543378844388  32.759400691070226
6673    -24.382813510621247  -0.68463217607483573  32.703682560870043
6674    -24.55344027578224  -0.6226014565558643  32.654772646178095
6675    -24.69443105304109  -0.53040881475053492  32.618294199182294
6676    -23.914036942501223  -0.70479823463564828  31.571099400689985
6677    -24.116074708681431  -0.67151361406702037  31.510359313287051
6678    -24.286167312815763  -0.61028064706326035  31.457615536631884
6679    -24.426658681672606  -0.51845611778123757  31.417150195087856
6680    -23.625476687310197  -0.69833254519461574  30.386761415048245
6681    -23.826579221117111  -0.66438983206821656  30.321017919239051
6682    -23.995935132298005  -0.60260788787691655  30.26445882941713
6683    -24.135835032786115  -0.51053932125331358  30.220015024596002
6684    -23.317571465264667  -0.70095925891648936  29.209020146304159
6685    -23.516572302621391  -0.66498228523484582  29.137419881916465
6686    -23.683916762542939  -0.60121567838386125  29.075544066806724
6687    -23.822785727033448  -0.50824749134388603  29.027663464118646
6688    -24.230399039345468  -1.1144256344550418  32.743386969044835
6689    -24.498886605199029  -1.065100485837174  32.674721993440393
6690    -24.73760194798583  -0.97442977043276791  32.612253331449921
6691    -24.943520692354671  -0.83828406691144408  32.562013106029063
6692    -23.964650672057545  -1.1005966801134341  31.555963715836132
6693    -24.231758878680676  -1.0520086245402711  31.480915034960272
6694    -24.469417294560603  -0.96231199595137518  31.413140949671597
6695    -24.674214454066295  -0.82685847629765263  31.357112469299068
6696    -23.676463775694806  -1.0940985039148541  30.372868239757079
6697    -23.941952690478658  -1.0449114148503966  30.291481767591414
6698    -24.17831424684287  -0.95485274654101115  30.218448172986108
6699    -24.381880761208652  -0.81948408051125432  30.156652307653534
6700    -23.369091745692916  -1.0966969873618817  29.197032894552365
6701    -23.631843090350074  -1.0455096800868062  29.108012602961228
6702    -23.865613636734661  -0.95355851800807701  29.027835317100081
6703    -24.067710981317955  -0.81744299896192718  28.961257456238936
6704    -24.280755034696391  -1.5102458351216388  32.727373247019443
6705    -24.614959699776787  -1.4455687955995118  32.645761426010729
6706    -24.921763620189413  -1.3262580843096716  32.569734016721739
6707    -25.192610331668234  -1.1461593190723531  32.505732012875832
6708    -24.015264401613859  -1.4963951255912202  31.540828030982262
6709    -24.347443048679914  -1.4325036350135221  31.451470756633498
6710    -24.652667276305447  -1.3143433448394901  31.368666362711302
6711    -24.921770226459973  -1.1352608348140676  31.297074743510272
6712    -23.727450864079412  -1.4898644626350925  30.358975064465916
6713    -24.057326159840205  -1.4254329976325777  30.261945615943787
6714    -24.360693361387746  -1.307097605205106  30.172437516555089
6715    -24.627926489631189  -1.1284288397691951  30.093289590711066
6716    -23.420612026121169  -1.4924347158072744  29.185045642800567
6717    -23.74711387807875  -1.4260370749387667  29.078605324006009
6718    -24.04731051092639  -1.3059013576322926  28.980126567393437
6719    -24.312636235602451  -1.1266385065799684  28.894851448359212
6720    -24.331111030047325  -1.9060660357882371  32.711359524994037
6721    -24.731032794354569  -1.8260371053618494  32.616800858581094
6722    -25.105925292393  -1.6780863981865757  32.527214701993557
6723    -25.441699970981816  -1.4540345712332627  32.449450919722601
6724    -24.065878131170177  -1.8921935710690061  31.525692346128412
6725    -24.463127218679155  -1.8129986454867733  31.422026478306723
6726    -24.835917258050287  -1.6663746937276047  31.324191775751022
6727    -25.169325998853662  -1.4436631933304824  31.237037017721487
6728    -23.778437952464021  -1.8856304213553312  30.34508188917475
6729    -24.172699629201748  -1.8059545804147585  30.232409464296143
6730    -24.543072475932608  -1.6593424638692007  30.12642686012407
6731    -24.87397221805373  -1.4373735990271361  30.029926873768602
6732    -23.472132306549412  -1.8881724442526668  29.17305839104877
6733    -23.862384665807433  -1.8065644697907275  29.049198045050769
6734    -24.229007385118106  -1.658244197256509  28.932417817686794
6735    -24.557561489886957  -1.4358340141980102  28.828445440479499
6736    -24.81185931006787  -0.40739352144094609  32.588016401126545
6737    -24.90501319543608  -0.270865000109489  32.558283612600711
6738    -24.966222444064549  -0.14567401932560542  32.535581854811326
6739    -24.987816790872067  -0.056671347658737492  32.526397148964968
6740    -24.544048610991783  -0.39561164557035872  31.383782758438343
6741    -24.637828544193543  -0.25987949026733964  31.353114975454957
6742    -24.699829879567105  -0.13645739676001348  31.330602388983333
6743    -24.721884015401624  -0.050543109936213117  31.321700541869056
6744    -24.252692761750911  -0.38724646910956428  30.18374864184463
6745    -24.346012222963285  -0.25094843756550733  30.152565387885883
6746    -24.407719125258996  -0.12793298906526263  30.130661496214195
6747    -24.429739177473738  -0.044487886052949975  30.122233200323912
6748    -23.938844668929949  -0.38421742538620451  28.990058671042696
6749    -24.030729693496689  -0.24648868691116874  28.958595555482979
6750    -24.091077631379271  -0.12248458659272662  28.936922786653614
6751    -24.112525313223244  -0.039628435104826665  28.928689033768691
6752    -25.118070764568529  -0.65929586333163037  32.520121271005294
6753    -25.256793437515459  -0.45573600587313606  32.48263217501939
6754    -25.347834355781888  -0.24693261038765008  32.455479533246681
6755    -25.37933916395421  -0.052213792726861726  32.444597060862421
6756    -24.848220972022958  -0.64844475661854095  31.310244554211547
6757    -24.98744505518281  -0.44596508174081068  31.270314805466729
6758    -25.079381625805361  -0.23891746429636759  31.242338193426772
6759    -25.111525606150064  -0.0467999169171169  31.231329688453759
6760    -24.554826605918063  -0.64102347288007722  30.104978470614835
6761    -24.693414437512704  -0.43825696250702201  30.062982416958782
6762    -24.785108998713223  -0.2315981050275325  30.034556182499266
6763    -24.81737503224026  -0.041460456077052094  30.023591803050063
6764    -24.239495586852922  -0.63842485572056284  28.906952223465403
6765    -24.376300160254125  -0.43434827518655983  28.863033791638838
6766    -24.466390664235373  -0.22668643639170336  28.833420034686792
6767    -24.498033061510508  -0.036912518367779368  28.822028826536854
6768    -25.42428221906918  -0.91119820522231465  32.452226140884058
6769    -25.608573679594837  -0.64060701163678313  32.406980737438104
6770    -25.729446267499227  -0.34819120144969479  32.375377211682007
6771    -25.77086153703636  -0.04775623779498598  32.362796972759909
6772    -25.152393333054128  -0.90127786766672335  31.23670634998474
6773    -25.337061566172071  -0.63205067321428177  31.187514635478497
6774    -25.458933372043603  -0.34137753183272157  31.154073997870196
6775    -25.5011671968985  -0.043056723898020691  31.140958835038443
6776    -24.856960450085225  -0.89480047665059004  30.026208299385047
6777    -25.040816652062123  -0.62556548744853668  29.973399446031689
6778    -25.162498872167468  -0.33526322098980244  29.938450868784333
6779    -25.205010887006797  -0.038433026101154247  29.924950405776215
6780    -24.54014650477589  -0.89263228605492129  28.823845775888106
6781    -24.721870627011565  -0.62220786346195101  28.767472027794668
6782    -24.841703697091489  -0.33088828619068017  28.729917282719974
6783    -24.883540809797772  -0.034196601630732099  28.715368619305004
6784    -25.730493673569836  -1.1631005471129989  32.384331010762814
6785    -25.960353921674216  -0.82547801740043014  32.331329299856804
6786    -26.111058179216563  -0.44944979251173967  32.295274890117383
6787    -26.162383910118496  -0.043298682863110199  32.280996884657398
6788    -25.456565694085302  -1.1541109787149055  31.16316814575795
6789    -25.686678077161339  -0.81813626468775291  31.104714465490272
6790    -25.838485118281866  -0.44383759936907563  31.065809802313634
6791    -25.890808787646939  -0.03931353087892446  31.050587981623138
6792    -25.159094294252366  -1.1485774804211033  29.947438128155255
6793    -25.388218866611549  -0.81287401239005164  29.883816475104592
6794    -25.539888745621695  -0.4389283369520724  29.842345555069404
6795    -25.592646741773311  -0.035405596125256372  29.826309008502363
6796    -24.840797422698863  -1.1468397163892798  28.740739328310806
6797    -25.067441093768991  -0.81006745173734196  28.671910263950526
6798    -25.217016729947591  -0.4350901359896569  28.626414530753149
6799    -25.269048558085039  -0.03148068489368467  28.608708412073163
6800    -24.960034892172711  0.037881047084945892  32.532351682942199
6801    -24.88503585363847  0.17726155011868808  32.548938321213356
6802    -24.773030084225006  0.33292992240216662  32.573449099869556
6803    -24.634227992887975  0.47634592489505889  32.603176055001896
6804    -24.69412167129498  0.040367833222836207  31.32731218500064
6805    -24.619354848379729  0.17649684103972244  31.343593078265819
6806    -24.508436867247138  0.32922158658233447  31.368878278008957
6807    -24.372221048488477  0.46991974291856076  31.401502840574469
6808    -24.402382074688646  0.043396960670958371  30.127317669135248
6809    -24.328695978195874  0.17762825459987325  30.142887393750311
6810    -24.219714296147654  0.32876315473050327  30.168541590936286
6811    -24.08647043669621  0.46735882005955642  30.203879477460355
6812    -24.08620871935701  0.047215437592065763  28.933529467394742
6813    -24.014897740447122  0.18132008787488091  28.948766230445091
6814    -23.908680072646273  0.33246828457576999  28.974578450654036
6815    -23.777643412107178  0.47044279652688326  29.011145255755899
6816    -25.339452301587251  0.14712962263273788  32.452359453147622
6817    -25.234055383389773  0.36770699268730239  32.47477808739341
6818    -25.077899816679178  0.58704047379411128  32.508241701790361
6819    -24.885737008772853  0.78265222231044418  32.549139034529041
6820    -25.071789983537059  0.14951879817987687  31.239050409457377
6821    -24.966700674270765  0.36719818129925863  31.262117352043244
6822    -24.811671994087231  0.58378261359168604  31.297829301617206
6823    -24.622118258722494  0.77681647620781702  31.343485043585201
6824    -24.778198693018826  0.15245123777994857  30.031109190850707
6825    -24.674314688686469  0.3685915278138957  30.054468785549528
6826    -24.521310591032748  0.58378580514168987  30.092073414073415
6827    -24.334773971847216  0.77485946088023139  30.142325903349278
6828    -24.460085507282496  0.15623928879810806  28.829858734768727
6829    -24.358893412423157  0.37241526158549243  28.854242231306955
6830    -24.208953623149664  0.58771292081254289  28.893598046596129
6831    -24.02476298567921  0.77822978729742753  28.946344911080885
6832    -25.718869711001769  0.25637819818052987  32.372367223353038
6833    -25.583074913141065  0.55815243525591673  32.400617853573429
6834    -25.38276954913335  0.84115102518605589  32.44303430371113
6835    -25.137246024657717  1.0889585197258294  32.495102014056158
6836    -25.449458295779138  0.25866976313691753  31.150788633914111
6837    -25.314046500161808  0.55789952155879474  31.180641625820655
6838    -25.114907120927327  0.83834364060103772  31.226780325225448
6839    -24.872015468956516  1.0837132094970732  31.285467246595921
6840    -25.154015311349006  0.26150551488893869  29.934900712566172
6841    -25.019933399177074  0.5595548010279181  29.966050177348734
6842    -24.82290688591786  0.83880845555287631  30.01560523721054
6843    -24.583077506998219  1.0823601017009066  30.080772329238208
6844    -24.833962295207971  0.26526314000415036  28.726188002142731
6845    -24.702889084399189  0.56351043529610401  28.75971823216884
6846    -24.509227173653066  0.84295755704931519  28.812617642538228
6847    -24.271882559251239  1.0860167780679717  28.881544566405893
6848    -26.098287120416305  0.3656267737283217  32.292374993558461
6849    -25.932094442892371  0.74859787782453091  32.326457619753491
6850    -25.687639281587515  1.0952615765780007  32.37782690563192
6851    -25.388755040542595  1.3952648171412148  32.441064993583311
6852    -25.827126608021214  0.36782072809395822  31.062526858370845
6853    -25.661392326052848  0.74860086181833096  31.099165899598081
6854    -25.41814224776742  1.0929046676103895  31.155731348833697
6855    -25.12191267919053  1.3906099427863297  31.227449449606656
6856    -25.529831929679183  0.3705597919979291  29.838692234281634
6857    -25.365552109667661  0.75051807424194072  29.877631569147965
6858    -25.12450318080295  1.0938311059640633  29.939137060347676
6859    -24.831381042149221  1.3898607425215816  30.019218755127135
6860    -25.207839083133457  0.37428699121019271  28.62251726951672
6861    -25.046884756375221  0.75460560900671592  28.665194233030707
6862    -24.809500724156461  1.0982021932860877  28.731637238480324
6863    -24.519002132823267  1.3938037688385161  28.816744221730886
6864    -24.473475626625589  0.58651274626173056  32.643192253866772
6865    -24.287686081619906  0.6632091158894956  32.695950787825431
6866    -24.075170340602348  0.70905810582245143  32.754813729126468
6867    -24.214731587078656  0.57754015425247651  31.44513916335238
6868    -24.031635494333095  0.65200468252570665  31.501191298998403
6869    -23.821250315353765  0.69615052741246419  31.564591786755706
6870    -23.932271074413556  0.5730743976819902  30.251118779201111
6871    -23.751928261332193  0.64671855250748789  30.31042679764408
6872    -23.543733471795168  0.69057272025484884  30.378327112967213
6873    -23.625807505756725  0.57562628698154239  29.061590624744241
6874    -23.448625687355452  0.64963178672772148  29.12582895889491
6875    -23.243336033306765  0.6940876158995527  29.199225019366139
6876    -24.664511383740216  0.93454758680140926  32.601163863187011
6877    -24.413882106367385  1.0401095324902814  32.665898635065666
6878    -24.137672695046636  1.1029266407215867  32.736565092941603
6879    -24.404139364284596  0.92618403172346853  31.400968228213802
6880    -24.156265791145962  1.0293515986399788  31.470586919599221
6881    -23.882557731439043  1.0902366419962843  31.547276523891927
6882    -24.120087560793973  0.92233650838731929  30.205241862655793
6883    -23.8750703480273  1.0245117586583155  30.279688194703986
6884    -23.603964296071979  1.08486679926647  30.362344666569463
6885    -23.812588463066628  0.92517692271777108  29.013836737622608
6886    -23.571103267108381  1.0276258213858074  29.095111585029755
6887    -23.303413617134058  1.08846465307162  29.185114402667821
6888    -24.855547140854856  1.282582427341088  32.559135472507229
6889    -24.540078131114846  1.4170099490910677  32.635846482305915
6890    -24.200175049490916  1.4967951756207225  32.718316456756739
6891    -24.593547141490546  1.2748279091944605  31.356797293075235
6892    -24.280896087958826  1.4066985147542501  31.439982540200045
6893    -23.943865147524317  1.4843227565801034  31.529961261028145
6894    -24.307904047174375  1.2715986190926485  30.159364946110493
6895    -23.998212434722397  1.4023049648091439  30.248949591763893
6896    -23.664195120348772  1.4791608782780916  30.346362220171713
6897    -23.999369420376524  1.2747275584539999  28.966082850500975
6898    -23.693580846861305  1.4056198560438931  29.064394211164597
6899    -23.363491200961345  1.4828416902436869  29.171003785969507
6900    -25.046582897969493  1.6306172678807664  32.517107081827483
6901    -24.666274155862336  1.7939103656918529  32.605794329546171
6902    -24.2626774039352  1.8906637105198578  32.700067820571896
6903    -24.782954918696497  1.6234717866654527  31.312626357936647
6904    -24.405526384771708  1.7840454308685223  31.409378160800856
6905    -24.005172563609591  1.878408871163924  31.512645998164363
6906    -24.495720533554788  1.6208607297979769  30.113488029565175
6907    -24.121354521417508  1.7800981709599717  30.218210988823799
6908    -23.72442594462558  1.873454957289713  30.330379773773963
6909    -24.186150377686431  1.6242781941902287  28.918328963379341
6910    -23.816058426614237  1.7836138907019796  29.033676837299438
6911    -23.423568784788639  1.877218727415755  29.156893169271186
6912    -22.686957739512906  0.7239743964926052  28.109202689458186
6913    -22.459360829665762  0.71347433667469773  28.194441987142863
6914    -22.266863148391909  0.67577071049167836  28.281008812484551
6915    -22.104762338173288  0.61007744287008658  28.357566863811311
6916    -21.968356041491838  0.51560845873646066  28.412779839451204
6917    -22.345105840722599  0.74477266223687644  26.949385361792579
6918    -22.127610777906018  0.73365599486336441  27.040118771633932
6919    -21.940962852309781  0.69516037807014019  27.132998051099356
6920    -21.78206234762202  0.62825908644268202  27.2157016350729
6921    -21.647809547530855  0.53192539456646803  27.275907958438633
6922    -21.97977761876783  0.77126963332611953  25.798985511668882
6923    -21.772337147338263  0.7591396449201705  25.89475162225742
6924    -21.591435015003857  0.71897926786770905  25.992928250745702
6925    -21.435630853431171  0.64999718258535299  26.080762262265154
6926    -21.303484294286751  0.55140206948971848  26.14550052194722
6927    -21.589129768773265  0.80171805122247342  24.659297066436753
6928    -21.387170225019538  0.78747774569830775  24.758936209161199
6929    -21.210883266394898  0.74293128280946352  24.863008693520761
6930    -21.058489983010709  0.6693740056017875  24.956662687512875
6931    -20.928211464978361  0.56810125712112591  25.02504635913499
6932    -22.692976967364057  1.1239062265618613  28.113659770698199
6933    -22.409026954806524  1.1090161603269126  28.214950996396496
6934    -22.151726139608456  1.0557617728608151  28.317123686481438
6935    -21.922545051927788  0.96147682241929144  28.409944225600608
6936    -21.722954221922436  0.82349506725806598  28.483178998401613
6937    -22.351309288212512  1.1446737224745192  26.955959580298959
6938    -22.075320038832313  1.1287861638925325  27.064945446223849
6939    -21.822953762835702  1.0739243013812823  27.174309396786519
6940    -21.597072627768416  0.97741800704478643  27.273818740669807
6941    -21.400538801176172  0.83659715298706228  27.353240786556643
6942    -21.986012370473318  1.1711415429126362  25.807043339035307
6943    -21.717992131408643  1.1538566895461626  25.923395651059469
6944    -21.470578538317536  1.0965077866273725  26.039228835019738
6945    -21.248015499567678  0.9969005830335167  26.144704956587052
6946    -21.054546923526736  0.85284082764184543  26.229986081432379
6947    -21.595475889601175  1.201567155505582  24.668264817238008
6948    -21.332169972849108  1.1819919581777458  24.790061228489641
6949    -21.089410098032722  1.1198711204159257  24.91344554528634
6950    -20.870757783653893  1.015212950683668  25.026244410729358
6951    -20.679774548214549  0.86802575744451493  25.116284467919968
6952    -22.698996195215205  1.5238380566311176  28.118116851938208
6953    -22.358693079947283  1.5045579839791279  28.235460005650129
6954    -22.036589130825003  1.4357528352299509  28.353238560478317
6955    -21.740327765682277  1.3128762019684963  28.462321587389901
6956    -21.477552402353041  1.1313816757796713  28.553578157352018
6957    -22.357512735702425  1.5445747827121619  26.962533798805332
6958    -22.023029299758612  1.5239163329217005  27.08977212081377
6959    -21.704944673361631  1.452688224692424  27.215620742473668
6960    -21.412082907914812  1.3265769276468908  27.331935846266713
6961    -21.153268054821488  1.1412689114076566  27.430573614674639
6962    -21.992247122178803  1.571013452499153  25.815101166401725
6963    -21.663647115479026  1.5485737341721559  25.952039679861514
6964    -21.349722061631216  1.474036305387036  26.085529419293774
6965    -21.060400145704175  1.34380398348168  26.208647650908951
6966    -20.805609552766729  1.1542795857939723  26.314471640917528
6967    -21.601822010429085  1.6014162597886905  24.677232568039262
6968    -21.277169720678678  1.5765061706571839  24.821186247818083
6969    -20.967936929670543  1.4968109580223889  24.963882397051918
6970    -20.683025584297095  1.3610518957655486  25.095826133945845
6971    -20.431337631450745  1.167950257767904  25.20752257670495
6972    -22.705015423066353  1.9237698867003739  28.122573933178217
6973    -22.308359205088045  1.9000998076313427  28.255969014903766
6974    -21.921452122041551  1.8157438975990876  28.389353434475201
6975    -21.55811047943677  1.6642755815177015  28.514698949179195
6976    -21.232150582783621  1.4392682843012763  28.623977316302419
6977    -22.363716183192341  1.9444758429498046  26.969108017311711
6978    -21.970738560684907  1.9190465019508689  27.11459879540369
6979    -21.586935583887552  1.8314521480035664  27.256932088160816
6980    -21.227093188061211  1.675735848248995  27.39005295186363
6981    -20.905997308466809  1.4459406698282506  27.507906442792645
6982    -21.998481873884291  1.9708853620856697  25.82315899376815
6983    -21.609302099549403  1.9432907787981479  25.980683708663562
6984    -21.228865584944892  1.8515648241466995  26.131830003567813
6985    -20.872784791840687  1.6907073839298448  26.272590345230853
6986    -20.556672182006714  1.4557183439460981  26.398957200402688
6987    -21.608168131256996  2.001265364071799  24.68620031884052
6988    -21.222169468508245  1.971020383136622  24.852311267146533
6989    -20.846463761308367  1.8737507956288517  25.014319248817507
6990    -20.495293384940279  1.7068908408474293  25.165407857162329
6991    -20.182900714686927  1.467874758091293  25.298760685489931
6992    -21.853902961653795  0.39051131362167241  28.455351857574595
6993    -21.764815417192594  0.25118737771224098  28.496050133568524
6994    -21.707121473431091  0.12423129791817539  28.526633011586149
6995    -21.686849195692119  0.0362377211494848  28.538858835780651
6996    -21.534995272121247  0.4051282128057293  27.322901549478871
6997    -21.446707663595408  0.2635085055676834  27.368020961282728
6998    -21.389292988817441  0.13104762850228382  27.402025665944642
6999    -21.369097514651425  0.031726937259484944  27.415675135559013
7000    -21.192580810474791  0.42244037219957198  26.196431318243334
7001    -21.105691509656591  0.27750304008930693  26.24490625700291
7002    -21.04915447563441  0.13851551220896907  26.281267179454897
7003    -21.02930779221057  0.027403227608605182  26.29585592682815
7004    -20.819636354230415  0.43665892630068881  25.07806514885532
7005    -20.736594276967885  0.28692070464763969  25.128721707417565
7006    -20.683667799705105  0.14167363906873603  25.166810018233289
7007    -20.665439488956405  0.023704776470738015  25.182124064713907
7008    -21.5530911999751  0.64311143016632832  28.54192436062069
7009    -21.419124967089083  0.43738486912595032  28.593213198431705
7010    -21.331573199353265  0.22729519518167923  28.629716692138654
7011    -21.30095357285656  0.033822219378261992  28.644106022045587
7012    -21.233619936513936  0.65368114959818191  27.417441477642551
7013    -21.10171216162518  0.44543442774384906  27.473022996390966
7014    -21.015370355638463  0.23100439024152952  27.512357010386669
7015    -20.98514939768231  0.029538439908689273  27.527815187214383
7016    -20.8908788369531  0.66693111688434503  26.299270110846891
7017    -20.761704085829358  0.45514928385880837  26.358325931348578
7018    -20.677246807359431  0.23536393244119211  26.399672086448863
7019    -20.647731138747343  0.025443666507452046  26.415827119659131
7020    -20.519115887085345  0.67926775549175589  25.188412889174796
7021    -20.394553377380223  0.46260652049108647  25.250222261466195
7022    -20.314322660216114  0.23711440221465813  25.293657349879535
7023    -20.286659376710013  0.021863750434622978  25.310662919500068
7024    -21.252279438296402  0.89571154671098396  28.628496863666793
7025    -21.073434516985547  0.62358236053965976  28.690376263294887
7026    -20.956024925275429  0.33035909244518313  28.732800372691173
7027    -20.915057950020987  0.031406717607039128  28.749353208310527
7028    -20.932244600906621  0.90223408639063385  27.511981405806225
7029    -20.756716659654952  0.62736034992001455  27.578025031499212
7030    -20.641447722459478  0.33096115198077525  27.622688354828689
7031    -20.601201280713184  0.027349942557893608  27.639955238869756
7032    -20.589176863431415  0.91142186156911786  26.402108903450451
7033    -20.417716662002118  0.63279552762830971  26.471745605694235
7034    -20.305339139084442  0.33221235267341515  26.518076993442829
7035    -20.266154485284112  0.023484105406298854  26.535798312490119
7036    -20.218595419940272  0.92187658468282307  25.298760629494275
7037    -20.052512477792547  0.63829233633453308  25.37172281551484
7038    -19.944977520727118  0.33255516536058022  25.420504681525788
7039    -19.90787926446361  0.020022724398507968  25.439201774286239
7040    -20.95146767661771  1.1483116632556394  28.715069366712889
7041    -20.727744066882035  0.8097798519533691  28.787539328158065
7042    -20.58047665119761  0.43342298970868692  28.835884053243671
7043    -20.529162327185436  0.02899121583581632  28.85460039457546
7044    -20.630869265299307  1.1507870231830863  27.606521333969908
7045    -20.411721157684717  0.80928627209618031  27.683027066607455
7046    -20.267525089280497  0.43091791372002103  27.73301969927072
7047    -20.217253163744068  0.025161445207097944  27.75209529052513
7048    -20.287474889909728  1.1559126062538907  26.504947696054007
7049    -20.073729238174884  0.81044177139781126  26.585165280039902
7050    -19.933431470809467  0.42906077290563821  26.636481900436795
7051    -19.884577831820891  0.021524544305145707  26.6557695053211
7052    -19.918074952795202  1.1644854138738903  25.409108369813751
7053    -19.710471578204874  0.81397815217797986  25.49322336956347
7054    -19.575632381238133  0.42799592850650237  25.547352013172034
7055    -19.529099152217235  0.018181698362393001  25.567740629072397
7056    -21.710791371038589  -0.055362783264667592  28.527932136343573
7057    -21.776736015851277  -0.19151116818328806  28.499197013872031
7058    -21.87720403942981  -0.34317006997862165  28.459621168127487
7059    -22.004716351073824  -0.48130212502291331  28.416172298871437
7060    -21.392830380177891  -0.070776600641377987  27.403642900519493
7061    -21.457789417292844  -0.21130822267640414  27.371983544806714
7062    -21.556203932083562  -0.36366988068878964  27.328528120895491
7063    -21.680303230637335  -0.50166352652173063  27.281107681260629
7064    -21.052654419725826  -0.086473487463492579  26.283190469819171
7065    -21.116238607122394  -0.23242266272087805  26.249645970857795
7066    -21.21221037110465  -0.38652139305626915  26.203350058772504
7067    -21.332719728376986  -0.52484677336238394  26.152430362391854
7068    -20.687074220476035  -0.096641113705577486  25.168976528284883
7069    -20.746653543003298  -0.24791182121298969  25.134147793274046
7070    -20.838135032529834  -0.40565913793506453  25.086133397445909
7071    -20.955476265047359  -0.54543485575536965  25.033428878565054
7072    -21.336652997765821  -0.1626953793818178  28.63172893892138
7073    -21.43290640656706  -0.38051912923892961  28.597285967585094
7074    -21.577503508827863  -0.59656952971260735  28.547477449416085
7075    -21.75823401411586  -0.78776708032238463  28.48900372579369
7076    -21.020186122932785  -0.17462327905035202  27.514646907512045
7077    -21.114491861185268  -0.39585952014097969  27.477783054288118
7078    -21.255933233497178  -0.61310122711028847  27.424117548683242
7079    -21.432376860925977  -0.80527934370537257  27.360544311838037
7080    -20.681891983334062  -0.1868299823795524  26.402225770879429
7081    -20.77378105282682  -0.41250789610749949  26.363728916269615
7082    -20.911597696978866  -0.63197009097624302  26.306994303730626
7083    -21.083541265543506  -0.82559658328563523  26.238679681163418
7084    -20.318807814611521  -0.19539025977943381  25.296416551351694
7085    -20.406046984260723  -0.42593198060680543  25.256191449850917
7086    -20.53866461066006  -0.64924835314866125  25.197075815171768
7087    -20.706948418812022  -0.84482631850617163  25.126157847488308
7088    -20.962514624493057  -0.27002797549896801  28.73552574149917
7089    -21.089076797282853  -0.56952709029457116  28.695374921298157
7090    -21.277802978225942  -0.84996898944659283  28.635333730704673
7091    -21.51175167715791  -1.094232035621856  28.561835152715943
7092    -20.647541865687696  -0.27846995745932607  27.625650914504579
7093    -20.771194305077699  -0.58041081760555524  27.583582563769514
7094    -20.955662534910811  -0.86253257353178725  27.519706976470992
7095    -21.184450491214633  -1.1088951608890145  27.439980942415449
7096    -20.311129546942304  -0.2871864772956122  26.521261071939673
7097    -20.431323498531249  -0.59259312949412091  26.477811861681445
7098    -20.610985022853093  -0.87741878889621683  26.410638548688748
7099    -20.834362802710007  -1.1263463932088864  26.324928999934979
7100    -19.950541408746997  -0.29413940585329018  25.42385657441849
7101    -20.065440425518144  -0.60395214000062103  25.378235106427788
7102    -20.239194188790286  -0.89283756836225814  25.308018232897634
7103    -20.458420572576696  -1.1442177812569738  25.218886816411551
7104    -20.588376251220282  -0.37736057161611841  28.839322544076978
7105    -20.745247187998636  -0.7585350513502126  28.79346387501122
7106    -20.978102447624  -1.1033684491805782  28.72319001199326
7107    -21.26526934019995  -1.4006969909213278  28.6346665796382
7108    -20.274897608442593  -0.38231663586830006  27.736654921497124
7109    -20.427896748970124  -0.7649621150701309  27.689382073250911
7110    -20.655391836324426  -1.1119639199532865  27.615296404258746
7111    -20.936524121503272  -1.4125109780726559  27.519417572992865
7112    -19.94036711055054  -0.387542972211672  26.640296372999934
7113    -20.088865944235675  -0.77267836288074265  26.591894807093265
7114    -20.310372348727306  -1.1228674868161903  26.514282793646878
7115    -20.585184339876527  -1.4270962031321373  26.41117831870654
7116    -19.582275002882486  -0.39288855192714672  25.551296597485297
7117    -19.72483386677558  -0.78197229939443647  25.500278763004658
7118    -19.939723766920508  -1.1364267835758548  25.418960650623497
7119    -20.209892726341359  -1.4436092440077757  25.311615785334808
7120    -22.153957977824248  -0.58711022045148942  28.360707660061234
7121    -22.326838463526478  -0.66197918190690297  28.286614123557243
7122    -22.526715492686755  -0.70714455352223649  28.203153815975536
7123    -22.756946749811348  -0.72384187943057277  28.119588863932183
7124    -21.82560885625994  -0.60784316036235542  27.220876585299159
7125    -21.994003423013677  -0.68297219959390931  27.140667567554143
7126    -22.187257843120641  -0.72816672185376219  27.050829243219695
7127    -22.407143028802903  -0.74454280477928547  26.961710227489863
7128    -21.474177316846877  -0.63184598390576985  26.087878783293075
7129    -21.638279485397401  -0.708220785153031  26.002535427137765
7130    -21.825104817196294  -0.75443014229697047  25.907300228881272
7131    -22.034731895411333  -0.77093302053039248  25.81307312347894
7132    -21.094234729220709  -0.65410432126602447  24.965243674406842
7133    -21.254295771379152  -0.7339003622002005  24.873893036071507
7134    -21.436108754011038  -0.78342599215304565  24.772531221311485
7135    -21.640123039604763  -0.80128422471970806  24.674312487879128
7136    -21.96779698269296  -0.93585304371250833  28.41649767274308
7137    -22.20536783868101  -1.0395858720518447  28.326010232568212
7138    -22.468450837437423  -1.1014118491468565  28.226368846066638
7139    -22.754550234319641  -1.1237772588040076  28.126400954035947
7140    -21.637608308716455  -0.95484124020626393  27.282036918749881
7141    -21.870932304689802  -1.0597519676817373  27.184902382285884
7142    -22.128494213768139  -1.122218991062002  27.078034780391448
7143    -22.406439400873559  -1.1444497752772673  26.970328191011937
7144    -21.284474859746304  -0.9770852549701422  26.154484496275433
7145    -21.513626063542723  -1.0841657341420188  26.051392669645381
7146    -21.765740950780721  -1.148265656367802  25.937988658481107
7147    -22.035565595308295  -1.1708126572140305  25.822856919990564
7148    -20.904806494243935  -0.99849543126794149  25.037225251611851
7149    -21.129592686615208  -1.1094323563972721  24.926691053440486
7150    -21.376763367126518  -1.1771447005573794  24.805581434778688
7151    -21.641774906978569  -1.2011400704114823  24.684922577430868
7152    -21.781635987561675  -1.2845958669735271  28.472287685424938
7153    -22.083897213835538  -1.4171925621967865  28.365406341579188
7154    -22.410186182188095  -1.4956791447714775  28.24958387615775
7155    -22.752153718827937  -1.5237126381774426  28.133213044139708
7156    -21.44960776117296  -1.3018393200501726  27.343197252200593
7157    -21.747861186365924  -1.4365317357695653  27.229137197017611
7158    -22.069730584415641  -1.5162712602702415  27.105240317563197
7159    -22.405735772944201  -1.5443567457752492  26.978946154534011
7160    -21.094772402645741  -1.3223245260345144  26.221090209257813
7161    -21.38897264168806  -1.4601106831310073  26.100249912153
7162    -21.706377084365155  -1.5421011704386356  25.968677088080973
7163    -22.036399295205264  -1.5706922938976688  25.83264071650218
7164    -20.715378259267158  -1.3428865412698583  25.109206828816852
7165    -21.004889601851264  -1.4849643505943428  24.979489070809468
7166    -21.317417980241991  -1.5708634089617137  24.83863164824589
7167    -21.643426774352356  -1.6009959161032561  24.695532666982601
7168    -21.595474992430383  -1.6333386902345457  28.528077698106781
7169    -21.96242658899007  -1.794799252341728  28.404802450590154
7170    -22.351921526938757  -1.8899464403960975  28.272798906248845
7171    -22.749757203336223  -1.9236480175508777  28.140025134243466
7172    -21.261607213629475  -1.6488373998940795  27.404357585651319
7173    -21.624790068042049  -1.8133115038573928  27.273372011749359
7174    -22.010966955063136  -1.9103235294784808  27.132445854734961
7175    -22.405032145014857  -1.9442637162732308  26.987564118056085
7176    -20.905069945545169  -1.6675637970988866  26.287695922240168
7177    -21.264319219833379  -1.8360556321199952  26.149107154660612
7178    -21.647013217949578  -1.935936684509467  25.999365517680808
7179    -22.037232995102219  -1.9705719305813068  25.842424513013807
7180    -20.525950024290381  -1.6872776512717749  25.18118840602186
7181    -20.880186517087324  -1.8604963447914145  25.032287088178443
7182    -21.258072593357475  -1.9645821173660472  24.871681861713085
7183    -21.645078641726158  -2.0008517617950301  24.706142756534341
7184    -22.985735402745139  -0.71341722184155065  28.038863535411732
7185    -23.181044410283054  -0.6758478075405272  27.961829945275117
7186    -23.345871143356511  -0.61031592752416297  27.894611990452884
7187    -23.483212972896904  -0.51600387278911897  27.843333567875597
7188    -22.626434755829223  -0.73362652950999585  26.876497961536529
7189    -22.817167809062795  -0.6954669780259648  26.795409261912372
7190    -22.980001614367474  -0.62896472922539426  26.724336806882715
7191    -23.11559559760709  -0.53302036200648573  26.669173274712847
7192    -22.244456905905977  -0.75910994962283918  25.723384494155226
7193    -22.430460465461859  -0.71944686944820813  25.638263947981105
7194    -22.59114780362442  -0.65106086035583866  25.563360255681566
7195    -22.724924149939021  -0.55306900269506898  25.504322187981643
7196    -21.844589234364392  -0.78739024988109507  24.580984202744542
7197    -22.026440345981438  -0.74339455456430692  24.490500119634167
7198    -22.184149339175875  -0.67050309778378037  24.410324076434787
7199    -22.316189178667603  -0.56992183855395251  24.347919911033237
7200    -23.039276981080921  -1.1089598984036857  28.02793005755731
7201    -23.298241388836679  -1.0558061034424229  27.931553964723147
7202    -23.528946751987714  -0.96161496490090026  27.844261576847849
7203    -23.728896364934769  -0.82368557375979845  27.773041795245778
7204    -22.683600070174318  -1.1287666839205137  26.864825737185907
7205    -22.938462730710171  -1.0741900918487375  26.762759304641818
7206    -23.166654204710511  -0.97797448088816774  26.670306115360066
7207    -23.363801314404711  -0.83737433286503404  26.59364339132102
7208    -22.305071692338636  -1.1538507438115644  25.710342733800999
7209    -22.555637917072669  -1.096942554232853  25.602629576511593
7210    -22.781120813340408  -0.99779367045681544  25.505059200787972
7211    -22.97537692497178  -0.8541096744623683  25.422973359295845
7212    -21.906702526939327  -1.1819454779760352  24.567103847765519
7213    -22.152897749026238  -1.1203443995218751  24.452165734126833
7214    -22.374731396314697  -1.0162291380937818  24.347611101282798
7215    -22.566574291879963  -0.8694919967365361  24.26094281400146
7216    -23.092818559416692  -1.5045025749658201  28.016996579702884
7217    -23.415438367390312  -1.4357643993443192  27.901277984171198
7218    -23.712022360618914  -1.3129140022776375  27.793911163242811
7219    -23.974579756972634  -1.1313672747304782  27.702750022615955
7220    -22.74076538451941  -1.5239068383310324  26.853153512835274
7221    -23.05975765235755  -1.4529132056715102  26.730109347371258
7222    -23.353306795053555  -1.3269842325509409  26.616275423837433
7223    -23.612007031202328  -1.1417283037235824  26.518113507929193
7224    -22.365686478771291  -1.5485915380002895  25.697300973446779
7225    -22.680815368683476  -1.4744382390174982  25.566995205042076
7226    -22.971093823056382  -1.3445264805577917  25.446758145894389
7227    -23.225829700004557  -1.1551503462296675  25.341624530610055
7228    -21.968815819514234  -1.5765007060709753  24.553223492786501
7229    -22.279355152071041  -1.4972942444794435  24.413831348619496
7230    -22.565313453453498  -1.3619551784037831  24.284898126130823
7231    -22.81695940509233  -1.1690621549191194  24.173965716969686
7232    -23.14636013775247  -1.900045251527956  28.006063101848461
7233    -23.53263534594393  -1.8157226952462151  27.871002003619228
7234    -23.89509796925012  -1.6642130396543755  27.743560749637783
7235    -24.220263149010496  -1.4390489757011575  27.632458249986133
7236    -22.797930698864498  -1.9190469927415497  26.841481288484644
7237    -23.181052574004934  -1.8316363194942824  26.697459390100704
7238    -23.539959385396607  -1.6759939842137139  26.562244732314785
7239    -23.860212747999945  -1.44608227458213  26.442583624537363
7240    -22.426301265203946  -1.9433323321890146  25.684259213092552
7241    -22.805992820294286  -1.8519339238021431  25.531360833572563
7242    -23.161066832772388  -1.6912592906587685  25.388457091000799
7243    -23.476282475037316  -1.4561910179969664  25.260275701924257
7244    -22.030929112089172  -1.9710559341659148  24.539343137807467
7245    -22.40581255511584  -1.8742440894370114  24.375496963112166
7246    -22.755895510592339  -1.7076812187137844  24.222185150978834
7247    -23.067344518304697  -1.4686323131017025  24.086988619937909
7248    -23.598316036919719  -0.390904038592362  27.804377751535966
7249    -23.6895147249781  -0.25132554344103358  27.772288348057042
7250    -23.749438785309778  -0.12392576320705857  27.750430353314822
7251    -23.770717966152525  -0.035362073762361598  27.74216876318533
7252    -23.229473292747937  -0.40631619871939773  26.627348197868116
7253    -23.321092677855724  -0.26431639315862576  26.594107540451848
7254    -23.382014844943214  -0.13109427138887877  26.572068628186287
7255    -23.40380088602322  -0.030723159474865456  26.563848786793685
7256    -22.837201426954628  -0.42431888779387111  25.459580743296883
7257    -22.928416400776673  -0.27892620227134135  25.425085195806393
7258    -22.989511566284822  -0.13891016941350801  25.402761729880613
7259    -23.011429418358823  -0.026290012506399146  25.394536529889969
7260    -22.426385430079847  -0.43877708784234121  24.301686121079978
7261    -22.514438742388069  -0.28861993698657618  24.266253377259659
7262    -22.572634705339844  -0.14229351555626751  24.243433777010406
7263    -22.593258908682881  -0.022640953121024487  24.235039417770359
7264    -23.898938781446372  -0.64319527102509877  27.716254356707026
7265    -24.034020961508723  -0.43716590336905742  27.670331048341865
7266    -24.122793808849003  -0.22666332027176425  27.639368846944816
7267    -24.153908227194407  -0.032753371213310845  27.627464729310468
7268    -23.531149423950872  -0.65439891765634317  26.532453295388567
7269    -23.664947058216661  -0.44573142283677974  26.48444728827592
7270    -23.753325780495704  -0.23063720677908911  26.452846538737301
7271    -23.784417154081609  -0.028381627856017281  26.440872215526969
7272    -23.139658986415899  -0.6682053886849566  25.35739806441789
7273    -23.271354244384664  -0.4559234988934654  25.307347767143774
7274    -23.358521011101971  -0.23526138206697114  25.275146878049593
7275    -23.389217598791795  -0.024216415184550855  25.263119807711483
7276    -22.727998940890984  -0.6807842771815994  24.192937688702855
7277    -22.855518314019442  -0.4636207968428519  24.140997740648199
7278    -22.938913932594318  -0.23718913228870336  24.107563632867063
7279    -22.967967317944684  -0.020676860087563358  24.095076028389116
7280    -24.199561525973024  -0.89548650345783598  27.628130961878085
7281    -24.378527198039354  -0.62300626329708109  27.568373748626676
7282    -24.496148832388226  -0.32940087733647  27.52830734057482
7283    -24.537098488236296  -0.030144668664260001  27.512760695435595
7284    -23.832825555153789  -0.90248163659328873  26.437558392909011
7285    -24.008801438577603  -0.62714645251493362  26.374787036099974
7286    -24.124636716048176  -0.33018014216929947  26.333624449288315
7287    -24.165033422139999  -0.026040096237169096  26.317895644260258
7288    -23.442116545877166  -0.91209188957604204  25.255215385538893
7289    -23.614292087992649  -0.63292079551558933  25.189610338481131
7290    -23.727530455919123  -0.33161259472043431  25.147532026218578
7291    -23.767005779224771  -0.022142817862702537  25.131703085533008
7292    -23.029612451702118  -0.92279146652085731  24.084189256325732
7293    -23.196597885650824  -0.63862165669912752  24.015742104036725
7294    -23.305193159848791  -0.33208474902113921  23.971693488723748
7295    -23.342675727206483  -0.018712767054102283  23.955112639007883
7296    -24.500184270499673  -1.1477777358905727  27.540007567049148
7297    -24.723033434569974  -0.80884662322510481  27.466416448911513
7298    -24.869503855927451  -0.43213843440117589  27.417245834204824
7299    -24.920288749278178  -0.027535966115209257  27.398056661560734
7300    -24.134501686356721  -1.1505643555302341  26.342663490429462
7301    -24.352655818938537  -0.80856148219308754  26.26512678392405
7302    -24.495947651600666  -0.42972307755951022  26.214402359839326
7303    -24.545649690198388  -0.023698564618320941  26.194919072993528
7304    -23.74457410533844  -1.1559783904671275  25.153032706659904
7305    -23.957229931600633  -0.80991809213771337  25.071872909818513
7306    -24.096539900736271  -0.42796380737389761  25.019917174387555
7307    -24.144793959657747  -0.020069220540854263  25.000286363354522
7308    -23.331225962513265  -1.1647986558601158  23.97544082394861
7309    -23.537677457282189  -0.81362251655540319  23.890486467425266
7310    -23.671472387103268  -0.42698036575357518  23.835823344580408
7311    -23.71738413646829  -0.01674867402064123  23.815149249626636
7312    -23.744967568067629  0.056782821587618992  27.746961401107253
7313    -23.675158133337781  0.19330538355825891  27.762314854625686
7314    -23.570952272783032  0.34511698230885457  27.78866726577618
7315    -23.442012597223425  0.48312898799870263  27.826456776594341
7316    -23.377682597431029  0.07277520595150043  26.568500393412474
7317    -23.3076268131997  0.21393785816245112  26.584031628301769
7318    -23.204297181888776  0.36652962594949745  26.611493521864766
7319    -23.078357352057832  0.50431533810415052  26.651937104504654
7320    -22.985233445214938  0.089014402385096086  25.399117429076604
7321    -22.915569764584372  0.23581281949159433  25.414981157852978
7322    -22.813754815619546  0.39018043097032817  25.443707246344658
7323    -22.691105037472838  0.52819242897852992  25.486875224677274
7324    -22.568499749187058  0.099322222589792064  24.239783492865847
7325    -22.502252972043326  0.25152557534982523  24.256228049658876
7326    -22.404365189631378  0.40954361284397567  24.28595846664069
7327    -22.28468301433087  0.54895084275714379  24.330560122302547
7328    -24.116943788301249  0.16416412350470261  27.635710922550405
7329    -24.018147066835713  0.38229517019982107  27.661310084361524
7330    -23.871169470890006  0.59848265932067146  27.702524837416195
7331    -23.689662408556295  0.78956948131588101  27.757617804386868
7332    -23.747749049256552  0.17651427829312016  26.44908065383343
7333    -23.650115805986548  0.39827306498143761  26.475256398952329
7334    -23.505548692091068  0.61574475726483235  26.518462934798549
7335    -23.328078975389612  0.80777938019920303  26.577763745286987
7336    -23.353131594210698  0.18911314671307616  25.27129539350717
7337    -23.25729051472306  0.41550121089279679  25.298058507263825
7338    -23.115762568464692  0.63525864383694097  25.34326761123155
7339    -22.942615963571335  0.82869631202783822  25.406781167660476
7340    -22.93372172722599  0.19778412231428624  24.103682606460985
7341    -22.842162077892741  0.42913187289635452  24.131693741480429
7342    -22.70548238172271  0.65278374822891205  24.178794139203571
7343    -22.535876650493631  0.84815710488223095  24.244668505386514
7344    -24.488920008534866  0.27154542542178622  27.524460443993558
7345    -24.361136000333662  0.57128495684138314  27.56030531409737
7346    -24.171386668996981  0.85184833633248835  27.616382409056225
7347    -23.937312219889158  1.0960099746330594  27.688778832179388
7348    -24.117815501082067  0.28025335063473994  26.32966091425439
7349    -23.992604798773396  0.58260827180042407  26.366481169602885
7350    -23.806800202293356  0.86495988858016759  26.425432347732333
7351    -23.577800598721385  1.1112434222942555  26.503590386069313
7352    -23.721029743206461  0.28921189104105627  25.143473357937737
7353    -23.599011264861765  0.59518960229399931  25.181135856674675
7354    -23.417770321309821  0.88033685670355333  25.242827976118441
7355    -23.194126889669825  1.1292001950771464  25.326687110643675
7356    -23.298943705264918  0.29624602203878042  23.967581720056131
7357    -23.18207118374217  0.6067381704428837  24.007159433301986
7358    -23.006599573814036  0.8960238836138481  24.071629811766464
7359    -22.787070286656409  1.1473633670073182  24.158776888470491
7360    -24.860896228768485  0.37892672733886995  27.413209965436717
7361    -24.704124933831597  0.76027474348294544  27.459300543833212
7362    -24.471603867103951  1.1052140133443054  27.530239980696241
7363    -24.184962031222021  1.4024504679502379  27.619939859971915
7364    -24.487881952907589  0.38399242297635972  26.21024117467535
7365    -24.335093791560244  0.76694347861941026  26.257705940253437
7366    -24.108051712495648  1.1141750198955029  26.332401760666112
7367    -23.827522222053172  1.4147074643893087  26.429417026851645
7368    -24.088927892202225  0.38931063536903626  25.015651322368299
7369    -23.94073201500046  0.77487799369520183  25.06421320608553
7370    -23.719778074154974  1.1254150695701663  25.142388341005336
7371    -23.445637815768325  1.4297040781264545  25.246593053626881
7372    -23.664165683303857  0.39470792176327446  23.831480833651263
7373    -23.521980289591585  0.78434446798941237  23.882625125123543
7374    -23.307716765905369  1.1392640189987839  23.964465484329345
7375    -23.038263922819169  1.4465696291324051  24.072885271554448
7376    -23.29262093288246  0.58852513919416682  27.880041867484184
7377    -23.118799300293709  0.66283984268185958  27.94925840370875
7378    -22.917820601742179  0.70751047095144937  28.027760604592068
7379    -22.932451940564938  0.60988972930152163  26.708969836946068
7380    -22.761862341703338  0.68424753103924141  26.781526975143002
7381    -22.566207370185168  0.72875356734259678  26.863651242342737
7382    -22.548704745430342  0.63441505464281456  25.547349299495195
7383    -22.381388686821037  0.7098499424535748  25.62323318147935
7384    -22.191098948861359  0.75522537461371009  25.708965656810374
7385    -22.144783564104884  0.65679611255725301  24.394155021496903
7386    -21.980952210883469  0.73564216757856893  24.47497553099954
7387    -21.795097947996339  0.78433436230550424  24.565772572187253
7388    -23.480327893875053  0.93725628687555151  27.829546778386291
7389    -23.242601242137308  1.0404449063302363  27.917645617425165
7390    -22.979233813310994  1.1017799995892388  28.014741041522722
7391    -23.122792754342473  0.9568107597581248  26.654804607165719
7392    -22.888495507497115  1.0610048242674472  26.747686587433428
7393    -22.629797572803746  1.1228097523114762  26.85015610538089
7394    -22.741417151793275  0.97953996739540905  25.488920240490739
7395    -22.510635364237309  1.0857684209400444  25.586555272746153
7396    -22.25669297807384  1.1490721277497757  25.694368795302424
7397    -22.337635193551868  1.0011435358173226  24.331203694891208
7398    -22.110870113407334  1.1111985420906323  24.435572451054998
7399    -21.861508111582811  1.1780853424155793  24.550388312347419
7400    -23.668034854867624  1.2859874345569362  27.779051689288387
7401    -23.366403183980903  1.4180499699786131  27.886032831141566
7402    -23.04064702487981  1.4960495282270276  28.001721478453355
7403    -23.313133568119984  1.3037317902147281  26.600639377385367
7404    -23.015128673290889  1.4377621174956532  26.713846199723839
7405    -22.693387775422298  1.5168659372803555  26.836660968419036
7406    -22.93412955815619  1.3246648801480034  25.430491181486286
7407    -22.639882041653571  1.4616868994265138  25.549877364012939
7408    -22.322287007286295  1.5429188808858414  25.67977193379447
7409    -22.53048682299886  1.3454909590773911  24.26825236828552
7410    -22.240788015931191  1.4867549166026952  24.396169371110457
7411    -21.927918275169286  1.5718363225256522  24.535004052507588
7412    -23.855741815860217  1.6347185822383212  27.72855660019049
7413    -23.490205125824502  1.7956550336269903  27.854420044857978
7414    -23.102060236448626  1.8903190568648165  27.988701915384002
7415    -23.503474381897519  1.6506528206713313  26.546474147605025
7416    -23.141761839084673  1.8145194107238591  26.680005812014254
7417    -22.756977978040872  1.9109221222492352  26.823165831457192
7418    -23.126841964519116  1.6697897929005985  25.372062122481825
7419    -22.769128719069837  1.8376053779129837  25.513199455279736
7420    -22.387881036498776  1.936765634021907  25.665175072286509
7421    -22.723338452445848  1.6898383823374614  24.205301041679824
7422    -22.370705918455055  1.8623112911147586  24.356766291165915
7423    -21.994328438755769  1.9655873026357273  24.519619792667754
7424    -21.172250437672911  0.83436546617429419  23.531391316841429
7425    -20.975853780199881  0.81818658795649979  23.633850997707555
7426    -20.804138252789773  0.76941240769811514  23.742991799323136
7427    -20.655111751997001  0.6913321440035306  23.841914772969616
7428    -20.526782174375956  0.58723501547713663  23.91372096992848
7429    -20.728551583911269  0.86747696805290375  22.416169107043967
7430    -20.542275073258441  0.85059618785991398  22.521006278374056
7431    -20.375956647926223  0.80035953688027384  22.632876452367828
7432    -20.229677022240441  0.72016721040622533  22.734970255668856
7433    -20.103516910526935  0.61341940373001036  22.810478314920701
7434    -20.256675619878781  0.89933160775488774  21.31466869451787
7435    -20.08027962794603  0.88197959237140588  21.421495458981603
7436    -19.918831122871374  0.83078793759685765  21.535241631226889
7437    -19.774771190472272  0.74899101526969269  21.639652890055764
7438    -19.65054091656615  0.63982319722835967  21.718474914270267
7439    -19.755264957965892  0.92820843617683213  20.227928336736611
7440    -19.583712968013412  0.90960984845383164  20.33641194735107
7441    -19.425254348692356  0.85571287708878563  20.452666314472289
7442    -19.282979653423723  0.77091536905375513  20.559786430575429
7443    -19.159979435628458  0.65961517132080116  20.640867288135663
7444    -21.178709312619517  1.2342041728339006  23.540782812419813
7445    -20.920194865988069  1.2124995597967798  23.667355410128888
7446    -20.682076799119763  1.1457116032058734  23.797738120684976
7447    -20.467345518159316  1.0359648075920522  23.917466552681788
7448    -20.278991429251434  0.8853836774861894  24.01207631471312
7449    -20.734882307464396  1.2673203450583563  22.425493097869328
7450    -20.484449248195588  1.2445035847485943  22.557726308961783
7451    -20.251131495627124  1.1753076147668213  22.69284209277787
7452    -20.039614825001138  1.0622254902466883  22.817152178182411
7453    -19.854585011559788  0.90775026632184774  22.916968294040231
7454    -20.262624850959451  1.2991943461786475  21.323354907581233
7455    -20.020121561588905  1.2754930044268753  21.460985864629766
7456    -19.791270564898578  1.2043896658816229  21.60025641336582
7457    -19.582634946185365  1.0884728572825668  21.728569843838024
7458    -19.400777790746123  0.93033110536937913  21.833329446095046
7459    -19.760566919928348  1.3281048501944706  20.235327475550164
7460    -19.522400248285212  1.3029567902253067  20.376946016774248
7461    -19.297190384277911  1.2286882673331323  20.521480034249539
7462    -19.091475123718002  1.1091847673346775  20.654988106255392
7463    -18.911792262416999  0.94833177604667374  20.763528811071211
7464    -21.185168187566131  1.6340428794935069  23.550174307998194
7465    -20.864535951776261  1.6068125316370603  23.700859822550228
7466    -20.560015345449752  1.5220107987136318  23.852484442046809
7467    -20.279579284321631  1.380597471180574  23.993018332393966
7468    -20.031200684126915  1.1835323394952422  24.110431659497763
7469    -20.741213031017523  1.6671637220638091  22.434817088694686
7470    -20.426623423132746  1.6384109816372754  22.594446339549503
7471    -20.126306343328025  1.5502556926533684  22.7528077331879
7472    -19.849552627761835  1.4042837700871511  22.899334100695956
7473    -19.605653112592631  1.202081128913685  23.023458273159768
7474    -20.268574082040118  1.6990570846024069  21.332041120644586
7475    -19.959963495231779  1.6690064164823442  21.500476270277911
7476    -19.663710006925776  1.5779913941663888  21.665271195504729
7477    -19.390498701898458  1.4279546992954402  21.817486797620283
7478    -19.151014664926095  1.2208390135103984  21.948183977919822
7479    -19.765868881890796  1.728001264212109  20.242726614363715
7480    -19.461087528556998  1.6963037319967822  20.417480086197429
7481    -19.169126419863442  1.601663657577479  20.590293754026778
7482    -18.89997059401227  1.4474541656156001  20.750189781935365
7483    -18.66360508920555  1.2370483807725461  20.886190334006752
7484    -21.191627062512737  2.0338815861531132  23.559565803576579
7485    -20.808877037564454  2.0011255034773412  23.734364234971562
7486    -20.437953891779742  1.8983099942213897  23.907230763408652
7487    -20.091813050483946  1.7252301347690964  24.068570112106141
7488    -19.783409939002389  1.4816810015042949  24.208787004282396
7489    -20.747543754570646  2.0670070990692624  22.444141079520048
7490    -20.368797598069889  2.0323183785259569  22.631166370137244
7491    -20.001481191028923  1.9252037705399161  22.812773373597938
7492    -19.659490430522524  1.7463420499276145  22.981516023209512
7493    -19.356721213625484  1.4964119915055227  23.129948252279302
7494    -20.274523313120792  2.0989198230261668  21.340727333707949
7495    -19.899805428874661  2.0625198285378143  21.539966675926077
7496    -19.53614944895299  1.9515931224511536  21.730285977643664
7497    -19.198362457611552  1.7674365413083142  21.906403751402539
7498    -18.901251539106067  1.5113469216514184  22.063038509744604
7499    -19.771170843853252  2.127897678229747  20.250125753177272
7500    -19.399774808828802  2.0896506737682579  20.45801415562061
7501    -19.041062455449001  1.9746390478218256  20.659107473804038
7502    -18.708466064306549  1.7857235638965228  20.845391457615335
7503    -18.415417915994094  1.5257649854984183  21.008851856942307
7504    -20.420632798242178  0.4532456769219097  23.968664439657466
7505    -20.341413674087825  0.29871582411842246  24.021198283800139
7506    -20.292032856732256  0.14677523713746085  24.060722131916581
7507    -20.27539840099482  0.020553696049810614  24.076635613566932
7508    -19.999475168887226  0.47695762829081245  22.868697735537463
7509    -19.921562781925047  0.31877434324802323  22.923253248667642
7510    -19.872878656719504  0.15899616547419601  22.963826919556318
7511    -19.856521700349681  0.017749711841883759  22.980100813448598
7512    -19.548291440966128  0.50094871852700729  21.779699741300238
7513    -19.470991980596462  0.33924341521291251  21.835681725573888
7514    -19.422310736941274  0.17175906061421575  21.876710021390746
7515    -19.405915911484673  0.015547428059057955  21.89307378305039
7516    -19.059209589279462  0.51837288575010509  20.703205161750727
7517    -18.983651650218984  0.35227019318956038  20.759278838072667
7518    -18.936434634671997  0.17848655909279379  20.799957077658146
7519    -18.920687558863506  0.014201448913432668  20.816108641063849
7520    -20.121517690373874  0.69359212516270685  24.086912584542151
7521    -20.001635605426866  0.4720126848311812  24.151269005884796
7522    -19.925647799438828  0.24046779392521422  24.196603886263748
7523    -19.899856897438166  0.018779889878407695  24.214375533201778
7524    -19.700767472559093  0.71239685872053937  22.996367464327516
7525    -19.583810938110943  0.48684366884421792  23.063259787491525
7526    -19.509786152741214  0.24882898033635376  23.109706604103554
7527    -19.484763860975725  0.016091076840417912  23.127769254734936
7528    -19.250358152849444  0.73147573925376508  21.917113400666054
7529    -19.135758911599883  0.50208057271239148  21.986149770067446
7530    -19.063128889548167  0.25772785948237403  22.033316667328553
7531    -19.038616909245007  0.013999853300828802  22.051492205478766
7532    -18.763782650453418  0.74662254985089549  20.849486265692878
7533    -18.652159062061134  0.51270449661789752  20.919894117393554
7534    -18.582067179284625  0.26269432939757309  20.967785239868352
7535    -18.558652684168369  0.012708761239816735  20.986192506812451
7536    -19.822402582505578  0.93393857340350395  24.205160729426833
7537    -19.661857536765908  0.64530954554393993  24.281339727969453
7538    -19.559262742145389  0.33416035071296757  24.332485640610923
7539    -19.524315393881512  0.017006083707004783  24.35211545283661
7540    -19.402059776230949  0.9478360891502664  23.124037193117594
7541    -19.246059094296836  0.65491299444041262  23.203266326315426
7542    -19.146693648762906  0.33866179519851153  23.2555862886508
7543    -19.113006021601766  0.014432441838952047  23.275437696021285
7544    -18.952424864732755  0.96200275998052265  22.054527060031869
7545    -18.80052584260331  0.66491773021187062  22.136617814561014
7546    -18.703947042155054  0.34369665835053231  22.189923313266373
7547    -18.671317907005342  0.012452278542599671  22.209910627907131
7548    -18.468355711627375  0.97487221395168555  20.995767369635015
7549    -18.320666473903295  0.67313880004623461  21.080509396714447
7550    -18.227699723897235  0.34690209970235258  21.13561340207858
7551    -18.196617809473224  0.011216073566200802  21.156276372561038
7552    -19.523287474637275  1.1742850216443006  24.323408874311518
7553    -19.322079468104945  0.818606406256699  24.411410450054106
7554    -19.192877684851958  0.42785290750072097  24.468367394958086
7555    -19.148773890324854  0.015232277535601902  24.48985537247146
7556    -19.103352079902812  1.1832753195799939  23.251706921907651
7557    -18.908307250482732  0.82298232003660754  23.343272865139319
7558    -18.783601144784612  0.4284946100606693  23.401465973198047
7559    -18.74124818222781  0.012773806837486218  23.423106137307631
7560    -18.654491576616071  1.1925297807072803  22.191940719397682
7561    -18.46529277360673  0.82775488771134986  22.287085859054578
7562    -18.344765194761951  0.42966545721869076  22.346529959204183
7563    -18.304018904765684  0.01090470378437057  22.368329050335507
7564    -18.172928772801338  1.2031218780524757  21.142048473577162
7565    -17.989173885745451  0.83357310347457181  21.241124676035337
7566    -17.87333226850987  0.43110987000713213  21.303441564288782
7567    -17.834582934778091  0.0097233858925848682  21.326360238309636
7568    -20.295396312079834  -0.10769599081307359  24.063135957464944
7569    -20.351135721097403  -0.26484684419995758  24.027297486324862
7570    -20.438359371725596  -0.42645782766038681  23.977835470707664
7571    -20.552810007642488  -0.56808790474390669  23.923465181174272
7572    -19.876369578774032  -0.12521827231810978  22.966549015660377
7573    -19.931253317120525  -0.28943132473048544  22.930078672543814
7574    -20.016701861222579  -0.45366825310594738  22.87902144089847
7575    -20.128244156913592  -0.59670786515519969  22.82170897752389
7576    -19.425968283230635  -0.1421410913252848  21.879735452042549
7577    -19.480776308067007  -0.31342126620308008  21.843217575576048
7578    -19.565229702803865  -0.48028906293350254  21.79114946652912
7579    -19.674218184251266  -0.62474044787572758  21.731160437779973
7580    -18.940166688121582  -0.15139758093919756  20.803215015782808
7581    -18.993474670931146  -0.3285726720162484  20.767440419066723
7582    -19.07601009825251  -0.49931890580480898  20.715677706110373
7583    -19.183171561046013  -0.64563136379196773  20.654819732108507
7584    -19.930049270881572  -0.20458580107196739  24.199560694176217
7585    -20.012720905327498  -0.44042450579739811  24.15778276518585
7586    -20.140238846957057  -0.66780446652741943  24.096470026535606
7587    -20.30497014195138  -0.86579392549156631  24.023050758530378
7588    -19.514237153235687  -0.21806316400187817  23.112901489974522
7589    -19.59474558360818  -0.45970950830148111  23.070342302936076
7590    -19.718929592117998  -0.69018363804390692  23.006830897978404
7591    -19.879429618789906  -0.89082123521467249  22.929106479460259
7592    -19.06766641777844  -0.23094442086331299  22.036742729135867
7593    -19.146661298482673  -0.47840166828292285  21.99377895518462
7594    -19.268161028277909  -0.71197323058358819  21.928445555054793
7595    -19.424725084084297  -0.91526044939089701  21.846587200176149
7596    -18.586632020614346  -0.23835164395041877  20.97138820204955
7597    -18.6630083293308  -0.49111566590559208  20.928001614014551
7598    -18.781357337571738  -0.7287606070319268  20.861601123319463
7599    -18.935254772591136  -0.93446376973564593  20.777755110576241
7600    -19.564702229683302  -0.3014756113308612  24.335985430887504
7601    -19.674306089557582  -0.6160021673948386  24.288268044046848
7602    -19.842118322188515  -0.90915110539445232  24.215104582363562
7603    -20.057130276260267  -1.1634999462392259  24.122636335886497
7604    -19.152104727697338  -0.3109080556856465  23.259253964288671
7605    -19.258237850095842  -0.62998769187247672  23.210605933328342
7606    -19.421157323013432  -0.92669902298186668  23.13464035505832
7607    -19.630615080666217  -1.1849346052741452  23.036503981396624
7608    -18.709364552326242  -0.31974775040134112  22.193750006229198
7609    -18.81254628889835  -0.64338207036276573  22.144340334793199
7610    -18.971092353751949  -0.94365739823367356  22.06574164358047
7611    -19.175231983917328  -1.2057804509060663  21.962013962572321
7612    -18.233097353107109  -0.32530570696164013  21.139561388316285
7613    -18.332541987730472  -0.65365865979493587  21.088562808962379
7614    -18.486704576890958  -0.95820230825904484  21.007524540528557
7615    -18.68733798413626  -1.2232961756793239  20.900690489043985
7616    -19.199355188485047  -0.39836542158975508  24.47241016759877
7617    -19.335891273787677  -0.79157982899227952  24.41875332290784
7618    -19.543997797419973  -1.1504977442614848  24.333739138191504
7619    -19.809290410569155  -1.4612059669868855  24.22222191324261
7620    -18.78997230215899  -0.40375294736941497  23.405606438602813
7621    -18.921730116583497  -0.80026587544347216  23.350869563720607
7622    -19.123385053908848  -1.1632144079198261  23.262449812138261
7623    -19.381800542542528  -1.4790479753336176  23.143901483332996
7624    -18.351062686874052  -0.40855107993936934  22.350757283322512
7625    -18.478431279314012  -0.8083624724426085  22.294901714401764
7626    -18.674023679225986  -1.1753415658837594  22.203037732106157
7627    -18.925738883750352  -1.4963004524212355  22.077440724968504
7628    -17.879562685599883  -0.4122597699728614  21.307734574583023
7629    -18.00207564613013  -0.81620165368427966  21.249124003910204
7630    -18.192051816210189  -1.1876440094861631  21.153447957737637
7631    -18.439421195681376  -1.5121285816230026  21.023625867511718
7632    -20.689177335685887  -0.67880948428843757  23.851821744053268
7633    -20.845476292690734  -0.76199979635659643  23.75497198860884
7634    -21.022437467330732  -0.81467503633497196  23.648278739805221
7635    -21.220791448279581  -0.83385139961015264  23.547104822606673
7636    -20.261573303513742  -0.70922888004147644  22.746463194234991
7637    -20.414484772874463  -0.79391311443227586  22.646328067120621
7638    -20.585661069626031  -0.84754402229469594  22.536718349391169
7639    -20.773784698398721  -0.86690505759583458  22.433048794257033
7640    -19.804751889790364  -0.73896228154415544  21.652697020200474
7641    -19.954809900347804  -0.82492348182648756  21.550122887546244
7642    -20.120735348051788  -0.87929310114184411  21.438443067021019
7643    -20.298871365030514  -0.89874019190934706  21.33266258582859
7644    -19.312042351601782  -0.76160946181548927  20.574052217198201
7645    -19.45994036352818  -0.8503140639384813  20.468518065825073
7646    -19.622616089762793  -0.90718242398604532  20.354045909646455
7647    -19.79582002324322  -0.92765179578328361  20.246464380319722
7648    -20.499898499442029  -1.02211454204472  23.92953144177984
7649    -20.72048417674668  -1.1369903389124771  23.811916736316686
7650    -20.962809042325496  -1.2082431033804486  23.683632191580298
7651    -21.222954964638664  -1.233694622734242  23.558103357010033
7652    -20.070457022104961  -1.0502468387123869  22.830460402842249
7653    -20.287399301912352  -1.1677858463324209  22.708189438659009
7654    -20.524661110288942  -1.2408252284054264  22.575040913880365
7655    -20.776647099311639  -1.2667519552620574  22.443762155476101
7656    -19.612008209991764  -1.0776948822350176  21.743074599654122
7657    -19.825651781191507  -1.1976855538913838  21.616719895870428
7658    -20.058195221255506  -1.2723000068534811  21.479279910169119
7659    -20.302177953755741  -1.2986057836147948  21.342511463894315
7660    -19.120078210861394  -1.0992612335766829  20.670436497070543
7661    -19.330555333663398  -1.2225561368236486  20.53871884335388
7662    -19.559287025463767  -1.3000763699457809  20.395821488936811
7663    -19.79887417072911  -1.3275498234123178  20.254963773329912
7664    -20.310619663198175  -1.3654195998010019  24.007241139506423
7665    -20.595492060802631  -1.5119808814683582  23.868861484024556
7666    -20.90318061732027  -1.6018111704259248  23.718985643355378
7667    -21.22511848099774  -1.633537845858331  23.569101891413403
7668    -19.879340740696186  -1.3912647973832974  22.9144576114495
7669    -20.160313830950241  -1.5416585782325662  22.770050810197404
7670    -20.463661150951861  -1.634106434516158  22.61336347836955
7671    -20.779509500224567  -1.6665988529282811  22.454475516695172
7672    -19.419264530193153  -1.4164274829258785  21.833452179107759
7673    -19.696493662035213  -1.5704476259562801  21.683316904194609
7674    -19.995655094459234  -1.6653069125651181  21.520116753317218
7675    -20.305484542480976  -1.6984713753202416  21.352360341960036
7676    -18.928114070121008  -1.4369130053378762  20.766820776942872
7677    -19.201170303798634  -1.5947982097088158  20.608919620882688
7678    -19.495957961164745  -1.6929703159055158  20.437597068227159
7679    -19.801928318215015  -1.7274478510413518  20.263463166340106
7680    -20.121340826954324  -1.7087246575572841  24.084950837232988
7681    -20.470499944858581  -1.8869714240242395  23.925806231732405
7682    -20.843552192315038  -1.9953792374714019  23.754339095130447
7683    -21.227281997356826  -2.0333810689824197  23.580100425816759
7684    -19.688224459287404  -1.7322827560542082  22.99845482005675
7685    -20.033228359988122  -1.9155313101327109  22.831912181735788
7686    -20.402661191614779  -2.0273876406268885  22.651686042858739
7687    -20.782371901137484  -2.0664457505945046  22.46518887791423
7688    -19.226520850394557  -1.7551600836167398  21.923829758561396
7689    -19.567335542878919  -1.9432096980211766  21.749913912518782
7690    -19.933114967662945  -2.0583138182767557  21.560953596465318
7691    -20.308791131206196  -2.0983369670256899  21.362209220025754
7692    -18.736149929380627  -1.7745647770990696  20.863205056815215
7693    -19.071785273933848  -1.967040282593983  20.679120398411502
7694    -19.432628896865715  -2.0858642618652516  20.479372647517515
7695    -19.804982465700913  -2.1273458786703863  20.271962559350293
7696    -21.419784429118533  -0.81804823460386544  23.450908466119166
7697    -21.597242326663988  -0.76988478695409013  23.355273091343797
7698    -21.751765314442352  -0.69252709787179978  23.269749311087569
7699    -21.881953565980002  -0.58914120856796592  23.203887738157476
7700    -20.962729723379315  -0.85046626796595848  22.334069481521048
7701    -21.134907402454651  -0.80097587142326176  22.234860226684276
7702    -21.286806030805032  -0.72163457751673998  22.14533038650454
7703    -21.414913903610763  -0.61564309579538812  22.075389317739621
7704    -20.477814316481044  -0.88186945745195155  21.23087954606773
7705    -20.644812718208499  -0.83150020756768528  21.128050715461484
7706    -20.794187928253145  -0.75062340438828445  21.034469119650161
7707    -20.920261304655241  -0.64223001004548319  20.960427784274017
7708    -19.969427407758022  -0.90948291054642028  20.141750956876763
7709    -20.132335418780634  -0.85629019498322356  20.033633747481328
7710    -20.27882744677596  -0.77229144615611456  19.934567327488935
7711    -20.4031868822089  -0.66170446112751435  19.857006272255049
7712    -21.483138609618425  -1.2124088047046913  23.435463306273274
7713    -21.724786646510552  -1.1462148266657641  23.31344870976325
7714    -21.942795948745449  -1.037082380367772  23.201890512008188
7715    -22.132063389753434  -0.88698115756102747  23.110619657536279
7716    -21.028786472623054  -1.2444142594539791  22.315178585814106
7717    -21.265694143323916  -1.1759233030912668  22.187855179337298
7718    -21.480553327678205  -1.063560450842201  22.071148591128072
7719    -21.666547241949878  -0.90960706737505947  21.974415476268806
7720    -20.546297540226242  -1.2754186678716171  21.207977360694848
7721    -20.77851871135621  -1.205076140440666  21.07532971210431
7722    -20.990281644450285  -1.0899282894960711  20.953459301293989
7723    -21.173026516813088  -0.93232520321196355  20.851256911435119
7724    -20.038323236701039  -1.3028788556053252  20.115587305222327
7725    -20.266158822497385  -1.2292796503562431  19.975816877319691
7726    -20.474259010399042  -1.1104508363083865  19.846896605157525
7727    -20.654501882686915  -0.95009104210506912  19.740070604271367
7728    -21.546492790118329  -1.6067693748055183  23.420018146427392
7729    -21.852330966357137  -1.5225448663774381  23.271624328182721
7730    -22.133826583048535  -1.3816376628637448  23.13403171292881
7731    -22.382173213526858  -1.184821106554089  23.017351576915093
7732    -21.094843221866789  -1.6383622509419993  22.296287690107174
7733    -21.396480884193178  -1.5508707347592714  22.14085013199033
7734    -21.674300624551368  -1.4054863241676616  21.996966795751618
7735    -21.918180580288986  -1.2035710389547312  21.873441634797995
7736    -20.614780763971439  -1.6689678782912831  21.185075175321966
7737    -20.912224704503931  -1.5786520733136462  21.022608708747153
7738    -21.186375360647428  -1.4292331746038591  20.872449482937832
7739    -21.425791728970914  -1.2224203963784441  20.742086038596224
7740    -20.107219065644053  -1.696274800664231  20.089423653567902
7741    -20.399982226214121  -1.6022691057292642  19.918000007158057
7742    -20.669690574022113  -1.4486102264606593  19.75922588282614
7743    -20.905816883164935  -1.2384776230826242  19.623134936287698
7744    -21.609846970618218  -2.0011299449063453  23.404572986581503
7745    -21.979875286203704  -1.8988749060891124  23.229799946602178
7746    -22.324857217351628  -1.7261929453597167  23.066172913849435
7747    -22.632283037300294  -1.4826610555471502  22.924083496293893
7748    -21.160899971110524  -2.0323102424300203  22.277396794400239
7749    -21.527267625062446  -1.9258181664272771  22.093845084643355
7750    -21.868047921424537  -1.7474121974931229  21.922785000375146
7751    -22.169813918628098  -1.497535010534403  21.772467793327181
7752    -20.683263987716632  -2.0625170887109485  21.162172989949088
7753    -21.045930697651638  -1.9522280061866271  20.969887705389979
7754    -21.382469076844561  -1.7685380597116453  20.791439664581663
7755    -21.678556941128761  -1.5125155895449247  20.632915165757325
7756    -20.176114894587069  -2.0896707457231365  20.063260001913463
7757    -20.533805629930875  -1.9752585611022837  19.860183136996415
7758    -20.865122137645198  -1.7867696166129317  19.671555160494734
7759    -21.157131883642961  -1.5268642040601788  19.506199268304023
7760    -21.989956650568111  -0.4554444508155443  23.155912249613511
7761    -22.07466331660072  -0.30050001803513554  23.119004701485899
7762    -22.129782506258479  -0.14749274390917741  23.095152675036989
7763    -22.149023161722063  -0.019607462120108297  23.086343751529128
7764    -21.52096517694002  -0.4794094812259897  22.023842913226254
7765    -21.604630163826059  -0.32070365729153139  21.984264601668922
7766    -21.659301394896719  -0.15976913631531156  21.958715043627091
7767    -21.678371400779881  -0.016849430620629012  21.949254899660229
7768    -21.024474109849724  -0.50353943994289529  20.905092644074919
7769    -21.107346772462172  -0.34124800767871993  20.862364365711901
7770    -21.161819399818718  -0.172562022676571  20.834638072701189
7771    -21.180832099245546  -0.014687794360062373  20.824308888558985
7772    -20.50554654995139  -0.5207015878354796  19.799275974316224
7773    -20.585820630907172  -0.35415022211965774  19.753635281518036
7774    -20.637964549588634  -0.17931073289485663  19.723438952179787
7775    -20.655933730508224  -0.013443489075884829  19.712041744620741
7776    -22.290453750224742  -0.69523011231490062  23.040043710136153
7777    -22.413601878718985  -0.473132662038522  22.985858855892157
7778    -22.493059750470611  -0.24063519349183793  22.950828972776097
7779    -22.520379340714118  -0.017684093434796311  22.93771793875981
7780    -21.821385875550895  -0.71425366721011962  21.899089718094338
7781    -21.941789423267718  -0.48810599859491866  21.841959265501753
7782    -22.019456409426059  -0.24906827678862312  21.805411871916803
7783    -22.046085358351672  -0.015044717050400419  21.79183529076527
7784    -21.324443786346571  -0.73344890087286219  20.7710278087111
7785    -21.442389551452059  -0.50342580995707253  20.710613983464402
7786    -21.518552450183194  -0.25802263092939948  20.672211305105044
7787    -21.544621120593664  -0.013006064254647471  20.658015643043029
7788    -20.803275952088931  -0.74840977230873329  19.656810078120099
7789    -20.917710867058453  -0.51397709957001381  19.593138023767516
7790    -20.990796413464587  -0.26303250466450695  19.552126247156679
7791    -21.015522377176481  -0.011815468367808717  19.536846554230628
7792    -22.59095084988137  -0.93501577381425693  22.924175170658785
7793    -22.752540440837237  -0.6457653060419084  22.852713010298409
7794    -22.856336994682749  -0.33377764307449853  22.806505270515224
7795    -22.891735519706192  -0.015760724749484398  22.789092125990511
7796    -22.12180657416177  -0.94909785319425011  21.774336522962422
7797    -22.278948682709373  -0.65550833989830615  21.699653929334584
7798    -22.379611423955396  -0.33836741726193459  21.652108700206526
7799    -22.413799315923452  -0.013240003480171894  21.634415681870308
7800    -21.624413462843428  -0.96335836180282886  20.63696297334727
7801    -21.77743233044195  -0.6656036122354253  20.558863601216892
7802    -21.875285500547662  -0.34348323918222801  20.509784537508889
7803    -21.908410141941786  -0.011324334149232652  20.491722397527063
7804    -21.10100535422648  -0.97611795678198676  19.51434418192397
7805    -21.249601103209741  -0.67380397702037043  19.432640766016995
7806    -21.343628277340546  -0.34675427643415724  19.380813542133563
7807    -21.375111023844738  -0.010187447659732646  19.361651363840505
7808    -22.891447949538005  -1.1748014353136134  22.808306631181424
7809    -23.091479002955499  -0.81839795004529459  22.719567164704664
7810    -23.219614238894884  -0.42692009265715902  22.662181568254333
7811    -23.263091698698254  -0.013837356064172458  22.640466313221193
7812    -22.422227272772648  -1.1839420391783806  21.649583327830509
7813    -22.616107942151032  -0.82291068120169353  21.557348593167411
7814    -22.739766438484736  -0.42766655773524626  21.498805528496241
7815    -22.781513273495239  -0.011435289909943344  21.476996072975357
7816    -21.924383139340286  -1.1932678227327957  20.502898137983447
7817    -22.112475109431834  -0.82778141451377796  20.407113218969389
7818    -22.232018550912144  -0.42894384743505654  20.34735776991274
7819    -22.272199163289908  -0.0096426040438178512  20.325429152011104
7820    -21.398734756364036  -1.2038261412552402  19.371878285727846
7821    -21.581491339361019  -0.8336308544707266  19.27214350826647
7822    -21.696460141216502  -0.43047604820380753  19.209500837110454
7823    -21.734699670513006  -0.0085594269516564014  19.186456173450388
7824    -22.125755414104937  0.11027048517833424  23.091501293503516
7825    -22.063029800278091  0.26840996431382558  23.109086829495389
7826    -21.969075871058465  0.43035745432604666  23.140395189758177
7827    -21.852123177262989  0.57165943425467913  23.186721204545311
7828    -21.655205769694135  0.12776942262066723  21.955012113388097
7829    -21.593232938040309  0.29309087837233216  21.974425901781487
7830    -21.500939708719653  0.45780566251447496  22.00852383542647
7831    -21.386812884633407  0.60060450092720463  22.058333484909156
7832    -21.15762759117435  0.14464846740397502  20.83089479779855
7833    -21.096097355956505  0.31710020544756601  20.85264069086152
7834    -21.005154640797787  0.48453058939538252  20.890032050156783
7835    -20.893712692903929  0.62880278887209684  20.943554358093245
7836    -20.633797653765271  0.15373705201544141  19.719728192013822
7837    -20.574858024653206  0.33196983346174697  19.744126621079843
7838    -20.486918605475683  0.50317458695489092  19.784607480460284
7839    -20.377783158536374  0.64927104418673176  19.840541218796631
7840    -22.488000603935987  0.20691603301372172  22.946932421173297
7841    -22.40080928179788  0.44363166543403199  22.976573317421625
7842    -22.269026030297027  0.67142304411498321  23.025945850589203
7843    -22.102871505430688  0.8692504093454243  23.094355243760464
7844    -22.014397310224567  0.2203792615080252  21.801473523386576
7845    -21.929300249875595  0.46300325142839355  21.832689887782362
7846    -21.800773118606823  0.69400055493173662  21.885051112371645
7847    -21.638794857720274  0.89454447423908645  21.958123925573499
7848    -21.513464045529386  0.23321953351641866  20.66824121388624
7849    -21.430109872675494  0.48170296856285694  20.701392940060465
7850    -21.304487487344716  0.71585728451460373  20.75710274970244
7851    -21.146525774849732  0.91909552500159464  20.835002570948976
7852    -20.985753009288139  0.24048257475812365  19.548170793457686
7853    -20.905713040747152  0.49418715452083917  19.58403196175373
7854    -20.783932977203321  0.73233423669901487  19.64309358773308
7855    -20.628943324306427  0.9379597870713261  19.724019200010162
7856    -22.850245793767051  0.30356158084910922  22.802363548843086
7857    -22.738588763317662  0.61885336655423839  22.84405980534785
7858    -22.568976189535597  0.91248863390391965  22.911496511420221
7859    -22.353619833598387  1.1668413844361694  23.001989282975622
7860    -22.373588850754988  0.31298910039538325  21.647934933385063
7861    -22.265367561710885  0.63291562448445482  21.690953873783236
7862    -22.100606528493987  0.93019544734899862  21.761578389316821
7863    -21.890776830807138  1.1884844475509682  21.857914366237846
7864    -21.869300499884428  0.32179059962886231  20.505587629973931
7865    -21.764122389394487  0.64630573167814787  20.5501451892594
7866    -21.603820333891662  0.94718397963382484  20.624173449248094
7867    -21.399338856795541  1.2093882611310927  20.726450783804705
7868    -21.337708364811004  0.32722809750080595  19.376613394901568
7869    -21.236568056841104  0.6564044755799312  19.423937302427607
7870    -21.080947348930962  0.96149388644313916  19.501579695005873
7871    -20.8801034900765  1.2266485299559204  19.607497181223703
7872    -23.212490983598105  0.40020712868449659  22.657794676512864
7873    -23.07636824483745  0.79407506767444491  22.711546293274083
7874    -22.868926348774156  1.1535542236928562  22.797047172251247
7875    -22.604368161766086  1.4644323595269146  22.909623322190772
7876    -22.73278039128542  0.40559893928274127  21.494396343383542
7877    -22.601434873546179  0.80282799754051637  21.549217859784108
7878    -22.400439938381165  1.1663903397662607  21.638105666261993
7879    -22.142758803894004  1.4824244208628505  21.757704806902197
7880    -22.225136954239456  0.41036166574130584  20.342934046061632
7881    -22.098134906113472  0.81090849479343896  20.398897438458345
7882    -21.903153180438586  1.1785106747530458  20.491244148793747
7883    -21.652151938741355  1.4996809972605907  20.617898996660436
7884    -21.689663720333872  0.41397362024348816  19.205055996345425
7885    -21.56742307293505  0.81862179663902379  19.263842643101494
7886    -21.377961720658607  1.1906535361872632  19.360065802278676
7887    -21.131263655846549  1.5153372728405154  19.490975162437238
7888    -21.714444545368242  0.68157018449766238  23.253572138119587
7889    -21.554032989722252  0.76381888632920369  23.339446417967636
7890    -21.372698342949114  0.81566437010338677  23.435125619178553
7891    -21.25200666646408  0.71229384308305066  22.128927778476069
7892    -21.094689214956954  0.79594434476187592  22.218396538668628
7893    -20.918868273107528  0.84864304130479018  22.317292677515137
7894    -20.761718386714556  0.74219102240190049  21.017909699848282
7895    -20.607361935506283  0.82706798274241822  21.111011854415409
7896    -20.436921594740561  0.88044455086847306  21.21316384492761
7897    -20.247828165441828  0.76448565654269407  19.918205659518122
7898    -20.096492200288939  0.85223924013666452  20.016478326520918
7899    -19.930172164117167  0.90824307375319313  20.123629219146544
7900    -21.907455413894219  1.0248902640569386  23.185342541698525
7901    -21.684681688149155  1.1388707302653658  23.296494104782344
7902    -21.439962322842085  1.209279476885941  23.41818312952006
7903    -21.447176568946677  1.0532759142317789  22.05432974310558
7904    -21.227864220397421  1.1698513088381728  22.170336019702539
7905    -20.988039052945638  1.2419672538498416  22.297078542308935
7906    -20.958668098809376  1.0808405569984316  20.93643340193444
7907    -20.742735309390707  1.1998392947933205  21.057308678535154
7908    -20.507722521729001  1.2734908529866094  21.189118985500844
7909    -20.443799443582421  1.1021242630134866  19.829921621007141
7910    -20.231612554367615  1.2245337051150749  19.95762256399972
7911    -20.000996949027726  1.3011924539755744  20.096348893882514
7912    -22.100466282420172  1.3682103436162139  23.117112945277473
7913    -21.815330386576068  1.5139225742015268  23.253541791597041
7914    -21.507226302735059  1.6028945836684951  23.401240639861555
7915    -21.642346471429267  1.3942579853805066  21.979731707735095
7916    -21.361039225837885  1.5437582729144701  22.122275500736468
7917    -21.057209832783727  1.6352914663948936  22.276864407102728
7918    -21.155617810904189  1.4194900915949626  20.854957104020603
7919    -20.87810868327513  1.5726106068442234  21.003605502654892
7920    -20.578523448717441  1.6665371551047472  21.165074126074078
7921    -20.639770721723004  1.4397628694842783  19.741637582496168
7922    -20.366732908446295  1.5968281700934854  19.898766801478526
7923    -20.071821733938283  1.6941418341979568  20.069068568618473
7924    -22.293477150946142  1.7115304231754904  23.048883348856418
7925    -21.945979085002975  1.8889744181376886  23.210589478411745
7926    -21.574490282628023  1.9965096904510495  23.384298150203055
7927    -21.837516373911861  1.7352400565292343  21.905133672364606
7928    -21.494214231278338  1.9176652369907676  22.074214981770375
7929    -21.126380612621837  2.028615678939945  22.256650271896525
7930    -21.35256752299901  1.7581396261914941  20.773480806106754
7931    -21.013482057159553  1.9453819188951256  20.949902326774634
7932    -20.649324375705881  2.0595834572228844  21.141029266647308
7933    -20.835741999863597  1.7774014759550716  19.653353543985183
7934    -20.501853262524971  1.9691226350718962  19.839911038957329
7935    -20.142646518848853  2.0870912144203388  20.041788243354443
7936    -19.222234435121678  0.95233968690905191  19.156158023847251
7937    -19.052612013012101  0.93249125933040811  19.267277144510018
7938    -18.895901551247483  0.87564615231745102  19.386168394408546
7939    -18.755040584856534  0.78763233262185528  19.495810912763964
7940    -18.632966648867896  0.67427776699529451  19.579183838797391
7941    -18.658306789861015  0.9721659718420641  18.098590100498114
7942    -18.492005095346869  0.95210504775165561  18.213856110311252
7943    -18.337107072556744  0.89435577488872675  18.334915789816897
7944    -18.197322802046997  0.8048478021153187  18.446474880624347
7945    -18.07636236437401  0.68951077829347407  18.533239124342892
7946    -18.066336286922976  0.98927890932275775  17.05479635591464
7947    -17.90322485804834  0.96943963997138638  17.17460774081361
7948    -17.749852257929664  0.91174133401024915  17.298712518984416
7949    -17.610857666998097  0.82169434091079285  17.413064851301943
7950    -17.490880265684805  0.70480901014446551  17.503618898641086
7951    -17.449177191046633  1.0052701176980219  16.024348579322272
7952    -17.287603944147115  0.98548346224341221  16.147990932075977
7953    -17.135118452675773  0.92770241888965521  16.277362600198238
7954    -16.99667654171277  0.83730451238492454  16.396867341942173
7955    -16.877234036338322  0.71966726747739584  16.490908915560944
7956    -19.227023710073613  1.3522682953932761  19.162016916785912
7957    -18.991355022343697  1.3258428456740801  19.308271798318771
7958    -18.768998696949506  1.2485053929390135  19.458155411915037
7959    -18.56589471259802  1.1256090826301084  19.596766036184935
7960    -18.387983047996126  0.96250706018939536  19.709201949738652
7961    -18.662981096727389  1.3721126577876455  18.103179106518297
7962    -18.431081109229773  1.3454405170125372  18.256275543865772
7963    -18.211203467155585  1.266991264690259  18.410539804625966
7964    -18.010045188833733  1.1422706177655113  18.552987579574491
7965    -17.834303292593141  0.97678429318299831  18.67063455948696
7966    -18.071075076157669  1.3892339179649722  17.058497919072057
7967    -17.84280521816995  1.3627509396980919  17.218740145575151
7968    -17.625101403826459  1.2841487656297079  17.378054366849483
7969    -17.425583975944953  1.158562659930225  17.525008605826848
7970    -17.251873277343229  0.9911278867700517  17.648170885439058
7971    -17.453941644632454  1.4052280565126523  16.027657228771933
7972    -17.227754058390719  1.3787752491881582  16.193448495606813
7973    -17.011989215892456  1.2999807788002022  16.360120253052791
7974    -16.814168497451469  1.1738784963135889  16.514184984344841
7975    -16.64181328338163  1.0055022526931257  16.642155172717981
7976    -19.231812985025552  1.7521969038775003  19.167875809724574
7977    -18.930098031675293  1.7191944320177523  19.349266452127512
7978    -18.642095842651532  1.6213646335605758  19.530142429421531
7979    -18.376748840339499  1.4635858326383608  19.697721159605901
7980    -18.142999447124357  1.2507363533834961  19.83922006067991
7981    -18.667655403593766  1.7720593437332262  18.10776811253848
7982    -18.370157123112676  1.7387759862734187  18.29869497742029
7983    -18.085299861754422  1.6396267544917904  18.486163819435042
7984    -17.822767575620468  1.4796934334157028  18.659500278524646
7985    -17.59224422081228  1.2640578080725224  18.808029994631006
7986    -18.075813865392366  1.789188926607187  17.06219948222947
7987    -17.78238557829156  1.756062239424798  17.262872550336677
7988    -17.500350549723247  1.6565561972491663  17.457396214714546
7989    -17.240310284891805  1.4954309789496569  17.636952360351764
7990    -17.012866289001646  1.2774467633956377  17.792722872237029
7991    -17.458706098218268  1.8051859953272831  16.030965878221597
7992    -17.167904172634316  1.7720670361329043  16.238906059137655
7993    -16.888859979109128  1.6722591387107497  16.442877905907352
7994    -16.631660453190161  1.5104524802422541  16.631502626747512
7995    -16.406392530424938  1.2913372379088557  16.793401429875036
7996    -19.236602259977488  2.1521255123617249  19.173734702663236
7997    -18.868841041006885  2.1125460183614244  19.390261105936268
7998    -18.515192988353558  1.994223874182139  19.602129446928025
7999    -18.187602968080991  1.8015625826466135  19.798676283026872
8000    -17.898015846252594  1.5389656465775967  19.969238171621164
8001    -18.67232971046014  2.1720060296788075  18.112357118558666
8002    -18.30923313699558  2.1321114555343001  18.341114410974814
8003    -17.959396256353266  2.0122622442933231  18.561787834244114
8004    -17.635489962407203  1.8171162490658954  18.766012977474791
8005    -17.3501851490314  1.5513313229620471  18.945425429775071
8006    -18.080552654627059  2.189143935249402  17.065901045386887
8007    -17.721965938413174  2.1493735391515032  17.307004955098222
8008    -17.375599695620043  2.0289636288686252  17.536738062579612
8009    -17.055036593838661  1.83229929796909  17.748896114876661
8010    -16.773859300660071  1.5637656400212241  17.937274859034993
8011    -17.46347055180409  2.2051439341419137  16.034274527671258
8012    -17.10805428687792  2.1653588230776508  16.28436362266849
8013    -16.765730742325811  2.0445374986212972  16.525635558761895
8014    -16.449152408928871  1.8470264641709189  16.748820269150173
8015    -16.170971777468242  1.5771722231245855  16.944647687032074
8016    -18.533477518598559  0.53084262961618878  19.64267777293972
8017    -18.459916954151353  0.36080413924101679  19.698518261868575
8018    -18.414541467733809  0.18231582948854272  19.738436864175235
8019    -18.399607571553446  0.013531233977529998  19.754165138450933
8020    -17.977970025771068  0.5441418277857103  18.599891922935136
8021    -17.905017961313618  0.37180359608801622  18.656573568437143
8022    -17.859908114821383  0.18932401376264299  18.696175137568272
8023    -17.845042430114049  0.013531011371841383  18.711587707047919
8024    -17.393255423712052  0.5576814853848342  17.573848174567701
8025    -17.320187410164696  0.38342903789355498  17.632289724988574
8026    -17.274618754518087  0.19734370852421984  17.672493009289916
8027    -17.259491986247568  0.014717538130419025  17.688007486857931
8028    -16.7799020253366  0.57087260753972391  16.563547090668063
8029    -16.706658039163486  0.39384093882062937  16.62451169873307
8030    -16.66075756540728  0.20420751038239837  16.666711590792783
8031    -16.645456091656236  0.017607571287315132  16.683055617884044
8032    -18.241955003061495  0.75843911060226388  19.797482844709801
8033    -18.133192770930613  0.52055080989938385  19.86914267755035
8034    -18.065672670138785  0.26605399009071184  19.917551123348115
8035    -18.043371019221262  0.012160483186202678  19.936077857190874
8036    -17.690490269259076  0.77039694754368659  18.76369573263856
8037    -17.583305284004588  0.53008765230642496  18.837381084692577
8038    -17.516725366680351  0.27203374670274555  18.886198802506549
8039    -17.494727547137  0.01241256996418023  18.904657072938065
8040    -17.109932899597087  0.78259440268190028  17.746354516044288
8041    -17.00357193399114  0.54024527963760438  17.822818181712638
8042    -16.937178972906626  0.27901545496626623  17.872797965943704
8043    -16.915142608724793  0.013839865996984752  17.891529952237114
8044    -16.50082734462643  0.79512981802364102  16.743688781492029
8045    -16.395068053598308  0.54995394769150729  16.823662811502903
8046    -16.3289871928149  0.28538097061386514  16.87641830225958
8047    -16.307036544793814  0.01681721570785133  16.896296293271028
8048    -17.950432487524424  0.98603559158833887  19.952287916479882
8049    -17.806468587709865  0.68029748055775141  20.039767093232118
8050    -17.716803872543743  0.34979215069288089  20.096665382520996
8051    -17.687134466889088  0.010789732394875372  20.117990575930804
8052    -17.40301051274708  0.99665206730166256  18.927499542341984
8053    -17.261592606695547  0.68837170852483354  19.018188600947997
8054    -17.173542618539297  0.35474347964284808  19.076222467444818
8055    -17.144412664159958  0.011294128556519149  19.097726438828218
8056    -16.826610375482108  1.0075073199789664  17.918860857520869
8057    -16.686956457817558  0.69706152138165445  18.013346638436669
8058    -16.599739191295143  0.36068720140831267  18.073102922597489
8059    -16.570793231202021  0.012962193863550405  18.095052417616294
8060    -16.221752663916259  1.0193870285075581  16.923830472315998
8061    -16.083478068033116  0.70606695656238549  17.022813924272736
8062    -15.997216820222512  0.36655443084533196  17.086125013726388
8063    -15.968616997931393  0.016026860128387499  17.109536968658034
8064    -17.658909971987356  1.2136320725744139  20.107092988249963
8065    -17.479744404489129  0.84004415121611831  20.210391508913901
8066    -17.367935074948718  0.43353031129504976  20.275779641693873
8067    -17.3308979145569  0.0094189816035480309  20.299903294670749
8068    -17.115530756235096  1.2229071870596391  19.091303352045408
8069    -16.939879929386514  0.84665576474324222  19.198996117203428
8070    -16.830359870398265  0.43745321258295072  19.266246132383092
8071    -16.794097781182909  0.01017568714885796  19.290795804718368
8072    -16.54328785136714  1.2324202372760327  18.09136719899745
8073    -16.370340981643999  0.85387776312570363  18.203875095160733
8074    -16.262299409683685  0.44235894785035912  18.273407879251273
8075    -16.226443853679239  0.012084521730116076  18.298574882995482
8076    -15.942677983206087  1.243644238991475  17.103972163139961
8077    -15.771888082467942  0.86217996543326347  17.22196503704258
8078    -15.665446447630124  0.44772789107679861  17.295831725193192
8079    -15.630197451068973  0.015236504548923613  17.322777644045019
8080    -18.418356338911828  -0.15644930386412415  19.741895570464809
8081    -18.469984074154464  -0.33808859215243969  19.70723032330498
8082    -18.550680136054709  -0.5125778245845285  19.656015471541242
8083    -18.656633883385968  -0.66110819485750194  19.594097089743347
8084    -17.863931397935591  -0.16338613844658262  18.69986605071459
8085    -17.915705981144317  -0.34890070828169806  18.66582634090722
8086    -17.996198831731444  -0.52567858541156631  18.614001752095902
8087    -18.101242601688202  -0.67638565711424914  18.548925458750738
8088    -17.278870053168706  -0.16908369125453449  17.676417812267058
8089    -17.331559061343732  -0.35835797133392094  17.64208859400939
8090    -17.412616277617953  -0.53730892185904  17.588739222347769
8091    -17.51709896883667  -0.69014016258119193  17.520089087544985
8092    -16.665150492587067  -0.17041756885594134  16.670842210857124
8093    -16.71846198419577  -0.36380933223900591  16.634877204747486
8094    -16.799982566049479  -0.54615656750006691  16.57933055687025
8095    -16.904304237715344  -0.70104812327731247  16.508372224540469
8096    -18.070258011167567  -0.24269621943091921  19.921314598375602
8097    -18.144122731988112  -0.49972166192460915  19.877675439195695
8098    -18.259669839749456  -0.74116256560568095  19.810263614233545
8099    -18.411603992518231  -0.9492656517849476  19.724182358071531
8100    -17.521403591897528  -0.24811008872761356  18.890154259094111
8101    -17.594565682916603  -0.50860168022418895  18.846333759945619
8102    -17.708771473192456  -0.75248472534383093  18.777071316146174
8103    -17.858578615723321  -0.96318174490482489  18.686242668349337
8104    -16.941966448461638  -0.25229615701726188  17.876944451574314
8105    -17.015215142435885  -0.51613819566184027  17.83218772251891
8106    -17.128868847982876  -0.76234768036517053  17.760319769943841
8107    -17.276907722437944  -0.97558604155567252  17.664400598722018
8108    -16.333844266517325  -0.2529573294766243  16.880722443185462
8109    -16.406949070865544  -0.52071368309507293  16.833448473170147
8110    -16.520168574202852  -0.77037202478849376  16.758304516513029
8111    -16.667320392893629  -0.9858525341978861  16.659120706502012
8112    -17.72215968342331  -0.32894313499771427  20.100733626286399
8113    -17.818261389821743  -0.66135473169677883  20.04812055508641
8114    -17.968659543444193  -0.96974730662683351  19.964511756925848
8115    -18.16657410165049  -1.2374231087123935  19.854267626399718
8116    -17.178875785859478  -0.33283403900864456  19.080442467473645
8117    -17.273425384688899  -0.66830265216667994  19.026841178984032
8118    -17.421344114653461  -0.97929086527609566  18.940140880196449
8119    -17.615914629758436  -1.2499778326954007  18.823559877947947
8120    -16.60506284375457  -0.33550862277998933  18.077471090881577
8121    -16.69887122352803  -0.67391841998975999  18.022286851028426
8122    -16.845121418347791  -0.98738643887130129  17.93190031753991
8123    -17.036716476039206  -1.261031920530153  17.808712109899048
8124    -16.002538040447586  -0.33549709009730727  17.090602675513814
8125    -16.095436157535314  -0.67761803395113984  17.032019741592823
8126    -16.240354582356208  -0.99458748207692071  16.937278476155814
8127    -16.430336548071917  -1.2706569451184591  16.809869188463566
8128    -17.374061355679057  -0.41519005056450942  20.280152654197199
8129    -17.492400047655394  -0.82298780146894812  20.218565670977117
8130    -17.677649247138934  -1.1983320476479855  20.118759899618151
8131    -17.921544210782745  -1.5255805656398396  19.984352894727909
8132    -16.836347979821426  -0.41755798928967558  19.270730675853162
8133    -16.952285086461185  -0.82800362410917072  19.207348598022438
8134    -17.133916756114473  -1.2060970052083604  19.103210444246724
8135    -17.373250643793561  -1.5367739204859765  18.96087708754655
8136    -16.268159239047502  -0.41872108854271683  18.277997730188833
8137    -16.382527304620186  -0.83169864431767926  18.212385979537942
8138    -16.561373988712717  -1.212425197377432  18.103480865135982
8139    -16.796525229640483  -1.5464777995046339  17.953023621076095
8140    -15.671231814377851  -0.41803685071799029  17.300482907842149
8141    -15.78392324420509  -0.83452238480720697  17.23059101001548
8142    -15.960540590509577  -1.2188029393653477  17.116252435798597
8143    -16.193352703250213  -1.5554613560390325  16.960617670425108
8144    -18.784529113465151  -0.77910364741385263  19.510799744599659
8145    -18.930902535509116  -0.87071019323891763  19.40231640903329
8146    -19.091722876141155  -0.93020212584407558  19.284795766966202
8147    -19.262958861984526  -0.95185373874070445  19.174386502320324
8148    -18.227999288260516  -0.79654285892108889  18.461905470445032
8149    -18.373235529554769  -0.88952553330289952  18.350988493026883
8150    -18.53219093885275  -0.94978117794694827  18.230815745378468
8151    -18.70010512943626  -0.97175729054050231  18.116028446381996
8152    -17.642836165618295  -0.81227406039141492  17.428940752985955
8153    -17.787197144338446  -0.90622574618633933  17.314697586915102
8154    -17.944549540477986  -0.96683798572564716  17.190980186884442
8155    -18.109260989517821  -0.98895354476902098  17.07140915044603
8156    -17.029423035168907  -0.82464421587904735  16.413476950474006
8157    -17.173045178533485  -0.92027649394514954  16.29360695980716
8158    -17.329327943597296  -0.98229095461115579  16.164163433485268
8159    -17.492428606148639  -1.0050335950126041  16.040547552453724
8160    -18.594611565056997  -1.116299832819402  19.612822191370501
8161    -18.802400736199253  -1.2427168357066756  19.475718836359203
8162    -19.028208870118036  -1.3230376037185445  19.327193329971983
8163    -19.265273330986346  -1.3517830801267829  19.181566709143155
8164    -18.039373464561109  -1.1328330795768311  18.569478581265695
8165    -18.245169940050307  -1.2610507284592622  18.428199176030066
8166    -18.46846704462796  -1.3424647000150298  18.274964227932369
8167    -18.701763780731135  -1.3717050027070465  18.122333512262543
8168    -17.455621034591886  -1.147666224110506  17.541924335260312
8169    -17.659713425865728  -1.2772702463276979  17.395790716610346
8170    -17.880788112539971  -1.3593631487669688  17.237168163612164
8171    -18.110448310895187  -1.3889099719880384  17.077225097105849
8172    -16.844611400367477  -1.1596045166819593  16.53167812185853
8173    -17.046881674294752  -1.291087820558273  16.378124312343907
8174    -17.265898637400586  -1.3747384399060933  16.211839117805553
8175    -17.493429712410197  -1.4049923688046881  16.046202378090928
8176    -18.404694016648836  -1.4534960182249503  19.71484463814134
8177    -18.673898936889398  -1.6147234781744335  19.549121263685109
8178    -18.964694864094927  -1.7158730815930139  19.369590892977754
8179    -19.267587799988164  -1.7517124215128621  19.188746915965989
8180    -17.850747640861698  -1.4691233002325739  18.677051692086344
8181    -18.117104350545823  -1.6325759236156243  18.505409859033247
8182    -18.40474315040316  -1.7351482220831107  18.319112710486259
8183    -18.703422432026031  -1.7716527148735899  18.128638578143061
8184    -17.268405903565469  -1.4830583878295964  17.654907917534672
8185    -17.532229707392997  -1.6483147464690562  17.476883846305597
8186    -17.817026684601963  -1.7518883118082902  17.28335614033989
8187    -18.111635632272556  -1.7888663992070553  17.083041043765657
8188    -16.659799765566042  -1.4945648174848711  16.64987929324306
8189    -16.920718170056002  -1.6618991471713962  16.46264166488065
8190    -17.202469331203876  -1.7671859252010311  16.259514802125835
8191    -17.494430818671759  -1.8049511425967724  16.05185720372813
8192    -18.214776468240686  -1.7906922036305004  19.81686708491219
8193    -18.545397137579535  -1.9867301206421917  19.622523691011025
8194    -18.901180858071804  -2.1087085594674826  19.411988455983543
8195    -19.269902268989991  -2.1516417628989406  19.19592712278882
8196    -17.662121817162291  -1.8054135208883155  18.784624802907011
8197    -17.989038761041357  -2.0041011187719864  18.582620542036427
8198    -18.341019256178367  -2.1278317441511923  18.363261193040159
8199    -18.705081083320916  -2.1716004270401346  18.134943644023608
8200    -17.081190772539056  -1.8184505515486866  17.767891499809032
8201    -17.404745988920272  -2.0193592466104149  17.557976976000838
8202    -17.753265256663955  -2.1444134748496126  17.329544117067616
8203    -18.112822953649928  -2.1888228264260734  17.08885699042548
8204    -16.474988130764615  -1.8295251182877834  16.76808046462758
8205    -16.79455466581727  -2.0327104737845194  16.547159017417393
8206    -17.139040025007166  -2.1596334104959687  16.307190486446117
8207    -17.495431924933317  -2.2049099163888561  16.057512029365331
8208    -19.433912094209198  -0.93239249428321447  19.065557072391957
8209    -19.593467648734009  -0.87614890158037706  18.951558132336217
8210    -19.736969464305556  -0.78880182427511503  18.846711662863417
8211    -19.85976147967045  -0.67603012601035095  18.765339644683827
8212    -18.867055116732224  -0.95213566761723611  18.001706937236211
8213    -19.02327422520294  -0.89508233121031222  17.882607086838654
8214    -19.164236531683276  -0.80627111725623635  17.772883405619769
8215    -19.285416113008118  -0.69137586169151299  17.686690404009987
8216    -18.272411140509448  -0.96961492591464238  16.951416377795724
8217    -18.425741301899649  -0.9127272873798925  16.826821411624685
8218    -18.564611598262356  -0.82342737835326296  16.711826313228062
8219    -18.684382154171484  -0.70685194802324425  16.620633143900957
8220    -17.653534830723199  -0.98573276454159142  15.91590122045668
8221    -17.804855032536327  -0.92872057359598081  15.784241907330353
8222    -17.942077613395988  -0.83899866081997843  15.662284143158319
8223    -18.060890975110134  -0.72156866485778726  15.566742458024123
8224    -19.501739449745401  -1.3257972090770895  19.036564364756547
8225    -19.725650385497374  -1.2490419391922474  18.889279288549872
8226    -19.930090244656771  -1.1267152204596587  18.753083918738426
8227    -20.10814313363807  -0.96401500286672737  18.641350693537472
8228    -18.934009095992316  -1.3455000002406674  17.969592767183439
8229    -19.154437498461739  -1.2676834307351044  17.815980224374758
8230    -19.355976331203198  -1.1435433642740587  17.673984399401725
8231    -19.531552937280537  -0.97836787094122846  17.556093807829523
8232    -18.338664143117402  -1.3629298830414338  16.916592610598748
8233    -18.556030917313866  -1.2850289127753645  16.756315251569902
8234    -18.755089628647024  -1.1600523974460741  16.608181621817113
8235    -18.928381272279289  -0.99284567330980511  16.48398032313812
8236    -17.719236558796258  -1.3790295114247668  15.879483993098223
8237    -17.933941397977151  -1.3009031731035758  15.710679936910838
8238    -18.130602495596847  -1.1753594496701918  15.554259160654242
8239    -18.302278117299245  -1.0071444369536913  15.42469061545385
8240    -19.569566805281596  -1.719201923870965  19.00757165712114
8241    -19.857833122260743  -1.6219349768041182  18.827000444763517
8242    -20.12321102500799  -1.4646286166442033  18.659456174613432
8243    -20.356524787605689  -1.2519998797231038  18.517361742391113
8244    -19.000963075252404  -1.7388643328640985  17.937478597130657
8245    -19.285600771720524  -1.6402845302598976  17.749353361910863
8246    -19.547716130723138  -1.4808156112918816  17.57508539318367
8247    -19.777689761552956  -1.2653598801909438  17.425497211649049
8248    -18.40491714572536  -1.7562448401682254  16.881768843401769
8249    -18.686320532728093  -1.657330538170837  16.685809091515114
8250    -18.945567659031695  -1.496677416538885  16.504536930406157
8251    -19.172380390387094  -1.2788393985963662  16.347327502375283
8252    -17.784938286869316  -1.7723262583079422  15.843066765739771
8253    -18.063027763417985  -1.673085772611171  15.637117966491331
8254    -18.319127377797706  -1.5117202385204058  15.446234178150169
8255    -18.543665259488364  -1.2927202090495959  15.282638772883585
8256    -19.637394160817788  -2.1126066386648401  18.97857894948573
8257    -19.990015859024108  -1.994828014415988  18.764721600977175
8258    -20.316331805359191  -1.8025420128287468  18.565828430488441
8259    -20.604906441573309  -1.53998475657948  18.393372791244758
8260    -19.067917054512488  -2.1322286654875291  17.905364427077888
8261    -19.416764044979324  -2.0128856297846895  17.682726499446968
8262    -19.739455930243057  -1.8180878583097038  17.47618638696563
8263    -20.023826585825383  -1.5523518894406589  17.294900615468588
8264    -18.471170148333314  -2.1495597972950162  16.84694507620479
8265    -18.81661014814231  -2.0296321635663084  16.615302931460327
8266    -19.13604568941636  -1.8333024356316963  16.400892238995212
8267    -19.416379508494899  -1.5648331238829272  16.210674681612453
8268    -17.850640014942368  -2.1656230051911174  15.806649538381315
8269    -18.192114128858815  -2.0452683721187657  15.56355599607182
8270    -18.507652259998554  -1.8480810273706201  15.338209195646094
8271    -18.785052401677479  -1.5782959811454997  15.140586930313312
8272    -19.960379045578364  -0.53281627518048469  18.704951647195465
8273    -20.037473057971475  -0.36246760594053368  18.656326300053134
8274    -20.086560773385202  -0.18315028057434771  18.623689174352425
8275    -20.103159448354941  -0.013030461365775759  18.61126584118891
8276    -19.384644701626947  -0.54602211742385554  17.621791553259314
8277    -19.460118586025665  -0.37331274615078641  17.569539355202423
8278    -19.507858677093804  -0.19013754699351851  17.53447186614682
8279    -19.523885885720905  -0.013386319073265693  17.521127142400008
8280    -18.782621453595777  -0.55951377318862028  16.551079945616678
8281    -18.857354523808088  -0.38478571819824703  16.494885209248309
8282    -18.904626304338645  -0.19809466356571168  16.457071669440921
8283    -18.92048173471764  -0.014867489804602577  16.442662060839496
8284    -18.158587236983475  -0.57248590109780484  15.494101077376408
8285    -18.2327781800571  -0.3949865975307465  15.433974624473203
8286    -18.279631698743888  -0.20484376170426966  15.392773226112631
8287    -18.295315687456661  -0.01783040116603507  15.376907009092745
8288    -20.25465966783095  -0.75997935991916243  18.554757591616312
8289    -20.365497470399134  -0.52169702164215837  18.487669108823805
8290    -20.435251159418193  -0.26644192280234619  18.443987459144633
8291    -20.458515352963676  -0.011487998166356834  18.427614856563505
8292    -19.675703389367165  -0.77189542205839279  17.463810148343477
8293    -19.784348634430795  -0.53117801259152309  17.392815963066568
8294    -19.852493326976589  -0.2724739980906008  17.346871032720507
8295    -19.875142121509747  -0.012041734105609818  17.329735138026987
8296    -19.070552327287103  -0.78409393766125424  16.38584794520855
8297    -19.177855721906539  -0.54128799917754  16.310600103514187
8298    -19.245242125039454  -0.27948161118853038  16.262043938568169
8299    -19.267662205587708  -0.013728527024092638  16.243986590883608
8300    -18.443351692180276  -0.79651088566257489  15.322751179118448
8301    -18.549610095579489  -0.55089490815964226  15.243043047184994
8302    -18.616216762506426  -0.28581764275539373  15.19077314737147
8303    -18.638335127970581  -0.016800227760332319  15.171148407395824
8304    -20.548940290083557  -0.98714244465784018  18.404563536037163
8305    -20.693521882826815  -0.68092643734378255  18.319011917594473
8306    -20.783941545451199  -0.34973356503034442  18.264285743936856
8307    -20.81387125757243  -0.0099455349669379852  18.243963871938107
8308    -19.966762077107386  -0.99776872669292949  17.305828743427643
8309    -20.108578682835926  -0.68904327903225915  17.216092570930726
8310    -20.197127976859374  -0.35481044918768334  17.159270199294198
8311    -20.226398357298578  -0.010697149137953938  17.138343133653983
8312    -19.35848320097843  -1.0086741021338883  16.220615944800429
8313    -19.498356920004991  -0.69779028015683353  16.12631499778005
8314    -19.585857945740276  -0.36086855881134888  16.067016207695413
8315    -19.614842676457783  -0.012589564243582771  16.045311120927707
8316    -18.728116147377079  -1.020535870227345  15.151401280860483
8317    -18.866442011101888  -0.70680321878853836  15.052111469896776
8318    -18.952801826268963  -0.36679152380651781  14.988773068630312
8319    -18.981354568484498  -0.015770054354629557  14.965389805698898
8320    -20.843220912336147  -1.2143055293965179  18.254369480458003
8321    -21.021546295254478  -0.84015585304540708  18.150354726365151
8322    -21.132631931484191  -0.43302520725834298  18.084584028729072
8323    -21.169227162181166  -0.0084030717675190273  18.060312887312698
8324    -20.257820764847608  -1.2236420313274674  17.147847338511799
8325    -20.432808731241057  -0.84690854547299599  17.039369178794882
8326    -20.54176262674217  -0.43714690028476566  16.971669365867886
8327    -20.577654593087427  -0.0093525641702979917  16.946951129280954
8328    -19.646414074669757  -1.233254266606522  16.055383944392293
8329    -19.818858118103435  -0.8542925611361265  15.942029892045925
8330    -19.926473766441077  -0.44225550643416739  15.871988476822661
8331    -19.962023147327848  -0.01145060146307279  15.84663565097182
8332    -19.012880602573887  -1.244560854792115  14.980051382602518
8333    -19.183273926624288  -0.86271152941743412  14.861179892608568
8334    -19.289386890031501  -0.44776540485764177  14.786772989889151
8335    -19.324374008998419  -0.014739880948926747  14.759631204001975
8336    -20.082466497000087  0.15832165324293532  18.620074541666146
8337    -20.026761026705653  0.34087339260502031  18.64720686838783
8338    -19.942182833905392  0.5157648861298515  18.690998419699657
8339    -19.834871715033145  0.66413626322680142  18.749784793947342
8340    -19.503760203798052  0.16457554337051342  17.530967316525516
8341    -19.449433148774247  0.35098001956031716  17.560951755188228
8342    -19.366512919875849  0.52833337056786434  17.608864365847648
8343    -19.260607716329226  0.67914185746487399  17.672489055963275
8344    -18.900518864457943  0.16965834812964131  16.453692198077402
8345    -18.846680417613364  0.35981486198903684  16.48687742550225
8346    -18.764528345525392  0.53952937132117296  16.539259772330361
8347    -18.659624599535579  0.69272919567363944  16.607881267778097
8348    -18.275582569278583  0.17072969325178441  15.389534867807299
8349    -18.222308859977346  0.36490306755257884  15.426500023351142
8350    -18.140848592992377  0.54800221944202165  15.483239092573978
8351    -18.036555801763125  0.70333964662578796  15.555188692325491
8352    -20.430294573064547  0.24446494297737703  18.440079235785518
8353    -20.353757800870291  0.50232058261854007  18.478789088959967
8354    -20.23574634313719  0.74421022290767724  18.541467466237748
8355    -20.083101506621656  0.95226516599533395  18.625837417769748
8356    -19.847584369238383  0.24936667203815197  17.343011349011142
8357    -19.772718123919944  0.51066696000579281  17.384256061219226
8358    -19.656961093883545  0.75510254473293847  17.451159043654599
8359    -19.506730987458326  0.9659168411552147  17.541410065320626
8360    -19.240372488471397  0.25308870183927612  16.258244185605168
8361    -19.166307786588831  0.5177310251164684  16.302396771192491
8362    -19.051936200809163  0.76460994126469628  16.373897373131065
8363    -18.903725832001566  0.9781369487411713  16.470199016906435
8364    -18.611409021425377  0.25353197227957658  15.187054798038208
8365    -18.538240565569634  0.52201751638443761  15.235175111540807
8366    -18.425030635280816  0.77233115159284804  15.311411507814661
8367    -18.277980105436406  0.9881476249434048  15.411666146770783
8368    -20.778122649128996  0.33060823271181872  18.260083929904887
8369    -20.680754575034911  0.66376777263205944  18.310371309532112
8370    -20.529309852368993  0.97265555968550277  18.391936512775846
8371    -20.331331298210163  1.2403940687638666  18.501890041592162
8372    -20.191408534678704  0.33415780070579065  17.155055381496783
8373    -20.096003099065641  0.67035390045126819  17.207560367250228
8374    -19.947409267891249  0.98187171889801239  17.293453721461553
8375    -19.75285425858743  1.2526918248455556  17.410331074677988
8376    -19.580226112484834  0.33651905554891093  16.062796173132956
8377    -19.485935155564299  0.67564718824390013  16.11791611688275
8378    -19.339344056092919  0.98969051120821938  16.208534973931783
8379    -19.147827064467528  1.2635447018087029  16.332516766034775
8380    -18.947235473572157  0.33633425130736888  14.984574728269118
8381    -18.854172271161904  0.6791319652162966  15.043850199730471
8382    -18.709212677569244  0.99666008374367432  15.139583923055339
8383    -18.519404409109676  1.2729556032610221  15.268143601216069
8384    -21.125950725193452  0.41675152244626057  18.080088624024256
8385    -21.007751349199545  0.82521496264557914  18.141953530104249
8386    -20.822873361600802  1.2011008964633283  18.242405559313934
8387    -20.579561089798673  1.5285229715323994  18.377942665414565
8388    -20.535232700119032  0.41894892937342931  16.96709941398241
8389    -20.41928807421133  0.83004084089674424  17.030864673281226
8390    -20.237857441898957  1.2086408930630863  17.1357483992685
8391    -19.998977529716527  1.539466808535896  17.279252084035335
8392    -19.920079736498284  0.41994940925854601  15.867348160660727
8393    -19.805562524539774  0.83356335137133186  15.933435462572991
8394    -19.626751911376694  1.2147710811517425  16.04317257473248
8395    -19.391928296933511  1.5489524548762346  16.194834515163105
8396    -19.28306192571895  0.41913653033516102  14.782094658500029
8397    -19.170103976754195  0.8362464140481557  14.852525287920134
8398    -18.99339471985768  1.2209890158945007  14.96775633829602
8399    -18.760828712782963  1.5577635815786395  15.124621055661359
8400    -19.706373316543516  0.78152083286515228  18.831210771064317
8401    -19.557787195498509  0.87235403888312446  18.935056183586752
8402    -19.394584014242948  0.93112921299349805  19.047859208764457
8403    -19.133532314719481  0.79886836765138647  17.758746408200732
8404    -18.987076525959502  0.89112641896135969  17.867275049977486
8405    -18.82681110076734  0.95064821811738753  17.984935955880839
8406    -18.533765360495128  0.81459528837346817  16.699139718412074
8407    -18.388984868536934  0.90783299729878186  16.812724980650483
8408    -18.231202163924909  0.96765623382380372  16.935617158486824
8409    -17.91153265439592  0.82676862250346861  15.65071784918308
8410    -17.768136900095843  0.92175039082280341  15.770996030563142
8411    -17.612105943950287  0.98300940481168897  15.900660514573543
8412    -19.900083401854427  1.1187773709653646  18.736596150320466
8413    -19.691394501184718  1.2444499448281459  18.87141890744693
8414    -19.464539654096455  1.3240309116240068  19.017495794488838
8415    -19.326088178638482  1.1351729470849889  17.658301566185493
8416    -19.120031748221084  1.2626979844389319  17.798779856777557
8417    -18.896387464739572  1.3433814043091246  17.951015511940579
8418    -18.725266323671249  1.1499351533427016  16.593370210895806
8419    -18.521419973498961  1.2788686891542358  16.73982726953632
8420    -18.30056386361699  1.360210597065187  16.898544927403293
8421    -18.101070386689468  1.1616881517088464  15.540134426745034
8422    -17.899454855040656  1.2925529241808575  15.694683003267979
8423    -17.681092333388722  1.375485154926454  15.861720922042595
8424    -20.093793487165339  1.4560339090655763  18.641981529576611
8425    -19.825001806870922  1.6165458507731669  18.807781631307098
8426    -19.534495293949973  1.7169326102545159  18.987132380213218
8427    -19.518644042557476  1.4714775265185913  17.557856724170247
8428    -19.25298697048266  1.634269549916505  17.730284663577621
8429    -18.965963828711807  1.7361145905008615  17.9170950680003
8430    -18.916767286847382  1.4852750183119365  16.487600703379538
8431    -18.653855078460985  1.6499043810096898  16.666929558422158
8432    -18.369925563309078  1.7527649603065707  16.861472696319762
8433    -18.290608118983023  1.4966076809142246  15.429551004306992
8434    -18.030772809985461  1.6633554575389118  15.618369975972815
8435    -17.750078722827148  1.7679609050412193  15.822781329511644
8436    -20.287503572476247  1.7932904471657887  18.547366908832768
8437    -19.958609112557127  1.9886417567181887  18.744144355167272
8438    -19.604450933803477  2.1098343088850244  18.956768965937599
8439    -19.711199906476484  1.8077821059521944  17.457411882155014
8440    -19.385942192744238  2.0058411153940776  17.661789470377688
8441    -19.035540192684039  2.1288477766925982  17.883174624060036
8442    -19.108268250023496  1.8206148832811699  16.381831195863267
8443    -18.786290183423031  2.0209400728651441  16.594031847307996
8444    -18.439287263001162  2.1453193235479544  16.824400465236227
8445    -18.480145851276578  1.8315272101196027  15.31896758186895
8446    -18.16209076493028  2.0341579908969663  15.542056948677656
8447    -17.819065112265594  2.1604366551559853  15.783841736980699
8448    -16.806263255029297  1.0208146553801751  15.009400203246564
8449    -16.644589330092728  1.0010149281510379  15.138176272006094
8450    -16.492355094016546  0.94275827330579254  15.273381773508209
8451    -16.354299088230313  0.85156923456705946  15.398267761233974
8452    -16.235159854163587  0.73297235565746066  15.496085288664462
8453    -16.135990621501545  1.0355953605384909  14.012454674290522
8454    -15.973847909021858  1.0160899815874911  14.148820248141728
8455    -15.821622383919562  0.95749781506158449  14.288709908813047
8456    -15.683871318626693  0.86527911900865773  14.417284363432355
8457    -15.565151985575284  0.74489415147659999  14.519704319127534
8458    -15.439657139952425  1.049715521155294  13.033608802795785
8459    -15.277042198996014  1.03061334427147  13.177610605986754
8460    -15.124817814813669  0.9719251444007867  13.322287219173061
8461    -14.987364119960231  0.87891626936955169  13.454652934031699
8462    -14.869061246990537  0.75685206700407304  13.561722042239648
8463    -14.718560659870974  1.0632784252129077  12.072959399103976
8464    -14.55583471807668  1.044489737921672  12.222235091045027
8465    -14.403838879127692  0.98604436156715458  12.373053917648559
8466    -14.266748379289199  0.89296278930957063  12.511109258526391
8467    -14.148738454826381  0.77026551430913637  12.622094493290334
8468    -16.811342684912045  1.4207704382104789  15.012227943760308
8469    -16.586158308684979  1.3944100268319843  15.184455371382153
8470    -16.371877375078057  1.3152621070412065  15.358894324506313
8471    -16.175552187261424  1.1884768716684269  15.520288306920511
8472    -16.004235048405224  1.0192045135439309  15.653380822412498
8473    -16.141832106139859  1.4355445209417304  14.014342675474072
8474    -15.917858422289706  1.4097280273920116  14.195801527563948
8475    -15.704650075001977  1.3305519417596892  14.376486426800874
8476    -15.509423041317099  1.2030136328820067  14.543162877304574
8477    -15.3393932982755  1.0321104695962116  14.682596383194758
8478    -15.446233944158578  1.4496584249490316  13.03452785317976
8479    -15.223495770097584  1.4244946464454433  13.225248822174187
8480    -15.01141460743599  1.3455297488497557  13.412247190884246
8481    -14.817340326189807  1.2174777203453511  13.584273632837798
8482    -14.648622796375047  1.0450525491156109  13.730078821562696
8483    -14.725372234810896  1.4632202704750066  12.073309906143894
8484    -14.503711723001295  1.4384752795694824  12.270559113234862
8485    -14.293278264151848  1.3598749942055117  12.465527247704168
8486    -14.100863308450807  1.2318580744494794  12.645085510860937
8487    -13.933258306086403  1.0588631803677699  12.79610510401427
8488    -16.816422114794793  1.8207262210407831  15.015055684274053
8489    -16.527727287277237  1.7878051255129317  15.230734470758211
8490    -16.251399656139569  1.6877659407766203  15.444406875504411
8491    -15.996805286292535  1.5253845087697948  15.642308852607044
8492    -15.77331024264687  1.3054366714304011  15.810676356160528
8493    -16.147673590778169  1.83549368134497  14.016230676657621
8494    -15.861868935557554  1.8033660731965329  14.24278280698616
8495    -15.587677766084395  1.7036060684577936  14.464262944788702
8496    -15.334974764007505  1.5407481467553554  14.669041391176792
8497    -15.113634610975716  1.3193267877158232  14.84548844726198
8498    -15.452810748364733  1.8496013287427695  13.035446903563733
8499    -15.169949341199155  1.8183759486194171  13.272887038361613
8500    -14.898011400058307  1.7191343532987251  13.502207162595424
8501    -14.64731653241938  1.5560391713211503  13.713894331643893
8502    -14.428184345759563  1.3332530312271493  13.898435600885744
8503    -14.73218380975082  1.8631621157371054  12.073660413183811
8504    -14.451588727925916  1.8324608212172919  12.31888313542469
8505    -14.182717649176013  1.7337056268438691  12.558000577759779
8506    -13.934978237612414  1.570753359589389  12.779061763195477
8507    -13.717778157346428  1.3474608464264026  12.970115714738204
8508    -16.821501544677542  2.2206820038710866  15.017883424787799
8509    -16.469296265869488  2.1812002241938782  15.277013570134278
8510    -16.130921937201084  2.060269774512034  15.529919426502516
8511    -15.818058385323646  1.8622921458711621  15.764329398293587
8512    -15.542385436888511  1.5916688293168719  15.967971889908569
8513    -16.153515075416482  2.2354428417482097  14.018118677841171
8514    -15.805879448825403  2.1970041190010541  14.289764086408379
8515    -15.470705457166806  2.0766601951558989  14.552039462776529
8516    -15.160526486697915  1.8784826606287039  14.794919905049007
8517    -14.887875923675928  1.6065431058354349  15.008380511329204
8518    -15.459387552570886  2.2495442325365071  13.036365953947707
8519    -15.116402912300726  2.2122572507933898  13.32052525454905
8520    -14.784608192680627  2.0927389577476943  13.592167134306605
8521    -14.477292738648959  1.8946006222969491  13.843515030449987
8522    -14.207745895144072  1.6214535133386874  14.06679238020879
8523    -14.738995384690742  2.2631039609992043  12.074010920223728
8524    -14.399465732850532  2.2264463628651021  12.367207157614528
8525    -14.072157034200165  2.1075362594822264  12.650473907815387
8526    -13.769093166774026  1.9096486447292975  12.91303801553002
8527    -13.502298008606452  1.6360585124850364  13.144126325462143
8528    -16.138034237514461  0.58237606269817332  15.571414733349775
8529    -16.064995413637732  0.40254662322100532  15.634937400797709
8530    -16.019246418447839  0.21004534306452016  15.679055736425873
8531    -16.003990287859256  0.021433528067281004  15.696172185651887
8532    -15.468444605102778  0.59233119311978388  14.599435008828562
8533    -15.395778309199613  0.41073989792489668  14.66524240119529
8534    -15.350283737777129  0.21632258393829401  14.710238306950409
8535    -15.335091530746695  0.025281569206330998  14.727534536816618
8536    -14.772703647997661  0.60236671464843061  13.645945246088534
8537    -14.700259279734707  0.41911096081296945  13.714238155464763
8538    -14.654868531746287  0.22287501007339433  13.76031242343754
8539    -14.639671793577021  0.029449067005409786  13.777879703076081
8540    -14.05238188609523  0.6141113431279891  12.709282774113781
8541    -13.979690879128587  0.42835000976588988  12.78073611914504
8542    -13.933999808706407  0.22953839853949576  12.829331206958383
8543    -13.91864304960869  0.034233393765462333  12.847944716128058
8544    -15.863961712197902  0.8070610942419445  15.758584897135053
8545    -15.758917387938794  0.55908538713612521  15.842180293637691
8546    -15.69337856221426  0.29156165275589963  15.897710620303192
8547    -15.671621721610681  0.020774151630695292  15.918719485514378
8548    -15.20030072408183  0.81805727111429472  14.793796688352771
8549    -15.095978006812496  0.56829197453181002  14.880785742904592
8550    -15.030780338315413  0.29864662551134535  14.937847360336846
8551    -15.009062910438521  0.024953269715488134  14.959265354136189
8552    -14.510653751708412  0.82913339930409902  13.847354927549594
8553    -14.406926729958313  0.57767493451568619  13.937912695016141
8554    -14.341944307218148  0.30600439212571906  13.996680658080686
8555    -14.320209059581327  0.029449009509543746  14.01858735086161
8556    -13.795830166507864  0.84130452947476508  12.917290387129928
8557    -13.692440377115135  0.5873354917248772  13.011994685684829
8558    -13.627622255022198  0.31300345584453787  13.074062649254811
8559    -13.605909117343066  0.034355810560176947  13.097338927415711
8560    -15.589889186881345  1.0317461257857157  15.945755060920339
8561    -15.452839362239862  0.71562415105124499  16.049423186477675
8562    -15.367510705980679  0.37307796244727903  16.116365504180511
8563    -15.339253155362101  0.020114775194109653  16.141266785376871
8564    -14.932156843060875  1.0437833491088055  14.988158367876986
8565    -14.79617770442538  0.72584405113872352  15.096329084613895
8566    -14.711276938853702  0.38097066708439686  15.165456413723293
8567    -14.683034290130347  0.024624970224645191  15.190996171455772
8568    -14.248603855419157  1.0559000839597674  14.048764609010654
8569    -14.113594180181915  0.73623890821840299  14.16158723456752
8570    -14.02902008269001  0.38913377417804368  14.233048892723835
8571    -14.000746325585636  0.029448952013677761  14.259294998647142
8572    -13.539278446920495  1.068497715821541  13.12529800014608
8573    -13.405189875101682  0.74632097368386474  13.243253252224621
8574    -13.321244701337994  0.39646851314957982  13.318794091551245
8575    -13.293175185077441  0.034478227354891589  13.346733138703382
8576    -15.315816661564787  1.2564311573294877  16.13292522470563
8577    -15.146761336540926  0.87216291496636456  16.25666607931765
8578    -15.041642849747104  0.45459427213865861  16.335020388057831
8579    -15.006884589113525  0.019455398757523879  16.363814085239365
8580    -14.664012962039928  1.2695094271033165  15.182520047401193
8581    -14.496377402038265  0.88339612774563669  15.311872426323196
8582    -14.391773539391989  0.46329470865744804  15.39306546710973
8583    -14.357005669822174  0.024296670733802241  15.422726988775345
8584    -13.986553959129909  1.2826667686154356  14.250174290471715
8585    -13.820261630405522  0.89480288192111912  14.385261774118893
8586    -13.716095858161877  0.47226315623036846  14.469417127366981
8587    -13.681283591589938  0.029448894517811661  14.500002646432669
8588    -13.282726727333122  1.2956909021683172  13.333305613162228
8589    -13.117939373088229  0.90530645564285184  13.474511818764405
8590    -13.014867147653788  0.47993357045462176  13.563525533847676
8591    -12.980441252811815  0.034600644149606154  13.596127349991034
8592    -16.023771302666699  -0.16891223081578988  15.683298900785196
8593    -16.077319260988187  -0.36593498244834993  15.645548987945615
8594    -16.15911547472318  -0.55205288071970449  15.587476323266305
8595    -16.263641255771113  -0.70968407951915802  15.513634782880398
8596    -15.35500678738571  -0.16773605936161268  14.714486681640151
8597    -15.408951093341972  -0.36739330374907964  14.675619728057413
8598    -15.491229818082427  -0.55645297924909665  14.61479958047626
8599    -15.596148331074021  -0.7176779011546901  14.535892143304533
8600    -14.659748710972961  -0.16623054505518889  13.764505627089548
8601    -14.714149686199823  -0.36850053257468368  13.724188001663045
8602    -14.796971243581572  -0.56048023568048422  13.660286740079437
8603    -14.902309907442193  -0.72528899449999962  13.576161755621612
8604    -13.938888837657354  -0.16373717845829797  12.833455810800958
8605    -13.993707244504485  -0.36957290535865173  12.79035238534269
8606    -14.07698539867499  -0.56525802260610924  12.722924213655183
8607    -14.182610428693835  -0.73277676587118012  12.635461069640423
8608    -15.698295581398591  -0.2515183563463525  15.90211559628646
8609    -15.771109155601895  -0.52295271202287985  15.85215724472231
8610    -15.883929378937008  -0.77633805598061523  15.773412416836194
8611    -16.030623186120337  -0.99448352880128588  15.670449098642374
8612    -15.035781048334099  -0.25046229418336263  14.942301932506318
8613    -15.108699219823688  -0.52467203749957703  14.890632359699175
8614    -15.22138633075906  -0.78094056955071756  14.80816003327373
8615    -15.367411286991997  -1.0025324996543452  14.698788350788924
8616    -14.34700153282316  -0.24907950763881062  14.001144708119417
8617    -14.420090427523986  -0.52604241271565466  13.94750059890651
8618    -14.532710551984581  -0.78517190698114236  13.861037458778952
8619    -14.678096714505738  -1.010200191695428  13.745137723292798
8620    -13.632657900365137  -0.24666036136385255  13.078507179400148
8621    -13.705653942695912  -0.52723459086160307  13.021388743150075
8622    -13.81807316492916  -0.79002440975423205  12.930534786305188
8623    -13.963091487658726  -1.0176873498629002  12.810496476505202
8624    -15.372819860130489  -0.33412448187691512  16.120932291787724
8625    -15.464899050215605  -0.67997044159741005  16.058765501499007
8626    -15.608743283150838  -1.000623231241526  15.95934851040608
8627    -15.797605116469557  -1.2792829780834134  15.827263414404358
8628    -14.716555309282489  -0.33318852900511248  15.170117183372495
8629    -14.8084473463054  -0.68195077125007508  15.105644991340943
8630    -14.951542843435693  -1.0054281598523385  15.0015204860712
8631    -15.138674242909977  -1.2873870981540005  14.861684558273319
8632    -14.034254354673362  -0.33192847022243238  14.23778378914929
8633    -14.126031168848153  -0.68358429285662603  14.170813196149975
8634    -14.268449860387589  -1.0098635782818004  14.06178817747846
8635    -14.453883521569283  -1.2951113888908559  13.914113690963996
8636    -13.326426963072924  -0.32958354426940717  13.323558547999346
8637    -13.41760064088734  -0.68489627636455397  13.252425100957463
8638    -13.559160931183339  -1.0147907969023546  13.138145358955194
8639    -13.743572546623621  -1.3025979338546196  12.985531883369987
8640    -15.047344138862384  -0.41673060740747769  16.339748987289006
8641    -15.158688944829317  -0.83698817117194013  16.2653737582757
8642    -15.333557187364665  -1.2249084065024372  16.145284603975973
8643    -15.564587046818781  -1.5640824273655423  15.984077730166335
8644    -14.39732957023088  -0.41591476382686254  15.397932434238664
8645    -14.50819547278712  -0.8392295050005727  15.320657622982708
8646    -14.681699356112327  -1.2299157501539599  15.194880938868669
8647    -14.909937198827956  -1.5722416966536557  15.02458076575771
8648    -13.721507176523565  -0.41477743280605422  14.474422870179165
8649    -13.831971910172314  -0.84112617299759684  14.394125793393442
8650    -14.004189168790598  -1.2345552495824585  14.262538896177976
8651    -14.229670328632826  -1.580022586086284  14.083089658635187
8652    -13.020196025780709  -0.41250672717496184  13.568609916598536
8653    -13.129547339078766  -0.8425579618675052  13.483461458764847
8654    -13.300248697437505  -1.2395571840504775  13.345755931605197
8655    -13.524053605588509  -1.5875085178463395  13.160567290234765
8656    -16.388708745811797  -0.83535687022141691  15.414492891563748
8657    -16.53208245387448  -0.93319994797773453  15.288654168947421
8658    -16.688172242882864  -0.99703207234223923  15.152874983447457
8659    -16.85138797576063  -1.0206720028690595  15.023911703479895
8660    -15.721503597722361  -0.84658825475673138  14.431360363259499
8661    -15.86521218453645  -0.94636651140451622  14.301086302643027
8662    -16.02175886263845  -1.0112689154787102  14.160064539240016
8663    -16.18562840315051  -1.0355517113599795  14.023289650835334
8664    -15.027983057444992  -0.85739436329037411  13.466240161337508
8665    -15.172092757853424  -0.95901419386443765  13.331530926597367
8666    -15.329162559891989  -1.0248932726831332  13.185266749167781
8667    -15.493716014785127  -1.049776386207403  13.040680326815291
8668    -14.308322591524067  -0.8668311896277292  12.521293081574022
8669    -14.452382561159425  -0.9703810049964422  12.380615606513821
8670    -14.609458091671376  -1.03779693261807  12.228016261535577
8671    -14.77421693713131  -1.0634496931333635  12.078082663714989
8672    -16.207027361451168  -1.1702574389593772  15.5375932894628
8673    -16.407898809736427  -1.3039307889390011  15.376321577903246
8674    -16.625484646454087  -1.3894167603363308  15.201927833903842
8675    -16.852031987082082  -1.4206285347475391  15.029705927404693
8676    -15.542961458386451  -1.1814131028284232  14.559114288189782
8677    -15.743168949171745  -1.3169531489282604  14.392063041363283
8678    -15.960019766747822  -1.4035254895274416  14.211030337781445
8679    -16.185499918514601  -1.4355029761995484  14.029411904916261
8680    -14.852785427861837  -1.1921447038768498  13.598646439114988
8681    -15.052312562122797  -1.3294573212778882  13.425817927071492
8682    -15.268411961532937  -1.417021906259907  13.238148533957173
8683    -15.492817470336526  -1.4497223211842711  13.047134606566841
8684    -14.136871006565821  -1.2015254376924107  12.658595063313923
8685    -14.334950118111687  -1.3407457267397205  12.47805545937535
8686    -14.549569194060551  -1.4298632893142087  12.282284326949815
8687    -14.772968606176567  -1.463393197725259  12.084688328297611
8688    -16.025345977090538  -1.5051580076973368  15.660693687361849
8689    -16.283715165598391  -1.6746616299002675  15.463988986859075
8690    -16.56279705002531  -1.7818014483304223  15.250980684360222
8691    -16.852675998403519  -1.8205850666260184  15.035500151329488
8692    -15.364419319050539  -1.5162379509001143  14.686868213120066
8693    -15.621125713807041  -1.6875397864520054  14.483039780083537
8694    -15.898280670857194  -1.7957820635761728  14.261996136322873
8695    -16.185371433878693  -1.835454241039117  14.035534158997182
8696    -14.677587798278676  -1.5268950444633251  13.731052716892469
8697    -14.932532366392168  -1.6999004486913385  13.520104927545619
8698    -15.207661363173882  -1.8091505398366807  13.291030318746563
8699    -15.491918925887921  -1.8496682561611382  13.053588886318389
8700    -13.965419421607564  -1.5362196857570931  12.795897045053826
8701    -14.217517675063952  -1.7111104484829978  12.575495312236882
8702    -14.489680296449725  -1.8219296460103471  12.336552392364061
8703    -14.771720275221819  -1.8633367023171536  12.091293992880235
8704    -15.843664592729906  -1.8400585764352968  15.783794085260901
8705    -16.159531521460337  -2.0453924708615339  15.551656395814899
8706    -16.500109453596533  -2.174186136324515  15.30003353481661
8707    -16.853320009724964  -2.2205415985044992  15.041294375254285
8708    -15.185877179714625  -1.851062798971806  14.814622138050348
8709    -15.499082478442334  -2.0581264239757493  14.574016518803793
8710    -15.836541574966565  -2.1880386376249037  14.312961934864298
8711    -16.185242949242792  -2.2354055058786866  14.041656413078107
8712    -14.50239016869552  -1.8616453850498011  13.863458994669951
8713    -14.812752170661536  -2.070343576104789  13.614391928019748
8714    -15.146910764814827  -2.2012791734134547  13.343912103535956
8715    -15.491020381439322  -2.2496141911380079  13.06004316606994
8716    -13.793967836649317  -1.8709139338217746  12.933199026793723
8717    -14.100085232016205  -2.0814751702262768  12.67293516509841
8718    -14.429791398838898  -2.2139960027064847  12.390820457778297
8719    -14.770471944267076  -2.263280206909049  12.097899657462861
8720    -17.0122133941444  -1.0013252002915476  14.89360304682565
8721    -17.162439812044969  -0.94377006674599206  14.754950198436243
8722    -17.298438450947344  -0.85318477389091896  14.626453227483628
8723    -17.416580532336496  -0.73474749338485712  14.526612203139752
8724    -16.346665302314818  -1.0165204960444185  13.885089216621743
8725    -16.496309755288319  -0.95868768575071805  13.741094331363845
8726    -16.63144008156517  -0.86711975369342575  13.608254846204218
8727    -16.748934600639533  -0.74688317308709351  13.503520612285479
8728    -15.655092117573231  -1.0311595162960223  12.894764223400079
8729    -15.804435595874786  -0.97326629716708324  12.745814739660686
8730    -15.938978599781239  -0.88093299382047885  12.609020178681066
8731    -16.05595327938407  -0.75899587125610646  12.499568843545189
8732    -14.935695402258357  -1.0450831255421755  11.927032560715752
8733    -15.084788067412754  -0.98729876755201307  11.772251856874293
8734    -15.218950100127293  -0.89475388786506005  11.630080404275093
8735    -15.335636667934832  -0.77210575518350877  11.5168580550027
8736    -17.076593850240783  -1.3947301561088095  14.856212172460395
8737    -17.289276588854747  -1.3161990713225764  14.678902667284447
8738    -17.483907319858194  -1.1899185664343868  14.514420958055368
8739    -17.654313160185307  -1.0207719274897864  14.379410590951638
8740    -16.408692124457421  -1.4101509687414484  13.846496624909195
8741    -16.619938714769514  -1.33161938122214  13.662540567385982
8742    -16.813115112162571  -1.204607896623394  13.49239024104498
8743    -16.982096739348286  -1.0338161979269846  13.350892154584592
8744    -15.714696248813723  -1.4250164246626744  12.85491877620861
8745    -15.92463039627448  -1.3467037618732125  12.664582310703627
8746    -16.116476165507702  -1.2191807250268338  12.489029511616243
8747    -16.284089809302284  -1.0468437063344895  12.341164680510794
8748    -14.993771090677173  -1.4390509992124756  11.886060052122591
8749    -15.202054253922654  -1.3609918723467429  11.688016570725603
8750    -15.392240772891265  -1.2333903364343288  11.50520127176228
8751    -15.558753324561295  -1.0604209107815075  11.352257542888278
8752    -17.140974306337156  -1.78813511192607  14.818821298095138
8753    -17.416113365664515  -1.6886280758991605  14.602855136132659
8754    -17.669376188769032  -1.5266523589778533  14.402388688627102
8755    -17.892045788034107  -1.3067963615947156  14.232208978763522
8756    -16.470718946600027  -1.8037814414384776  13.807904033196644
8757    -16.743567674250713  -1.7045510766935612  13.583986803408113
8758    -16.994790142759971  -1.5420960395533618  13.376525635885738
8759    -17.215258878057032  -1.3207492227668762  13.198263696883707
8760    -15.774300380054216  -1.8188733330293259  12.815073329017132
8761    -16.044825196674175  -1.7201412265793419  12.583349881746575
8762    -16.293973731234161  -1.5574284562331893  12.369038844551417
8763    -16.512226339220494  -1.3346915414128731  12.182760517476394
8764    -15.051846779095987  -1.8330188728827752  11.845087543529425
8765    -15.319320440432561  -1.7346849771414721  11.603781284576918
8766    -15.565531445655232  -1.5720267850035969  11.380322139249461
8767    -15.781869981187757  -1.3487360663795058  11.187657030773853
8768    -17.205354762433547  -2.1815400677433319  14.781430423729883
8769    -17.5429501424743  -2.061057080475746  14.526807604980865
8770    -17.854845057679874  -1.8633861515213213  14.290356419198844
8771    -18.129778415882924  -1.5928207956996445  14.085007366575411
8772    -16.532745768742629  -2.1974119141355071  13.769311441484096
8773    -16.867196633731904  -2.0774827721649838  13.505433039430249
8774    -17.176465173357371  -1.8795841824833304  13.260661030726503
8775    -17.448421016765796  -1.6076822476067678  13.04563523918282
8776    -15.833904511294707  -2.2127302413959775  12.775227881825662
8777    -16.165019997073887  -2.093578691285471  12.502117452789513
8778    -16.471471296960626  -1.8956761874395445  12.249048177486596
8779    -16.7403628691387  -1.6225393764912563  12.024356354441997
8780    -15.109922467514799  -2.2269867465530742  11.804115034936268
8781    -15.436586626942454  -2.1083780819362019  11.51954599842823
8782    -15.738822118419202  -1.9106632335728653  11.255443006736648
8783    -16.004986637814227  -1.6370512219775051  11.02305651865943
8784    -17.51383586704824  -0.5838681395235128  14.450867957552424
8785    -17.587276357405464  -0.4036205268284721  14.387272010092403
8786    -17.633426362123679  -0.21067867729708201  14.34324046076606
8787    -17.648810239918465  -0.021716612926689534  14.326189409579765
8788    -16.845634000733263  -0.59398429347827075  13.423050387308768
8789    -16.918334526416565  -0.41194294014782235  13.356442263474534
8790    -16.963847831706143  -0.21709579991177641  13.310805093674277
8791    -16.978985570618722  -0.025779559586159743  13.293247730799527
8792    -16.152218836064616  -0.60412027154574321  12.414417807979488
8793    -16.224447997724674  -0.42037935000094961  12.344896879131904
8794    -16.269593204236276  -0.22372109148131003  12.297753460218606
8795    -16.284606895471512  -0.030093480846406749  12.27973495445579
8796    -15.431827571068391  -0.61556198230959425  11.428739660898634
8797    -15.504112081964047  -0.42935526890000514  11.35604735157683
8798    -15.5493595764591  -0.23018051393863914  11.306371895780368
8799    -15.5644394303909  -0.03473261640938996  11.287304062252332
8800    -17.794529592208232  -0.80837100022515473  14.273537772526927
8801    -17.899728611582585  -0.55999206092955855  14.189602040472778
8802    -17.965442105167678  -0.29201504147757879  14.133946937674546
8803    -17.987201959822865  -0.020819873743796607  14.112916007017569
8804    -17.121053032504133  -0.81946780235384631  13.238835678837301
8805    -17.225297672949225  -0.56928001654750537  13.151032749720033
8806    -17.290422451107741  -0.29919320762363277  13.093363723557822
8807    -17.312019157403881  -0.025147742697898764  13.071708956675748
8808    -16.421875569114896  -0.83059045124656117  12.222940141380786
8809    -16.525362962783234  -0.57868755827564944  12.1313043218681
8810    -16.590096157667691  -0.30658469922605808  12.071655679009648
8811    -16.611619321128661  -0.02973154590208802  12.049392669842341
8812    -15.695950758087442  -0.84252810610120954  11.230146403488613
8813    -15.798970164188454  -0.58814346937615636  11.134385903858377
8814    -15.863401582188603  -0.31342207431735697  11.071454978018357
8815    -15.884835051412223  -0.034518994635813066  11.047832559989336
8816    -18.075223317368234  -1.0328738609267964  14.096207587501434
8817    -18.212180865759713  -0.71636359503064495  13.991932070853162
8818    -18.297457848211675  -0.37335140565807562  13.924653414583036
8819    -18.32559367972727  -0.019923134560903746  13.899642604455378
8820    -17.396472064274999  -1.0449513112294218  13.054620970365828
8821    -17.532260819481884  -0.7266170929471879  12.945623235965522
8822    -17.616997070509335  -0.38129061533548908  12.875922353441366
8823    -17.645052744189041  -0.024515925809637802  12.850170182551963
8824    -16.691532302165168  -1.0570606309473791  12.031462474782083
8825    -16.826277927841801  -0.7369957665503486  11.9177117646043
8826    -16.910599111099099  -0.38944830697080612  11.845557897800687
8827    -16.938631746785813  -0.02936961095776932  11.819050385228888
8828    -15.960073945106496  -1.0694942298928249  11.031553146078593
8829    -16.093828246412858  -0.74693166985230774  10.912724456139927
8830    -16.177443587918106  -0.39666363469607496  10.836538060256348
8831    -16.205230672433547  -0.034305372862236179  10.808361057726342
8832    -18.355917042528212  -1.2573767216284386  13.918877402475935
8833    -18.524633119936833  -0.87273512913173124  13.794262101233537
8834    -18.629473591255671  -0.45468776983857256  13.715359891491524
8835    -18.66398539963167  -0.019026395378010871  13.686369201893179
8836    -17.671891096045869  -1.2704348201049975  12.870406261894361
8837    -17.83922396601454  -0.88395416934687088  12.740213722211017
8838    -17.943571689910943  -0.4633880230473455  12.658480983324912
8839    -17.978086330974204  -0.023884108921376872  12.628631408428189
8840    -16.96118903521544  -1.2835308106481971  11.839984808183379
8841    -17.127192892900361  -0.89530397482504864  11.704119207340497
8842    -17.231102064530511  -0.47231191471555428  11.619460116591727
8843    -17.265644172442954  -0.029007676013450653  11.588708100615438
8844    -16.224197132125543  -1.2964603536844395  10.832959888668574
8845    -16.388686328637252  -0.90571987032845891  10.691063008421475
8846    -16.49148559364761  -0.47990519507479301  10.601621142494338
8847    -16.525626293454863  -0.034091751088659313  10.568889555463347
8848    -17.629401816090446  0.16909605783475107  14.340132030169018
8849    -17.576800226784581  0.3668204658946802  14.380318087429654
8850    -17.495967796982928  0.55362869828884409  14.441018568258611
8851    -17.391866851667544  0.71169284205298822  14.516504459552808
8852    -16.959726963734937  0.16765137382875953  13.307785007700502
8853    -16.907362115042087  0.36804576449331894  13.350001845150382
8854    -16.82666900366694  0.55787168233240236  13.414362227925118
8855    -16.72242560873627  0.71959719727089433  13.49533014080067
8856    -16.265347894027272  0.16593644624389003  12.294776409013387
8857    -16.212889320637135  0.36895842776125592  12.338824973611283
8858    -16.132005062378209  0.5617596392934362  12.406646205290585
8859    -16.027469006327571  0.72712725642817388  12.493005661092388
8860    -15.545054488782664  0.16349208009022259  11.303388842719317
8861    -15.492276639457021  0.36993792011125287  11.350061149910344
8862    -15.411028822450531  0.56632103689268365  11.421246634072117
8863    -15.306233977799746  0.73435756367349536  11.510870945451323
8864    -17.960668850650677  0.2519805670354438  14.13029730411872
8865    -17.888368801890898  0.52408386619629843  14.182072079796434
8866    -17.776131724108794  0.77807578272293709  14.262873669738402
8867    -17.629787527869638  0.99654207559952812  14.367335409632318
8868    -17.285617323107459  0.2507326993899609  13.089738478637297
8869    -17.21361446740023  0.525624777374602  13.143840618532673
8870    -17.101904362574338  0.78253863050194261  13.228973181976912
8871    -16.95638078092195  1.004484398017901  13.340093974585089
8872    -16.585240226072241  0.2492105036519946  12.068024359537642
8873    -16.513295785018883  0.52685089400714891  12.124352537972053
8874    -16.401873874750557  0.78664621728191897  12.213714749239953
8875    -16.257062372049173  1.0120530655948481  12.33144853743574
8876    -15.858523346821533  0.24683611413041132  11.067800984763471
8877    -15.786730977668141  0.52797286018174039  11.127479648337134
8878    -15.675565584710522  0.7913250654149202  11.221103076237297
8879    -15.53113480870714  1.0193265517266943  11.342905793990944
8880    -18.291935885210911  0.33486507623613632  13.920462578068436
8881    -18.199937376997202  0.68134726649791688  13.983826072163215
8882    -18.056295651234649  1.0025228671570303  14.084728771218197
8883    -17.867708204071718  1.281391309146068  14.218166359711836
8884    -17.611507682479981  0.33381402495116236  12.871691949574092
8885    -17.519866819758366  0.68320379025588529  12.937679391914955
8886    -17.377139721481736  1.0072055786714826  13.043584136028704
8887    -17.190335953107631  1.2893715987649081  13.184857808369506
8888    -16.905132558117209  0.33248456106009927  11.841272310061894
8889    -16.813702249400642  0.68474336025304217  11.909880102332812
8890    -16.671742687122897  1.0115327952704016  12.020783293189318
8891    -16.486655737770775  1.2969788747615223  12.169891413779093
8892    -16.171992204860398  0.33018014817059999  10.832213126807627
8893    -16.081185315879264  0.68600780025222829  10.904898146763916
8894    -15.940102346970514  1.0163290939371568  11.020959518402478
8895    -15.756035639614536  1.3042955397798928  11.174940642530569
8896    -18.623202919771138  0.41774958543682933  13.710627852018138
8897    -18.511505952103516  0.83861066679953511  13.785580064529997
8898    -18.336459578360508  1.2269699515911228  13.906583872697986
8899    -18.105628880273816  1.5662405426926089  14.068997309791344
8900    -17.9373980418525  0.41689535051236382  12.653645420510891
8901    -17.82611917211651  0.84078280313716813  12.731518165297244
8902    -17.652375080389131  1.2318725268410227  12.8581950900805
8903    -17.424291125293308  1.5742587995119155  13.029621642153927
8904    -17.225024890162185  0.415758618468204  11.614520260586147
8905    -17.114108713782393  0.84263582649893498  11.69540766669358
8906    -16.941611499495249  1.2364193732588853  11.827851837138686
8907    -16.716249103492387  1.5819046839281969  12.008334290122441
8908    -16.485461062899269  0.41352418221078879  10.596625268851781
8909    -16.375639654090389  0.84404274032271565  10.68231664519071
8910    -16.204639109230502  1.2413331224593938  10.820815960567655
8911    -15.980936470521929  1.5892645278330919  11.00697549107019
8912    -17.267098346815736  0.8372390255534905  14.616568495679102
8913    -17.124431633754433  0.93449335403721079  14.743447609038284
8914    -16.969081630490109  0.99762787986061607  14.88007908357816
8915    -16.597477251548195  0.84840364331965346  13.600997458984089
8916    -16.454786284298009  0.94758289687672925  13.732777027562674
8917    -16.299306232458271  1.0117688414477859  13.875114286132714
8918    -15.902255564218233  0.85914923870005144  12.604159045460657
8919    -15.759352831092187  0.96015501941517822  12.74058119433964
8920    -15.603555218990037  1.0252939848185825  12.888366362020843
8921    -15.181019480450809  0.86836257459277832  11.626207561471418
8922    -15.038283253502591  0.97134572172637612  11.768457017572503
8923    -14.882604059220744  1.038065005218386  11.922435551026151
8924    -17.453890891278011  1.1721301563264512  14.501375983245595
8925    -17.253980545324762  1.3052305870426111  14.66401505701258
8926    -17.03736247990453  1.390043852689967  14.839537440621429
8927    -16.781398895214721  1.1831874587133844  13.481045621091978
8928    -16.582349092105726  1.3181491323239363  13.649718247949037
8929    -16.366677964709321  1.4040434695124271  13.832140913346366
8930    -16.082967749525704  1.1938263369022475  12.47922913935095
8931    -15.884718016319606  1.3305507608225735  12.653754660830407
8932    -15.669933354005634  1.4174276769675824  12.842896949548539
8933    -15.357970805237095  1.20301306892564  11.496012337089239
8934    -15.161244838902432  1.3416776733362623  11.678086380409708
8935    -14.948023213996052  1.4301401466291777  11.875171158559034
8936    -17.640683435740286  1.5070212870994115  14.386183470812076
8937    -17.383529456895094  1.6759678200480113  14.584582504986869
8938    -17.105643329318966  1.7824598255193176  14.798995797664695
8939    -16.96532053888124  1.5179712741071159  13.361093783199872
8940    -16.70991189991345  1.6887153677711431  13.5666594683354
8941    -16.434049696960383  1.7963180975770687  13.789167540560019
8942    -16.263679934833178  1.5285034351044433  12.354299233241239
8943    -16.01008320154703  1.7009465022299688  12.566928127321164
8944    -15.736311489021229  1.8095613691165828  12.797427537076226
8945    -15.534922130023386  1.5376635632585021  11.365817112707052
8946    -15.284206424302274  1.7120096249461481  11.58771574324691
8947    -15.013442368771361  1.8222152880399696  11.82790676609191
8948    -17.827475980202564  1.841912417872372  14.270990958378563
8949    -17.513078368465418  2.0467050530534108  14.505149952961165
8950    -17.173924178733383  2.1748757983486677  14.758454154707966
8951    -17.149242182547763  1.8527550895008464  13.24114194530776
8952    -16.837474707721167  2.0592816032183503  13.483600688721769
8953    -16.50142142921143  2.1885927256417101  13.74619416777367
8954    -16.444392120140641  1.8631805333066391  12.229369327131531
8955    -16.135448386774438  2.0713422436373636  12.480101593811929
8956    -15.802689624036823  2.2016950612655837  12.751958124603918
8957    -15.711873454809673  1.8723140575913642  11.235621888324877
8958    -15.407168009702119  2.0823415765560336  11.49734510608411
8959    -15.078861523546671  2.2142904294507617  11.780642373624795
8960    -13.971521362273258  1.0764223262090429  11.132909089161105
8961    -13.809414888831538  1.057949704788238  11.287132742349836
8962    -13.657813359168644  0.99981813145830267  11.444020340368031
8963    -13.521061705619966  0.90675606093744343  11.587789011134998
8964    -13.403504860520895  0.78349194794386612  11.702655882570056
8965    -13.196986342250565  1.0892835765477795  10.215904792409948
8966    -13.036126819986107  1.071190125432222  10.376988666869632
8967    -12.885137836516142  1.0130533346150268  10.538371916357386
8968    -12.748876710568615  0.91933858377361943  10.685854267237765
8969    -12.632200760871454  0.79451125258542576  10.805235445875326
8970    -12.395693820404738  1.1019626125709976  9.3221097594372537
8971    -12.236365058838595  1.0840652290386947  9.4898597120109827
8972    -12.086613002507873  1.0255203947458553  9.6553114980230976
8973    -11.951466785107797  0.93075013759551528  9.8060804140716762
8974    -11.8359555403336  0.80417648549071252  9.9297817567548279
8975    -11.56838201733763  1.1145598706205757  8.4516872408297772
8976    -11.410524152687218  1.0964292447927253  8.6238027251804557
8977    -11.263039548481526  1.0369897355593154  8.7940419377716079
8978    -11.130105320210218  0.94103050218054696  8.9492428388737117
8979    -11.015898583362954  0.81334070391662194  9.0762433887572449
8980    -13.978464086498372  1.4763610200710451  11.132793040466069
8981    -13.758556104492669  1.4519973717235402  11.336213903705797
8982    -13.54993549715654  1.3737785039948727  11.539049239636496
8983    -13.359203519865892  1.2458439672655781  11.726112000137828
8984    -13.192961427996609  1.0723333119161926  11.882215137089476
8985    -13.204426090808145  1.4892114951345472  10.215037640227036
8986    -12.987371606096541  1.4653890017560258  10.426861390692427
8987    -12.780534721885887  1.3873540957759705  10.63562010597462
8988    -12.591300746894294  1.2589456446564449  10.827808296770458
8989    -12.427054989839853  1.0840025158595119  10.98992047377679
8990    -12.403631508361265  1.5018796041771565  9.3205044016650405
8991    -12.189738900755122  1.4784165160776372  9.5405134734351194
8992    -11.985364175254913  1.4001657225282387  9.7547169230426629
8993    -11.798306638147343  1.2708835077005243  9.9515518991068461
8994    -11.636365595719099  1.094326155766064  10.119455550246881
8995    -11.576453599778802  1.5144732557105143  8.4496540210183273
8996    -11.365238661410608  1.4908462610990743  8.6751820511742412
8997    -11.164712094178645  1.411777337231108  8.895816767164705
8998    -10.981372842236402  1.2813779574762616  9.0987203054950054
8999    -10.821719849737365  1.1037595952041841  9.2710548026704309
9000    -13.985406810723486  1.8762997139330468  11.132676991771032
9001    -13.707697320153798  1.8460450386588425  11.385295065061754
9002    -13.442057635144444  1.7477388765314419  11.634078138904952
9003    -13.197345334111814  1.5849318735937128  11.864434989140658
9004    -12.982417995472318  1.3611746758885195  12.061774391608898
9005    -13.21186583936572  1.8891394137213149  10.214170488044122
9006    -12.938616392206972  1.8595878780798287  10.476734114515221
9007    -12.675931607255633  1.7616548569369137  10.732868295591853
9008    -12.433724783219976  1.5985527055392699  10.969762326303146
9009    -12.221909218808248  1.3734937791335977  11.174605501678256
9010    -12.411569196317792  1.9017965957833154  9.3188990438928219
9011    -12.143112742671644  1.8727678031165802  9.591167234859256
9012    -11.884115348001957  1.7748110503106207  9.8541223480622158
9013    -11.645146491186887  1.6110168778055327  10.097023384142002
9014    -11.436775651104593  1.3844758260414149  10.309129343738936
9015    -11.584525182219974  1.9143866408004533  8.4476208012068756
9016    -11.319953170134005  1.8852632774054241  8.7265613771680215
9017    -11.066384639875773  1.7865649389028999  8.9975915965577986
9018    -10.832640364262588  1.6217254127719765  9.2481977721163027
9019    -10.62754111611177  1.394178486491747  9.4658662165836205
9020    -13.992349534948598  2.2762384077950486  11.132560943075996
9021    -13.656838535814929  2.2400927055941446  11.434376226417717
9022    -13.334179773132339  2.1216992490680116  11.729107038173423
9023    -13.03548714835774  1.9240197799218479  12.002757978143489
9024    -12.771874562948026  1.6500160398608463  12.241333646128318
9025    -13.2193055879233  2.289067332308083  10.213303335861209
9026    -12.889861178317412  2.2537867544036319  10.526606838338017
9027    -12.571328492625383  2.1359556180978578  10.830116485209086
9028    -12.276148819545652  1.9381597664220949  11.111716355835838
9029    -12.016763447776645  1.6629850424076844  11.359290529579715
9030    -12.41950688427432  2.3017135873894747  9.3172936861206086
9031    -12.096486584588174  2.2671190901555232  9.6418209962833981
9032    -11.782866520749  2.1494563780930038  9.9535277730817846
9033    -11.491986344226435  1.9511502479105427  10.242494869177172
9034    -11.237185706490092  1.6746254963167673  10.498803137230986
9035    -11.592596764661149  2.3143000258903923  8.4455875813954258
9036    -11.274667678857401  2.2796802937117726  8.7779407031618089
9037    -10.968057185572892  2.1613525405746929  9.0993664259508957
9038    -10.683907886288775  1.9620728680676913  9.3976752387375946
9039    -10.43336238248618  1.6845973777793097  9.6606776304968101
9040    -13.307373207500778  0.62566083427460017  11.792751096078414
9041    -13.234437913335613  0.43733303611079749  11.867387996844508
9042    -13.188355085080767  0.2358899197468437  11.918558518456511
9043    -13.172780829791593  0.038712851477125387  11.938254594502595
9044    -12.536973556871562  0.63478211701342846  10.899674185714234
9045    -12.464402026673083  0.44474884974235596  10.976801112829163
9046    -12.418358526989826  0.24145717553224963  11.029123792530436
9047    -12.40271541453559  0.041952819143150522  11.049149790128382
9048    -11.741856538931684  0.64261066700188274  10.028420077841851
9049    -11.67014103057093  0.4510068763925188  10.107720352124252
9050    -11.624629117330299  0.24600159010523764  10.160878510733442
9051    -11.609140901288754  0.04423128458265705  10.181090484800812
9052    -10.92269575840524  0.65028195989737214  9.1773568072818801
9053    -10.8522127364591  0.45651654179323875  9.2588905997550448
9054    -10.807785838998949  0.24928458767533224  9.3136741546188286
9055    -10.792751387499214  0.045826235614763983  9.3345368603153176
9056    -13.05638279018228  0.85313839374342204  12.007146071779655
9057    -12.953377047720773  0.596617577562227  12.105953473664341
9058    -12.888649264984343  0.31961017728052515  12.171342166874879
9059    -12.866904506345243  0.038955506806234441  12.196016975542619
9060    -12.292347594731641  0.86299085440433432  11.120536554975082
9061    -12.190191900933696  0.60477882408703054  11.222749152882514
9062    -12.125668010196469  0.32580832053509878  11.289821819999503
9063    -12.103856024270438  0.042521239376035191  11.315018108826473
9064    -11.503758677032984  0.87155915738661205  10.255599962306297
9065    -11.402957346073745  0.61179100692109323  10.360872761813079
9066    -11.339141661510881  0.33099249408682402  10.429284408413132
9067    -11.317491682013893  0.045134408601121369  10.454845361752337
9068    -10.690650133963343  0.87954054861936648  9.4104744193633714
9069    -10.59174579246079  0.61762590168621934  9.5188153389297661
9070    -10.529533389779898  0.33455730641426656  9.5895127319002018
9071    -10.508539490470911  0.046876414813032299  9.6160017688052601
9072    -12.805392372863782  1.0806159532122439  12.221541047480894
9073    -12.672316182105925  0.75590211901365656  12.34451895048417
9074    -12.588943444887912  0.40333043481420694  12.42412581529325
9075    -12.561028182898887  0.03919816213534344  12.45377935658264
9076    -12.047721632591722  1.0911995917952402  11.341398924235932
9077    -11.915981775194304  0.76480879843170513  11.468697192935869
9078    -11.832977493403114  0.41015946553794769  11.550519847468573
9079    -11.804996634005287  0.043089659608919875  11.580886427524565
9080    -11.265660815134284  1.1005076477713414  10.482779846770738
9081    -11.135773661576563  0.77257513744966755  10.614025171501904
9082    -11.053654205691457  0.41598339806841039  10.697690306092815
9083    -11.025842462739043  0.046037532619585611  10.728600238703851
9084    -10.458604509521445  1.1087991373413608  9.6435920314448573
9085    -10.331278848462475  0.77873526157920037  9.7787400781044891
9086    -10.251280940560852  0.41983002515320078  9.8653513091815732
9087    -10.224327593442611  0.04792659401130063  9.8974666772951903
9088    -12.554401955545286  1.3080935126810656  12.43593602318213
9089    -12.391255316491087  0.91518666046508645  12.583084427304007
9090    -12.289237624791486  0.48705069234788839  12.676909463711619
9091    -12.255151859452534  0.03944081746445241  12.71154173762266
9092    -11.803095670451802  1.3194083291861456  11.562261293496782
9093    -11.641771649454913  0.92483877277637971  11.714645232989222
9094    -11.54028697660976  0.49451061054079665  11.81121787493764
9095    -11.506137243740136  0.043658079841804469  11.846754746222654
9096    -11.027562953235584  1.3294561381560701  10.709959731235186
9097    -10.868589977079374  0.9333592679782422  10.867177581190731
9098    -10.768166749872041  0.5009743020499966  10.966096203772505
9099    -10.734193243464183  0.046940656638049819  11.002355115655378
9100    -10.226558885079543  1.3380577260633548  9.8767096435263486
9101    -10.070811904464161  0.93984462147218084  10.038664817279207
9102    -9.9730284913418004  0.50510274389213528  10.141189886462945
9103    -9.9401156964143116  0.048976773209568891  10.178931585785129
9104    -13.193192275522719  -0.16151938832173476  11.922585305699958
9105    -13.248358399620436  -0.37090049757922072  11.876559925883592
9106    -13.331873083077598  -0.57020782746010656  11.805520678318361
9107    -13.437330206887054  -0.74021872912916653  11.714809786269118
9108    -12.423178545798947  -0.16081028167372136  11.033003885170567
9109    -12.478421572835995  -0.37261265529304188  10.985214706246875
9110    -12.561768545711818  -0.57451027614361416  10.910895592231116
9111    -12.666543514491492  -0.74755911865424129  10.815159881997094
9112    -11.629371032434022  -0.16090586649217861  10.164604173568076
9113    -11.684064653979718  -0.37478452080122815  10.115350857273633
9114    -11.766617607843511  -0.57892744894938131  10.038051538543925
9115    -11.870425735943094  -0.7548574215415278  9.9374272200053912
9116    -10.81229311937593  -0.16110215075502748  9.3172787952477698
9117    -10.865455532880143  -0.37749123640489235  9.2660025098049577
9118    -10.946366090738511  -0.58422142617015693  9.185991100407243
9119    -11.049152255677731  -0.76217312488614808  9.082527663474993
9120    -12.893621304749196  -0.24444924465794476  12.175759381406676
9121    -12.966482764372293  -0.52859436937422366  12.115099055384558
9122    -13.078500806432402  -0.79497177563205468  12.019863105375146
9123    -13.222687352147352  -1.0250733717208886  11.895878639277322
9124    -12.130574063692888  -0.2437122678915451  11.294216748027548
9125    -12.203296977151755  -0.53037589988175815  11.231469073071091
9126    -12.31458995862357  -0.79930853613620367  11.132297546663867
9127    -12.457018202084807  -1.0323490561964812  11.002224631512666
9128    -11.34393378858816  -0.24377237732231175  10.433660633782782
9129    -11.41590837337611  -0.53261246686185226  10.369178488775191
9130    -11.52586651175293  -0.80375828338830646  10.266424264853377
9131    -11.666259279093781  -1.0395822502724796  10.130423300141159
9132    -10.534118090826958  -0.24395251920790326  9.593872393192397
9133    -10.604128745387165  -0.5353373547921535  9.5269069950623866
9134    -10.711856356070749  -0.80904460950999069  9.4208294146256613
9135    -10.850585824796926  -1.0468408009316861  9.2813634920926944
9136    -12.594050333975671  -0.32737910099415474  12.428933457113395
9137    -12.684607129124156  -0.68628824116922693  12.353638184885519
9138    -12.825128529787206  -1.0197357238040028  12.234205532431925
9139    -13.008044497407649  -1.3099280143126109  12.076947492285528
9140    -11.837969581586826  -0.32661425410936884  11.555429610884525
9141    -11.928172381467528  -0.68813914447047397  11.477723439895298
9142    -12.067411371535318  -1.0241067961287931  11.353699501096621
9143    -12.247492889678119  -1.3171389937387215  11.189289381028235
9144    -11.058496544742297  -0.32663888815244485  10.70271709399749
9145    -11.147752092772514  -0.69044041292247615  10.623006120276745
9146    -11.285115415662357  -1.0285891178272315  10.494796991162827
9147    -11.462092822244475  -1.3243070790034321  10.323419380276928
9148    -10.255943062277987  -0.32680288766077897  9.8704659911370349
9149    -10.34280195789419  -0.69318347317941531  9.787811480319812
9150    -10.47734662140299  -1.0338677928498241  9.6556677288440778
9151    -10.652019393916124  -1.3315084769772241  9.4801993207103958
9152    -12.294479363202147  -0.41030895733036493  12.682107532820115
9153    -12.402731493876017  -0.84398211296423031  12.592177314386484
9154    -12.571756253142011  -1.2444996719759505  12.448547959488714
9155    -12.79340164266795  -1.5947826569043335  12.258016345293735
9156    -11.545365099480769  -0.40951624032719247  11.816642473741506
9157    -11.653047785783286  -0.84590238905919024  11.72397780671951
9158    -11.82023278444707  -1.2489050561213824  11.575101455529373
9159    -12.037967577271436  -1.6019289312809619  11.376354130543804
9160    -10.773059300896438  -0.40950539898257798  10.971773554212197
9161    -10.87959581216891  -0.84826835898310049  10.876833751778303
9162    -11.044364319571779  -1.253419952266156  10.723169717472276
9163    -11.257926365395166  -1.6090319077343835  10.516415460412695
9164    -9.9777680337290136  -0.40965325611365483  10.147059589081662
9165    -10.081475170401212  -0.8510295915666769  10.048715965577241
9166    -10.242836886735233  -1.2586909761896583  9.8905060430624978
9167    -10.453452963035325  -1.6161761530227621  9.6790351493280973
9168    -13.562750134360734  -0.87600010431803976  11.596559573170349
9169    -13.706693673208138  -0.98138701813773732  11.450044376914628
9170    -13.86356537101851  -1.0503090668220896  11.291319442453965
9171    -14.027769775381083  -1.0766958466049266  11.136440014740343
9172    -12.791455153880346  -0.8860201394709194  10.691972972315616
9173    -12.935438730333059  -0.99298544533149868  10.541512026104176
9174    -13.092158181538776  -1.0627577358025608  10.378208031456605
9175    -13.255277445186637  -1.089639710450689  10.216491976466729
9176    -11.994555416913604  -0.89597378123230453  9.8095334052677341
9177    -12.137976956237882  -1.0044640042756117  9.6556322504589556
9178    -12.293942086105206  -1.0750330616752306  9.4882547369828636
9179    -12.455702538704834  -1.1023859244349437  9.3199318462432696
9180    -11.172168690291199  -0.90494351574813148  8.9512409982846304
9181    -11.313667574626304  -1.0151104126679629  8.7930187463554841
9182    -11.467622647590836  -1.0870251665558466  8.6210322674721205
9183    -11.628007648092566  -1.1150391283219878  8.448452921419122
9184    -13.39519317901526  -1.210608465754095  11.738791814249172
9185    -13.591734771179329  -1.3516694661539093  11.550675865195901
9186    -13.804672609825065  -1.4423229316730835  11.346998516637107
9187    -14.026367176137972  -1.4766354210643706  11.143227493092377
9188    -12.627735172287609  -1.2204887649273746  10.83891339613084
9189    -12.823123406617931  -1.3631159726117281  10.645533178337409
9190    -13.034591708003012  -1.4546650669182406  10.435865844797627
9191    -13.253548879370086  -1.489570435515611  10.223693262176731
9192    -11.834881086912258  -1.2303022538797264  9.9611327061556914
9193    -12.028442090826523  -1.3744421652416894  9.7630273334721736
9194    -12.237766982368639  -1.4668333847286097  9.5479091288014732
9195    -12.453680453070659  -1.502307312710732  9.3275800388544408
9196    -11.01701502341858  -1.2391848512786312  9.1076226415204875
9197    -11.20701689020413  -1.3850049631723067  8.9035582652724781
9198    -11.41263892669622  -1.4787715747831225  8.682151186018725
9199    -11.625928634437459  -1.5149551242814865  8.4563822264292767
9200    -13.227636223669791  -1.5452168271901503  11.881024055327991
9201    -13.476775869150522  -1.721951914170081  11.651307353477163
9202    -13.745779848631626  -1.8343367965240776  11.402677590820245
9203    -14.024964576894858  -1.876574995523814  11.150014971444405
9204    -12.464015190694877  -1.554957390383829  10.985853819946067
9205    -12.710808082902803  -1.733246499891957  10.749554330570646
9206    -12.977025234467243  -1.8465723980339206  10.493523658138649
9207    -13.251820313553534  -1.8895011605805332  10.230894547886733
9208    -11.675206756910915  -1.5646307265271491  10.112732007043643
9209    -11.918907225415159  -1.7444203262077667  9.8704224164853898
9210    -12.181591878632071  -1.8586337077819897  9.6075635206200776
9211    -12.451658367436485  -1.9022287009865206  9.3352282314656083
9212    -10.861861356545962  -1.5734261868091306  9.2640042847563357
9213    -11.100366205781965  -1.7548995136766505  9.0140977841894685
9214    -11.357655205801606  -1.8705179830103977  8.7432701045653225
9215    -11.623849620782353  -1.914871120240986  8.4643115314394244
9216    -13.060079268324316  -1.8798251886262054  12.023256296406814
9217    -13.361816967121712  -2.0922343621862529  11.751938841758431
9218    -13.68688708743818  -2.2263506613750725  11.458356665003384
9219    -14.023561977651744  -2.2765145699832581  11.156802449796439
9220    -12.300295209102142  -1.8894260158402831  11.132794243761289
9221    -12.598492759187673  -2.1033770271721859  10.853575482803882
9222    -12.919458760931473  -2.2384797291496001  10.551181471479671
9223    -13.250091747736978  -2.2894318856454556  10.238095833596734
9224    -11.515532426909568  -1.8989591991745707  10.264331307931602
9225    -11.809372360003799  -2.1143984871738444  9.9778174994986077
9226    -12.125416774895502  -2.2504340308353705  9.6672179124386819
9227    -12.449636281802308  -2.3021500892623088  9.3428764240767794
9228    -10.706707689673348  -1.9076675223396302  9.4203859279921929
9229    -10.993715521359794  -2.1247940641809948  9.1246373031064625
9230    -11.302671484906991  -2.2622643912376734  8.8043890231119288
9231    -11.621770607127242  -2.3147871162004847  8.4722408364495791
9232    -14.1888013532347  -1.0585517208732811  10.980807404355195
9233    -14.337914156188234  -1.0009013668304436  10.820729292395944
9234    -14.472152108835948  -0.90820485143464214  10.673620479588651
9235    -14.588559135772117  -0.78492224164410229  10.55689576665937
9236    -13.415429877348272  -1.0718165114460967  10.054552670111137
9237    -13.564815797341112  -1.0140903862867432  9.8911248649058123
9238    -13.699449587723009  -0.92068969253083965  9.7414584642537676
9239    -13.815345631051823  -0.79584278773659678  9.620803371557999
9240    -12.614823101910089  -1.0847045798559847  9.1519989615481467
9241    -12.764146147760567  -1.0265087245169906  8.9859103218847522
9242    -12.89883978469499  -0.93200989333786111  8.8343751921759566
9243    -13.014072121152051  -0.80541962123849553  8.7101028373446265
9244    -11.78622315423117  -1.0970430086983038  8.2768768822307948
9245    -11.934558364335791  -1.0377992801172633  8.1075574108136195
9246    -12.068319947658386  -0.94196693603991233  7.9531514972607456
9247    -12.182814573450916  -0.81420496992729685  7.826316131665263
9248    -14.245537531343828  -1.4525937994043348  10.938693010948926
9249    -14.452293246796875  -1.3747716770253318  10.733352021777351
9250    -14.641080568875255  -1.2471157305638096  10.543612352872403
9251    -14.806345743957108  -1.0735726366562135  10.385881831528797
9252    -13.470116083502754  -1.4660039480518623  10.011138983982418
9253    -13.675683987238108  -1.3882937388082257  9.8006859632821968
9254    -13.863565649583627  -1.2601085924032212  9.6066551660810777
9255    -14.027074129546797  -1.0851172934553677  9.4433675583840859
9256    -12.667421061610968  -1.4790359441952554  9.1073025564826349
9257    -12.871309575686478  -1.4010416145413509  8.8923900063751642
9258    -13.057794000356999  -1.27193123464723  8.6947205829992882
9259    -13.219322340682321  -1.0953117154111043  8.5261724808222858
9260    -11.837366780125508  -1.4914442868747058  8.2310883137091277
9261    -12.038253112582142  -1.4124988610706295  8.0108357621912916
9262    -12.221863606535983  -1.2821459699904971  7.8081994752380091
9263    -12.381474236715661  -1.1044127367555479  7.6357543562114998
9264    -14.30227370945296  -1.8466358779353877  10.896578617542648
9265    -14.566672337405528  -1.7486419872202192  10.645974751158759
9266    -14.810009028914566  -1.5860266096929769  10.413604226156146
9267    -15.0241323521421  -1.3622230316683244  10.214867896398221
9268    -13.524802289657234  -1.8601913846576286  9.9677252978536988
9269    -13.786552177135107  -1.7624970913297087  9.7102470616585759
9270    -14.027681711444247  -1.5995274922756029  9.4718518679083896
9271    -14.238802628041773  -1.3743917991741388  9.2659317452101693
9272    -12.720019021311852  -1.8733673085345262  9.0626061514171212
9273    -12.978473003612397  -1.775574504565711  8.7988696908655726
9274    -13.216748216019012  -1.6118525759565985  8.5550659738226233
9275    -13.424572560212601  -1.3852038095837118  8.3422421242999416
9276    -11.888510406019853  -1.8858455650511075  8.1852997451874661
9277    -12.141947860828504  -1.7871984420239955  7.9141141135689592
9278    -12.375407265413578  -1.6223250039410819  7.6632474532152752
9279    -12.580133899980416  -1.3946205035837984  7.445192580757741
9280    -14.35900988756209  -2.2406779564664414  10.854464224136382
9281    -14.681051428014175  -2.1225122974151089  10.558597480540168
9282    -14.978937488953871  -1.9249374888221444  10.283596099439897
9283    -15.241918960327091  -1.6508734266804361  10.043853961267651
9284    -13.579488495811717  -2.2543788212633951  9.9243116117249812
9285    -13.897420367032101  -2.1367004438511916  9.6198081600349568
9286    -14.191797773304863  -1.9389463921479846  9.3370485697357015
9287    -14.450531126536747  -1.6636663048929097  9.0884959320362526
9288    -12.772616981012733  -2.2676986728737973  9.0179097463516129
9289    -13.085636431538305  -2.1501073945900715  8.7053493753559863
9290    -13.375702431681022  -1.9517739172659674  8.4154113646459514
9291    -13.629822779742875  -1.6750959037563209  8.1583117677776009
9292    -11.939654031914195  -2.2802468432275096  8.1395111766658026
9293    -12.245642609074855  -2.1618980229773617  7.8173924649466304
9294    -12.528950924291172  -1.9625040378916665  7.5182954311925387
9295    -12.778793563245163  -1.6848282704120487  7.2546308053039796
9296    -14.684527390510498  -0.62673411723504135  10.466058106609216
9297    -14.757096855596977  -0.4380112764537808  10.390534168702141
9298    -14.802783199174019  -0.23624911396369572  10.338624328058426
9299    -14.818102089384075  -0.038943024428162151  10.318628959798366
9300    -13.910550017132728  -0.63577328858694981  9.5259356885331847
9301    -13.983143488625341  -0.44533460458880952  9.4484773643733586
9302    -14.029192407369029  -0.241699782536341  9.3959470737005404
9303    -14.044763135203187  -0.042041869223710046  9.3758634911367764
9304    -13.108379455925023  -0.64353328614845184  8.6114224223230611
9305    -13.180703931992769  -0.45152074429384992  8.5325077520618802
9306    -13.226822424072118  -0.24615524803941602  8.4798350515113672
9307    -13.242511806879929  -0.044210049749877578  8.459880545621818
9308    -12.276499711877316  -0.65086789970267978  7.7255683236313351
9309    -12.348230136642909  -0.45676518655766102  7.6452561452391077
9310    -12.393908472311262  -0.24923823885576263  7.5917831802955673
9311    -12.409437343445958  -0.045628464960511012  7.5715530126077271
9312    -14.942687071482045  -0.85406159644162982  10.260179740108269
9313    -15.045339033440346  -0.5971586732522931  10.160582750884531
9314    -15.109702150036171  -0.31979583701436409  10.094584776020275
9315    -15.131176941473685  -0.038905057654003879  10.069679727678194
9316    -14.161623565392384  -0.86379103608387031  9.3122364497590073
9317    -14.263668541588094  -0.60518666491380602  9.2096355533604992
9318    -14.328082786445741  -0.32585144032248825  9.1423264405738642
9319    -14.349740028277145  -0.042332622687231862  9.1170706827844157
9320    -13.35190967191555  -0.87223451066415303  8.3898183111297442
9321    -13.452973193896069  -0.61207008503257576  8.2846666110580607
9322    -13.517064098562932  -0.33090386560708396  8.2164994638506492
9323    -13.538733577855224  -0.044821279478392338  8.1910989527509273
9324    -12.512694823148648  -0.87991010581870011  7.4964271029093723
9325    -12.612267495628641  -0.61765157428048356  7.3887982237489913
9326    -12.675166693533363  -0.3342680942335064  7.318923338022147
9327    -12.69636685624053  -0.046390617770382711  7.2928580650206545
9328    -15.200846752453586  -1.0813890756482181  10.054301373607322
9329    -15.333581211283706  -0.75630607005080552  9.930631333066918
9330    -15.416621100898327  -0.40334256006503266  9.8505452239821132
9331    -15.444251793563293  -0.038867090879845551  9.8207304955580241
9332    -14.41269711365203  -1.0918087835807908  9.0985372109848281
9333    -14.544193594550846  -0.76503872523880256  8.9707937423476416
9334    -14.626973165522454  -0.4100030981086355  8.888705807447181
9335    -14.654716921351103  -0.042623376150753602  8.8582778744320603
9336    -13.595439887906084  -1.1009357351798543  8.1682141999364255
9337    -13.725242455799366  -0.77261942577130172  8.0368254700542341
9338    -13.807305773053749  -0.41565248317475195  7.9531638761899197
9339    -13.83495534883053  -0.045432509206907154  7.9223173598800427
9340    -12.748889934419978  -1.1089523119347204  7.2672858821874096
9341    -12.876304854614377  -0.77853796200330638  7.1323403022588741
9342    -12.956424914755473  -0.41929794961125  7.0460634957487276
9343    -12.983296369035113  -0.047152770580254452  7.0141631174335863
9344    -15.459006433425127  -1.3087165548548059  9.8484230071063745
9345    -15.621823389127075  -0.91545346684931816  9.7006799152493084
9346    -15.72354005176048  -0.48688928311570112  9.6065056719439585
9347    -15.757326645652904  -0.038829124105687243  9.5717812634378543
9348    -14.663770661911682  -1.3198265310777111  8.8848379722106472
9349    -14.824718647513603  -0.92489078556379922  8.7319519313347804
9350    -14.925863544599164  -0.4941547558947828  8.635085174320503
9351    -14.959693814425064  -0.042914129614275411  8.5994850660796995
9352    -13.838970103896607  -1.3296369596955555  7.9466100887431086
9353    -13.997511717702659  -0.93316876651002723  7.7889843290504128
9354    -14.097547447544562  -0.50040110074241995  7.6898282885291982
9355    -14.13117711980583  -0.0460437389354219  7.6535357670091537
9356    -12.985085045691312  -1.3379945180507404  7.0381446614654504
9357    -13.140342213600107  -0.93942434972612909  6.8758823807687586
9358    -13.237683135977575  -0.50432780498899388  6.7732036534753073
9359    -13.270225881829692  -0.047914923390126173  6.7354681698465146
9360    -14.798394457430934  0.16147958515897493  10.335587340112518
9361    -14.744930740503261  0.371312650103237  10.384495496261273
9362    -14.663120865720819  0.57114278919029737  10.458588929969672
9363    -14.55837476020338  0.74155662120582977  10.551103142962765
9364    -14.024619424991855  0.16091911251551327  9.3928105586819157
9365    -13.97024924844095  0.37315059168184617  9.44238447118558
9366    -13.88780529565264  0.57551069923225318  9.5186222825444968
9367    -13.783440256729115  0.74885756612369947  9.615561046655376
9368    -13.22207514666554  0.16113972908114108  8.476551546331196
9369    -13.167113392652698  0.37544055733690412  8.5262087562429478
9370    -13.084350244019827  0.58000156821801718  8.6040084863055508
9371    -12.980509399945349  0.75613189492508659  8.7051070474674823
9372    -12.389107377652099  0.16147050177716149  7.5883033509640487
9373    -12.334404402521132  0.3781713595582355  7.638449032993047
9374    -12.252023842596207  0.58519219734705774  7.717409335761805
9375    -12.148661122420489  0.76325110410797525  7.8206035363374031
9376    -15.104792159909616  0.24477844901944271  10.090864225419573
9377    -15.032910105907384  0.52935830200907108  10.153609482125063
9378    -14.921931622281155  0.79616078360738052  10.251121299936452
9379    -14.778257551845128  1.0265121761068716  10.376605480995542
9380    -14.323100393712014  0.24415862165065913  9.1384746621350175
9381    -14.250814048991082  0.53122088689535862  9.2025634901094513
9382    -14.140039781842679  0.80052155348776755  9.3032268321044853
9383    -13.997936379995171  1.0337280018687884  9.4343543535168628
9384    -13.512026216237066  0.24432705903893448  8.2124753971399542
9385    -13.439747257883107  0.53354032087168601  8.2773643599276046
9386    -13.329588884298209  0.80500775679117587  8.3806357896505421
9387    -13.189243276987247  1.0409186175687184  8.5171596348454184
9388    -12.670147795493115  0.24463418819914248  7.3147095326645344
9389    -12.599014183547332  0.53629630996913746  7.3810347792168045
9390    -12.490277750550854  0.81021977525270206  7.4865642894837618
9391    -12.351250226651352  1.0480286117629369  7.6260285482717034
9392    -15.4111898623883  0.32807731287991049  9.846141110726629
9393    -15.320889471311501  0.68740395391490516  9.9227234679888507
9394    -15.180742378841497  1.0211787780244639  10.043653669903234
9395    -14.998140343486879  1.3114677310079135  10.202107819028329
9396    -14.62158136243217  0.32739813078580499  8.8841387655881192
9397    -14.531378849541213  0.68929118210887086  8.9627425090333244
9398    -14.392274268032724  1.0255324077432821  9.0878313816644756
9399    -14.212432503261224  1.3185984376138773  9.2531476603783549
9400    -13.801977285808597  0.3275143889967278  7.9483992479487098
9401    -13.712381123113509  0.69164008440646807  8.0285199636122595
9402    -13.574827524576591  1.0300139453643344  8.1572630929955334
9403    -13.397977154029141  1.32570534021235  8.3292122222233633
9404    -12.951188213334124  0.32779787462112348  7.0411157143650192
9405    -12.863623964573531  0.69442126038004015  7.1236205254405602
9406    -12.728531658505499  1.0352473531583466  7.255719243205716
9407    -12.55383933088221  1.3328061194178991  7.4314535602060054
9408    -15.71758756486698  0.41137617674037846  9.6014179960336818
9409    -15.608868836715626  0.84544960582073925  9.6918374538526439
9410    -15.439553135401834  1.2461967724415477  9.8361860398700145
9411    -15.218023135128629  1.5964232859089553  10.027610157061108
9412    -14.920062331152335  0.41063763992095081  8.6298028690412192
9413    -14.811943650091346  0.84736147732238332  8.7229215279571939
9414    -14.644508754222761  1.2505432619987968  8.8724359312244641
9415    -14.426928626527276  1.6034688733589664  9.0719409672398417
9416    -14.091928355380121  0.41070171895452123  7.6843230987574662
9417    -13.985014988343922  0.84973984794124979  7.7796755672969216
9418    -13.820066164854971  1.2550201339374931  7.9338903963405274
9419    -13.60671103107104  1.610492062855982  8.1412648096013029
9420    -13.232228631175142  0.41096156104310466  6.767521896065503
9421    -13.128233745599733  0.85254621079094184  6.8662062716643169
9422    -12.966785566460144  1.2602749310639911  7.0248741969276747
9423    -12.756428435113072  1.6175836270728605  7.2368785721403048
9424    -14.433431022842596  0.87727388413479723  10.670281306972052
9425    -14.290697922592146  0.98214024635835129  10.817925639293609
9426    -14.135089891664776  1.0504312222564476  10.977610209999328
9427    -13.658872763132061  0.88716704125529811  9.7393092593589312
9428    -13.515663799554167  0.99359204379568133  9.8902833342252965
9429    -13.359729585944104  1.0627563101060933  10.053982201745344
9430    -12.856511720656771  0.89700927004071673  8.8331317411557642
9431    -12.713252748949873  1.0049394260170101  8.9867897096059615
9432    -12.557418207855555  1.074923495858819  9.1538570249793612
9433    -12.025514914754309  0.90576779457748902  7.9515890748862557
9434    -11.883536635340477  1.0154207050009825  8.10870437267398
9435    -11.729050823195935  1.0868160066061217  8.2795401784165161
9436    -14.606356042042178  1.211881060727428  10.534690839538401
9437    -14.411092319827913  1.3524153300444544  10.723976437002175
9438    -14.199462847285565  1.4424602333837324  10.928623446330258
9439    -13.827742221470919  1.2216314344773034  9.5983575034035766
9440    -13.633341139785868  1.3637123138413483  9.7924301941872969
9441    -13.422860105908706  1.4546719105355521  10.002635786313347
9442    -13.021008867304406  1.2313320425466132  8.6867939749618852
9443    -12.828025700786522  1.3749055095968019  8.8850232366145558
9444    -12.619248380212499  1.4667257772850575  9.1001568890875628
9445    -12.185035503323727  1.2400507373067025  7.7997819004904709
9446    -11.995180404840085  1.385331802180674  8.0033311489334196
9447    -11.789661060543937  1.4785724328326704  8.2241354652321785
9448    -14.779281061241758  1.5464882373200584  10.399100372104755
9449    -14.531486717063681  1.7226904137305576  10.630027234710742
9450    -14.263835802906348  1.8344892445110179  10.879636682661197
9451    -13.996611679809776  1.55609582769931  9.4574057474482185
9452    -13.751018480017571  1.7338325838870157  9.6945770541493008
9453    -13.485990625873306  1.8465875109650116  9.9512893708813497
9454    -13.185506013952033  1.5656548150525116  8.5404562087680063
9455    -12.942798652623162  1.7448715931765939  8.7832567636231538
9456    -12.681078552569444  1.8585280587112958  9.0464567531957698
9457    -12.344556091893143  1.5743336800359169  7.6479747260946871
9458    -12.106824174339692  1.7552428993603648  7.8979579251928627
9459    -11.850271297891936  1.8703288590592186  8.1687307520478392
9460    -14.952206080441341  1.8810954139126888  10.263509904671105
9461    -14.651881114299448  2.0929654974166598  10.536078032419308
9462    -14.328208758527133  2.2265182556383034  10.83064991899213
9463    -14.165481138148637  1.8905602209213157  9.3164539914928604
9464    -13.868695820249272  2.1039528539326828  9.5967239141112977
9465    -13.549121145837914  2.2385031113944711  9.8999429554493492
9466    -13.350003160599666  1.8999775875584075  8.3941184425741255
9467    -13.057571604459815  2.1148376767563843  8.6814902906317482
9468    -12.742908724926384  2.250330340137535  8.992756617303975
9469    -12.504076680462559  1.9086166227651302  7.4961675516989015
9470    -12.218467943839302  2.1251539965400568  7.7925847014523004
9471    -11.910881535239938  2.2620852852857682  8.1133260388635016
9472    -10.715739458418085  1.1270428222002855  7.6060104512064317
9473    -10.560905678290155  1.108587137199845  7.7810092916802196
9474    -10.416240929427781  1.0483685086015377  7.9555184700162815
9475    -10.285700745283496  0.95140856338358415  8.1150380552164538
9476    -10.17324065930984  0.82272892852420509  8.245068116282587
9477    -9.8387839515815241  1.1392646219261975  6.7861068794245503
9478    -9.689092144206267  1.1206810168901051  6.964364859273835
9479    -9.547306848066226  1.0600401880059269  7.1414826252389414
9480    -9.4187093319684223  0.96217053905866912  7.303717978445122
9481    -9.3085808647198967  0.83190047383333776  7.4373287200176295
9482    -8.9387476412796616  1.1511542308086389  5.9916211874284837
9483    -8.79439949543473  1.1323208322353555  6.1729670690599319
9484    -8.655937367327855  1.0709896813619209  6.352316699948755
9485    -8.5297262345873737  0.97194220698197253  6.516891098455611
9486    -8.4221310748416336  0.83995983788915018  6.6539112829411611
9487    -8.0168626719642155  1.1626406098579367  5.2221980371625873
9488    -7.8761436769747331  1.1431165316074461  5.4059135621371466
9489    -7.7418325501436858  1.0802018962589568  5.5884029906548882
9490    -7.6193466074627363  0.97934934492966608  5.7561659051438241
9491    -7.514103164923557  0.84601151873677249  5.895701888031974
9492    -10.723648250550768  1.526958240121818  7.6037558554035769
9493    -10.51644580969025  1.5029609109651163  7.8335925390844734
9494    -10.320271873726574  1.4230018088895209  8.0602155088645073
9495    -10.140911889474534  1.2914792727203779  8.2690036063644179
9496    -9.9841513037489449  1.1127916412830341  8.4453356732049585
9497    -9.8465293517523005  1.5391815179476351  6.7835697765734109
9498    -9.6456360889178931  1.5149684489293223  7.0187618946133359
9499    -9.4534976454647133  1.4343687463004637  7.2494870952593615
9500    -9.277351753851411  1.3016930575233883  7.4621492954613675
9501    -9.1244361465366524  1.1212520300604221  7.6431524121692327
9502    -8.9463071723821059  1.5510727529236628  5.9887922527199606
9503    -8.7519414045805703  1.526523185065555  6.2291393304104039
9504    -8.564318751052781  1.445017212131432  6.4635257175637078
9505    -8.3918672494931119  1.3109227009944209  6.6796209761090877
9506    -8.2430149375959498  1.1286075185276498  6.8650946679757689
9507    -8.0241919814389124  1.5625616087855996  5.2191197520353647
9508    -7.8344936621653645  1.5372794294476815  5.4631740591252651
9509    -7.6526645321505411  1.4540862690499228  5.702225566991979
9510    -7.4856331905257649  1.3180715922426074  5.9228822516308179
9511    -7.3403282364223719  1.134324863676021  6.111752089037088
9512    -10.731557042683455  1.9268736580433508  7.601501259600723
9513    -10.471985941090349  1.8973346847303887  7.8861757864887272
9514    -10.224302818025368  1.7976351091775042  8.1649125477127331
9515    -9.996123033665576  1.6315499820571713  8.4229691575123766
9516    -9.7950619481880548  1.4028543540418628  8.64560323012733
9517    -9.8542747519230751  1.9390984139690723  6.7810326737222724
9518    -9.6021800336295087  1.9092558809685387  7.073158929952835
9519    -9.3596884428631899  1.8086973045950006  7.3574915652797808
9520    -9.1359941757343961  1.6412155759881064  7.6205806124776139
9521    -8.9402914283533956  1.4106035862875059  7.8489761043208395
9522    -8.9538667034845503  1.9509912750386871  5.9859633180114411
9523    -8.7094833137264072  1.9207255378957553  6.2853115917608786
9524    -8.4727001347777051  1.8190447429009442  6.5747347351786605
9525    -8.2540082643988502  1.6499031950068697  6.8423508537625679
9526    -8.0638988003502678  1.4172551991661499  7.0762780530103822
9527    -8.0315212909136111  1.962482607713262  5.2160414669081439
9528    -7.7928436473559977  1.931442327287916  5.5204345561133819
9529    -7.5634965141573955  1.8279706418408883  5.8160481433290734
9530    -7.3519197735887918  1.6567938395555484  6.0895985981178127
9531    -7.1665533079211849  1.4226382086152694  6.3278022900422082
9532    -10.739465834816139  2.326789075964883  7.5992466637978682
9533    -10.427526072490442  2.2917084584956604  7.9387590338929801
9534    -10.128333762324161  2.172268409465488  8.2696095865609553
9535    -9.8513341778566179  1.9716206913939647  8.576934708660346
9536    -9.6059725926271629  1.6929170668006912  8.8458707870497051
9537    -9.8620201520938497  2.3390153099905096  6.7784955708711339
9538    -9.5587239783411331  2.3035433130077547  7.1275559652923395
9539    -9.2658792402616772  2.1830258628895369  7.4654960353002009
9540    -8.994636597617383  1.9807380944528261  7.7790119294938584
9541    -8.7561467101701531  1.6999551425145902  8.0547997964724409
9542    -8.9614262345869964  2.3509097971537116  5.983134383302918
9543    -8.6670252228722493  2.3149278907259556  6.3414838531113507
9544    -8.3810815185026328  2.193072273670456  6.685943752793615
9545    -8.1161492793045902  1.9888836890193184  7.0050807314160455
9546    -7.8847826631045885  1.7059028798046494  7.2874614380449909
9547    -8.038850600388308  2.3624036066409251  5.2129631817809212
9548    -7.7511936325466291  2.3256052251281529  5.5776950531014977
9549    -7.4743284961642527  2.2018550146318545  5.929870719666166
9550    -7.2182063566518222  1.9955160868684896  6.2563149446048056
9551    -6.9927783794199998  1.7109515535545179  6.543852491047323
9552    -10.081416073849963  0.65819595343616299  8.3483498772228302
9553    -10.012210573170881  0.46213787898868353  8.4321383790130309
9554    -9.9687219636109035  0.2522691693446803  8.4887044161065432
9555    -9.9540480515083587  0.04630428866706713  8.5103187829567446
9556    -9.2190906150806136  0.66562150398597841  7.5440192023738648
9557    -9.151160520824801  0.46781367548559688  7.6297724744851765
9558    -9.1082010042809713  0.25543819358664033  7.6872643823077453
9559    -9.0936224877776244  0.045456263543556322  7.7091707717977656
9560    -8.3351153937067366  0.67199743515141286  6.7638644348365595
9561    -8.2687692177785674  0.47257748870979494  6.8512611631399514
9562    -8.2266473061552468  0.25783287066755117  6.9093576275625423
9563    -8.2123044179348934  0.043896453127935477  6.9314099878155488
9564    -7.4288864213379204  0.67676257053706024  6.0073852267124925
9565    -7.3647433023898987  0.47546287608709442  6.0960727219458208
9566    -7.32448521437985  0.2584944108537523  6.1549877262110542
9567    -7.3109235636081022  0.042239150303909401  6.1773535919872744
9568    -9.8552944495021375  0.88706214405145833  8.5875406007015762
9569    -9.758512262206219  0.62287334407131678  8.6988176343146328
9570    -9.6978900924556601  0.3373125805255045  8.7718511468822182
9571    -9.6775132908449262  0.047467192596915495  8.7993255112424471
9572    -8.9993168599915929  0.89368824296832206  7.7896825585514495
9573    -8.9047158111025642  0.62777144972195298  7.9034536203256769
9574    -8.8451045529510193  0.34000305941081022  7.9776611732655267
9575    -8.8249546386184132  0.046884481124388172  8.0055007931446482
9576    -8.1217805908529055  0.89927186630393052  7.015793485015946
9577    -8.0296848989913414  0.63176441419492346  7.1317141688505199
9578    -7.9714087710593793  0.34192573152204014  7.2067513560618117
9579    -7.9516331161051497  0.045596387606689145  7.2347996832321746
9580    -7.2217488675072961  0.9036660349922564  6.2647665721980106
9581    -7.1327479857140643  0.63429643304702343  6.3825901517767791
9582    -7.0770347465741326  0.34237758531104956  6.4589302402827711
9583    -7.0583183056189291  0.044071019255057832  6.4874942502253674
9584    -9.6291728251543063  1.1159283346667537  8.8267313241803187
9585    -9.5048139512415588  0.78360880915394981  8.9654968896162384
9586    -9.4270582213004097  0.42235599170632815  9.0549978776578932
9587    -9.4009785301814937  0.048630096526763839  9.0883322395281443
9588    -8.7795431049025794  1.1217549819506658  8.0353459147290334
9589    -8.6582711013803291  0.78772922395830913  8.1771347661661764
9590    -8.582008101621069  0.42456792523498005  8.2680579642233081
9591    -8.5562867894592038  0.048312698705220092  8.3018308144915256
9592    -7.9084457879990753  1.1265462974564482  7.2677225351953325
9593    -7.7906005802041136  0.79095133968005193  7.412167174561084
9594    -7.7161702359635127  0.4260185923765285  7.5041450845610846
9595    -7.6909618142754077  0.047296322085442766  7.5381893786487995
9596    -7.0146113136766672  1.1305694994474527  6.5221479176835313
9597    -6.9007526690382273  0.79312999000695239  6.6691075816077348
9598    -6.8295842787684142  0.42626075976834654  6.762872754354488
9599    -6.805713047629756  0.045902888206206305  6.7976349084634586
9600    -9.4030512008064839  1.3447945252820488  9.0659220476590665
9601    -9.251115640276895  0.94434427423658296  9.2321761449178403
9602    -9.1562263501451682  0.50739940288715202  9.3381446084335682
9603    -9.1244437695180594  0.049793000456612134  9.3773389678138432
9604    -8.559769349813557  1.3498217209330092  8.2810092709066261
9605    -8.4118263916580904  0.9476869981946654  8.450815912006675
9606    -8.3189116502911169  0.50913279105914977  8.5584547551810957
9607    -8.2876189402999891  0.049740916286051887  8.5981608358384047
9608    -7.6951109851452459  1.3538207286089656  7.5196515853747163
9609    -7.5515162614168858  0.95013826516518041  7.6926201802716498
9610    -7.4609317008676461  0.51011145323101725  7.8015388130603549
9611    -7.4302905124456631  0.048996256564196372  7.8415790740654252
9612    -6.8074737598460455  1.3574729639026475  6.7795292631690485
9613    -6.6687573523623938  0.95196354696688146  6.9556250114386913
9614    -6.5821338109627012  0.51014393422564364  7.066815268426204
9615    -6.5531077896405829  0.047734757157354674  7.1077755667015508
9616    -9.9729722208858274  -0.16317050119356108  8.4922731223786716
9617    -10.024622601106351  -0.38226378664019772  8.4390197359714119
9618    -10.103614116518992  -0.59130337589031035  8.3565704063644404
9619    -10.204561691472794  -0.77061707716136629  8.250936916187209
9620    -9.1123105492365131  -0.16793785291360075  7.6908804277861558
9621    -9.1631040213086212  -0.38927830352984583  7.6365510779743282
9622    -9.2403432084163519  -0.59969649726333363  7.5520119826241894
9623    -9.3383684149820851  -0.78032384307221947  7.4430924019976539
9624    -8.2306436853934617  -0.17328356645486004  6.9130651868100523
9625    -8.2803323399373099  -0.39657765060475442  6.8580783717608682
9626    -8.355571289360288  -0.60808091718565871  6.7718680088347849
9627    -8.4505614414562089  -0.78988848406148393  6.6598525641985846
9628    -7.3283072103221469  -0.17708700235705221  6.1587918747901851
9629    -7.3757401034427721  -0.4022046913958422  6.1030834532782157
9630    -7.4483162822804827  -0.61513676255371819  6.0156906646445343
9631    -7.5411297861457394  -0.79790606157193711  5.9020758460822957
9632    -9.7022524753140171  -0.24557786222019579  8.7762584948461004
9633    -9.7702062489864137  -0.5395548270406374  8.706920210856234
9634    -9.8753019402318607  -0.81560216359510729  8.5978735506793935
9635    -10.011466877420096  -1.0548583336143027  8.4556814057220944
9636    -8.8493083376173693  -0.24936555041893407  7.9822057097194472
9637    -8.9159516781951673  -0.54537012370316706  7.911683510766621
9638    -9.0184718515353026  -0.8228905644423985  7.8001413090902076
9639    -9.1504560488212459  -1.0636881983507176  7.6537862174942486
9640    -7.9754721251239085  -0.25372649314358031  7.211465845911297
9641    -8.0405207826849807  -0.55146799434922322  7.1401762208884687
9642    -8.1401811881976691  -0.83017085873083585  7.0265549666054516
9643    -8.2678554410712497  -1.0723778290090138  6.876226241503991
9644    -7.0809302852205471  -0.25707159973359595  6.4637907115204936
9645    -7.1430693121273903  -0.55653318854828748  6.3913776673167213
9646    -7.2392450484355226  -0.83670409313939031  6.2760367999724851
9647    -7.3639671562409745  -1.0799746594572761  6.1235497918461999
9648    -9.4315327297422087  -0.32798522324683044  9.0602438673135257
9649    -9.5157898968664743  -0.69684586744107713  8.9748206857410597
9650    -9.6469897639447275  -1.0399009512999042  8.8391766949943484
9651    -9.8183720633674021  -1.3390995900672396  8.660425895256985
9652    -8.5863061259982167  -0.33079324792426751  8.2735309916527378
9653    -8.6687993350817099  -0.70146194387648797  8.1868159435589138
9654    -8.7966004946542533  -1.0460846316214636  8.048270635556225
9655    -8.9625436826604048  -1.3470525536292159  7.8644800329908424
9656    -7.7203005648543552  -0.33416941983230058  7.5098665050125408
9657    -7.8007092254326444  -0.70635833809369197  7.4222740700160657
9658    -7.9247910870350431  -1.052260800276013  7.2812419243761166
9659    -8.085149440686294  -1.3548671739565445  7.0925999188093991
9660    -6.8335533601189473  -0.33705619711013995  6.7687895482508003
9661    -6.9103985208120049  -0.71086168570073249  6.6796718813552252
9662    -7.0301738145905599  -1.0582714237250626  6.5363829353004377
9663    -7.1868045263362141  -1.3620432573426158  6.3450237376101049
9664    -9.1608129841703985  -0.41039258427346526  9.3442292397809581
9665    -9.2613735447465295  -0.85413690784151641  9.2427211606258819
9666    -9.4186775876575961  -1.2641997390047013  9.0804798393093016
9667    -9.6252772493147045  -1.6233408465201757  8.8651703847918721
9668    -8.3233039143790748  -0.41222094542960097  8.5648562735860292
9669    -8.4216469919682559  -0.85755376404980921  8.4619483763512058
9670    -8.574729137773204  -1.2692786988005285  8.2963999620222459
9671    -8.7746313164995655  -1.6304169089077138  8.0751738484874345
9672    -7.4651290045848029  -0.41461234652102091  7.8082671641137829
9673    -7.5608976681803135  -0.86124868183816072  7.704371919143667
9674    -7.7094009858724233  -1.2743507418211903  7.5359288821467842
9675    -7.9024434403013393  -1.6373565189040744  7.3089735961148063
9676    -6.5861764350173466  -0.41704079448668369  7.0737883849811078
9677    -6.6777277294966195  -0.86519018285317784  6.9679660953937308
9678    -6.8211025807456007  -1.2798387543107348  6.7967290706283894
9679    -7.0096418964314511  -1.644111855227955  6.5664976833740081
9680    -10.325640271184463  -0.91442500587193354  8.1168513260256248
9681    -10.464696041056202  -1.025955977176787  7.9546295829439702
9682    -10.615850785715283  -1.0990508488977062  7.7786592992892949
9683    -10.773226289788983  -1.1275504788564699  7.6033280874086513
9684    -9.4566501327532482  -0.92540810834537879  7.3057570477958045
9685    -9.5935571722610842  -1.0377263005478428  7.141133740150905
9686    -9.7417773161036827  -1.1112036887520005  6.9627964019716213
9687    -9.8939983468791386  -1.1397655420302417  6.7843189561666213
9688    -8.5658180558110182  -0.93621660014660923  6.5194139168217831
9689    -8.7000742337081238  -1.0492505445953051  6.3527112805173189
9690    -8.8448576454874104  -1.1230389806313232  6.1723291237171072
9691    -8.9916959614887855  -1.1516305714784152  5.9908519148530592
9692    -7.653763821171256  -0.94517425825376622  5.7592776863301651
9693    -7.7840704908644973  -1.0593578711333491  5.5895422665842247
9694    -7.9245471805978358  -1.1341120190482672  5.4061430127237351
9695    -8.0676912757436874  -1.163091820836101  5.2223533506279507
9696    -10.174849565009525  -1.2483660168751969  8.2781384692276063
9697    -10.360799301211852  -1.3956894314065635  8.0684452303376748
9698    -10.562044605026749  -1.4907493463168044  7.8412732743065803
9699    -10.771313995453895  -1.5274665307143198  7.6112941863885952
9700    -9.3096481722256126  -1.2587404497876933  7.471861706514165
9701    -9.4922090933335568  -1.4071371968058464  7.2585476018076216
9702    -9.6893514574473603  -1.5028084456586859  7.0274555488619992
9703    -9.8922879098693084  -1.5396842025997235  6.7921971931646858
9704    -8.4226212616025133  -1.2689419277343428  6.6901046259290169
9705    -8.601274742502433  -1.4183400212862745  6.4735754891654
9706    -8.793795541801499  -1.5145506181287063  6.2389691730647927
9707    -8.9901633175302234  -1.5515522267255362  5.9986160194788516
9708    -7.5149792496759575  -1.2776042284333642  5.9341795000210213
9709    -7.6880247246516928  -1.4282896667639677  5.7132390018940944
9710    -7.8746129159326159  -1.5255776090468049  5.4740853102947602
9711    -8.0662531582831853  -1.5630146898795936  5.2300754380523697
9712    -10.024058858834598  -1.5823070278784603  8.4394256124295897
9713    -10.256902561367511  -1.7654228856363403  8.1822608777313839
9714    -10.50823842433822  -1.8824478437359029  7.9038872493238648
9715    -10.769401701118811  -1.9273825825721689  7.6192602853685383
9716    -9.1626462116979734  -1.592072791230009  7.6379663652325247
9717    -9.3908610144060312  -1.77654809306385  7.3759614634643347
9718    -9.6369255987910467  -1.894413202565371  7.0921146957523771
9719    -9.8905774728594835  -1.9396028631692059  6.8000754301627504
9720    -8.2794244673940138  -1.6016672553220768  6.8607953350362516
9721    -8.5024752512967456  -1.7874294979772438  6.5944396978134803
9722    -8.7427334381155912  -1.90606225562609  6.3056092224124791
9723    -8.9886306735716666  -1.9514738819726571  6.0063801241046431
9724    -7.3761946781806591  -1.610034198612962  6.1090813137118785
9725    -7.5919789584388857  -1.7972214623945861  5.8369357372039614
9726    -7.8246786512673898  -1.9170431990453425  5.5420276078657889
9727    -8.0648150408226851  -1.9629375589230857  5.2377975254767906
9728    -9.8732681526596568  -1.9162480388817233  8.6007127556315748
9729    -10.153005821523159  -2.1351563398661164  8.2960765251250912
9730    -10.454432243649688  -2.2741463411549998  7.966501224341151
9731    -10.767489406783723  -2.3272986344300186  7.6272263843484813
9732    -9.0156442511703325  -1.9254051326723236  7.8040710239508861
9733    -9.289512935478502  -2.1459589893218536  7.493375325121054
9734    -9.5844997401347225  -2.2860179594720567  7.1567738426427541
9735    -9.8888670358496622  -2.3395215237386879  6.8079536671608114
9736    -8.1362276731855072  -1.9343925829098099  7.0314860441434872
9737    -8.4036757600910565  -2.156518974668213  6.7153039064615623
9738    -8.6916713344296799  -2.2975738931234724  6.3722492717601673
9739    -8.9870980296131009  -2.3513955372197795  6.0141442287304328
9740    -7.2374101066853624  -1.9424641687925597  6.2839831274027311
9741    -7.4959331922260803  -2.1661532580252052  5.9606324725138329
9742    -7.7747443866021699  -2.3085087890438807  5.609969905436814
9743    -8.0633769233621848  -2.3628604279665786  5.2455196129012105
9744    -10.928908623778257  -1.1091563638009656  7.4294196422780852
9745    -11.075519806916146  -1.0489876076850233  7.2570267842997538
9746    -11.207985546928036  -0.95201147913933737  7.0995008139598603
9747    -11.321231551539304  -0.82319524679460065  6.9701930317446168
9748    -10.044885458795068  -1.1212159109817723  6.6074385412197012
9749    -10.189414847247557  -1.0605962569945269  6.4330347439710511
9750    -10.320740796617306  -0.9626879653239826  6.2733951598639672
9751    -10.432017591285051  -0.83227242122561795  6.1408073843417368
9752    -9.1374868247580814  -1.1328187828209195  5.8110313167361536
9753    -9.2792721600639165  -1.0715136194070349  5.6346865108392068
9754    -9.4087960603302925  -0.97243855305629689  5.4730032435869438
9755    -9.5178026184812232  -0.84031705558824366  5.3371672614040957
9756    -8.2100458871437709  -1.1435621118986026  5.0402957065079699
9757    -8.3481204200991606  -1.0806280862838096  4.8610873059159054
9758    -8.4743617016711195  -0.97970540079873103  4.6964937737426737
9759    -8.581216558920941  -0.84620971225037367  4.5582807348791796
9760    -10.97906375312645  -1.5035207358404681  7.3820769744515564
9761    -11.17632399384194  -1.4235618900614782  7.156680158338987
9762    -11.356683989346578  -1.2919660281730545  6.949009591268676
9763    -11.513733011386583  -1.1131091849709014  6.7729711264584243
9764    -10.093960039476912  -1.5154881801106115  6.5578219625907623
9765    -10.287723894614105  -1.4348545037738507  6.3287488915782504
9766    -10.465413809782735  -1.3020787994942244  6.1176440354589605
9767    -10.618864119484682  -1.121456693176516  5.9371734495647051
9768    -9.1854762708085165  -1.5269978126270485  5.7591869210230096
9769    -9.3751243341858252  -1.4454513449454645  5.5266667267714897
9770    -9.5495247628368798  -1.3112578374875825  5.3123567132641467
9771    -9.6990948119364191  -1.1287623040602044  5.1275581570408511
9772    -8.2570330787528849  -1.537700826331694  4.9870354926445755
9773    -8.4411968318443122  -1.4544270563140393  4.7500584287811041
9774    -8.610488543501436  -1.3182766956867096  4.5314015301395241
9775    -8.7566523396682499  -1.1343330603097852  4.3433220803973889
9776    -11.029218882474641  -1.8978851078799708  7.3347343066250268
9777    -11.277128180767729  -1.7981361724379334  7.0563335323782184
9778    -11.505382431765117  -1.6319205772067726  6.7985183685774917
9779    -11.706234471233858  -1.4030231231472012  6.5757492211722326
9780    -10.143034620158756  -1.90976044923945  6.5082053839618261
9781    -10.386032941980652  -1.8091127505531748  6.2244630391854487
9782    -10.610086822948171  -1.6414696336644663  5.9618929110539538
9783    -10.805710647684318  -1.4106409651274125  5.7335395147876707
9784    -9.2334657168589516  -1.9211768424331783  5.7073425253098682
9785    -9.4709765083077304  -1.8193890704838946  5.4186469427037709
9786    -9.69025346534346  -1.6500771219188688  5.1517101829413514
9787    -9.8803870053916079  -1.4172075525321657  4.9179490526776046
9788    -8.3040202703619954  -1.9318395407647866  4.9337752787811828
9789    -8.5342732435894622  -1.8282260263442689  4.6390295516463045
9790    -8.7466153853317437  -1.6568479905746885  4.3663092865363735
9791    -8.9320881204155569  -1.422456408369196  4.1283634259155981
9792    -11.079374011822836  -2.2922494799194726  7.2873916387984998
9793    -11.377932367693523  -2.1727104548143883  6.9559869064174524
9794    -11.654080874183666  -1.9718751262404892  6.6480271458863074
9795    -11.898735931081138  -1.6929370613235015  6.3785273158860409
9796    -10.1921092008406  -2.30403271836829  6.4585888053328873
9797    -10.4843419893472  -2.1833709973324993  6.1201771867926471
9798    -10.754759836113596  -1.9808604678347081  5.806141786648948
9799    -10.992557175883952  -1.6998252370783109  5.529905580010638
9800    -9.2814551629093902  -2.3153558722393077  5.6554981295967233
9801    -9.5668286824296427  -2.1933267960223239  5.3106271586360547
9802    -9.8309821678500491  -1.988896406350154  4.9910636526185526
9803    -10.061679198846806  -1.7056528010041263  4.70833994831436
9804    -8.3510074619711094  -2.3259782551978785  4.8805150649177884
9805    -8.6273496553346121  -2.2020249963744987  4.5280006745115031
9806    -8.8827422271620637  -1.9954192854626673  4.2012170429332221
9807    -9.1075239011628675  -1.7105797564286078  3.9134047714338074
9808    -11.413774622030639  -0.65841454400965327  6.8675781931337756
9809    -11.484751120895728  -0.46208554520232958  6.7856462748862363
9810    -11.530016097679544  -0.25198633059181164  6.7310214094069174
9811    -11.545424601927044  -0.045894980397281779  6.7103277291007446
9812    -10.522390779694769  -0.66574092901865323  6.0349318687671216
9813    -10.592462509805275  -0.46764954661783664  5.9512994615099082
9814    -10.637571965269668  -0.25502678967193282  5.8960033535238816
9815    -10.653058329741025  -0.044901173829707937  5.8751367357628306
9816    -9.6058163242628005  -0.67209628729670789  5.2280919220753459
9817    -9.6745661644163707  -0.47237785064478127  5.1428929028696642
9818    -9.7191029773589808  -0.25736688070587482  5.0870594294381384
9819    -9.7344776015076704  -0.04326851255340184  5.0660807274318511
9820    -8.6675193951278224  -0.67672985141084374  4.4475209246024221
9821    -8.7342639457738205  -0.47519111712376261  4.361103796725053
9822    -8.7771360362248441  -0.25801386830338663  4.3045200539413662
9823    -8.7918214918467594  -0.041618463863976232  4.2832603989456661
9824    -11.642891855108113  -0.88711893448596646  6.6310813297538269
9825    -11.740677343155575  -0.62263792244718286  6.5209674668731319
9826    -11.802322788522607  -0.33681479119722568  6.449201440843118
9827    -11.823061504202837  -0.046798183078770809  6.4223551546905631
9828    -10.744392794759852  -0.89362916521556479  5.79108532775152
9829    -10.840238941197413  -0.62741676424106718  5.6786708955152507
9830    -10.901118595123235  -0.33938446851008758  5.605910755647364
9831    -10.921747792863142  -0.046097256279690579  5.5787855109393343
9832    -9.820815860625185  -0.89915946706045857  4.9773696227400963
9833    -9.914332257544789  -0.63135200771213262  4.8628700289144904
9834    -9.9740557121213183  -0.34124687806201554  4.7893311829749736
9835    -9.9943979337808706  -0.04475103015689736  4.7620248923324873
9836    -8.8757792712254346  -0.90342850907360894  4.1908647405572088
9837    -8.9663372599882933  -0.6338075609103726  4.0745263863100121
9838    -9.0236357383029375  -0.34167177174293267  3.9997426233660409
9839    -9.0429841385154592  -0.043222697494144979  3.9719490574355474
9840    -11.87200908818558  -1.1158233249622798  6.3945844663738765
9841    -11.996603565415418  -0.78319029969203602  6.2562886588600302
9842    -12.074629479365669  -0.42164325180263973  6.1673814722793203
9843    -12.100698406478633  -0.047701385760259812  6.1343825802803824
9844    -10.966394809824935  -1.1215174014124762  5.5472387867359148
9845    -11.088015372589556  -0.78718398186429817  5.4060423295205924
9846    -11.164665224976797  -0.42374214734824234  5.3158181577708463
9847    -11.190437255985264  -0.047293338729673236  5.282434286115838
9848    -10.035815396987571  -1.1262226468242094  4.7266473234048494
9849    -10.154098350673204  -0.79032616477948359  4.5828471549593184
9850    -10.22900844688365  -0.4251268754181563  4.4916029365118115
9851    -10.254318266054071  -0.046233547760392825  4.4579690572331296
9852    -9.0840391473230451  -1.1301271667363741  3.9342085565119942
9853    -9.1984105742027644  -0.79242400469698282  3.7879489758949711
9854    -9.270135440381031  -0.42532967518247866  3.6949651927907166
9855    -9.2941467851841519  -0.044826931124313789  3.6606377159254282
9856    -12.101126321263054  -1.3445277154385922  6.1580876029939278
9857    -12.252529787675263  -0.9437426769368894  5.9916098508469267
9858    -12.346936170208734  -0.50647171240805355  5.88556150371552
9859    -12.378335308754428  -0.048604588441748767  5.8464100058702009
9860    -11.188396824890015  -1.3494056376093881  5.3033922457203131
9861    -11.335791803981698  -0.94695119948752893  5.133413763525934
9862    -11.428211854830364  -0.50809982618639704  5.0257255598943296
9863    -11.459126719107381  -0.048489421179655809  4.9860830612923399
9864    -10.250814933349959  -1.3532858265879595  4.4759250240696007
9865    -10.393864443801624  -0.94930032184683499  4.3028242810041437
9866    -10.483961181645986  -0.5090068727742969  4.1938746900486477
9867    -10.514238598327275  -0.047716065363888283  4.1539132221337667
9868    -9.2922990234206555  -1.3568258243991389  3.6775523724667805
9869    -9.4304838884172391  -0.9510404484835927  3.5013715654799329
9870    -9.5166351424591245  -0.50898757862202471  3.3901877622153918
9871    -9.5453094318528553  -0.04643116475448248  3.3493263744153108
9872    -11.525222215521765  0.16369999892116177  6.7273419678509798
9873    -11.470951612189845  0.38298219676119177  6.7783033608148306
9874    -11.389413479240108  0.5921816766902821  6.8585297923081026
9875    -11.287408503981389  0.77152850227590686  6.9633391466466055
9876    -10.632752389083091  0.16861793184988408  5.8921584472968531
9877    -10.578587700112484  0.39013145492321005  5.9436535665351409
9878    -10.498057602911564  0.60067632466448273  6.0254046434401092
9879    -10.398655437562702  0.78128947034791607  6.1331942279741698
9880    -9.714283600393637  0.17405508201336359  5.0830684197568798
9881    -9.6606989121367608  0.39753672787724142  5.1350059828854988
9882    -9.5816509370370806  0.60916378498795243  5.2181904228180525
9883    -9.4850670753946353  0.79092361329521943  5.3289187455548923
9884    -8.7724015515109581  0.17784223086163584  4.3003875156862774
9885    -8.7206714941103893  0.40311560945623726  4.3528669425974211
9886    -8.6438882050431509  0.61613170137898432  4.43704366410216
9887    -8.5493085697073603  0.79882053608903503  4.5492626646235692
9888    -11.797368981826617  0.24639671503516353  6.4447890867861375
9889    -11.727599027567875  0.54055114568598972  6.5126943026405577
9890    -11.620802426235619  0.81671111065268098  6.6203885859906473
9891    -11.484029962638846  1.0559226117142106  6.7621897205732422
9892    -10.896224339638803  0.25029203706399616  5.6012945326999368
9893    -10.827277938709065  0.54645397077917135  5.6700217503359314
9894    -10.722572473455596  0.82405865857526228  5.7798246037857668
9895    -10.589771827260069  1.0647762141616961  5.9255605329878911
9896    -9.9692381080200967  0.25471161872019149  4.7845216553127692
9897    -9.9015432887050707  0.55261476816774546  4.8538787081505728
9898    -9.7993569878161093  0.83139789146126541  4.9655979651203825
9899    -9.6707227173335113  1.0735004618762531  5.115181340496683
9900    -9.018934526060935  0.25804692443830091  3.994766239531474
9901    -8.9538874492900771  0.55764352077077406  4.0651267619321168
9902    -8.85492506492246  0.83786428175150951  4.1784342922457487
9903    -8.7291295296776443  1.081006397628741  4.3300924980806457
9904    -12.069515748131467  0.32909343114916523  6.1622362057212907
9905    -11.984246442945913  0.69812009461078739  6.2470852444662786
9906    -11.852191373231131  1.0412405446150799  6.3822473796731902
9907    -11.680651421296302  1.3403167211525142  6.5610402944998762
9908    -11.159696290194509  0.33196614227810833  5.3104306181030205
9909    -11.075968177305645  0.70277648663513292  5.3963899341367219
9910    -10.947087343999634  1.0474409924860417  5.5342445641314271
9911    -10.780888216957432  1.3482629579754759  5.7179268380016106
9912    -10.224192615646556  0.33536815542701948  4.4859748908686568
9913    -10.142387665273384  0.70769280845824933  4.5727514334156467
9914    -10.017063038595138  1.0536319979345783  4.7130055074227108
9915    -9.8563783592723873  1.3560773104572865  4.901443935438472
9916    -9.2654675006109102  0.33825161801496595  3.6891449633766698
9917    -9.1871034044697701  0.71217143208531053  3.777386581266811
9918    -9.0659619248017691  1.0595968621240346  3.9198249203893361
9919    -8.9089504896479248  1.3631922591684469  4.110922331537723
9920    -12.341662514436319  0.41179014726316726  5.8796833246564484
9921    -12.240893858323943  0.8556890435355855  5.9814761862920065
9922    -12.083580320226643  1.2657699785774787  6.1441061733557367
9923    -11.877272879953759  1.624710830590818  6.359890868426513
9924    -11.423168240750218  0.41364024749222061  5.0195667035061042
9925    -11.324658415902228  0.85909900249109428  5.1227581179375123
9926    -11.171602214543665  1.2708233263968214  5.2886645244770847
9927    -10.972004606654798  1.6317497017892566  5.5102931430153319
9928    -10.479147123273021  0.41602469213384752  4.1874281264245488
9929    -10.383232041841696  0.86277084874875354  4.2916241586807207
9930    -10.234769089374165  1.2758661044078916  4.4604130497250418
9931    -10.042034001211261  1.6386541590383208  4.6877065303802636
9932    -9.5120004751608871  0.41845631159163105  3.3835236872218659
9933    -9.4203193596494597  0.86669934339984767  3.4896464006015044
9934    -9.2769987846810711  1.2813294424965596  3.6612155485329247
9935    -9.0887714496182106  1.645378120708153  3.8917521649947986
9936    -11.165963706114443  0.91508859532995079  7.0967959074320595
9937    -11.025888123182867  1.0261510908106717  7.2572396735880815
9938    -10.87365546925972  1.0987808720051047  7.4314010024133186
9939    -10.279837401978959  0.9260838950485476  6.2697046506086256
9940    -10.141491804903016  1.0379129387685395  6.4322283876175037
9941    -9.991760152661616  1.1109240361727897  6.6084632076673095
9942    -9.3691499415134789  0.93692028124888171  5.4684122743403316
9943    -9.2331374370158183  1.0494452787423192  5.6328607596664195
9944    -9.0865098931788211  1.1227670978905613  5.8110138484051399
9945    -8.4359152638836168  0.94576434144655497  4.6910157485515551
9946    -8.30361477603617  1.0594871405997426  4.8583270346389842
9947    -8.1610497105885305  1.1338316559398012  5.0393399788534596
9948    -11.320699909811193  1.2491109546893913  6.9394928622333127
9949    -11.134528145550465  1.3959252256467205  7.1481681214581805
9950    -10.933011861811901  1.4904970967396958  7.3742457139481568
9951    -10.43051092829087  1.2594785963557191  6.1070753445705765
9952    -10.247432832589251  1.4073523146098381  6.3191125204494396
9953    -10.049713615346091  1.502539308586371  6.5488760134939064
9954    -9.5157946744065285  1.2696852132708578  5.3007763469836364
9955    -9.3363903920682869  1.4185487047815972  5.515886194476133
9956    -9.1430483861248053  1.5142811476015159  5.7490463430347187
9957    -8.5778772638019198  1.2782623563999824  4.5188428689538727
9958    -8.4038967500993973  1.4284500318735667  4.7382109921071871
9959    -8.2162982391263188  1.5253046930139518  4.9757766817359057
9960    -11.475436113507941  1.5831333140488324  6.7821898170345696
9961    -11.243168167918057  1.7656993604827691  7.039096569328283
9962    -10.992368254364079  1.8822133214742873  7.3170904254829994
9963    -10.581184454602791  1.5928732976628899  5.9444460385325302
9964    -10.353373860275488  1.7767916904511367  6.2059966532813755
9965    -10.107667078030572  1.894154580999952  6.4892888193205014
9966    -9.6624394072995816  1.6024501452928348  5.1331404196269448
9967    -9.4396433471207519  1.787652130820875  5.3989116292858466
9968    -9.1995868790707807  1.9057951973124712  5.6870788376642993
9969    -8.7198392637202264  1.6107603713534091  4.3466699893561929
9970    -8.5041787241626228  1.7974129231473903  4.61809494957539
9971    -8.2715467676640984  1.9167777300881021  4.9122133846183536
9972    -11.630172317204687  1.9171556734082729  6.6248867718358238
9973    -11.351808190285656  2.1354734953188177  6.930025017198381
9974    -11.051724646916261  2.2739295462088793  7.2599351370178375
9975    -10.731857980914702  1.9262679989700611  5.7818167324944802
9976    -10.459314887961723  2.1462310662924353  6.0928807861133087
9977    -10.165620540715043  2.2857698534135333  6.4297016251470982
9978    -9.809084140192633  1.9352150773148102  4.9655044922702487
9979    -9.5428963021732223  2.1567555568601526  5.2819370640955601
9980    -9.2561253720167631  2.2973092470234255  5.6251113322938773
9981    -8.8618012636385313  1.9432583863068362  4.1744971097585104
9982    -8.60446069822585  2.1663758144212144  4.4979789070435912
9983    -8.326795296201885  2.3082507671622525  4.8486500875007961
9984    -7.0745150303924937  1.1736995878058767  4.4776292389372836
9985    -6.9380096165552967  1.1534807288855669  4.6627849534710748
9986    -6.8080752344244893  1.0891464588558177  4.8482680354294247
9987    -6.6894441731780105  0.98670254184906359  5.0193320144676505
9988    -6.5868487219937961  0.852154741997737  5.1612304202410648
9989    -6.1126986272527093  1.1843593428312287  3.7583135802771639
9990    -5.9829673408958381  1.1637995849207434  3.9443834788766696
9991    -5.8571711447852328  1.0989548792557611  4.1314932858822502
9992    -5.741530170374249  0.99562271842212258  4.3048602944067893
9993    -5.6422645491162342  0.85960059500566888  4.449701797563173
9994    -5.1320574928929146  1.1946273601147939  3.0648061889478146
9995    -5.009260443481157  1.1736433685425762  3.2516392107265988
9996    -4.8879546742132831  1.1081048909649356  3.4400434088292475
9997    -4.7756560274603199  1.0037011500269886  3.6153811128899398
9998    -4.6798803455932916  0.86612136837385101  3.7630146525428523
9999    -4.1332356576611629  1.204511124837375  2.3976621927148267
10000    -4.0151325177960402  1.1825823485806677  2.5854822213935291
10001    -3.8992602156959864  1.1150742274894916  2.7758830710863003
10002    -3.791873172845063  1.008529112041805  2.9535248378457877
10003    -3.6992258107273397  0.86948935271556316  3.1030676177246441
10004    -7.0814994065843502  1.5736260263428627  4.4744767394519371
10005    -6.8970304092188757  1.5475437024756382  4.721435877482441
10006    -6.7211892890928677  1.4627311301149744  4.9650043077281056
10007    -6.5597011391817626  1.3249144843677991  5.1902427090097438
10008    -6.4182910524609857  1.1398199403410365  5.3822117601481594
10009    -6.1192385081068768  1.5842938947293614  3.7552568255222667
10010    -5.942686537126046  1.5576452312286495  4.0054518797756211
10011    -5.772126578766609  1.4718967048777678  4.252017173192721
10012    -5.6149409906367325  1.3327424797910696  4.4803949850262503
10013    -5.4785121303445807  1.1458767200829059  4.6760275945288932
10014    -5.1381597039454405  1.5945698001675292  3.0618601968688921
10015    -4.9696899671314885  1.5672723857995121  3.3151072250081328
10016    -4.8047746276595298  1.4804066007440118  3.5642647084553447
10017    -4.6522550584317885  1.3397334916033901  3.795377257699442
10018    -4.5209726323504915  1.1510141049800067  3.9944894832293438
10019    -4.1390134120389908  1.6044583288798002  2.3946870401143516
10020    -3.9762686204797957  1.5761135362810208  2.6502870721833003
10021    -3.8184316622593744  1.487084425119414  2.902747458585492
10022    -3.6725456561080141  1.3440654328957296  3.1372277050484123
10023    -3.5456537207560124  1.1537509971107138  3.3388873172995561
10024    -7.0884837827762066  1.9735524648798481  4.4713242399665889
10025    -6.8560512018824511  1.9416066760657082  4.7800868014938045
10026    -6.6343033437612471  1.8363158013741308  5.0817405800267847
10027    -6.4299581051855146  1.6631264268865338  5.3611534035518345
10028    -6.2497333829281763  1.4274851386843352  5.6031931000552522
10029    -6.1257783889610442  1.9842284466274944  3.7522000707673704
10030    -5.9024057333562547  1.951490877536556  4.0665202806745722
10031    -5.687082012747986  1.8448385304997756  4.3725410605031936
10032    -5.4883518108992178  1.6698622411600164  4.6559296756457105
10033    -5.314759711572929  1.4321528451601426  4.9023533914946142
10034    -5.1442619149979665  1.9945122402202649  3.05891420478997
10035    -4.9301194907818191  1.9609014030564478  3.3785752392896682
10036    -4.7215945811057738  1.852708310523089  3.6884860080814428
10037    -4.528854089403259  1.6757658331797922  3.9753734025089469
10038    -4.362064919107695  1.4359068415861622  4.2259643139158358
10039    -4.1447911664168187  2.0044055329222252  2.3917118875138774
10040    -3.9374047231635512  1.9696447239813746  2.7150919229730741
10041    -3.7376031088227624  1.8590946227493372  3.0296118460846846
10042    -3.5532181393709661  1.6796017537496546  3.3209305722510383
10043    -3.3920816307846855  1.4380126415058643  3.5747070168744699
10044    -7.0954681589680639  2.3734789034168347  4.4681717404812424
10045    -6.8150719945460319  2.3356696496557801  4.8387377255051707
10046    -6.5474173984296273  2.2099004726332874  5.1984768523254665
10047    -6.3002150711892675  2.0013383694052695  5.5320640980939251
10048    -6.0811757133953668  1.7151503370276355  5.8241744399623485
10049    -6.1323182698152117  2.3841629985256274  3.7491433160124732
10050    -5.8621249295864599  2.3453365238444626  4.1275886815735241
10051    -5.6020374467293603  2.2177803561217839  4.4930649478136662
10052    -5.361762631161703  2.0069820025289631  4.8314643662651733
10053    -5.1510072928012747  1.7184289702373792  5.1286791884603344
10054    -5.1503641260504924  2.3944546802730002  3.0559682127110475
10055    -4.8905490144321497  2.354530420313385  3.4420432535712022
10056    -4.6384145345520196  2.2250100203021659  3.8127073077075391
10057    -4.4054531203747276  2.0117981747561946  4.1553695473184504
10058    -4.2031572058648932  1.7207995781923184  4.4574391446023274
10059    -4.1505689207946475  2.4043527369646505  2.3887367349134023
10060    -3.898540825847308  2.3631759116817275  2.7798967737628448
10061    -3.6567745553861508  2.2311048203792607  3.1564762335838772
10062    -3.4338906226339172  2.0151380746035787  3.5046334394536642
10063    -3.2385095408133582  1.7222742859010152  3.8105267164493819
10064    -6.5037329323898181  0.68165736854665848  5.274429246477256
10065    -6.4418516931565222  0.47843713844021935  5.3645334606725275
10066    -6.4034035493805357  0.25910842736020762  5.4245050531352499
10067    -6.3905870461484966  0.040285610988412483  5.4473060141737983
10068    -5.5623916848493442  0.68755278160315392  4.5655844497559404
10069    -5.5024523994586128  0.48273878337591719  4.6573749030023848
10070    -5.4649519514677287  0.26084894175667672  4.7182404468344705
10071    -5.4523955994003739  0.037573598178151271  4.7413483707841841
10072    -4.6033699756829467  0.69258337433995476  3.8814609193743523
10073    -4.5456356959776052  0.48630817849604191  3.9746731467727008
10074    -4.5093459956146429  0.26198977684169433  4.0361681770748916
10075    -4.4971693637314374  0.034322165376494039  4.0594628526179246
10076    -3.6251751018570824  0.69488371139046834  3.2226687381582981
10077    -3.5704918573949209  0.48708569140244723  3.3165042898208017
10078    -3.5368012567944733  0.26080475541379516  3.3782625136226923
10079    -3.5257284795093562  0.030750366086808312  3.4016316504745121
10080    -6.3027407243172986  0.90784281702289105  5.5371783036253204
10081    -6.2169339056408317  0.63656996820304956  5.656905148771842
10082    -6.1637487726620499  0.34251487119066426  5.7346969246815025
10083    -6.1460635016114251  0.042191003294887057  5.7638582604480826
10084    -5.3677747505211899  0.91218745652946931  4.8342453165397119
10085    -5.284922799672537  0.63934130209824025  4.9558639667786668
10086    -5.2332274292192125  0.34320029419050152  5.0345540758197496
10087    -5.2159597905817989  0.039626470207537116  5.0639861742369749
10088    -4.415163503853754  0.91567273866202592  4.1558210336154024
10089    -4.3355200874469197  0.64138536105505106  4.2790293185982495
10090    -4.2855681461330475  0.34329052468760207  4.3583155904222304
10091    -4.2688334429152057  0.03652678208819729  4.3878811013316801
10092    -3.4432195420497891  0.91727144857059473  3.5017588775265969
10093    -3.3675311886017045  0.64147707139593968  3.6259639170316071
10094    -3.320868353290968  0.34164223305900726  3.7057953652136559
10095    -3.3055107289967842  0.033041301032056949  3.735546151471814
10096    -6.1017485162447835  1.1340282654991236  5.7999273607733821
10097    -5.9920161181251421  0.79470279796587984  5.9492768368711548
10098    -5.9240939959435632  0.42592131502112091  6.0448887962277533
10099    -5.9015399570743527  0.044096395601361589  6.0804105067223633
10100    -5.1731578161930374  1.1368221314557847  5.1029061833234817
10101    -5.0673931998864612  0.79594382082056314  5.2543530305549471
10102    -5.0015029069706936  0.42555164662432621  5.3508677048050268
10103    -4.9795239817632204  0.041679342236923045  5.3866239776897613
10104    -4.2269570320245649  1.1387621029840969  4.4301811478564463
10105    -4.1254044789162307  0.79646254361406066  4.5833854904238001
10106    -4.0617902966514521  0.42459127253350976  4.6804630037695674
10107    -4.0404975220989749  0.038731398799900563  4.716299350045432
10108    -3.2612639822424949  1.1396591857507212  3.7808490168948965
10109    -3.1645705198084881  0.79586845138943196  3.9354235442424126
10110    -3.1049354497874613  0.42247971070421925  4.0333282168046214
10111    -3.0852929784842105  0.035332235977305657  4.0694606524691164
10112    -5.9007563081722649  1.3602137139753554  6.0626764179214474
10113    -5.7670983306094534  0.95283562772871022  6.2416485249704712
10114    -5.6844392192250748  0.50932775885157766  6.3550806677740068
10115    -5.657016412537283  0.046001787907836218  6.3969627529966466
10116    -4.9785408818648857  1.3614568063821002  5.3715670501072523
10117    -4.8498636001003872  0.95254633954288637  5.5528420943312273
10118    -4.7697783847221782  0.50790299905815106  5.6671813337903068
10119    -4.7430881729446472  0.043732214266308973  5.709261781142553
10120    -4.0387505601953722  1.361851467306169  4.7045412620974956
10121    -3.9152888703855457  0.95153972617307048  4.8877416622493497
10122    -3.838012447169858  0.50589202037941727  5.0026104171169079
10123    -3.8121616012827446  0.04093601551160389  5.0447175987591892
10124    -3.0793084224352021  1.3620469229308472  4.0599391562631961
10125    -2.9616098510152717  0.95025983138292447  4.2448831714532185
10126    -2.8890025462839564  0.5033171883494314  4.3608610683955842
10127    -2.8650752279716385  0.03762317092255435  4.4033751534664178
10128    -6.4070368614623883  -0.181439029296561  5.4284175665165399
10129    -6.4521860948836123  -0.40848466716715859  5.3718290732082838
10130    -6.5219309238379184  -0.62275410951816879  5.2832647350320743
10131    -6.6121675257510635  -0.80615016324438071  5.1684487527709484
10132    -5.4684594855167834  -0.18839356480505109  4.722284206217914
10133    -5.5122553673414441  -0.41740555994151385  4.6649543531852204
10134    -5.5794419262944057  -0.632342088753309  4.5750074042428466
10135    -5.6656778437957058  -0.81608285276250814  4.4580919519475337
10136    -4.5127473273449272  -0.19577454270515757  4.0403335733923411
10137    -4.554969872301073  -0.42650434438797014  3.9825056855845369
10138    -4.6193781759807298  -0.64185940894103455  3.8914194508253268
10139    -4.7015134157647518  -0.82583190563344089  3.7725151307455222
10140    -3.5400726318064191  -0.20140589681951551  3.3825074475378485
10141    -3.5793515612472988  -0.43331799517558861  3.324529462781749
10142    -3.6402685592276929  -0.64926477876324051  3.2330016533280035
10143    -3.7195269171433099  -0.83352509736429925  3.113227976298397
10144    -6.1674796415770858  -0.26081910406451103  5.7396964802580595
10145    -6.2266893639233318  -0.56203618730223981  5.6660690631515376
10146    -6.3192067782948902  -0.84360167086086957  5.5491058705027223
10147    -6.4405459943364951  -1.0876569791829704  5.3949367636858154
10148    -5.2368395062192334  -0.26646386354439877  5.0397169097069883
10149    -5.2942124888479691  -0.56928088886198924  4.9653992954545423
10150    -5.3832893252748875  -0.85165230049835905  4.846848410375781
10151    -5.4992806023068503  -1.0964057932066336  4.6898793333668483
10152    -4.2890800590676932  -0.27253172281153648  4.363630183774073
10153    -4.3444036166341409  -0.57670216867056068  4.2888992012628533
10154    -4.429827189771629  -0.8596329868462429  4.1690374526412954
10155    -4.5403738526372317  -1.1049726086959497  4.0093942367526756
10156    -3.324271480043183  -0.27754852650420153  3.7112144863660967
10157    -3.3760276770146826  -0.58273490217097845  3.6360996176135885
10158    -3.4571548721812513  -0.86632073469890358  3.5154460303489117
10159    -3.5640286178128506  -1.1121089328186056  3.3544982097066973
10160    -5.9279224216917896  -0.34019917883246104  6.0509753939995772
10161    -6.0011926329630558  -0.71558770743732103  5.9603090530947895
10162    -6.1164826327518664  -1.0644492322035704  5.8149470059733686
10163    -6.2689244629219312  -1.3691637951215612  5.6214247746006807
10164    -5.0052195269216826  -0.34453416228374639  5.3571496131960599
10165    -5.076169610354496  -0.7211562177824643  5.2658442377238641
10166    -5.1871367242553674  -1.0709625122434094  5.1186894165087145
10167    -5.332883360817994  -1.3767287336507592  4.9216667147861584
10168    -4.0654127907904627  -0.34928890291791537  4.6869267941558022
10169    -4.1338373609672079  -0.72689999295315089  4.5952927169411684
10170    -4.2402762035625301  -1.0774065647514512  4.4466554544572654
10171    -4.379234289509716  -1.3841133117584592  4.2462733427598263
10172    -3.1084703282799464  -0.35369115618888775  4.0399215251943446
10173    -3.1727037927820643  -0.73215180916636835  3.9476697724454284
10174    -3.2740411851348084  -1.0833766906345668  3.7978904073698199
10175    -3.408530318482391  -1.390692768272912  3.5957684431149968
10176    -5.6883652018064854  -0.41957925360041121  6.3622543077410958
10177    -5.7756959020027745  -0.86913922757240225  6.2545490430380415
10178    -5.9137584872088365  -1.2852967935462711  6.0807881414440175
10179    -6.0973029315073619  -1.650670611060151  5.8479127855155486
10180    -4.7735995476241335  -0.42260446102309407  5.674582316685135
10181    -4.8581267318610202  -0.8730315467029397  5.5662891799931868
10182    -4.9909841232358492  -1.2902727239884597  5.3905304226416479
10183    -5.1664861193291385  -1.6570516740948844  5.153454096205472
10184    -3.8417455225132264  -0.42604608302429431  5.0102234045375305
10185    -3.9232711053002736  -0.87709781723574132  4.9016862326194843
10186    -4.0507252173534294  -1.2951801426566592  4.7242734562732318
10187    -4.2180947263821968  -1.6632540148209691  4.4831524487669823
10188    -2.8926691765167103  -0.42983378587357385  4.3686285640225906
10189    -2.9693799085494481  -0.88156871616175847  4.2592399272772674
10190    -3.0909274980883659  -1.3004326465702303  4.0803347843907281
10191    -3.2530320191519322  -1.6692766037272184  3.837038676523298
10192    -6.7217957694675059  -0.95401255280703667  5.0236418811353891
10193    -6.8479362767420149  -1.0691871387337279  4.8509298184422818
10194    -6.9838163543658327  -1.1448359320187687  4.6647741808842822
10195    -7.122663309130191  -1.1741209436564692  4.4796365846540489
10196    -5.7712865347985671  -0.96440163389604439  4.3110716600286381
10197    -5.8939664987180755  -1.0798845284391052  4.1366636237442398
10198    -6.0254390436671521  -1.1556297094511438  3.9492965829442017
10199    -6.1574254777587027  -1.1847353499916113  3.7633992774783813
10200    -4.8029523381757935  -0.97457329842308582  3.6234302272016339
10201    -4.9218412838081855  -1.090290185770018  3.4476535963742978
10202    -5.0485758211504042  -1.1660574386965568  3.2594025313805743
10203    -5.173551518690914  -1.1949499282250207  3.0728943253375105
10204    -3.8175094006105459  -0.98275934329045733  2.9625807868461029
10205    -3.93124075902786  -1.0992442562470048  2.7848096502166504
10206    -4.0523872594642123  -1.175683207106172  2.5947843386704688
10207    -4.1726151689885365  -1.2047795667401877  2.4073746244679723
10208    -6.5874097708410968  -1.2860683141656628  5.2027323709148519
10209    -6.7546671542268912  -1.4379390646994579  4.9774729559172162
10210    -6.9350816855765034  -1.5362664357170177  4.7340028333371569
10211    -7.1214169059725423  -1.5740476321510011  4.4871663178189225
10212    -5.6406931053946394  -1.2956781285831025  4.4945358453423401
10213    -5.8033017397087505  -1.4482670193582632  4.2665858522489959
10214    -5.9782192716356537  -1.5469915869865551  4.0204306205311875
10215    -6.1565584675618155  -1.5846709529224134  3.7704714166332884
10216    -4.6761786387246218  -1.3050719214603386  3.8110920427630837
10217    -4.8337943480831473  -1.4583041018639802  3.5808483280086199
10218    -5.0028707047034429  -1.5573510154901189  3.332404843587653
10219    -5.1730574325761411  -1.5948945279219973  3.0795033405985381
10220    -3.6952157562190702  -1.3128879425720286  3.1539030826366696
10221    -3.8460108463359663  -1.4670808833402078  2.9205310203152659
10222    -4.007881015373262  -1.5669426738624139  2.6689616742173414
10223    -4.1722933905406681  -1.6047282328779169  2.4137746958177266
10224    -6.4530237722146868  -1.6181240755242896  5.3818228606943146
10225    -6.6613980317117667  -1.8066909906651876  5.1040160933921523
10226    -6.8863470167871741  -1.9276969394152679  4.8032314857900333
10227    -7.1201705028148936  -1.9739743206455334  4.4946960509837997
10228    -5.5100996759907188  -1.6269546232701599  4.6780000306560492
10229    -5.7126369806994273  -1.8166495102774212  4.3965080807537573
10230    -5.9309994996041562  -1.9383534645219656  4.0915646581181759
10231    -6.1556914573649326  -1.9846065558532151  3.7775435557881938
10232    -4.5494049392734528  -1.6355705444975912  3.9987538583245343
10233    -4.7457474123581083  -1.8263180179579424  3.714043059642941
10234    -4.9571655882564825  -1.9486445922836813  3.4054071557947321
10235    -5.1725633464613709  -1.9948391276189743  3.0861123558595653
10236    -3.5729221118275918  -1.6430165418535991  3.3452253784272359
10237    -3.7607809336440723  -1.8349175104334106  3.0562523904138823
10238    -3.9633747712823131  -1.9582021406186561  2.7431390097642123
10239    -4.1719716120928014  -2.0046768990156463  2.4201747671674814
10240    -6.3186377735882742  -1.9501798368829153  5.56091335047378
10241    -6.5681289091966439  -2.1754429166309177  5.2305592308670876
10242    -6.8376123479978439  -2.3191274431135156  4.8724601382429107
10243    -7.1189240996572432  -2.3739010091400656  4.5022257841486715
10244    -5.3795062465867902  -1.9582311179572178  4.8614642159697521
10245    -5.6219722216901022  -2.1850320011965789  4.5264303092585116
10246    -5.8837797275726578  -2.3297153420573764  4.1626986957051617
10247    -6.1548244471680462  -2.3845421587840172  3.7846156949431018
10248    -4.4226312398222793  -1.9660691675348438  4.1864156738859855
10249    -4.657700476633071  -2.1943319340519052  3.8472377912772635
10250    -4.9114604718095212  -2.3399381690772434  3.4784094680018098
10251    -5.1720692603465972  -2.3947837273159505  3.0927213711205939
10252    -3.4506284674361161  -1.9731451411351706  3.5365476742178021
10253    -3.6755510209521782  -2.2027541375266133  3.1919737605124974
10254    -3.9188685271913628  -2.3494616073748977  2.8173163453110841
10255    -4.1716498336449321  -2.404625565153375  2.4265748385172357
10256    -7.2610339168920062  -1.153864348793789  4.2962780963722436
10257    -7.3952385972672401  -1.0894470326348751  4.1143829387940141
10258    -7.5181351226856812  -0.98686907125982559  3.9467974623137292
10259    -7.6225812655771374  -0.85213054074873673  3.8063680173257599
10260    -6.2893156125776972  -1.1641239809916544  3.5792297629878456
10261    -6.4200321544117092  -1.099181050411546  3.3959355681239796
10262    -6.5405957534275219  -0.99569910685443297  3.2262796422521007
10263    -6.6420270597919444  -0.85947069892346162  3.083024934737526
10264    -5.2988142811299266  -1.1739081964317024  2.8880557802679534
10265    -5.4257195056609566  -1.1082733563870171  2.7036749385038132
10266    -5.5436269995123855  -1.0037211356044589  2.5322609536257001
10267    -5.6418965699126158  -0.8659272615975212  2.3863229792142322
10268    -4.2934532294777661  -1.1827841830534382  2.221661222125741
10269    -4.415519065143366  -1.1151671673344845  2.0355307945315295
10270    -4.5291122665559982  -1.0084607855318084  1.8620620365024567
10271    -4.6245324242863539  -0.86919730359389225  1.7143336428556473
10272    -7.3071246616844379  -1.5479045151482242  4.2413233027010948
10273    -7.4856526817089666  -1.4629578646927146  4.0000588764068254
10274    -7.6497583312197737  -1.32495326397295  3.7770551462071897
10275    -7.792198975390515  -1.1396362961774071  3.5859942193732679
10276    -6.3345463056475397  -1.5579420073208263  3.5214639910000871
10277    -6.5082411715752118  -1.4720397837062544  3.2773725216207126
10278    -6.6685029430144347  -1.3326806185873508  3.051410916256009
10279    -6.8061914976348321  -1.1455808484727659  2.8567930826668215
10280    -5.3431702737787541  -1.5675032472721762  2.8275082222806294
10281    -5.5116908112442955  -1.4804771363098157  2.5809784890436194
10282    -5.6677675302466692  -1.339595092603046  2.3524477877413128
10283    -5.8005489160597863  -1.1506360137199965  2.1544497652275276
10284    -4.336868829214632  -1.5762781794249543  2.1595066612818026
10285    -4.4987301105174726  -1.4870742454585555  1.9098559032964004
10286    -4.6485972442777257  -1.3438330190931675  1.6781447081184488
10287    -4.7771902403239368  -1.1532710884432364  1.4776953620048823
10288    -7.3532154064768633  -1.9419446815026602  4.1863685090299496
10289    -7.576066766150694  -1.8364686967505541  3.8857348140196359
10290    -7.781381539753867  -1.6630374566860746  3.6073128301006481
10291    -7.9618166852038925  -1.4271420516060782  3.3656204214207763
10292    -6.3797769987173796  -1.9517600336499981  3.4636982190123282
10293    -6.5964501887387144  -1.8448985170009631  3.1588094751174456
10294    -6.7964101326013484  -1.6696621303202681  2.8765421902599178
10295    -6.9703559354777207  -1.4316909980220704  2.6305612305961175
10296    -5.3875262664275798  -1.9610982981126512  2.7669606642933062
10297    -5.5976621168276361  -1.8526809162326145  2.4582820395834246
10298    -5.7919080609809557  -1.6754690496016329  2.1726346218569264
10299    -5.9592012622069603  -1.4353447658424725  1.9225765512408242
10300    -4.3802844289514917  -1.9697721757964706  2.0973521004378624
10301    -4.5819411558915784  -1.8589813235826274  1.7841810120612716
10302    -4.7680822219994541  -1.6792052526545271  1.4942273797344405
10303    -4.9298480563615197  -1.4373448732925813  1.2410570811541175
10304    -7.3993061512692941  -2.3359848478570959  4.1314137153588009
10305    -7.6664808505924205  -2.2099795288083941  3.7714107516324473
10306    -7.9130047482879595  -2.0011216493991997  3.4375705139941077
10307    -8.1314343950172674  -1.7146478070347486  3.1452466234682848
10308    -6.425007691787223  -2.3455780599791698  3.4059324470245698
10309    -6.684659205902217  -2.2177572502956715  3.0402464286141786
10310    -6.9243173221882612  -2.0066436420531857  2.7016734642638252
10311    -7.1345203733206084  -1.7178011475713748  2.4043293785254134
10312    -5.4318822590764064  -2.3546933489531252  2.7064131063059822
10313    -5.683633422410975  -2.2248846961554123  2.3355855901232307
10314    -5.9160485917152377  -2.0113430066002191  1.9928214559725388
10315    -6.1178536083541335  -1.7200535179649481  1.6907033372541198
10316    -4.4237000286883585  -2.3632661721679877  2.0351975395939239
10317    -4.6651522012656841  -2.2308884017066988  1.6585061208261425
10318    -4.8875671997211798  -2.0145774862158867  1.3103100513504324
10319    -5.0825058723991035  -1.7214186581419257  1.0044188003033525
10320    -7.7068958349250609  -0.68142590958804061  3.6941544915189461
10321    -7.7716106009038066  -0.47802845561728574  3.6064448077078395
10322    -7.812902777729458  -0.25855646894624784  3.5489273689753853
10323    -7.8269495796181303  -0.039628239684701631  3.5272905784045241
10324    -6.7232560736826565  -0.68720071945759664  2.9681903411926487
10325    -6.7863403029846765  -0.48219820426584992  2.8789066684691287
10326    -6.8269916594257598  -0.26016191640644465  2.8206047327911969
10327    -6.840922054733678  -0.036790618937602701  2.7987153503830866
10328    -5.7199401318829937  -0.69215146769001945  2.2689841999631932
10329    -5.7811740522894217  -0.4856748657770501  2.1783836787974371
10330    -5.82096481612707  -0.26120525122904681  2.1195543866442104
10331    -5.8346789083911146  -0.033450419416440627  2.0975292944307502
10332    -4.7002880300084611  -0.69437534095581632  1.5958917941702402
10333    -4.7588328490910445  -0.48643294285848071  1.5047701384812893
10334    -4.7963843826467309  -0.26006151395912236  1.4457785717898379
10335    -4.8091601317881718  -0.029952458914974223  1.4237269900969229
10336    -7.9083785763894072  -0.90743446893453672  3.4316408938978245
10337    -7.9959026735478096  -0.63596217184066706  3.3134993252876295
10338    -8.0508309977840202  -0.34174531103609718  3.237360657084789
10339    -8.0692232800163683  -0.041309792661124563  3.209016032831403
10340    -6.9176751775803131  -0.91166217496438473  2.6992526427607149
10341    -7.0024587667933966  -0.63861866431139624  2.5793089212792295
10342    -7.0561068056415532  -0.34232519999341388  2.5023543802341797
10343    -7.0741838344922803  -0.038656665490050618  2.4737814816373862
10344    -5.9072360707710052  -0.91506027217854469  1.9938570339392219
10345    -5.9890578228408948  -0.64057706007780446  1.8724077702930517
10346    -6.0412042471031295  -0.3423385043577768  1.7949339671124065
10347    -6.0588654183913881  -0.035496731958462077  1.7662676172206644
10348    -4.880628251934338  -0.91657740559240986  1.3156111142266773
10349    -4.9587521248061712  -0.64063738089513655  1.193248468337345
10350    -5.0078644073963741  -0.34071228987207908  1.115309592017665
10351    -5.0242676481619064  -0.03206340804389806  1.0864966529484115
10352    -8.1098613178537526  -1.1334430282810328  3.1691272962767023
10353    -8.2201947461918117  -0.79389588806404876  3.0205538428674203
10354    -8.2887592178385887  -0.42493415312594651  2.9257939451941941
10355    -8.3114969804146188  -0.042991345637547487  2.8907414872582802
10356    -7.1120942814779662  -1.1361236304711728  2.4303149443287833
10357    -7.2185772306021097  -0.79503912435694235  2.2797111740893294
10358    -7.2852219518573431  -0.42448848358038316  2.1841040276771606
10359    -7.3074456142508799  -0.040522712042498528  2.1488476128916822
10360    -6.0945320096590114  -1.13796907666707  1.7187298679152503
10361    -6.1969415933923679  -0.7954792543785586  1.566431861788667
10362    -6.26144367807919  -0.42347175748650678  1.4703135475806031
10363    -6.2830519283916573  -0.037543044500483576  1.435005940010579
10364    -5.060968473860207  -1.1387794702290035  1.0353304342831142
10365    -5.1586714005212961  -0.79484181893179251  0.88172679819340072
10366    -5.2193444321460154  -0.42136306578503574  0.78484061224549218
10367    -5.2393751645356428  -0.034174357172821898  0.7492663157999
10368    -8.3113440593180954  -1.3594515876275297  2.9066136986555793
10369    -8.4444868188358182  -0.95182960428742991  2.7276083604472099
10370    -8.5266874378931536  -0.5081229952157954  2.6142272333035965
10371    -8.5537706808128604  -0.044672898613970412  2.5724669416851582
10372    -7.3065133853756263  -1.3605850859779609  2.161377245896849
10373    -7.4346956944108271  -0.9514595844024889  1.9801134268994303
10374    -7.5143370980731365  -0.50665176716735261  1.8658536751201429
10375    -7.5407073940094813  -0.042388758594946438  1.8239137441459812
10376    -6.2818279485470239  -1.3608778811555964  1.4436027018912791
10377    -6.4048253639438411  -0.95038144867931296  1.2604559532842816
10378    -6.4816831090552496  -0.50460501061523688  1.1456931280487992
10379    -6.5072384383919308  -0.039589357042505033  1.1037442628004932
10380    -5.2413086957860848  -1.3609815348655976  0.75504975433955135
10381    -5.358590676236421  -0.94904625696844813  0.57020512804945622
10382    -5.4308244568956567  -0.50201384169799257  0.45437163247331935
10383    -5.4544826809093774  -0.03628530630174575  0.41203597865138852
10384    -7.8082599046610675  0.1822017084628301  3.5446439695077814
10385    -7.7583590467628367  0.40934904747589029  3.5977752728030961
10386    -7.6839488138595229  0.62365078077080538  3.6828901868815462
10387    -7.5917310138872134  0.80694391176390146  3.796194410334202
10388    -6.8223678899222744  0.1892644917099523  2.8161683911179662
10389    -6.7732549088166385  0.41836271458159424  2.8698578837328887
10390    -6.7008290373614141  0.63332102983325211  2.9561608827479273
10391    -6.612336201501245  0.8169564176208538  3.0714544426831485
10392    -5.8163445611306051  0.19672433229035341  2.1149799741828219
10393    -5.7682049331090699  0.42754129185085082  2.1690032327656037
10394    -5.6979488993934337  0.64292404188952512  2.2562698933654817
10395    -5.6132653350506319  0.82679616503084752  2.3734507791688362
10396    -4.7918089721220758  0.20227498189138413  1.4410979123683343
10397    -4.7460549724773946  0.43426946036116199  1.495099777280041
10398    -4.6787284238001998  0.65024141026282589  1.5826313603983819
10399    -4.5966596170365692  0.83440126536483938  1.7005914372896829
10400    -8.0462398814810729  0.2618025356897008  3.232224842957387
10401    -7.9838267353239409  0.5631126065979486  3.303644141986473
10402    -7.8882219303276875  0.84468868418750132  3.418411569601485
10403    -7.7656635552750322  1.088599032582241  3.5716647654852385
10404    -7.051578984844781  0.2675166488784308  2.4970518368326866
10405    -6.990632818221953  0.57041183402726958  2.5690403639313715
10406    -6.8980870200268285  0.8527850783301073  2.685259485096434
10407    -6.7806832756624393  1.0973925701605867  2.8412216224908655
10408    -6.0367238595092756  0.27363115083803685  1.7894797265254689
10409    -5.9774311045514512  0.57787733153026055  1.8617739415821659
10410    -5.8881307452881444  0.86081362384917826  1.9791812161856928
10411    -5.7759663734896032  1.1060118415257572  2.1377325041309856
10412    -5.0034465288317804  0.27858792840206409  1.1097410174038349
10413    -4.9473470008797529  0.58384522757844615  1.1823033887542127
10414    -4.8619635173798867  0.86743448041456483  1.3003799403243557
10415    -4.753290531406269  1.113081677839735  1.4601668454390668
10416    -8.284219858301082  0.34140336291657164  2.9198057164069922
10417    -8.2092944238850443  0.71687616572000712  3.0095130111698496
10418    -8.0924950467958521  1.0657265876041973  3.1539329523214219
10419    -7.9395960966628465  1.3702541534005808  3.3471351206362763
10420    -7.2807900797672822  0.34576880604690952  2.1779352825474043
10421    -7.2080107276272649  0.72246095347294459  2.2682228441298524
10422    -7.0953450026922438  1.0722491268269623  2.4143580874449402
10423    -6.9490303498236337  1.3778287227003185  2.6109888022985808
10424    -6.2571031578879488  0.35053796938572007  1.4639794788681169
10425    -6.1866572759938308  0.72821337120967022  1.5545446503987277
10426    -6.0783125911828542  1.0787032058088315  1.7020925390059034
10427    -5.9386674119285745  1.3852275180206668  1.9020142290931368
10428    -5.2150840855414886  0.35490087491274408  0.77838412243933552
10429    -5.1486390292821111  0.73342099479573031  0.86950700022838412
10430    -5.0451986109595754  1.0846275505663039  1.018128520250329
10431    -4.9099214457759714  1.3917620903146302  1.2197422535884492
10432    -8.5221998351210857  0.42100419014344248  2.6073865898565982
10433    -8.4347621124461458  0.8706397248420652  2.7153818803532257
10434    -8.296768163264014  1.2867644910208926  2.8894543350413602
10435    -8.1135286380506635  1.6519092742189196  3.1226054757873123
10436    -7.5100011746897879  0.42402096321538801  1.8588187282621247
10437    -7.4253886370325812  0.87451007291861993  1.9674053243283349
10438    -7.2926029853576591  1.291713175323818  2.1434566897934477
10439    -7.1173774239848271  1.6582648752400513  2.3807559821062982
10440    -6.4774824562666184  0.42744478793340357  1.1384792312107637
10441    -6.395883447436213  0.8785494108890799  1.2473153592152895
10442    -6.2684944370775639  1.2965927877684844  1.425003861826114
10443    -6.1013684503675449  1.6644431945155767  1.6662959540552866
10444    -5.4267216422511941  0.43121382142342413  0.4470272274748357
10445    -5.3499310576844694  0.88299676201301447  0.55671061170255587
10446    -5.2284337045392615  1.3018206207180421  0.7358771001763027
10447    -5.0665523601456712  1.6704425027895258  0.97931766173783275
10448    -7.4812067459749301  0.95450499707002223  3.9398546883603838
10449    -7.3527859483580036  1.0692686146027599  4.1099406097841609
10450    -7.2145336876320041  1.144558799726562  4.2935121386337256
10451    -6.5056351604159701  0.96496753821508874  3.217236407983195
10452    -6.3802746368342103  1.0800233988654613  3.3888634197141081
10453    -6.2460355020238385  1.1553965001961237  3.5735007273280441
10454    -5.5105205399868371  0.9752231053983802  2.5212094259918176
10455    -5.388512932668089  1.0904959350337904  2.6940585153778129
10456    -5.2585795660011856  1.1658766784387158  2.8794425891040651
10457    -4.4971829174676525  0.98334283913652287  1.8498222609580739
10458    -4.3799329270629519  1.0994306647536913  2.0244889477242585
10459    -4.2551902918012185  1.1755312555445678  2.2114745681294394
10460    -7.6184517533296541  1.2866549735012274  3.763157479206412
10461    -7.4500408681830814  1.4380668860076304  3.9866710399931922
10462    -7.268400289409815  1.5360016202414941  4.2283844570176683
10463    -6.6387695415715333  1.2963079107233417  3.0357626225147629
10464    -6.4747117431050576  1.448431910323152  3.2618294365770999
10465    -6.2982785190283854  1.5467615709838731  3.5061011443541674
10466    -5.6394942567650856  1.3057525666174135  2.335145112432893
10467    -5.4801053539049285  1.4585138200579213  2.5633764881164041
10468    -5.3091952934510713  1.5571635738927894  2.809817794991682
10469    -4.621289527147856  1.3135203397345319  1.6597917625147638
10470    -4.4684176796223163  1.4672813304497279  1.8910025008685969
10471    -4.304412978146944  1.5667866576199434  2.1404254601764832
10472    -7.7556967606843807  1.6188049499324331  3.5864602700524397
10473    -7.5472957880081619  1.806865157412501  3.8634014702022244
10474    -7.3222668911876276  1.9274444407564257  4.1632567754016083
10475    -6.7719039227270992  1.6276482832315946  2.8542888370463309
10476    -6.569148849375904  1.8168404217808425  3.1347954534400913
10477    -6.3505215360329332  1.9381266417716225  3.4387015613802929
10478    -5.7684679735433324  1.6362820278364465  2.1490807988739689
10479    -5.571697775141768  1.8265317050820515  2.4326944608549943
10480    -5.3598110209009562  1.9484504693468641  2.7401930008792994
10481    -4.7453961368280595  1.6436978403325417  1.4697612640714548
10482    -4.5569024321816842  1.8351319961457651  1.7575160540129346
10483    -4.3536356644926713  1.9580420596953199  2.0693763522235269
10484    -7.8929417680391039  1.9509549263636383  3.4097630608984679
10485    -7.6445507078332398  2.175663428817372  3.7401319004112574
10486    -7.3761334929654403  2.318887261271358  4.098129093785551
10487    -6.9050383038826606  1.9589886557398475  2.6728150515778979
10488    -6.6635859556467505  2.1852489332385332  3.0077614703030826
10489    -6.4027645530374802  2.3294917125593724  3.3713019784064167
10490    -5.8974416903215801  1.9668114890554804  1.9630164853150445
10491    -5.6632901963786066  2.194549590106182  2.302012433593585
10492    -5.4104267483508419  2.3397373648009383  2.6705682067669168
10493    -4.8695027465082612  1.9738753409305509  1.2797307656281451
10494    -4.6453871847410486  2.2029826618418005  1.6240296071572728
10495    -4.4028583508383985  2.3492974617706959  1.9983272442705717
10496    3.3364009559823553  1.2211326146597612  1.7418951733694692
10497    3.4710146378222908  1.1960069679594703  1.5654893602471733
10498    3.6020585663666309  1.1235465626306491  1.3864985945847841
10499    3.7237286694898817  1.0109371186966953  1.219829764731015
10500    3.8302208750665514  0.8653643561810066  1.0803897590345792
10501    2.8480905097617879  1.2485419507793321  1.0885203156608827
10502    3.0148921995895908  1.2231920659227165  0.93394460606492036
10503    3.1695221231946293  1.1498875637145887  0.77327269207456406
10504    3.3118010529378026  1.0342230482962196  0.62346679238010627
10505    3.441549761180017  0.88179312380887953  0.50148912567183979
10506    2.5590000358085083  1.2833511996045415  0.38606993013409824
10507    2.7617758077551815  1.2577700091197885  0.25710493775354243
10508    2.948321089509121  1.183605861594367  0.1230692255511795
10509    3.1195382089604209  1.0648707262535944  -0.001556393868006628
10510    3.2763294939991825  0.90557657232279065  -0.1022911078990307
10511    2.3484118595226082  1.3219073509030801  -0.40655587859826836
10512    2.5750844348379234  1.2952279926150889  -0.51549146222360398
10513    2.7927355828607783  1.218488433679183  -0.61896582793080179
10514    2.9937053101988242  1.0961728984710584  -0.71369188336060496
10515    3.1703336234597179  0.93276561136641301  -0.7963825361537562
10516    3.2685230335197466  1.6194299729277153  1.7490322889317582
10517    3.4688573653151793  1.5892582198809497  1.4979956052137149
10518    3.6424561563491618  1.4973220012398734  1.2543376824851393
10519    3.7979085798068208  1.3490672190500208  1.0311359866502823
10520    3.9438038088732856  1.1499397753569245  0.84146798361339281
10521    2.599209100852224  1.6426145583886873  1.1147575558456222
10522    2.8862879274600686  1.6170911004715598  0.87246875784070754
10523    3.1029024200999569  1.5308205651479696  0.64532894219758452
10524    3.2865976132836252  1.3830408133349872  0.44299606896423316
10525    3.4749185415228161  1.1729897059496819  0.27512809818863437
10526    2.0581760638718825  1.6719029073720004  0.45905709517368193
10527    2.4467618591729323  1.6516971005666099  0.22832784187691174
10528    2.7388694959564703  1.5725648317211249  0.023891783108275749
10529    2.9832849014038931  1.426732693445631  -0.15138661773453468
10530    3.2287940026966027  1.2064272783502157  -0.29464289725382664
10531    1.5653579029076354  1.7048862808950156  -0.2469883574627825
10532    2.0330316708968637  1.6877023414337116  -0.46671434095475056
10533    2.4319409444210298  1.6131451962144359  -0.64818286137256387
10534    2.7764430175727632  1.4695287938648713  -0.79851612590270848
10535    3.0808951844447057  1.2451670830127031  -0.9248363417316704
10536    3.2006451110571366  2.0177273311956694  1.7561694044940475
10537    3.4667000928080673  1.9825094718024294  1.4305018501802573
10538    3.6828537463316935  1.8710974398490992  1.1221767703854955
10539    3.8720884901237591  1.6871973194033461  0.84244220856954943
10540    4.057386742680019  1.434515194532842  0.60254620819220628
10541    2.3503276919426597  2.0366871659980426  1.1409947960303619
10542    2.7576836553305468  2.0109901350204034  0.81099290961649495
10543    3.0362827170052848  1.9117535665813512  0.51738519232060487
10544    3.2613941736294474  1.731858578373755  0.26252534554836016
10545    3.5082873218656143  1.4641862880904837  0.048767070705428905
10546    1.5573520919352566  2.0604546151394594  0.53204426021326567
10547    2.1317479105906836  2.0456241920134315  0.19955074600028114
10548    2.5294179024038197  1.9615238018478824  -0.075285659334627941
10549    2.847031593847364  1.7885946606376668  -0.30121684160106282
10550    3.1812585113940242  1.5072779843776405  -0.48699468660862288
10551    0.78230394629266198  2.0878652108869513  -0.08742083632729658
10552    1.4909789069558044  2.0801766902523342  -0.41793721968589714
10553    2.07114630598128  2.0078019587496883  -0.67739989481432594
10554    2.5591807249467027  1.8428846892586841  -0.88334036844481201
10555    2.9914567454296908  1.5575685546589924  -1.0532901473095844
10556    3.1327671885945279  2.4160246894636246  1.7633065200563363
10557    3.4645428203009563  2.3757607237239093  1.3630080951467984
10558    3.7232513363142239  2.2448728784583238  0.99001585828585104
10559    3.9462684004406996  2.0253274197566724  0.65374843048881692
10560    4.1709696764867523  1.71909061370876  0.36362443277101958
10561    2.1014462830330958  2.4307597736073987  1.1672320362151014
10562    2.6290793832010242  2.4048891695692465  0.74951706139228214
10563    2.9696630139106124  2.2926865680147337  0.38944144244362533
10564    3.23619073397527  2.0806763434125228  0.082054622132487071
10565    3.5416561022084156  1.7553828702312859  -0.17759395677777645
10566    1.0565281199986307  2.4490063229069192  0.60503142525284936
10567    1.8167339620084355  2.4395512834602542  0.17077365012365048
10568    2.3199663088511699  2.3504827719746415  -0.17446310177753174
10569    2.7107782862908367  2.1504566278297035  -0.45104706546759082
10570    3.1337230200914457  1.8081286904050655  -0.67934647596341891
10571    -0.00075001032231103437  2.4708441408788864  0.07214668480818931
10572    0.94892614301474476  2.4726510390709566  -0.36916009841704361
10573    1.7103516675415309  2.4024587212849422  -0.70661692825608813
10574    2.3419184323206403  2.216240584652498  -0.96816461098691575
10575    2.9020183064146767  1.8699700263052832  -1.1817439528874982
10576    3.9178241881854121  0.68539588198900259  0.97114858561584994
10577    3.9845971496227861  0.47382209009657461  0.8880174820764325
10578    4.0273899907845205  0.24416288113282936  0.83531518098688406
10579    4.0430529430764608  0.0099381557268735585  0.81736041491776013
10580    3.5501404552379356  0.69548219506342146  0.40738302642213775
10581    3.6286685879457696  0.48098978763091638  0.33358181479598026
10582    3.6765397999407452  0.24813318679296764  0.28563268802256669
10583    3.6931597318600899  0.0067296778311776786  0.26908284333109567
10584    3.4075435035726858  0.7119870650233634  -0.17989595594546476
10585    3.5014258636193376  0.49251656924964843  -0.24136168618303197
10586    3.557974502515914  0.25440310373636299  -0.28155204916497983
10587    3.5771873486391899  0.0048846872182239098  -0.29533079544455659
10588    3.3148534130621177  0.73318695741924711  -0.86313534527878855
10589    3.4223643679016784  0.50555615014665067  -0.91162080409772461
10590    3.4895066923015183  0.25915565661897216  -0.94091122184155251
10591    3.5129205905847583  0.0032679439065567695  -0.95007890774125947
10592    4.06939029316759  0.90578944166154907  0.6903850991554048
10593    4.1586505963975933  0.62659298346900039  0.57721816158783645
10594    4.2122750628816776  0.32398679383102486  0.5064637406108119
10595    4.2309540369382272  0.0096072657993691111  0.48261840592445204
10596    3.646036877269363  0.91759374228975732  0.14241768551352399
10597    3.7585167255902161  0.63612146296686944  0.042213413949970739
10598    3.8204917699198004  0.33132379086901831  -0.02084286540154642
10599    3.8400956936925379  0.00595164888420395  -0.042109301440549821
10600    3.4503260615347724  0.93838739472339938  -0.40661578265458082
10601    3.5967655725531062  0.65156305626502042  -0.48865426613286539
10602    3.6778313123348201  0.34149766370214174  -0.53880928177762077
10603    3.7032420574631235  0.003734617761826875  -0.55513176367778916
10604    3.3358114915581165  0.96760237831785689  -1.0218104907094443
10605    3.5207188360074007  0.67003459932420717  -1.0833321049291333
10606    3.6334937877449041  0.3492641019853594  -1.1153632169418877
10607    3.6720129167229709  0.0020912422549195231  -1.1238658592988566
10608    4.220956398149764  1.1261830013340957  0.4096216126949595
10609    4.3327040431723942  0.77936387684142616  0.26641884109924047
10610    4.3971601349788312  0.40381070652922013  0.17761230023473915
10611    4.4188551307999919  0.0092763758718646012  0.14787639693114402
10612    3.7419332993007917  1.1397052895160931  -0.12254765539508981
10613    3.8883648632346626  0.79125313830282207  -0.24915498689603877
10614    3.9644437398988552  0.41451439494506892  -0.3273184188256596
10615    3.9870316555249854  0.0051736199372302838  -0.35330144621219539
10616    3.4931086194968599  1.1647877244234355  -0.63333560936369693
10617    3.6921052814868762  0.8106095432803927  -0.73594684608269867
10618    3.7976881221537262  0.42859222366792066  -0.79606651439026188
10619    3.8292967662870576  0.0025845483054299789  -0.81493273191102156
10620    3.3567695700541158  1.2020177992164665  -1.1804856361400993
10621    3.6190733041131233  0.83451304850176333  -1.2550434057605415
10622    3.7774808831882898  0.43937254735174658  -1.2898152120422217
10623    3.831105242861184  0.00091454060328244324  -1.2976528108564538
10624    4.3725225031319432  1.346576561006642  0.1288581262345142
10625    4.5067574899472014  0.9321347702138516  -0.044380479389355756
10626    4.5820452070759892  0.48363461922741552  -0.15123914014133336
10627    4.6067562246617602  0.0089454859443600689  -0.18686561206216404
10628    3.8378297213322172  1.3618168367424284  -0.38751299630370373
10629    4.0182130008791095  0.94638481363877491  -0.54052338774204856
10630    4.1083957098779091  0.49770499902111992  -0.63379397224977274
10631    4.1339676173574365  0.0043955909902564649  -0.66449359098384075
10632    3.5358911774589461  1.3911880541234716  -0.86005543607281298
10633    3.787444990420644  0.96965603029576475  -0.98323942603253234
10634    3.9175449319726319  0.51568678363369946  -1.0533237470029031
10635    3.9553514751109908  0.0014344788490328053  -1.0747337001442541
10636    3.3777276485501142  1.4364332201150765  -1.3391607815707551
10637    3.7174277722188456  0.9989914976793195  -1.4267547065919499
10638    3.9214679786316768  0.52948099271813387  -1.4642672071425562
10639    3.9901975689993954  -0.00026216104835530274  -1.4714397624140512
10640    4.0297189302930398  -0.22510339388242878  0.83801986605169598
10641    3.9893092228275817  -0.45700939888018843  0.89482688830589407
10642    3.9243565719842692  -0.67195444377326019  0.98260022185275975
10643    3.8373937290672853  -0.85611311306849913  1.0961586068646976
10644    3.6782312396224008  -0.23542027531933243  0.28836805052704084
10645    3.6320155414508726  -0.47021745846178054  0.34007865332924531
10646    3.5547558214396311  -0.68739646092207118  0.41799370983695544
10647    3.4466952636828112  -0.87669187202610921  0.51589227814941785
10648    3.5589925097977089  -0.24539119828671463  -0.2789488645264338
10649    3.5032927131911502  -0.4853181229629368  -0.23569855232385112
10650    3.4100478162830261  -0.70696964637953197  -0.17100564400292459
10651    3.2792176765368435  -0.90241932810558956  -0.090295924729768717
10652    3.4901319664469939  -0.25321476125264269  -0.9385806554100119
10653    3.4232812349582988  -0.50100245751098038  -0.90701674645691921
10654    3.3159303675035594  -0.73021601588356855  -0.85617472210691969
10655    3.1716413354676485  -0.93097630738551951  -0.78684212358494765
10656    4.2149797163549474  -0.30600630109887739  0.50959508340563464
10657    4.1637993370437423  -0.61141094634738091  0.58466719973063719
10658    4.0768358005092997  -0.89361478541053052  0.70237207579868532
10659    3.9535120082563067  -1.1396259337527137  0.8572470325090038
10660    3.8220226773980026  -0.32181707026765943  -0.017665895820327928
10661    3.7609835063277739  -0.63114835167603611  0.049547722538437255
10662    3.650136771119294  -0.91530708916699566  0.15388396383513331
10663    3.4826410624100088  -1.1675581765666065  0.28969523826914712
10664    3.6781208187095324  -0.33768847892975878  -0.53576630060475006
10665    3.5963338970351151  -0.6542446921274403  -0.48200945572191112
10666    3.4507150043074368  -0.94365662367564151  -0.3966401247062557
10667    3.2340978523940573  -1.2036468754187861  -0.28243720323476867
10668    3.6330611780530018  -0.34918924112325594  -1.1126297832533847
10669    3.5184645832924328  -0.67706138739594057  -1.0777963625003359
10670    3.3336612870626885  -0.97689300759548026  -1.0138550632531604
10671    3.0840894439851834  -1.2440519127542191  -0.91529535172530441
10672    4.4002405024168549  -0.38690920831532577  0.18117030075957313
10673    4.3382894512599037  -0.76581249381457384  0.27450751115538025
10674    4.229315029034332  -1.1152751270478007  0.42214392974461107
10675    4.069630287445329  -1.4231387544369272  0.61833545815330926
10676    3.9658141151736048  -0.40821386521598646  -0.32369984216769671
10677    3.889951471204677  -0.79207924489029191  -0.2409832082523708
10678    3.7455177207989565  -1.14321771741192  -0.11022578216668881
10679    3.5185868611372064  -1.4584244811071039  0.063498198388876284
10680    3.797249127621356  -0.42998575957280322  -0.7925837366830667
10681    3.6893750808790799  -0.82317126129194407  -0.72832035911997084
10682    3.4913821923318471  -1.1803436009717512  -0.6222746054095869
10683    3.1889780282512707  -1.5048744227319815  -0.47457848173976847
10684    3.7759903896590092  -0.44516372099386919  -1.2866789110967567
10685    3.6136479316265651  -0.85312031728090099  -1.248575978543754
10686    3.3513922066218185  -1.2235699993073919  -1.1715354043994011
10687    2.9965375525027182  -1.5571275181229178  -1.0437485798656609
10688    4.5855012884787598  -0.46781211553177438  -0.14725448188648829
10689    4.5127795654760634  -0.92021404128176654  -0.035652177419876675
10690    4.3817942575593625  -1.3369354686850707  0.14191578369053659
10691    4.185748566634353  -1.7066515751211417  0.37942388379761544
10692    4.109605552949203  -0.49461066016431349  -0.62973378851506545
10693    4.0189194360815774  -0.9530101381045476  -0.5315141390431789
10694    3.8408986704786194  -1.3711283456568439  -0.3743355281685109
10695    3.5545326598644031  -1.749290785647601  -0.16269884149139452
10696    3.9163774365331796  -0.52228304021584737  -1.0494011727613828
10697    3.7824162647230453  -0.99209783045644762  -0.97463126251803078
10698    3.5320493803562578  -1.4170305782678605  -0.84790908611291804
10699    3.143858204108485  -1.8061019700451784  -0.66671976024476864
10700    3.9189196012650154  -0.54113820086448272  -1.4607280389401298
10701    3.7088312799607004  -1.0291792471658616  -1.419355594587171
10702    3.3691231261809467  -1.470246991019303  -1.3292157455456428
10703    2.908985661020254  -1.8702031234916177  -1.1722018080060179
10704    3.7318798410443024  -1.0052626588082132  1.2403830264142852
10705    3.6125652027438351  -1.1200757972499709  1.4125724778356974
10706    3.4839192872613252  -1.1940703092235174  1.5961727226937428
10707    3.3504115676922135  -1.2207639755585991  1.7746295225532291
10708    3.3177137760850997  -1.0313833292865495  0.64209253629791974
10709    3.1770759694367738  -1.1482359760808643  0.79680513566498257
10710    3.024102082160355  -1.2222126605321844  0.96164784437670725
10711    2.8581123526783609  -1.2482762307636404  1.1182384305591953
10712    3.1229371702942177  -1.0630023129020076  0.013961975694513008
10713    2.9525470733436241  -1.1826636232824337  0.14257769109633023
10714    2.7668160923188867  -1.2573916354450805  0.28004283175083838
10715    2.5645129338538255  -1.2831747255881618  0.41084900793319312
10716    2.9953272572539769  -1.0951589408524542  -0.70117044844606236
10717    2.7946385522927741  -1.2181246160384505  -0.60336429093209931
10718    2.5772431435092211  -1.2952218403363112  -0.4972908372981602
10719    2.350808953828496  -1.3217991211388394  -0.38681727379934505
10720    3.8100467860989933  -1.3403055115077205  1.0504565593926252
10721    3.6569164729863268  -1.4911434242095833  1.277560720835951
10722    3.484930240125105  -1.5860909654230551  1.5246902000212659
10723    3.2848972587221192  -1.6190994287128875  1.7779756801308546
10724    3.2981996049909301  -1.3740261083445118  0.4598201763779371
10725    3.1163089249131568  -1.5236615573625272  0.66459494311138745
10726    2.899817564704267  -1.6139686850349833  0.89461825028752884
10727    2.6115740668918352  -1.6424516527762096  1.1404888097243928
10728    2.993785176559562  -1.4155733139058515  -0.13813456864786963
10729    2.7503651665786446  -1.5632806351497959  0.038287830932174263
10730    2.4565997160840509  -1.6482216851910123  0.24518199365561125
10731    2.0652507187085227  -1.671849310069893  0.48089991767268936
10732    2.7851350624543749  -1.4577707398654913  -0.78821167117883395
10733    2.4406066411282774  -1.6030863876580426  -0.63673610658102719
10734    2.0385760700237019  -1.6840730597673352  -0.45241458670314516
10735    1.5671152391574572  -1.70480495982883  -0.2267930403164482
10736    3.8882137311536842  -1.6753483642072267  0.86053009237096445
10737    3.7012677432288204  -1.8622110511691965  1.1425489638362032
10738    3.4859411929888844  -1.9781116216225929  1.4532076773487885
10739    3.2193829497520254  -2.0174348818671763  1.7813218377084801
10740    3.278685433896761  -1.716668887402474  0.27754781645795396
10741    3.0555418803895407  -1.8990871386441905  0.53238475055779233
10742    2.7755330472481794  -2.0057247095377817  0.82758865619835098
10743    2.3650357811053118  -2.0366270747887789  1.162739188889589
10744    2.8646331828249059  -1.768144314909694  -0.29023111299025228
10745    2.5481832598136651  -1.9438976470171578  -0.066002029231981646
10746    2.1463833398492156  -2.0390517349369439  0.21032115556038405
10747    1.5659885035632204  -2.0605238945516242  0.55095082741218526
10748    2.574942867654773  -1.8203825388785284  -0.87525289391160566
10749    2.0865747299637811  -1.9880481592776349  -0.67010792222995452
10750    1.4999089965381813  -2.0729242791983591  -0.40753833610813006
10751    0.78342152448641844  -2.087810798518821  -0.066768806833551686
10752    3.9663806762083773  -2.0103912169067346  0.67060362534930384
10753    3.7456190134713121  -2.233278678128809  1.007537206836457
10754    3.4869521458526629  -2.370132277822131  1.3817251546763112
10755    3.1538686407819303  -2.4157703350214654  1.7846679952861051
10756    3.259171262802592  -2.0593116664604363  0.095275456537971148
10757    2.9947748358659232  -2.2745127199258528  0.40017455800419716
10758    2.6512485297920914  -2.3974807340405802  0.76055906210917257
10759    2.1184974953187856  -2.4308024968013462  1.1849895680547864
10760    2.7354811890902488  -2.1207153159135381  -0.44232765733263524
10761    2.3460013530486861  -2.3245146588845205  -0.17029188939613776
10762    1.83616696361438  -2.4298817846828755  0.17546031746515695
10763    1.0667262884179172  -2.4491984790333552  0.62100173715168161
10764    2.3647506728551724  -2.1829943378915648  -0.96229411664437692
10765    1.7325428187992851  -2.3730099308972283  -0.70347973787888307
10766    0.9612419230526621  -2.4617754986293825  -0.36266208551311474
10767    -0.00027219018461988043  -2.4708166372088103  0.093255426649345274
10768    3.2188522256491305  -1.1955665709937551  1.9530998641482884
10769    3.0945161521289433  -1.1229973748842892  2.1363648949187808
10770    2.9795698843034493  -1.0102384249850922  2.3073066174881141
10771    2.8761799593444444  -0.86447175905105367  2.4488070344796915
10772    2.6937472119376058  -1.2228099629059159  1.2746457468279737
10773    2.5444075418297456  -1.1493045094736638  1.4388155988390852
10774    2.4075542571945485  -1.0333837831659642  1.5921811842794231
10775    2.280648272871785  -0.8806716966818996  1.7161757008358762
10776    2.3633739184276203  -1.2574496702746216  0.54137174208971262
10777    2.1803008845589802  -1.1830301263611234  0.67803899041228977
10778    2.0128108159409743  -1.0639697904864633  0.80542101379447872
10779    1.8584206962666772  -0.90432235928943672  0.90808807312982787
10780    2.1250989410828445  -1.2949896238745104  -0.27646869094552806
10781    1.9094102406328921  -1.2180275994517997  -0.17080117687143204
10782    1.7107120416962864  -1.095413183483511  -0.073728414269366271
10783    1.5359735334906897  -0.93164651158244782  0.01083591416834917
10784    3.1238854785915069  -1.5860511496648215  2.0489130489778704
10785    2.9676157696928103  -1.4925701963837246  2.3011403031681557
10786    2.8227237435355326  -1.3435982688206993  2.5286015873456011
10787    2.6958450116291655  -1.1440770669268476  2.7252410461540921
10788    2.4520178954871659  -1.6075414830106265  1.4458696310458958
10789    2.2944893521609853  -1.515762108439106  1.6996468913746565
10790    2.148298828200677  -1.3651660402351649  1.9149750082489843
10791    2.0227567148936241  -1.1538057895723262  2.1050083992071844
10792    1.9084776164477573  -1.6348697230724403  0.82457316869850483
10793    1.7526106516136086  -1.544335368878915  1.0883681850713558
10794    1.6080420427697892  -1.3916586017024806  1.3000308845481807
10795    1.4851640084800142  -1.1682517757563011  1.4873071848859136
10796    1.4167744802741793  -1.665404403827019  0.14433720611693615
10797    1.273030864677527  -1.5721792534094141  0.43479870815670912
10798    1.1405675762641385  -1.4152999993950397  0.6669082690088235
10799    1.0240677989306588  -1.1849371326029248  0.86298269187922561
10800    3.0289187315338806  -1.9765357283358873  2.1447262338074529
10801    2.8407153872566786  -1.8621430178831595  2.465915711417531
10802    2.6658776027676137  -1.6769581126563067  2.7498965572030873
10803    2.5155100639138852  -1.4236823748026417  3.0016750578284936
10804    2.2102885790367255  -1.9922730031153368  1.6170935152638177
10805    2.0445711624922249  -1.8822197074045464  1.9604781839102283
10806    1.889043399206805  -1.696948297304365  2.2377688322185456
10807    1.7648651569154634  -1.4269398824627531  2.4938410975784935
10808    1.453581314467894  -2.0122897758702587  1.107774595307297
10809    1.3249204186682371  -1.9056406113967057  1.4986973797304217
10810    1.2032732695986044  -1.7193474129184987  1.7946407553018822
10811    1.1119073206933519  -1.4321811922231651  2.0665262966419999
10812    0.70845001946551256  -2.0358191837795276  0.56514310317940031
10813    0.63665148872216304  -1.9263309073670285  1.0403985931848503
10814    0.57042311083199104  -1.7351868153065693  1.4075449522870134
10815    0.5121620643706275  -1.438227753623402  1.715129469590102
10816    2.9339519844762574  -2.3670203070069538  2.2405394186370344
10817    2.7138150048205465  -2.2317158393825949  2.6306911196669054
10818    2.5090314619996965  -2.0103179564919142  2.9711915270605749
10819    2.3351751161986058  -1.703287682678436  3.2781090695028929
10820    1.9685592625862858  -2.3770045232200476  1.7883173994817403
10821    1.794652972823465  -2.2486773063699874  2.2213094764457995
10822    1.6297879702129339  -2.0287305543735656  2.560562656188107
10823    1.5069735989373023  -1.7000739753531799  2.8826737959498021
10824    0.99868501248803043  -2.3897098286680767  1.3909760219160896
10825    0.89723018572286595  -2.2669458539144975  1.9090265743894881
10826    0.79850449642741972  -2.0470362241345157  2.2892506260555843
10827    0.73865063290668909  -1.6961106086900295  2.6457454083980863
10828    0.00012555865684693579  -2.4062339637320367  0.98594900024186449
10829    0.00027211276679794949  -2.2804825613246416  1.6459984782129915
10830    0.00027864539984356895  -2.0550736312180984  2.1481816355652028
10831    0.00025632981059597881  -1.6915183746438796  2.5672762473009776
10832    2.7901536417363189  -0.6842679360315036  2.5589991910586991
10833    2.7267447273395575  -0.47249717334057068  2.6439187089646849
10834    2.6872895503901035  -0.2427909964303418  2.6983014556825968
10835    2.673124445123896  -0.0087809307529045609  2.7168832986973825
10836    2.1737792296862568  -0.69397382181628509  1.8112996217093931
10837    2.0981859995338681  -0.47903137851174543  1.8863726402445975
10838    2.0530533438610505  -0.24587175168907094  1.9353067843438672
10839    2.0375660241142386  -0.0045223262690533561  1.9520140819095841
10840    1.7289582261488392  -0.71021667104425701  0.98680746762133909
10841    1.6373291372600229  -0.49009227175241088  1.0490941472974284
10842    1.5826674598830466  -0.25146891964359125  1.0896398492897232
10843    1.5641072243007217  -0.0018663729474932833  1.1031363107298566
10844    1.393042144065197  -0.7315148045175619  0.078835912962838706
10845    1.2870858329334725  -0.50318554266224436  0.12813247627880414
10846    1.2210545865100713  -0.25622925103593575  0.15768710588922075
10847    1.1978983912095444  -0.00021645465807956787  0.16646130356707312
10848    2.5920274216653909  -0.89931506700310293  2.8841435890290974
10849    2.5138487507412774  -0.61986665757965853  3.0006142909972633
10850    2.464239504474413  -0.31854240695150726  3.0719275450892543
10851    2.4461301884823756  -0.0081528834136426268  3.0953577443357299
10852    1.9213633009474127  -0.89704286384542031  2.262167720077084
10853    1.8439436672506899  -0.61557518207007833  2.3714330164036728
10854    1.7942953933624393  -0.3154598728510245  2.4347977903009959
10855    1.776216058841646  -0.0027540647929839429  2.4542555438830993
10856    1.3865694860050339  -0.89892515981455368  1.6417764375906214
10857    1.3107332635337701  -0.61420012398161916  1.7417532667234448
10858    1.2618703360222074  -0.31405567446596816  1.7950864988739132
10859    1.2441956984263269  0.0015291825239284323  1.8096249606315593
10860    0.92876993406533881  -0.90807508882986576  1.0140229548962738
10861    0.85810719923930789  -0.61785518650216065  1.1049240443388229
10862    0.81405500262353414  -0.31368324038310058  1.1488437756385226
10863    0.79858875238898774  0.0050349347640249176  1.1589399642270271
10864    2.3939012015944634  -1.1143621979747023  3.209287986999497
10865    2.300952774143  -0.76723614181874644  3.3573098730298443
10866    2.2411894585587224  -0.39429381747267245  3.4455536344959135
10867    2.2191359318408566  -0.0075248360743807169  3.4738321899740781
10868    1.6689473722085684  -1.1001119058745557  2.7130358184447747
10869    1.5897013349675122  -0.75211898562841117  2.8564933925627489
10870    1.5355374428638286  -0.38504799401297835  2.9342887962581266
10871    1.5148660935690546  -0.00098580331691452278  2.9564970058566153
10872    1.0441807458612287  -1.0876336485848503  2.2967454075599032
10873    0.98413738980751719  -0.73830797621082767  2.4344123861494604
10874    0.94107321216136797  -0.37664242928834507  2.5005331484581035
10875    0.92428417255193085  0.0049247379953502313  2.5161136105332615
10876    0.46449772406548068  -1.0846353731421696  1.9492099968297087
10877    0.42912856554514289  -0.73252483034207716  2.081715612398841
10878    0.40705541873699713  -0.37113722973026542  2.1400004453878241
10879    0.39927911356843104  0.010286324186129459  2.1514186248869809
10880    2.1957749815235355  -1.329409328946302  3.534432384969894
10881    2.08805679754472  -0.91460562605783446  3.7140054550624226
10882    2.0181394126430314  -0.47004522799383819  3.81917972390257
10883    1.9921416751993366  -0.0068967887351188244  3.8523066356124263
10884    1.4165314434697236  -1.3031809479036904  3.1639039168124645
10885    1.3354590026843345  -0.88866278918674446  3.3415537687218246
10886    1.2767794923652176  -0.45463611517493197  3.4337798022152546
10887    1.2535161282964626  0.00078245815915493899  3.4587384678301309
10888    0.70179200571742351  -1.2763421373551476  2.9517143775291865
10889    0.65754151608126421  -0.86241582844003606  3.1270715055754779
10890    0.62027608830052872  -0.43922918411072198  3.2059797980422937
10891    0.60437264667753532  0.0083202934667719886  3.2226022604349644
10892    0.0002255140656225868  -1.261195657454474  2.8843970387631446
10893    0.00014993185097800232  -0.84719447418199323  3.0585071804588604
10894    5.5834850460789731e-05  -0.42859121907743036  3.1311571151371256
10895    -3.0525252125990221e-05  0.015537713608233861  3.1438972855469354
10896    2.6834230049412255  0.22605262415481867  2.6940825991104531
10897    2.7171905861504055  0.4580113490352184  2.6328093640183927
10898    2.7755111673494102  0.67313683885517572  2.5405369298989093
10899    2.8594687271362114  0.85747068858157138  2.4247386332297096
10900    2.0500029282155574  0.23744478246600642  1.9309219827844053
10901    2.0908632023338103  0.47222889194260181  1.8757241884050044
10902    2.1626619952854362  0.68945976630312966  1.7942321040647937
10903    2.2679144558868733  0.87876716968998714  1.6942571350571796
10904    1.5805510886875982  0.24826313753306614  1.0853081506254327
10905    1.6326150109183806  0.48813609702581651  1.0396075417884996
10906    1.7220029708260847  0.70973582134687407  0.97231755205736681
10907    1.8504189482437279  0.90504562631235697  0.8897212492703418
10908    1.2196117164217477  0.25615526870092464  0.15369365222847292
10909    1.2843540595065708  0.50391180842446204  0.12017912617489987
10910    1.3893229488335646  0.73306784022374982  0.067213814257404816
10911    1.5317159127722852  0.9336380398100077  -0.003906194672965102
10912    2.4603879561274722  0.30294140512707035  3.0675036366344726
10913    2.5050346003935435  0.6061651805585917  2.9897943506454676
10914    2.578732586330474  0.88838571927816545  2.8667498505426852
10915    2.6801443789881492  1.1364702976830332  2.7028901005000865
10916    1.7913767601937791  0.31047165516943409  2.4300095415524847
10917    1.8372212067762741  0.61186006389660696  2.3605266167524164
10918    1.9112058974260635  0.89492407847628974  2.2451956251580847
10919    2.0107873309800768  1.1531766159962369  2.0834054224446743
10920    1.2600340463849813  0.3175285222722054  1.7900885135447342
10921    1.3065806636627766  0.61849437869616863  1.7312551396545208
10922    1.3803564274043003  0.90381468353709971  1.6260608462895592
10923    1.4778822147541386  1.1728773685362808  1.4674416407784836
10924    0.81304384311745004  0.32391407369571079  1.1439196729781187
10925    0.85618881638016264  0.62824979930858393  1.0951529916465581
10926    0.92614880083225515  0.91815762904954235  0.9997922759854817
10927    1.0210489251288577  1.1937530803654846  0.84498988174802314
10928    2.2373529073137193  0.37983018609932206  3.4409246741584916
10929    2.2928786146366815  0.7543190120819655  3.3467793372725425
10930    2.3819540053115382  1.1036345997011552  3.192962771186457
10931    2.5008200308400856  1.4154699067844951  2.9810415677704629
10932    1.5327505921720006  0.38349852787286159  2.9290971003205648
10933    1.5835792112187388  0.75149123585061217  2.8453290450998274
10934    1.6597497995666912  1.1003883906494498  2.6961591462513743
10935    1.7536602060732784  1.4275860623024867  2.4725537098321699
10936    0.93951700408236405  0.38679390701134458  2.4948688764640354
10937    0.98054631640717294  0.74885266036652076  2.4229027375205425
10938    1.0387098839825153  1.0978935457273253  2.2798041405217511
10939    1.1053454812645493  1.4407091107602044  2.0451620322866253
10940    0.40647596981315209  0.39167287869049705  2.1341456937277652
10941    0.42802357325375484  0.75258779019270605  2.0701268571182161
10942    0.46297465283094563  1.1032474178753349  1.9323707377135586
10943    0.51038193748543037  1.4538681209209621  1.6938859581690113
10944    2.0143178584999659  0.45671896707157361  3.8143457116825115
10945    2.0807226288798191  0.90247284360533919  3.7037643238996178
10946    2.1851754242926029  1.3188834801241445  3.5191756918302319
10947    2.321495682692023  1.6944695158859577  3.2591930350408371
10948    1.2741244241502219  0.45652540057628921  3.4281846590886453
10949    1.3299372156612028  0.89112240780461749  3.3301314734472403
10950    1.4082937017073185  1.3058527028226099  3.1471226673446653
10951    1.4965330811664808  1.7019955086087368  2.8617019972196656
10952    0.61899996177974703  0.45605929175048382  3.1996492393833376
10953    0.65451196915156906  0.879210942036873  3.114550335386566
10954    0.69706334056073072  1.2919724079175507  2.9335474347539434
10955    0.73280874777495997  1.7085408529841282  2.6228824237947665
10956    -9.1903491146003158e-05  0.4594316836852832  3.1243717144774106
10957    -0.00014166987265318287  0.87692578107682817  3.0451007225898752
10958    -0.00019949517036388364  1.2883372067011265  2.8649491994416358
10959    -0.00028505015799717981  1.7139831614764383  2.542782034590001
10960    2.9634171862798282  1.0065276229157794  2.2795944726355897
10961    3.079271595309677  1.1209757793107342  2.1058540324418527
10962    3.2044576274643291  1.1945868718606545  1.9208450276769844
10963    2.3952466896240754  1.0331396934807411  1.5669924518586611
10964    2.5329974063104963  1.1493528756086213  1.4110191878216107
10965    2.6832506612538363  1.222716900049521  1.2452306925532717
10966    2.0050663954278107  1.065111542245857  0.78423899031056932
10967    2.1733625852480576  1.183920916016306  0.654619385485118
10968    2.3573322284573348  1.2578690382578266  0.51663788276821876
10969    1.7065526371281283  1.0972428151662841  -0.090956236847792152
10970    1.9058343292492832  1.2193243746343527  -0.18982845297984524
10971    2.1222307998195205  1.2956300944635173  -0.29640196093978177
10972    2.8064417354904703  1.3387125587379112  2.5030663535931654
10973    2.9511460331706312  1.4893906097198364  2.2732993447387821
10974    3.1074441673924498  1.5843484234945295  2.019863260872969
10975    2.1359052680369555  1.3651226577549564  1.8903537726468029
10976    2.2819383393359964  1.5154681178661953  1.6731038904816429
10977    2.4395013489251167  1.6070273126405676  1.4188428076482364
10978    1.6005440079757383  1.3950130237012635  1.2772641780935639
10979    1.7450970592360213  1.5460947248871462  1.0639560206262129
10980    1.9011161505348009  1.6353241326065264  0.80029453683379703
10981    1.1375489202867435  1.4217312628801266  0.64587956044062178
10982    1.2703294232608779  1.5758115658629248  0.41183661993531306
10983    1.4145469216136974  1.6666459262293856  0.12137575053365901
10984    2.649466284701111  1.670897494560043  2.7265382345507425
10985    2.8230204710315845  1.8578054401289383  2.4407446570357112
10986    3.0104307073205714  1.9741099751284046  2.1188814940689529
10987    1.8765638464498349  1.697105622029172  2.2137150934349448
10988    2.0308792723614961  1.8815833601237693  1.9351885931416746
10989    2.1957520365963972  1.991337725231614  1.5924549227432008
10990    1.1960216205236667  1.7249145051566692  1.7702893658765584
10991    1.3168315332239859  1.9082685337579859  1.4732926557673078
10992    1.4449000726122656  2.0127792269552254  1.0839511908993757
10993    0.56854520344535942  1.7462197105939685  1.3827153577290359
10994    0.6348245172724728  1.9322987570914958  1.0135016928504712
10995    0.7068630434078762  2.0376617579952536  0.53915346200709946
10996    2.4924908339117535  2.0030824303821757  2.9500101155083187
10997    2.6948949088925396  2.2262202705380401  2.6081899693326407
10998    2.9134172472486939  2.3638715267622801  2.2178997272649368
10999    1.6172224248627143  2.0290885863033878  2.5370764142230859
11000    1.7798202053869967  2.2476986023813428  2.1972732958017067
11001    1.9520027242676774  2.3756481378226613  1.766067037838166
11002    0.79149923307159431  2.054815986612077  2.2633145536595527
11003    0.88856600721194989  2.2704423426288263  1.8826292909084024
11004    0.98868399468973145  2.3902343213039248  1.3676078449649542
11005    -0.00045851339602531738  2.0707081583078102  2.11955115501745
11006    -0.00068038871593256722  2.2887859483200685  1.6151667657656301
11007    -0.00082083479794592407  2.4086775897611217  0.95693117348054102
11008    -3.3256894517329321  1.2209416038504646  1.752623366800159
11009    -3.1948781961031707  1.1981784460820655  1.9316937029425287
11010    -3.0724257699427264  1.1287377921370607  2.1163206433498587
11011    -2.9598212490945595  1.0192185145145849  2.2889283732572956
11012    -2.8585537094016287  0.87621948571377173  2.4319410778999879
11013    -2.8381788072121692  1.248409837399882  1.0981536762494106
11014    -2.6744765311831742  1.2253531184899553  1.2549576835560594
11015    -2.5266948675124206  1.155053464271756  1.420244611972683
11016    -2.3917589304928613  1.0423836018699728  1.5751400492428727
11017    -2.2665938344174483  0.89221625840929664  1.7007695831102212
11018    -2.5503031573396471  1.2832634207579194  0.39389153356363255
11019    -2.3496977472977858  1.2597159392281467  0.52455848978288255
11020    -2.167760196166729  1.1881234414844513  0.66198981725511041
11021    -2.0016661930257826  1.0718691510510596  0.79065737293436322
11022    -1.8485914269542545  0.91433629145220097  0.89503301377469113
11023    -2.3416619353561368  1.3218499491968694  -0.40052464875612648
11024    -2.1163120687087362  1.2968764817204481  -0.29021955182824044
11025    -1.9013144436673113  1.222049921366019  -0.18410890050252177
11026    -1.7035230126791394  1.1015199390009345  -0.086022148536387955
11027    -1.5297917281915021  0.9394362054925478  0.00021125031274749073
11028    -3.2618929612422107  1.619248297315647  1.7527464663455621
11029    -3.1015762096423809  1.5892732820077027  2.0238796661297274
11030    -2.9470311035829675  1.4996325042993848  2.2776050863920148
11031    -2.8043576841062343  1.3545631294140785  2.5073108572392719
11032    -2.6796559922544425  1.1583023225751667  2.7063851087783442
11033    -2.593150818739034  1.642567682636181  1.1169689871883239
11034    -2.4342199281114043  1.6104755293166  1.4215643619282241
11035    -2.2782140775417385  1.5227216594922806  1.6765091098436982
11036    -2.1339055294847071  1.3763740170381686  1.8941472874974639
11037    -2.0100665463949845  1.168500545829213  2.0868229514522425
11038    -2.0529261099623035  1.6719298121312933  0.46063689007350728
11039    -1.8966079186626288  1.6373376088042884  0.80241298396043981
11040    -1.7418403679653633  1.5506282404732321  1.066757856749954
11041    -1.5985957357106888  1.4021599240595808  1.2805092384310848
11042    -1.4768462997387866  1.1822908764847933  1.4705048589928675
11043    -1.5613579603448611  1.704848013090875  -0.24296753756802086
11044    -1.4111483240718079  1.6674768510673397  0.12549735660802014
11045    -1.2677697586835199  1.5776285970173689  0.41564965492019645
11046    -1.1358348462514354  1.4245826787698943  0.64916895264822638
11047    -1.0199561688470011  1.1976185241538464  0.84773484507183294
11048    -3.1980964707514894  2.0175549907808294  1.7528695658909648
11049    -3.0082742231815907  1.9803681179333392  2.1160656293169247
11050    -2.8216364372232081  1.8705272164617091  2.4388895294341717
11051    -2.6488941191179087  1.6899077443135719  2.7256933412212483
11052    -2.5007582751072581  1.4403851594365615  2.9808291396566995
11053    -2.3481228302658979  2.0367255278724801  1.135784298127237
11054    -2.1939633250396358  1.9955979401432451  1.5881710403003888
11055    -2.0297332875710552  1.8903898547128049  1.9327736077147131
11056    -1.8760521284765528  1.710364432206364  2.2131545257520555
11057    -1.7535392583725204  1.4447848332491293  2.4728763197942634
11058    -1.55554906258496  2.0605962035046672  0.52738224658338195
11059    -1.4435180900274724  2.01495927838043  1.0802674781379966
11060    -1.3159205397639988  1.913133039462013  1.4715258962447983
11061    -1.1955252783955947  1.7324506970681017  1.7703611039278058
11062    -1.1051011725233182  1.4502454615173854  2.0459767042110437
11063    -0.7810539853335865  2.0878460769848806  -0.08541042637991525
11064    -0.70598457943488091  2.0380772204142312  0.5412142650442805
11065    -0.63422507369972747  1.9332072726687195  1.015408210342915
11066    -0.56814667982373102  1.747645418538855  1.3843600538328411
11067    -0.51012060950249927  1.4558008428151452  1.6952584398309192
11068    -3.1342999802607672  2.4158616842460114  1.7529926654363679
11069    -2.9149722367208004  2.371462953858976  2.2082515925041242
11070    -2.6962417708634492  2.2414219286240331  2.6001739724763278
11071    -2.4934305541295831  2.0252523592130651  2.9440758252032238
11072    -2.3218605579600728  1.7224679962979568  3.2552731705350548
11073    -2.1030948417927622  2.4308833731087791  1.1545996090661503
11074    -1.9537067219678654  2.3807203509698902  1.7547777186725539
11075    -1.7812524976003732  2.2580580499333296  2.1890381055857282
11076    -1.6181987274683987  2.0443548473745592  2.5321617640066472
11077    -1.497011970350056  1.7210691206690458  2.8589296881362856
11078    -1.0581720152076166  2.4492625948780411  0.59412760309325674
11079    -0.9904282613923151  2.3925809479565712  1.358121972315554
11080    -0.89000071156263361  2.2756378384507943  1.876293935739642
11081    -0.79245482108050125  2.0627414700766229  2.2602129694245279
11082    -0.73335604530785048  1.7182000465499776  2.6214485494292208
11083    -2.7759564524588036  0.69832301069461922  2.5449410420133272
11084    -2.7179513130683737  0.48857441497068832  2.6346702644029878
11085    -2.6839101668844285  0.26026710187145347  2.694292501409552
11086    -2.6732048895610556  0.026694474726390107  2.7169715093735998
11087    -2.1624521114875943  0.70755896547694919  1.7986316406015215
11088    -2.0911062707547354  0.49457293880422443  1.8779731406128024
11089    -2.0502613917868615  0.26286143173191556  1.9315424086915216
11090    -2.0376225541519584  0.022027697600816139  1.9520877703851336
11091    -1.7210524182785492  0.72190885329778964  0.97628162738351687
11092    -1.6322896727338516  0.50346487559676156  1.0419892230434609
11093    -1.5805648575126379  0.26612865447186873  1.0862593402213774
11094    -1.5641396398073835  0.017024486045864845  1.1031955183841189
11095    -1.388147712166764  0.74068995171747409  0.070432095819945001
11096    -1.2838344612855703  0.51363383804200613  0.12229481628817268
11097    -1.2195304900726327  0.26760967956800041  0.15469040075188856
11098    -1.1979143130526633  0.011959291397315885  0.16650983824554777
11099    -2.5790551416696057  0.91610791295932559  2.8687988098404542
11100    -2.5056155811981919  0.63878245992328953  2.9903546143994291
11101    -2.4608343546891609  0.33888022396052314  3.0671881802760228
11102    -2.4462085059914687  0.028955465564493247  3.0954351652909886
11103    -1.9111438382008921  0.91435296710574387  2.2474768921015724
11104    -1.8374702274302854  0.63502210274437854  2.3615489452294249
11105    -1.7916471454371405  0.33633454757448716  2.4301317354841769
11106    -1.7762760235754267  0.024116896425442784  2.4543178875141969
11107    -1.3798400777695043  0.91554915901994482  1.6283406969503464
11108    -1.3064567731346468  0.63280275013899967  1.7326006456331291
11109    -1.2601161920923267  0.33391974256773316  1.7906043072520879
11110    -1.2442381409006564  0.018768229031923593  1.8096712840180953
11111    -0.9254983065012975  0.92323903671202501  1.0019377970271741
11112    -0.85593686414793191  0.63473115238694655  1.0965634517220721
11113    -0.81305096121213882  0.33155034760709445  1.1445841719937271
11114    -0.79861971711915447  0.013152098800954998  1.1589723206793396
11115    -2.3821538308804064  1.133892815224032  3.1926565776675808
11116    -2.2932798493280093  0.78899050487589062  3.3460389643958712
11117    -2.2377585424938933  0.4174933460495926  3.4400838591424932
11118    -2.2192121224218817  0.031216456402596411  3.473898821208377
11119    -1.6598355649141898  1.1211469687345386  2.696322143601622
11120    -1.5838341841058363  0.77547126668453237  2.8451247498460477
11121    -1.5330328990874189  0.40980766341705882  2.9287210622768325
11122    -1.5149294929988952  0.026206095250069436  2.9565480046432615
11123    -1.03862773726046  1.1091894647421003  2.2803997665171769
11124    -0.98062387353544245  0.76214062468123767  2.4232120682227971
11125    -0.93966752667201547  0.40171083066359742  2.4949492742827983
11126    -0.92433664199393006  0.020511972017982369  2.5161470496520715
11127    -0.46284890083583147  1.1057881217065757  1.9334434982344035
11128    -0.42803926701029354  0.75582846673188708  2.0708320871559711
11129    -0.40657143235164472  0.39549101564618838  2.1344779432355652
11130    -0.39932512118564512  0.01434490620459411  2.1514348031131312
11131    -2.1852525200912094  1.3516777174887391  3.5165143454947083
11132    -2.0809441174578271  0.93919854982849182  3.7017233143923103
11133    -2.0146827302986252  0.49610646813866244  3.8129795380089639
11134    -1.9922157388522945  0.033477447240699655  3.8523624771257663
11135    -1.4085272916274885  1.3279409703633345  3.1451673951016716
11136    -1.3301981407813863  0.91592043062468653  3.3287005544626713
11137    -1.2744186527376982  0.48328077925963087  3.4273103890694863
11138    -1.2535829624223633  0.028295294074696137  3.4587781217723252
11139    -0.69741539675141584  1.3028297704642553  2.9324588360840069
11140    -0.65479097393623753  0.89147849922347611  3.1138234908124667
11141    -0.61921886125170422  0.46950191875946234  3.1992942413135075
11142    -0.60443514308720325  0.022255715004041249  3.2226228152860474
11143    -2.6869250244761993  -0.2087379790981824  2.6982701959268294
11144    -2.7260195757658097  -0.4420325312847288  2.6422551103918961
11145    -2.7896496102209922  -0.65900741707694888  2.5548454716458133
11146    -2.8769761946328489  -0.84548087171854236  2.4419604985656016
11147    -2.0528654982536603  -0.22053905458339473  1.9348510253723006
11148    -2.0979248419494665  -0.45671369754385671  1.8843295835474678
11149    -2.1738939809881646  -0.67578910053300023  1.8071551857817778
11150    -2.2818663111185438  -0.86705813280325716  1.7099595729463728
11151    -1.5826733489850882  -0.23360992673605699  1.0888389746832532
11152    -1.6375869880438676  -0.47471805739419426  1.0469255689001893
11153    -1.7297847346228603  -0.69794737450402156  0.98310080444655912
11154    -1.8601707663612064  -0.89494534664101422  0.90301018473399131
11155    -1.2211278725167667  -0.24475139901707324  0.15682308266867589
11156    -1.2875256422946091  -0.49340217427696348  0.12621575310177849
11157    -1.3941049342187197  -0.72381978436263827  0.075852336350809985
11158    -1.5378630601216308  -0.92583097925438329  0.0068973192217217094
11159    -2.4639107306518628  -0.28269357322124877  3.0724132863464897
11160    -2.513301926820541  -0.58727416419061806  3.0002602139292511
11161    -2.5916614422516466  -0.87149031760634621  2.8823415362368707
11162    -2.6962686246993108  -1.1220460437311652  2.7220228414669552
11163    -1.7941021630441325  -0.28964232800922179  2.4348198476397167
11164    -1.8436862377331389  -0.59240601862441733  2.3705958080938418
11165    -1.9213527380327469  -0.87752470397343474  2.2601070123942875
11166    -2.0234261543332646  -1.1383489126095661  2.1018147040587607
11167    -1.2618270431070555  -0.29766488517793227  1.7946870467441491
11168    -1.3108094617610233  -0.5998518245167459  1.7405699598367805
11169    -1.386988412373773  -0.88711319087684448  1.6396889658971889
11170    -1.4861669104565216  -1.158769586150556  1.4844130075265689
11171    -0.81406663672769142  -0.30603133903719204  1.148267760158159
11172    -0.85830045091274754  -0.61133294091197321  1.1036462288874733
11173    -0.92932811812393945  -0.90294507539324975  1.0120339038215902
11174    -1.0251565968108904  -1.1810601110508845  0.86035696191481226
11175    -2.2408964368275264  -0.35664916734431495  3.4465563767661487
11176    -2.3005842778752745  -0.73251579709650716  3.3582653174666048
11177    -2.3936732742822993  -1.0839732181357435  3.2098376008279268
11178    -2.5155610547657741  -1.398611215743788  3.002085184368307
11179    -1.5353388278346065  -0.35874560143504858  2.9347886699071313
11180    -1.589447633516812  -0.72809833970497795  2.8568620326402168
11181    -1.668811495077331  -1.0792603074138694  2.7130588390067953
11182    -1.7649859975479858  -1.4096396924158743  2.4936698351711479
11183    -0.94098073722902298  -0.36171984361980764  2.5005351188050455
11184    -0.98403193547817891  -0.72498559163929732  2.4342143507733716
11185    -1.0441920901246862  -1.0762790072496673  2.2962771273478193
11186    -1.1121630545518368  -1.4225938256600978  2.0658158303191465
11187    -0.40700540093861587  -0.36731127905731092  2.139712437647642
11188    -0.42907525953088521  -0.72926370754698278  2.0810767046731682
11189    -0.46455130202915867  -1.0820703664238611  1.9482154712923707
11190    -0.51245013350015056  -1.4362892428473852  1.7138166046079026
11191    -2.0178821430031895  -0.4306047614673813  3.8206994671858094
11192    -2.0878666289300059  -0.87775743000239648  3.7162704210039577
11193    -2.1956851063129541  -1.2964561186651409  3.5373336654189842
11194    -2.334853484832236  -1.6751763877564105  3.2821475272696605
11195    -1.2765754926250785  -0.42784887486087558  3.4347574921745476
11196    -1.3352090293004841  -0.86379066078553868  3.3431282571865917
11197    -1.416270252121913  -1.2809959108543041  3.1660106656193059
11198    -1.5065458407627059  -1.6809304722221829  2.8855249662835361
11199    -0.62013443135099  -0.42577480206168294  3.2063831908659415
11200    -0.65725440919533473  -0.85011935876184919  3.1278587417099653
11201    -0.70139576787559899  -1.2654448236224898  2.9528652887984492
11202    -0.73815919864715229  -1.6864180651696392  2.6472186531117257
11203    -2.9832023058653974  -0.99732460834737158  2.2981294886380796
11204    -3.1017820219370855  -1.1152088276759364  2.1254294929126218
11205    -3.2292530613706645  -1.1921494963098891  1.941101360610068
11206    -3.3621531426888871  -1.2211625808548834  1.762385940951257
11207    -2.4111582272503114  -1.0240350983194095  1.5841017265922877
11208    -2.5512499425556947  -1.1436609602175898  1.4291088918172048
11209    -2.7034805801772528  -1.2203685765072501  1.2638652048122174
11210    -2.8691892632575478  -1.2485908051978434  1.1072548017684229
11211    -2.0164172700977234  -1.0572243574234195  0.79898957140847793
11212    -2.186576306588965  -1.1789632579248599  0.67020485038506783
11213    -2.3721218643506665  -1.2558092179038725  0.53254656147894719
11214    -2.5745279318985612  -1.2834094071189934  0.40190524450530557
11215    -1.7140195397400657  -1.0912259298762483  -0.07871490621359685
11216    -1.9146928997421724  -1.2154783248506402  -0.17692562792911376
11217    -2.1322289623575941  -1.2939401907053729  -0.28338387918770791
11218    -2.3589735498159756  -1.3219635539682608  -0.39373869325225275
11219    -2.8249320740638626  -1.3275986822514687  2.5243453230809489
11220    -2.9722460732757088  -1.4823413675007411  2.2961568793046889
11221    -3.1306684946341146  -1.5812818017123442  2.0435331554823488
11222    -3.2926572104383496  -1.6194276871196425  1.7725497969581021
11223    -2.1504774870275805  -1.353845076098249  1.9111166277689886
11224    -2.2988010845354392  -1.5085685909046513  1.6955656913729897
11225    -2.4583064592874195  -1.6042534329316558  1.4418558831378827
11226    -2.6189031237141007  -1.6426335780821462  1.1366811913307928
11227    -1.6102347983723009  -1.3845180417864622  1.2967013744932026
11228    -1.7565510723379054  -1.5399016739434492  1.0850033480298404
11229    -1.9141224786451927  -1.6330102115793101  0.82142285793434533
11230    -2.0719557635860166  -1.6719333836518344  0.47806383400458508
11231    -1.1425868113600974  -1.4125084969902  0.66358394104600382
11232    -1.2763712289058504  -1.5704797370086423  0.43071574078492136
11233    -1.4214441220194485  -1.6647047817142622  0.13972708062214867
11234    -1.5727397632721929  -1.7049145817151112  -0.23140731995172281
11235    -2.6666618422623278  -1.6578727561555666  2.7505611575238178
11236    -2.8427101246143311  -1.8494739073255455  2.4668842656967551
11237    -3.0320839278975651  -1.9704141071147991  2.145964950354629
11238    -3.2231612781878138  -2.0176927933844016  1.7827136529649468
11239    -1.8897967468048498  -1.683655053877088  2.23813152894569
11240    -2.0463522265151841  -1.8734762215917131  1.962022490928774
11241    -2.2131323383975841  -1.9881382893560631  1.6198465614635471
11242    -2.3686169841706537  -2.0366763509664487  1.166107580893162
11243    -1.2040523266468788  -1.7118117261495045  1.7944131775779275
11244    -1.3265258380868454  -1.9008400899620388  1.4998018456746127
11245    -1.4561230929397186  -2.0102112052547483  1.1102991543897438
11246    -1.5693835952734734  -2.0604573601846754  0.55422242350386419
11247    -0.57115408298012937  -1.7337910641041523  1.4058827883056044
11248    -0.63804955806952823  -1.9254811491666444  1.0383571094989563
11249    -0.71065928168130355  -2.0354693727231519  0.56283804043200547
11250    -0.78650597672840927  -2.0878656094619616  -0.069075946651192766
11251    -2.5083916104607931  -1.9881468300596645  2.9767769919666867
11252    -2.7131741759529531  -2.2166064471503497  2.6376116520888226
11253    -2.9334993611610156  -2.3595464125172536  2.24839674522691
11254    -3.1536653459372759  -2.4159578996491611  1.7928775089717917
11255    -1.6291160065821189  -2.0134650316559286  2.5651464301223919
11256    -1.7939033684949277  -2.2383838522787753  2.2284792904845587
11257    -1.9679582175077499  -2.3720231457804695  1.7978372397892119
11258    -2.1183308446272071  -2.4307191238507544  1.1955339704555321
11259    -0.79786985492145657  -2.0391054105125468  2.2921249806626527
11260    -0.89650060383578634  -2.2617785059806277  1.9146003433193859
11261    -0.99812370723424504  -2.3874121989301842  1.3991754508451422
11262    -1.0668114269609299  -2.4489813367175155  0.63038101300314331
11263    -3.4956576065783942  -1.1983107482278827  1.5853240134963869
11264    -3.624090972494582  -1.1287234071237224  1.4047773430617585
11265    -3.7427147271133374  -1.019016636814863  1.2362182567523645
11266    -3.8467903571105531  -0.87580651657376707  1.095119081673197
11267    -3.0351429465011091  -1.2254125545198629  0.95207028094152568
11268    -3.1876677690902153  -1.1549175907269129  0.79006503238472847
11269    -3.3274416308840609  -1.0420370588631174  0.63856437998537474
11270    -3.455142431741844  -0.8917021039725993  0.51489364763081047
11271    -2.7767681338431682  -1.2597055726595896  0.272427400814025
11272    -2.9618264716685729  -1.1878648215708738  0.13738796925187627
11273    -3.131192499200889  -1.0713723635451646  0.011370145879381191
11274    -3.2863557702662289  -0.91371340827478109  -0.091042873242936029
11275    -2.5853920532018297  -1.296805773377274  -0.50307725053324814
11276    -2.8021440969679654  -1.2216802030824201  -0.60725973958536239
11277    -3.0018668533965442  -1.1008728627295976  -0.70309470588772771
11278    -3.1771974947697235  -0.93866977196470169  -0.78739069491947244
11279    -3.492453781106029  -1.5921179076102854  1.520590596837988
11280    -3.6638687624558259  -1.5036572211252648  1.2752675307420975
11281    -3.8164730168546281  -1.3588074726513906  1.0499515861387487
11282    -3.9598374066693243  -1.162330507175475  0.85801375049625617
11283    -2.9063914648739524  -1.6196520619275492  0.89302918118315766
11284    -3.1212762025602401  -1.5368297733949854  0.66432809661118164
11285    -3.3023537385970312  -1.3924445297758707  0.46018276263894692
11286    -3.4884204748084011  -1.1847741483616212  0.29019800429053855
11287    -2.4620359330601671  -1.6537383762018012  0.24557987415577587
11288    -2.7531705542916174  -1.5775626253912649  0.039794663825676119
11289    -2.9955014991750719  -1.4346500263964792  -0.13688616679748045
11290    -3.2391706396052373  -1.2162444743936998  -0.28205698752545882
11291    -2.042741238206438  -1.689234584258096  -0.4529998644056944
11292    -2.4417699411108655  -1.6168265002376465  -0.63557570469239622
11293    -2.7851783882588883  -1.4753297984430855  -0.78697960658706367
11294    -3.0883190959239197  -1.2523839476637357  -0.91505633586492918
11295    -3.4892499556336647  -1.985925066992688  1.455857180179589
11296    -3.703646552417073  -1.8785910351268071  1.145757718422437
11297    -3.8902313065959198  -1.6985983084879184  0.86368491552513216
11298    -4.0728844562280964  -1.4488544977771844  0.62090841931931517
11299    -2.777639983246798  -2.0138915693352355  0.83398808142479031
11300    -3.0548846360302671  -1.9187419560630588  0.53859116083763492
11301    -3.2772658463100046  -1.7428520006886248  0.2818011452925191
11302    -3.5216985178749614  -1.477846192750643  0.065502360950266597
11303    -2.1473037322771669  -2.047771179744013  0.21873234749752679
11304    -2.5445146369146623  -1.9672604292116573  -0.057798641600524073
11305    -2.8598104991492548  -1.7979276892477942  -0.28514247947434224
11306    -3.1919855089442466  -1.518775540512618  -0.47307110180798162
11307    -1.5000904232110468  -2.0816633951389178  -0.40292247827814026
11308    -2.0813957852537666  -2.0119727973928732  -0.66389166979943015
11309    -2.5684899231212324  -1.8497867341565741  -0.87086450728639941
11310    -2.999440697078116  -1.5660981233627691  -1.0427219768103864
11311    -3.4860461301612999  -2.37973222637509  1.3911237635211897
11312    -3.7434243423783182  -2.2535248491283495  1.016247906102776
11313    -3.9639895963372114  -2.0383891443244453  0.67741824491151592
11314    -4.1859315057868685  -1.7353784883788927  0.38380308814237418
11315    -2.6488885016196413  -2.4081310767429227  0.77494698166642251
11316    -2.9884930695002923  -2.3006541387311317  0.41285422506408809
11317    -3.2521779540229754  -2.093259471601379  0.10341952794609127
11318    -3.5549765609415176  -1.7709182371396652  -0.15919328239000535
11319    -1.8325715314941651  -2.4418039832862246  0.19188482083927777
11320    -2.3358587195377067  -2.3569582330320484  -0.15539194702672415
11321    -2.7241194991234381  -2.1612053520991084  -0.4333987921512038
11322    -3.1448003782832559  -1.8213066066315369  -0.66408521609050464
11323    -0.95743960821565421  -2.4740922060197406  -0.35284509215058668
11324    -1.7210216293966658  -2.4071190945481007  -0.69220763490646442
11325    -2.3518014579835769  -2.2242436698700612  -0.95474940798573527
11326    -2.9105622982323105  -1.8798122990618027  -1.1703876177558432
11327    -3.9312000668340983  -0.6977932341781069  0.98333313238356379
11328    -3.9930215893397523  -0.48806337316767251  0.89609004074922138
11329    -4.03080970436526  -0.25981260645810045  0.83892660983483736
11330    -4.0431191916483655  -0.026236606965026783  0.81737964270507935
11331    -3.5610904570276434  -0.70707767169185831  0.4183186166234179
11332    -3.6356191579340997  -0.4943168501521209  0.34085783305456702
11333    -3.6794261830632502  -0.26283299813959327  0.28896576799508406
11334    -3.6932091810171248  -0.022039474440482154  0.26909689251579499
11335    -3.415570094910561  -0.72145328428534761  -0.17091043659480556
11336    -3.5066075385696389  -0.50340751020436136  -0.23529650347694425
11337    -3.5602350381542469  -0.26643658087693223  -0.27862479406030571
11338    -3.5772195305751704  -0.017400991148172062  -0.29531902851584391
11339    -3.3202498748043205  -0.74014470274685118  -0.85611271075571582
11340    -3.4259687149419129  -0.51354948971692993  -0.90674298771958595
11341    -3.4912374890517794  -0.26793724654345047  -0.93836591666222002
11342    -3.5129396710032044  -0.012361086894930762  -0.95006588843475592
11343    -4.0822623600124635  -0.92026788840211904  0.70376535865493206
11344    -4.1669671843432488  -0.64301586928676602  0.58619524821459157
11345    -4.2159010610485383  -0.34186832869249373  0.51069066078281078
11346    -4.2310131715151842  -0.028119145482379107  0.48263883796716639
11347    -3.6569178887191405  -0.93112854601577821  0.15448065534290631
11348    -3.7655634215219442  -0.65149322518621477  0.050296874521939421
11349    -3.8235674205427377  -0.3481593815408342  -0.017009525724869544
11350    -3.840140233107435  -0.023418210747541093  -0.042094732950028267
11351    -3.4587151161846363  -0.94952179176672979  -0.39672032928545475
11352    -3.602245482081798  -0.66421615646394794  -0.48196725904037035
11353    -3.6802637280404307  -0.35540899700845069  -0.53552495065553074
11354    -3.7032718448042417  -0.01818174192333899  -0.55512057799625969
11355    -3.3417743205392263  -0.97581003898831686  -1.0143149288062066
11356    -3.5247180117623467  -0.67933137099043095  -1.0781177587720996
11357    -3.6353902257030657  -0.35944072368669411  -1.1125895971593285
11358    -3.6720310184711762  -0.012630877093728676  -1.1238552153646144
11359    -4.23332465319083  -1.1427425426261311  0.42419758492629989
11360    -4.3409127793467484  -0.7979683654058598  0.2763004556799612
11361    -4.4009924177318158  -0.42392405092688684  0.18245471173078417
11362    -4.4189071513820002  -0.030001683999731493  0.14789803322925349
11363    -3.7527453204106376  -1.1551794203396981  -0.10935730593760533
11364    -3.8955076851097896  -0.80866960022030854  -0.24026408401068811
11365    -3.9677086580222256  -0.43348576494207536  -0.32298481944482316
11366    -3.9870712851977443  -0.024796947054600033  -0.35328635841585154
11367    -3.5018601374587099  -1.177590299248112  -0.62253022197610397
11368    -3.6978834255939574  -0.82502480272353429  -0.72863801460379662
11369    -3.800292417926614  -0.44438141313996926  -0.79242510725075543
11370    -3.8293241590333125  -0.018962492698505917  -0.81492212747667558
11371    -3.363298766274132  -1.2114753752297827  -1.1725171468566966
11372    -3.6234673085827818  -0.84511325226393197  -1.2494925298246122
11373    -3.7795429623543519  -0.4509442008299378  -1.2868132776564369
11374    -3.8311223659391485  -0.012900667292526702  -1.2976445422944729
11375    -4.3843869463691965  -1.3652171968501436  0.14462981119766796
11376    -4.5148583743502444  -0.95292086152495292  -0.033594336854668803
11377    -4.5860837744150924  -0.50597977316127996  -0.14578123732124249
11378    -4.6068011312488171  -0.031884222517083775  -0.18684277150865958
11379    -3.8485727521021347  -1.3792302946636177  -0.37319526721811697
11380    -4.0254519486976337  -0.96584597525440197  -0.53082504254331564
11381    -4.1118498955017113  -0.51881214834331624  -0.62896011316477696
11382    -4.1340023372880523  -0.026175683361658847  -0.66447798388167489
11383    -3.5450051587327853  -1.4056588067294951  -0.84834011466675285
11384    -3.7935213691061187  -0.98583344898312053  -0.97530877016722295
11385    -3.9203211078127986  -0.53335382927148789  -1.0493252638459798
11386    -3.9553764732623833  -0.019743243473672789  -1.0747236769570911
11387    -3.3848232120090369  -1.4471407114712485  -1.3307193649071869
11388    -3.7222166054032133  -1.010895133537433  -1.4208673008771262
11389    -3.9236956990056377  -0.54244767797318172  -1.4610369581535458
11390    -3.9902137134071203  -0.013170457491324505  -1.4714338692243318
11391    -4.0264276728540533  0.20927443132756471  0.83444852025987448
11392    -3.980995819243879  0.44263653844608364  0.88680303495000345
11393    -3.9110529849504321  0.65961337749048254  0.97048560716641219
11394    -3.8208285241063105  0.84596861156071324  1.0815386573000474
11395    -3.6754276453231483  0.22062822985743388  0.28507418626302006
11396    -3.6251138139901165  0.45685117338151576  0.33286494251741749
11397    -3.543824452342129  0.67589082191826333  0.40714010280131985
11398    -3.4331163257032893  0.86700864125417598  0.50257060863705783
11399    -3.5567685914242722  0.23335146683437089  -0.28183178522594104
11400    -3.4980981319424234  0.47447703965848081  -0.24168141403672946
11401    -3.4019875925139362  0.69762129058204203  -0.17989029231478848
11402    -3.2692164135231239  0.89442978286293906  -0.10148079742669902
11403    -3.4884102130523411  0.24445923161175473  -0.94107608981071977
11404    -3.4196379483271144  0.49307781176799986  -0.91180294873145096
11405    -3.3104871720044864  0.72335233051769032  -0.86309071779980506
11406    -3.1648221792614151  0.92514046480471002  -0.79578364961864034
11407    -4.2114541092418936  0.28802113544085217  0.50541894915689922
11408    -4.1555439167205446  0.59493612178791133  0.5757620097688092
11409    -4.063985948827729  0.8792231636158756  0.68908303045180896
11410    -3.9374835604400471  1.1274796109818204  0.84079702185481153
11411    -3.8190072000110429  0.30491940071020213  -0.021467650970112662
11412    -3.7539424534712418  0.61574893473868986  0.041503247561509554
11413    -3.6392295279479741  0.90183874825465238  0.14187242183714063
11414    -3.4691519579011811  1.155957198174818  0.27469433104908125
11415    -3.6757080487592146  0.32375632337185334  -0.53903289627494611
11416    -3.5908038055248017  0.64158727634823154  -0.48868417613093834
11417    -3.4422509796949199  0.93256673281865399  -0.4065168645700033
11418    -3.2237414358634884  1.1939503085959779  -0.29497340859790905
11419    -3.6311589031064084  0.33900550258754519  -1.1153909000553466
11420    -3.5143891672741865  0.66775475653398542  -1.083011539571789
11421    -3.3276070290228623  0.96869261579563837  -1.0213498078199776
11422    -3.0766977064007794  1.2368948114225475  -0.92503837870594874
11423    -4.3964805456297373  0.36676783955413955  0.17638937805392377
11424    -4.3300920141972128  0.74723570512973958  0.26472098458761484
11425    -4.2169189127050277  1.0988329497412685  0.40768045373720546
11426    -4.0541385967737851  1.4089906104029275  0.60005538640957612
11427    -3.9625867546989375  0.38921057156297023  -0.32800948820324544
11428    -3.8827710929523662  0.77464669609586423  -0.24985844739439839
11429    -3.734634603553816  1.1277866745910412  -0.12339525912703857
11430    -3.5051875900990703  1.4449057550954598  0.046818053461104847
11431    -3.7946475060941585  0.41416117990933582  -0.79623400732395166
11432    -3.6835094791071805  0.80869751303798254  -0.73568693822514752
11433    -3.4825143668759035  1.1675121750552655  -0.63314343682521834
11434    -3.1782664582038525  1.4934708343290164  -0.48846601976911908
11435    -3.7739075931604749  0.43355177356333569  -1.2897057102999734
11436    -3.6091403862212599  0.84243170129997136  -1.254220130412127
11437    -3.3447268860412391  1.214032901073586  -1.1796088978401496
11438    -2.988573233540146  1.5486491580403849  -1.0542931077932578
11439    -4.5815069820175784  0.44551454366742699  -0.15264019304905163
11440    -4.504640111673881  0.89953528847156716  -0.04632004059357954
11441    -4.3698518765823264  1.3184427358666617  0.12627787702260218
11442    -4.1707936331075235  1.6905016098240353  0.35931375096434026
11443    -4.1061663093868308  0.4735017424157385  -0.63455132543637816
11444    -4.011599732433492  0.93354445745303849  -0.54122014235030635
11445    -3.8300396791596616  1.35373460092743  -0.3886629400912176
11446    -3.5412232222969622  1.7338543120161023  -0.18105822412687167
11447    -3.9135869634291001  0.50456603644681852  -1.0534351183729569
11448    -3.7762151526895598  0.97580774972773332  -0.98268970031935621
11449    -3.5227777540568868  1.4024576172918772  -0.85977000908043311
11450    -3.132791480544217  1.7929913600620553  -0.68195863094032882
11451    -3.9166562832145404  0.52809804453912623  -1.4640205205446006
11452    -3.7038916051683337  1.0171086460659566  -1.425428721252465
11453    -3.3618467430596155  1.459373186351534  -1.3378679878603223
11454    -2.9004487606795095  1.8604035046582221  -1.1835478368805663
11455    -3.7130182647087775  0.99758096848657041  1.2238626166430799
11456    -3.5910283990903737  1.1152169934373473  1.3935738454505804
11457    -3.4601538278865922  1.1919720755222449  1.5750386575578434
11458    -3.3022807975700044  1.0238294260657952  0.62683503820607045
11459    -3.1595420448331764  1.1434034404329734  0.7793425173363544
11460    -3.0048560529086226  1.2201303542471797  0.94235980902007843
11461    -3.1115779148455531  1.0566159077311505  0.00086330631606515136
11462    -2.9397793310115263  1.1784731182905597  0.12767328445422879
11463    -2.7529709743874271  1.2555170706099035  0.26374930439951172
11464    -2.987517015329646  1.0904681093395912  -0.71192879835791911
11465    -2.7860457243455921  1.2149091395600953  -0.61555553212314762
11466    -2.5681725998431264  1.2936432035009464  -0.51048157442049402
11467    -3.7916713781589277  1.3308520572294475  1.0314180373618551
11468    -3.6360920047668244  1.4850132580160176  1.2557333699351823
11469    -3.4623107594118729  1.5833498068689449  1.5005678895910126
11470    -3.2827175457924795  1.3648432388238716  0.44237877280110011
11471    -3.0986588115030442  1.5178152931828965  0.64464263398853872
11472    -2.8808463656221388  1.611510921153223  0.87250100774105943
11473    -2.9819342241186564  1.4078073219193346  -0.15288016077534006
11474    -2.7369448753530752  1.5583964620511459  0.021492064642474822
11475    -2.4426499753674031  1.646257401339202  0.22653412810795182
11476    -2.7768276072076037  1.4520577439173683  -0.79991289297530654
11477    -2.4317769718390156  1.5994657907215457  -0.64995656648920042
11478    -2.0303517672373284  1.6825766482933053  -0.46702343582698708
11479    -3.8703244916090784  1.6641231459723249  0.83897345808063062
11480    -3.6811556104432754  1.8548095225946877  1.1178928944197843
11481    -3.4644676909371532  1.9747275382156457  1.4260971216241825
11482    -3.2631542940149556  1.7058570515819484  0.25792250739612976
11483    -3.0377755781729117  1.8922271459328206  0.50994275064072336
11484    -2.7568366783356542  2.0028914880592668  0.80264220646204043
11485    -2.8522905333917596  1.7589987361075192  -0.30662362786674524
11486    -2.5341104196946227  1.9383198058117328  -0.084689155169279218
11487    -2.1323289763473783  2.0369977320685  0.18931895181639197
11488    -2.5661381990855632  1.8136473784951459  -0.88789698759269398
11489    -2.0775082193324397  1.9840224418829964  -0.68435760085525343
11490    -1.4925309346315303  2.0715100930856645  -0.42356529723348058
11491    -3.9489776050592278  1.9973942347152021  0.6465288787994059
11492    -3.7262192161197265  2.224605787173358  0.98005241890438632
11493    -3.4666246224624331  2.3661052695623459  1.3516263536573518
11494    -3.2435910422374303  2.0468708643400246  0.073466241991159392
11495    -2.97689234484278  2.2666389986827435  0.37524286729290779
11496    -2.6328269910491717  2.3942720549653105  0.73278340518302199
11497    -2.722646842664862  2.1101901502957032  -0.46036709495815031
11498    -2.3312759640361711  2.3182431495723193  -0.19087037498103321
11499    -1.8220079773273554  2.4277380627978  0.15210377552483195
11500    -2.3554487909635204  2.1752370130729242  -0.97588108221008196
11501    -1.7232394668258639  2.3685790930444468  -0.71875863522130612
11502    -0.95471010202573181  2.4604435378780249  -0.38010715863997335
11503    2.1788671145428493  1.3600722893319674  -1.2594516081409504
11504    2.420564410450369  1.3321379134813098  -1.3434245678074297
11505    2.6614983911636361  1.2523793640148235  -1.4132598980346032
11506    2.8851646334389409  1.1264426876728395  -1.4757138414652249
11507    3.075058714032572  0.95997393119568875  -1.5375426407420494
11508    2.0809178036018809  1.3930596416804231  -2.1289846820312777
11509    2.3393279912025284  1.3647278834546828  -2.1763934169395918
11510    2.595532917893324  1.2835275985990422  -2.2126006746036135
11511    2.8331802070892174  1.1548244555406879  -2.244433777128938
11512    3.0359174822051584  0.98398412270680735  -2.2787200466211601
11513    2.035862555740624  1.4162440109144374  -3.0356643845555329
11514    2.3078430401094532  1.3879694195949188  -3.0500384231578588
11515    2.5724052039428966  1.3063274077689939  -3.0603825708535166
11516    2.8171198312244972  1.1758578064131395  -3.0693597950683316
11517    3.0295577059378029  1.0011004465038331  -3.0796330632281297
11518    2.0250000000000004  1.425  -4
11519    2.3025774201861955  1.3968340389617282  -4
11520    2.5696812902054083  1.3151730618618322  -3.9999999999999991
11521    2.8163513059196252  1.1840823446287261  -3.9999999999999987
11522    3.0326271631908339  1.0076271631908267  -4
11523    1.4524083372451984  1.7458297581007651  -1.1568561401553261
11524    1.9142327836477415  1.7272981698582119  -1.3221255307313149
11525    2.3168542544017083  1.6516238224400135  -1.4309658972440538
11526    2.6701791015556138  1.5079075698643178  -1.5135358916015731
11527    2.9841136771579726  1.2852502661492753  -1.5999941657119003
11528    1.3871901573799348  1.7816456221621111  -2.0776805907723723
11529    1.8360079792407851  1.7605640919491943  -2.1696552198558146
11530    2.2464924263881558  1.6833446474598091  -2.2210350822071288
11531    2.6189235188346767  1.5403214721530689  -2.2568473166146101
11532    2.9535812765929745  1.3218287494880872  -2.302119061866549
11533    1.3572163745516124  1.8070269120328226  -3.021411835368927
11534    1.7930010108994268  1.7834752254934616  -3.0490358842910936
11535    2.2112900003032494  1.7048862123495139  -3.0626324414097801
11536    2.6027689039054285  1.5627316427283529  -3.0713641147960189
11537    2.9581232828483235  1.3484832867573515  -3.0843935125208404
11538    1.3500000000000008  1.8166666666666669  -3.9999999999999996
11539    1.779855631847101  1.7920066882778161  -3.9999999999999996
11540    2.2016815160698617  1.7128270581848173  -3.9999999999999996
11541    2.6018078912633529  1.571099223587396  -4
11542    2.9665649960226381  1.3587946316852801  -4
11543    0.72594955994754728  2.1315872268695628  -1.0542606721697021
11544    1.4079011568451141  2.1224584262351138  -1.3008264936552001
11545    1.9722101176397804  2.0508682808652035  -1.4486718964535052
11546    2.4551935696722875  1.8893724520557968  -1.5513579417379209
11547    2.8931686402833732  1.6105266011028623  -1.6624456906817511
11548    0.69346251115798807  2.1702316026437991  -2.0263764995134665
11549    1.3326879672790406  2.156400300443706  -2.1629170227720365
11550    1.8974519348829879  2.0831616963205759  -2.2294694898106457
11551    2.4046668305801351  1.9258184887654504  -2.2692608561002836
11552    2.8712450709807893  1.6596733762693678  -2.3255180771119397
11553    0.67857019336260027  2.1978098131512076  -3.007159286182322
11554    1.278158981689399  2.1789810313920044  -3.0480333454243294
11555    1.8501747966636011  2.1034450169300341  -3.0648823119660449
11556    2.3884179765863616  1.9496054790435666  -3.0733684345237058
11557    2.8866888597588458  1.6958661270108706  -3.0891539618135537
11558    0.67500000000000082  2.2083333333333335  -4
11559    1.2571338435080053  2.1871793375939039  -4.0000000000000009
11560    1.833681741934317  2.1104810545078023  -4
11561    2.387264476607081  1.9581161025460656  -4
11562    2.9005028288544414  1.7099621001797338  -4.0000000000000027
11563    -0.00050921735010369448  2.5173446956383598  -0.95166520418407796
11564    0.90156953004248641  2.5176186826120164  -1.2795274565790851
11565    1.6275659808778526  2.4501127392903919  -1.4663778956629561
11566    2.2402080377889599  2.2708373342472745  -1.5891799918742693
11567    2.8022236034087733  1.9358029360564486  -1.7248972156516023
11568    -0.00026513506395822034  2.5588175831254878  -1.9750724082545617
11569    0.8293679553172969  2.5522365089382171  -2.1561788256882597
11570    1.5484114433778198  2.482978745181343  -2.2379038974141623
11571    2.1904101423255939  2.3113155053778307  -2.2816743955859553
11572    2.7889088653686045  1.9975180030506468  -2.348917092357329
11573    -7.598782641164703e-05  2.588592714269593  -2.9929067369957161
11574    0.76331695247937248  2.5744868372905461  -3.0470308065575646
11575    1.4890595930239532  2.5020038215105531  -3.0671321825223075
11576    2.1740670492672947  2.3364793153587788  -3.0753727542513918
11577    2.8152544366693673  2.0432489672643896  -3.0939144111062653
11578    8.3266726846886741e-16  2.6000000000000005  -4
11579    0.73441205516891017  2.5823519869099916  -4.0000000000000009
11580    1.4656819677987714  2.5081350508307869  -3.9999999999999991
11581    2.1727210619508091  2.3451329815047357  -4
11582    2.8344406616862479  2.0611295686741871  -4.0000000000000036
11583    3.2273801745022515  0.75519276502421695  -1.5906652779990502
11584    3.3447641942787794  0.5188825846265378  -1.6245347839045914
11585    3.4203598069280687  0.26353502428388637  -1.6422084739030101
11586    3.4473160460160281  0.001641718277498417  -1.6467436634386461
11587    3.198908006305679  0.77374078198529184  -2.3092519663461246
11588    3.3237246219337733  0.53149935586796171  -2.3272368291129832
11589    3.4036293217220872  0.26963162368790156  -2.3356241713422863
11590    3.431884098303263  0.00050936477819635284  -2.3373635294545911
11591    3.2019683297697088  0.78654557591370244  -3.0889965078398349
11592    3.3314698206705713  0.54090432237586139  -3.0942256607893146
11593    3.4129358870191093  0.2750478366575333  -3.0964555885708083
11594    3.4412402371940449  -0.0001527304740618074  -3.0968213576785564
11595    3.2090925661916501  0.79132171442067711  -4
11596    3.3402239602930792  0.54459534265517529  -3.9999999999999991
11597    3.4219001531546649  0.27738604501929609  -4
11598    3.4499999524359533  -0.00036818136198918383  -4
11599    3.2607560337902068  1.0047392146846359  -1.6765128207902056
11600    3.482620813518285  0.69594036266446646  -1.7167544599203464
11601    3.6302392526175482  0.36067252981339021  -1.7321134878133857
11602    3.6841425873633353  0.00075453585603261271  -1.7339843091803882
11603    3.2551854948369399  1.0432330530435621  -2.3458921069139325
11604    3.5081186480530748  0.72819993977509512  -2.3662820492524688
11605    3.6821547752229198  0.37951206820716371  -2.3719267404875382
11606    3.7470679153280133  -4.7903135754904895e-05  -2.3714640322245195
11607    3.2802979305252378  1.0734178141624904  -3.0977779622580552
11608    3.554638306436106  0.75570315107073505  -3.1035016401906401
11609    3.7454309708832065  0.39714795221095783  -3.1046174271533928
11610    3.8169624841688208  -0.00043912768797269019  -3.104178203981105
11611    3.2972913966820205  1.085627418809276  -3.9999999999999987
11612    3.5796057554917073  0.76733981696602815  -4
11613    3.7762584549205918  0.40494541686904939  -4.0000000000000009
11614    3.8499998774375732  -0.00054219076815011785  -4.0000000000000009
11615    3.2941318930781631  1.2542856643450557  -1.7623603635813605
11616    3.6204774327577911  0.87299814070239523  -1.8089741359361016
11617    3.8401186983070295  0.45781003534289405  -1.8220185017237616
11618    3.9209691287106407  -0.00013264656543325831  -1.82122495492213
11619    3.3114629833682012  1.3127253241018317  -2.3825322474817385
11620    3.6925126741723768  0.92490052368222853  -2.4053272693919547
11621    3.9606802287237528  0.48939251272642592  -2.4082293096327874
11622    4.0622517323527623  -0.00060517104970610712  -2.4055645349944466
11623    3.3586275312807659  1.360290052411278  -3.1065594166762738
11624    3.7778067922016398  0.97050197976560859  -3.1127776195919652
11625    4.0779260547473033  0.51924806776438226  -3.1127792657359774
11626    4.1926847311435953  -0.00072552490188354524  -3.111535050283655
11627    3.3854902271723897  1.3799331231978755  -4.0000000000000009
11628    3.818987550690335  0.99008429127688091  -3.9999999999999991
11629    4.1306167566865204  0.53250478871880258  -4.0000000000000027
11630    4.2499998024391896  -0.00071620017431099636  -4.0000000000000036
11631    3.3275077523661176  1.5038321140054747  -1.8482079063725156
11632    3.7583340519972968  1.0500559187403238  -1.9011938119518565
11633    4.0499981439965103  0.55494754087239795  -1.9119235156341368
11634    4.1577956700579488  -0.0010198289868990906  -1.9084656006638725
11635    3.3677404718994626  1.5822175951601019  -2.4191723880495464
11636    3.8769067002916784  1.1216011075893617  -2.444372489531442
11637    4.2392056822245845  0.59927295724568808  -2.4445318787780392
11638    4.3774355493775152  -0.0011624389636574195  -2.4396650377643763
11639    3.4369571320362939  1.6471622906600663  -3.1153408710944959
11640    4.0009752779671732  1.1853008084604824  -3.1220535989932929
11641    4.4104211386114009  0.64134818331780663  -3.1209411043185615
11642    4.5684069781183725  -0.0010119221157945391  -3.1188918965862036
11643    3.4736890576627606  1.6742388275864744  -4.0000000000000009
11644    4.0583693458889636  1.2128287655877337  -4.0000000000000009
11645    4.4849750584524495  0.66006416056855577  -4.0000000000000036
11646    4.6499997274408118  -0.00089020958047192345  -4.0000000000000044
11647    3.4207872391629048  -0.26055940665860094  -1.6404307022579163
11648    3.3452411637015542  -0.51664884686782431  -1.6212537703710277
11649    3.2277970277667976  -0.75386260268509597  -1.5858109286180004
11650    3.0755740394934623  -0.95943667444534042  -1.5307002378388512
11651    3.4038123931802708  -0.26872338602745222  -2.3346265714878669
11652    3.3238446691276651  -0.53086908812143974  -2.3254713870489061
11653    3.1989034506854619  -0.77347570350983164  -2.3066771449114922
11654    3.0359112623936859  -0.98409119419869251  -2.2750230138494092
11655    3.4129113075903987  -0.27535001144933091  -3.0961543188263874
11656    3.3313504172828048  -0.54120436488823975  -3.0937074968165614
11657    3.2017405986694256  -0.78685622930790855  -3.0882484692759684
11658    3.0292648841484233  -1.0014460432254575  -3.078544813831499
11659    3.4217878614845967  -0.2780825950143716  -3.9999999999999987
11660    3.3400170742131472  -0.54519586078463678  -4
11661    3.208799434128554  -0.79180509102946017  -4.0000000000000009
11662    3.0322467847377608  -1.0080073981055166  -3.9999999999999991
11663    3.6296844110237632  -0.36246992151047919  -1.7300298890665369
11664    3.4801626415944442  -0.7033767836059347  -1.7127964322150928
11665    3.2580250024419635  -1.0137266892310863  -1.6710032028842299
11666    2.9857192169329045  -1.2852802771866867  -1.5933694653321178
11667    3.6816778983279974  -0.38149757163224796  -2.3707580111346864
11668    3.5063218534953116  -0.73336743892020728  -2.364147738010554
11669    3.2530497687806914  -1.0491442028641143  -2.3429835256393572
11670    2.9539116321348806  -1.3223145613284513  -2.2986156868083349
11671    3.7450987653954173  -0.39856563584437743  -3.1042645734488392
11672    3.5537163507108791  -0.75799209109068844  -3.102874265425823
11673    3.279117725985639  -1.075789296119199  -3.0969358513880976
11674    2.9576053770901307  -1.349028053622203  -3.0833779028117094
11675    3.776004137655733  -0.40596755850268373  -3.9999999999999987
11676    3.5791202649569915  -0.76820947786930893  -4.0000000000000018
11677    3.2966110139635627  -1.0863057166209751  -4.0000000000000027
11678    2.9657391392976562  -1.3592940425106339  -3.9999999999999987
11679    3.8385815828846197  -0.46438043636235748  -1.8196290758751577
11680    3.6150841194873351  -0.89010472034404486  -1.8043390940591575
11681    3.2882529771171276  -1.2735907757770755  -1.7561954771504582
11682    2.8958643943723481  -1.6111238799280327  -1.6560386928253847
11683    3.9595434034757244  -0.49427175723704364  -2.4068894507815064
11684    3.6887990378629576  -0.93586578971897427  -2.4028240889722023
11685    3.3071960868759205  -1.3248127022183966  -2.3792899063672235
11686    2.8719120018760771  -1.6605379284582094  -2.3222083597672607
11687    4.0772862232004359  -0.52178126023942428  -3.1123748280712915
11688    3.7760822841389521  -0.9747798172931369  -3.1120410340350833
11689    3.3564948533018519  -1.3647223629304885  -3.1056232335002276
11690    2.8859458700318394  -1.6966100640189501  -3.0882109917919207
11691    4.1302204138268683  -0.53385252199099598  -4
11692    3.8182234557008363  -0.99122309495398042  -4.0000000000000009
11693    3.3844225937985724  -1.3808063422124897  -3.9999999999999996
11694    2.8992314938575534  -1.7105806869157516  -3.9999999999999978
11695    4.0474787547454785  -0.56629095121423589  -1.9092282626837778
11696    3.7500055973802251  -1.0768326570821551  -1.8958817559032226
11697    3.3184809517922931  -1.5334548623230657  -1.8413877514166881
11698    2.8060095718117908  -1.9369674826693775  -1.7187079203186517
11699    4.2374089086234505  -0.60704594284183933  -2.4430208904283259
11700    3.8712762222306041  -1.1383641405177416  -2.4415004399338498
11701    3.3613424049711509  -1.6004812015726793  -2.4155962870950893
11702    2.7899123716172727  -1.9987612955879686  -2.3458010327261865
11703    4.4094736810054531  -0.64499688463447069  -3.1204850826937429
11704    3.9984482175670255  -1.1915675434955857  -3.1212078026443448
11705    3.4338719806180649  -1.6536554297417794  -3.1143106156123577
11706    2.814286362973546  -2.0441920744156952  -3.0930440807721316
11707    4.4844366899980068  -0.66173748547930855  -3.9999999999999991
11708    4.0573266464446789  -1.2142367120386519  -3.9999999999999996
11709    3.4722341736335802  -1.6753069678040045  -4.0000000000000009
11710    2.8327238484174484  -2.0618673313208689  -3.9999999999999982
11711    2.8858602908820581  -1.1264111627527658  -1.466561664772166
11712    2.6622599295119813  -1.2525836944902717  -1.4019609055996058
11713    2.421366246886373  -1.3323265594108158  -1.3303846153258152
11714    2.1797725345083787  -1.3600120472673598  -1.2453194489554358
11715    2.8332307003092332  -1.1551625889277226  -2.2394288676859642
11716    2.5955521099238941  -1.2838908217780964  -2.2064575100221808
11717    2.3392896399300263  -1.3649547127680939  -2.1693525042984079
11718    2.0808574390199861  -1.3930330819159955  -2.1213574139549976
11719    2.8167929819374447  -1.176221041640038  -3.0678742488682964
11720    2.5720222038992011  -1.3066397095839635  -3.0585664321666903
11721    2.3073769878994281  -1.3881593606240967  -3.0479668504463362
11722    2.0352817718038674  -1.4162373083273032  -3.0334209904268969
11723    2.8159016321686381  -1.1843943431524291  -4
11724    2.5691773218085934  -1.3154240695899106  -4.0000000000000009
11725    2.3019919560538376  -1.3969935631947752  -4.0000000000000018
11726    2.0242636373005896  -1.424999809743837  -4.0000000000000036
11727    2.6764400292080115  -1.4988033299252652  -1.5066483302504663
11728    2.3231486047297212  -1.6436418167727187  -1.4239534074558156
11729    1.9179422988471562  -1.724426656839847  -1.3135447098936015
11730    1.4529184669094417  -1.7457887692374525  -1.1436822505092556
11731    2.62200317469068  -1.5353044763835386  -2.2533011535390375
11732    2.2496208118744172  -1.6788678542119282  -2.2176634466488019
11733    1.8376155580771294  -1.7589833088464506  -2.1656027621185254
11734    1.3868384276898471  -1.7816294543199371  -2.0710192959291152
11735    2.6030840545242464  -1.5614651321354212  -3.0703563178527995
11736    2.2116468434847918  -1.7037100634563154  -3.0617257891626433
11737    1.7928787318875552  -1.7831127951697994  -3.047963079959974
11738    1.3563647076483314  -1.8070232748607888  -3.0195449534635301
11739    2.6009422243305758  -1.5714762500760249  -4.0000000000000009
11740    2.2008502804832641  -1.7131140079865239  -4
11741    1.7790147044523754  -1.792184895192549  -4
11742    1.3489868929345654  -1.8166664906445162  -4
11743    2.4670197675339645  -1.8711954970977644  -1.5467349957287666
11744    1.984037279947461  -2.0346999390551654  -1.445945909312025
11745    1.4145183508079393  -2.1165267542688775  -1.2967048044613865
11746    0.72606439931050482  -2.131565491207545  -1.0420450520630744
11747    2.4107756490721268  -1.9154463638393548  -2.267173439392113
11748    1.9036895138249419  -2.0738448866457597  -2.2288693832754221
11749    1.3359414762242321  -2.1530119049248069  -2.1618530199386439
11750    0.69281941635970834  -2.1702258267238785  -2.0206811779032336
11751    2.3893751271110482  -1.9467092226308045  -3.0728383868373048
11752    1.8512714830703823  -2.100780417328667  -3.0648851461585975
11753    1.2783804758756825  -2.178066229715502  -3.047959309473613
11754    0.67744764349279485  -2.1978092413942747  -3.0056689165001651
11755    2.3859828164925143  -1.9585581569996204  -4.0000000000000009
11756    1.8325232391579382  -2.110803946383137  -4.0000000000000009
11757    1.2560374528509146  -2.1873762271903225  -4.0000000000000018
11758    0.67371014856854039  -2.2083331715451955  -4
11759    2.2575995058599165  -2.243587664270263  -1.5868216612070674
11760    1.6449259551652007  -2.4257580613376128  -1.4679384111682348
11761    0.91109440276872244  -2.5086268516979091  -1.2798648990291719
11762    -0.00078966828843195225  -2.5173422131776388  -0.94040785361689361
11763    2.1995481234535745  -2.2955882512951722  -2.2810457252451859
11764    1.5577582157754659  -2.4688219190795921  -2.2400753199020427
11765    0.83426739437133546  -2.5470405010031638  -2.1581032777587614
11766    -0.0011995949704303177  -2.5588221991278197  -1.9703430598773513
11767    2.1756661996978508  -2.3319533131261876  -3.075320455821807
11768    1.4908961226559725  -2.4978507712010196  -3.0680445031545518
11769    0.763882219863809  -2.5730196642612055  -3.0479555389872495
11770    -0.0014694206627401396  -2.5885952079277619  -2.9917928795367978
11771    2.1710234086544524  -2.3456400639232156  -4
11772    1.4641961978326097  -2.5084938847797504  -4.0000000000000018
11773    0.73306020124945404  -2.5825675591880963  -3.9999999999999987
11774    -0.0015665957974846378  -2.5999998524458752  -3.9999999999999964
11775    1.9385826771505466  -1.3319724977741123  -1.1601674859409576
11776    1.6986764285007587  -1.2520507771595863  -1.0885107592314693
11777    1.476310883435161  -1.1258849649481995  -1.0241058540765082
11778    1.2877431368299035  -0.95911314066436837  -0.96070935572561145
11779    1.8226149366227216  -1.3645960172874358  -2.0732539258778027
11780    1.5668367107695629  -1.2832418845411926  -2.0359759362101131
11781    1.3298096330564515  -1.1543419200852674  -2.0029953222784416
11782    1.1278205750793309  -0.98326736032765671  -1.9677839614092938
11783    1.7632564345801329  -1.3878466900573365  -3.0188305756121276
11784    1.4987998139921177  -1.306036860465968  -3.0081534393015592
11785    1.2543047861000063  -1.1753794590520945  -2.9988192329084962
11786    1.0421642269639833  -1.0004461253146104  -2.9882576078462426
11787    1.7465678861035456  -1.3967110237266687  -3.9999999999999987
11788    1.4794744647212337  -1.3148716438032602  -3.9999999999999978
11789    1.2328928381056699  -1.1835929920060642  -3.9999999999999964
11790    1.0167324712088652  -1.0069863903675302  -3.999999999999992
11791    1.2922489175446514  -1.6875089505610188  -0.82435624417797848
11792    1.1323725257000083  -1.5720423216968968  -0.5656726578450717
11793    0.98415055520444483  -1.3977176187694824  -0.3562235218892531
11794    0.85844426988689904  -1.16286357790317  -0.18460086668923986
11795    1.2147653450860576  -1.6937446774917191  -1.8799565185763261
11796    1.0443004183005862  -1.555591519456522  -1.7226309284570174
11797    0.8863129200289952  -1.3691315523316792  -1.5944813089315411
11798    0.75167212296684793  -1.1363263482345203  -1.49094644336024
11799    1.1750649775402244  -1.6918276590600936  -2.9594942321572755
11800    0.99880066443022608  -1.5360350340482951  -2.9095740578012772
11801    0.8358367869989074  -1.3424868649204957  -2.8687713742558518
11802    0.69443836392684044  -1.114024616771798  -2.8360731253813127
11803    1.1638890295489857  -1.6894739697071137  -3.9999999999999996
11804    0.9858593860398922  -1.5265810528322188  -3.9999999999999969
11805    0.82150427237529666  -1.3307286213747995  -3.9999999999999973
11806    0.67742999852320751  -1.1046575566898216  -3.9999999999999929
11807    0.64591515793875742  -2.0430454033479251  -0.48854500241499904
11808    0.5660686228992583  -1.8920338662342073  -0.04283455645867397
11809    0.49199022697372868  -1.6695502725907654  0.31165881029800202
11810    0.42914540294389431  -1.3666140151419703  0.5915076223471315
11811    0.60691575354939298  -2.0228933376960021  -1.6866591112748492
11812    0.52176412583160947  -1.8279411543718509  -1.4092859207039217
11813    0.44281620700153923  -1.5839211845780914  -1.1859672955846399
11814    0.37552367085436522  -1.2893853361413836  -1.014108925311185
11815    0.58687352050031627  -1.9958086280628504  -2.9001578887024251
11816    0.49880151486833435  -1.7660332076306224  -2.8109946763009961
11817    0.41736878789780862  -1.5095942707888976  -2.7387235156032084
11818    0.34671250088969763  -1.2276031082289849  -2.6838886429163837
11819    0.58121017299442546  -1.9822369156875579  -3.9999999999999991
11820    0.49224430735855018  -1.738290461861177  -3.9999999999999991
11821    0.41011570664492336  -1.4778642507435342  -3.9999999999999991
11822    0.3381275258375499  -1.2023287230121127  -3.9999999999999929
11823    -0.00041860166713753022  -2.3985818561348311  -0.15273376065201966
11824    -0.00023527990149229913  -2.2120254107715187  0.48000354492772368
11825    -0.00017010125698762799  -1.9413829264120472  0.97954114248525725
11826    -0.00015346399911041544  -1.5703644523807718  1.3676161113835033
11827    -0.00093383798727148556  -2.3520419979002862  -1.4933617039733726
11828    -0.00077216663736731118  -2.1002907892871807  -1.095940912950826
11829    -0.00068050602591709919  -1.7987108168245032  -0.77745328223773869
11830    -0.00062478125811768481  -1.4424443240482472  -0.53727140726213074
11831    -0.0013179365395923539  -2.2997895970656086  -2.8408215452475729
11832    -0.0011976346935573812  -1.99603138121295  -2.7124152948007167
11833    -0.0010992112032903734  -1.6767016766572986  -2.608675656950564
11834    -0.0010133621474455179  -1.3411815996861722  -2.5317041604514552
11835    -0.0014686835601349282  -2.2749998616680025  -3.9999999999999987
11836    -0.0013707713227918833  -1.9499998708901358  -3.9999999999999987
11837    -0.00127285908544994  -1.6249998801122689  -3.9999999999999991
11838    -0.0011749468481079273  -1.2999998893344036  -3.9999999999999964
11839    1.13662211795973  -0.7538702942559723  -0.90644855731189111
11840    1.0202219832552364  -0.517006013282719  -0.87170582326614976
11841    0.94523766832635392  -0.26123027368676816  -0.85362034578446555
11842    0.91836410878300967  0.00074694858971984662  -0.84933131706291554
11843    0.96554844601699008  -0.77272092439145001  -1.9365521402957242
11844    0.84127726354186982  -0.53014961882015843  -1.9179938508618344
11845    0.76170156199039107  -0.26804111115241519  -1.9093065282807193
11846    0.73351587569897292  0.0011169310731463933  -1.9076876077254716
11847    0.87006138666834409  -0.78573858389442297  -2.9786706748909855
11848    0.7408240341321084  -0.53997371862152088  -2.9732518339569003
11849    0.6595618236675449  -0.2740459077784122  -2.9709176701643081
11850    0.63138440958692188  0.0011504703523926157  -2.9705847686335227
11851    0.84040119834515836  -0.7905951617353193  -4.0000000000000009
11852    0.70943465536469019  -0.54383567203376226  -3.9999999999999996
11853    0.6279340095231809  -0.27662880791029265  -3.9999999999999991
11854    0.60000042807634979  0.0011045439876533059  -3.9999999999999982
11855    0.75769806371434056  -0.89131738227549628  -0.063460077101325341
11856    0.68009217157079993  -0.60716592053394358  -0.00062103401616822379
11857    0.6300916186608071  -0.30911248700781918  0.022577488135959289
11858    0.61216143018888847  0.0041396239735681673  0.024796714924786394
11859    0.64350607040598817  -0.87295290913328227  -1.4210258072585802
11860    0.56067154203669456  -0.59440337601574722  -1.3878941524324113
11861    0.50763091515218328  -0.30206202952856387  -1.3782531766776667
11862    0.48884656704566892  0.0026868496816182669  -1.37880457779028
11863    0.57973063891760546  -0.85814660546749155  -2.8145728950624758
11864    0.49359945699039798  -0.58370887776906699  -2.8049891835477418
11865    0.43945073879920771  -0.29558949511591753  -2.8027463092428286
11866    0.42069040499802451  0.0013334810525630902  -2.8032685905534485
11867    0.55990845402651712  -0.85206340734239094  -4.0000000000000018
11868    0.47263006278531894  -0.5792237506153971  -4.0000000000000009
11869    0.4183289363034271  -0.2927525109404614  -3.9999999999999982
11870    0.39973918608465359  0.00073638725079139267  -3.9999999999999956
11871    0.37877400946895123  -1.0287644702950205  0.77952840310924043
11872    0.33996235988636353  -0.69732582778516805  0.87046375523381347
11873    0.31494556899526055  -0.35699470032887015  0.89877532205638411
11874    0.30595875159476726  0.0075322993574164256  0.89892474691248847
11875    0.32146369479498604  -0.97318489387511475  -0.90549947422143606
11876    0.28006582053151924  -0.6586571332113359  -0.85779445400298737
11877    0.25356026831397577  -0.33608294790471271  -0.847199825074614
11878    0.24417725839236484  0.0042567682900901682  -0.84992154785508855
11879    0.28939989116686704  -0.93055462704055958  -2.6504751152339674
11880    0.24637487984868739  -0.62744403691661355  -2.6367265331385839
11881    0.2193396539308704  -0.31713308245342298  -2.6345749483213488
11882    0.20999640040912704  0.0015164917527333843  -2.6359524124733751
11883    0.27941570970787571  -0.91353165294946248  -4.0000000000000009
11884    0.23582547020594782  -0.61461182919703217  -3.9999999999999996
11885    0.20872386308367291  -0.30887621397063042  -3.9999999999999964
11886    0.19947794409295758  0.00036823051392964601  -3.9999999999999942
11887    -0.00015004477643816336  -1.166211558314544  1.6225168833198058
11888    -0.00016745179807288994  -0.78748573503639252  1.7415485444837955
11889    -0.0002004806702862762  -0.40487691364992134  1.7749731559768092
11890    -0.00024392699935392058  0.010924974741264783  1.7730527789001906
11891    -0.00057868081601602736  -1.0734168786169467  -0.38997314118429177
11892    -0.00053990097365610437  -0.72291089040692491  -0.3276947555735642
11893    -0.00051037852423198131  -0.37010386628086145  -0.31614647347156166
11894    -0.00049205026093920509  0.0058266868985621945  -0.32103851791989724
11895    -0.00093085658387155406  -1.0029626486136278  -2.4863773354054572
11896    -0.00084969729302299644  -0.67117919606415999  -2.4684638827294254
11897    -0.00077143093746689234  -0.33867666979092853  -2.4664035873998698
11898    -0.00069760417977038358  0.0016995024529038449  -2.4686362343932995
11899    -0.0010770346107655134  -0.97499989855653368  -4
11900    -0.00097912237342332939  -0.64999990777866667  -3.9999999999999996
11901    -0.00088121013608107035  -0.32499991700079955  -3.9999999999999956
11902    -0.00078329789873851641  7.3777067566282994e-08  -3.999999999999992
11903    0.94432696170892716  0.26286950116371272  -0.85670697061089718
11904    1.0188123381597705  0.51896798135272137  -0.87751133697687844
11905    1.1349558547033776  0.75616253776540188  -0.91472730391554291
11906    1.2858931279075876  0.96157331901040932  -0.97133775918157483
11907    0.76141941520471668  0.2703024698819767  -1.9110518313779161
11908    0.84104126140207691  0.53245777541113037  -1.9211659699676176
11909    0.96547075416350681  0.77504164228938133  -1.9410055014892797
11910    1.1277972333614608  0.98551286514550496  -1.9735459039376062
11911    0.65980396752050563  0.27632421885026581  -2.9714473633988581
11912    0.74142801353001231  0.54217184131881535  -2.9741928364308219
11913    0.8710092125748945  0.787780510261889  -2.9799774947540238
11914    1.043300229614605  1.0022373981833335  -2.9899576453930723
11915    0.62839550926768228  0.27880479206312908  -4
11916    0.71035977884009704  0.54590082979490417  -4
11917    0.8417127952984812  0.7924544981491245  -3.9999999999999996
11918    1.0182741171477196  1.0085276380919339  -4.0000000000000018
11919    0.62946230605246389  0.31748560480003551  0.018790745288130725
11920    0.67912016110397466  0.61558099378499387  -0.0076878596552262118
11921    0.75654784298047884  0.89936301548452913  -0.073480181064111569
11922    0.85715819931903547  1.1697688944547258  -0.19742730009735313
11923    0.50745898929839783  0.30747095836921001  -1.3803881446550803
11924    0.56055698628747186  0.59978197329649607  -1.3917330120496187
11925    0.64352540449989193  0.87803158382863922  -1.4263748966089154
11926    0.75174909042265881  1.1406314793308037  -1.497849514967988
11927    0.43966260808065938  0.29825015523447318  -2.8033930440262211
11928    0.4941068627769527  0.58630455889711308  -2.8061234105075621
11929    0.58052213309494416  0.8605495210548918  -2.8161340948528895
11930    0.69540738304267324  1.1160378707222183  -2.8380995019176218
11931    0.41870187762465622  0.29420321622706358  -4.0000000000000009
11932    0.4733773614187135  0.58060057164086887  -4
11933    0.56097867647008381  0.85330301413630483  -3.9999999999999991
11934    0.67871886178202379  1.1056851043574676  -4.0000000000000027
11935    0.31459765039600068  0.37210170843635804  0.89428846118715832
11936    0.33942798404817887  0.71219400621726658  0.86213561766642577
11937    0.37813983125758005  1.0425634932036565  0.76776694178731975
11938    0.42842327073048331  1.3779644698990421  0.57648315898686864
11939    0.25349856339207871  0.34463944685644332  -0.84972445793224483
11940    0.28007271117286703  0.667106171181862  -0.86230005413161992
11941    0.32158005483627677  0.981021525367897  -0.9117442917285502
11942    0.37570094748385707  1.2957500935161028  -1.0221531259983703
11943    0.21952124864081335  0.32017609161868055  -2.6353387246535855
11944    0.2467857120238931  0.63043727647541103  -2.6380539845843023
11945    0.29003505361499321  0.93331853184789471  -2.6522906949517551
11946    0.34751453647074138  1.2298383432611026  -2.6862413584421709
11947    0.20900824598163004  0.30960164039099791  -4.0000000000000009
11948    0.23639494399732996  0.61530031348683445  -4.0000000000000018
11949    0.2802445576416861  0.91415153012348549  -4.0000000000000027
11950    0.33916360641632726  1.2028425706230004  -4.0000000000000044
11951    -0.00026700526046265975  0.42671781207268089  1.7697861770861869
11952    -0.00026419300761701024  0.80880701864953908  1.7319590949880783
11953    -0.00026818046531884555  1.1857639709227838  1.6090140646387512
11954    -0.00031165785806913648  1.5861600453433584  1.3503936180710907
11955    -0.0004618625142401232  0.38180793534367663  -0.31906077120940962
11956    -0.00041156394173799422  0.73443036906722758  -0.33286709621362132
11957    -0.00036529482733825384  1.0840114669071554  -0.3971136868481856
11958    -0.00034719545494496518  1.4508687077014017  -0.54645673702875253
11959    -0.00062011079903285756  0.34210202800288814  -2.4672844052809482
11960    -0.00053543872916651629  0.67456999405370899  -2.4699845586610416
11961    -0.00045202586495734359  1.0060875426408979  -2.4884472950506211
11962    -0.00037831010119045161  1.3436388157999868  -2.5343832149667196
11963    -0.00068538566139599109  0.32500006455493252  -4.0000000000000018
11964    -0.00058747342405372077  0.65000005533279914  -4.0000000000000018
11965    -0.00048956118671132642  0.97500004611066626  -4.0000000000000009
11966    -0.00039164894936905004  1.3000000368885338  -4.0000000000000036
11967    1.474462924334591  1.1280544899459275  -1.0367203226021238
11968    1.6971143935420763  1.2535057458345322  -1.1023987537017095
11969    1.9373987265911332  1.3326155308914653  -1.1745751497810717
11970    1.3297571158228783  1.1562193807164021  -2.0099012275454951
11971    1.5668122150715755  1.2844579723244873  -2.0435640011565575
11972    1.8226399660253205  1.3651107044768116  -2.0810774206815625
11973    1.255415068779256  1.176764888074425  -3.0008705779280667
11974    1.4997565135405662  1.3069012007085878  -3.0104043612780891
11975    1.7640103978704007  1.3882072652629007  -3.0211414714762177
11976    1.2344166403899892  1.1847184126167178  -4
11977    1.4807760086518333  1.3155555775912062  -4.0000000000000009
11978    1.7475659018746905  1.3969968632930772  -4.0000000000000009
11979    0.98283466601257141  1.4026716114510764  -0.37137541506357902
11980    1.1312269792137084  1.5748176626246098  -0.5819364651137573
11981    1.2913974369490504  1.6884545456247113  -0.84010014267022681
11982    0.88638260335507568  1.3721982378633131  -1.602692481277781
11983    1.0444122785486032  1.5573150795445405  -1.7313471239738341
11984    1.2149706264184768  1.6943436568267267  -1.8882107311180611
11985    0.83683809776405726  1.3439282988055772  -2.8711934167429369
11986    0.99975347716016327  1.5368671126268214  -2.9121250658631661
11987    1.1759480573747592  1.6921385658234165  -2.9618720163734489
11988    0.82284651468931691  1.3314789509666118  -4
11989    0.98711873094299385  1.527037057875559  -4.0000000000000018
11990    1.1650112971706796  1.6896645786027615  -4.0000000000000009
11991    0.49120640769055218  1.6772887329562247  0.29396949247496579
11992    0.56533956488534121  1.8961295794146866  -0.061474176525805051
11993    0.6453961473069677  2.0442935603579575  -0.50562513555938193
11994    0.44300809088727333  1.5881770950102245  -1.1954837350100669
11995    0.5220123420256304  1.8301721867645939  -1.4191302467911109
11996    0.60730128681163353  2.0235766091766427  -1.6953440415545582
11997    0.41826112674885862  1.5110917095367287  -2.7415162555578063
11998    0.49975044077976077  1.7668330245450561  -2.813845770448244
11999    0.58788571687911773  1.9960698663839322  -2.9026025612706818
12000    0.41127638898864499  1.4782394893165054  -3.9999999999999996
12001    0.49346145323415491  1.7385185381599124  -3.9999999999999996
12002    0.58245669246666842  1.9823322939124461  -4
12003    -0.0004218506314672919  1.9519058544613743  0.95931440001351098
12004    -0.0005478494430267533  2.2174414962047648  0.45898811206214712
12005    -0.00060514233511551382  2.4001325750912019  -0.17115012844853705
12006    -0.00036642158052932602  1.804155952157136  -0.78827498874235313
12007    -0.00038759449734228693  2.1030292939846476  -1.106913369608387
12008    -0.00036805279521003736  2.3528095615265578  -1.5024773519910568
12009    -0.0003158442663399744  1.6782551202678806  -2.6118390943726775
12010    -0.00025259560064206515  1.996798936463289  -2.715566475033321
12011    -0.00017662361652359682  2.3000011669444484  -2.8433331061679135
12012    -0.00029373671202699222  1.6250000276663985  -3.9999999999999987
12013    -0.00019582447468446951  1.9500000184442645  -4
12014    -9.7912237342623332e-05  2.275000009222131  -4
12015    -2.1745323971674453  1.3600371317993294  -1.2552253962459565
12016    -1.9335548697762317  1.3333613094516255  -1.1701761349878639
12017    -1.6939880118496009  1.2548191104257811  -1.0982907343363744
12018    -1.4721316698905584  1.1299912521826319  -1.0331754987695334
12019    -1.284285690402114  0.96445845218301496  -0.96843673276538622
12020    -2.0787522025320282  1.3930427409668535  -2.1267358566962624
12021    -1.8206511320011183  1.3654032242630683  -2.0787127875877078
12022    -1.5649980448197538  1.28480589015374  -2.0413423165067015
12023    -1.3281649818175147  1.1566419749724799  -2.0079837951054884
12024    -1.1265239838239818  0.98630271505289813  -1.9719965750363073
12025    -2.0352613904696315  1.4162394669501677  -3.0350095509874691
12026    -1.7633554903560813  1.3881711571135207  -3.0204479343507575
12027    -1.4989173437455066  1.3066954706117915  -3.0097499655493096
12028    -1.2544087295255928  1.1763722811835029  -3.0003057310227952
12029    -1.0422914265840275  1.0017614625671756  -2.9895053172108867
12030    -2.0250000000000004  1.425  -3.9999999999999987
12031    -1.747422579813805  1.3968340389617282  -3.9999999999999987
12032    -1.4803187097945938  1.3151730618618316  -3.9999999999999982
12033    -1.2336486940803781  1.1840823446287267  -3.9999999999999987
12034    -1.0173728368091728  1.0076271631908271  -3.9999999999999947
12035    -1.4498580038949982  1.745806319745673  -1.1540386655586636
12036    -1.289238293962526  1.6889517313314839  -0.83716746614142135
12037    -1.1295079577140759  1.5756932390187754  -0.57919778553686707
12038    -0.98156173013752779  1.4039627862755457  -0.36901219917518518
12039    -0.85629434622076572  1.1716923165697959  -0.19549328248656081
12040    -1.3859231800426717  1.7816343550197318  -2.076181373882362
12041    -1.2138901055991489  1.6945386700175646  -1.8866343090554909
12042    -1.0434612280456164  1.5575470247640426  -1.7298660008739302
12043    -0.88556546173851969  1.3724799673673647  -1.6014141929844437
12044    -0.75113172103430303  1.1411580459357318  -1.496816629033789
12045    -1.3568662562552249  1.8070238827233094  -3.0209752796568852
12046    -1.1756292014428951  1.6921144937238304  -2.96140965828981
12047    -0.99936242769721839  1.5367299592289578  -2.91168880204398
12048    -0.83637776777250838  1.3436665608782958  -2.8708168521394226
12049    -0.69498705442308173  1.1157205803114454  -2.8377979497961636
12050    -1.3500000000000001  1.8166666666666667  -3.9999999999999991
12051    -1.1649810239549838  1.6895560290485296  -4
12052    -0.98694441468795724  1.5267820473893092  -3.9999999999999987
12053    -0.8225303749575944  1.3310549056412837  -3.9999999999999996
12054    -0.6783791075225718  1.105084787756728  -3.9999999999999964
12055    -0.72518361062255099  2.1315755076920162  -1.052851934871371
12056    -0.64492171814882049  2.0445421532113426  -0.50415879729497914
12057    -0.56502790357855126  1.89656736761177  -0.060104836737359876
12058    -0.49099179038449769  1.6779343203684594  0.29515110041916287
12059    -0.42830300203941746  1.3789261809565758  0.57745016779226455
12060    -0.69309415755331505  2.17022596907261  -2.0256268910684616
12061    -0.60712907919717873  2.0236741157720615  -1.6945558305232737
12062    -0.52192441127147915  1.8302881593743447  -1.4183896852411588
12063    -0.44296594165952435  1.5883179597622497  -1.1948445908633978
12064    -0.37573945824462401  1.2960133768185662  -1.02163668303127
12065    -0.67847112204081828  2.1978082984964513  -3.0069410083263004
12066    -0.58790291252970905  1.9960578303341394  -2.9023713822288602
12067    -0.49980751164893  1.7667644478461233  -2.8136276385386521
12068    -0.41834680601942409  1.5109608405730872  -2.74132797325605
12069    -0.34768268226213589  1.229679698055715  -2.6860905823814405
12070    -0.6749999999999996  2.2083333333333335  -3.9999999999999991
12071    -0.58253946809616231  1.9822780191353309  -3.9999999999999991
12072    -0.49357011958132063  1.7383910329167873  -3.9999999999999991
12073    -0.41141205583480994  1.4780274666538411  -3.9999999999999991
12074    -0.33938537823597037  1.2025424123226289  -3.9999999999999964
12075    -1.1339699252318169  0.76028380002440943  -0.9124960651672529
12076    -1.0183583431252632  0.52424770535815846  -0.87601487052902349
12077    -0.9442319659325259  0.26900686572589511  -0.85595907189460119
12078    -0.91837181550367852  0.0072179786692524554  -0.84929459230788795
12079    -0.96459735659516099  0.77639039785535102  -1.9398267485481002
12080    -0.84055681512856228  0.53424893010000807  -1.9203647000978421
12081    -0.7612485141160128  0.2723819770102075  -1.910636219649841
12082    -0.73351860824934123  0.003293203809287229  -1.9076670971684
12083    -0.87018989615470299  0.78730471329315466  -2.979636033699911
12084    -0.74087950481570219  0.54168298496614864  -2.9739584755456967
12085    -0.65954838947098371  0.27581503093624027  -2.971322657392188
12086    -0.63138468702450745  0.00061960455351026122  -2.9705785938833253
12087    -0.84090743380834887  0.791321714420677  -4
12088    -0.7097760397069186  0.54459534265517495  -4.0000000000000027
12089    -0.62809984684533049  0.27738604501929515  -4.0000000000000027
12090    -0.60000004756403713  -0.00036818136199090468  -4.0000000000000044
12091    -0.75606934364298428  0.90211052365720068  -0.071992688565251747
12092    -0.67899362641938132  0.6191008097886187  -0.0066902153566563913
12093    -0.62957697904183818  0.3215771811748237  0.019289344432327705
12094    -0.61232918600223696  0.008453644026589973  0.024821198094804164
12095    -0.64318666933921986  0.87893075420595235  -1.4255890613147952
12096    -0.56050839806628749  0.60097607642241468  -1.3911988321364352
12097    -0.50765296358208867  0.30885729645469717  -1.3801110701696975
12098    -0.4891764222532074  0.0041376981723787315  -1.3787909040855668
12099    -0.58027727272478768  0.86023232307573561  -2.8159064541501477
12100    -0.49409814945352382  0.58597865466200183  -2.8059671699174782
12101    -0.43990562991366683  0.29791069662512282  -2.8033099066884422
12102    -0.4211556594095951  0.00097957051997424327  -2.8032644740533197
12103    -0.56076814293446986  0.85254782498400683  -3.9999999999999996
12104    -0.47337985094596374  0.57973024688104968  -4.0000000000000027
12105    -0.41896169311735232  0.29325738486450742  -4.0000000000000036
12106    -0.40026113100893762  -0.0002454296489721175  -4.0000000000000044
12107    -0.37816876205415184  1.0439372472899917  0.76851068803674971
12108    -0.33962890971349924  0.71395391421907894  0.86263443981571086
12109    -0.31492199215115041  0.37414749662375207  0.89453776075925673
12110    -0.30628655650079561  0.0096893093839275045  0.89893698849749648
12111    -0.32177598208327918  0.98147111055655401  -0.91135137408149047
12112    -0.28045998100401293  0.66770322274482119  -0.86203296417502828
12113    -0.25405741304816443  0.34533261589918685  -0.84958592068955407
12114    -0.24483423625707318  0.0049821925354702479  -0.84991471100273386
12115    -0.29036464929487266  0.93315993285831667  -2.652176874600384
12116    -0.24731679409134522  0.63027432435785535  -2.6379758642892601
12117    -0.22026287035634992  0.32000636231400525  -2.6352971559846963
12118    -0.21092663179468268  0.0013395364864381976  -2.635950354223314
12119    -0.28062885206059079  0.91377393554733655  -3.9999999999999987
12120    -0.23698366218500899  0.6148651511069243  -4.0000000000000027
12121    -0.20982353938937426  0.30912872470971964  -4.0000000000000044
12122    -0.20052221445383811  -0.00012267793595333032  -4.0000000000000053
12123    -0.94531845326187092  -0.25508398348474176  -0.85426759885262515
12124    -1.0206127840713324  -0.51170029085094526  -0.87305210753354157
12125    -1.1375363449437621  -0.74972860955055443  -0.90850581477601822
12126    -1.2893706728908552  -0.95626660570476474  -0.96348641700543713
12127    -0.76185548478970122  -0.26597218376513659  -1.9096658585361685
12128    -0.84171267624611945  -0.52837044247049614  -1.9187113671941478
12129    -0.96638405518224368  -0.77140010082602728  -1.9376349194441627
12130    -1.1291634941617192  -0.98255968735096544  -1.9692678115880402
12131    -0.65979977668072409  -0.27458279067082425  -2.9710254182844582
12132    -0.74133337231821272  -0.54050488162019905  -2.9734610049822363
12133    -0.87086611285214577  -0.78627776053651111  -2.9789834803025235
12134    -1.0432786371976923  -1.0010325196616578  -2.9886909705711928
12135    -0.62821213851540569  -0.27808259501437188  -3.9999999999999982
12136    -0.70998292578685618  -0.545195860784637  -4
12137    -0.8412005658714502  -0.7918050910294604  -4
12138    -1.0177532152622453  -1.0080073981055166  -4
12139    -0.63027912906467609  -0.30501496020646818  0.02214598609051947
12140    -0.68046433998024569  -0.60362877224609424  -0.001518556861096134
12141    -0.7584075782213211  -0.88855625913855119  -0.064831582077410008
12142    -0.85963160326027366  -1.1609658879301001  -0.18645224087579068
12143    -0.50807378270121151  -0.30068274460371158  -1.3784927301812999
12144    -0.56132175115529803  -0.59321725844930562  -1.3883724966539532
12145    -0.64444893039350126  -0.87207236008966726  -1.4217476600242058
12146    -0.75298392319385188  -1.1358545662500594  -1.4919356768127379
12147    -0.44012366143297177  -0.29594741704419264  -2.8028181413229287
12148    -0.49450548064314931  -0.58406298643485277  -2.805128630897967
12149    -0.58088769409605434  -0.85850605656221668  -2.8147814320035018
12150    -0.69585687884761016  -1.1144155463364955  -2.8363620338646141
12151    -0.4191018290556307  -0.29372170234318151  -3.9999999999999982
12152    -0.47364832464904527  -0.58013054311598067  -4
12153    -0.56115938878455529  -0.85287002687181823  -4.0000000000000009
12154    -0.67889379245753301  -1.1053382285151452  -4
12155    -0.31523980486748121  -0.35494593692819465  0.89855957103366435
12156    -0.34031589588915873  -0.69555725364124321  0.87001499381134983
12157    -0.37927881149887976  -1.0273839087265477  0.77884265062119851
12158    -0.42989253362969215  -1.3656651701554359  0.59058193525385572
12159    -0.25429208061272163  -0.33539330544228663  -0.84731960182643096
12160    -0.28093082606447689  -0.65806407442811543  -0.858033626113759
12161    -0.32251380560475851  -0.97274461935330758  -0.90586040060424922
12162    -0.3768043522259848  -1.2891494451491532  -1.0146035420374355
12163    -0.22044754618521928  -0.31731204341756081  -2.6346108643614001
12164    -0.247677588968086  -0.62762109124950649  -2.6367962568136973
12165    -0.29090927533996286  -0.93073435258792248  -2.6505793837044807
12166    -0.34843512049752801  -1.2277985730113337  -2.6840330971580348
12167    -0.20999151959585571  -0.30936080967199131  -3.9999999999999991
12168    -0.23731372351123417  -0.61506522544732412  -4.0000000000000009
12169    -0.28111821169766027  -0.9139349627141764  -4
12170    -0.3400343696528203  -1.2026690589247722  -4.0000000000000018
12171    -1.4789746855890546  -1.1240753816253828  -1.0276987982096981
12172    -1.7026132230332687  -1.2509186522145275  -1.0929136398422408
12173    -1.9436767057128908  -1.3313980024788636  -1.1650873345267556
12174    -2.1855555541173159  -1.360115017425056  -1.2501762748869312
12175    -1.3317859128610239  -1.1540695917807664  -2.0049424274107763
12176    -1.5695022737742581  -1.2830723569966098  -2.0383584950997133
12177    -1.8258805136915055  -1.3644497412363155  -2.0758983275601879
12178    -2.084488569402847  -1.3930835027377035  -2.1239442376975415
12179    -1.2557336605953378  -1.1759340743029361  -2.9993935694598668
12180    -1.500519082111514  -1.3064154818905251  -3.0088555097896075
12181    -1.7652033164003065  -1.388010047850647  -3.0196061266104541
12182    -2.0373547781158017  -1.4162510776095241  -3.0341747549724447
12183    -1.234098367831362  -1.1843943431524291  -4
12184    -1.4808226781914056  -1.3154240695899104  -4
12185    -1.7480080439461592  -1.3969935631947759  -4
12186    -2.0257363626994032  -1.4249998097438379  -3.9999999999999991
12187    -0.98603982414503233  -1.3965112298876041  -0.35861881797804646
12188    -1.1351539086560101  -1.571287571733524  -0.56860791158558588
12189    -1.2959240043643063  -1.6871259536975196  -0.82763614323517709
12190    -1.4573002588410207  -1.7458574160092502  -1.1469201344635853
12191    -0.88808411058265502  -1.3689500001286781  -1.5957793790197641
12192    -1.0465922380619614  -1.5554785010934669  -1.7242193010500844
12193    -1.2175649551234276  -1.6936471601243055  -1.8817194530312493
12194    -1.3900589112587074  -1.7816630682010755  -2.072743845090812
12195    -0.83752217746465552  -1.3428566084210565  -2.8691542652901005
12196    -1.0007452663055287  -1.5362874483313329  -2.9100421047933103
12197    -1.1772415231134015  -1.6919365642556337  -2.9600112661561599
12198    -1.3587263256314461  -1.8070324543822687  -3.0200474631605627
12199    -0.82315653158272462  -1.3312628554723751  -4
12200    -0.98767204256853458  -1.5269493366899847  -4
12201    -1.1658282571508176  -1.6896623293525179  -4
12202    -1.3510131070654272  -1.816666490644514  -3.9999999999999996
12203    -0.49310496270101006  -1.6689470781498263  0.31046116225360521
12204    -0.56769459427875191  -1.8916564912525209  -0.044302183328931065
12205    -0.64817130301572168  -2.0428539049161749  -0.49018495194359812
12206    -0.72904496356472603  -2.1315998145934443  -1.0436639940402401
12207    -0.44438230830428604  -1.5838304084765904  -1.1866163306287516
12208    -0.52368220234966478  -1.8278846451903235  -1.4100801070004561
12209    -0.6092493965553496  -2.0228445790122951  -1.6875405785023097
12210    -0.69562925311456802  -2.1702426336644471  -2.0215434524840816
12211    -0.41931069433397278  -1.5097791425391773  -2.7389149611203321
12212    -0.5009714504995435  -1.7661594147721409  -2.8112286997970131
12213    -0.58927972982649668  -1.9958630806606195  -2.9004164057018658
12214    -0.68009787314709091  -2.1978138311550128  -3.0059201713486807
12215    -0.4122146953340875  -1.4781313677923211  -3.9999999999999996
12216    -0.49452140694566366  -1.7384746037900591  -3.9999999999999996
12217    -0.58364847035547673  -1.9823310955102587  -4.0000000000000009
12218    -0.67628985143145237  -2.2083331715451906  -3.9999999999999982
12219    -2.4271912015662656  -1.3332523462600283  -1.3344300366096666
12220    -2.6676602485886596  -1.2544032670630811  -1.4047325905845605
12221    -2.890555866487686  -1.1292853081494425  -1.4679919222393525
12222    -3.0794712265665365  -0.96361599783434315  -1.5311160170017837
12223    -2.3429502069988337  -1.3652796230103375  -2.1715018310197252
12224    -2.5989628622430394  -1.2844198357699772  -2.2079473678454913
12225    -2.8362049764350941  -1.1559995275637391  -2.2402191432963816
12226    -3.0383549908746237  -0.98551408493873649  -2.2752554524939406
12227    -2.3094401507065543  -1.3880462875314625  -3.0485920225532332
12228    -2.5739514528375826  -1.3063644483133046  -3.0590033960800165
12229    -2.8184951019876738  -1.1758304468800789  -3.0681104691771521
12230    -3.0306775156356132  -1.0010691701568166  -3.0786148354689953
12231    -2.3034321138964557  -1.3967110237266684  -4
12232    -2.5705255352787688  -1.3148716438032586  -3.9999999999999996
12233    -2.8171071618943313  -1.1835929920060602  -4.0000000000000009
12234    -3.0332675287911375  -1.0069863903675227  -4.0000000000000018
12235    -1.9211220683294046  -1.7283413196688251  -1.3135034506833565
12236    -2.323856228857796  -1.6539354474732491  -1.4227039509660708
12237    -2.6762538582616382  -1.5114585967700902  -1.5056031282305051
12238    -2.9890660743763755  -1.2897295649069203  -1.5932824753954364
12239    -1.8401379105197198  -1.7610670212853297  -2.1654197678393374
12240    -2.2506994760785557  -1.6843768424344703  -2.2168429191300758
12241    -2.6225487047029254  -1.5418544914623973  -2.252680101224795
12242    -2.956490693160533  -1.3237619281830078  -2.2985981163852678
12243    -1.7950341403869143  -1.7835409697696982  -3.047876167177074
12244    -2.2133606875642213  -1.7049724125962493  -3.0614543539021404
12245    -2.6045990919971422  -1.562810489687952  -3.0701619252534522
12246    -2.9596424785194491  -1.348538907870839  -3.083378783148695
12247    -1.7810561335405266  -1.791892445784024  -3.9999999999999996
12248    -2.2029008681058713  -1.7125438854335227  -3.9999999999999982
12249    -2.6029411845586807  -1.5706195986147047  -3.9999999999999991
12250    -2.9675709566961852  -1.3581183743492615  -3.9999999999999991
12251    -1.4150529350925436  -2.1234302930776217  -1.2925768647570459
12252    -1.9800522091269324  -2.0534676278834167  -1.4406753113475819
12253    -2.4619518500355886  -1.8936318853907377  -1.5432143342216584
12254    -2.898660922186215  -1.615843131979499  -1.655448933789089
12255    -1.3373256140406062  -2.1568544195603216  -2.1593377046589501
12256    -1.902436089914072  -2.0843338490989631  -2.225738470414659
12257    -2.4088924329707559  -1.9277094553610559  -2.2651410591532071
12258    -2.8746263954464437  -1.6620097714272792  -2.3219407802765941
12259    -1.2806281300672742  -2.1790356520079337  -3.0471603118009156
12260    -1.85276992229086  -2.1035803768791945  -3.0639053117242643
12261    -2.3907030820066089  -1.9497905324958247  -3.0722133813297519
12262    -2.8886074414032832  -1.696008645584862  -3.0881427308283969
12263    -1.2586801531845981  -2.1870738678413795  -4
12264    -1.8352762009329724  -2.1102161270637869  -4
12265    -2.3887752072230302  -1.9576462052233485  -3.9999999999999996
12266    -2.9018743846012311  -1.7092503583310001  -3.9999999999999982
12267    -0.90898380185568217  -2.5185192664864178  -1.2716502788307356
12268    -1.6362481893960683  -2.4529998082935851  -1.4586466717290922
12269    -2.2476498418095407  -2.2758051740113858  -1.5808255402128117
12270    -2.8082557699960558  -1.9419566990520758  -1.7176153921827422
12271    -0.83451331756149238  -2.5526418178353127  -2.1532556414785633
12272    -1.5541727037495889  -2.4842908557634558  -2.234634021699244
12273    -2.1952361612385878  -2.3135644192597153  -2.27760201708162
12274    -2.7927620977323517  -2.0002576146715505  -2.3452834441679205
12275    -0.7662221197476341  -2.5745303342461692  -3.0464444564247568
12276    -1.4921791570174985  -2.502188341162138  -3.0663562695463886
12277    -2.1768070720160786  -2.3367705753036976  -3.0742648374060524
12278    -2.8175724042871186  -2.0434783832988836  -3.0929066785080988
12279    -0.73630417282866889  -2.5822552898987334  -4.0000000000000009
12280    -1.4676515337600744  -2.5078883686940503  -3.9999999999999973
12281    -2.1746092298873796  -2.3446728118319928  -3.9999999999999991
12282    -2.8361778125062784  -2.0603823423127392  -3.9999999999999947
12283    -3.2307638534407799  -0.75960994852157582  -1.5857186004591424
12284    -3.3471165707847828  -0.52394740335157231  -1.6209983383575683
12285    -3.4216104984899309  -0.269044336744518  -1.6402406263630758
12286    -3.4473267564476102  -0.0073167231205985006  -1.646730860141681
12287    -3.2007494127327503  -0.77566536473688574  -2.306610578274753
12288    -3.325037814191524  -0.5337287565621347  -2.3253127760546093
12289    -3.4043682340669559  -0.27205994610464784  -2.3345112998238462
12290    -3.4318887111750582  -0.0030146190545912582  -2.3373554035728072
12291    -3.2028224347731378  -0.786573064704295  -3.0882254446419153
12292    -3.3320736653968099  -0.54099202192930218  -3.0936565726542415
12293    -3.4132677224926526  -0.27518709602588981  -3.0961178025382492
12294    -3.4412411210466916  -1.9341188108146223e-05  -3.0968187173262187
12295    -3.209598801654844  -0.7905951617353173  -4.0000000000000009
12296    -3.3405653446353107  -0.54383567203376137  -4.0000000000000009
12297    -3.4220659904768191  -0.27662880791029287  -4.0000000000000036
12298    -3.4499995719236471  0.0011045439876523067  -4.0000000000000071
12299    -3.2646772547610312  -1.0099104295161272  -1.6714878876446551
12300    -3.4853498823843951  -0.70175195739449259  -1.7131246692294109
12301    -3.6316522331965571  -0.36695597963617849  -1.730013426669669
12302    -3.6841525831476165  -0.0072243273353470531  -1.7339747664853948
12303    -3.2574810055536716  -1.0454677705555513  -2.3432993901492529
12304    -3.5097565577526013  -0.73067557774344505  -2.3643591551775636
12305    -3.6830444741769734  -0.38214972136683445  -2.3707534244165411
12306    -3.7470718792464428  -0.0026545730458675254  -2.3714582108125324
12307    -3.2815188516356715  -1.0734359734946377  -3.0970399297807756
12308    -3.5555125715822893  -0.75567580006547708  -3.1029435032299579
12309    -3.7459012967909908  -0.39708580514398845  -3.1042641092449741
12310    -3.8169626856934729  0.00050659370919639568  -3.1041763535745566
12311    -3.2981240717255549  -1.0847689497214335  -4
12312    -3.58019245758878  -0.76632619238877908  -4
12313    -3.7765570491852904  -0.40382808723296715  -4.0000000000000018
12314    -3.8499987814145205  0.0016873808643318444  -4.0000000000000027
12315    -3.2985906560812834  -1.2602109105106787  -1.7572571748301671
12316    -3.6235831939840062  -0.87955651143741298  -1.8052510001012534
12317    -3.841693967903185  -0.46486762252783931  -1.8197862269762619
12318    -3.9209784098476246  -0.0071319315500956064  -1.8212186728291082
12319    -3.3142125983745929  -1.3152701763742172  -2.3799882020237519
12320    -3.6944753013136782  -0.92762239892475551  -2.403405534300517
12321    -3.9617207142869915  -0.49223949662902095  -2.4069955490092338
12322    -4.0622550473178265  -0.0022945270371437232  -2.4055610180522566
12323    -3.3602152684982065  -1.3602988822849809  -3.1058544149196337
12324    -3.77895147776777  -0.97035957820165208  -3.1122304338056743
12325    -4.0785348710893308  -0.51898451426208692  -3.112410415951699
12326    -4.1926842503402533  0.0010325286065008821  -3.1115339898228935
12327    -3.3866493417962662  -1.3789427377075509  -4.0000000000000018
12328    -3.8198195705422493  -0.98881671274379668  -4
12329    -4.131048107893764  -0.53102736655564131  -4.0000000000000009
12330    -4.2499979909053929  0.0022702177410113267  -4.0000000000000027
12331    -3.3325040574015348  -1.5105113915052302  -1.84302646201568
12332    -3.7618165055836172  -1.0573610654803334  -1.8973773309730964
12333    -4.0517357026098129  -0.56277926541950019  -1.9095590272828546
12334    -4.1578042365476309  -0.007039535764844132  -1.908462579172822
12335    -3.3709441911955143  -1.5850725821928828  -2.4166770138982523
12336    -3.8791940448747559  -1.1245692201060657  -2.4424519134234699
12337    -4.2403969543970099  -0.60232927189120755  -2.4432376736019279
12338    -4.3774382153892102  -0.0019344810284199765  -2.43966382529198
12339    -3.4389116853607389  -1.6471617910753236  -3.1146689000584935
12340    -4.0023903839532489  -1.1850433563378264  -3.1215173643813907
12341    -4.4111684453876707  -0.64088322338018577  -3.1205567226584234
12342    -4.5684058149870337  0.0015584635038055072  -3.1188916260712305
12343    -3.4751746118669762  -1.6731165256936664  -4
12344    -4.0594466834957181  -1.2113072330988146  -3.9999999999999991
12345    -4.4855391666022353  -0.65822664587831548  -3.9999999999999996
12346    -4.6499972003962675  0.0028530546176908089  -3.9999999999999991
12347    -3.4195347402028724  0.25505982081719436  -1.6423542837156275
12348    -3.3428524044626653  0.51161172387878051  -1.6247139164885438
12349    -3.2243837078612176  0.74947607991334264  -1.5906718171985179
12350    -3.0712326090327533  0.95578998277006322  -1.5370900445836368
12351    -3.4030632819039166  0.26628454106847504  -2.3357125630723221
12352    -3.322496063415  0.52862737904285428  -2.3273505219180657
12353    -3.197045215684398  0.77152700162517818  -2.3092689358376202
12354    -3.0335688986881957  0.98249651557207862  -2.278467460558574
12355    -3.412563858599166  0.2751829967042389  -3.0964835833455369
12356    -3.3307112330315878  0.54107400507622672  -3.0942626035714169
12357    -3.2008777098418788  0.78676612969112825  -3.0890042660078656
12358    -3.0282577545279583  1.0013718163122161  -3.0795570586588865
12359    -3.4216044907323178  0.27880479206312869  -4.0000000000000009
12360    -3.3396402211599003  0.54590082979490506  -4.0000000000000009
12361    -3.208287204701513  0.79245449814912661  -4.0000000000000044
12362    -3.0317258828522693  1.0085276380919375  -4.0000000000000071
12363    -3.6282534171977061  0.35617257211245629  -1.7321193086127546
12364    -3.4773545443139557  0.69753772517526957  -1.7164291011777741
12365    -3.2540202264569542  1.0085294515543064  -1.6760318929852052
12366    -2.9808147255872828  1.2808060709507811  -1.6000554328397978
12367    -3.6807600932725295  0.37884299902331531  -2.3719249937530558
12368    -3.504600279654686  0.73086369423918207  -2.3660729828206311
12369    -3.2506743274444632  1.0468744923734989  -2.3455797862540764
12370    -2.9510641256934074  1.3203423731980322  -2.3021230122922232
12371    -3.7445934510923453  0.39861013246418464  -3.1046159070306669
12372    -3.552754073813345  0.75799801677484191  -3.1034332579461177
12373    -3.2778178643228393  1.0757395336061755  -3.0976752383509059
12374    -2.9561581330871873  1.3489039699231939  -3.0843886802750262
12375    -3.7756680104186247  0.40706732157912717  -4.0000000000000018
12376    -3.5784436273069042  0.76920604583136876  -4.0000000000000018
12377    -3.2956993694295278  1.087136370605299  -4.0000000000000044
12378    -2.9648089741366594  1.3598911128851601  -4.0000000000000053
12379    -3.8369720941925398  0.45728532340771838  -1.8218843335098813
12380    -3.6118566841652484  0.88346372647175864  -1.8081442858670045
12381    -3.2836567450526917  1.2675828231952702  -1.761391968771892
12382    -2.89039684214181  1.6058221591314985  -1.6630208210959598
12383    -3.9584569046411429  0.49140145697815568  -2.4081374244337903
12384    -3.6867044958943729  0.93310000943550986  -2.4047954437231951
12385    -3.3043034392045296  1.32222198312182  -2.3818906366705326
12386    -2.8685593526986191  1.6581882308239855  -2.3257785640258728
12387    -4.0766230435855251  0.52203726822413044  -3.1127482307157992
12388    -3.774796914595103  0.9749220284734571  -3.1126039123208198
12389    -3.3547580188037975  1.364712937521223  -3.1063462106939457
12390    -2.8840585116464168  1.6964361235341709  -3.089220301891165
12391    -4.1297315301049311  0.53532985109512565  -4.0000000000000018
12392    -3.8172470334539086  0.99251126186783234  -4.0000000000000009
12393    -3.383111534157544  1.3818182430614707  -4.0000000000000018
12394    -2.8978920654210505  1.7112545876783836  -4.0000000000000027
12395    -4.045690771187374  0.55839807470298042  -1.911649358407008
12396    -3.746358824016538  1.0693897277682478  -1.8998594705562344
12397    -3.3132932636484278  1.5266361948362341  -1.8467520445585788
12398    -2.7999789586963391  1.9308382473122161  -1.7259862093521214
12399    -4.2361537160097553  0.60395991493299617  -2.4443498551145235
12400    -3.868808712134058  1.135336324631838  -2.44351790462576
12401    -3.3579325509645939  1.5975694738701409  -2.4182014870869897
12402    -2.7860545797038299  1.996034088449939  -2.3494341157595211
12403    -4.4086526360787044  0.64546440398407623  -3.1208805544009293
12404    -3.9968397553768589  1.1918460401720721  -3.1217745666955197
12405    -3.4316981732847567  1.6536863414362708  -3.1150171830369868
12406    -2.8119588902056454  2.0439682771451477  -3.0940519235073038
12407    -4.4837950497912358  0.66359238061112469  -4.0000000000000018
12408    -4.056050439600912  1.2158164779042959  -4
12409    -3.4705236988855588  1.6765001155176429  -4.0000000000000018
12410    -2.8309751567054415  2.0626180624716053  -4.0000000000000009
12411    -2.8808500706970785  1.123510259338562  -1.4744055034636641
12412    -2.6569451362127361  1.250480275154304  -1.4108401372668471
12413    -2.4160088851720767  1.3311669320352424  -1.3399335626440054
12414    -2.8306147999797164  1.1538737410776387  -2.2437115812671102
12415    -2.5929929090895376  1.2828724738217379  -2.2113023500952989
12416    -2.3369548389596488  1.3643197837897008  -2.1745427731895473
12417    -2.8158472230074119  1.1760969827669738  -3.0691440680264797
12418    -2.5713616563450112  1.3064446148661282  -3.0600022709068879
12419    -2.3070750477595063  1.3879727603478142  -3.0495009907454382
12420    -2.8155833596100122  1.1847184126167183  -3.9999999999999978
12421    -2.5692239913481689  1.3155555775912064  -3.9999999999999969
12422    -2.3024340981253117  1.3969968632930763  -3.999999999999996
12423    -2.670838106895939  1.495274265739915  -1.5147121331497235
12424    -2.3172503539918177  1.641332771982446  -1.432695406246411
12425    -1.91270560646236  1.7233779899078683  -1.3228545008195098
12426    -2.6188802144875716  1.533717805870332  -2.2575436728892599
12427    -2.2465703138445705  1.6777657767157435  -2.2221289972633995
12428    -1.8352220827133077  1.7584250412577243  -2.170225919549484
12429    -2.601772131363302  1.5612704214085997  -3.0715815994279931
12430    -2.2107515273735929  1.7034921749027567  -3.062987231270986
12431    -1.7926112570326929  1.7829498041071621  -3.0492402374614627
12432    -2.6003320589039252  1.5718141694546937  -3.9999999999999996
12433    -2.2008086705551984  1.7132393365248015  -3.9999999999999982
12434    -1.7795831904630379  1.7921842802204662  -3.9999999999999991
12435    -2.4608261430947982  1.8670382721412659  -1.5550187628357828
12436    -1.9775555717709001  2.0321852688105877  -1.454550675225976
12437    -1.4094023277526433  2.1155890477804942  -1.3057754389950136
12438    -2.4071456289954254  1.9135618706630246  -2.2713757645114114
12439    -1.9001477185996059  2.0726590796097484  -2.2329556444314984
12440    -1.3334893264669667  2.1525302987257477  -2.1659090659094207
12441    -2.3876970397191921  1.9464438600502252  -3.0740191308295066
12442    -1.8501413984021744  2.1005397349393857  -3.0659721916350846
12443    -1.2781474663058789  2.1779268478665097  -3.0489794841774867
12444    -2.385080758197839  1.9589099262926684  -4.0000000000000009
12445    -1.8323933497622278  2.1109230954583964  -4
12446    -1.2567322828007641  2.1873716971478561  -3.9999999999999996
12447    -2.2508141792936578  2.2388022785426189  -1.5953253925218422
12448    -1.6378607895499822  2.4230377656387296  -1.4764059442055399
12449    -0.90609904904292649  2.5078001056531192  -1.2886963771705178
12450    -2.195411043503281  2.2934059354557181  -2.2852078561335625
12451    -1.5537251233546383  2.4675523825037553  -2.2437822915995982
12452    -0.83175657022062544  2.5466355561937712  -2.1615922122693574
12453    -2.1736219480750809  2.3316172986918513  -3.0764566622310197
12454    -1.4895312694307554  2.4975872949760149  -3.068957151999185
12455    -0.76368367557906525  2.5729038916258555  -3.0487187308935106
12456    -2.1698294574917516  2.3460056831306439  -4
12457    -1.4639780289692572  2.5086068543919917  -3.9999999999999987
12458    -0.73388137513849028  2.582559114075246  -4.0000000000000018
12459    2.0250000000000004  1.4250000000000003  -5
12460    2.302577420186195  1.3968340389617284  -5
12461    2.5696812902054069  1.3151730618618327  -5
12462    2.8163513059196221  1.1840823446287283  -5
12463    3.0326271631908295  1.0076271631908307  -5
12464    2.0250000000000004  1.4250000000000003  -6
12465    2.302577420186195  1.3968340389617284  -6
12466    2.5696812902054069  1.3151730618618327  -6
12467    2.8163513059196221  1.1840823446287283  -6
12468    3.032627163190829  1.0076271631908305  -6
12469    2.0250000000000004  1.4250000000000003  -7
12470    2.302577420186195  1.3968340389617284  -7
12471    2.5696812902054065  1.3151730618618327  -7
12472    2.8163513059196217  1.1840823446287279  -7
12473    3.0326271631908286  1.0076271631908298  -7
12474    2.0250000000000004  1.4250000000000003  -8
12475    2.302577420186195  1.3968340389617284  -8
12476    2.5696812902054065  1.3151730618618325  -8
12477    2.8163513059196208  1.1840823446287274  -8
12478    3.0326271631908277  1.0076271631908289  -8
12479    1.3500000000000005  1.8166666666666669  -5
12480    1.7798556318470999  1.7920066882778163  -5
12481    2.2016815160698613  1.712827058184818  -5
12482    2.6018078912633493  1.571099223587398  -5
12483    2.9665649960226332  1.3587946316852844  -5
12484    1.3500000000000005  1.8166666666666669  -6
12485    1.7798556318470999  1.7920066882778163  -6
12486    2.2016815160698613  1.712827058184818  -6
12487    2.6018078912633493  1.571099223587398  -6
12488    2.9665649960226332  1.3587946316852841  -6
12489    1.3500000000000005  1.8166666666666669  -7
12490    1.7798556318470999  1.7920066882778163  -7
12491    2.2016815160698608  1.712827058184818  -7
12492    2.6018078912633489  1.5710992235873975  -7
12493    2.9665649960226328  1.358794631685283  -7
12494    1.3500000000000005  1.8166666666666669  -8
12495    1.7798556318470999  1.7920066882778163  -8
12496    2.2016815160698608  1.7128270581848177  -8
12497    2.6018078912633484  1.5710992235873966  -8
12498    2.9665649960226324  1.3587946316852821  -8
12499    0.67500000000000049  2.2083333333333335  -5
12500    1.2571338435080051  2.1871793375939039  -5
12501    1.8336817419343152  2.1104810545078032  -5
12502    2.3872644766070765  1.9581161025460676  -5
12503    2.9005028288544366  1.7099621001797378  -5
12504    0.67500000000000049  2.2083333333333335  -6
12505    1.2571338435080051  2.1871793375939039  -6
12506    1.8336817419343152  2.1104810545078032  -6
12507    2.3872644766070765  1.9581161025460676  -6
12508    2.900502828854437  1.7099621001797372  -6
12509    0.67500000000000049  2.2083333333333335  -7
12510    1.2571338435080051  2.1871793375939039  -7
12511    1.833681741934315  2.1104810545078032  -7
12512    2.3872644766070765  1.9581161025460667  -7
12513    2.9005028288544366  1.709962100179736  -7
12514    0.67500000000000049  2.2083333333333335  -8
12515    1.2571338435080051  2.1871793375939039  -8
12516    1.8336817419343152  2.1104810545078032  -8
12517    2.3872644766070761  1.9581161025460661  -8
12518    2.9005028288544366  1.7099621001797347  -8
12519    4.4408920985006262e-16  2.6000000000000001  -5
12520    0.73441205516890973  2.5823519869099916  -5
12521    1.4656819677987694  2.5081350508307878  -5
12522    2.1727210619508042  2.3451329815047375  -5
12523    2.8344406616862403  2.0611295686741915  -5
12524    4.4408920985006262e-16  2.6000000000000001  -6
12525    0.73441205516890973  2.5823519869099916  -6
12526    1.4656819677987696  2.5081350508307878  -6
12527    2.1727210619508046  2.3451329815047375  -6
12528    2.8344406616862408  2.0611295686741906  -6
12529    4.4408920985006262e-16  2.6000000000000001  -7
12530    0.73441205516890984  2.5823519869099916  -7
12531    1.4656819677987691  2.5081350508307878  -7
12532    2.1727210619508042  2.3451329815047366  -7
12533    2.8344406616862408  2.0611295686741897  -7
12534    4.4408920985006262e-16  2.6000000000000001  -8
12535    0.73441205516890995  2.5823519869099916  -8
12536    1.4656819677987696  2.5081350508307878  -8
12537    2.1727210619508042  2.3451329815047357  -8
12538    2.8344406616862412  2.061129568674188  -8
12539    3.2090925661916505  0.79132171442067678  -5
12540    3.340223960293081  0.54459534265517495  -5
12541    3.421900153154668  0.27738604501929581  -5
12542    3.4499999524359604  -0.00036818136198979445  -5
12543    3.2090925661916505  0.79132171442067678  -6
12544    3.340223960293081  0.54459534265517495  -6
12545    3.421900153154668  0.27738604501929581  -6
12546    3.4499999524359604  -0.00036818136198979445  -6
12547    3.2090925661916505  0.79132171442067678  -7
12548    3.340223960293081  0.54459534265517495  -7
12549    3.421900153154668  0.27738604501929581  -7
12550    3.4499999524359604  -0.00036818136198979445  -7
12551    3.2090925661916505  0.79132171442067678  -8
12552    3.340223960293081  0.54459534265517495  -8
12553    3.4219001531546684  0.27738604501929581  -8
12554    3.4499999524359604  -0.00036818136198979445  -8
12555    3.2972913966820205  1.0856274188092763  -5
12556    3.5796057554917096  0.76733981696602827  -5
12557    3.7762584549205975  0.40494541686905  -5
12558    3.8499998774375825  -0.00054219076814932443  -5
12559    3.2972913966820205  1.0856274188092763  -6
12560    3.5796057554917096  0.76733981696602827  -6
12561    3.7762584549205971  0.40494541686904989  -6
12562    3.8499998774375825  -0.00054219076814954648  -6
12563    3.2972913966820205  1.0856274188092763  -7
12564    3.5796057554917091  0.76733981696602815  -7
12565    3.7762584549205975  0.40494541686904967  -7
12566    3.8499998774375825  -0.00054219076814991662  -7
12567    3.2972913966820205  1.0856274188092763  -8
12568    3.5796057554917096  0.76733981696602804  -8
12569    3.776258454920598  0.40494541686904939  -8
12570    3.8499998774375825  -0.00054219076815043466  -8
12571    3.385490227172391  1.3799331231978755  -5
12572    3.818987550690339  0.99008429127688147  -5
12573    4.1306167566865266  0.53250478871880425  -5
12574    4.2499998024392047  -0.00071620017430885463  -5
12575    3.385490227172391  1.3799331231978755  -6
12576    3.8189875506903386  0.99008429127688136  -6
12577    4.1306167566865257  0.53250478871880402  -6
12578    4.2499998024392047  -0.00071620017430929872  -6
12579    3.385490227172391  1.3799331231978755  -7
12580    3.818987550690339  0.99008429127688113  -7
12581    4.1306167566865266  0.53250478871880358  -7
12582    4.2499998024392047  -0.0007162001743100388  -7
12583    3.3854902271723906  1.3799331231978755  -8
12584    3.8189875506903386  0.99008429127688102  -8
12585    4.1306167566865275  0.53250478871880302  -8
12586    4.2499998024392047  -0.00071620017431107508  -8
12587    3.473689057662761  1.6742388275864752  -5
12588    4.058369345888968  1.212828765587735  -5
12589    4.4849750584524566  0.66006416056855821  -5
12590    4.6499997274408278  -0.00089020958046837073  -5
12591    3.473689057662761  1.6742388275864752  -6
12592    4.058369345888968  1.212828765587735  -6
12593    4.4849750584524566  0.66006416056855788  -6
12594    4.6499997274408278  -0.00089020958046903687  -6
12595    3.473689057662761  1.6742388275864752  -7
12596    4.0583693458889671  1.2128287655877346  -7
12597    4.4849750584524557  0.66006416056855732  -7
12598    4.6499997274408278  -0.00089020958047014709  -7
12599    3.4736890576627606  1.6742388275864752  -8
12600    4.0583693458889671  1.2128287655877343  -8
12601    4.4849750584524575  0.66006416056855655  -8
12602    4.6499997274408278  -0.0008902095804717014  -8
12603    3.4217878614845953  -0.27808259501437166  -5
12604    3.340017074213145  -0.54519586078463689  -5
12605    3.2087994341285513  -0.79180509102946028  -5
12606    3.0322467847377563  -1.0080073981055171  -5
12607    3.4217878614845953  -0.27808259501437166  -6
12608    3.340017074213145  -0.54519586078463689  -6
12609    3.2087994341285513  -0.79180509102946028  -6
12610    3.0322467847377563  -1.0080073981055171  -6
12611    3.4217878614845953  -0.27808259501437166  -7
12612    3.340017074213145  -0.54519586078463689  -7
12613    3.2087994341285508  -0.79180509102946028  -7
12614    3.0322467847377563  -1.0080073981055171  -7
12615    3.4217878614845953  -0.27808259501437166  -8
12616    3.3400170742131445  -0.545195860784637  -8
12617    3.2087994341285513  -0.79180509102946051  -8
12618    3.0322467847377563  -1.0080073981055175  -8
12619    3.7760041376557325  -0.40596755850268385  -5
12620    3.5791202649569898  -0.76820947786930893  -5
12621    3.2966110139635623  -1.0863057166209755  -5
12622    2.9657391392976558  -1.3592940425106348  -5
12623    3.7760041376557325  -0.40596755850268385  -6
12624    3.5791202649569898  -0.76820947786930893  -6
12625    3.2966110139635623  -1.0863057166209755  -6
12626    2.9657391392976562  -1.3592940425106348  -6
12627    3.7760041376557325  -0.40596755850268385  -7
12628    3.5791202649569898  -0.76820947786930893  -7
12629    3.2966110139635627  -1.0863057166209755  -7
12630    2.9657391392976562  -1.3592940425106343  -7
12631    3.7760041376557325  -0.40596755850268385  -8
12632    3.5791202649569898  -0.76820947786930882  -8
12633    3.2966110139635632  -1.0863057166209751  -8
12634    2.9657391392976571  -1.3592940425106343  -8
12635    4.1302204138268701  -0.53385252199099609  -5
12636    3.8182234557008354  -0.99122309495398064  -5
12637    3.3844225937985741  -1.3808063422124903  -5
12638    2.8992314938575552  -1.7105806869157525  -5
12639    4.1302204138268701  -0.53385252199099609  -6
12640    3.8182234557008354  -0.99122309495398064  -6
12641    3.3844225937985746  -1.3808063422124903  -6
12642    2.8992314938575556  -1.710580686915752  -6
12643    4.1302204138268701  -0.53385252199099609  -7
12644    3.8182234557008359  -0.99122309495398053  -7
12645    3.3844225937985741  -1.3808063422124899  -7
12646    2.8992314938575565  -1.7105806869157512  -7
12647    4.1302204138268701  -0.53385252199099609  -8
12648    3.818223455700835  -0.99122309495398031  -8
12649    3.3844225937985755  -1.3808063422124894  -8
12650    2.8992314938575574  -1.7105806869157512  -8
12651    4.4844366899980059  -0.66173748547930844  -5
12652    4.0573266464446798  -1.2142367120386528  -5
12653    3.4722341736335856  -1.6753069678040053  -5
12654    2.8327238484174559  -2.0618673313208702  -5
12655    4.4844366899980059  -0.66173748547930844  -6
12656    4.0573266464446798  -1.2142367120386528  -6
12657    3.472234173633586  -1.6753069678040051  -6
12658    2.8327238484174568  -2.0618673313208697  -6
12659    4.4844366899980059  -0.66173748547930844  -7
12660    4.0573266464446807  -1.2142367120386526  -7
12661    3.472234173633586  -1.6753069678040049  -7
12662    2.8327238484174577  -2.0618673313208693  -7
12663    4.4844366899980059  -0.66173748547930833  -8
12664    4.0573266464446807  -1.2142367120386526  -8
12665    3.4722341736335878  -1.675306967804004  -8
12666    2.8327238484174595  -2.0618673313208684  -8
12667    2.8159016321686394  -1.1843943431524291  -5
12668    2.5691773218085956  -1.3154240695899106  -5
12669    2.301991956053842  -1.3969935631947761  -5
12670    2.0242636373005971  -1.4249998097438388  -5
12671    2.8159016321686394  -1.1843943431524291  -6
12672    2.5691773218085956  -1.3154240695899106  -6
12673    2.301991956053842  -1.3969935631947761  -6
12674    2.0242636373005967  -1.4249998097438388  -6
12675    2.8159016321686394  -1.1843943431524291  -7
12676    2.5691773218085956  -1.3154240695899106  -7
12677    2.3019919560538415  -1.3969935631947763  -7
12678    2.0242636373005962  -1.424999809743839  -7
12679    2.8159016321686394  -1.1843943431524291  -8
12680    2.5691773218085951  -1.3154240695899111  -8
12681    2.3019919560538411  -1.3969935631947767  -8
12682    2.0242636373005953  -1.4249998097438397  -8
12683    2.6009422243305771  -1.5714762500760244  -5
12684    2.2008502804832668  -1.713114007986523  -5
12685    1.7790147044523799  -1.7921848951925483  -5
12686    1.3489868929345719  -1.8166664906445156  -5
12687    2.6009422243305771  -1.5714762500760244  -6
12688    2.2008502804832668  -1.713114007986523  -6
12689    1.7790147044523799  -1.7921848951925483  -6
12690    1.348986892934571  -1.8166664906445156  -6
12691    2.6009422243305771  -1.5714762500760244  -7
12692    2.2008502804832668  -1.713114007986523  -7
12693    1.779014704452379  -1.7921848951925485  -7
12694    1.3489868929345699  -1.8166664906445158  -7
12695    2.6009422243305771  -1.5714762500760244  -8
12696    2.2008502804832664  -1.7131140079865235  -8
12697    1.7790147044523781  -1.7921848951925485  -8
12698    1.3489868929345683  -1.8166664906445158  -8
12699    2.3859828164925152  -1.9585581569996195  -5
12700    1.8325232391579389  -2.1108039463831352  -5
12701    1.2560374528509182  -2.1873762271903203  -5
12702    0.67371014856854639  -2.2083331715451928  -5
12703    2.3859828164925152  -1.9585581569996195  -6
12704    1.8325232391579389  -2.1108039463831352  -6
12705    1.2560374528509177  -2.1873762271903203  -6
12706    0.67371014856854528  -2.2083331715451928  -6
12707    2.3859828164925152  -1.9585581569996195  -7
12708    1.8325232391579387  -2.1108039463831352  -7
12709    1.2560374528509168  -2.1873762271903208  -7
12710    0.67371014856854394  -2.2083331715451924  -7
12711    2.3859828164925152  -1.9585581569996195  -8
12712    1.8325232391579378  -2.1108039463831361  -8
12713    1.2560374528509157  -2.1873762271903203  -8
12714    0.67371014856854128  -2.2083331715451924  -8
12715    2.1710234086544524  -2.3456400639232151  -5
12716    1.4641961978326101  -2.5084938847797482  -5
12717    0.73306020124945581  -2.5825675591880932  -5
12718    -0.0015665957974791145  -2.5999998524458698  -5
12719    2.1710234086544524  -2.3456400639232151  -6
12720    1.4641961978326101  -2.5084938847797482  -6
12721    0.73306020124945537  -2.5825675591880932  -6
12722    -0.001566595797480419  -2.5999998524458694  -6
12723    2.1710234086544524  -2.3456400639232151  -7
12724    1.4641961978326097  -2.5084938847797482  -7
12725    0.73306020124945415  -2.5825675591880932  -7
12726    -0.0015665957974825007  -2.599999852445869  -7
12727    2.1710234086544524  -2.3456400639232151  -8
12728    1.4641961978326088  -2.5084938847797487  -8
12729    0.73306020124945237  -2.5825675591880928  -8
12730    -0.0015665957974859701  -2.599999852445869  -8
12731    1.7465678861035459  -1.396711023726668  -5
12732    1.4794744647212337  -1.3148716438032595  -5
12733    1.2328928381056705  -1.1835929920060619  -5
12734    1.0167324712088663  -1.0069863903675262  -5
12735    1.7465678861035459  -1.396711023726668  -6
12736    1.4794744647212337  -1.3148716438032595  -6
12737    1.2328928381056703  -1.1835929920060619  -6
12738    1.0167324712088659  -1.0069863903675262  -6
12739    1.7465678861035459  -1.396711023726668  -7
12740    1.4794744647212335  -1.3148716438032595  -7
12741    1.2328928381056701  -1.1835929920060619  -7
12742    1.0167324712088657  -1.0069863903675262  -7
12743    1.7465678861035459  -1.396711023726668  -8
12744    1.4794744647212335  -1.3148716438032597  -8
12745    1.2328928381056699  -1.1835929920060619  -8
12746    1.0167324712088655  -1.0069863903675262  -8
12747    1.1638890295489857  -1.6894739697071126  -5
12748    0.98585938603989165  -1.5265810528322179  -5
12749    0.82150427237529711  -1.3307286213747973  -5
12750    0.6774299985232084  -1.1046575566898178  -5
12751    1.1638890295489857  -1.6894739697071126  -6
12752    0.98585938603989165  -1.5265810528322179  -6
12753    0.821504272375297  -1.3307286213747973  -6
12754    0.67742999852320807  -1.1046575566898178  -6
12755    1.1638890295489857  -1.6894739697071126  -7
12756    0.98585938603989154  -1.5265810528322179  -7
12757    0.82150427237529688  -1.3307286213747975  -7
12758    0.67742999852320795  -1.1046575566898176  -7
12759    1.1638890295489857  -1.6894739697071126  -8
12760    0.98585938603989154  -1.5265810528322183  -8
12761    0.82150427237529666  -1.3307286213747973  -8
12762    0.67742999852320773  -1.1046575566898182  -8
12763    0.58121017299442546  -1.982236915687557  -5
12764    0.49224430735854985  -1.7382904618611765  -5
12765    0.41011570664492369  -1.4778642507435327  -5
12766    0.33812752583755046  -1.2023287230121094  -5
12767    0.58121017299442546  -1.982236915687557  -6
12768    0.4922443073585499  -1.7382904618611765  -6
12769    0.41011570664492353  -1.4778642507435327  -6
12770    0.33812752583755018  -1.2023287230121091  -6
12771    0.58121017299442546  -1.982236915687557  -7
12772    0.49224430735854974  -1.7382904618611767  -7
12773    0.41011570664492347  -1.4778642507435327  -7
12774    0.33812752583755018  -1.2023287230121094  -7
12775    0.58121017299442557  -1.982236915687557  -8
12776    0.49224430735854979  -1.7382904618611767  -8
12777    0.41011570664492336  -1.4778642507435333  -8
12778    0.33812752583755007  -1.2023287230121098  -8
12779    -0.0014686835601347137  -2.2749998616680021  -5
12780    -0.0013707713227922749  -1.9499998708901352  -5
12781    -0.001272859085449982  -1.6249998801122678  -5
12782    -0.0011749468481076083  -1.2999998893344011  -5
12783    -0.0014686835601346979  -2.2749998616680021  -6
12784    -0.0013707713227922131  -1.9499998708901352  -6
12785    -0.0012728590854500681  -1.6249998801122678  -6
12786    -0.0011749468481078167  -1.2999998893344009  -6
12787    -0.0014686835601346766  -2.2749998616680021  -7
12788    -0.0013707713227923541  -1.9499998708901352  -7
12789    -0.0012728590854501174  -1.6249998801122678  -7
12790    -0.0011749468481077479  -1.2999998893344014  -7
12791    -0.0014686835601346543  -2.2749998616680021  -8
12792    -0.0013707713227922723  -1.9499998708901356  -8
12793    -0.0012728590854501733  -1.6249998801122685  -8
12794    -0.001174946848107707  -1.299999889334402  -8
12795    0.84040119834515881  -0.79059516173531896  -5
12796    0.70943465536469119  -0.54383567203376204  -5
12797    0.62793400952318268  -0.27662880791029226  -5
12798    0.60000042807635279  0.0011045439876539789  -5
12799    0.84040119834515881  -0.79059516173531896  -6
12800    0.70943465536469119  -0.54383567203376204  -6
12801    0.62793400952318268  -0.27662880791029226  -6
12802    0.60000042807635268  0.001104543987653861  -6
12803    0.84040119834515881  -0.79059516173531896  -7
12804    0.70943465536469119  -0.54383567203376215  -7
12805    0.62793400952318257  -0.27662880791029237  -7
12806    0.60000042807635257  0.0011045439876537153  -7
12807    0.84040119834515881  -0.79059516173531907  -8
12808    0.70943465536469119  -0.54383567203376215  -8
12809    0.62793400952318246  -0.27662880791029243  -8
12810    0.60000042807635234  0.0011045439876535834  -8
12811    0.55990845402651734  -0.85206340734239083  -5
12812    0.47263006278531977  -0.57922375061539733  -5
12813    0.41832893630342816  -0.29275251094046195  -5
12814    0.39973918608465564  0.00073638725079105721  -5
12815    0.55990845402651734  -0.85206340734239083  -6
12816    0.47263006278531977  -0.57922375061539733  -6
12817    0.41832893630342816  -0.29275251094046184  -6
12818    0.39973918608465558  0.00073638725079107109  -6
12819    0.55990845402651734  -0.85206340734239083  -7
12820    0.47263006278531977  -0.57922375061539733  -7
12821    0.4183289363034281  -0.29275251094046184  -7
12822    0.39973918608465547  0.00073638725079114981  -7
12823    0.55990845402651734  -0.85206340734239094  -8
12824    0.47263006278531977  -0.57922375061539733  -8
12825    0.41832893630342799  -0.29275251094046179  -8
12826    0.39973918608465531  0.00073638725079134865  -8
12827    0.27941570970787583  -0.91353165294946259  -5
12828    0.2358254702059483  -0.61461182919703272  -5
12829    0.20872386308367366  -0.30887621397063175  -5
12830    0.19947794409295855  0.00036823051392811479  -5
12831    0.27941570970787583  -0.91353165294946259  -6
12832    0.2358254702059483  -0.61461182919703261  -6
12833    0.20872386308367369  -0.30887621397063159  -6
12834    0.19947794409295846  0.00036823051392828132  -6
12835    0.27941570970787583  -0.91353165294946259  -7
12836    0.23582547020594832  -0.61461182919703261  -7
12837    0.20872386308367361  -0.30887621397063147  -7
12838    0.19947794409295846  0.00036823051392860517  -7
12839    0.27941570970787583  -0.91353165294946248  -8
12840    0.23582547020594832  -0.6146118291970325  -8
12841    0.20872386308367358  -0.30887621397063114  -8
12842    0.19947794409295835  0.00036823051392911399  -8
12843    -0.0010770346107655704  -0.97499989855653457  -5
12844    -0.00097912237342310821  -0.64999990777866801  -5
12845    -0.00088121013608080515  -0.32499991700080155  -5
12846    -0.00078329789873846794  7.3777065207059067e-08  -5
12847    -0.0010770346107655691  -0.97499989855653457  -6
12848    -0.00097912237342309694  -0.6499999077786679  -6
12849    -0.00088121013608076938  -0.32499991700080127  -6
12850    -0.00078329789873849602  7.3777065512370399e-08  -6
12851    -0.0010770346107655665  -0.97499989855653446  -7
12852    -0.00097912237342307872  -0.6499999077786679  -7
12853    -0.0008812101360808212  -0.32499991700080094  -7
12854    -0.0007832978987384687  7.3777066039726336e-08  -7
12855    -0.0010770346107655635  -0.97499989855653446  -8
12856    -0.00097912237342305444  -0.64999990777866756  -8
12857    -0.00088121013608085026  -0.32499991700080055  -8
12858    -0.00078329789873849689  7.377706690014918e-08  -8
12859    0.6283955092676824  0.27880479206312919  -5
12860    0.71035977884009738  0.54590082979490484  -5
12861    0.84171279529848197  0.79245449814912572  -5
12862    1.0182741171477208  1.0085276380919361  -5
12863    0.6283955092676824  0.27880479206312919  -6
12864    0.71035977884009738  0.54590082979490484  -6
12865    0.84171279529848197  0.79245449814912583  -6
12866    1.0182741171477208  1.0085276380919361  -6
12867    0.6283955092676824  0.27880479206312919  -7
12868    0.71035977884009738  0.54590082979490484  -7
12869    0.84171279529848186  0.79245449814912572  -7
12870    1.0182741171477205  1.0085276380919361  -7
12871    0.6283955092676824  0.27880479206312919  -8
12872    0.71035977884009727  0.54590082979490484  -8
12873    0.84171279529848175  0.79245449814912572  -8
12874    1.0182741171477203  1.0085276380919361  -8
12875    0.41870187762465627  0.29420321622706358  -5
12876    0.47337736141871367  0.58060057164086953  -5
12877    0.56097867647008426  0.8533030141363056  -5
12878    0.67871886178202412  1.1056851043574685  -5
12879    0.41870187762465627  0.29420321622706358  -6
12880    0.47337736141871367  0.58060057164086953  -6
12881    0.56097867647008426  0.85330301413630583  -6
12882    0.67871886178202412  1.1056851043574685  -6
12883    0.41870187762465627  0.29420321622706358  -7
12884    0.47337736141871367  0.58060057164086953  -7
12885    0.56097867647008404  0.8533030141363056  -7
12886    0.67871886178202401  1.1056851043574685  -7
12887    0.41870187762465627  0.29420321622706358  -8
12888    0.47337736141871373  0.58060057164086953  -8
12889    0.56097867647008415  0.8533030141363056  -8
12890    0.67871886178202379  1.1056851043574685  -8
12891    0.20900824598163004  0.30960164039099797  -5
12892    0.23639494399732994  0.61530031348683445  -5
12893    0.28024455764168632  0.91415153012348593  -5
12894    0.33916360641632759  1.2028425706230004  -5
12895    0.20900824598163004  0.30960164039099797  -6
12896    0.23639494399732994  0.61530031348683445  -6
12897    0.28024455764168632  0.91415153012348604  -6
12898    0.33916360641632765  1.2028425706230004  -6
12899    0.20900824598163004  0.30960164039099797  -7
12900    0.23639494399732996  0.61530031348683445  -7
12901    0.28024455764168626  0.91415153012348604  -7
12902    0.33916360641632748  1.2028425706230004  -7
12903    0.20900824598163006  0.30960164039099797  -8
12904    0.23639494399732991  0.61530031348683456  -8
12905    0.28024455764168626  0.91415153012348604  -8
12906    0.33916360641632742  1.2028425706230004  -8
12907    -0.00068538566139621183  0.32500006455493236  -5
12908    -0.00058747342405386475  0.65000005533279903  -5
12909    -0.00048956118671147171  0.97500004611066582  -5
12910    -0.00039164894936909861  1.3000000368885329  -5
12911    -0.0006853856613962088  0.32500006455493236  -6
12912    -0.00058747342405385261  0.65000005533279903  -6
12913    -0.00048956118671144438  0.97500004611066604  -6
12914    -0.00039164894936905004  1.3000000368885329  -6
12915    -0.00068538566139620056  0.32500006455493236  -7
12916    -0.00058747342405381965  0.65000005533279903  -7
12917    -0.00048956118671148125  0.97500004611066582  -7
12918    -0.00039164894936914013  1.3000000368885329  -7
12919    -0.00068538566139618451  0.32500006455493236  -8
12920    -0.00058747342405386649  0.65000005533279914  -8
12921    -0.00048956118671144775  0.97500004611066582  -8
12922    -0.00039164894936910533  1.3000000368885329  -8
12923    1.2344166403899894  1.1847184126167174  -5
12924    1.4807760086518331  1.3155555775912051  -5
12925    1.7475659018746903  1.3969968632930745  -5
12926    1.2344166403899894  1.1847184126167174  -6
12927    1.4807760086518331  1.3155555775912051  -6
12928    1.7475659018746903  1.3969968632930745  -6
12929    1.2344166403899894  1.1847184126167174  -7
12930    1.4807760086518331  1.3155555775912051  -7
12931    1.7475659018746903  1.3969968632930745  -7
12932    1.2344166403899892  1.1847184126167174  -8
12933    1.4807760086518327  1.3155555775912049  -8
12934    1.7475659018746899  1.3969968632930743  -8
12935    0.82284651468931735  1.3314789509666116  -5
12936    0.98711873094299374  1.527037057875559  -5
12937    1.1650112971706794  1.6896645786027609  -5
12938    0.82284651468931735  1.3314789509666116  -6
12939    0.98711873094299374  1.527037057875559  -6
12940    1.1650112971706794  1.6896645786027606  -6
12941    0.82284651468931735  1.3314789509666116  -7
12942    0.98711873094299385  1.5270370578755588  -7
12943    1.1650112971706794  1.6896645786027606  -7
12944    0.82284651468931713  1.3314789509666116  -8
12945    0.98711873094299341  1.5270370578755585  -8
12946    1.1650112971706792  1.6896645786027598  -8
12947    0.41127638898864527  1.4782394893165054  -5
12948    0.49346145323415469  1.7385185381599129  -5
12949    0.58245669246666854  1.982332293912447  -5
12950    0.41127638898864527  1.4782394893165054  -6
12951    0.49346145323415469  1.7385185381599126  -6
12952    0.58245669246666854  1.9823322939124468  -6
12953    0.41127638898864533  1.4782394893165054  -7
12954    0.4934614532341548  1.7385185381599126  -7
12955    0.58245669246666854  1.9823322939124459  -7
12956    0.41127638898864516  1.4782394893165054  -8
12957    0.49346145323415441  1.7385185381599118  -8
12958    0.58245669246666842  1.982332293912445  -8
12959    -0.00029373671202681149  1.6250000276663996  -5
12960    -0.00019582447468450333  1.9500000184442663  -5
12961    -9.7912237342292758e-05  2.2750000092221341  -5
12962    -0.00029373671202680227  1.6250000276663996  -6
12963    -0.00019582447468449032  1.9500000184442661  -6
12964    -9.7912237342317112e-05  2.2750000092221336  -6
12965    -0.00029373671202677181  1.6250000276663996  -7
12966    -0.00019582447468441134  1.9500000184442658  -7
12967    -9.7912237342236055e-05  2.2750000092221327  -7
12968    -0.00029373671202692977  1.6250000276663994  -8
12969    -0.00019582447468466371  1.9500000184442652  -8
12970    -9.7912237342394131e-05  2.275000009222131  -8
12971    -2.0250000000000004  1.4250000000000003  -5
12972    -1.7474225798138057  1.3968340389617286  -5
12973    -1.4803187097945933  1.3151730618618327  -5
12974    -1.2336486940803773  1.1840823446287285  -5
12975    -1.0173728368091697  1.0076271631908311  -5
12976    -2.0250000000000004  1.4250000000000003  -6
12977    -1.7474225798138057  1.3968340389617286  -6
12978    -1.4803187097945933  1.3151730618618327  -6
12979    -1.2336486940803773  1.1840823446287285  -6
12980    -1.0173728368091697  1.0076271631908316  -6
12981    -2.0250000000000004  1.4250000000000003  -7
12982    -1.7474225798138057  1.3968340389617286  -7
12983    -1.4803187097945933  1.3151730618618329  -7
12984    -1.233648694080377  1.184082344628729  -7
12985    -1.017372836809169  1.007627163190832  -7
12986    -2.0250000000000004  1.4250000000000003  -8
12987    -1.7474225798138057  1.3968340389617286  -8
12988    -1.4803187097945929  1.3151730618618329  -8
12989    -1.2336486940803764  1.1840823446287296  -8
12990    -1.0173728368091679  1.0076271631908329  -8
12991    -1.3500000000000001  1.8166666666666669  -5
12992    -1.1649810239549845  1.6895560290485301  -5
12993    -0.98694441468795691  1.5267820473893106  -5
12994    -0.82253037495759374  1.3310549056412853  -5
12995    -0.67837910752256936  1.1050847877567316  -5
12996    -1.3500000000000001  1.8166666666666669  -6
12997    -1.1649810239549845  1.6895560290485301  -6
12998    -0.98694441468795691  1.5267820473893106  -6
12999    -0.82253037495759374  1.3310549056412853  -6
13000    -0.67837910752256936  1.1050847877567318  -6
13001    -1.3500000000000001  1.8166666666666669  -7
13002    -1.1649810239549845  1.6895560290485301  -7
13003    -0.98694441468795691  1.5267820473893108  -7
13004    -0.82253037495759362  1.3310549056412855  -7
13005    -0.67837910752256891  1.1050847877567325  -7
13006    -1.3500000000000001  1.8166666666666669  -8
13007    -1.1649810239549845  1.6895560290485301  -8
13008    -0.98694441468795646  1.5267820473893106  -8
13009    -0.82253037495759307  1.3310549056412864  -8
13010    -0.67837910752256814  1.1050847877567329  -8
13011    -0.67499999999999982  2.2083333333333335  -5
13012    -0.58253946809616319  1.9822780191353317  -5
13013    -0.49357011958132047  1.7383910329167884  -5
13014    -0.41141205583481022  1.4780274666538424  -5
13015    -0.33938537823596915  1.2025424123226318  -5
13016    -0.67499999999999982  2.2083333333333335  -6
13017    -0.58253946809616319  1.9822780191353317  -6
13018    -0.49357011958132047  1.7383910329167884  -6
13019    -0.41141205583481033  1.4780274666538422  -6
13020    -0.33938537823596931  1.2025424123226325  -6
13021    -0.67499999999999982  2.2083333333333335  -7
13022    -0.58253946809616319  1.9822780191353317  -7
13023    -0.49357011958132052  1.7383910329167882  -7
13024    -0.41141205583481016  1.4780274666538429  -7
13025    -0.33938537823596898  1.2025424123226329  -7
13026    -0.67499999999999982  2.2083333333333335  -8
13027    -0.58253946809616319  1.9822780191353315  -8
13028    -0.49357011958132024  1.7383910329167882  -8
13029    -0.41141205583480989  1.4780274666538433  -8
13030    -0.33938537823596854  1.2025424123226331  -8
13031    -0.84090743380834954  0.79132171442067667  -5
13032    -0.70977603970691983  0.54459534265517462  -5
13033    -0.62809984684533304  0.27738604501929554  -5
13034    -0.60000004756404168  -0.00036818136199009976  -5
13035    -0.84090743380834954  0.79132171442067667  -6
13036    -0.70977603970691983  0.54459534265517462  -6
13037    -0.62809984684533315  0.27738604501929559  -6
13038    -0.60000004756404191  -0.0003681813619900165  -6
13039    -0.84090743380834954  0.79132171442067667  -7
13040    -0.70977603970691994  0.54459534265517462  -7
13041    -0.62809984684533327  0.27738604501929565  -7
13042    -0.60000004756404213  -0.00036818136198987772  -7
13043    -0.84090743380834954  0.79132171442067667  -8
13044    -0.70977603970692016  0.54459534265517462  -8
13045    -0.6280998468453336  0.2773860450192957  -8
13046    -0.60000004756404257  -0.00036818136198968343  -8
13047    -0.56076814293447019  0.85254782498400639  -5
13048    -0.47337985094596452  0.57973024688104946  -5
13049    -0.41896169311735415  0.29325738486450786  -5
13050    -0.40026113100894067  -0.00024542964897144209  -5
13051    -0.56076814293447019  0.85254782498400639  -6
13052    -0.47337985094596452  0.57973024688104946  -6
13053    -0.41896169311735421  0.29325738486450786  -6
13054    -0.40026113100894084  -0.00024542964897133107  -6
13055    -0.56076814293447019  0.85254782498400639  -7
13056    -0.47337985094596458  0.57973024688104946  -7
13057    -0.41896169311735426  0.29325738486450803  -7
13058    -0.40026113100894095  -0.00024542964897114605  -7
13059    -0.56076814293447019  0.85254782498400639  -8
13060    -0.47337985094596474  0.57973024688104946  -8
13061    -0.41896169311735454  0.29325738486450803  -8
13062    -0.40026113100894128  -0.00024542964897088698  -8
13063    -0.28062885206059079  0.9137739355473361  -5
13064    -0.23698366218500916  0.6148651511069243  -5
13065    -0.20982353938937515  0.30912872470972019  -5
13066    -0.20052221445383961  -0.00012267793595278445  -5
13067    -0.28062885206059079  0.9137739355473361  -6
13068    -0.23698366218500913  0.6148651511069243  -6
13069    -0.20982353938937517  0.30912872470972036  -6
13070    -0.20052221445383972  -0.00012267793595264567  -6
13071    -0.28062885206059079  0.9137739355473361  -7
13072    -0.23698366218500916  0.6148651511069243  -7
13073    -0.2098235393893752  0.30912872470972036  -7
13074    -0.20052221445383975  -0.00012267793595241439  -7
13075    -0.28062885206059074  0.9137739355473361  -8
13076    -0.23698366218500933  0.6148651511069243  -8
13077    -0.20982353938937534  0.30912872470972053  -8
13078    -0.20052221445383991  -0.00012267793595209056  -8
13079    -0.62821213851540569  -0.27808259501437194  -5
13080    -0.70998292578685618  -0.54519586078463711  -5
13081    -0.84120056587145009  -0.7918050910294604  -5
13082    -1.0177532152622448  -1.0080073981055171  -5
13083    -0.62821213851540569  -0.27808259501437194  -6
13084    -0.70998292578685618  -0.54519586078463711  -6
13085    -0.84120056587145009  -0.7918050910294604  -6
13086    -1.0177532152622448  -1.0080073981055171  -6
13087    -0.62821213851540569  -0.27808259501437194  -7
13088    -0.70998292578685618  -0.545195860784637  -7
13089    -0.84120056587144998  -0.79180509102946028  -7
13090    -1.0177532152622446  -1.0080073981055169  -7
13091    -0.62821213851540569  -0.27808259501437188  -8
13092    -0.70998292578685607  -0.545195860784637  -8
13093    -0.84120056587144987  -0.79180509102946017  -8
13094    -1.0177532152622444  -1.0080073981055166  -8
13095    -0.41910182905563081  -0.29372170234318168  -5
13096    -0.47364832464904533  -0.58013054311598078  -5
13097    -0.5611593887845554  -0.85287002687181834  -5
13098    -0.67889379245753267  -1.105338228515145  -5
13099    -0.41910182905563081  -0.29372170234318168  -6
13100    -0.47364832464904533  -0.58013054311598078  -6
13101    -0.5611593887845554  -0.85287002687181834  -6
13102    -0.67889379245753267  -1.105338228515145  -6
13103    -0.41910182905563081  -0.29372170234318168  -7
13104    -0.47364832464904533  -0.58013054311598067  -7
13105    -0.56115938878455518  -0.85287002687181834  -7
13106    -0.67889379245753256  -1.1053382285151447  -7
13107    -0.41910182905563081  -0.29372170234318162  -8
13108    -0.47364832464904516  -0.58013054311598067  -8
13109    -0.56115938878455529  -0.85287002687181812  -8
13110    -0.67889379245753234  -1.1053382285151445  -8
13111    -0.20999151959585585  -0.30936080967199137  -5
13112    -0.23731372351123428  -0.61506522544732434  -5
13113    -0.28111821169766049  -0.9139349627141764  -5
13114    -0.34003436965282036  -1.202669058924773  -5
13115    -0.20999151959585585  -0.30936080967199137  -6
13116    -0.23731372351123428  -0.61506522544732434  -6
13117    -0.28111821169766049  -0.9139349627141764  -6
13118    -0.34003436965282041  -1.202669058924773  -6
13119    -0.20999151959585585  -0.30936080967199137  -7
13120    -0.23731372351123431  -0.61506522544732423  -7
13121    -0.28111821169766044  -0.9139349627141764  -7
13122    -0.34003436965282025  -1.2026690589247728  -7
13123    -0.20999151959585588  -0.30936080967199131  -8
13124    -0.23731372351123425  -0.61506522544732434  -8
13125    -0.28111821169766044  -0.91393496271417629  -8
13126    -0.34003436965282019  -1.2026690589247726  -8
13127    -1.2340983678313617  -1.1843943431524291  -5
13128    -1.4808226781914056  -1.3154240695899106  -5
13129    -1.7480080439461587  -1.3969935631947763  -5
13130    -2.025736362699404  -1.4249998097438388  -5
13131    -1.2340983678313617  -1.1843943431524291  -6
13132    -1.4808226781914056  -1.3154240695899106  -6
13133    -1.7480080439461589  -1.3969935631947763  -6
13134    -2.025736362699404  -1.424999809743839  -6
13135    -1.2340983678313617  -1.1843943431524291  -7
13136    -1.4808226781914058  -1.3154240695899106  -7
13137    -1.7480080439461592  -1.3969935631947765  -7
13138    -2.0257363626994049  -1.4249998097438392  -7
13139    -1.2340983678313617  -1.1843943431524291  -8
13140    -1.480822678191406  -1.3154240695899106  -8
13141    -1.7480080439461596  -1.3969935631947767  -8
13142    -2.0257363626994058  -1.4249998097438397  -8
13143    -0.82315653158272462  -1.3312628554723756  -5
13144    -0.98767204256853447  -1.5269493366899853  -5
13145    -1.1658282571508174  -1.6896623293525184  -5
13146    -1.3510131070654281  -1.8166664906445158  -5
13147    -0.82315653158272462  -1.3312628554723756  -6
13148    -0.98767204256853447  -1.5269493366899853  -6
13149    -1.1658282571508178  -1.6896623293525184  -6
13150    -1.3510131070654281  -1.816666490644516  -6
13151    -0.82315653158272462  -1.3312628554723756  -7
13152    -0.98767204256853491  -1.5269493366899853  -7
13153    -1.1658282571508178  -1.6896623293525186  -7
13154    -1.3510131070654285  -1.816666490644516  -7
13155    -0.82315653158272462  -1.3312628554723756  -8
13156    -0.9876720425685348  -1.5269493366899853  -8
13157    -1.1658282571508178  -1.6896623293525186  -8
13158    -1.3510131070654294  -1.816666490644516  -8
13159    -0.41221469533408756  -1.4781313677923218  -5
13160    -0.49452140694566377  -1.7384746037900602  -5
13161    -0.58364847035547618  -1.9823310955102602  -5
13162    -0.67628985143145293  -2.2083331715451928  -5
13163    -0.41221469533408756  -1.4781313677923218  -6
13164    -0.49452140694566371  -1.7384746037900602  -6
13165    -0.58364847035547618  -1.9823310955102602  -6
13166    -0.6762898514314527  -2.2083331715451928  -6
13167    -0.41221469533408756  -1.4781313677923218  -7
13168    -0.49452140694566388  -1.7384746037900602  -7
13169    -0.5836484703554764  -1.9823310955102602  -7
13170    -0.67628985143145315  -2.2083331715451928  -7
13171    -0.4122146953340875  -1.4781313677923218  -8
13172    -0.49452140694566399  -1.7384746037900602  -8
13173    -0.58364847035547662  -1.98233109551026  -8
13174    -0.67628985143145359  -2.2083331715451924  -8
13175    -2.3034321138964557  -1.3967110237266678  -5
13176    -2.5705255352787684  -1.3148716438032582  -5
13177    -2.8171071618943322  -1.1835929920060606  -5
13178    -3.0332675287911357  -1.0069863903675245  -5
13179    -2.3034321138964557  -1.3967110237266678  -6
13180    -2.5705255352787684  -1.3148716438032582  -6
13181    -2.8171071618943322  -1.1835929920060606  -6
13182    -3.0332675287911357  -1.0069863903675245  -6
13183    -2.3034321138964557  -1.3967110237266678  -7
13184    -2.5705255352787684  -1.3148716438032582  -7
13185    -2.8171071618943317  -1.1835929920060606  -7
13186    -3.0332675287911353  -1.0069863903675245  -7
13187    -2.3034321138964557  -1.3967110237266678  -8
13188    -2.5705255352787675  -1.3148716438032579  -8
13189    -2.8171071618943309  -1.1835929920060606  -8
13190    -3.0332675287911339  -1.0069863903675245  -8
13191    -1.7810561335405268  -1.7918924457840231  -5
13192    -2.2029008681058704  -1.7125438854335218  -5
13193    -2.6029411845586821  -1.5706195986147038  -5
13194    -2.9675709566961839  -1.3581183743492611  -5
13195    -1.7810561335405268  -1.7918924457840231  -6
13196    -2.2029008681058704  -1.7125438854335218  -6
13197    -2.6029411845586821  -1.5706195986147038  -6
13198    -2.9675709566961843  -1.3581183743492615  -6
13199    -1.7810561335405268  -1.7918924457840231  -7
13200    -2.2029008681058704  -1.7125438854335218  -7
13201    -2.6029411845586821  -1.5706195986147042  -7
13202    -2.9675709566961839  -1.358118374349262  -7
13203    -1.7810561335405268  -1.7918924457840231  -8
13204    -2.2029008681058704  -1.712543885433522  -8
13205    -2.6029411845586816  -1.5706195986147045  -8
13206    -2.9675709566961839  -1.3581183743492624  -8
13207    -1.2586801531845979  -2.1870738678413786  -5
13208    -1.8352762009329726  -2.1102161270637856  -5
13209    -2.3887752072230324  -1.9576462052233474  -5
13210    -2.9018743846012311  -1.7092503583309973  -5
13211    -1.2586801531845979  -2.1870738678413786  -6
13212    -1.8352762009329728  -2.1102161270637856  -6
13213    -2.3887752072230328  -1.9576462052233479  -6
13214    -2.9018743846012311  -1.7092503583309977  -6
13215    -1.2586801531845979  -2.1870738678413786  -7
13216    -1.8352762009329731  -2.1102161270637856  -7
13217    -2.3887752072230328  -1.9576462052233481  -7
13218    -2.901874384601232  -1.7092503583309986  -7
13219    -1.2586801531845984  -2.1870738678413786  -8
13220    -1.8352762009329726  -2.110216127063786  -8
13221    -2.3887752072230328  -1.9576462052233485  -8
13222    -2.901874384601232  -1.7092503583309995  -8
13223    -0.73630417282866911  -2.5822552898987348  -5
13224    -1.4676515337600744  -2.5078883686940494  -5
13225    -2.1746092298873823  -2.3446728118319911  -5
13226    -2.8361778125062793  -2.0603823423127343  -5
13227    -0.73630417282866922  -2.5822552898987348  -6
13228    -1.4676515337600746  -2.5078883686940494  -6
13229    -2.1746092298873827  -2.3446728118319915  -6
13230    -2.8361778125062802  -2.0603823423127352  -6
13231    -0.73630417282866933  -2.5822552898987348  -7
13232    -1.4676515337600748  -2.5078883686940499  -7
13233    -2.1746092298873831  -2.3446728118319919  -7
13234    -2.8361778125062806  -2.0603823423127361  -7
13235    -0.73630417282866945  -2.5822552898987348  -8
13236    -1.4676515337600748  -2.507888368694049  -8
13237    -2.1746092298873836  -2.3446728118319928  -8
13238    -2.836177812506282  -2.0603823423127379  -8
13239    -3.2095988016548436  -0.79059516173531719  -5
13240    -3.3405653446353103  -0.54383567203376104  -5
13241    -3.4220659904768183  -0.27662880791029204  -5
13242    -3.4499995719236476  0.0011045439876536736  -5
13243    -3.2095988016548436  -0.79059516173531719  -6
13244    -3.3405653446353103  -0.54383567203376093  -6
13245    -3.4220659904768183  -0.27662880791029187  -6
13246    -3.4499995719236476  0.001104543987653972  -6
13247    -3.2095988016548436  -0.79059516173531719  -7
13248    -3.3405653446353103  -0.54383567203376082  -7
13249    -3.4220659904768178  -0.27662880791029154  -7
13250    -3.4499995719236471  0.0011045439876545202  -7
13251    -3.2095988016548436  -0.79059516173531708  -8
13252    -3.3405653446353094  -0.5438356720337606  -8
13253    -3.4220659904768169  -0.2766288079102911  -8
13254    -3.4499995719236458  0.0011045439876553598  -8
13255    -3.2981240717255549  -1.0847689497214339  -5
13256    -3.58019245758878  -0.76632619238877897  -5
13257    -3.7765570491852922  -0.4038280872329667  -5
13258    -3.8499987814145218  0.0016873808643322469  -5
13259    -3.2981240717255549  -1.0847689497214339  -6
13260    -3.58019245758878  -0.76632619238877875  -6
13261    -3.7765570491852918  -0.40382808723296648  -6
13262    -3.8499987814145209  0.0016873808643325244  -6
13263    -3.2981240717255549  -1.0847689497214339  -7
13264    -3.5801924575887796  -0.76632619238877875  -7
13265    -3.7765570491852913  -0.40382808723296626  -7
13266    -3.8499987814145209  0.0016873808643330795  -7
13267    -3.2981240717255549  -1.0847689497214337  -8
13268    -3.5801924575887787  -0.76632619238877853  -8
13269    -3.77655704918529  -0.40382808723296582  -8
13270    -3.8499987814145187  0.0016873808643339122  -8
13271    -3.3866493417962671  -1.3789427377075503  -5
13272    -3.8198195705422502  -0.98881671274379668  -5
13273    -4.1310481078937666  -0.53102736655564131  -5
13274    -4.2499979909053973  0.0022702177410107993  -5
13275    -3.3866493417962671  -1.3789427377075503  -6
13276    -3.8198195705422497  -0.98881671274379668  -6
13277    -4.1310481078937658  -0.5310273665556412  -6
13278    -4.2499979909053955  0.0022702177410110214  -6
13279    -3.3866493417962671  -1.3789427377075503  -7
13280    -3.8198195705422493  -0.98881671274379646  -7
13281    -4.1310481078937649  -0.53102736655564087  -7
13282    -4.2499979909053955  0.0022702177410115765  -7
13283    -3.3866493417962666  -1.3789427377075503  -8
13284    -3.8198195705422484  -0.98881671274379623  -8
13285    -4.1310481078937631  -0.53102736655564042  -8
13286    -4.2499979909053929  0.0022702177410124647  -8
13287    -3.4751746118669784  -1.6731165256936671  -5
13288    -4.0594466834957208  -1.2113072330988144  -5
13289    -4.4855391666022406  -0.65822664587831625  -5
13290    -4.649997200396272  0.0028530546176892546  -5
13291    -3.4751746118669784  -1.6731165256936671  -6
13292    -4.0594466834957199  -1.2113072330988144  -6
13293    -4.4855391666022397  -0.65822664587831603  -6
13294    -4.6499972003962711  0.0028530546176896987  -6
13295    -3.475174611866978  -1.6731165256936671  -7
13296    -4.0594466834957199  -1.2113072330988144  -7
13297    -4.4855391666022388  -0.65822664587831559  -7
13298    -4.6499972003962702  0.0028530546176901428  -7
13299    -3.475174611866978  -1.6731165256936671  -8
13300    -4.059446683495719  -1.2113072330988139  -8
13301    -4.4855391666022371  -0.65822664587831514  -8
13302    -4.6499972003962675  0.002853054617691031  -8
13303    -3.4216044907323182  0.27880479206312858  -5
13304    -3.3396402211599026  0.54590082979490495  -5
13305    -3.2082872047015183  0.7924544981491265  -5
13306    -3.0317258828522791  1.008527638091937  -5
13307    -3.4216044907323182  0.27880479206312858  -6
13308    -3.3396402211599026  0.54590082979490495  -6
13309    -3.2082872047015183  0.79245449814912639  -6
13310    -3.0317258828522791  1.008527638091937  -6
13311    -3.4216044907323182  0.27880479206312858  -7
13312    -3.3396402211599026  0.54590082979490484  -7
13313    -3.2082872047015183  0.7924544981491265  -7
13314    -3.0317258828522791  1.008527638091937  -7
13315    -3.4216044907323182  0.27880479206312858  -8
13316    -3.3396402211599021  0.54590082979490484  -8
13317    -3.2082872047015178  0.7924544981491265  -8
13318    -3.0317258828522791  1.008527638091937  -8
13319    -3.7756680104186247  0.40706732157912723  -5
13320    -3.5784436273069042  0.76920604583136865  -5
13321    -3.2956993694295296  1.0871363706052988  -5
13322    -2.9648089741366617  1.3598911128851598  -5
13323    -3.7756680104186247  0.40706732157912723  -6
13324    -3.5784436273069042  0.76920604583136865  -6
13325    -3.2956993694295296  1.0871363706052988  -6
13326    -2.9648089741366612  1.3598911128851596  -6
13327    -3.7756680104186247  0.40706732157912723  -7
13328    -3.5784436273069042  0.76920604583136853  -7
13329    -3.2956993694295291  1.0871363706052986  -7
13330    -2.9648089741366599  1.3598911128851598  -7
13331    -3.7756680104186247  0.40706732157912723  -8
13332    -3.5784436273069038  0.76920604583136853  -8
13333    -3.2956993694295273  1.0871363706052988  -8
13334    -2.9648089741366599  1.3598911128851594  -8
13335    -4.1297315301049311  0.53532985109512599  -5
13336    -3.8172470334539068  0.99251126186783223  -5
13337    -3.38311153415754  1.3818182430614709  -5
13338    -2.8978920654210443  1.7112545876783827  -5
13339    -4.1297315301049311  0.53532985109512599  -6
13340    -3.8172470334539068  0.99251126186783223  -6
13341    -3.3831115341575395  1.3818182430614705  -6
13342    -2.8978920654210434  1.7112545876783825  -6
13343    -4.1297315301049311  0.53532985109512599  -7
13344    -3.8172470334539064  0.99251126186783223  -7
13345    -3.3831115341575386  1.3818182430614709  -7
13346    -2.8978920654210421  1.7112545876783822  -7
13347    -4.1297315301049311  0.53532985109512599  -8
13348    -3.8172470334539046  0.99251126186783223  -8
13349    -3.3831115341575377  1.3818182430614709  -8
13350    -2.8978920654210389  1.7112545876783822  -8
13351    -4.4837950497912376  0.66359238061112458  -5
13352    -4.0560504396009085  1.2158164779042959  -5
13353    -3.4705236988855521  1.6765001155176429  -5
13354    -2.8309751567054273  2.0626180624716053  -5
13355    -4.4837950497912376  0.66359238061112458  -6
13356    -4.0560504396009085  1.2158164779042959  -6
13357    -3.4705236988855517  1.6765001155176427  -6
13358    -2.8309751567054269  2.0626180624716048  -6
13359    -4.4837950497912376  0.66359238061112458  -7
13360    -4.0560504396009076  1.2158164779042957  -7
13361    -3.4705236988855499  1.6765001155176427  -7
13362    -2.8309751567054238  2.0626180624716048  -7
13363    -4.4837950497912376  0.66359238061112458  -8
13364    -4.0560504396009076  1.2158164779042959  -8
13365    -3.4705236988855481  1.6765001155176427  -8
13366    -2.8309751567054207  2.0626180624716044  -8
13367    -2.8155833596100099  1.1847184126167183  -5
13368    -2.5692239913481667  1.3155555775912058  -5
13369    -2.3024340981253095  1.3969968632930749  -5
13370    -2.8155833596100099  1.1847184126167183  -6
13371    -2.5692239913481667  1.3155555775912058  -6
13372    -2.3024340981253095  1.3969968632930749  -6
13373    -2.8155833596100099  1.1847184126167183  -7
13374    -2.5692239913481667  1.315555577591206  -7
13375    -2.3024340981253091  1.3969968632930752  -7
13376    -2.8155833596100099  1.1847184126167183  -8
13377    -2.5692239913481663  1.315555577591206  -8
13378    -2.3024340981253091  1.3969968632930754  -8
13379    -2.6003320589039238  1.5718141694546934  -5
13380    -2.2008086705551975  1.7132393365248006  -5
13381    -1.7795831904630375  1.7921842802204648  -5
13382    -2.6003320589039238  1.5718141694546934  -6
13383    -2.2008086705551975  1.7132393365248006  -6
13384    -1.7795831904630375  1.7921842802204648  -6
13385    -2.6003320589039238  1.5718141694546934  -7
13386    -2.2008086705551975  1.7132393365248011  -7
13387    -1.7795831904630368  1.7921842802204653  -7
13388    -2.6003320589039238  1.5718141694546934  -8
13389    -2.200808670555197  1.7132393365248011  -8
13390    -1.7795831904630366  1.7921842802204653  -8
13391    -2.3850807581978377  1.9589099262926684  -5
13392    -1.832393349762228  2.1109230954583955  -5
13393    -1.2567322828007652  2.1873716971478547  -5
13394    -2.3850807581978377  1.9589099262926684  -6
13395    -1.832393349762228  2.1109230954583955  -6
13396    -1.256732282800765  2.1873716971478547  -6
13397    -2.3850807581978377  1.9589099262926684  -7
13398    -1.832393349762228  2.110923095458396  -7
13399    -1.2567322828007643  2.1873716971478552  -7
13400    -2.3850807581978377  1.9589099262926684  -8
13401    -1.8323933497622271  2.110923095458396  -8
13402    -1.2567322828007641  2.1873716971478556  -8
13403    -2.1698294574917512  2.3460056831306435  -5
13404    -1.4639780289692585  2.5086068543919908  -5
13405    -0.73388137513849305  2.5825591140752446  -5
13406    -2.1698294574917512  2.3460056831306435  -6
13407    -1.4639780289692585  2.5086068543919908  -6
13408    -0.73388137513849272  2.5825591140752451  -6
13409    -2.1698294574917512  2.3460056831306435  -7
13410    -1.4639780289692583  2.5086068543919917  -7
13411    -0.73388137513849194  2.5825591140752442  -7
13412    -2.1698294574917512  2.3460056831306435  -8
13413    -1.4639780289692577  2.5086068543919913  -8
13414    -0.73388137513849139  2.5825591140752446  -8
# Generated by tetgen -k uterus_scaffold_8.ele 
