10059  3  0  0
   0    25.123550550356381  1.1327639966018614  43.604164093320392
   1    25.381655550124787  1.1027657937432562  43.595807270923721
   2    25.624584552697613  1.0081866195695708  43.579251035841473
   3    25.819592050118803  0.86377747285684614  43.570635322712882
   4    25.106057536545503  1.0613194609573173  42.396138694836495
   5    25.369350050100358  1.0363954177077201  42.382270805951201
   6    25.612762149867191  0.95167012956818176  42.360060800344719
   7    25.807656903137509  0.81383074998726179  42.347358189383435
   8    25.058623335222638  0.99672898545558175  41.188890695130091
   9    25.334480994739103  0.97262773834414962  41.167413374099119
  10    25.581096480219742  0.89037748304809272  41.141149913865178
  11    25.776895811989547  0.75665123615548913  41.123971041801205
  12    24.981927266935163  0.93887641869885752  39.982932997186133
  13    25.270285660381038  0.91477373708804999  39.953692137858511
  14    25.519984909229919  0.83346780059432923  39.923089025859525
  15    25.716624407467009  0.70303045575250211  39.901279786541892
  16    24.876648652230458  0.8876456092893481  38.778778503989606
  17    25.170001323366129  0.86614439537492882  38.743564259720415
  18    25.41982480237241  0.79010020279191728  38.706448785784595
  19    25.616158320361961  0.66375993316927417  38.680090330181272
  20    25.112367033570919  1.5318426644012408  43.579442728880259
  21    25.480491464255213  1.4911200809011274  43.574740046356261
  22    25.822593538322018  1.3569444870507665  43.564509504167823
  23    26.106049293016191  1.1427352175136498  43.559462825784472
  24    25.094917590207846  1.460548785410908  42.373960869059481
  25    25.465399219570685  1.4251702482977608  42.361184328189353
  26    25.807345020306652  1.3018387498278379  42.341739633117207
  27    26.090869050158066  1.0955934112503747  42.330052275712269
  28    25.047596232535366  1.3960919611601887  41.16920240568016
  29    25.424408585253708  1.3622528261797076  41.145986443058185
  30    25.768136802006872  1.243802980554948  41.119870592488276
  31    26.052955923466889  1.0448607901700633  41.100896807845452
  32    24.971070132868938  1.3383566514875989  39.965679821483072
  33    25.354101105971193  1.3052433004317996  39.931952661546013
  34    25.699403547508563  1.190164102408805  39.89903235800373
  35    25.98540565760559  0.99771144200851358  39.872700370559748
  36    24.866006463524023  1.2872273162316541  38.763905599209103
  37    25.251058326390005  1.25701715693887  38.721889254236174
  38    25.595579920897642  1.1482490385661164  38.67935490538634
  39    25.881313997237076  0.96131945450152678  38.646166912231003
  40    25.101183516785461  1.9309213322006205  43.554721364440134
  41    25.579327378385646  1.8794743680589983  43.553672821788808
  42    26.020602523946422  1.7057023545319621  43.549767972494166
  43    26.392506535913579  1.4216929621704537  43.548290328856083
  44    25.083777643870192  1.8597781098644988  42.351783043282495
  45    25.561448389041029  1.8139450788878018  42.340097850427554
  46    26.001927890746114  1.6520073700874931  42.323418465889674
  47    26.374081197178619  1.3773560725134888  42.312746362041139
  48    25.03656912984809  1.7954549368647961  41.149514116230222
  49    25.514336175768314  1.7518779140152663  41.12455951201725
  50    25.955177123793998  1.5972284780618031  41.098591271111367
  51    26.329016034944225  1.333070344184637  41.077822573889698
  52    24.960212998802714  1.7378368842763401  39.948426645780017
  53    25.437916551561351  1.6957128637755494  39.910213185233523
  54    25.878822185787211  1.5468604042232799  39.874975690147885
  55    26.254186907744174  1.2923924282645254  39.844120954577612
  56    24.855364274817596  1.6868090231739603  38.749032694428607
  57    25.332115329413902  1.6478899185028115  38.700214248751941
  58    25.771335039422869  1.5063978743403139  38.652261024988086
  59    26.1464696741122  1.2588789758337795  38.612243494280754
  60    25.09  2.3300000000000001  43.530000000000001
  61    25.678163292516071  2.2678286552168694  43.532605597221341
  62    26.218611509570827  2.0544602220131583  43.535026440820516
  63    26.678963778810967  1.7006507068272576  43.537117831927681
  64    25.072637697532535  2.2590074343180895  42.329605217505481
  65    25.657497558511356  2.2027199094778429  42.319011372665699
  66    26.196510761185564  2.0021759903471494  42.305097298662162
  67    26.657293344199172  1.659118733776602  42.295440448369966
  68    25.025542027160821  2.1948179125694036  41.129825826780291
  69    25.604263766282912  2.1415030018508245  41.103132580976315
  70    26.142217445581135  1.9506539755686585  41.077311949734472
  71    26.60507614642156  1.6212798981992109  41.054748339933951
  72    24.949355864736489  2.1373171170650815  39.931173470076956
  73    25.521731997151502  2.086182427119299  39.888473708921019
  74    26.058240824065855  1.9035567060377558  39.850919022292082
  75    26.522968157882755  1.587073414520537  39.815541538595461
  76    24.844722086111162  2.0863907301162663  38.734159789648103
  77    25.413172332437775  2.0387626800667533  38.678539243267679
  78    25.9470901579481  1.8645467101145126  38.625167144589831
  79    26.411625350987318  1.5564384971660314  38.578320076330492
  80    25.957733937678373  0.66386537723828265  43.557743883908458
  81    26.044913079897086  0.40920947492567783  43.53303549947853
  82    26.070654422665054  0.12420894256297033  43.519662645582144
  83    25.950188712464399  0.62135116067313889  42.332225450150055
  84    26.044675785460111  0.38203937795493748  42.306216807831007
  85    26.074726897004894  0.11658375721263892  42.292419395948336
  86    25.920516843710796  0.56868207648494173  41.105146831544424
  87    26.015168239927522  0.34113677188292524  41.078579346007011
  88    26.046132237287516  0.10683887247933241  41.065087296474779
  89    25.860697269607105  0.51870140132038511  39.87871129068867
  90    25.954329261090283  0.3013062580821404  39.851486877725719
  91    25.985568752289975  0.097295755612107848  39.838247375970866
  92    25.762708928342835  0.48425241182616213  38.65512209017993
  93    25.860097666739392  0.2773524379250818  38.626303166706379
  94    25.893734750789342  0.09027587386002156  38.612480663246025
  95    26.311181164535714  0.85254225330408473  43.551394000968351
  96    26.435114323327142  0.49993582691482213  43.535243276998791
  97    26.470428908008255  0.11261565022702265  43.526441763621364
  98    26.301293117700279  0.81411227661948693  42.31793667648995
  99    26.434079614778572  0.47664451257947293  42.298579722785874
 100    26.474553474040075  0.10558592426485504  42.288465606700001
 101    26.266373517441934  0.77064921024693078  41.08250914221756
 102    26.402574364090949  0.44439305841107429  41.060984323775429
 103    26.445749322612151  0.097213494152122965  41.050613319019007
 104    26.201143977194732  0.72989342050401063  39.84797681878986
 105    26.339509686179643  0.41322203062107471  39.824165613241888
 106    26.384712943141814  0.089045494128662347  39.813473900078442
 107    26.100326110392714  0.69958527370831891  38.617205126845526
 108    26.243796695960064  0.39317199542092163  38.589832124459782
 109    26.292140825046399  0.082629058434308233  38.577636349378466
 110    26.664628391393052  1.0412191293698869  43.545044118028223
 111    26.825315566757197  0.59066217890396644  43.537451054519053
 112    26.87020339335146  0.10102235789107497  43.533220881660583
 113    26.652397522936177  1.0068733925658351  42.303647902829816
 114    26.823483444097036  0.57124964720400828  42.290942637740756
 115    26.874380051075256  0.094588091317071119  42.284511817451673
 116    26.612230191173072  0.97261634400892016  41.059871452890668
 117    26.789980488254376  0.54764934493922335  41.043389301543854
 118    26.845366407936794  0.087588115824913521  41.036139341563221
 119    26.541590684782356  0.94108543968763581  39.817242346890986
 120    26.724690111269013  0.5251378031600088  39.796844348758057
 121    26.78385713399366  0.080795232645216847  39.788700424186032
 122    26.437943292442597  0.9149181355904753  38.57928816351108
 123    26.62749572518074  0.50899155291676124  38.553361082213165
 124    26.69054689930347  0.074982243008594948  38.542792035510892
 125    27.018075618250393  1.2298960054356889  43.538694235088116
 126    27.21551681018725  0.68138853089311058  43.539658832039315
 127    27.269977878694661  0.089429065555127307  43.539999999699802
 128    27.003501928172057  1.1996345085121825  42.289359129169725
 129    27.212887273415486  0.6658547818285433  42.28330555269563
 130    27.274206628110434  0.083590258369287268  42.280558028203338
 131    26.958086864904217  1.1745834777709092  41.037233763563798
 132    27.177386612417806  0.65090563146737257  41.025794279312265
 133    27.244983493261433  0.077962737497704077  41.021665364107442
 134    26.882037392369988  1.1522774588712614  39.786507874992175
 135    27.109870536358372  0.63705357569894294  39.769523084274219
 136    27.183001324845502  0.072544971161771332  39.763926948293616
 137    26.775560474492462  1.130250997472632  38.541371200176677
 138    27.011194754401409  0.62481111041260096  38.516890039966562
 139    27.088952973560527  0.067335427582881635  38.507947721643333
 140    26.017775474693497  -0.17844426138882835  43.529540164873005
 141    25.88660875749553  -0.47743826792938704  43.547693861234535
 142    25.69295173616408  -0.73544403460578722  43.556942652670294
 143    26.02028811747865  -0.16570599517760273  42.302952264051314
 144    25.885591867544484  -0.44729547048561513  42.322971996601012
 145    25.690676447507368  -0.69515925980039017  42.335122029486918
 146    25.993433754549866  -0.14329004659529529  41.075336121013599
 147    25.86057753841262  -0.41006153627135633  41.096256055697133
 148    25.668065567431942  -0.64825173551036774  41.113063008822508
 149    25.935131484107746  -0.121550610888166  39.848226270800595
 150    25.805082720477248  -0.37513520773747244  39.870072619063166
 151    25.615495116319835  -0.60453009764198029  39.891550606283097
 152    25.843300404352895  -0.11084188330247452  38.623157248453055
 153    25.712624364115694  -0.35191522733482561  38.646948267239353
 154    25.523341114553119  -0.57380298210148806  38.671369837474678
 155    26.402457729496085  -0.28934395104146826  43.532916537812099
 156    26.232970503334169  -0.67820197771861013  43.544689325815838
 157    25.979202725080047  -1.0147587077419478  43.55033321128132
 158    26.404395487237505  -0.27938568486879145  42.296470786221619
 159    26.230059904120207  -0.65134915379841551  42.311963904182896
 160    25.974031844330241  -0.9770436410382799  42.322167429947726
 161    26.37601429057375  -0.26309785933102253  41.058926806427174
 162    26.200732483445979  -0.62150376573039923  41.076924423160875
 163    25.944965737280175  -0.93601464589278027  41.094100573742871
 164    26.315954545855661  -0.24749010513653313  39.822117701818726
 165    26.140754777552448  -0.59398109452325709  39.842660686438101
 166    25.885803024998904  -0.89819286904070572  39.86683146828284
 167    26.222856659434118  -0.23957205299369433  38.587876575786339
 168    26.045893322680612  -0.57409642118568482  38.612262497702979
 169    25.790342328555511  -0.87009945721731341  38.641058939183793
 170    26.787139984298669  -0.40024364069410817  43.536292910751193
 171    26.579332249172808  -0.8789656875078331  43.541684790397149
 172    26.26545371399601  -1.294073380878108  43.543723769892345
 173    26.788502856996352  -0.3930653745599802  42.289989308391945
 174    26.57452794069593  -0.8554028371112159  42.300955811764766
 175    26.257387241153101  -1.2589280222761698  42.309212830408569
 176    26.758594826597612  -0.3829056720667498  41.042517491840748
 177    26.540887428479337  -0.83294599518944235  41.057592790624597
 178    26.2218659071284  -1.2237775562751929  41.07513813866322
 179    26.696777607603572  -0.37342959938490017  39.796009132836872
 180    26.476426834627656  -0.81282698130904163  39.815248753813073
 181    26.156110933677972  -1.1918556404394314  39.842112330282589
 182    26.602412914515341  -0.36830222268491419  38.552595903119574
 183    26.379162281245542  -0.79627761503654382  38.577576728166569
 184    26.05734354255792  -1.1663959323331385  38.610748040892894
 185    27.171822239101257  -0.51114333034674819  43.539669283690287
 186    26.925693995011443  -1.0797293972970563  43.538680254978452
 187    26.551704702911977  -1.5733880540142686  43.537114328503364
 188    27.172610226755204  -0.50674506425116894  42.283507830562257
 189    26.918995977271646  -1.0594565204240163  42.289947719346664
 190    26.540742637975967  -1.54081240351406  42.29625823086937
 191    27.141175362621496  -0.50271348480247713  41.026108177254329
 192    26.881042373512688  -1.0443882246484852  41.038261158088346
 193    26.498766076976633  -1.5115404666576058  41.056175703583577
 194    27.077600669351487  -0.49936909363326737  39.769900563854989
 195    26.812098891702842  -1.0316728680948266  39.787836821188009
 196    26.426418842357045  -1.485518411838157  39.817393192282331
 197    26.981969169596557  -0.49703239237613434  38.517315230452866
 198    26.712431239810456  -1.0184588088874025  38.542890958630196
 199    26.324344756560304  -1.462692407448964  38.580437142602015
 200    25.439853617564069  -0.9369056297417655  43.568894351913393
 201    25.151404457942331  -1.076620435565556  43.591851596832882
 202    24.874962996464724  -1.1327893804809854  43.603675543136319
 203    25.440786122013236  -0.88635583325756861  42.351882227439809
 204    25.155248339170001  -1.0123280992118731  42.381180773920299
 205    24.875226174475557  -1.0616273060809183  42.398833582912694
 206    25.422350834531301  -0.82992874203484979  41.135235856527785
 207    25.137866626441756  -0.94992817026037613  41.168891178396812
 208    24.847085362430839  -0.99717743418804128  41.194201437895764
 209    25.373952743246445  -0.7775887091174768  39.919215341299207
 210    25.090516106201889  -0.89328890454111598  39.957374594022468
 211    24.788972510108252  -0.93938939741111149  39.990421541586407
 212    25.284996836286894  -0.73930008754931631  38.70408078387598
 213    25.004453564894639  -0.84627855788414408  38.749022804557306
 214    24.699319567285468  -0.88821282835888793  38.788136327485532
 215    25.649171455560346  -1.2786729286425251  43.55761143961675
 216    25.269702558436187  -1.4592755939649493  43.572105374876173
 217    24.886244733516797  -1.5318752306671088  43.579115278677094
 218    25.646603898826537  -1.229751354438237  42.33662425574289
 219    25.270288261927092  -1.3956551725155923  42.36090458555298
 220    24.885899458312334  -1.4608452597857904  42.376271856378793
 221    25.620417685132033  -1.1770337939753284  41.116504386801871
 222    25.245751155978976  -1.3346794003123101  41.147743777063582
 223    24.856466779754772  -1.3965342300161532  41.173651328196605
 224    25.564179606588137  -1.1284160979461779  39.897192183805508
 225    25.191245274462055  -1.2794612639462608  39.935409048461423
 226    24.797110066010227  -1.3388734822240809  39.971866795101455
 227    25.471456455306239  -1.0917941170431622  38.678627997765744
 228    25.101924651246495  -1.2331137500086005  38.726686498799971
 229    24.706992685244803  -1.2877943572754578  38.771531358064379
 230    25.858489293556637  -1.6204402275432848  43.546328527320121
 231    25.388000658930043  -1.8419307523643431  43.552359152919465
 232    24.897526470568884  -1.930961080853232  43.554555014217897
 233    25.852421675639857  -1.5731468756189051  42.321366284046
 234    25.385328184684187  -1.778982245819311  42.340628397185668
 235    24.896572742149132  -1.8600632134906618  42.353710129844913
 236    25.818484535732772  -1.524138845915807  41.097772917075943
 237    25.353635685516203  -1.7194306303642446  41.126596375730344
 238    24.865848197078726  -1.7958910258442657  41.15310121849744
 239    25.754406469929854  -1.4792434867748792  39.875169026311845
 240    25.291974442722225  -1.6656336233514062  39.913443502900371
 241    24.805247621912223  -1.7383575670370512  39.953312048616525
 242    25.657916074325595  -1.444288146537007  38.65317521165553
 243    25.199395737598341  -1.6199489421330564  38.704350193042622
 244    24.714665803204149  -1.6873758861920274  38.75492638864327
 245    26.067807131552915  -1.9622075264440446  43.535045615023471
 246    25.506298759423899  -2.2245859107637367  43.532612930962763
 247    24.908808207620957  -2.3300469310393561  43.529994749758671
 248    26.058239452453154  -1.9165423967995736  42.306108312349089
 249    25.500368107441279  -2.1623093191230303  42.320352208818363
 250    24.907246025985909  -2.2592811671955344  42.331148403311033
 251    26.016551386333504  -1.8712438978562862  41.079041447350036
 252    25.461520215053419  -2.1041818604161802  41.10544897439712
 253    24.875229614402659  -2.1952478216723788  41.132551108798275
 254    25.944633333271547  -1.8300708756035799  39.853145868818153
 255    25.392703610982387  -2.0518059827565525  39.891477957339326
 256    24.813385177814194  -2.137841651850021  39.934757302131587
 257    25.844375693344944  -1.7967821760308529  38.627722425545286
 258    25.296866823950193  -2.0067841342575128  38.682013887285294
 259    24.722338921163495  -2.0869574151085981  38.738321419222125
 260    24.617126578842164  -1.1027348427927386  43.593781143229009
 261    24.374542134979478  -1.00807627130668  43.576441574975092
 262    24.17964278033331  -0.86346020017840486  43.566805332270455
 263    24.611990492036007  -1.0364791995604281  42.395938652374781
 264    24.368523065058245  -0.95135432809149378  42.386971290117785
 265    24.173553332691291  -0.81317114420978287  42.382813374906291
 266    24.570805242773037  -0.97298860915896379  41.200648740845615
 267    24.323229722931892  -0.89057312458349325  41.198852261978338
 268    24.126939104958318  -0.75670742556657211  41.200690068126747
 269    24.499751377588218  -0.91538151721573457  40.006432907797219
 270    24.248259838687737  -0.83422993716940419  40.01221928189846
 271    24.050751759463573  -0.70390338635956007  40.020274639180052
 272    24.4050094430165  -0.86677636935812941  38.811812652385399
 273    24.153211142413099  -0.79082204223595221  38.827207141220008
 274    23.955942958536209  -0.66459336869953378  38.841406315314345
 275    24.518257525066979  -1.4910292905086964  43.571650280475943
 276    24.176454195013559  -1.3566849311860849  43.559283905299132
 277    23.893164019658844  -1.1422352385621803  43.552163008119358
 278    24.515388484317494  -1.4252516442880885  42.377698777719743
 279    24.173427490826526  -1.301558449816701  42.375997887279077
 280    23.889912734343007  -1.0949869845195104  42.376192364363568
 281    24.479283728689019  -1.3626006719829429  41.1865789225768
 282    24.134896260301947  -1.243963506147401  41.193370648642173
 283    23.849767632463202  -1.0448290841799099  41.201597399154593
 284    24.413394256294669  -1.3058163155583153  39.996451830853161
 285    24.066839047222103  -1.1907797984641053  40.012027314613043
 286    23.780235866449239  -0.99829875372926713  40.028443106885746
 287    24.321171065247523  -1.2576385169792637  38.805478618354989
 288    23.975234395369256  -1.1488870250527328  38.832593010416495
 289    23.688824588730885  -0.96193320935346993  38.856794481950224
 290    24.4193884712918  -1.8793237382246539  43.549519417722877
 291    23.978366255047643  -1.7052935910654896  43.542126235623179
 292    23.606685258984378  -1.4210102769459556  43.537520683968275
 293    24.418786476598985  -1.8140240890157486  42.359458903064699
 294    23.978331916594801  -1.6517625715419078  42.365024484440383
 295    23.606272135994725  -1.3768028248292379  42.369571353820881
 296    24.387762214605019  -1.7522127348069216  41.17250910430797
 297    23.946562797672001  -1.5973538877113083  41.187889035306
 298    23.572596159968082  -1.3329507427932477  41.202504730182461
 299    24.327037135001117  -1.6962511139008971  39.986470753909096
 300    23.885418255756473  -1.5473296597588058  40.01183534732764
 301    23.509719973434887  -1.2926941210989742  40.03661157459144
 302    24.237332687478538  -1.6485006646003975  38.799144584324573
 303    23.797257648325417  -1.5069520078695136  38.837978879612983
 304    23.421706218925561  -1.2592730500074061  38.87218264858609
 305    24.320519417516618  -2.2676181859406119  43.527388554969804
 306    23.780278315081723  -2.0539022509448945  43.524968565947219
 307    23.320206498309911  -1.6997853153297315  43.522878359817177
 308    24.322184468880486  -2.2027965337434097  42.341219028409654
 309    23.783236342363082  -2.0019666932671147  42.354051081601661
 310    23.322631537646451  -1.6586186651389656  42.36295034327815
 311    24.296240700521004  -2.1418247976309006  41.158439286039126
 312    23.758229335042053  -1.9507442692752164  41.18240742196982
 313    23.29542468747297  -1.6210724014065854  41.203412061210315
 314    24.240680013707575  -2.0866859122434787  39.976489676965024
 315    23.703997464290826  -1.9038795210535067  40.011643380042216
 316    23.239204080420549  -1.5870894884686815  40.044780042297134
 317    24.153494309709558  -2.0393628122215328  38.792810550294156
 318    23.619280901281574  -1.8650169906862943  38.843364748809471
 319    23.154587849120237  -1.5566128906613428  38.887570815221963
 320    24.041657395788196  -0.66329399142581169  43.551632004376224
 321    23.95491574276743  -0.40852241018039037  43.524220816374218
 322    23.929502257535813  -0.12359809526812515  43.50952971589119
 323    24.030731734910511  -0.62056652059566875  42.371967508249163
 324    23.935789418630019  -0.38128726363539589  42.34985773331703
 325    23.905576883407022  -0.11591672642343964  42.337748091366876
 326    23.982440751376558  -0.56860195610240705  41.195507654280682
 327    23.886102386371455  -0.34086690813929449  41.177898058839773
 328    23.854294854484859  -0.10637834871331331  41.167610663751383
 329    23.905299804847427  -0.51940548003319187  40.020842602872413
 330    23.808908392827064  -0.30155882918752785  40.007894618559327
 331    23.776229019043488  -0.097060656535369216  39.999516395060127
 332    23.807824254984176  -0.48498227447518788  38.846562514425983
 333    23.707261184832234  -0.27766051227553723  38.839400238092544
 334    23.671952225357039  -0.090041344287230318  38.833864247308419
 335    23.688223905020081  -0.8518031346366739  43.541522362293627
 336    23.564683571966391  -0.49907744301596674  43.522927143809241
 337    23.529691519077907  -0.1118001019730307  43.513019811584236
 338    23.679382287641122  -0.81332313217287799  42.370841671632853
 339    23.546409771434178  -0.47578553907673782  42.357947334203473
 340    23.505944764134576  -0.10474465716433334  42.350695625067381
 341    23.635838156541258  -0.77040294654351005  41.203655391963402
 342    23.498642854132171  -0.44389606964102046  41.195448743354447
 343    23.455037048446883  -0.096522959052495333  41.189810193744442
 344    23.5636338630603  -0.73022638004353202  40.038012659892956
 345    23.423564991990428  -0.41310859649549503  40.034684753042391
 346    23.377544889672556  -0.088519306471281062  40.030762237617402
 347    23.468811758538003  -0.69997723496790543  38.871962612029151
 348    23.323358356939071  -0.3931226814268417  38.874908745047428
 349    23.274044805469256  -0.082117998254454927  38.873950476688051
 350    23.334790414251962  -1.0403122778475362  43.531412720211009
 351    23.174451401165346  -0.5896324758515431  43.521633471244257
 352    23.129880780619995  -0.10000210867793624  43.516509907277275
 353    23.328032840371726  -1.006079743750087  42.369715835016535
 354    23.157030124238339  -0.57028381451807975  42.366036935089909
 355    23.106312644862125  -0.093572587905227073  42.363643158767864
 356    23.289235561705969  -0.9722039369846126  41.211803129646121
 357    23.111183321892884  -0.5469252311427466  41.212999427869129
 358    23.05577924240891  -0.086667569391677357  41.212009723737523
 359    23.221967921273187  -0.94104728005387217  40.055182716913471
 360    23.038221591153793  -0.52465836380346231  40.061474887525428
 361    22.978860760301618  -0.079977956407192907  40.062008080174657
 362    23.129799262091829  -0.91497219546062303  38.897362709632297
 363    22.939455529045922  -0.50858485057814617  38.91041725200229
 364    22.876137385581465  -0.074194652221679536  38.914036706067677
 365    22.981356923483848  -1.2288214210583983  43.521303078128412
 366    22.784219230364307  -0.6801875086871193  43.520339798679288
 367    22.73007004216209  -0.088204115382841675  43.520000002970313
 368    22.976683393102334  -1.1988363553272963  42.368589998400232
 369    22.767650477042498  -0.66478208995942156  42.374126535976366
 370    22.706680525589679  -0.082400518646120663  42.376590692468376
 371    22.942632966870672  -1.1740049274257165  41.219950867328841
 372    22.723723789653601  -0.64995439264447219  41.23055011238381
 373    22.656521436370941  -0.076812179730859229  41.234209253730569
 374    22.880301979486063  -1.1518681800642119  40.072352773934
 375    22.65287819031715  -0.63620813111142971  40.088265022008493
 376    22.580176630930684  -0.071436606343104642  40.093253922731925
 377    22.79078676564567  -1.1299671559533404  38.922762807235472
 378    22.555552701152759  -0.62404701972945087  38.945925758957173
 379    22.478229965693679  -0.066271306188904033  38.954122935447259
 380    23.982469775798396  0.17897699260940811  43.520440566711635
 381    24.113669643992758  0.47802589237513671  43.540893229872189
 382    24.307384064482505  0.73608346463983199  43.552432648877826
 383    23.960453861162268  0.16621268185517829  42.345971839462585
 384    24.095828939757396  0.44757300375513281  42.360832496975597
 385    24.291125902660816  0.69528756379149426  42.367549498624342
 386    23.907894181078237  0.14386855634279497  41.174120140278241
 387    24.04228043589864  0.41063884902895409  41.18447347215708
 388    24.235580530066382  0.64869677405808523  41.1847785100462
 389    23.827951842145126  0.12222124121715827  40.004288569736609
 390    23.960237118863951  0.37610542568181804  40.010091805458508
 391    24.150941491966169  0.60542421162264803  40.003961849306556
 392    23.723787950961778  0.11154736162316826  38.835880228415675
 393    23.856911975100761  0.35285473119894262  38.835963146921799
 394    24.047402333627083  0.57458299266822499  38.824941682568479
 395    23.597841619746259  0.29009167593321317  43.520404482379476
 396    23.767455395187657  0.67894533060845019  43.534369735204017
 397    24.021272815719108  1.0154459024766174  43.54258472234811
 398    23.576515890784417  0.28012051364504692  42.355217181210087
 399    23.751409511570127  0.65191025208607956  42.36306002036924
 400    24.007711807620378  0.97742302420646676  42.365536486665071
 401    23.525493615523001  0.26388870124336616  41.192664626755224
 402    23.701898522133352  0.62229001343979984  41.195639938471615
 403    23.958226727591924  0.93663465121465328  41.190123388004878
 404    23.447282151269555  0.24834856328377969  40.031911776175413
 405    23.624075244166097  0.59505092918494762  40.029949413710462
 406    23.879824613127639  0.89913715258698546  40.0164020751604
 407    23.344388855331719  0.24045242432189598  38.872123586631183
 408    23.52309249495708  0.57515931383685948  38.863828370285162
 409    23.779512501721388  0.87098689740927182  38.844429196924509
 410    23.213213463694114  0.40120635925701825  43.52036839804731
 411    23.421241146382553  0.87986476884176368  43.527846240535837
 412    23.735161566955703  1.2948083403134028  43.532736795818394
 413    23.192577920406567  0.39402834543491549  42.364462522957588
 414    23.406990083382848  0.85624750041702602  42.365287543762882
 415    23.724297712579929  1.2595584846214392  42.363523474705822
 416    23.143093049967739  0.38390884614393733  41.211209113232179
 417    23.361516608368074  0.83394117785064514  41.206806404786143
 418    23.680872925117459  1.2245725283712212  41.19546826596352
 419    23.06661246039398  0.37447588535040111  40.059534982614217
 420    23.287913369468242  0.81399643268807687  40.049807021962401
 421    23.608707734289116  1.1928500935513229  40.028842301014251
 422    22.964989759701641  0.36935748702062371  38.908366944846698
 423    23.189273014813381  0.79746389647477667  38.891693593648512
 424    23.511622669815683  1.1673908021503181  38.863916711280559
 425    22.828585307641973  0.51232104258082323  43.520332313715159
 426    23.075026897577452  1.0807842070750771  43.521322745867664
 427    23.449050318192306  1.5741707781501879  43.522888869288678
 428    22.808639950028713  0.50793617722478412  42.373707864705104
 429    23.062570655195575  1.0605847487479725  42.367515067156525
 430    23.440883617539491  1.5416939450364124  42.361510462746551
 431    22.760692484412498  0.50392899104450861  41.229753599709177
 432    23.021134694602782  1.0455923422614912  41.21797287110067
 433    23.403519122642994  1.5125104055277894  41.200813143922211
 434    22.685942769518405  0.50060320741702224  40.087158189053021
 435    22.951751494770399  1.0329419361912064  40.069664630214355
 436    23.337590855450586  1.4865630345156604  40.041282526868102
 437    22.585590664071571  0.49826254971935136  38.944610303062206
 438    22.855453534669699  1.0197684791126935  38.919558817011882
 439    23.243732837909988  1.463794706891365  38.883404225636582
 440    24.560024345813456  0.93735718219545183  43.566008807222303
 441    24.847546670166178  1.076733109930788  43.590460101156353
 442    24.540873642456415  0.88633137658432581  42.374780097045573
 443    24.826117856750589  1.0120937527853926  42.389884971098802
 444    24.48177189772624  0.830049284353645  41.184902637556704
 445    24.767217677055346  0.94966018200092206  41.192173801009979
 446    24.393532879704665  0.77797200349979823  39.996807350997699
 447    24.679099238181117  0.89307793588260076  39.995925087592227
 448    24.286970356473397  0.73956063201917321  38.810925159610612
 449    24.570015647228569  0.84599255273565388  38.799737327547852
 450    24.350831504411708  1.2790956677124188  43.552324351079385
 451    24.729411641616633  1.4593542396386192  43.569434933439602
 452    24.334902156852777  1.2298637559195313  42.367371420386846
 453    24.710781328398806  1.395461027249606  42.37314684270455
 454    24.28298554332904  1.1772560370398615  41.183177631916394
 455    24.658083243728722  1.3344451416596264  41.180005032103175
 456    24.202077304521072  1.1288286177649998  40.000557431245568
 457    24.576255007913097  1.2792613454071127  39.988217298700171
 458    24.099173081109445  1.0921376047865368  38.820325263951958
 459    24.470234241258627  1.2328644010305017  38.795991439560176
 460    24.14163866300996  1.6208341532293864  43.538639894936459
 461    24.61127661306708  1.84197536934645  43.548409765722845
 462    24.128930671249144  1.5733961352547374  42.359962743728119
 463    24.595444800047009  1.7788283017138196  42.356408714310291
 464    24.084199188931841  1.5244627897260783  41.181452626276077
 465    24.548948810402099  1.71923010131833  41.167836263196378
 466    24.010621729337483  1.4796852320302019  40.00430751149343
 467    24.473410777645075  1.6654447549316251  39.980509509808101
 468    23.911375805745475  1.4447145775538999  38.829725368293282
 469    24.370452835288678  1.6197362493253493  38.792245551572513
 470    23.932445821608209  1.9625726387463538  43.524955438793526
 471    24.493141584517534  2.224596499054281  43.527384598006094
 472    23.922959185645503  1.9169285145899428  42.35255406706937
 473    24.480108271695219  2.1621955761780329  42.339670585916046
 474    23.885412834534641  1.8716695424122953  41.179727620635752
 475    24.439814377075471  2.1040150609770341  41.155667494289574
 476    23.819166154153887  1.830541846295404  40.008057591741263
 477    24.370566547377049  2.0516281644561376  39.972801720916038
 478    23.723578530381516  1.7972915503212639  38.839125472634606
 479    24.270671429318739  2.0066080976201972  38.78849966358483
 480    24.742916823179577  0.84291381096780149  37.577033422010238
 481    25.038555563362145  0.82447716862906284  37.535065295738072
 482    25.287834797141848  0.75450320153276296  37.491180472029086
 483    25.483700502362684  0.63200856840167097  37.460223318208641
 484    24.581293748665143  0.80457056611759858  36.378478326510866
 485    24.883409876350349  0.78651662836251546  36.326916034436849
 486    25.134180979602  0.71808693055456063  36.277915336921211
 487    25.330465532331051  0.59769334482203595  36.242105421627556
 488    24.393107704451868  0.77251815630489307  35.183887673666106
 489    24.701602413141032  0.75408443014247595  35.122601487016112
 490    24.953681888081391  0.68578294321102817  35.068243990827611
 491    25.150286481819961  0.56672791188608118  35.027451585286578
 492    24.179686966304466  0.74665886309583862  33.994035919650585
 493    24.490171324544491  0.72900222953613236  33.925606664675222
 494    24.741156060908484  0.66252279285588156  33.863757044114713
 495    24.936996422382286  0.54502591904951503  33.817976754034078
 496    24.732707798810985  1.2425860886675801  37.564495090834399
 497    25.118122726822172  1.215559291253306  37.513745642609408
 498    25.461350685452253  1.1133845492623775  37.461435335098258
 499    25.746370291876996  0.93111163995305601  37.421382575508289
 500    24.571770641842559  1.2043238506777911  36.368208861073796
 501    24.959659909751998  1.1780119367703892  36.30591852922268
 502    25.303153691669333  1.0786639565143279  36.246349007780779
 503    25.58827706086052  0.90034721904074211  36.198865705562845
 504    24.384303058137753  1.1723381850115895  35.1757772117762
 505    24.774536103104982  1.1459865861392977  35.101885106273798
 506    25.11805323446298  1.0480640261705458  35.034943289425868
 507    25.403149803580131  0.87294889206093329  34.979968554554745
 508    24.171413113215586  1.1465266744182767  33.987930444790514
 509    24.561617534806601  1.1210947320092086  33.905122565960582
 510    24.903113608747287  1.0255615240796072  33.828065546025336
 511    25.187104019428315  0.85283935930997445  33.766043374644049
 512    24.7224987744424  1.6422583663673587  37.551956759658559
 513    25.197689890282199  1.6066414138775493  37.492425989480736
 514    25.634866573762672  1.4722658969919922  37.431690198167438
 515    26.009040081391319  1.2302147115044411  37.382541832807952
 516    24.562247535019978  1.6040771352379839  36.35793939563672
 517    25.035909943153658  1.5695072451782637  36.284921024008504
 518    25.472126403736663  1.4392409824740953  36.214782678640312
 519    25.846088589389993  1.2030010932594482  36.155625989498098
 520    24.375498411823646  1.5721582137182861  35.167666749886294
 521    24.847469793068942  1.5378887421361203  35.081168725531491
 522    25.282424580844587  1.4103451091300621  35.001642588024104
 523    25.656013125340309  1.1791698722357853  34.93248552382294
 524    24.163139260126712  1.5463944857407148  33.98182496993045
 525    24.633063745068711  1.5131872344822841  33.884638467245921
 526    25.065071156586097  1.3886002553033316  33.792374047935972
 527    25.437211616474354  1.1606527995704339  33.714109995254049
 528    24.712289750073804  2.0419306440671368  37.539418428482719
 529    25.277257053742211  1.9977235365017927  37.471106336352058
 530    25.808382462073066  1.8311472447216066  37.401945061236631
 531    26.271709870905621  1.5293177830558262  37.343701090107601
 532    24.55272442819739  2.0038304197981769  36.34766993019965
 533    25.112159976555301  1.9610025535861364  36.263923518794336
 534    25.641099115803993  1.7998180084338622  36.183216349499887
 535    26.103900117919462  1.5056549674781543  36.112386273433394
 536    24.366693765509527  1.9719782424249828  35.159556287996388
 537    24.920403483032885  1.9297908981329417  35.060452344789162
 538    25.446795927226166  1.7726261920895801  34.968341886622369
 539    25.908876447100475  1.4853908524106376  34.885002493091108
 540    24.154865407037832  1.9462622970631529  33.975719495070393
 541    24.70450995533081  1.9052797369553607  33.864154368531295
 542    25.227028704424896  1.7516389865270576  33.756682549846616
 543    25.687319213520379  1.4684662398308939  33.662176615864034
 544    25.633001137025925  0.45688877660619837  37.432951841007558
 545    25.734994751779212  0.25934375547768401  37.402772018607642
 546    25.771241713436059  0.08384679668028211  37.388500175510828
 547    25.480315504536474  0.42458439737102732  36.211278487085067
 548    25.582224222264706  0.23342768825865134  36.180912063971263
 549    25.618712193497583  0.075763700389747363  36.167163338172088
 550    25.300069406722216  0.39481290042725475  34.993063290395533
 551    25.400748512712571  0.20852738781963776  34.962499303840197
 552    25.43686110867614  0.06787946252695054  34.949267792331483
 553    25.087680219430879  0.37504791208148652  33.781267512922007
 554    25.18953005763958  0.19356600571229757  33.749309739257576
 555    25.226403376674003  0.062046960630424586  33.735611179091052
 556    25.968398394706142  0.67458775389747849  37.388265055416227
 557    26.117221580732721  0.37750389975291998  37.357456949965979
 558    26.168673074407373  0.07667558190534346  37.343821391715743
 559    25.811531184904783  0.64761647089282093  36.159571643906993
 560    25.962084516389247  0.35681397319153885  36.126714736325511
 561    26.014963056091499  0.069688306934704791  36.11287772989418
 562    25.626983910071957  0.62319072968750366  34.934506388516361
 563    25.77806760073166  0.33714570589647952  34.899616347854419
 564    25.831727147693964  0.062902139097224224  34.885586330423202
 565    25.412015999290961  0.60582983527468559  33.716450785442881
 566    25.564852931562019  0.32454258802744318  33.678172648868909
 567    25.619681726809951  0.05755198396773159  33.662728159812502
 568    26.303795652386352  0.89228673118875879  37.343578269824896
 569    26.499448409686227  0.49566404402815589  37.312141881324294
 570    26.566104435378691  0.069504367130404754  37.299142607920615
 571    26.142746865273086  0.87064854441461415  36.107864800728898
 572    26.341944810513787  0.48020025812442613  36.07251740867973
 573    26.411213918685423  0.06361291347966222  36.058592121616265
 574    25.953898413421683  0.85156855894775285  34.87594948663719
 575    26.155386688750738  0.46576402397332151  34.836733391868627
 576    26.226593186711781  0.057924815667497895  34.821904868514906
 577    25.736351779151033  0.83661175846788438  33.651634057963754
 578    25.940175805484461  0.45551917034258904  33.60703555848022
 579    26.01296007694588  0.053057007305038616  33.589845140533946
 580    26.63919291006658  1.1099857084800393  37.298891484233565
 581    26.88167523863974  0.61382418830339158  37.266826812682638
 582    26.963535796350016  0.062333152355466111  37.254463824125537
 583    26.473962545641395  1.0936806179364076  36.056157957550823
 584    26.721805104638332  0.60358654305731363  36.018320081033977
 585    26.807464781279343  0.057537520024619634  36.004306513338335
 586    26.280812916771428  1.0799463882080018  34.817392584758018
 587    26.532705776769827  0.59438234205016327  34.773850435882835
 588    26.621459225729609  0.052947492237771537  34.758223406606632
 589    26.060687559011114  1.0673936816610832  33.586817330484614
 590    26.315498679406897  0.58649575265773446  33.535898468091553
 591    26.406238427081831  0.048562030642345641  33.516962121255396
 592    25.720137604494717  -0.10484340302643937  37.399810767808233
 593    25.588202881666124  -0.33456192916541788  37.42535748318339
 594    25.399185223082767  -0.54972616349625569  37.452425493527087
 595    25.568792176978082  -0.093989053753073773  36.178065469716358
 596    25.439023839466341  -0.31433288779869833  36.204125775791582
 597    25.253248050970026  -0.52310855800952738  36.235212678022144
 598    25.388611224856795  -0.083764547485829247  34.959751279737759
 599    25.261911918893066  -0.29627270638669539  34.98630626451255
 600    25.079864040762114  -0.49948851391137539  35.021401875245111
 601    25.178941851184682  -0.079655596228157363  33.746698123432765
 602    25.053691801323062  -0.28542598808143849  33.774952068794825
 603    24.873367635006311  -0.48440437947187265  33.812663569480975
 604    26.098478752590985  -0.23507345800906398  37.355624893527732
 605    25.919629145372156  -0.55857300937521803  37.383738973005201
 606    25.663854457043037  -0.84748786433880774  37.416934269818078
 607    25.945326473757763  -0.22751332502667468  36.124937055455995
 608    25.767081511616944  -0.54244584250449202  36.155341086166523
 609    25.51337477917075  -0.8242138484952829  36.195030482570822
 610    25.763161520009678  -0.22058515936111095  34.897875567784126
 611    25.586474316828092  -0.52849778121484658  34.930521427533499
 612    25.33534875543166  -0.80395201268282301  34.976679011578518
 613    25.551745588422001  -0.2179824663269572  33.676502936725164
 614    25.37603145641879  -0.51951168614762322  33.712732587452685
 615    25.126221846318813  -0.790376959897513  33.763211290977438
 616    26.476819900687257  -0.36530351299168856  37.311439019247224
 617    26.251055409078187  -0.78258408958501824  37.34212046282704
 618    25.928523691003296  -1.1452495651813599  37.381443046109069
 619    26.321860770537448  -0.3610375963002756  36.071808641195602
 620    26.095139183767536  -0.77055879721028564  36.106556396541464
 621    25.773501507371481  -1.1253191389810384  36.154848287119464
 622    26.137711815162557  -0.35740577123639267  34.83599985583048
 623    25.911036714763121  -0.76072285604299783  34.874736590554456
 624    25.590833470101192  -1.1084155114542706  34.931956147911919
 625    25.924549325659324  -0.35630933642575707  33.606307750017564
 626    25.698371111514525  -0.75359738421380829  33.650513106110559
 627    25.379076057631323  -1.0963495403231533  33.713759012473929
 628    26.855161048783529  -0.4955335679743133  37.267253144966723
 629    26.582481672784215  -1.006595169794819  37.300501952648851
 630    26.193192924963569  -1.4430112660239121  37.34595182240006
 631    26.698395067317119  -0.4945618675738766  36.018680226935246
 632    26.423196855918135  -0.99867175191607915  36.057771706916384
 633    26.033628235572198  -1.4264244294667938  36.114666091668141
 634    26.512262110315447  -0.49422638311167444  34.774124143876854
 635    26.235599112698146  -0.99294793087114919  34.818951753575398
 636    25.84631818477073  -1.412879010225718  34.887233284245326
 637    26.297353062896637  -0.49463620652455692  33.536112563309963
 638    26.020710766610247  -0.98768308227999335  33.588293624768433
 639    25.631930268943826  -1.402322120748793  33.664306733970378
 640    25.164078831610652  -0.70848246289869155  37.489931434330607
 641    24.886839420225158  -0.80628325528899414  37.54177004112119
 642    24.580656932222904  -0.8435050289815601  37.587693635843515
 643    25.02240857703806  -0.67575048532101789  36.277722032675904
 644    24.747132852769038  -0.76954613133564542  36.334434206070377
 645    24.435787252495196  -0.80511581331634019  36.389794384904505
 646    24.853312255490696  -0.64686110474080283  35.068995915944271
 647    24.580038793275985  -0.73822095622482287  35.13073259001942
 648    24.263550851850951  -0.77298358210252893  35.195610625160583
 649    24.650116049890137  -0.62757127108255328  33.86529642116809
 650    24.380262172495762  -0.7144615001572503  33.934382483582858
 651    24.062788054038812  -0.74704673607942595  34.006314407103623
 652    25.34800966273944  -1.0619348874146897  37.461510971279267
 653    24.982195740588008  -1.1935260343546041  37.519463293705279
 654    24.588011899367213  -1.2431687341595679  37.573102920271218
 655    25.2011621221273  -1.0313753841678714  36.247135526848417
 656    24.837847958250943  -1.1576454439668142  36.312204237802462
 657    24.44225175512786  -1.2048640608022474  36.377303880913345
 658    25.026822818260783  -1.0046663664331372  35.036334935343589
 659    24.666109780368267  -1.1271721921272864  35.108561888643401
 660    24.269155797955353  -1.1728050314742096  35.185144084970354
 661    24.820900735930852  -0.98635859334091713  33.829942467635163
 662    24.464209683073008  -1.1038064921180781  33.912188803779948
 663    24.068167573278252  -1.146916340446166  33.997633377421614
 664    25.531940493868227  -1.4153873119306872  37.433090508227927
 665    25.077552060950861  -1.5807688134202145  37.497156546289332
 666    24.595366866511522  -1.6428324393375759  37.558512204698893
 667    25.37991566721654  -1.3870002830147252  36.216549021020938
 668    24.928563063732835  -1.5457447565979832  36.28997426953454
 669    24.448716257760537  -1.6046123082881558  36.364813376922186
 670    25.200333381030873  -1.3624716281254725  35.003673954742894
 671    24.752180767460544  -1.5161234280297509  35.086391187267353
 672    24.274760744059755  -1.5726264808458912  35.174677544780096
 673    24.991685421971557  -1.3451459155992813  33.794588514102202
 674    24.548157193650248  -1.4931514840789057  33.889995123977009
 675    24.073547092517671  -1.5467859448129058  33.988952347739577
 676    25.715871324997014  -1.7688397364466859  37.404670045176594
 677    25.172908381313718  -1.9680115924858246  37.474849798873421
 678    24.602721833655831  -2.0424961445155847  37.543921489126589
 679    25.55866921230578  -1.7426251818615783  36.185962515193445
 680    25.019278169214743  -1.9338440692291512  36.267744301266632
 681    24.455180760393212  -2.0043605557740642  36.352322872931019
 682    25.373843943800964  -1.7202768898178074  34.971012974142219
 683    24.838251754552832  -1.905074663932214  35.064220485891362
 684    24.280365690164153  -1.9724479302175721  35.164211004589873
 685    25.162470108012272  -1.7039332378576453  33.759234560569269
 686    24.632104704227501  -1.8824964760397342  33.867801444174106
 687    24.078926611757112  -1.9466555491796462  33.980271318057561
 688    24.284116593393417  -0.8250414811699327  37.619824543056509
 689    24.032992552522796  -0.75498527462941822  37.645119473687807
 690    23.83625813740235  -0.63251134604705883  37.665582329235029
 691    24.132685402941295  -0.78711054659086366  36.4333492956914
 692    23.879971090199192  -0.71873483306011765  36.467098197175879
 693    23.682755927651744  -0.59843921984674686  36.494165074404293
 694    23.954009548025287  -0.75470007878221623  35.250674630597473
 695    23.699931639680955  -0.68663703971083423  35.293035529219303
 696    23.502357786159155  -0.56778322418546479  35.326791519205081
 697    23.751382705010585  -0.72952659090528427  34.070088268082081
 698    23.498659085206743  -0.66325821676435048  34.122823687353296
 699    23.301985169799387  -0.54594959315007785  34.163098632020379
 700    24.201846518968136  -1.2161431144436412  37.616872015724098
 701    23.857251562759821  -1.1138854398347369  37.655751821805204
 702    23.571571614737536  -0.93153734485464612  37.687862637180871
 703    24.053545356958747  -1.178609064528217  36.433824997335655
 704    23.708587644607363  -1.0792797588965171  36.482141826682749
 705    23.422728640654434  -0.90094838766391283  36.522797182122979
 706    23.878057141455027  -1.1465809867664221  35.254469044595758
 707    23.533012940489833  -1.0488063737714282  35.312319138499923
 708    23.247123640045075  -0.87375205441065662  35.36157085623843
 709    23.677171434692625  -1.121603500691686  34.07693563891042
 710    23.334297749985179  -1.0262016759928216  34.146839870707595
 711    23.049584586473038  -0.85353406172426227  34.204156398989149
 712    24.119576444542844  -1.6072447477173497  37.613919488391694
 713    23.681510572996842  -1.4727856050400547  37.666384169922594
 714    23.306885092072708  -1.2305633436622336  37.710142945126741
 715    23.974405310976216  -1.5701075824655706  36.434300698979939
 716    23.537204199015534  -1.4398246847329166  36.497185456189627
 717    23.16270135365712  -1.2034575554810789  36.551429289841664
 718    23.802104734884761  -1.5384618947506277  35.258263458594065
 719    23.366094241298697  -1.4109757078320224  35.331602747780551
 720    22.991889493930994  -1.1797208846358485  35.396350193271793
 721    23.602960164374654  -1.5136804104780881  34.083783009738774
 722    23.169936414763608  -1.3891451352212925  34.170856054061922
 723    22.797184003146675  -1.1611185302984464  34.245214165957911
 724    24.037306370117562  -1.9983463809910587  37.61096696105929
 725    23.505769583233864  -1.8316857702453733  37.677016518039991
 726    23.042198569407898  -1.529589342469821  37.732423253072589
 727    23.895265264993675  -1.9616061004029237  36.434776400624216
 728    23.365820753423705  -1.8003696105693163  36.512229085696511
 729    22.902674066659817  -1.5059667232982445  36.580061397560364
 730    23.726152328314505  -1.9303428027348337  35.262057872592358
 731    23.199175542107579  -1.773145041892616  35.350886357061178
 732    22.736655347816921  -1.4856897148610402  35.431129530305157
 733    23.528748894056694  -1.9057573202644897  34.09063038056712
 734    23.005575079542044  -1.7520885944497635  34.194872237416199
 735    22.54478341982033  -1.4687029988726303  34.286271932926688
 736    23.685348469866742  -0.45736530231871869  37.675406997923233
 737    23.580115472005946  -0.25953833501051432  37.674034027962087
 738    23.542157671994353  -0.083573757814866464  37.671337310825891
 739    23.531178413412821  -0.42528377896921482  36.509926322414415
 740    23.425834369276348  -0.23379927369000691  36.513240869514796
 741    23.387521394145224  -0.075642287997801677  36.512456500657848
 742    23.350786839040069  -0.39578726528650121  35.34842663840368
 743    23.246584231442331  -0.20910171184498746  35.3563122446036
 744    23.208590495014825  -0.067921196783985227  35.357377515892487
 745    23.149646500166178  -0.37592532213040292  34.189214096395247
 746    23.044531413302835  -0.19410403300642864  34.20253963508145
 747    23.005912077808393  -0.06208474612136694  34.206256055618169
 748    23.348503971928995  -0.67483992888618793  37.708711417365244
 749    23.197646693632297  -0.37739915107128263  37.717968237760573
 750    23.145195507248403  -0.076153935570380638  37.719998076865345
 751    23.198335122675324  -0.64803369129174637  36.551361869820788
 752    23.04560806758516  -0.35684330350617538  36.56562223168271
 753    22.991648796974289  -0.069282807961192447  36.569444384490254
 754    23.022086297847874  -0.62379454236525689  35.39780804339285
 755    22.868756132018799  -0.33732140767990199  35.416991331758808
 756    22.81397082813341  -0.062620096821313004  35.422562390212306
 757    22.82353858451755  -0.60635850228739585  34.245944012078574
 758    22.66860454015443  -0.3246997325408445  34.271196142933739
 759    22.612727754212383  -0.057281283545164582  34.279625084681101
 760    23.011659473991251  -0.89231455545365723  37.742015836807241
 761    22.815177915258658  -0.49525996713205112  37.761902447559038
 762    22.748233342502463  -0.0687341133258947  37.768658842904777
 763    22.865491831937838  -0.87078360361427809  36.592797417227132
 764    22.665381765893972  -0.47988733332234379  36.618003593850617
 765    22.59577619980335  -0.062923327924583189  36.626432268322667
 766    22.693385756655694  -0.85180181944401312  35.447189448382019
 767    22.490928032595271  -0.46554110351481642  35.477670418913981
 768    22.419351161252013  -0.057318996858640794  35.487747264532111
 769    22.497430668868915  -0.83679168244438951  34.302673927761894
 770    22.292677667006032  -0.45529543207526024  34.33985265078605
 771    22.219543430616387  -0.052477820968962238  34.352994113743996
 772    22.674814976053494  -1.1097891820211265  37.775320256249245
 773    22.432709136885009  -0.61312078319281971  37.805836657357524
 774    22.351271177756502  -0.061314291081408796  37.817319608944231
 775    22.532648541200345  -1.0935335159368096  36.634232964633505
 776    22.285155464202781  -0.60293136313851259  36.67038495601853
 777    22.199903602632414  -0.056563847887973841  36.683420152155065
 778    22.364685215463496  -1.0798090965227687  35.496570853371189
 779    22.113099933171743  -0.59376079934973103  35.538349506069189
 780    22.024731494370592  -0.052017896895968543  35.552932138851922
 781    22.171322753220281  -1.0672248626013825  34.359403843445236
 782    21.916750793857627  -0.58589113160967643  34.408509158638331
 783    21.82635910702038  -0.047674358392759755  34.426363142806949
 784    23.594613790598981  0.1054993020396798  37.670581928456158
 785    23.728921168554947  0.33529222192339908  37.664940709062705
 786    23.919126263988886  0.55022244504210227  37.649149163522502
 787    23.43876445416495  0.094564072401974356  36.509960666803224
 788    23.570887638889772  0.31512240071822184  36.499817076336704
 789    23.757887232335854  0.52376466133375554  36.477887900350105
 790    23.258086763314619  0.08427023603959144  35.353239821241758
 791    23.387034536128951  0.29717583484856969  35.338776956695561
 792    23.570294894452132  0.50038190483950473  35.310808740951288
 793    23.054427539702932  0.080146356282070549  34.199642769556604
 794    23.181585010296153  0.28628309157960197  34.180005058090984
 795    23.362958906121811  0.48524643885567104  34.147562533226065
 796    23.216419466252454  0.23591265337186898  37.715189612328849
 797    23.396969099581366  0.559501297564027  37.700547627578061
 798    23.653612347828723  0.84819869192546227  37.675361259778171
 799    23.062294978007099  0.2282882636081395  36.562936209864269
 800    23.242237723901685  0.54341218467403762  36.543356591616849
 801    23.496858525329092  0.82503607939343127  36.510298149816528
 802    22.883495631051531  0.22130154582674699  35.414433539982518
 803    23.061821946388264  0.52953205089086941  35.390063066569013
 804    23.313876700852248  0.80492853441986734  35.34921158525394
 805    22.681501665841715  0.2186747908237307  34.268751763428689
 806    22.858645345511317  0.52050097193850164  34.238474856602068
 807    23.109292541027987  0.79130553161146044  34.192073284304819
 808    22.838225141905944  0.36632600470405813  37.759797296201548
 809    23.065017030607795  0.78371037320465509  37.736154546093424
 810    23.388098431668574  1.1461749388088223  37.701573356033848
 811    22.685825501849248  0.36201245481430461  36.615911752925307
 812    22.913587808913597  0.77170196862985319  36.586896106896965
 813    23.235829818322319  1.1263074974531069  36.542708399282951
 814    22.508904498788461  0.35833285561390255  35.475627258723279
 815    22.73660935664758  0.76188826693316913  35.441349176442458
 816    23.057458507252377  1.1094751640002301  35.387614429556592
 817    22.308575791980527  0.35720322536539084  34.337860757300724
 818    22.535705680726487  0.75471885229740154  34.296944655113144
 819    22.855626175934191  1.0973646243672499  34.236584035383544
 820    22.460030817559428  0.49673935603624708  37.804404980074239
 821    22.733064961634216  1.007919448845283  37.771761464608787
 822    23.122584515508418  1.4441511856921829  37.727785452289517
 823    22.3093560256914  0.49573664602046974  36.668887295986337
 824    22.584937893925517  0.99999175258566864  36.630435622177117
 825    22.974801111315564  1.4275789155127832  36.575118648749381
 826    22.134313366525376  0.4953641654010581  35.536820977464039
 827    22.41139676690689  0.99424448297546852  35.492635286315917
 828    22.801040313652493  1.4140217935805921  35.426017273859252
 829    21.93564991811931  0.4957316599070512  34.406969751172802
 830    22.212766015941646  0.98893673265630133  34.355414453624235
 831    22.601959810840366  1.403423717123039  34.281094786462297
 832    24.155487904023115  0.70853616331809066  37.628412173901417
 833    24.435245597067418  0.80591150348548002  37.606730489491774
 834    23.990207067032728  0.67595549519729481  36.45009227825102
 835    24.268326199261416  0.76926216463983343  36.419673136442775
 836    23.798518566616199  0.64728358224480997  35.275898055713732
 837    24.074898188952019  0.73806993287746891  35.236636656708896
 838    23.5878131238875  0.6279853790486607  34.105762089343912
 839    23.860602301280707  0.7143602048771418  34.055692438598108
 840    23.970279491427515  1.0621504395722901  37.64305636908329
 841    24.337670489086058  1.1932233857712349  37.606578227691571
 842    23.810075433352736  1.0316997142196571  36.469162772811316
 843    24.175214816545534  1.1574120162656614  36.423074429565823
 844    23.623564966881723  1.0051392613645971  35.299214101399429
 845    23.986307123687681  1.1270420141445709  35.243456832442092
 846    23.415752152011059  0.98682291364306751  34.133779981111097
 847    23.774387310563135  1.1037251010387508  34.065702223579486
 848    23.785071078831901  1.415764715826489  37.657700564265149
 849    24.240095381104691  1.5805352680569891  37.606425965891368
 850    23.629943799672748  1.3874439332420196  36.488233267371619
 851    24.082103433829648  1.5455618678914902  36.426475722688863
 852    23.448611367147233  1.3629949404843835  35.322530147085118
 853    23.897716058423338  1.5160140954116728  35.250277008175274
 854    23.243691180134615  1.3456604482374743  34.16179787287826
 855    23.68817231984556  1.49308999720036  34.075712008560863
 856    23.599862666236312  1.7693789920806888  37.672344759447022
 857    24.142520273123342  1.9678471503427446  37.606273704091173
 858    23.449812165992757  1.7431881522643824  36.507303761931915
 859    23.988992051113765  1.9337117195173184  36.429877015811918
 860    23.273657767412761  1.7208506196041713  35.345846192770836
 861    23.809124993158999  1.9049861766787755  35.257097183908485
 862    23.071630208258181  1.7044979828318816  34.189815764645438
 863    23.601957329127988  1.8824548933619685  34.085721793542255
 864    23.940146819581731  0.72650234801155156  32.808661208786084
 865    24.249144092872875  0.71021858227847279  32.733260803698293
 866    24.498169526852223  0.64658067471140557  32.663829816689812
 867    24.692868268005352  0.53062985430567289  32.613022956457591
 868    23.674878228921738  0.7127006905475346  31.62709249605382
 869    23.98250581510694  0.69663564987355064  31.542299600261973
 870    24.230752883434498  0.63404616434501537  31.467228537648392
 871    24.424841959663866  0.51869507726119435  31.411307262626032
 872    23.387122989008102  0.70686979923151938  30.449490453617482
 873    23.69323106405982  0.69000549654214993  30.355317755404307
 874    23.940421522112999  0.62657388562811156  30.274630181139266
 875    24.133751109391032  0.51080454479172199  30.2136071796095
 876    23.080122894524443  0.7106255825912382  29.276015753640763
 877    23.384294412544651  0.69208018650505543  29.174909970163345
 878    23.628690834345441  0.62581846243209671  29.086711721311264
 879    23.820429329220236  0.50854121377290129  29.020700214478104
 880    23.932619421355348  1.1264102852047271  32.804605798751062
 881    24.320602129163131  1.1023100672625656  32.71301190821859
 882    24.659471837195905  1.0096568905984677  32.625785935114052
 883    24.941786355594374  0.83864640168826055  32.556755785589921
 884    23.668609784197706  1.1126465743387715  31.625391771482331
 885    24.053988037885897  1.0887074048356056  31.522470599624388
 886    24.391320185299222  0.99724834123467321  31.427733683470546
 887    24.672231056879671  0.8272347938270046  31.351287926452272
 888    23.38224604830371  1.1068380105611424  30.450495553618442
 889    23.764841830007846  1.0820499174581875  30.33628053233717
 890    24.100305812196261  0.98990930456267723  30.234094760952285
 891    24.379635019094181  0.81988272661876216  30.150266828342041
 892    23.076390060234424  1.1105870626125736  29.280124335793527
 893    23.456230074561915  1.0841007778601712  29.157223598516161
 894    23.788075877026063  0.98921320915693567  29.045055137416796
 895    24.065195138048058  0.81786839095609243  28.954319522370138
 896    23.925092023128972  1.5263182223979028  32.800550388716047
 897    24.392060165453401  1.4944015522466592  32.69276301273888
 898    24.820774147539588  1.3727331064855293  32.5877420535383
 899    25.19070444318341  1.1466629490708484  32.500488614722222
 900    23.66234133947367  1.5125924581300085  31.623691046910839
 901    24.125470260664859  1.4807791597976612  31.502641598986795
 902    24.551887487163935  1.3604505181243309  31.388238829292689
 903    24.919620154095469  1.1357745103928147  31.291268590278513
 904    23.377369107599318  1.5068062218907656  30.451500653619402
 905    23.836452595955876  1.4740943383742251  30.317243309270054
 906    24.260190102279509  1.3532447234972431  30.193559340765301
 907    24.62551892879733  1.1289609084458025  30.086926477074588
 908    23.072657225944415  1.5105485426339087  29.284232917946294
 909    23.528165736579197  1.4761213692152875  29.139537226868978
 910    23.947460919706682  1.3526079558817745  29.003398553522327
 911    24.309960946875893  1.1271955681392836  28.887938830262168
 912    23.917564624902589  1.9262261595910786  32.796494978681018
 913    24.463518201743653  1.886493037230752  32.672514117259169
 914    24.982076457883274  1.7358093223725912  32.54969817196254
 915    25.439622530772436  1.4546794964534369  32.444221443854538
 916    23.656072894749638  1.9125383419212456  31.621990322339347
 917    24.196952483443816  1.8728509147597161  31.482812598349216
 918    24.712454789028659  1.7236526950139883  31.348743975114836
 919    25.167009251311274  1.4443142269586255  31.231249254104746
 920    23.372492166894926  1.9067744332203889  30.452505753620361
 921    23.908063361903896  1.866138759290263  30.298206086202924
 922    24.420074392362771  1.7165801424318086  30.15302392057832
 923    24.871402838500472  1.4380390902728437  30.023586125807121
 924    23.068924391654395  1.9105100226552443  29.288341500099058
 925    23.600101398596461  1.8681419605704039  29.121850855221801
 926    24.106845962387297  1.7160027026066134  28.96174196962787
 927    24.554726755703712  1.4365227453224758  28.821558138154209
 928    24.844837451094342  0.36253677733607187  32.574005933294671
 929    24.949407347258319  0.18502538740208768  32.540585098236065
 930    24.987822807548437  0.056966844486074614  32.526376121091701
 931    24.577017074893515  0.350942899459666  31.368881342524784
 932    24.682701823855659  0.17509845871599061  31.335339901892844
 933    24.721888077760305  0.050847073736407261  31.321676230970791
 934    24.28531616379971  0.34236399215833557  30.168087021167199
 935    24.390600350059852  0.16627499174795593  30.135009340928303
 936    24.429741404617388  0.044801490704871952  30.122205634825839
 937    23.970831790784281  0.33889776913814779  28.973816249776739
 938    24.074289788499144  0.16104475859193199  28.941028606042721
 939    24.112525005427472  0.039943937714916181  28.928658458754164
 940    25.167612694826282  0.59376228525757846  32.503124962244847
 941    25.322970750427178  0.3165452825406293  32.461446746693355
 942    25.379347660139537  0.052776624776107742  32.444573713611568
 943    24.897677408698723  0.58321078517358915  31.291807475030655
 944    25.054140433578691  0.30786185522510917  31.248284561660164
 945    25.111531617087767  0.047365690357142179  31.231303218762509
 946    24.6038468246261  0.57568595191716543  30.085217462824065
 947    24.759827780875749  0.30028690048989437  30.040371177597798
 948    24.817378679307222  0.0420303546930339  30.023562238864493
 949    24.287757626326261  0.57269840238275627  28.886074064648831
 950    24.441498592177496  0.2956150127439961  28.839391678334703
 951    24.498033928450514  0.037481791765981397  28.821996337516541
 952    25.490387938558225  0.82498779317908499  32.432243991195023
 953    25.69653415359603  0.44806517767917076  32.382308395150638
 954    25.770872512730648  0.048586405066140891  32.362771306131414
 955    25.218337742503937  0.81547867088751191  31.214733607536523
 956    25.425579043301735  0.44062525173422762  31.161229221427483
 957    25.50117515641524  0.04388430697787709  31.140930206554213
 958    24.922377485452486  0.80900791167599495  30.002347904480935
 959    25.129055211691629  0.43429880923183306  29.945733014267315
 960    25.205015953997052  0.039259218681195848  29.924918842903153
 961    24.604683461868227  0.80649903562736436  28.79833187952093
 962    24.808707395855837  0.4301852668960604  28.737754750626703
 963    24.88354285147355  0.035019645817046682  28.715334216278919
 964    25.813163182290161  1.056213301100591  32.361363020145212
 965    26.070097556764896  0.57958507281771199  32.303170043607956
 966    26.162397365321748  0.044396185356173998  32.280968898651288
 967    25.538998076309149  1.047746556601435  31.137659740042395
 968    25.797017653024771  0.57338864824334612  31.074173881194799
 969    25.890818695742688  0.040402923598611917  31.050557194345931
 970    25.24090814627888  1.0423298714348246  29.919478346137804
 971    25.498282642507537  0.56831071797377131  29.851094850936818
 972    25.592653228686881  0.036488082669357741  29.826275446941803
 973    24.921609297410214  1.0402996688719723  28.710589694393025
 974    25.175916199534182  0.56475552104812454  28.636117822918681
 975    25.269051774496599  0.032557499868111829  28.6086720950413
 976    24.940230464849286  -0.080524785336761981  32.538150361488576
 977    24.81506571048067  -0.28062119279054271  32.56818268824648
 978    24.636006533146535  -0.47587985309190212  32.608344034964382
 979    24.674395421984372  -0.08188223028840047  31.333089190923388
 980    24.550137932300718  -0.27785619747013751  31.363554912043909
 981    24.37424921551311  -0.46943316305614946  31.407232588265721
 982    24.382991746513078  -0.08418493826660467  30.132949791793923
 983    24.260836241475705  -0.27792973084502232  30.163277793988136
 984    24.088761295983041  -0.46684445246038436  30.210164277173664
 985    24.067574462358561  -0.087889916454906444  28.939167344156978
 986    23.949088412698167  -0.28164052163999637  28.969560387880211
 987    23.780208388433316  -0.46989386440037717  29.017974149476899
 988    25.311462870180808  -0.21888018740826093  32.459884168337702
 989    25.136051058927229  -0.51487541475692844  32.499703906086175
 990    24.887622212359506  -0.78209846808946382  32.554306736347193
 991    25.043923321827894  -0.22028480351357943  31.24683556892662
 992    24.86948031136777  -0.51250786340638765  31.288691248867664
 993    24.624252672725554  -0.77624251734980354  31.349210562196557
 994    24.75072728847217  -0.22263712909426248  30.03904659507436
 995    24.578516696867968  -0.51298845110162372  30.082436994051058
 996    24.337170675877228  -0.77425801388614202  30.148602901055661
 997    24.433475115222532  -0.22637797860165979  28.838206703363426
 998    24.265357698555391  -0.5168965968482585  28.883683519890308
 999    24.027433670274732  -0.77759386390608864  28.953163885454615
1000    25.682695275512316  -0.35723558947975992  32.381617975186813
1001    25.457036407373774  -0.74912963672331401  32.43122512392587
1002    25.139237891572474  -1.0883170830870252  32.50026943772999
1003    25.413451221671426  -0.35868737673875839  31.160581946929852
1004    25.188822690434815  -0.74715952934263774  31.213827585691423
1005    24.874256129938008  -1.0830518716434576  31.2911885361274
1006    25.11846283043127  -0.36108931992192028  29.945143398354809
1007    24.896197152260221  -0.74804717135822518  30.00159619411399
1008    24.58558005577142  -1.0816715753118997  30.087041524937664
1009    24.799375768086502  -0.36486604074841317  28.737246062569874
1010    24.581626984412612  -0.75215267205652081  28.797806651900416
1011    24.274658952116148  -1.0852938634118001  28.888353621432341
1012    26.053927680843842  -0.4955909915512588  32.303351782035939
1013    25.778021755820333  -0.98338385868969991  32.362746341765572
1014    25.390853570785456  -1.3945356980845873  32.446232139112794
1015    25.782979121514948  -0.49708994996393724  31.074328324933091
1016    25.508165069501867  -0.98181119527888805  31.138963922515174
1017    25.124259587150458  -1.3898612259371119  31.23316651005824
1018    25.486198372390366  -0.49954151074957814  29.85124020163525
1019    25.213877607652499  -0.98310589161482675  29.920755394176904
1020    24.833989435665618  -1.3890851367376575  30.025480148819668
1021    25.165276420950477  -0.50335410289516658  28.636285421776321
1022    24.897896270269833  -0.987408747264783  28.711929783910506
1023    24.521884233957572  -1.3929938629175111  28.82354335741006
1024    24.416041180295746  -0.61536634231446763  32.665871898865603
1025    24.15015774295588  -0.6970417442368313  32.742349161023633
1026    23.835033975198986  -0.72680679563307404  32.82116483081284
1027    24.158568342854878  -0.60556876733726306  31.469549435655765
1028    23.895950159308153  -0.68458555010466915  31.551181542396389
1029    23.583051932300073  -0.71289219585626218  31.639161410594042
1030    23.877412934621113  -0.60069113247422545  30.277240472722116
1031    23.618149205488745  -0.67902150876729372  30.363972387003095
1032    23.307524550333198  -0.70693170954841644  30.461086818278783
1033    23.572290352648025  -0.60324602404864125  29.089856451248171
1034    23.317264665433825  -0.68227821123123311  29.183814454145775
1035    23.009134454289551  -0.71055410950896114  29.287723725698662
1036    24.585748017116735  -0.97440117657477698  32.627956370536353
1037    24.233451177851585  -1.0865291920953066  32.720237968283229
1038    23.840418207565058  -1.1267126595409134  32.814407511399033
1039    24.326651159994579  -0.96517366765393464  31.430057713538162
1040    23.977873461990296  -1.0743675110735933  31.529516863607196
1041    23.588150067814205  -1.1128350173043615  31.634858250149374
1042    24.043920683650583  -0.96087248546229842  30.236604001527599
1043    23.698808540321899  -1.0690912186227595  30.343159791877728
1044    23.312473560248769  -1.1068976430918958  30.459629453824213
1045    23.737867107170988  -0.96369404888377752  29.047952739391686
1046    23.39758841767917  -1.072470084312622  29.164301055220808
1047    23.014499091091945  -1.1105147662589014  29.289364982575151
1048    24.755454853937746  -1.3334360108350862  32.590040842207102
1049    24.316744612747282  -1.4760166399537813  32.698126775542832
1050    23.845802439931152  -1.5266185234487526  32.807650191985203
1051    24.494733977134285  -1.3247785679706059  31.390565991420555
1052    24.059796764672434  -1.4641494720425172  31.507852184817992
1053    23.593248203328343  -1.5127778387524602  31.630555089704703
1054    24.210428432680061  -1.3210538384503716  30.195967530333089
1055    23.779467875155056  -1.4591609284782252  30.322347196752354
1056    23.31742257016435  -1.5068635766353757  30.458172089369647
1057    23.903443861693958  -1.3241420737189138  29.006049027535202
1058    23.477912169924515  -1.4626619573940116  29.144787656295829
1059    23.019863727894347  -1.5104754230088429  29.291006239451647
1060    24.925161690758738  -1.6924708450953951  32.552125313877866
1061    24.400038047642987  -1.865504087812256  32.676015582802435
1062    23.851186672297224  -1.9265243873565916  32.80089287257141
1063    24.662816794273983  -1.6843834682872774  31.351074269302948
1064    24.141720067354576  -1.8539314330114418  31.486187506028791
1065    23.598346338842472  -1.9127206602005593  31.626251929260032
1066    24.376936181709535  -1.6812351914384445  30.155331059138572
1067    23.860127209988214  -1.8492306383336907  30.301534601626983
1068    23.322371580079917  -1.9068295101788553  30.456714724915081
1069    24.069020616216921  -1.6845900985540498  28.964145315678721
1070    23.55823592216986  -1.8528538304754005  29.125274257370865
1071    23.025228364696744  -1.9104360797587834  29.29264749632814
1072    23.525455598582361  -0.71057295168158385  32.89356953009414
1073    23.275352318210444  -0.64700279813554817  32.956957451972805
1074    23.080117863476083  -0.53112376763125224  33.003932962689561
1075    23.275320317656231  -0.69683326613955998  31.723108491342671
1076    23.026946997559534  -0.63426857934292769  31.796104630902629
1077    22.832706778973094  -0.51887970522553284  31.850375924129942
1078    23.001932584942953  -0.69004090190090295  30.557009001274892
1079    22.75583315864295  -0.62661192497470397  30.640416982822181
1080    22.562880063485235  -0.51070641507861103  30.702416779340201
1081    22.70624812315328  -0.6919292265873026  29.393574909338099
1082    22.464400836849666  -0.62558919961909087  29.490046266410928
1083    22.273765864207359  -0.50809290633617676  29.560044791319207
1084    23.451863449106959  -1.1026617281450037  32.903617623516588
1085    23.112038179820285  -1.0100410636756849  32.985766769934685
1086    22.829184314446199  -0.83901258582487304  33.051229694963297
1087    23.202518060706765  -1.08888710271223  31.736846971578036
1088    22.864852490476316  -0.99742051066134008  31.829185986313981
1089    22.583640796076246  -0.82732495134449335  31.903552322114106
1090    22.930039327087741  -1.0820437115440906  30.574663859390846
1091    22.595044212162648  -0.98985727207264562  30.677688738551694
1092    22.315749711332288  -0.81968559753031256  30.761225559950212
1093    22.63533130584549  -1.0838956417913104  29.415108463251141
1094    22.304916875088658  -0.9888686030324616  29.531866245354081
1095    22.028306740183467  -0.81730896362951844  29.624350687980336
1096    23.378271299631528  -1.4947505046084242  32.913665716939029
1097    22.948724041430122  -1.3730793292158217  33.014576087896579
1098    22.578250765416314  -1.1469014040184937  33.098526427237026
1099    23.129715803757311  -1.4809409392849004  31.750585451813411
1100    22.702757983393106  -1.3605724419797522  31.862267341725346
1101    22.334574813179401  -1.135770197463454  31.956728720098276
1102    22.858146069232529  -1.4740465211872782  30.59231871750681
1103    22.434255265682346  -1.3531026191705877  30.714960494281215
1104    22.068619359179355  -1.1286647799820142  30.820034340560227
1105    22.56441448853769  -1.475862056995318  29.436642017164182
1106    22.145432913327642  -1.3521480064458327  29.57368622429723
1107    21.782847616159572  -1.1265250209228601  29.688656584641464
1108    23.304679150156126  -1.886839281071844  32.923713810361484
1109    22.785409903039962  -1.7361175947559584  33.043385405858452
1110    22.327317216386437  -1.4547902222121152  33.145823159510741
1111    23.056913546807849  -1.8729947758575707  31.764323932048772
1112    22.540663476309891  -1.7237243732981633  31.895348697136686
1113    22.08550883028256  -1.4442154435824139  32.00990511808245
1114    22.786252811377306  -1.8660493308304664  30.609973575622767
1115    22.273466319202043  -1.7163479662685299  30.752232250010728
1116    21.821489007026411  -1.4376439624337156  30.878843121170235
1117    22.493497671229896  -1.8678284721993261  29.458175571077216
1118    21.985948951566627  -1.7154274098592042  29.615506203240386
1119    21.537388492135683  -1.4357410782162017  29.752962481302585
1120    22.926791015502555  -0.36299981511249962  33.034754993770335
1121    22.819624070116184  -0.18530047284809847  33.053957789838535
1122    22.779831028764473  -0.056961539461840661  33.060558686781206
1123    22.679575531971615  -0.35101277549155041  31.887634052101181
1124    22.57229517114467  -0.17509488590043956  31.912489878951469
1125    22.532289570227743  -0.050929052294290768  31.921518274124946
1126    22.410955095307557  -0.34206401259814889  30.746335058178499
1127    22.305438292193266  -0.16601008397943504  30.777260016053049
1128    22.26623080956286  -0.044984854622145271  30.788939963433865
1129    22.12388475124456  -0.33825333576288769  29.609341798792936
1130    22.021947009066924  -0.16056887890106875  29.647392314775978
1131    21.984597854134449  -0.040126516448833527  29.662628900492329
1132    22.602401342020169  -0.59398979929180573  33.098656251552946
1133    22.44536100233886  -0.31652555946449995  33.130240343583345
1134    22.388163586285305  -0.052490812068042562  33.141672791758118
1135    22.357476063751815  -0.58313394034323462  31.958863614544214
1136    22.199961085338874  -0.30764677731895762  31.995981989991947
1137    22.142097858176776  -0.047151848584238404  32.009501212447155
1138    22.091182037873772  -0.57529886371901851  30.824508740629355
1139    21.935010227005741  -0.29988056629148813  30.867323253967488
1140    21.877460007499383  -0.041897957876662867  30.8830164031117
1141    21.805938552547271  -0.57199250769649235  29.693534269385299
1142    21.653113865190683  -0.29504410656936236  29.743166307317814
1143    21.597179471865672  -0.037362704728227683  29.762124420115097
1144    22.278011668537783  -0.82497978347111189  33.162557509335556
1145    22.071097934561536  -0.44775064608090137  33.206522897328156
1146    21.996496143806134  -0.048020084674244463  33.222786896735016
1147    22.035376595532025  -0.81525510519491873  32.030093176987251
1148    21.827626999533098  -0.44019866873747576  32.079474101032424
1149    21.751906146125815  -0.043374644874186005  32.097484150769397
1150    21.77140898043999  -0.80853371483988834  30.902682423080218
1151    21.564582161818223  -0.43375104860354136  30.957386491881927
1152    21.488689205435914  -0.038811061131180422  30.977092842789538
1153    21.487992353849993  -0.80573167963009729  29.77772673997767
1154    21.284280721314442  -0.42951933423765593  29.838940299859651
1155    21.209761089596906  -0.034598893007621902  29.86161993973786
1156    21.953621995055389  -1.0559697676504178  33.226458767118174
1157    21.696834866784215  -0.57897573269730296  33.28280545107296
1158    21.604828701326966  -0.043549357280446267  33.303901001711928
1159    21.713277127312228  -1.0473762700466029  32.10132273943028
1160    21.455292913727302  -0.5727505601559939  32.162966212072909
1161    21.361714434074845  -0.039597441164133551  32.185467089091603
1162    21.451635923006204  -1.0417685659607585  30.980856105531078
1163    21.194154096630708  -0.5676215309155942  31.047449729796359
1164    21.099918403372435  -0.035724164385697907  31.071169282467377
1165    21.170046155152704  -1.0394708515637021  29.86191921057004
1166    20.915447577438204  -0.56399456190594932  29.934714292401488
1167    20.822342707328129  -0.031835081287015975  29.961115459360638
1168    22.828087321193486  0.08084476956006291  33.051205114574927
1169    22.95446581698198  0.28117349830710908  33.02596301245508
1170    23.134276677326348  0.47642973751906581  32.988977480196915
1171    22.579841843782489  0.081792903365231678  31.909886073884294
1172    22.704258023764439  0.27798008870133611  31.87927860079504
1173    22.880496359999828  0.46973088224923659  31.836048453755517
1174    22.312250726323565  0.083681957618633979  30.774794447410081
1175    22.433166248647986  0.27763898943912485  30.738385754675168
1176    22.605003722854619  0.46691354726660761  30.688676305105531
1177    22.027873587670378  0.087203132241327155  29.645039035077662
1178    22.143395109637112  0.28108632719731724  29.601718405659767
1179    22.311184534603196  0.46974140679160242  29.546761885450611
1180    22.456636572329305  0.2194381081009969  33.127891513409914
1181    22.63304096400493  0.51563479455882699  33.091465768451577
1182    22.882127339791474  0.78280319404952714  33.039533391456899
1183    22.20990265037198  0.22053988559542892  31.993732691489722
1184    22.384669172990151  0.512936425558563  31.951969991072488
1185    22.630315587809299  0.77672782589860234  31.89228010674481
1186    21.943798355284592  0.22257983175553209  30.865164360947471
1187    22.11544454351737  0.5130765307589269  30.817885901961656
1188    22.35685274680791  0.77451417339020567  30.75034223170341
1189    21.660822142381988  0.22615765502981178  29.74107558506255
1190    21.827281646637012  0.51672577598113711  29.687111878615838
1191    22.064734278513857  0.77759698275585687  29.613748567867557
1192    22.085185823465117  0.35803144664193087  33.204577912244922
1193    22.31161611102787  0.75009609081054507  33.15696852444804
1194    22.629978002256582  1.0891766505799885  33.090089302716898
1195    21.839963456961474  0.35928686782562619  32.07757930909515
1196    22.065080322215849  0.74789276241578961  32.024661381349929
1197    22.380134815618757  1.0837247695479681  31.948511759734096
1198    21.575345984245608  0.36147770589243011  30.955534274484872
1199    21.797722838386736  0.74851407207872867  30.897386049248141
1200    22.108701770761204  1.0821147995138038  30.812008158301296
1201    21.293770697093603  0.36511217781829641  29.837112135047434
1202    21.511168183636901  0.75236522476495693  29.772505351571908
1203    21.818284022424518  1.0854525587201111  29.680735250284499
1204    21.71373507460094  0.49662478518286496  33.281264311079894
1205    21.990191258050817  0.98455738706226315  33.222471280444537
1206    22.377828664721697  1.3955501071104499  33.140645213976882
1207    21.470024263550968  0.49803385005582346  32.161425926700574
1208    21.745491471441554  0.98284909927301622  32.097352771627385
1209    22.129954043428221  1.3907217131973333  32.004743412723386
1210    21.206893613206642  0.50037558002932847  31.045904188022263
1211    21.480001133256124  0.98395161339853066  30.976886196534625
1212    21.860550794714495  1.3897154256374014  30.873674084899175
1213    20.92671925180521  0.50406670060678116  29.933148685032322
1214    21.195054720636797  0.98800467354877686  29.857898824527979
1215    21.571833766335178  1.3933081346843654  29.747721932701449
1216    23.355590258859252  0.61562700717259455  32.940276769036473
1217    23.623788029990351  0.6969370626971193  32.879156140275128
1218    23.09723513525541  0.60576290324761584  31.780022077791298
1219    23.361301771846396  0.68452239909081436  31.709177011925721
1220    22.816966939757172  0.60084049446263743  30.624911988320196
1221    23.076529616524542  0.67901832677971108  30.543576829889588
1222    22.519004859045655  0.60330720800657167  29.474860473334981
1223    22.772857653700402  0.6823269584852909  29.380177370506445
1224    23.18498750395873  0.97474643981559528  32.972971952804109
1225    23.538838645805633  1.0864542136682671  32.892408658986589
1226    22.928727100810374  0.96543900878528655  31.816801362721186
1227    23.278497936445092  1.0743195699522496  31.725990418261329
1228    22.650633346864311  0.96105455340197232  30.665687545202999
1229    22.995985390126734  1.069078813320093  30.564148624046851
1230    22.354368646418788  0.96374700651548306  29.520049834590267
1231    22.693921214495703  1.0724895872011884  29.404584398986405
1232    23.014384749058195  1.3338658724585961  33.005667136571752
1233    23.453889261620915  1.4759713646394144  32.905661177698093
1234    22.76021906636532  1.3251151143229574  31.853580647651071
1235    23.195694101043784  1.4641167408136839  31.742803824596937
1236    22.484299753971438  1.3212686123413073  30.706463102085809
1237    22.915441163728932  1.4591392998604737  30.584720418204125
1238    22.189732433791924  1.3241868050243946  29.565239195845553
1239    22.614984775291006  1.4626522159170856  29.428991427466361
1240    22.843781994157677  1.6929853051015968  33.038362320339395
1241    23.36893987743619  1.8654885156105623  32.918913696409568
1242    22.591711031920283  1.6847912198606281  31.89035993258096
1243    23.112890265642484  1.8539139116751193  31.759617230932541
1244    22.317966161078584  1.681482671280643  30.747238658968609
1245    22.834896937331127  1.8491997864008554  30.605292212361395
1246    22.025096221165061  1.6846266035333064  29.610428557100843
1247    22.536048336086314  1.8528148446329833  29.453398455946324
1248    22.752912086104693  0.72399625282586966  28.108765216430196
1249    23.050684854958163  0.7041359787247099  28.002334463069321
1250    23.291025287593843  0.63553691782621236  27.906824185760239
1251    23.480564319635462  0.51632971478795042  27.835832819876501
1252    22.402636517429052  0.74477827305327016  26.950149680935276
1253    22.688968725105703  0.72424264023908591  26.837888195262991
1254    22.92528268598825  0.65461941660426537  26.737219258008263
1255    23.112619586786959  0.53338368685198168  26.661156403645347
1256    22.029705702750572  0.77123992817918652  25.800800847284243
1257    22.304486604913432  0.74934249738226111  25.682723981698285
1258    22.536568425988406  0.67742029522449965  25.576924896093733
1259    22.721592451207218  0.55346959948847785  25.49580590564938
1260    21.634529156322309  0.80164950310936489  24.661350415605334
1261    21.902579076307443  0.77637787648831169  24.537994637329152
1262    22.129987904054083  0.69829389014516063  24.424969058055019
1263    22.312480233428733  0.57035392222092074  24.338916265753284
1264    22.75046547899381  1.1239306181937245  28.115619220736527
1265    23.124685890187315  1.0958549265498585  27.985063430156625
1266    23.451997113445703  0.99805131707814942  27.863069494393752
1267    23.72609103025998  0.82414209339760691  27.765566303227352
1268    22.401884654442075  1.144684340172226  26.958805659238205
1269    22.766894234660253  1.1153218644620424  26.819249145447802
1270    23.090083647516444  1.0152070859045117  26.690199897241769
1271    23.360674102993233  0.83786608126353113  26.585648432666972
1272    22.030492469424665  1.171118860039267  25.810617364025482
1273    22.386149435719247  1.1397866049663203  25.662090865839836
1274    22.704953726983589  1.036092237486713  25.526043391561885
1275    22.971898938174611  0.85463645658885001  25.414474392393945
1276    21.636133806787065  1.2015048092860348  24.671988047825312
1277    21.985745821102824  1.1665341614322895  24.515898712782946
1278    22.299225599592482  1.0561184936754437  24.370197022955139
1279    22.56272011773094  0.87004932140854496  24.251952664113254
1280    22.74801887188293  1.5238649835615796  28.122473225042864
1281    23.198686925416478  1.487573874375008  27.967792397243926
1282    23.612968939297563  1.3605657163300866  27.819314803027272
1283    23.971617740884493  1.1319544720072634  27.695299786578214
1284    22.40113279145509  1.5445904072911825  26.967461637541131
1285    22.844819744214785  1.5064010886849997  26.800610095632599
1286    23.254884609044641  1.3757947552047582  26.643180536475281
1287    23.608728619199482  1.1423484756750806  26.510140461688589
1288    22.031279236098758  1.5709977918993476  25.820433880766736
1289    22.467812266525069  1.5302307125503811  25.641457749981392
1290    22.87333902797878  1.3947641797489265  25.475161887030051
1291    23.222205425141986  1.1558033136892218  25.333142879138517
1292    21.637738457251817  1.6013601154627053  24.682625680045291
1293    22.068912565898216  1.5566904463762685  24.493802788236728
1294    22.468463295130888  1.4139430972057274  24.315424987855259
1295    22.812960002033151  1.1697447205961691  24.164989062473218
1296    22.745572264772047  1.9237993489294345  28.12932722934919
1297    23.272687960645634  1.8792928222001566  27.950521364331227
1298    23.773940765149423  1.7230801155820237  27.775560111660777
1299    24.217144451509011  1.4397668506169199  27.625033269929066
1300    22.40038092846811  1.9444964744101385  26.976117615844061
1301    22.922745253769339  1.8974803129079569  26.781971045817404
1302    23.419685570572835  1.736382424505005  26.596161175708787
1303    23.856783135405756  1.4468308700866306  26.434632490710214
1304    22.032066002772858  1.9708767237594282  25.830250397507974
1305    22.549475097330902  1.9206748201344412  25.620824634122947
1306    23.04172432897396  1.7534361220111403  25.424280382498196
1307    23.47251191210939  1.4569701707895941  25.251811365883082
1308    21.639343107716574  2.0012154216393752  24.693263312265266
1309    22.152079310693615  1.9468467313202467  24.471706863690521
1310    22.637700990669284  1.7717677007360104  24.260652952755379
1311    23.063199886335365  1.4694401197837934  24.078025460833189
1312    23.629830150408367  0.34511949414590304  27.787461344637002
1313    23.732674779572715  0.16385738166420122  27.754400907937665
1314    23.770714843254513  0.035693023842646526  27.742135198167478
1315    23.260760095559949  0.35997986822950984  26.609511406060289
1316    23.364809378860159  0.17354530578446761  26.575848969251052
1317    23.403795371140337  0.031094475920551215  26.563812022859466
1318    22.867992686700656  0.377139761046695  25.44080489064466
1319    22.972104571760255  0.18417253665180927  25.406387248587837
1320    23.011421541359162  0.026702812906644821  25.394496570500721
1321    22.455898984292116  0.39026004225518568  24.282180254988099
1322    22.555971343671803  0.18980307996530449  24.247030204552981
1323    22.593248306185298  0.023072553758942627  24.234996478761857
1324    23.946395159242869  0.57691460015640172  27.694251212283906
1325    24.09818094780319  0.29667669767977262  27.645537809121123
1326    24.153906170626204  0.033331463102329963  27.627429331415229
1327    23.577818244111818  0.58737284568760451  26.509164908439509
1328    23.728661104576606  0.30253644113189732  26.458926393561118
1329    23.784412480395098  0.028985544570301322  26.440833774506885
1330    23.185273777589316  0.60014151116600356  25.332847398536337
1331    23.33404212711363  0.30933980772285141  25.281130133013775
1332    23.389210342087996  0.024847281664904373  25.263078336265043
1333    22.772008656331579  0.61128896878123806  24.167330927995092
1334    22.915427080030152  0.31323236207511623  24.113721728838229
1335    22.967957240035769  0.021319919881148605  24.095031686163338
1336    24.26296016807736  0.80870970616690041  27.601041079930816
1337    24.463687116033668  0.42949601369534407  27.536674710304581
1338    24.537097497997891  0.030969902362013427  27.512723464662972
1339    23.894876392663679  0.81476582314569923  26.408818410818704
1340    24.09251283029306  0.43152757647932699  26.342003817871188
1341    24.165029589649848  0.026876613220051492  26.317855526154283
1342    23.502554868477979  0.8231432612853119  25.224889906428018
1343    23.695979682467001  0.4345070787938935  25.155873017439724
1344    23.766999142816825  0.022991750423163856  25.13166010202935
1345    23.088118328371035  0.83231789530729061  24.052481601002079
1346    23.274882816388512  0.43666164418492798  23.980413253123462
1347    23.342666173886226  0.019567286003354639  23.955066893564808
1348    24.579525176911865  1.040504812177399  27.50783094757772
1349    24.829193284264143  0.56231532971091569  27.427811611488043
1350    24.920288825369585  0.028608341621696849  27.398017597910727
1351    24.211934541215548  1.0421588006037936  26.308471913197923
1352    24.456364556009508  0.56051871182675672  26.225081242181258
1353    24.545646698904608  0.024767681869801564  26.194877277801698
1354    23.819835959366628  1.0461450114046205  25.116932414319695
1355    24.057917237820376  0.55967434986493569  25.030615901865662
1356    24.144787943545648  0.021136219181423353  25.000241867793672
1357    23.404228000410498  1.0533468218333433  23.937632274009076
1358    23.634338552746858  0.56009092629473989  23.84710477740871
1359    23.7173751077367  0.017814652125560604  23.815102100966293
1360    23.726835909159924  -0.098509166523349095  27.752766660857855
1361    23.610874751698898  -0.29416339370964456  27.783797519829019
1362    23.444874817053179  -0.48253793682334567  27.833811130903218
1363    23.359511673578972  -0.11661933481188917  26.574483890734317
1364    23.243975287280517  -0.31553533747986706  26.60649216567565
1365    23.081549246586651  -0.50367780210573421  26.659796180752149
1366    22.967221650072982  -0.13527439550892867  25.40532121783184
1367    22.853017378743555  -0.3388483315324386  25.438515603819503
1368    22.694653801743485  -0.52751049498716029  25.495222397170078
1369    22.551585733099213  -0.14752832280286948  24.246280826195882
1370    22.442628385388502  -0.35719435444913394  24.280739112659958
1371    22.288610607233355  -0.54823305020724067  24.339382878303354
1372    24.091104342860348  -0.23510472492775356  27.644544645278582
1373    23.926786879063311  -0.52741436327657176  27.692315268415868
1374    23.692628403034309  -0.78889268808091206  27.764963415891863
1375    23.722293961669742  -0.24902452337240827  26.458188462912833
1376    23.56042685608848  -0.54435653362014869  26.507752654276388
1377    23.33137053603696  -0.80705894652206411  26.585618410864569
1378    23.328256491013779  -0.26349286199879834  25.280676548761022
1379    23.169733695353685  -0.56325160778957162  25.332042014653155
1380    22.946260889890254  -0.82793430459742856  25.415129529900906
1381    22.910204450255478  -0.27386522887009768  24.113547295317932
1382    22.758163462581706  -0.57962808569542201  24.16722968672741
1383    22.539900285201725  -0.84736042767489128  24.253497432529016
1384    24.455372776560754  -0.37170028333215799  27.536322629699292
1385    24.242699006427738  -0.76066533284349913  27.600833017002707
1386    23.940381989015446  -1.0952474393384786  27.696115700880508
1387    24.085076249760515  -0.38142971193292741  26.341893035091353
1388    23.876878424896461  -0.77317772976043098  26.409013142877132
1389    23.581191825487263  -1.1104400909383938  26.511440640976975
1390    23.689291331954571  -0.39171132848866785  25.156031879690197
1391    23.486450011963818  -0.78765488404670481  25.225568425486802
1392    23.19786797803701  -1.128358114207697  25.335036662631722
1393    23.268823167411718  -0.40020213493732548  23.980813764439993
1394    23.073698539774924  -0.80206181694170997  24.053720260794861
1395    22.791189963170076  -1.1464878051425416  24.167611986754714
1396    24.819641210261178  -0.50829584173656239  27.428100614120016
1397    24.558611133792162  -0.9939163024104265  27.509350765589552
1398    24.188135574996569  -1.4016021905960458  27.62726798586915
1399    24.447858537851289  -0.51383490049344638  26.225597607269872
1400    24.193329993704427  -1.0019989259007129  26.310273631477873
1401    23.83101311493758  -1.4138212353547235  26.437262871089395
1402    24.050326172895364  -0.51992979497853742  25.031387210619382
1403    23.803166328573958  -1.0120581603038383  25.11909483632045
1404    23.449475066183773  -1.4287819238179655  25.254943795362554
1405    23.627441884567986  -0.52653904100455351  23.848080233562044
1406    23.389233616968131  -1.0244955481879987  23.940210834862313
1407    23.042479641138446  -1.445615182610192  24.081726540980377
1408    23.240472136016379  -0.6161881213751258  27.910458032948227
1409    22.990625920114308  -0.69557337266892849  28.01147877787982
1410    22.689364386626924  -0.723818119501766  28.120591741092269
1411    22.881699797226688  -0.63752018582132686  26.741094161103181
1412    22.637341684781308  -0.71682147485821957  26.846823859959386
1413    22.348010693369108  -0.74453423288837195  26.961553902526656
1414    22.499393693462231  -0.66232692679008132  25.581158699246405
1415    22.260590744791319  -0.74299625871373709  25.691573661234472
1416    21.983226404856158  -0.7709588768647202  25.811908026575821
1417    22.096974181906265  -0.68569305368422639  24.43004551091132
1418    21.863551885500787  -0.77107146515011094  24.547452142555091
1419    21.593164551428142  -0.8013484786267514  24.672951929813848
1420    23.407128365732326  -0.9759747507040698  27.866398559531099
1421    23.072346395688726  -1.0855846591227092  27.992411727737743
1422    22.695297383061231  -1.1237512343936733  28.125047470445974
1423    23.051124260620355  -0.99584905252278755  26.693868893755806
1424    22.721577397159908  -1.1064538905543964  26.826646955020696
1425    22.354124480365261  -1.1444365436972008  26.968134193414745
1426    22.671338110085294  -1.0192104764447114  25.530170446066709
1427    22.347155858699608  -1.1322551429602796  25.669667146431809
1428    21.989368771464061  -1.1708318964439179  25.819980974534221
1429    22.269253232377284  -1.0419525445746245  24.375109920464777
1430    21.95095621691468  -1.1601657806929526  24.52413271133322
1431    21.599418644817604  -1.201198494908257  24.681943636857255
1432    23.57378459544827  -1.3357613800330137  27.822339086113981
1433    23.154066871263161  -1.4755959455764895  27.973344677595648
1434    22.701230379495545  -1.5236843492855807  28.129503199799679
1435    23.220548724014034  -1.354177919224248  26.64664362640843
1436    22.805813109538512  -1.4960863062505734  26.806470050082005
1437    22.360238267361428  -1.5443388545060306  26.974714484302819
1438    22.84328252670835  -1.3760940260993417  25.479182192887013
1439    22.433720972607905  -1.5215140272068219  25.647760631629144
1440    21.995511138071954  -1.5707049160231166  25.828053922492611
1441    22.441532282848318  -1.3982120354650223  24.320174330018233
1442    22.038360548328583  -1.5492600962357943  24.500813280111338
1443    21.605672738207062  -1.6010485111897639  24.690935343900666
1444    23.740440825164217  -1.6955480093619582  27.778279612696853
1445    23.235787346837583  -1.8656072320302703  27.954277627453575
1446    22.707163375929845  -1.9236174641774886  28.133958929153383
1447    23.389973187407698  -1.7125067859257084  26.599418359061055
1448    22.890048821917119  -1.8857187219467504  26.786293145143315
1449    22.366352054357577  -1.9442411653148597  26.981294775190907
1450    23.015226943331417  -1.7329775757539716  25.428193939707317
1451    22.520286086516197  -1.9107729114533643  25.625854116826478
1452    22.001653504679854  -1.9705779356023136  25.836126870451011
1453    22.613811333319347  -1.75447152635542  24.265238739571679
1454    22.125764879742484  -1.9383544117786364  24.47749384888947
1455    21.611926831596517  -2.0008985274712701  24.699927050944073
1456    22.393808737921777  -0.70375639507035015  28.234411004318499
1457    22.157732948535351  -0.63487509366560169  28.343118255591204
1458    21.970144394001085  -0.51527793572584224  28.420783279754367
1459    22.064854860662489  -0.72362751764018129  27.08290197907748
1460    21.834553520272539  -0.65345666769804467  27.199954982881149
1461    21.649939400226003  -0.53155366801791626  27.284485343638686
1462    21.712390152755404  -0.74854639504630072  25.940021539175266
1463    21.487714252775561  -0.6758588415960749  26.06400259485449
1464    21.305994331824106  -0.55098922442212317  26.154634914930412
1465    21.329418275580533  -0.77551682803821242  24.80674339017207
1466    21.110066846758752  -0.6966065352393469  24.938707238084913
1467    20.931152637737359  -0.56765372614818788  25.034715925587697
1468    22.322364936079932  -1.0954193432998378  28.260222344878716
1469    21.99761370665356  -0.99729207792408381  28.390118853640963
1470    21.72458015045779  -0.82303559727326436  28.491180464740136
1471    21.991036026221142  -1.1146440108633868  27.113433608438751
1472    21.671549730078727  -1.013981501629134  27.252504053886412
1473    21.402510895697425  -0.8360994150707477  27.361810909952418
1474    21.636135937859972  -1.138912849054331  25.974862243895529
1475    21.321936169306841  -1.0344784750179623  26.122098780128326
1476    21.056903684442883  -0.85230490973621442  26.239108194907182
1477    21.252456032587293  -1.1655690624450441  24.844628241213329
1478    20.943984248280564  -1.0543245989609156  25.00197996640464
1479    20.682563225234627  -0.86745657398390996  25.125938490894427
1480    22.250921134238087  -1.4870822915293247  28.286033685438941
1481    21.837494464771769  -1.3597090621825656  28.437119451690734
1482    21.479015906914501  -1.1307932588206864  28.561577649725901
1483    21.917217191779795  -1.5056605040865916  27.143965237800025
1484    21.508545939884925  -1.3745063355602241  27.305053124891664
1485    21.15508239116885  -1.1406451621235791  27.439136476266139
1486    21.559881722964541  -1.5292793030623619  26.009702948615793
1487    21.156158085838126  -1.3930981084398495  26.180194965402166
1488    20.807813037061656  -1.1536205950503053  26.323581474883962
1489    21.17549378959405  -1.5556212968518754  24.882513092254591
1490    20.777901649802388  -1.4120426626824845  25.065252694724361
1491    20.433973812731892  -1.1672594218196317  25.217161056201153
1492    22.179477332396246  -1.8787452397588122  28.311845025999144
1493    21.677375222889975  -1.7221260464410477  28.484120049740493
1494    21.233451663371209  -1.4385509203681086  28.631974834711674
1495    21.843398357338444  -1.8966769973097974  27.174496867161299
1496    21.345542149691109  -1.7350311694913139  27.357602195896931
1497    20.907653886640276  -1.445190909176411  27.516462042579864
1498    21.483627508069105  -1.9196457570703924  26.044543653336049
1499    20.990380002369402  -1.7517177418617376  26.238291150676009
1500    20.558722389680433  -1.4549362803643973  26.408054754860729
1501    21.09853154660081  -1.9456735312587072  24.920397943295836
1502    20.611819051324193  -1.7697607264040527  25.128525423044099
1503    20.185384400229161  -1.4670622696553541  25.308383621507883
1504    21.822354435181602  -0.34389246805663393  28.475168402459623
1505    21.722947501218975  -0.16302423450819337  28.520112396372607
1506    21.686840570065829  -0.03584395108582742  28.538799716858335
1507    21.504040544201672  -0.35790412402910804  27.344661175832119
1508    21.405169578003193  -0.17214296245417685  27.394736410865374
1509    21.369086102844417  -0.03127615018894777  27.415612203822256
1510    21.162427816565021  -0.37430460022918488  26.219802172908842
1511    21.06491226007515  -0.18221864627077866  26.273524265042116
1512    21.029293478880856  -0.026894301278156493  26.295789246766937
1513    20.791000990531881  -0.38711019320573886  25.102573447688162
1514    20.698474568090457  -0.18754486948975779  25.158735865690641
1515    20.665421724585816  -0.023169591873414219  25.182053731075204
1516    21.505066419362119  -0.57571642848634363  28.565858933429102
1517    21.35540919938796  -0.29583359832619077  28.621979979360457
1518    21.300946747438914  -0.033202015235518093  28.644048017141312
1519    21.186626187663229  -0.58550662571815915  27.443358842522017
1520    21.039014516321885  -0.3012709831521766  27.504062742354311
1521    20.985139554072276  -0.028881349025421589  27.527753326954731
1522    20.845146752244613  -0.59767270279762519  26.326912701957518
1523    20.700506884688632  -0.3076620533594816  26.391061232519409
1524    20.647718164912934  -0.024748571176312243  26.415761474539433
1525    20.475157007900247  -0.60852426313042784  25.217399217028966
1526    20.336463373184436  -0.31131260126026727  25.284622086075689
1527    20.286642853108106  -0.021151546766562571  25.310593584879442
1528    21.187778403542637  -0.80754038891605351  28.656549464398552
1529    20.987870897556967  -0.42864296214418829  28.7238475623483
1530    20.915052924812002  -0.030560079385208702  28.749296317424282
1531    20.869211831124794  -0.81310912740721042  27.542056509211911
1532    20.672859454640584  -0.43039900385017632  27.613389073843251
1533    20.601193005300132  -0.026486547861895492  27.639894450087215
1534    20.527865687924194  -0.82104080536606561  26.434023231006183
1535    20.336101509302111  -0.43310546044818432  26.50859819999669
1536    20.266142850945002  -0.022602841074467979  26.535733702311934
1537    20.159313025268609  -0.82993833305511677  25.332224986369756
1538    19.974452178278419  -0.43508033303077664  25.410508306460748
1539    19.907863981630374  -0.019133501659710977  25.439133438683662
1540    20.870490387723169  -1.0393643493457634  28.747239995368037
1541    20.620332595725948  -0.56145232596218597  28.825715145336154
1542    20.529159102185083  -0.027918143534899409  28.854544617707273
1543    20.551797474586348  -1.0407116290962615  27.640754175901812
1544    20.306704392959265  -0.55952702454817616  27.722715405332195
1545    20.217246456527988  -0.024091746698369387  27.752035573219704
1546    20.210584623603786  -1.044408907934506  26.541133760054858
1547    19.971696133915597  -0.55854886753688715  26.626135167473979
1548    19.884567536977073  -0.020457110972623774  26.655705930084427
1549    19.843469042636976  -1.0513524029798058  25.447050755710571
1550    19.612440983372384  -0.55884806480128657  25.536394526845797
1551    19.529085110152657  -0.017115456552859398  25.567673292487896
1552    21.728027083737452  0.09754243680879128  28.517841754013855
1553    21.839159367303409  0.29313234947211703  28.46784827541634
1554    22.003142723297739  0.48191011944603324  28.40800130265109
1555    21.40972828057938  0.11504506441871237  27.392530009977836
1556    21.518729285512656  0.31366547118418775  27.337672346541442
1557    21.678391237533976  0.50232316045652969  27.272351961498401
1558    21.069087412259975  0.13314099027545614  26.271370835843634
1559    21.175392737210689  0.33623907014705878  26.213112441993239
1560    21.330429376839842  0.52555592895073744  26.143106658593496
1561    20.702214712843094  0.14526018958338843  25.156631264485313
1562    20.802437595343346  0.35440652417425988  25.09609038472988
1563    20.952756440743215  0.54618382405630306  25.023558190537255
1564    21.362183361138207  0.23465238745827821  28.61991421307459
1565    21.523659215566077  0.52683015929853871  28.559596586540575
1566    21.756766383811527  0.78845611614865629  28.480849831762463
1567    21.045081987602799  0.24811979778937329  27.50198290577865
1568    21.203020795664322  0.5431179509582017  27.437251525250215
1569    21.430567088749445  0.80601620763653137  27.351811508328222
1570    20.706002416953964  0.26217469953425038  26.388952943787228
1571    20.859728176196395  0.56143322504193227  26.320919323254749
1572    21.081349592800478  0.82637916132324296  26.22938455172217
1573    20.341429044369939  0.27243190620406266  25.282495607712892
1574    20.488143146426925  0.57762005563153584  25.211442609064214
1575    20.704327095437449  0.84564688131255139  25.116319916101602
1576    20.996339638538966  0.3717623381077651  28.721986672135333
1577    21.208159063828749  0.76052796912496012  28.651344897664824
1578    21.51039004432533  1.0950021128512792  28.55369836087382
1579    20.68043569462623  0.38119453116003432  27.611435801579457
1580    20.887312305816  0.7725704307322161  27.536830703958991
1581    21.182742939964907  1.1097092548165328  27.431271055158039
1582    20.342917421647957  0.39120840879304475  26.506535051730811
1583    20.544063615182111  0.78662737993680598  26.428726204516263
1584    20.832269808761104  1.1272023936957485  26.315662444850833
1585    19.980643375896786  0.39960362282473699  25.408359950940465
1586    20.173848697510511  0.80083358708881147  25.326794833398537
1587    20.455897750131673  1.1451099385687995  25.209081641665946
1588    20.630495915939729  0.5088722887572521  28.824059131196066
1589    20.892658912091409  0.99422577895138153  28.743093208789062
1590    21.264013704839115  1.4015481095539015  28.626546889985192
1591    20.315789401649646  0.51426926453069532  27.720888697380268
1592    20.571603815967666  1.0020229105062302  27.636409882667767
1593    20.934918791180376  1.4134023019965347  27.510730601987866
1594    19.97983242634195  0.52024211805183906  26.624117159674405
1595    20.228399054167813  1.0118215348316799  26.536533085777769
1596    20.583190024721745  1.428025626068254  26.401940337979504
1597    19.619857707423623  0.52677533944541144  25.534224294168045
1598    19.85955424859408  1.0240471185460871  25.442147057732878
1599    20.207468404825899  1.4445729958250468  25.301843367230294
1600    22.206576721937225  0.61597251360443062  28.328332410879941
1601    22.453485694720527  0.69558750886289866  28.221086419495723
1602    21.876491392561636  0.63688815937873511  27.185890241801413
1603    22.116139521657971  0.71671716511657635  27.070126346324546
1604    21.523339610570233  0.6613649901146631  26.050594283014089
1605    21.75599418027803  0.74278499879085758  25.927690802953808
1606    21.141712115614318  0.68471385059739254  24.925504851432745
1607    21.368224716346042  0.77086008143027485  24.794173441344483
1608    22.041770164053574  0.97575415908092489  28.378480616995073
1609    22.374671399102361  1.0855632104835349  28.249644435883575
1610    21.709822919328055  0.99525083022023364  27.241193588705336
1611    22.036335716219781  1.1063121439330441  27.103047854261881
1612    21.354911099010053  1.0182964950334863  26.111040049325322
1613    21.675135047577154  1.1319957437959842  25.96455441684423
1614    20.973418889867347  1.0409506286207613  24.990871298459378
1615    21.287290274903679  1.159873366318622  24.833923886353588
1616    21.876963606169934  1.335535804557419  28.428628823110213
1617    22.295857103484209  1.4755389121041707  28.278202452271422
1618    21.54315444609448  1.3536135010617318  27.296496935609269
1619    21.956531910781607  1.4959071227495111  27.135969362199223
1620    21.18648258744987  1.3752279999523105  26.171485815636558
1621    21.594275914876285  1.5212064888011101  26.001418030734659
1622    20.805125664120386  1.3971874066441297  25.056237745486008
1623    21.20635583346133  1.5488866512069699  24.873674331362682
1624    21.712157048286283  1.6953174500339128  28.478777029225352
1625    22.21704280786604  1.8655146137248078  28.306760468659281
1626    21.376485972860898  1.7119761719032309  27.351800282513192
1627    21.876728105343414  1.885502101565979  27.168890870136558
1628    21.018054075889683  1.7321595048711333  26.231931581947791
1629    21.513416782175405  1.9104172338062371  26.038281644625087
1630    20.636832438373418  1.7534241846674978  25.121604192512649
1631    21.125421392018964  1.937899936095318  24.913424776371784
1632    21.21458318420915  0.83425784595254926  23.533483260821757
1633    21.475623746206868  0.80583372790636054  23.405733467799894
1634    21.698059063924976  0.72173949903671963  23.285537696758091
1635    21.87784352394004  0.58959450113242651  23.194420728435936
1636    20.766911188402517  0.86733138480404803  22.418805343297333
1637    21.015775988609299  0.83789565167521129  22.287177796621783
1638    21.233295689287097  0.75158035477364216  22.161958750009454
1639    21.410367662492334  0.61610815696587973  22.065489673229287
1640    20.291273327045324  0.89916177454945745  21.317829991321116
1641    20.528043036058595  0.86905694866346772  21.182286465549087
1642    20.740796936519899  0.78115669662017528  21.051973153258203
1643    20.915237093512737  0.64269982123443881  20.950113742577209
1644    19.78742975828046  0.92804067007437352  20.231070533182198
1645    20.017432121098629  0.89581091973973292  20.091018316336115
1646    20.225661962002771  0.80380876384056477  19.953321841953425
1647    20.397636261428293  0.66217442545125893  19.846283578923689
1648    21.216696611666205  1.2341007441967713  23.544503372286865
1649    21.560050611507545  1.1956767907242976  23.381408977931571
1650    21.867975409482018  1.0785872917968971  23.226117078884847
1651    22.127805394602021  0.8875609480014105  23.10116047866795
1652    20.769718918768472  1.2671782815453936  22.429533099408403
1653    21.103212963649373  1.2270547390041002  22.258702061389819
1654    21.406173918702169  1.1062356519016221  22.096564320450966
1655    21.661849608064745  0.91020121403562737  21.964515276034231
1656    20.294520745293571  1.299027643557606  21.327687092440371
1657    20.618200109295973  1.2575450035874118  21.149104247282164
1658    20.916281301865023  1.1336286699268467  20.980092503709439
1659    21.167847969552117  0.93292662963026263  20.840935851616518
1660    19.790422108441167  1.3279390524591135  20.239575214633252
1661    20.107979280215027  1.2840245817899452  20.053941819733126
1662    20.400757733582594  1.1553314418097993  19.87525538471618
1663    20.648795690497074  0.95069370490438321  19.729341000819296
1664    21.218810039123252  1.6339436424409937  23.555523483751976
1665    21.644477476808223  1.5855198535422348  23.357084488063258
1666    22.037891755039055  1.4354350845570742  23.166696461011611
1667    22.377767265263987  1.1855273948703946  23.007900228899953
1668    20.772526649134431  1.6670251782867391  22.440260855519472
1669    21.190649938689454  1.6162138263329886  22.230226326157855
1670    21.579052148117245  1.4608909490296018  22.031169890892478
1671    21.913331553637157  1.204294271105375  21.863540878839185
1672    20.297768163541821  1.6988935125657549  21.337544193559626
1673    20.708357182533355  1.6460330585113556  21.115922029015231
1674    21.091765667210137  1.4861006432335191  20.908211854160673
1675    21.420458845591501  1.2231534380260864  20.731757960655834
1676    19.79341445860188  1.7278374348438541  20.24807989608431
1677    20.198526439331427  1.6722382438401575  20.016865323130141
1678    20.57585350516241  1.5068541197790353  19.797188927478953
1679    20.899955119565849  1.2392129843575075  19.6123984227149
1680    21.220923466580306  2.0337865406852154  23.566543595217084
1681    21.728904342108908  1.9753629163601709  23.332759998194941
1682    22.2078081005961  1.7922828773172519  23.107275843138368
1683    22.627729135925961  1.4834938417393781  22.914639979131962
1684    20.775334379500382  2.0668720750280842  22.450988611630542
1685    21.278086913729524  2.0053729136618781  22.201750590925887
1686    21.751930377532307  1.8155462461575818  21.965775461333997
1687    22.164813499209561  1.4983873281751223  21.762566481644129
1688    20.301015581790068  2.0987593815739038  21.347401294678882
1689    20.798514255770737  2.034521113435301  21.082739810748308
1690    21.267250032555253  1.8385726165401906  20.836331204611913
1691    21.673069721630885  1.5133802464219099  20.622580069695136
1692    19.79640680876259  2.1277358172285941  20.256584577535364
1693    20.289073598447832  2.0604519058903703  19.979788826527162
1694    20.750949276742233  1.8583767977482699  19.719122470241714
1695    21.151114548634634  1.5277322638106317  19.495455844610508
1696    22.018109750163717  0.40558647360786476  23.135526974429371
1697    22.113894778105053  0.19743199616655271  23.098874374323898
1698    22.149009611736783  0.020043671030994175  23.086298000843531
1699    21.548350894723217  0.42860476463736724  22.002130406027188
1700    21.643344262469729  0.21301645068162145  21.962695023098856
1701    21.678354972775946  0.01729672772729229  21.949206346637858
1702    21.051136201299816  0.45183570667104844  20.881922828959496
1703    21.145707238013941  0.22906360668629031  20.839024701513875
1704    21.180812694543629  0.015147128482263683  20.824257588852145
1705    20.53097945322272  0.46780009103626369  19.774836522404254
1706    20.622371145985756  0.23808062735633923  19.72839596020496
1707    20.655911082280671  0.013910277930335446  19.711987800193754
1708    22.33276893113349  0.62428384231143741  23.013288397604651
1709    22.470594416284904  0.31879004489968871  22.957270634494872
1710    22.520366288482506  0.018330237151672587  22.937670860574126
1711    21.862365767569347  0.64212861671887556  21.870843399898021
1712    21.997298096177989  0.32982124924676487  21.812035728875273
1713    22.046069362723127  0.015698602390926741  21.791785510020112
1714    21.364143734464474  0.66019245596941212  20.741204217912038
1715    21.49660444533751  0.34132021824763331  20.679123851484931
1716    21.54460208866481  0.013668647566654066  20.657963225200003
1717    20.841447400644185  0.6738445240289086  19.625579134683566
1718    20.969579789391528  0.3482811950335814  19.559641841829443
1719    21.015500092214701  0.012484004646595118  19.536791596812588
1720    22.64742811210326  0.84298121101501056  22.891049820779937
1721    22.82729405446474  0.4401480936328247  22.815666894665853
1722    22.891722965228219  0.016616803272350926  22.789043720304718
1723    22.176380640415488  0.85565246880038315  21.739556393768858
1724    22.351251929886235  0.44662604781190851  21.661376434651665
1725    22.413783752670323  0.014100477054561189  21.634364673402352
1726    21.677151267629132  0.86854920526777568  20.600485606864584
1727    21.847501652661073  0.45357682980897646  20.519223001456002
1728    21.908391482785994  0.012190166651044394  20.491668861547854
1729    21.15191534806565  0.87988895702155312  19.476321746962885
1730    21.316788432797303  0.45848176271082347  19.390887723453918
1731    21.375089102148738  0.011057731362854734  19.361595393431418
1732    22.962087293073033  1.0616785797185833  22.768811243955223
1733    23.183993692644592  0.56150614236596097  22.674063154836833
1734    23.263079641973942  0.01490336939302935  22.640416580035314
1735    22.490395513261614  1.0691763208818912  21.608269387639691
1736    22.705205763594506  0.56343084637705221  21.510717140428081
1737    22.781498142617501  0.012502351718195682  21.476943836784596
1738    21.990158800793793  1.0769059545661395  20.45976699581713
1739    22.198398859984643  0.56583344137031932  20.359322151427062
1740    22.272180876907179  0.01071168573543492  20.325374497895712
1741    21.462383295487115  1.0859333900141981  19.327064359242197
1742    21.663997076203078  0.56868233038806559  19.222133605078408
1743    21.734678112082772  0.0096314580791145854  19.186399190050249
1744    22.109997535986142  -0.16066705093716063  23.098465705322745
1745    22.006384519526328  -0.37690114175590067  23.134961557584379
1746    21.856455591948968  -0.57091463352217975  23.19599495808508
1747    21.639781758792942  -0.18123305925216832  21.962653874964445
1748    21.537912125254273  -0.40370348975400666  22.002400043198531
1749    21.391586436577683  -0.59983893785561637  22.068027078733241
1750    21.142454926072709  -0.20116513958167012  20.839360064550085
1751    21.041913759552038  -0.42980396818820327  20.883053206729766
1752    20.898967893520659  -0.62802478869831135  20.953649000822487
1753    20.619533562378603  -0.21240208375944361  19.729099003508793
1754    20.523091979399364  -0.447405146803243  19.776919685405389
1755    20.383564715179173  -0.64849101154102606  19.851030484927335
1756    22.465888502408081  -0.28488617829052604  22.957395623727159
1757    22.320436644277279  -0.59703130510210223  23.013915945488826
1758    22.107302599817064  -0.86842672137346844  23.103642207569813
1759    21.993009634234028  -0.30074635593054583  21.81250376810798
1760    21.851306667186282  -0.61868630957893034  21.872172340901404
1761    21.643669764581919  -0.89370024545165394  21.967840694935262
1762    21.492705850719926  -0.3159703869026933  20.679941090418787
1763    21.354279007393227  -0.63964115774385855  20.74325212260819
1764    21.151884679603615  -0.91823914648654115  20.845128680791021
1765    20.96611515685245  -0.32508289631950488  19.560776952618063
1766    20.83285914098262  -0.65494390821484039  19.628408540252199
1767    20.634830244989516  -0.93710157105522274  19.734541951302656
1768    22.82177946883003  -0.40910530564389147  22.81632554213158
1769    22.634488769028227  -0.81716146844830362  22.892870333393269
1770    22.358149607685146  -1.1659388092247571  23.011289457054563
1771    22.346237509675113  -0.42025965260892334  21.662353661251498
1772    22.164701209118306  -0.83366912940385374  21.741944638604267
1773    21.895753092586162  -1.187561553047692  21.867654311137279
1774    21.842956775367135  -0.43077563422371623  20.520522116287506
1775    21.666644255234427  -0.84947834729951366  20.603451038486607
1776    21.404801465686564  -1.2084535042747708  20.736608360759558
1777    21.312696751326293  -0.43776370887956589  19.392454901727344
1778    21.142626302565883  -0.86248266962643783  19.479897395099005
1779    20.886095774799855  -1.2257121305694192  19.618053417677988
1780    23.177670435251969  -0.53332443299725707  22.675255460535993
1781    22.948540893779182  -1.0372916317945047  22.771824721297719
1782    22.608996615553249  -1.4634508970760465  22.918936706539291
1783    22.699465385116195  -0.53977294928730069  21.512203554395025
1784    22.478095751050319  -1.0486519492287774  21.611716936307143
1785    22.147836420590405  -1.4814228606437299  21.7674679273393
1786    22.193207700014348  -0.54558088154473938  20.361103142156203
1787    21.97900950307562  -1.0593155368551685  20.463649954365028
1788    21.657718251769523  -1.4986678620630001  20.628088040728091
1789    21.659278345800143  -0.55044452143962719  19.224132850836611
1790    21.452393464149136  -1.0700214310380352  19.331386249945812
1791    21.137361304610192  -1.5143226900836151  19.501564884053309
1792    21.668121226692669  -0.71150207903979301  23.291574514971913
1793    21.440107216778216  -0.80143937623724537  23.415961695595421
1794    21.176921571170475  -0.83395457489855551  23.5457451892173
1795    21.207109966471169  -0.74272651121373301  22.168669413807041
1796    20.984667575254683  -0.83418718838700912  22.297726956764691
1797    20.733919007263861  -0.86704614980571837  22.431180149158557
1798    20.718253520198747  -0.77308455334026305  21.059379746207348
1799    20.501204836430624  -0.86583101402697993  21.193155254015387
1800    20.26279754769153  -0.8989058016464202  21.330303777305375
1801    20.205865006832436  -0.79629440855360101  19.961755050963564
1802    19.993690875806454  -0.89288696558473557  20.102653915300056
1803    19.762197880436691  -0.92781612871884289  20.244163041325528
1804    21.840785642325351  -1.0669194532001633  23.231905372220385
1805    21.528406617564389  -1.1902975046505779  23.390419874587877
1806    21.183289769957657  -1.233793920774404  23.555171305728468
1807    21.382161007050975  -1.0962264822396495  22.103061276875486
1808    21.075228115115742  -1.2225211242186269  22.268205697500655
1809    20.740158851616627  -1.2668898366631847  22.440552169514426
1810    20.895327123243103  -1.1246737792438861  20.987313968838329
1811    20.593734509237294  -1.2536526664806624  21.159101844096451
1812    20.26865583105544  -1.2987685662540029  21.339050645800857
1813    20.382231787590708  -1.1470614917636792  19.883399782517237
1814    20.086239599597576  -1.2805081585202482  20.064719978400198
1815    19.76741064953508  -1.3277124332262606  20.251631152173477
1816    22.013450057958014  -1.4223368273605339  23.172236229468862
1817    21.616706018350559  -1.5791556330639103  23.364878053580327
1818    21.189657968744843  -1.6336332666502524  23.564597422239636
1819    21.557212047630767  -1.4497264532655658  22.037453139943935
1820    21.165788654976797  -1.6108550600502438  22.238684438236625
1821    20.746398695969368  -1.6667335235206515  22.449924189870295
1822    21.072400726287455  -1.4762630051475094  20.91524819146931
1823    20.686264182043953  -1.641474318934345  21.125048434177508
1824    20.274514114419343  -1.6986313308615852  21.347797514296314
1825    20.558598568348987  -1.4978285749737572  19.805044514070918
1826    20.178788323388709  -1.6681293514557614  20.026786041500348
1827    19.77262341863349  -1.7276087377336788  20.259099263021433
1828    22.186114473590695  -1.7777542015209045  23.112567086717334
1829    21.705005419136732  -1.9680137614772424  23.33933623257278
1830    21.196026167532029  -2.0334726125261011  23.574023538750801
1831    21.732263088210573  -1.8032264242914822  21.971845003012383
1832    21.256349194837853  -1.9991889958818605  22.209163178972592
1833    20.752638540322131  -2.0665772103781168  22.459296210226167
1834    21.249474329331811  -1.8278522310511329  20.843182414100287
1835    20.77879385485063  -2.0292959713880263  21.090995024258575
1836    20.280372397783268  -2.0984940954691687  21.356544382791796
1837    20.734965349107263  -1.8485956581838359  19.726689245624577
1838    20.271337047179831  -2.0557505443912749  19.988852104600497
1839    19.777836187731886  -2.127505042241097  20.266567373869378
1840    20.920356771646681  -0.8049369480647538  23.683854802513363
1841    20.706256104622856  -0.71995671246796178  23.822881149602527
1842    20.530203786022117  -0.5867633334288338  23.923904130911186
1843    20.489682203674779  -0.83692275582612197  22.572501143986749
1844    20.280686601790624  -0.74955206717663614  22.715386244391667
1845    20.107459190137636  -0.61293281484576145  22.821152117142109
1846    20.030486763362916  -0.86805485594886511  21.474193266165535
1847    19.825849698509135  -0.77899611432695204  21.619743185957322
1848    19.655045217129647  -0.63932920413216621  21.729609062649399
1849    19.535862642409221  -0.89491385305953119  20.390442020623059
1850    19.334236755025511  -0.80189236888049076  20.539472637804526
1851    19.165088234044013  -0.65911953502124332  20.652424145801994
1852    20.84268616035369  -1.1946613357385238  23.724789252807835
1853    20.539927345678791  -1.0766611338715664  23.891623727499848
1854    20.282258314473101  -0.88478948546584413  24.02224095762303
1855    20.409508460705467  -1.2259695166464604  22.617446951539854
1856    20.111821660348149  -1.104099491598316  22.790329939763687
1857    19.858370424105953  -0.90713907232843616  22.927619803235107
1858    19.947702729626968  -1.2564335542542633  21.522787358041199
1859    19.6546126464827  -1.1313865001637573  21.700911179581858
1860    19.405123275993841  -0.92971035302754934  21.844438771670394
1861    19.452048763102582  -1.2829933976473424  20.440996492943704
1862    19.163245758276538  -1.1532689875904831  20.626180023340105
1863    18.916740591997581  -0.94770834601904508  20.775061606868586
1864    20.765015549060713  -1.584385723412294  23.765723703102307
1865    20.373598586734726  -1.4333655552751712  23.960366305397169
1866    20.034312842924095  -1.1828156375028545  24.120577784334863
1867    20.329334717736177  -1.6150162774667984  22.662392759092956
1868    19.942956718905688  -1.4586469160199964  22.865273635135726
1869    19.609281658074273  -1.201345329811111  23.034087489328105
1870    19.864918695891031  -1.6448122525596611  21.571381449916849
1871    19.483375594456287  -1.4837768860005636  21.782079173206419
1872    19.155201334858038  -1.2200915019229324  21.959268480691374
1873    19.368234883795942  -1.6710729422351536  20.491550965264356
1874    18.992254761527587  -1.5046456063004763  20.712887408875694
1875    18.668392949951144  -1.2362971570168468  20.897699067935189
1876    20.687344937767719  -1.9741101110860639  23.806658153396782
1877    20.207269827790658  -1.7900699766787758  24.029108883294491
1878    19.786367371375082  -1.4808417895398647  24.218914611046696
1879    20.249160974766856  -2.0040630382871374  22.707338566646069
1880    19.774091777463212  -1.8131943404416762  22.94021733050775
1881    19.360192892042587  -1.4955515872937863  23.140555175421095
1882    19.782134662155087  -2.0331909508650585  21.61997554179252
1883    19.312138542429853  -1.8361672718373692  21.863247166830956
1884    18.905279393722228  -1.5104726508183155  22.074098189712377
1885    19.284421004489303  -2.0591524868229647  20.542105437585004
1886    18.821263764778614  -1.8560222250104688  20.79959479441127
1887    18.420045307904726  -1.5248859680146485  21.020336529001778
1888    20.393548721738604  -0.40230846230684192  23.994213757920988
1889    20.305932137157331  -0.1950534413000003  24.052415341347409
1890    20.275376727437759  -0.020012271986774438  24.076561730467493
1891    19.97327910428649  -0.42505788170955155  22.895433112301852
1892    19.886774512719786  -0.21051459319853932  22.955477657595477
1893    19.856495953331645  -0.017193344132946795  22.980023536283134
1894    19.522806034133328  -0.44813112020621748  21.80742044124456
1895    19.436421580937136  -0.22647954217935332  21.868488976792772
1896    19.405885796302854  -0.014975124585873273  21.892993360333467
1897    19.034743407236864  -0.46430084658919063  20.731364675162979
1898    18.950293227968679  -0.23549950523642099  20.792015461297147
1899    18.920652650386756  -0.01361992961949654  20.816025414429852
1900    20.079394410591824  -0.6213594629668131  24.117170028782837
1901    19.946687299436032  -0.31675167112926084  24.187203459818758
1902    19.899836451864857  -0.018063578709495289  24.214302628400251
1903    19.660079541059059  -0.63896745642390418  23.028031790827555
1904    19.530476939748386  -0.32765872705682697  23.10026035051132
1905    19.484739302926357  -0.015364523414432818  23.12769294998089
1906    19.210965981263122  -0.65689434370770028  21.950045727299475
1907    19.083651800835089  -0.33906519107858307  22.023934654324293
1908    19.038587942243939  -0.013262076203744155  22.05141273628594
1909    18.725807313165099  -0.67068622502420172  20.883273062334997
1910    18.602031389409685  -0.34600248523014659  20.95836826742849
1911    18.55861890576892  -0.011963932399799163  20.986110173979949
1912    19.765240099445037  -0.84041046362678429  24.240126299644672
1913    19.58744246171473  -0.43844990095852121  24.321991578290124
1914    19.524296176291944  -0.016114885432216102  24.352043526333002
1915    19.346879977831627  -0.85287703113825708  23.160630469353258
1916    19.174179366776986  -0.44480286091511478  23.24504304342716
1917    19.112982652521069  -0.013535702695918816  23.275362363678653
1918    18.899125928392905  -0.86565756720918352  22.092671013354398
1919    18.730882020733031  -0.45165083997781291  22.179380331855789
1920    18.671290088185017  -0.011549027821615064  22.209832112238409
1921    18.416871219093338  -0.87707160345921287  21.035181449507007
1922    18.253769550850695  -0.45650546522387231  21.124721073559833
1923    18.196585161151088  -0.010307935180101757  21.156194933530031
1924    19.451085788298251  -1.0594614642867555  24.363082570506524
1925    19.228197623993424  -0.56014813078778214  24.456779696761476
1926    19.148755900719038  -0.014166192154936981  24.489784424265757
1927    19.033680414604198  -1.0667866058526101  23.293229147878971
1928    18.81788179380559  -0.56194699477340271  23.389825736343006
1929    18.741226002115773  -0.011706881977404868  23.423031777376416
1930    18.587285875522692  -1.0744207907106669  22.235296299409324
1931    18.378112240630983  -0.56423648887704292  22.334826009387299
1932    18.303992234126099  -0.0098359794394860395  22.368251488190879
1933    18.107935125021577  -1.0834569818942246  21.187089836679025
1934    17.905507712291705  -0.56700844521759775  21.291073879691176
1935    17.834551416533248  -0.0086519379604044211  21.326279693080128
1936    20.309267643302356  0.15851017421893679  24.05033574179717
1937    20.403666991985293  0.3741639485545607  23.9879089264162
1938    20.549612903413642  0.56886743341861989  23.913067235447535
1939    19.889865529150498  0.17909130352667194  22.953397159934731
1940    19.982341939126307  0.40081264631246544  22.889360670704008
1941    20.124530615035447  0.59751207714326604  22.810805447726899
1942    19.439311401260145  0.19907282391317507  21.866415221163944
1943    19.530937129585137  0.42686377686510785  21.801602218532057
1944    19.669945939159245  0.6255602530481722  21.719782088403417
1945    18.952908290503874  0.21052398178502757  20.789989627750703
1946    19.041927256180497  0.44482849962962145  20.725790170839034
1947    19.178295239335576  0.64645445895126719  20.643006418505152
1948    19.95118466656216  0.28351381963548644  24.185040178599504
1949    20.091000822073564  0.59500695013248439  24.111228839420061
1950    20.301873509050875  0.86664447535088429  24.0126901159284
1951    19.53460753684249  0.29937937685288585  23.098023399547067
1952    19.670546264180945  0.61653456388623484  23.022145369643802
1953    19.875817742346005  0.89169545018563334  22.918246118150297
1954    19.087455235289891  0.31464819414894712  22.021627744252338
1955    19.220406180004343  0.63746519287857106  21.944224676115667
1956    19.420555489268125  0.91614930842200359  21.835256555653594
1957    18.605485341983265  0.32393988781635602  20.956035686412051
1958    18.734207276799005  0.65306113309527525  20.877499235215826
1959    18.930482443762489  0.93535555266519899  20.76599006132458
1960    19.59310168982195  0.40851746505203601  24.319744615401842
1961    19.778334652161831  0.81584995171040731  24.234548752423915
1962    20.054134114688107  1.1644215172831489  24.112312996409262
1963    19.179349544534471  0.41966745017909984  23.242649639159406
1964    19.358750589235587  0.83225648146000453  23.154930068583589
1965    19.627104869656552  1.1858788232280006  23.025686788573683
1966    18.73559906931963  0.43022356438471909  22.176840267340737
1967    18.909875230423545  0.84806660889203389  22.086847133699269
1968    19.171165039377001  1.2067383637958349  21.950731022903753
1969    18.258062393462655  0.43735579384768442  21.122081745073402
1970    18.426487297417502  0.86129376656092815  21.029208299592614
1971    18.6826696481894  1.2242566463791309  20.888973704143996
1972    19.235018713081754  0.53352111046858552  24.454449052204172
1973    19.465668482250106  1.0366929532883311  24.357868665427777
1974    19.806394720325336  1.4621985592154134  24.211935876890127
1975    18.824091552226466  0.53995552350531384  23.387275878771732
1976    19.046954914290218  1.0479783990337739  23.287714767523376
1977    19.378391996967107  1.4800621962703677  23.13312745899708
1978    18.383742903349379  0.54579893462049101  22.332052790429131
1979    18.599344280842754  1.0586680249054974  22.229469591282875
1980    18.921774589485885  1.4973274191696657  22.066205490153934
1981    17.910639444942053  0.55077169987901298  21.288127803734742
1982    18.118767318036006  1.0695264000265814  21.180917363969407
1983    18.434856852616321  1.5131577400930611  21.011957346963428
1984    20.73500575233626  0.71051344049640064  23.809792335430991
1985    20.955681839584518  0.80122322751875463  23.670912426645295
1986    20.30581226700745  0.74150069956038445  22.702734986543106
1987    20.520569633415736  0.8338698753512892  22.559676144467222
1988    19.847514751722546  0.77172383269335187  21.607554916424878
1989    20.057093204154455  0.86544103218901036  21.46150357746486
1990    19.353496298576268  0.79523104479931217  20.527474236732058
1991    19.559457658115477  0.89257770529304925  20.377433708292795
1992    20.566682662042119  1.0658561378117861  23.880395970447548
1993    20.87438773810733  1.1899785643925094  23.713590491241202
1994    20.135467828289304  1.0949701366551274  22.779176298643833
1995    20.437523549406631  1.2221108700273937  22.606068548080696
1996    19.675302139295724  1.123323411079119  21.689843981173514
1997    19.972183248996497  1.253178608146839  21.511237951778654
1998    19.181713345748239  1.1459467470120936  20.615030716161812
1999    19.473852377071879  1.2800901036744103  20.428978597241663
2000    20.398359571747978  1.4211988351271714  23.950999605464094
2001    20.793093636630132  1.5787339012662642  23.756268555837103
2002    19.965123389571158  1.4484395737498714  22.855617610744574
2003    20.354477465397512  1.610351864703498  22.65246095169416
2004    19.503089526868898  1.4749229894648859  21.77213304592215
2005    19.887273293838529  1.6409161841046682  21.56097232609244
2006    19.009930392920207  1.4966624492248763  20.702587195591565
2007    19.388247096028262  1.6676025020557717  20.480523486190524
2008    20.230036481453833  1.7765415324425566  24.021603240480662
2009    20.711799535152952  1.9674892381400193  23.798946620433
2010    19.794778950853011  1.8019090108446139  22.9320589228453
2011    20.271431381388407  1.998592859379603  22.698853355307634
2012    19.330876914442062  1.826522567850654  21.854422110670797
2013    19.802363338680564  2.0286537600624968  21.610706700406229
2014    18.838147440092172  1.8473781514376579  20.790143675021334
2015    19.302641814984657  2.0551149004371325  20.532068375139389
2016    19.25378080575452  0.95219955132426903  19.158421523150086
2017    19.480108019042497  0.91778808239844145  19.012415392380188
2018    19.684091777357505  0.82133926942924318  18.866772910879934
2019    19.853681494561897  0.67648207188667109  18.754182224635972
2020    18.690157147501722  0.97207055766040262  18.099487684253294
2021    18.911361885446336  0.93730525878521731  17.946250047378872
2022    19.111506704508088  0.8393305663142816  17.794022401486011
2023    19.278813194449146  0.69182902958577785  17.675083488698661
2024    18.098464473246466  0.98924633309204901  17.05434759791941
2025    18.314890523218565  0.95488520674544664  16.893576588536764
2026    18.511834865287177  0.85679235366037843  16.73420316921586
2027    18.677201915335729  0.70740448022388425  16.608614163481434
2028    17.480608472713104  1.0053195216284823  16.02307984557601
2029    17.69439073526754  0.97105068412451601  15.85544932305848
2030    17.889004381527414  0.8727343306322326  15.68644806951373
2031    18.053018211467379  0.7223976054762955  15.554401041354017
2032    19.256014934924185  1.3521290022753936  19.16562065393807
2033    19.569390682213708  1.305990304121923  18.971983583835414
2034    19.857076060623566  1.172683160563418  18.783233594243246
2035    20.101897804181263  0.96461438967073898  18.630203548598352
2036    18.691696503529684  1.372017926309363  18.105843098092684
2037    18.99967480457935  1.325416743289531  17.902247626185552
2038    19.283215695101337  1.1901874493998268  17.705564371861293
2039    19.524763456899887  0.9790012193342712  17.54452955401192
2040    18.099494859568576  1.3892019557028841  17.060247160027853
2041    18.402399304299749  1.342897509902425  16.846434153163784
2042    18.682396659644972  1.2071560495550293  16.64133638682431
2043    18.920994029605723  0.99361158240233194  16.472037663618018
2044    17.481438048351752  1.4052772215978184  16.028837452674296
2045    17.781131838362697  1.3590262145702612  15.806243371150359
2046    18.057838976883502  1.2229007022650291  15.589638308386277
2047    18.294190903251597  1.0082028673822718  15.412446523974657
2048    19.25824906409386  1.752058453226518  19.172819784726052
2049    19.65867334538494  1.6941925258454051  18.931551775290639
2050    20.030060343889623  1.5240270516975938  18.69969427760654
2051    20.350114113800636  1.2527467074548069  18.506224872560736
2052    18.693235859557642  1.7719652949583233  18.112198511932078
2053    19.087987723712363  1.7135282277938451  17.858245204992237
2054    19.454924685694589  1.5410443324853729  17.617106342236561
2055    19.770713719350624  1.2661734090827645  17.413975619325186
2056    18.100525245890687  1.789157578313719  17.066146722136288
2057    18.489908085380943  1.7309098130594034  16.799291717790801
2058    18.852958454002763  1.5575197454496807  16.548469604432739
2059    19.164786143875698  1.2798186845807795  16.335461163754591
2060    17.482267623990413  1.8052349215671546  16.034595059772581
2061    17.867872941457868  1.7470017450160071  15.757037419242238
2062    18.226673572239619  1.5730670738978259  15.492828547258828
2063    18.535363595035815  1.2940081292882488  15.27049200659529
2064    19.260483193263529  2.1519879041776426  19.18001891551404
2065    19.747956008556159  2.0823947475688867  18.891119966745869
2066    20.203044627155688  1.8753709428317686  18.616154960969855
2067    20.598330423420006  1.5408790252388744  18.382246196523113
2068    18.694775215585601  2.1719126636072836  18.118553925771469
2069    19.176300642845373  2.1016397122981583  17.81424278379891
2070    19.626633676287831  1.8919012155709187  17.528648312611839
2071    20.016663981801365  1.5533455988312579  17.283421684638451
2072    18.101555632212797  2.1891132009245537  17.072046284244728
2073    18.577416866462137  2.1189221162163818  16.752149282417818
2074    19.023520248360548  1.9078834413443313  16.455602822041193
2075    19.408578258145695  1.5660257867592264  16.198884663891171
2076    17.483097199629061  2.2051926215364914  16.040352666870866
2077    17.954614044553033  2.134977275461754  15.707831467334115
2078    18.395508167595704  1.9232334455306224  15.396018786131373
2079    18.776536286820033  1.579813391194226  15.128537489215931
2080    19.984436272438614  0.47878168138794175  18.679194972805025
2081    20.071707545696526  0.24342650140608779  18.62921505399677
2082    20.103133227586859  0.013480309194829699  18.611209003377368
2083    19.40776283065119  0.49133386205754004  17.594394151177944
2084    19.493192294751609  0.25197912087018637  17.540502286679096
2085    19.523855985896208  0.013848620886076395  17.521067220717285
2086    18.805023735824992  0.50438185538720826  16.521975063559864
2087    18.889869281840003  0.26152400390491465  16.463711282335527
2088    18.920448308200747  0.015476515869023613  16.442599524320229
2089    18.180283595924596  0.51685088371909638  15.46347871598763
2090    18.264782395650712  0.26984666866655216  15.400295665049727
2091    18.29527914549254  0.018825297008618097  15.376842986292953
2092    20.291303629629578  0.68425979655503177  18.522052978336017
2093    20.414841727531716  0.35312422758780959  18.452131509048439
2094    20.458489542645971  0.012158062730476798  18.427557145407913
2095    19.711177875195826  0.69548806302454402  17.429317666823227
2096    19.832314820296542  0.36054977591177989  17.355448126236197
2097    19.87511270163624  0.01276521095417615  17.329674533775783
2098    19.105072591549266  0.70721070813194598  16.349492117927738
2099    19.225025835334232  0.36897270116416941  16.271168728830119
2100    19.267629333699343  0.014640581339656721  16.243923565974608
2101    18.476990232896252  0.71910911657174015  15.284695249432088
2102    18.59600154029302  0.37680786450365616  15.20087035226766
2103    18.638299203349128  0.018119305908882551  15.1710840460628
2104    20.598170986820538  0.88973791172212191  18.364910983867013
2105    20.757975909366913  0.46282195376953167  18.275047964100096
2106    20.813845857705083  0.010835816266123911  18.243905287438459
2107    20.014592919740462  0.89964226399154812  17.26424118246851
2108    20.171437345841472  0.46912043095337352  17.170393965793298
2109    20.226369417376272  0.011681801022275895  17.138281846834282
2110    19.405121447273544  0.91003956087668403  16.177009172295605
2111    19.560182388828458  0.47642139842342429  16.0786261753247
2112    19.614810359197946  0.013804646810289891  16.045247607628983
2113    18.773696869867909  0.92136734942438414  15.105911782876541
2114    18.927220684935321  0.48376906034075995  15.001445039485597
2115    18.981319261205726  0.017413314809147089  14.965325105832646
2116    20.905038344011491  1.0952160268892117  18.207768989398005
2117    21.101110091202099  0.57251967995125352  18.097964419151772
2118    21.169202172764198  0.0095135698017710466  18.060253429469004
2119    20.318007964285098  1.1037964649585519  17.099164698113789
2120    20.510559871386409  0.57769108599496721  16.985339805350392
2121    20.577626133116311  0.01059839109037565  16.946889159892777
2122    19.705170302997811  1.1128684136214224  16.004526226663483
2123    19.895338942322688  0.58387009568267911  15.886083621819296
2124    19.961991384696532  0.012968712280923014  15.846571649283355
2125    19.070403506839558  1.1236255822770278  14.927128316320999
2126    19.258439829577625  0.59073025617786401  14.802019726703534
2127    19.324339319062311  0.016707323709411574  14.759566165602493
2128    20.069326221596654  -0.21846082663756347  18.630351478350061
2129    19.977720112731067  -0.45888965506116591  18.682510172964484
2130    19.84118383651851  -0.66337562518977256  18.760691177356311
2131    19.491211113628502  -0.22621670990569301  17.542165640964097
2132    19.401898910743522  -0.47067244987817086  17.599201237722685
2133    19.267449811264203  -0.67837954371221709  17.683823840455613
2134    18.888309247050707  -0.23264613565399356  16.465907268850966
2135    18.80007206530874  -0.48100459218025066  16.528290328771934
2136    18.667053819957825  -0.69186593549160824  16.619607908855777
2137    18.263741630439785  -0.23472550597262609  15.402942139510779
2138    18.176683268298742  -0.48813714289339788  15.471074895204225
2139    18.044687043140932  -0.70219796891119279  15.567222817187425
2140    20.411860032305508  -0.33043370079794038  18.453611309653294
2141    20.283886932160989  -0.66566479769909659  18.525841109915625
2142    20.089528854446911  -0.95141294589260816  18.636763079705467
2143    19.829825572689906  -0.33659294652920074  17.357338151402885
2144    19.704710001784029  -0.67567423789061654  17.434220444101694
2145    19.513708170629993  -0.96503315017887459  17.552735317932143
2146    19.22304370689768  -0.34141575298718374  16.27346789222155
2147    19.099595460910031  -0.68422054988751002  16.355506437084774
2148    18.911308997066602  -0.97712200915901848  16.481885470193944
2149    18.594546363820868  -0.34275723964578786  15.203510946464027
2150    18.472810420597288  -0.69055205478788495  15.291658983139273
2151    18.286272137284527  -0.98683934807803497  15.42364034070223
2152    20.754393843014356  -0.44240657495831748  18.27687114095653
2153    20.590053751590911  -0.87243994033702699  18.369172046866787
2154    20.337873872375301  -1.2394502665954439  18.512834982054631
2155    20.168440031751288  -0.44696918315270834  17.172510661841677
2156    20.007521092824533  -0.88067602590306238  17.269239650480703
2157    19.759966529995769  -1.2516867566455321  17.421646795408662
2158    19.557778166744647  -0.45018537032037398  16.081028515592131
2159    19.399118856511326  -0.887436507594769  16.182722545397599
2160    19.155564174175367  -1.2623780828264288  16.344163031532116
2161    18.925351097201951  -0.4507889733189494  15.004079753417278
2162    18.768937572895833  -0.8929669666823723  15.112243071074319
2163    18.527857231428126  -1.2714807272448778  15.280057864217035
2164    21.096927653723217  -0.5543794491186943  18.100130972259763
2165    20.896220571020827  -1.0792150829749576  18.212502983817927
2166    20.586218890303702  -1.5274875872982794  18.388906884403795
2167    20.507054490812678  -0.55734541977621566  16.98768317228047
2168    20.310332183865039  -1.0856778139155081  17.104258856859719
2169    20.006224889361562  -1.5383403631121897  17.290558272885196
2170    19.892512626591621  -0.55895498765356422  15.888589138962715
2171    19.698642252112617  -1.0906524653020284  16.009938653710432
2172    19.399819351284144  -1.5476341564938392  16.20644059287028
2173    19.25615583058303  -0.55882070699211095  14.804648560370525
2174    19.065064725194375  -1.0953818785768592  14.932827159009371
2175    18.76944232557171  -1.5561221064117203  15.136475387731842
2176    19.665839104992198  -0.81435340709015358  18.876989732650003
2177    19.457810764410663  -0.91499859873250822  19.025672025643686
2178    19.229972451640197  -0.95199204108577673  19.173000564983507
2179    19.094242627101895  -0.83230072919673814  17.806608131102706
2180    18.889682993879326  -0.9343584082412818  17.961685176689791
2181    18.666841581186404  -0.97185302170767229  18.116039384308348
2182    18.495646892824396  -0.84841735302318466  16.749154688004932
2183    18.293929570624123  -0.95130591518676033  16.911140456318698
2184    18.075747767673626  -0.98898852822918826  17.072797085364655
2185    17.874623221822524  -0.86098425671932333  15.703173845039986
2186    17.675172501056753  -0.96618064064464848  15.874484952410732
2187    17.459633509700183  -1.0049880182949855  16.042791254217086
2188    19.840220141904137  -1.1647882524051645  18.792772829086463
2189    19.549323724163983  -1.3025212971882876  18.984079625313736
2190    19.23469109379641  -1.3519205075488461  19.178920487685058
2191    19.267730192627454  -1.1819001789995831  17.716862874702588
2192    18.980789161749559  -1.3215935920137958  17.915995425473845
2193    18.671481730567741  -1.3717995343534908  18.120665190184358
2194    18.668349033400233  -1.1971686469353922  16.654369736247425
2195    18.384782623291336  -1.3382427890975075  16.861771716507871
2196    18.080487671091223  -1.3889433500638528  17.076509285451156
2197    18.045663757862012  -1.2093650316010518  15.603993230602777
2198    17.765450819726343  -1.3529866345401564  15.822712836043191
2199    17.464414026608974  -1.4049457911035923  16.046096799265261
2200    20.01460117881609  -1.5152230977201748  18.708555925522909
2201    19.640836683917296  -1.6900439956440669  18.942487224983779
2202    19.239409735952631  -1.7518489740119152  19.184840410386595
2203    19.441217758153023  -1.5314996288024274  17.627117618302478
2204    19.071895329619785  -1.7088287757863103  17.870305674257885
2205    18.676121879949076  -1.7717460469993092  18.125290996060357
2206    18.841051173976084  -1.5459199408475996  16.559584784489907
2207    18.475635675958543  -1.725179663008255  16.812402976697037
2208    18.085227574508806  -1.7888981718985175  17.080221485537631
2209    18.216704293901518  -1.55774580648278  15.504812616165566
2210    17.85572913839594  -1.7397926284356642  15.770940719675648
2211    17.469194543517769  -1.8049035639121975  16.049402344313428
2212    20.188982215728029  -1.8656579430351861  18.624339021959376
2213    19.732349643670609  -2.0775666940998456  18.900894824653832
2214    19.244128378108837  -2.151777440474985  19.190760333088146
2215    19.614705323678578  -1.8810990786052717  17.53737236190236
2216    19.163001497490018  -2.0960639595588244  17.824615923041932
2217    18.680762029330417  -2.1716925596451282  18.129916801936364
2218    19.013753314551924  -1.8946712347598076  16.464799832732396
2219    18.566488728625757  -2.1121165369190007  16.76303423688621
2220    18.089967477926407  -2.1888529937331822  17.083933685624132
2221    18.387744829941003  -1.9061265813645085  15.405632001728357
2222    17.946007457065534  -2.1265986223311728  15.719168603308107
2223    17.473975060426568  -2.2048613367208048  16.052707889361589
2224    19.006146899704259  -0.91696513713813699  19.322740950490594
2225    18.806557354686841  -0.81962518553116337  19.475128003052344
2226    18.638678223045002  -0.67376687071389563  19.591128062914468
2227    18.447066610714977  -0.93638770624766665  18.270714114046257
2228    18.249225667020678  -0.83741355764002234  18.425506789788628
2229    18.082668463989251  -0.68900295543706891  18.54553291432282
2230    17.859798992004002  -0.95383257713911995  17.233068135583732
2231    17.663289931544941  -0.85461295816936789  17.39149581897161
2232    17.497830270461208  -0.70439784446303111  17.516209984428201
2233    17.245521260133973  -0.96995076656349588  16.208509639396702
2234    17.049798387777543  -0.87057886008149721  16.373981911559525
2235    16.884934956045342  -0.71952159306404795  16.503730557631759
2236    18.922737516196552  -1.3050210448834121  19.374622832539529
2237    18.637562538750593  -1.1707776374804484  19.566801398116297
2238    18.393544077014983  -0.96187806298466305  19.721124186563337
2239    18.364225821241217  -1.3243826818490056  18.324796658699135
2240    18.081831369022719  -1.1881452155370007  18.522127200354888
2241    17.840483046124003  -0.97617953835893445  18.682908354297734
2242    17.777692290123007  -1.3417595393727655  17.289576700421872
2243    17.497637960432638  -1.2049216729348387  17.493000460491352
2244    17.258722636455769  -0.99064032472694075  17.660746802725633
2245    17.164315534728335  -1.3578328482833331  16.267021686707128
2246    16.886568024320038  -1.2206569608486584  16.480264208961199
2247    16.649427985141443  -1.0052879746737584  16.654972224500938
2248    18.839328132688852  -1.6930769526286871  19.426504714588457
2249    18.468567722814321  -1.5219300894297341  19.658474793180275
2250    18.148409930984968  -1.2499892552554304  19.851120310212202
2251    18.281385031767467  -1.7123776574503446  18.378879203352003
2252    17.91443707102475  -1.5388768734339788  18.618747610921154
2253    17.598297628258759  -1.2633561212807998  18.82028379427264
2254    17.695585588241993  -1.7296865016064109  17.346085265260015
2255    17.33198598932033  -1.5552303877003097  17.594505102011102
2256    17.01961500245034  -1.2768828049908503  17.805283621023079
2257    17.083109809322696  -1.7457149300031705  16.325533734017547
2258    16.723337660862502  -1.5707350616158189  16.58654650636289
2259    16.413921014237534  -1.2910543562834678  16.806213891370128
2260    18.755918749181156  -2.0811328603739629  19.478386596637396
2261    18.299572906878073  -1.8730825413790186  19.750148188244221
2262    17.90327578495495  -1.5381004475261979  19.981116433861072
2263    18.19854424229371  -2.1003726330516836  18.432961748004885
2264    17.747042773026795  -1.8896085313309567  18.715368021487421
2265    17.356112210393508  -1.5505327042026658  18.957659234247551
2266    17.613478886360998  -2.1176134638400574  17.402593830098162
2267    17.166334018208026  -1.9055391024657804  17.696009743530848
2268    16.780507368444912  -1.5631252852547601  17.949820439320511
2269    17.001904083917058  -2.133597011723007  16.384045781327981
2270    16.56010729740499  -1.9208131623829805  16.692828803764566
2271    16.178414043333632  -1.576820737893178  16.95745555823931
2272    18.51007974264224  -0.47559081174561896  19.671161087316914
2273    18.428033882917855  -0.24091117740199541  19.730875256647774
2274    18.39956764769255  -0.012942976706628018  19.754079245874966
2275    17.955247974483338  -0.48824215385657588  18.62912194965228
2276    17.873544242682836  -0.24954729541552362  18.688915959710943
2277    17.844997589449228  -0.012985592115055535  18.711499350181761
2278    17.371028621350987  -0.50135362265529759  17.604061690612145
2279    17.28862859511506  -0.25920313883177198  17.665247909835323
2280    17.259442373371986  -0.014349255311179088  17.687917361477233
2281    16.758202201836028  -0.51402396787502003  16.594794738639553
2282    16.675091228065966  -0.26767398720550706  16.658981446369609
2283    16.645401897176004  -0.017635445761399721  16.682964913888377
2284    18.205337308713659  -0.68130325826524851  19.832076441023446
2285    18.085070709588962  -0.35084722894731141  19.908143332837135
2286    18.04333214222499  -0.011417355809424686  19.935992756448815
2287    17.654907081202776  -0.69255591058808319  18.799472556934482
2288    17.536107030944045  -0.3582539950110224  18.876901227400676
2289    17.494683559600507  -0.011730298339157893  18.904569378935388
2290    17.075196224611545  -0.70426574609680681  17.7835037069249
2291    16.956783258370137  -0.36667113547462421  17.8633726980459
2292    16.915093632743925  -0.013351487460936505  17.891440330889498
2293    16.466884332919069  -0.71625432889552143  16.782212187851474
2294    16.348742296762474  -0.37454700239146105  16.86628849169961
2295    16.306982836503714  -0.016729650646697715  16.896205901761011
2296    17.900594874785078  -0.88701570478487846  19.992991794729992
2297    17.742107536260061  -0.46078328049262746  20.085411409026491
2298    17.687096636757431  -0.0098917349122213463  20.117906267022676
2299    17.35456618792221  -0.89686966731959061  18.969823164216695
2300    17.198669819205239  -0.46696069460652123  19.064886495090427
2301    17.144369529751771  -0.010475004563260334  19.097639407689027
2302    16.779363827872093  -0.90717786953831658  17.962945723237649
2303    16.624937921625222  -0.47413913211747644  18.061497486256478
2304    16.570744892115851  -0.012353719610693866  18.094963300301753
2305    16.175566464002113  -0.91848468991602294  16.969629637063388
2306    16.02239336545896  -0.48142001757741498  17.073595537029604
2307    15.968563775831413  -0.015823855531995674  17.109446889633642
2308    17.5958524408565  -1.0927281513045088  20.153907148436527
2309    17.399144362931164  -0.57071933203794356  20.262679485215852
2310    17.330861131289875  -0.0083661140150180866  20.299819777596529
2311    17.054225294641647  -1.1011834240510976  19.14017377149889
2312    16.861232607466448  -0.5756673942020204  19.252871762780156
2313    16.794055499903042  -0.009219710787362799  19.290709436442647
2314    16.483531431132654  -1.110089992979826  18.142387739550394
2315    16.293092584880299  -0.58160712876032905  18.259622274467063
2316    16.226396151487787  -0.01135595176045149  18.298486269714019
2317    15.884248595085161  -1.1207150509365245  17.157047086275306
2318    15.696044434155461  -0.58829303276336908  17.280902582359612
2319    15.630144715159121  -0.014918060417293731  17.322687877506269
2320    18.430420680433347  0.21709786934637079  19.728910239719344
2321    18.51673831317251  0.45697525465788824  19.66577413108222
2322    18.651156082578638  0.66194389254681862  19.581882657202268
2323    17.87585229559993  0.22555062752628741  18.687000793468442
2324    17.961960756632532  0.46937225350818945  18.623907753860468
2325    18.095175465428753  0.67721690160684289  18.536342824869703
2326    17.290865028375716  0.23260607581876944  17.663411805825298
2327    17.377815972096109  0.48023031285725587  17.599103716824768
2328    17.510393895725549  0.69087470906589388  17.507187884342258
2329    16.677120771132785  0.23498803371780899  16.657293793617278
2330    16.764525345098797  0.48776024938181906  16.590274697626118
2331    16.896851881308649  0.70151853785852603  16.495218798454804
2332    18.088181669726453  0.32969391329926123  19.905806012669427
2333    18.212969687895878  0.66430149973538111  19.826315471377196
2334    18.406219558364182  0.95015907652903719  19.712015630617639
2335    17.538921377334223  0.33638724958229038  18.874550896505195
2336    17.662159259197125  0.67480029888418547  18.793732489171617
2337    17.852578966776623  0.9640467128192467  18.673708406316372
2338    16.959302063901898  0.3416957982688455  17.861032891872465
2339    17.082071266814804  0.68377216285686293  17.777851785187806
2340    17.270243134697491  0.97633087292890042  17.651546242300839
2341    16.350921328524759  0.34329546096232932  16.864014552724427
2342    16.473000986860978  0.69043172396858854  16.776774856014455
2343    16.659894527824434  0.98632396825107249  16.646006992451142
2344    17.745942659019551  0.44228995725215203  20.082701785619498
2345    17.909201062619236  0.87162774481287375  19.986856811672162
2346    18.161283034149722  1.2383742605112558  19.842148604033014
2347    17.201990459068515  0.4472238716382933  19.062100999541943
2348    17.362357761761718  0.88022834426018137  18.963557224482759
2349    17.609982468124489  1.2508765240316508  18.811073987763042
2350    16.627739099428076  0.45078552071892158  18.058653977919644
2351    16.7863265615335  0.88731401285646938  17.956599853550841
2352    17.030092373669419  1.2617870367919073  17.795904600259426
2353    16.024721885916737  0.45160288820684974  17.070735311831577
2354    16.181476628623162  0.89310319855535769  16.963275014402797
2355    16.42293717434022  1.2711293986436185  16.796795186447479
2356    17.403703648312657  0.5548860012050425  20.259597558569578
2357    17.605432437342611  1.0789539898903668  20.147398151967131
2358    17.916346509935273  1.5265894444934751  19.972281577448385
2359    16.865059540802815  0.55806049369429633  19.249651102578692
2360    17.062556264326314  1.0856563896361771  19.133381959793908
2361    17.367385969472352  1.5377063352440543  18.948439569209711
2362    16.296176134954251  0.55987524316899762  18.256275063966818
2363    16.490581856252195  1.0908558628560765  18.135347921913883
2364    16.789941612641346  1.5472432006549144  17.940262958218007
2365    15.698522443308711  0.55991031545136993  17.277456070938726
2366    15.889952270385347  1.0957746731421272  17.149775172791134
2367    16.185979820856002  1.5559348290361654  16.94758338044382
2368    18.824846334038231  0.81365050355919699  19.462813789536639
2369    19.028444512895287  0.91479225966616395  19.308663721473952
2370    18.267273405218859  0.8316168452791215  18.412594388406358
2371    18.46888816526614  0.93413846957501834  18.255162593480414
2372    17.681089285174171  0.84768797780086513  17.378088102240632
2373    17.881073040306532  0.95106945617659255  17.216126994890356
2374    17.066605746960143  0.8604218089662089  16.360566999938861
2375    17.265283563094918  0.9660383406278682  16.190753596281979
2376    18.654717765157702  1.1639779006985922  19.555259230794686
2377    18.942955888634778  1.3021897330456988  19.361663719139408
2378    18.098082916679754  1.1811684727667564  18.510028178130266
2379    18.383343291883413  1.3212778019325906  18.310663773109255
2380    17.512963353468564  1.1964700157203172  17.480433145102101
2381    17.79563695680714  1.3379465291130799  17.274354485509139
2382    16.900513628678251  1.2088340820630112  16.467569718643709
2383    17.18045925339522  1.3527881333651626  16.251111582697035
2384    18.484589196277174  1.5143052978379872  19.647704672052736
2385    18.857467264374254  1.6895872064252337  19.414663716804863
2386    17.928892428140653  1.5307201002543902  18.607461967854181
2387    18.29779841850069  1.7084171342901631  18.366164952738096
2388    17.344837421762954  1.5452520536397705  17.582778187963573
2389    17.710200873307738  1.7248236020495678  17.332581976127919
2390    16.734421510396338  1.5572463551598137  16.574572437348568
2391    17.095634943695504  1.7395379261024582  16.311469569112091
2392    18.314460627396642  1.8646326949773826  19.740150113310779
2393    18.771978640113748  2.0769846798047693  19.467663714470323
2394    17.759701939601548  1.8802717277420256  18.704895757578093
2395    18.212253545117974  2.0955564666477353  18.421666132366937
2396    17.17671149005734  1.8940340915592229  17.685123230825038
2397    17.624764789808346  2.1117006749860554  17.390809466746713
2398    16.568329392114435  1.9056586282566164  16.681575156053409
2399    17.010810633995813  2.1262877188397526  16.371827555527158
2400    16.83851889237274  1.0209611909630376  15.006076645060517
2401    17.051790120924846  0.98660283952420669  14.830529882423839
2402    17.244925228529496  0.88746480139447004  14.652329670666303
2403    17.407996413624449  0.73590500281135229  14.514008856981357
2404    16.171819080554286  1.0358476090189075  14.005052441191745
2405    16.385227325862385  1.0018554689265502  13.81964516411837
2406    16.577452047039056  0.90195555974317398  13.635238355682729
2407    16.73971070503605  0.74826814162343458  13.490670427667673
2408    15.478955129768837  1.0500792201501521  13.022069155869405
2409    15.69271572249909  1.0166003012473099  12.827097374355217
2410    15.884429957056323  0.91621153929022825  12.637033702090985
2411    16.046091418621522  0.7605435114769088  12.486514669741709
2412    14.758373132527513  1.0637564687108312  12.059188710993208
2413    14.972268683253873  1.0306290654022492  11.857188719347544
2414    15.163704078581533  0.93023767364751697  11.659575287419047
2415    15.325068887300137  0.77378760193614116  11.503670499532188
2416    16.838955256460313  1.4209157226729905  15.01200855803957
2417    17.136853352150887  1.3747434604857185  14.779905471945694
2418    17.410913953780014  1.2379889627721576  14.552025292027475
2419    17.64549125073912  1.0221876568958568  14.366926280457127
2420    16.171398928107624  1.435794958721943  14.01138144992597
2421    16.467503601949286  1.3903382358090659  13.767436797340222
2422    16.739747875777752  1.2532070999307565  13.531610954869359
2423    16.972578093692974  1.0355204584944278  13.338194287111783
2424    15.47768199505302  1.4500193125586165  13.028800328956368
2425    15.772088461099255  1.4054267286013531  12.773216778699123
2426    16.04269323322632  1.2681949253948441  12.529821658627769
2427    16.273871586151142  1.0487715480797071  12.328290003503344
2428    14.756717389055851  1.4636931669969504  12.066109395753646
2429    15.049613802942082  1.4196251269236282  11.801624847387616
2430    15.3181025164753  1.2825922508184389  11.548083765018538
2431    15.547791882151497  1.0625112015534144  11.339252889196525
2432    16.839391620547893  1.8208702543829436  15.017940471018624
2433    17.221916583376924  1.7628840814472302  14.729281061467557
2434    17.576902679030542  1.5885131241498458  14.451720913388639
2435    17.882986087853794  1.3084703109803613  14.219843703932897
2436    16.170978775660974  1.8357423084249793  14.017710458660195
2437    16.549779878036212  1.7788210026915829  13.71522843056208
2438    16.902043704516462  1.6044586401183389  13.427983554055992
2439    17.205445482349912  1.3227727753654217  13.185718146555899
2440    15.476408860337203  1.8499594049670811  13.035531502043336
2441    15.851461199699422  1.7942531559553974  12.719336183043037
2442    16.200956509396313  1.6201783114994595  12.422609615164561
2443    16.501651753680754  1.3369995846825047  12.170065337264992
2444    14.755061645584192  1.8636298652830696  12.073030080514084
2445    15.126958922630303  1.8086211884450079  11.746060975427698
2446    15.472500954369067  1.6349468279893598  11.436592242618023
2447    15.770514877002858  1.3512348011706874  11.174835278860861
2448    16.839827984635466  2.2208247860928965  15.023872383997677
2449    17.306979814602961  2.1510247024087423  14.678656650989415
2450    17.742891404281057  1.9390372855275333  14.351416534749807
2451    18.120480924968472  1.5947529650648664  14.072761127408667
2452    16.170558623214308  2.2356896581280146  14.024039467394424
2453    16.632056154123106  2.1673037695740982  13.663020063783934
2454    17.064339533255154  1.955710180305922  13.324356153242624
2455    17.438312871006833  1.6100250922364148  13.033242006000007
2456    15.475135725621387  2.2498994973755457  13.042262675130297
2457    15.930833938299589  2.1830795833094405  12.665455587386944
2458    16.35921978556631  1.9721616976040752  12.315397571701341
2459    16.729431921210374  1.625227621285303  12.011840671026629
2460    14.753405902112529  2.2635665635691891  12.079950765274521
2461    15.204304042318512  2.1976172499663873  11.690497103467775
2462    15.626899392262835  1.9873014051602815  11.325100720217511
2463    15.993237871854216  1.6399584007879604  11.010417668525196
2464    17.534774540539331  0.52776704392638818  14.418898612183941
2465    17.618571377284827  0.27701567806803934  14.351505125670787
2466    17.648770477820307  0.023190561239219695  14.326123772508069
2467    16.865864969488513  0.53758837595629838  13.389746579663809
2468    16.948949681062039  0.28445983456601132  13.319404085462695
2469    16.978942057254159  0.02762539326015339  13.29317946814867
2470    16.171823896081698  0.54738801676201976  12.379841110152615
2471    16.2545717654992  0.29200501563228676  12.306668264131513
2472    16.28455949281809  0.032227327583809924  12.279664274287384
2473    15.450920333628417  0.55823910329674575  11.393000695375731
2474    15.534092089113162  0.29947709873868561  11.315973381383264
2475    15.564388393536108  0.037093898722580579  11.287232391996824
2476    17.827282944037314  0.73053553480057487  14.233880159214054
2477    17.945254751159286  0.38441739794671131  14.144943167359566
2478    17.987162886209713  0.022651887972771078  14.112850342688818
2479    17.15295340816159  0.74141114183775114  13.197516064268656
2480    17.270124811067884  0.3927852712331304  13.104791791929346
2481    17.311976405638298  0.027421690490077429  13.071641187774645
2482    16.452979887058262  0.75227072122174587  12.179996061054332
2483    16.569628278389619  0.4012591021065734  12.083514931933665
2484    16.611572697748141  0.032363134954518771  12.049322930289172
2485    15.726340642516526  0.76364905649103598  11.185713246029534
2486    15.842781711495336  0.40918650831070197  11.084211293329163
2487    15.88478469865249  0.037410642859812805  11.047761919201285
2488    18.119791347535319  0.93330402567476178  14.048861706244169
2489    18.271938125033746  0.49181911782538329  13.938381209048352
2490    18.32555529459913  0.022113214706322465  13.89957691286957
2491    17.440041846834678  0.94523390771920413  13.005285548873493
2492    17.591299941073714  0.50111070790024936  12.890179498395996
2493    17.645010754022447  0.027217987720001401  12.85010290740062
2494    16.734135878034845  0.95715342568147221  11.980151011956046
2495    16.884684791280026  0.51051318858085992  11.860361599735818
2496    16.938585902678181  0.032498942325227681  11.818981586290962
2497    16.001760951404627  0.96905900968532677  10.978425796683338
2498    16.15147133387751  0.51889591788271827  10.852449205275066
2499    16.205181003768875  0.037727386997045094  10.808291446405745
2500    18.412299751033309  1.1360725165489485  13.863843253274283
2501    18.598621498908209  0.59922083770405532  13.73181925073713
2502    18.663947702988544  0.021574541439873789  13.686303483050317
2503    17.727130285507759  1.1490566736006567  12.813055033478339
2504    17.912475071079548  0.60943614456736839  12.675567204862643
2505    17.978045102406593  0.027014284949925381  12.628564627026591
2506    17.01529186901141  1.1620361301411983  11.780305962857764
2507    17.199741304170452  0.61976727505514662  11.637208267537972
2508    17.265599107608235  0.03263474969593648  11.588640242292753
2509    16.277181260292735  1.174468962879617  10.771138347337144
2510    16.460160956259667  0.62860532745473408  10.620687117220966
2511    16.525577308885246  0.038044131134277299  10.568820973610208
2512    17.617975137186686  -0.23373611266502484  14.354520414937724
2513    17.532149589915878  -0.49218787171855116  14.427693165170366
2514    17.400718799203702  -0.71021864287180003  14.528785773225165
2515    16.948599420838985  -0.23280144273644962  13.32273570849765
2516    16.863294490061691  -0.49504892745386936  13.399763101215436
2517    16.731927575626358  -0.71788682396687309  13.507839140281069
2518    16.25441966020805  -0.23166119107980068  12.310218974748077
2519    16.169171245156729  -0.49763293967117578  12.390801754022577
2520    16.037618306584932  -0.72523948211858325  12.505700086291426
2521    15.5342410341053  -0.23005505258797793  11.319601168246521
2522    15.448833131621583  -0.50085253794229345  11.40432617427496
2523    15.317095926255572  -0.73231358724910145  11.523685779192611
2524    17.944286603211296  -0.34185291374772697  14.147851918491821
2525    17.824138195539511  -0.69470767457085369  14.2417341393474
2526    17.638823436328202  -0.99487187595248971  14.379536059983902
2527    17.269569736991468  -0.34111686622811516  13.107920251899507
2528    17.150204688936157  -0.69777074878198486  13.20627076819367
2529    16.966122872734093  -1.0025157393977622  13.35249113002995
2530    16.569456072309347  -0.34017209209945148  12.086793619891406
2531    16.450540894603979  -0.70055622486907476  12.189452972055793
2532    16.267512450267617  -1.0098449200570758  12.344005912247344
2533    15.843005916312944  -0.33864158637423392  11.087549695671814
2534    15.724677806359724  -0.70387905027991915  11.195464853311497
2535    15.542334172694282  -1.0169333995736549  11.355580768043144
2536    18.270598069235913  -0.44996971483042891  13.941183422045913
2537    18.11612680116313  -0.89722747742315612  14.055775113524428
2538    17.876928073452696  -1.2795251090331794  14.230286346742636
2539    17.590540053143965  -0.44943228971978078  12.893104795301365
2540    17.437114887810623  -0.90049257011010009  13.012778435171901
2541    17.200318169841832  -1.2871446548286505  13.197143119778829
2542    16.884492484410657  -0.44868299311910215  11.863368265034728
2543    16.731910544051217  -0.90347951006697369  11.988104190089006
2544    16.497406593950306  -1.2944503579955682  12.182311738203266
2545    16.151770798520587  -0.44722812016048968  10.855498223097108
2546    16.00052248109786  -0.90690556261754518  10.986603532348029
2547    15.767572419132987  -1.3015532118982081  11.187475756893678
2548    18.596909535260519  -0.55808651591313074  13.734514925600006
2549    18.408115406786759  -1.0997472802754582  13.86981608770146
2550    18.115032710577193  -1.5641783421138689  14.081036633501371
2551    17.911510369296444  -0.55774771321144656  12.678289338703221
2552    17.724025086685089  -1.1032143914382155  12.819286102150135
2553    17.434513466949564  -1.5717735702595397  13.04179510952771
2554    17.199528896511953  -0.55719389413875298  11.63994291017806
2555    17.013280193498467  -1.1064027952648727  11.786755408122222
2556    16.727300737632987  -1.5790557959340608  12.020617564159185
2557    16.460535680728224  -0.55581465394674567  10.623446750522405
2558    16.276367155836017  -1.1099320749551711  10.777742211384567
2559    15.9928106655717  -1.5861730242227616  11.019370745744215
2560    17.2312380143842  -0.8719902614874957  14.671385215058784
2561    17.032942880496613  -0.98016219347179367  14.852021036667571
2562    16.817778954294678  -1.0205348115902815  15.028250843130241
2563    16.562384955160677  -0.88377859795507707  13.657772630144088
2564    16.364135154224197  -0.99395124406143409  13.845379678008845
2565    16.148451855418827  -1.035319818805716  14.031748731986625
2566    15.867876290359964  -0.89516185840944762  12.662776860826915
2567    15.669416353593046  -1.0071689057938606  12.857000860141907
2568    15.453076122071121  -1.0494438840940892  13.053318398277865
2569    15.147524266190032  -0.90495263513798796  11.686838677638283
2570    14.949453509956676  -1.0194362920493654  11.889324566774111
2571    14.733075663249952  -1.0630078516082002  12.092993319495582
2572    17.399881168910131  -1.2203017133548766  14.568036724105021
2573    17.122200972959345  -1.3668874652954883  14.798133833555056
2574    16.822914726121727  -1.4204897378130532  15.031044430273269
2575    16.728548217400199  -1.2318997096593465  13.550004430267991
2576    16.4521726476518  -1.3804844360060684  13.788580323798254
2577    16.154439768304197  -1.435266557947299  14.033537047039799
2578    16.031262218909337  -1.243093351559166  12.550397436739678
2579    15.756111068875928  -1.3935105193058555  12.797202492319565
2580    15.459888368909752  -1.4493828190520603  13.054070930221805
2581    15.307620489014607  -1.2528169700990399  11.56971683116808
2582    15.034761461703916  -1.4056986878288105  11.827150524665756
2583    14.740159743691702  -1.4629450886730673  12.093142360476243
2584    17.568524323436062  -1.5686131652222577  14.464688233151264
2585    17.211459065422066  -1.7536127371191836  14.744246630442536
2586    16.82805049794877  -1.8204446640358252  15.033838017416302
2587    16.894711479639728  -1.5800208213636162  13.442236230391897
2588    16.54021014107941  -1.7670176279507035  13.73178096958766
2589    16.160427681189571  -1.835213297088883  14.035325362092973
2590    16.194648147458707  -1.5910248447088851  12.438018012652446
2591    15.842805784158818  -1.7798521328178509  12.737404124497214
2592    15.466700615748389  -1.8493217540100315  13.054823462165746
2593    15.467716711839179  -1.6006813050600917  11.452594984697877
2594    15.12006941345115  -1.7919610836082547  11.764976482557394
2595    14.74724382413345  -1.8628823257379346  12.093291401456906
2596    17.737167477961993  -1.9169246170896388  14.361339742197497
2597    17.300717157884808  -2.1403380089428796  14.690359427330025
2598    16.833186269775819  -2.2203995902585967  15.036631604559329
2599    17.060874741879257  -1.9281419330678862  13.334468030515799
2600    16.628247634507012  -2.1535508198953379  13.674981615377071
2601    16.166415594074937  -2.2351600362304662  14.037113677146154
2602    16.358034076008085  -1.9389563378586039  12.325638588565209
2603    15.929500499441698  -2.1661937463298462  12.677605756674872
2604    15.473512862587024  -2.2492606889680031  13.055575994109688
2605    15.627812934663757  -1.9485456400211438  11.335473138227679
2606    15.205377365198386  -2.1782234793876998  11.702802440449041
2607    14.754327904575204  -2.2628195628028012  12.093440442437563
2608    16.603559291416531  -0.98545828330951013  15.200986579871172
2609    16.408163669964939  -0.88535690903082565  15.373999901599408
2610    16.243637730390425  -0.73314226092200929  15.509137977320647
2611    15.933690385831481  -1.0005713488261463  14.213834331861767
2612    15.738447364013359  -0.8996348692840479  14.392131100646754
2613    15.574358409762651  -0.74528844948384454  14.533037611295105
2614    15.237768895443649  -1.0151912988548084  13.244840650364907
2615    15.042671136930176  -0.91373139172188567  13.42858204592236
2616    14.879015217672368  -0.7574210266693816  13.575343780575515
2617    14.517649172317885  -1.0292194691368999  12.291793290377047
2618    14.322856655722806  -0.92796512722505997  12.483559274647043
2619    14.159526377629984  -0.77100086039844951  12.635970806182302
2620    16.524225731191553  -1.3734955385487357  15.26090011531193
2621    16.24839752998648  -1.2357569981115191  15.484357289833847
2622    16.012652358687347  -1.0193324069918606  15.666420195944129
2623    15.857300793514044  -1.3889780383230281  14.274915998795498
2624    15.582814879561207  -1.250827056940323  14.505757073456998
2625    15.348587544445765  -1.0325245787591764  14.695876250826561
2626    15.164340940382798  -1.4039678257138981  13.307031338360341
2627    14.891274433625286  -1.265716118585533  13.545364379683621
2628    14.658606460816738  -1.0457035999889599  13.743598017978258
2629    14.446146390484826  -1.4181523788290313  12.355208135208981
2630    14.175230552759801  -1.2802731642976097  12.604080028366678
2631    13.944082026200302  -1.0597085806944644  12.809843126229266
2632    16.444892170966575  -1.7615327937879615  15.320813650752687
2633    16.088631390008  -1.5861570871922133  15.594714678068291
2634    15.781666986984265  -1.3055225530617118  15.823702414567617
2635    15.780911201196606  -1.7773847278199109  14.335997665729233
2636    15.427182395109051  -1.6020192445965991  14.619383046267247
2637    15.12281667912889  -1.3197607080345093  14.858714890358019
2638    15.090912985321944  -1.792744352572988  13.369222026355773
2639    14.739877730320396  -1.6177008454491806  13.662146713444884
2640    14.438197703961105  -1.3339861733085376  13.911852255381005
2641    14.374643608651768  -1.807085288521163  12.41862298004092
2642    14.027604449796801  -1.6325812013701608  12.724600782086313
2643    13.728637674770622  -1.3484163009904802  12.983715446276234
2644    16.365558610741598  -2.149570049027187  15.380727186193443
2645    15.928865250029542  -1.9365571762729064  15.705072066302732
2646    15.550681615281187  -1.5917126991315638  15.980984633191103
2647    15.704521608879167  -2.1657914173167931  14.397079332662965
2648    15.271549910656899  -1.9532114322528742  14.733009019077494
2649    14.897045813812003  -1.6069968373098413  15.02155352988947
2650    15.01748503026109  -2.1815208794320773  13.431412714351207
2651    14.58848102701551  -1.9696855723128279  13.77892904720615
2652    14.217788947105475  -1.6222687466281163  14.080106492783747
2653    14.30314082681871  -2.1960181982132942  12.482037824872855
2654    13.879978346833797  -1.9848892384427104  12.845121535805955
2655    13.513193323340941  -1.6371240212864946  13.1575877663232
2656    16.116976293313918  -0.52503555253600431  15.603716692991844
2657    16.033763915677003  -0.27486172436800338  15.670849634576795
2658    16.003930842411194  -0.021937938999163367  15.696080521091446
2659    15.448050058277238  -0.53470294663900619  14.632885946480965
2660    15.36497894108847  -0.28217314704129132  14.701927654306493
2661    15.335025822494782  -0.026163013612556074  14.727440505867269
2662    14.752941392992485  -0.54442321038800834  13.680611117881938
2663    14.669791355650084  -0.28966090411627587  13.751839016787581
2664    14.639599632942931  -0.030630903649943114  13.777783216000389
2665    14.033168193726155  -0.55559340398699253  12.745200825969775
2666    13.949256210711543  -0.29737764448386061  12.820207233248896
2667    13.918565069271818  -0.035661843159688983  12.84784699927525
2668    15.830850010313668  -0.72772728366834738  15.798517715070657
2669    15.713225258733882  -0.38214463925814307  15.886861109154767
2670    15.67156281140225  -0.021189003209570869  15.918628191071715
2671    15.168031747945792  -0.7385066764829149  14.835275590610904
2672    15.050831291618627  -0.39042378002336853  14.926720522265356
2673    15.008997956133266  -0.025808390153280181  14.959172080215094
2674    14.479198970237773  -0.74933873351859304  13.890431491337043
2675    14.36224035239394  -0.39887781241861331  13.985223684549874
2676    14.320137882802143  -0.030668483485651991  14.018492031449023
2677    13.765121101611943  -0.76096968095474882  12.961931094113915
2678    13.648132398037044  -0.40700012417535308  13.061727549526784
2679    13.605832203514296  -0.035849955214512966  13.097242507031336
2680    15.544723727313416  -0.93041901480069023  15.993318737149472
2681    15.392686601790761  -0.48942755414828271  16.10287258373274
2682    15.339194780393314  -0.020440067419978447  16.141175861051984
2683    14.888013437614346  -0.94231040632682384  15.037665234740844
2684    14.736683642148785  -0.49867441300544568  15.151513390224219
2685    14.682970089771754  -0.025453766694004343  15.190903654562918
2686    14.205456547483063  -0.95425425664917729  14.100251864792156
2687    14.054689349137798  -0.50809472072095074  14.218608352312167
2688    14.00067613266136  -0.03070606332136085  14.259200846897663
2689    13.49707400949773  -0.96634595792250522  13.178661362258062
2690    13.347008585362545  -0.51662260386684544  13.30324786580467
2691    13.293099337756777  -0.036038067269336921  13.346638014787423
2692    15.258597444313162  -1.1331107459330332  16.188119759228289
2693    15.072147944847639  -0.5967104690384224  16.318884058310715
2694    15.00682674938437  -0.019691131630385925  16.363723531032257
2695    14.607995127282898  -1.1461141361707323  15.240054878870785
2696    14.422535992678943  -0.60692504598752262  15.376306258183083
2697    14.35694222341024  -0.025099143234728297  15.422635228910737
2698    13.931714124728353  -1.159169779779762  14.310072238247262
2699    13.747138345881657  -0.61731162902328851  14.451993020074461
2700    13.681214382520572  -0.03074364315706965  14.499909662346296
2701    13.229026917383511  -1.1717222348902616  13.395391630402203
2702    13.04588477268805  -0.62624508355833775  13.54476818208256
2703    12.98036647199925  -0.03622617932416082  13.596033522543507
2704    16.035577209356958  0.23416052205475341  15.669195387961373
2705    16.122996429028433  0.49208147033519184  15.599147029223944
2706    16.255408661367643  0.70984238284680634  15.500229301812734
2707    15.366671609566183  0.23349038757649032  14.700069469749202
2708    15.454418215810875  0.4951427974302216  14.627414451387088
2709    15.58717791518459  0.71761946348940719  14.522185627149657
2710    14.671285235680743  0.23255568865032231  13.749672930469927
2711    14.759434248788653  0.49789916903294107  13.673940751980687
2712    14.892581810737632  0.72506983961578664  13.562147484492639
2713    13.950299351620922  0.23093448364355179  12.817762661612717
2714    14.038688071304284  0.50130552350938229  12.737589718869884
2715    14.172042516004947  0.73241357105540339  12.621174583868775
2716    15.715041354506171  0.34253796398440678  15.884593145803917
2717    15.836317905566755  0.69481691391115452  15.792969709877871
2718    16.022394669038849  0.99461678524283836  15.657095023484972
2719    15.052280602696802  0.34200175520692194  14.924314433074018
2720    15.17330572975175  0.69805293727750328  14.829051897709496
2721    15.358401573820238  1.0023886839967588  14.685175730926801
2722    14.363271088512956  0.34120281855854601  13.982613711318079
2723    14.484131066410773  0.7009853357345377  13.883344230155711
2724    14.668292446763299  1.0098349363591361  13.731268511866622
2725    13.648644827370926  0.33965713796795033  13.058926277319472
2726    13.768960522538615  0.70445965094915841  12.954169517862908
2727    13.952444492462766  1.0171508141762711  12.79639276339449
2728    15.39450549965539  0.45091540591406043  16.099990903646461
2729    15.549639382105072  0.89755235748711715  15.986792390531805
2730    15.789380676710064  1.2793911876388702  15.813960745157216
2731    14.737889595827422  0.45051312283735356  15.148559396398833
2732    14.892193243692624  0.90096307712478541  15.030689344031904
2733    15.129625232455886  1.2871579045041102  14.848165834703943
2734    14.055256941345165  0.4498499484667699  14.215554492166239
2735    14.208827884032889  0.9040715024361341  14.092747708330736
2736    14.444003082788964  1.2946000331024849  13.900389539240614
2737    13.346990303120933  0.44837979229234931  13.300089893026229
2738    13.499232973772942  0.9076137783889342  13.170749316855931
2739    13.732846468920588  1.3018880572971383  12.97161094292021
2740    15.073969644804603  0.55929284784371391  16.315388661489006
2741    15.262960858643394  1.1002878010630801  16.180615071185727
2742    15.55636668438127  1.5641655900349023  15.970826466829456
2743    14.423498588958044  0.55902449046778513  15.372804359723647
2744    14.611080757633493  1.1038732169720673  15.232326790354314
2745    14.900848891091533  1.5719271250114624  15.011155938481089
2746    13.747242794177378  0.55849707837499374  14.448495273014387
2747    13.933524701655008  1.1071576691377305  14.302151186505757
2748    14.21971371881463  1.5793651298458347  14.069510566614596
2749    13.045335778870937  0.55710244661674801  13.541253508732982
2750    13.229505425007272  1.1107679058287105  13.387329115848955
2751    13.513248445378411  1.5866253004180062  13.146829122445929
2752    16.424941142473219  0.87166340123361741  15.359419391574296
2753    16.623176702477398  0.98016411900486566  15.18118964168219
2754    15.756988924018772  0.88352881725919663  14.374425920573959
2755    15.955673300319457  0.99404628558520625  14.189933729375737
2756    15.062723515266288  0.8949824651811904  13.40744715586794
2757    15.261953591228664  1.0073587088282856  13.216709561327475
2758    14.34211933988524  0.90498875313784266  12.460343666386297
2759    14.541197809812578  1.0197752571934979  12.261240839502259
2760    16.261581555364543  1.2199837597956991  15.470795403998959
2761    16.539463502564224  1.3668282904942324  15.243512968788977
2762    15.59635590440223  1.2316936346307858  14.490059171185177
2763    15.873260348326317  1.3805382874106154  14.25471225803672
2764    14.905002665673994  1.2429925056393236  13.527343804296146
2765    15.180908145314092  1.3936787595497235  13.283948742001728
2766    14.187687829062538  1.2529091718923639  12.584632087425621
2767    14.461465248160179  1.4060103423469705  12.330461712245455
2768    16.098221968255885  1.5683041183577806  15.58217141642362
2769    16.455750302651051  1.7534924619835999  15.305836295895764
2770    15.435722884785688  1.5798584520023757  14.605692421796387
2771    15.79084739633317  1.7670302892360237  14.319490786697704
2772    14.747281816081697  1.5910025460974575  13.647240452724349
2773    15.099862699399527  1.7799988102711621  13.35118792267598
2774    14.033256318239825  1.600829590646885  12.708920508464942
2775    14.381732686507771  1.7922454275004425  12.399682584988653
2776    15.934862381147207  1.9166244769198622  15.693547428848285
2777    16.37203710273787  2.140156633472968  15.368159623002555
2778    15.275089865169143  1.928023269373965  14.721325672407605
2779    15.70843444434003  2.1535222910614329  14.38426931535869
2780    14.589560966489405  1.9390125865555907  13.767137101152555
2781    15.018817253484954  2.1663188609926003  13.418427103350233
2782    13.87882480741712  1.9487500094014063  12.833208929504268
2783    14.30200012485537  2.1784805126539153  12.468903457731844
2784    14.010638224653134  1.0770017261644547  11.117410579936532
2785    14.22416043776118  1.0441900634473096  10.909122754066569
2786    14.415925763508758  0.94389417698685818  10.7046040846529
2787    14.577184496022941  0.78672818578570891  10.543684462850257
2788    13.236788410848487  1.0899413386732482  10.197393530323044
2789    13.449525024573159  1.0574728709913859  9.9814996796650668
2790    13.642082577801665  0.9567344325417243  9.7733543072941611
2791    13.803143686043054  0.79764198419719556  9.6076292613822023
2792    12.435979086944599  1.1026817126393456  9.300688425427893
2793    12.647665529485234  1.0701811272796757  9.0777166716286075
2794    12.840523962564879  0.96830312751649361  8.8669253936443422
2795    13.001122874732808  0.80690890931549508  8.6969230452697754
2796    11.607365648772504  1.115329254464881  8.4288461285262155
2797    11.817885038292854  1.0820184715573755  8.2011709054427353
2798    12.009599358903023  0.97814494911554162  7.9864167820049419
2799    12.169298479464562  0.81490887328549877  7.8129839646546841
2800    14.008877601046896  1.4769350169351649  11.124487642511678
2801    14.299707571660141  1.4332787035112744  10.85175764343114
2802    14.566432558713265  1.2964657600815561  10.588557447230814
2803    14.794580535905681  1.0757561274250733  10.372811548469283
2804    13.234799432520534  1.4898671321743475  10.204814107890883
2805    13.522592390333273  1.446735205730205  9.9221687581052596
2806    13.788239909301744  1.3096977782669532  9.652992844514694
2807    14.01450599422993  1.0872238505002634  9.4302585361530298
2808    12.433792281081509  1.5025995578827449  9.3084830622139485
2809    12.718166150648996  1.4596145335872692  9.016423049650486
2810    12.98202663284974  1.3216515788327621  8.7422012676774088
2811    13.206028750068954  1.0970358711247852  8.5129792376428579
2812    11.605165544334556  1.5152423392286014  8.4368887758035598
2813    11.886326744294848  1.4715365870893142  8.1380853763073002
2814    12.146294793966247  1.3316904352371164  7.8569940275261994
2815    12.367609296367485  1.1053136896444402  7.6223590383338351
2816    14.007116977440653  1.8768683077058748  11.131564705086824
2817    14.375254705559097  1.8223673435752392  10.794392532795706
2818    14.716939353917772  1.6490373431762537  10.472510809808739
2819    15.011976575788411  1.3647840690644382  10.201938634088309
2820    13.232810454192581  1.8897929256754475  10.212234685458716
2821    13.595659756093383  1.8359975404690243  9.8628378365454452
2822    13.934397240801822  1.662661123992182  9.5326313817352233
2823    14.22586830241681  1.3768057168033316  9.2528878109238519
2824    12.431605475218417  1.9025174031261443  9.3162776990000022
2825    12.788666771812759  1.8490479398948629  8.955129427672361
2826    13.123529303134598  1.6750000301490315  8.6174771417104683
2827    13.410934625405099  1.3871628329340757  8.3290354300159368
2828    11.602965439896607  1.9151554239923214  8.4449314230809023
2829    11.954768450296839  1.8610547026212532  8.0749998471718616
2830    12.282990229029473  1.68523592135869  7.7275712730474586
2831    12.565920113270405  1.3957185060033819  7.4317341120129825
2832    14.005356353834413  2.276801598476585  11.138641767661971
2833    14.450801839458055  2.2114559836392043  10.737027422160279
2834    14.867446149122276  2.001608926270952  10.356464172386653
2835    15.229372615671146  1.6538120107038023  10.031065719707332
2836    13.23082147586463  2.2897187191765473  10.219655263026555
2837    13.668727121853498  2.2252598752078434  9.803506914985638
2838    14.080554572301907  2.0156244697174102  9.4122699189557579
2839    14.437230610603685  1.6663875831063995  9.0755170856946741
2840    12.429418669355329  2.3024352483695436  9.3240723357860578
2841    12.85916739297652  2.2384813462024562  8.8938358056942413
2842    13.265031973419463  2.0283484814653012  8.4927530157435385
2843    13.615840500741248  1.6772897947433656  8.1450916223890175
2844    11.600765335458659  2.3150685087560419  8.4529740703582483
2845    12.023210156298836  2.2505728181531919  8.0119143180364265
2846    12.419685664092695  2.0387814074802653  7.5981485185687161
2847    12.764230930173326  1.6861233223623231  7.2411091856921326
2848    14.703101311544163  0.56873655131744982  10.429329570157336
2849    14.787150871348167  0.30650832899145936  10.348842250486612
2850    14.818048447114998  0.041474528714028853  10.318558138613461
2851    13.928504922963803  0.57712181890942926  9.4883834396386852
2852    14.013186783595266  0.31255402950139749  9.4062571724020927
2853    14.044707765493742  0.04453527665303917  9.375794456787748
2854    13.125686776775876  0.5839378565183605  8.5731580010207367
2855    13.21055196229141  0.3171746947471179  8.4900830983734181
2856    13.242454594044318  0.04624863263797159  8.4598134855629592
2857    12.293202481868933  0.58972761458991974  7.686648951504452
2858    12.37759854387355  0.31993081920724031  7.6021849796443375
2859    12.409377178138735  0.046587086767187938  7.5714873639824223
2860    14.972333056994051  0.77448150767748081  10.214394961178861
2861    15.088849276352516  0.41651589935075117  10.108184994870703
2862    15.131123568606661  0.041932687788423066  10.06960958732161
2863    14.190409485645638  0.78350209310220187  9.2651854699644538
2864    14.306910329777617  0.42314175053069475  9.1561816417553921
2865    14.349684189981158  0.045242684180203586  9.1170017588530019
2866    13.37978064930606  0.79094358373756846  8.3416032510610805
2867    13.495704216414801  0.42833077829229715  8.2304621696031539
2868    13.538675082061797  0.047192464814957882  8.1910313698524124
2869    12.539657268810091  0.79703875055595086  7.4471667831434862
2870    12.65397028090824  0.43134969907732412  7.3332875140339269
2871    12.696304764134414  0.047633862472489678  7.2927913563768287
2872    15.241564802443937  0.98022646403751224  9.99946035220038
2873    15.390547681356868  0.52652346971004294  9.8675277392547933
2874    15.44419869009832  0.0423908468628173  9.8206610360297582
2875    14.452314048327475  0.98988236729497425  9.0419875002902241
2876    14.600633875959963  0.53372947155999195  8.9061061111086879
2877    14.654660614468574  0.045950091707367927  8.8582090609182558
2878    13.633874521836235  0.99794931095677664  8.1100485011014189
2879    13.78085647053819  0.53948686183747641  7.9708412408328817
2880    13.834895570079276  0.048136296991944258  7.9222492541418594
2881    12.786112055751243  1.004349886521982  7.2076846147825187
2882    12.930342017942936  0.54276857894740793  7.0643900484235163
2883    12.983232350130098  0.048680638177791419  7.0140953487712325
2884    15.510796547893829  1.1859714203975436  9.7845257432219004
2885    15.692246086361218  0.63653104006933459  9.6268704836388821
2886    15.757273811589982  0.042849005937211464  9.5717124847379065
2887    14.71421861100931  1.1962626414877469  8.8187895306159891
2888    14.894357422142315  0.64431719258928921  8.6560305804619926
2889    14.959637038955986  0.046657499234532288  8.5994163629835079
2890    13.887968394366421  1.204955038175985  7.8784937511417565
2891    14.066008724661582  0.65064294538265577  7.7112203120626148
2892    14.131116058096758  0.049080129168930536  7.65346713843131
2893    13.032566842692397  1.2116610224880136  6.9682024464215528
2894    13.206713754977628  0.65418745881749174  6.7954925828131039
2895    13.270159936125779  0.049727413883093131  6.735399341165639
2896    14.787588736828786  -0.22894177008865366  10.352446443889512
2897    14.701643624739331  -0.5044608414021855  10.440689565420206
2898    14.570044161925171  -0.7393667054379518  10.563942922611638
2899    14.013766446797611  -0.22923109747930376  9.4097976384527691
2900    13.927021234309317  -0.5080097780475108  9.4997855945032761
2901    13.795930368581253  -0.74665614533396985  9.6283771192281034
2902    13.21124706900474  -0.23058924625753338  8.4935037293126001
2903    13.124101788526799  -0.51211019074263342  8.5844420076033927
2904    12.993734921951306  -0.75421849071328706  8.7179438855572648
2905    12.378503508443151  -0.23268242792094795  7.6054136938453141
2906    12.292021115586987  -0.51737292235191845  7.6974865507997956
2907    12.162438197762764  -0.76209032535203636  7.8335987381143788
2908    15.089462286123444  -0.3375415598279552  10.111510060729895
2909    14.971508568764074  -0.70753397538903906  10.224206286113709
2910    14.790261972395475  -1.0240017221595947  10.389344024479554
2911    14.30787204056646  -0.33789204875815637  9.159450829290277
2912    14.189981734627887  -0.7111620127398437  9.2750523507051685
2913    14.010739253696999  -1.0312712788402567  9.447138764832248
2914    13.49700124934658  -0.33932178646040789  8.2336314736604788
2915    13.379711410143448  -0.71534750303345862  8.3513999585983569
2916    13.202762228281211  -1.0388173214787533  8.5300374848284726
2917    12.655615982168378  -0.34145950623028093  7.3363114661480298
2918    12.540311701502986  -0.72067478697101028  7.456646021305775
2919    12.365327107830462  -1.0467151019381993  7.6391126801954909
2920    15.391335835418104  -0.44614134956725648  9.8705736775702864
2921    15.241373512788817  -0.91060710937589295  10.007723006807213
2922    15.010479782865785  -1.3086367388812374  10.214745126347484
2923    14.601977634335318  -0.44655300003700865  8.9091040201277902
2924    14.452942234946459  -0.91431424743217737  9.0503191069070645
2925    14.225548138812739  -1.3158864123465435  9.2659004104363962
2926    13.782755429688416  -0.44805432666328243  7.9737592180083618
2927    13.635321031760093  -0.91858481532428438  8.1183579095933229
2928    13.411789534611126  -1.3234161522442205  8.3421310840996821
2929    12.932728455893608  -0.45023658453961396  7.0672092384507401
2930    12.788602287418984  -0.92397665159010234  7.2158054918117518
2931    12.568216017898171  -1.3313398785243622  7.4446266222765995
2932    15.693209384712762  -0.55474113930655811  9.6296372944106636
2933    15.511238456813564  -1.1136802433627464  9.7912397275007201
2934    15.230697593336089  -1.5932717556028799  10.040146228215402
2935    14.896083228104171  -0.55521395131586126  8.6587572109652911
2936    14.715902735265029  -1.1174664821245102  8.8255858631089588
2937    14.440357023928481  -1.6005015458528309  9.0846620560405427
2938    14.068509610030253  -0.55678686686615708  7.7138869623562387
2939    13.890930653376738  -1.1218221276151095  7.8853158605882854
2940    13.620816840941028  -1.6080149830096868  8.1542246833708933
2941    13.209840929618837  -0.55901366284894705  6.7981070107534549
2942    13.036892873334983  -1.1272785162091943  6.9749649623177321
2943    12.771104927965871  -1.6159646551105249  7.2501405643577099
2944    14.400925984907845  -0.91436975489625072  10.732666379857935
2945    14.203082993514654  -1.0313062072650856  10.942779719895531
2946    13.987333633782846  -1.0761488199373987  11.153128239643976
2947    13.627305534356392  -0.92483102501343895  9.802863751899606
2948    13.429027031486111  -1.0433955342444001  10.017700812325348
2949    13.214156023185478  -1.0890054905348268  10.236252765596976
2950    12.82591563912268  -0.93544750863740889  8.8977147919953286
2951    12.627781440753704  -1.0554215039169628  9.1163861840145834
2952    12.414100992488001  -1.1016811118489847  9.3426626691507373
2953    11.9960090237937  -0.94533026891601646  8.0175034983771276
2954    11.799842038200126  -1.0671013472124269  8.241134174914249
2955    11.587726702720643  -1.1142789323283726  8.4726537221014482
2956    14.557439816150344  -1.2622092932377669  10.610752532457491
2957    14.286822779605828  -1.4175298661947544  10.878332400175804
2958    13.994505459295581  -1.4760836310048957  11.152836388888339
2959    13.780168980813849  -1.2725754711766  9.6761460758961224
2960    13.510938152394521  -1.4295171914258251  9.9504464579457252
2961    13.221737030034575  -1.4889309770029473  10.235276607452098
2962    12.974853286676682  -1.2830994683239216  8.7661759737078135
2963    12.707769069656237  -1.441441954759457  9.046328423157826
2964    12.422093593163199  -1.5015970943542141  9.3410171081875646
2965    12.140538037410364  -1.2929652490881156  7.8811207381164214
2966    11.877977020977241  -1.4530854474330828  8.1688140209944216
2967    11.595814285936036  -1.5141919507456854  8.4706119831147966
2968    14.713953647392847  -1.6100488315792842  10.488838685057058
2969    14.370562565697  -1.803753525124423  10.813885080456076
2970    14.001677284808327  -1.876018442072392  11.152544538132705
2971    13.933032427271312  -1.6203199173397613  9.5494283998926441
2972    13.592849273302923  -1.8156388486072503  9.8831921035660972
2973    13.229318036883665  -1.8888564634710674  10.234300449307231
2974    13.123790934230685  -1.6307514280104345  8.6346371554203074
2975    12.787756698558765  -1.8274624056019515  8.9762706623010686
2976    12.430086193838401  -1.9015130768594439  9.3393715472243866
2977    12.285067051027026  -1.6406002292602146  7.7447379778557126
2978    11.956112003754365  -1.8390695476537389  8.0964938670745905
2979    11.603901869151436  -1.9141049691629985  8.4685702441281467
2980    14.870467478635339  -1.9578883699208003  10.366924837656613
2981    14.454302351788172  -2.1899771840540918  10.749437760736349
2982    14.00884911032106  -2.2759532531398881  11.152252687377072
2983    14.085895873728772  -1.9680643635029218  9.4227107238891605
2984    13.674760394211335  -2.201760505788676  9.8159377491864728
2985    13.236899043732762  -2.2887819499391884  10.233324291162354
2986    13.272728581784683  -1.9784033876969473  8.5030983371327942
2987    12.867744327461295  -2.213482856444446  8.9062129014443112
2988    12.438078794513601  -2.3014290593646738  9.3377259862612139
2989    12.429596064643688  -1.9882352094323144  7.6083552175950073
2990    12.034246986531477  -2.2250536478743954  8.0241737131547612
2991    11.61198945236683  -2.314017987580312  8.4665285051414934
2992    13.772596698487103  -1.0428323662718366  11.358858413460448
2993    13.578127824553247  -0.94193409538152539  11.558668218284483
2994    13.415250724245249  -0.7843904782911213  11.716730204909156
2995    13.000843739211486  -1.0561157380168069  10.450561027537132
2996    12.80691533284463  -0.95486510209869391  10.655683143532451
2997    12.644942852585237  -0.79543537220285554  10.819507773020497
2998    12.202694821396845  -1.0688347818498638  9.5652271571431964
2999    12.010201025496118  -0.96651997773646947  9.7750638404629306
3000    11.849614626846405  -0.80482085640655421  9.9443292507429408
3001    11.378454471948961  -1.080754695249063  8.7011828268147156
3002    11.188966747406862  -0.97666055265475693  8.9172700991478564
3003    11.030277911225191  -0.81323224517511927  9.0912203783030918
3004    13.702777699867134  -1.4318380342018968  11.423614135559614
3005    13.434071664326529  -1.2943919904148296  11.682982658335424
3006    13.204695426745278  -1.073312891761077  11.896145790241551
3007    12.933479105559247  -1.445308459131736  10.516648718996347
3008    12.66674033087137  -1.3077371900021739  10.783190447775826
3009    12.439704657682945  -1.0849455884785868  11.004061681185954
3010    12.137826347722008  -1.4582171278748874  9.6326213367706046
3011    11.874022115751576  -1.3198139394001551  9.9056635255759833
3012    11.649847851036979  -1.0949293074668318  10.133880612655901
3013    11.315395166516238  -1.4702175146876915  8.769841440133785
3014    11.056702582324386  -1.3301274149492857  9.0513620206239249
3015    10.835863138831042  -1.1035866853456504  9.2858923982448154
3016    13.632958701247158  -1.8208437021319557  11.488369857658782
3017    13.290015504099818  -1.6468498854481335  11.807297098386362
3018    12.994140129245297  -1.3622353052310323  12.075561375573944
3019    12.866114471907004  -1.8345011802466649  10.582736410455565
3020    12.526565328898121  -1.660609277905654  10.910697752019209
3021    12.234466462780647  -1.3744558047543187  11.188615589351413
3022    12.072957874047166  -1.8475994738999115  9.7000155163980111
3023    11.737843206007032  -1.6731079010638406  10.036263210689032
3024    11.450081075227541  -1.3850377585271094  10.323431974568868
3025    11.252335861083518  -1.8596803341263199  8.8385000534528562
3026    10.924438417241905  -1.6835942772438148  9.1854539420999988
3027    10.641448366436892  -1.3939411255161818  9.4805644181865478
3028    13.563139702627188  -2.2098493700620163  11.553125579757952
3029    13.145959343873097  -1.9993077804814374  11.931611538437302
3030    12.78358483174533  -1.651157718700988  12.254976960906339
3031    12.798749838254762  -2.2236939013615946  10.648824101914776
3032    12.386390326924856  -2.0134813658091337  11.038205056262582
3033    12.029228267878356  -1.6639660210300502  11.373169497516866
3034    12.008089400372331  -2.2369818199249361  9.7674096960254175
3035    11.601664296262488  -2.0264018627275249  10.166862895802087
3036    11.250314299418115  -1.6751462095873877  10.512983336481829
3037    11.189276555650796  -2.249143153564948  8.907158666771922
3038    10.79217425215943  -2.0370611395383427  9.3195458635760673
3039    10.447033594042747  -1.6842955656867129  9.6752364381282696
3040    13.288806186321883  -0.56649625547476168  11.829891753877687
3041    13.203998876068884  -0.30473479337108594  11.908762229681614
3042    13.172698320540649  -0.040325501951505298  11.938157159036518
3043    12.519277753145863  -0.57501306104637218  10.937975976118629
3044    12.434301069432736  -0.31091624904415904  11.019139512549479
3045    12.402629220236706  -0.043524077165341082  11.049053091158539
3046    11.725120775248493  -0.58193873314018474  10.067845198537212
3047    11.640702364024822  -0.31563336995273322  10.150820963789979
3048    11.609051030518472  -0.045326593844915657  10.180994282219725
3049    10.906873133680147  -0.58806818419455986  9.2178911269780386
3050    10.823742333066837  -0.31859751454646162  9.3032884653406107
3051    10.792657013544378  -0.045802077033948591  9.3344402187985569
3052    13.026501750980794  -0.77213437492986592  12.053313111615193
3053    12.909408820851764  -0.41460173819566415  12.158122584514983
3054    12.866822840371544  -0.040599866053717661  12.195920614548905
3055    12.263486247145696  -0.78132971707498122  11.16821904165246
3056    12.146697608824921  -0.42139936720816779  11.276285867083795
3057    12.103770217052967  -0.044053551096687481  11.314922118099465
3058    11.4760065943623  -0.78894500180829563  10.304748738797443
3059    11.360268612458256  -0.42674493368416105  10.415554266127199
3060    11.317401698029915  -0.046124093920610919  10.454749464706776
3061    10.663994796886245  -0.79536952354800783  9.4610020576218474
3062    10.550391682253521  -0.42999036009493918  9.5752646505391841
3063    10.508444647773715  -0.046724578102674864  9.6159051013946542
3064    12.764197315639707  -0.97777249438497005  12.276734469352697
3065    12.614818765634656  -0.52446868302024252  12.407482939348352
3066    12.560947360202443  -0.040874230155930023  12.453684070061289
3067    12.007694741145526  -0.98764637310359049  11.398462107186292
3068    11.859094148217105  -0.53188248537217653  11.533432221618114
3069    11.804911213869227  -0.044583025028033921  11.580791145040386
3070    11.226892413476106  -0.99595127047640641  10.541652279057674
3071    11.079834860891697  -0.53785649741558872  10.680287568464422
3072    11.025752365541358  -0.046921593996306174  10.72850464719383
3073    10.421116460092334  -1.0026708629014556  9.7041129882656634
3074    10.277041031440204  -0.54138320564341691  9.8472408357377539
3075    10.224232282003047  -0.047647079171401159  9.8973699839907461
3076    12.501892880298614  -1.1834106138400742  12.500155827090202
3077    12.320228710417535  -0.63433562784482056  12.656843294181723
3078    12.255071880033338  -0.041148594258142324  12.711447525573677
3079    11.75190323514536  -1.1939630291321996  11.628705172720126
3080    11.571490687609289  -0.64236560353618555  11.790578576152429
3081    11.506052210685489  -0.045112498959380291  11.846660171981314
3082    10.977778232589912  -1.2029575391445171  10.778555819317905
3083    10.799401109325132  -0.64896806114701622  10.945020870801642
3084    10.734103033052802  -0.047719094072001395  11.002259829680879
3085    10.178238123298424  -1.2099722022549031  9.9472239189094722
3086    10.003690380626884  -0.65277605119189441  10.119217020936325
3087    9.9400199162323766  -0.048569580240127433  10.17883486658684
3088    13.204446331111804  0.22965702911085448  11.905993414640287
3089    13.292832201858557  0.50498621138085442  11.821244808240072
3090    13.425796683887626  0.73971463674406268  11.70031227512543
3091    12.434175558864297  0.22981420575991307  11.015900074095525
3092    12.522124538747963  0.50844834880577416  10.927743648780234
3093    12.653999228867391  0.74704770785962427  10.800458261963344
3094    11.639943815277407  0.23107500818754095  10.147059731087907
3095    11.726616695008566  0.51247102260583566  10.05588128711091
3096    11.85694971129328  0.75464888259463647  9.9224507851897545
3097    10.822207880750152  0.23310843099055167  9.2990494767268856
3098    10.906360283676436  0.51783331960273382  9.2044527698526579
3099    11.034947691514333  0.76275425914164574  9.0671280856118841
3100    12.909318213015508  0.33843712481919158  12.155102016588481
3101    13.028901188543125  0.7081858327830165  12.044822662084037
3102    13.211125740393831  1.0244274458976146  11.881570541511861
3103    12.145966574568801  0.33868692417025609  11.27296122970561
3104    12.264678450890578  0.71177300726380077  11.158634731278116
3105    12.444531220519396  1.0317633196059202  10.98769972499116
3106    11.35886033051308  0.34003012046071074  10.411894836059597
3107    11.475886360663464  0.71591548030747088  10.293982786900637
3108    11.652928638165866  1.0393647465974558  10.115613445079008
3109    10.548269899330622  0.34209029813012287  9.5712937550391395
3110    10.662118968944272  0.72130755782998679  9.449243890407125
3111    10.836585698659626  1.0474380381684867  9.2661448330219987
3112    12.614190094919213  0.44721722052752877  12.404210618536672
3113    12.764970175227692  0.91138545418517891  12.268400515928002
3114    12.996454796900036  1.3091402550511664  12.062828807898285
3115    11.857757590273309  0.44755964258059922  11.530022385315693
3116    12.007232363033191  0.91509766572182771  11.389525813775997
3117    12.235063212171401  1.3164789313522158  11.17494118801897
3118    11.077776845748751  0.44898523273388063  10.676729941031274
3119    11.225156026318359  0.91935993800910587  10.532084286690363
3120    11.448907565038446  1.3240806106002758  10.308776104968251
3121    10.274331917911091  0.45107216526969385  9.8435380333513915
3122    10.4178776542121  0.92478179605724009  9.6940350109615867
3123    10.638223705804913  1.3321218171953295  9.4651615804321132
3124    12.319061976822919  0.55599731623586612  12.653319220484866
3125    12.501039161912262  1.1145850755873408  12.491978369771967
3126    12.781783853406248  1.5938530642047182  12.244087074284717
3127    11.569548605977811  0.55643236099094229  11.787083540925776
3128    11.749786275175804  1.1184223241798543  11.620416896273873
3129    12.025595203823402  1.6011945430985124  11.362182651046782
3130    10.796693360984422  0.55794034500705048  10.941565046002966
3131    10.974425691973254  1.122804395710741  10.770185786480091
3132    11.244886491911032  1.6087964746030947  10.501938764857504
3133    10.000393936491561  0.5600540324092651  10.115782311663647
3134    10.173636339479932  1.1282560342844932  9.9388261315160573
3135    10.439861712950208  1.6168055962221706  9.6641783278422277
3136    13.59541871028927  0.91466077094667386  11.533585332882943
3137    13.794182831501603  1.0318180955504825  11.326363025959816
3138    12.822937932488859  0.92527309363669641  10.627462376673481
3139    13.021599631063539  1.0440492291365924  10.41482436345297
3140    12.02476242054874  0.93603235716339095  9.7435658775306244
3141    12.222499592112069  1.056202286962785  9.5262177249863544
3142    11.200977588533641  0.94614519748223758  8.8834869152270723
3143    11.395934098260877  1.0680108980400183  8.6601359835645813
3144    13.444483972864852  1.2625193957772372  11.662260542979933
3145    13.715967064708515  1.4180029425252474  11.397538238079493
3146    12.675521424385439  1.2730376659555476  10.760377281866182
3147    12.94526122572994  1.4301382145823389  10.488404852380237
3148    11.881052797018231  1.2837008709097508  9.8806824709293988
3149    12.148124420247397  1.4421944156159814  9.6022100420564254
3150    11.061330704157152  1.2937458991223019  9.0248762770145881
3151    11.323333337283845  1.4539498027239139  8.7381022940167981
3152    13.293549235440434  1.6103780206078013  11.790935753076916
3153    13.63775129791542  1.8041877895000129  11.468713450199175
3154    12.528104916282022  1.620802238274399  10.893292187058876
3155    12.868922820396339  1.8162272000280855  10.561985341307501
3156    11.737343173487718  1.6313693846561099  10.017799064328166
3157    12.073749248382725  1.828186544269178  9.6782023591264998
3158    10.921683819780661  1.6413466007623663  9.1662656388021002
3159    11.250732576306804  1.8398887074078103  8.8160686044690166
3160    13.14261449801602  1.9582366454383648  11.919610963173904
3161    13.559535531122329  2.1903726364747773  11.53988866231885
3162    12.380688408178598  1.9685668105932501  11.026207092251582
3163    12.792584415062736  2.202316185473832  10.63556583023477
3164    11.593633549957207  1.9790378984024697  10.154915657726942
3165    11.999374076518059  2.2141786729223742  9.7541946761965743
3166    10.782036935404168  1.9889473024024305  9.3076550005896177
3167    11.17813181532977  2.2258276120917069  8.8940349149212334
3168    10.751541681506033  1.1278196571868071  7.5836238787309238
3169    10.958963429759388  1.0936007413606399  7.3526572313699914
3170    11.1488848579085  0.98799360423539317  7.1337121459146671
3171    11.30707034416486  0.82304826094379491  6.9568055237577644
3172    9.8709161664398355  1.1399925445603896  6.7649684428509138
3173    10.07272868611012  1.1052820893404218  6.5302654552371653
3174    10.26094468922434  0.9986585126765769  6.3086091549216761
3175    10.417005762213641  0.83145913399681914  6.1275649553477596
3176    8.9673675935861503  1.1518102190652275  5.9717149757053125
3177    9.1630560483332726  1.1163736274141152  5.7333351858762009
3178    9.3486105017810104  1.008297930999458  5.5090782413415429
3179    9.502032325163162  0.83860991989419609  5.3239560023880736
3180    8.0427744529572252  1.1632349831809221  5.2026986321132469
3181    8.2338207574170905  1.1261864674991122  4.9612060321190521
3182    8.4147139445090016  1.015070115764406  4.7330898374898522
3183    8.5650776245657294  0.84296904608555523  4.5446724078421221
3184    10.749654286578604  1.5277362824439298  7.5915365384718161
3185    11.025961326585181  1.4830009066749883  7.2871865024172005
3186    11.281444277607926  1.3412415223371206  6.9991842837859854
3187    11.49928760373049  1.1130287970412052  6.7594068659058291
3188    9.8695479441902112  1.5399194914526133  6.7724229924587549
3189    10.138479604658926  1.494405473253309  6.4615639287194906
3190    10.390230915895229  1.3511976751917458  6.1689315743707027
3191    10.603741426565055  1.1204323241035854  5.9235343861211582
3192    8.9664874728905364  1.5517479579606936  5.9786794367289744
3193    9.2275632979404048  1.5052178475366746  5.6614926180513772
3194    9.474690694182712  1.3601206575619031  5.3645667773710395
3195    9.6833879335188122  1.1265652308871454  5.1137310914984271
3196    8.0421138284007405  1.5631776736742158  5.2094371702470816
3197    8.2968941258539353  1.5149055902374846  4.8872475332500835
3198    8.5368595978249644  1.3665722332085091  4.5844207708776947
3199    8.7406442932394484  1.1304684774474556  4.3289864745562525
3200    10.747766891651171  1.9276529077010529  7.5994491982127093
3201    11.092959223410961  1.8724010719893376  7.2217157734644113
3202    11.414003697307354  1.6944894404388491  6.8646564216573065
3203    11.691504863296114  1.4030093331386169  6.5620082080538928
3204    9.8681797219405833  1.9398464383448371  6.7798775420665924
3205    10.204230523207729  1.8835288571661957  6.3928624022018168
3206    10.519517142566114  1.7037368377069151  6.0292539938197267
3207    10.790477090916458  1.4094055142103514  5.7195038168945525
3208    8.9656073521949171  1.9516856968561598  5.9856438977526363
3209    9.292070547547528  1.8940620676592335  5.5896500502265569
3210    9.6007708865844119  1.7119433841243488  5.2200553134005361
3211    9.8647435418744482  1.4145205418800955  4.9035061806087787
3212    8.0414532038442523  1.9631203641675092  5.2161757083809155
3213    8.3599674942907747  1.9036247129758563  4.8132890343811141
3214    8.6590052511409255  1.7180743506526124  4.4357517042655381
3215    8.9162109619131655  1.4179679088093562  4.1133005412703829
3216    10.745879496723743  2.3275695329581758  7.6073618579536015
3217    11.159957120236756  2.2618012373036867  7.1562450445116212
3218    11.546563117006784  2.0477373585405774  6.7301285595286204
3219    11.883722122861748  1.6929898692360266  6.3646095502019566
3220    9.8668114996909591  2.339773385237061  6.7873320916744335
3221    10.269981441756537  2.2726522410790828  6.3241608756841421
3222    10.648803369237005  2.0562760002220837  5.8895764132687525
3223    10.977212755267871  1.6983787043171177  5.515473247667952
3224    8.9647272314993014  2.3516234357516259  5.992608358776299
3225    9.3565777971546602  2.2829062877817941  5.5178074824017349
3226    9.72685107898611  2.0637661106867946  5.07554384943003
3227    10.0460991502301  1.7024758528730446  4.693281269719134
3228    8.0407925792877641  2.3630630546608029  5.2229142465147511
3229    8.4230408627276177  2.2923438357142283  4.7393305355121456
3230    8.7811509044568883  2.0695764680967152  4.2870826376533797
3231    9.0917776305868863  1.7054673401712568  3.8976146079845151
3232    11.429735105533251  0.59554682213459109  6.8280116754033902
3233    11.513638286675413  0.32234085113712091  6.7416853283484182
3234    11.545360157288275  0.045584542105006454  6.7102640094747681
3235    10.537366649337649  0.60132611780731682  5.9946973488789004
3236    10.620970053789934  0.32521233835815622  5.9067543237310796
3237    10.652989500402528  0.043421179693191578  5.8750765371262785
3238    9.6197511235884647  0.60592081652046614  5.1871453569036561
3239    9.7024266387928346  0.32703942469803166  5.0978284177038535
3240    9.734405446950829  0.040288906596287109  5.0660248824668352
3241    8.6805425385920376  0.60818623318640708  4.4057950844503209
3242    8.760840835259847  0.32631625398443137  4.315344062178279
3243    8.7917482364025386  0.036379629878834974  4.2832089810263101
3244    11.668804160096604  0.80237299049754529  6.5808209247928557
3245    11.781310152560822  0.43334866103971825  6.4640129839564295
3246    11.822995071272954  0.046622924213524083  6.4222897979640203
3247    10.769037577763806  0.80703093509915902  5.7397934531710213
3248    10.880072874549414  0.43529759940538565  5.6208345093218384
3249    10.921677461531612  0.044442408032818827  5.578722978184385
3250    9.8441454006353943  0.81049420722808541  4.9250272248237454
3251    9.9531189123291934  0.43619291122403836  4.804273957313808
3252    9.9943248886666449  0.041284213111229977  4.7619661391439321
3253    8.8979155075351049  0.81224442975161559  4.1374650962967818
3254    9.0033087313553448  0.43503099354538738  4.0148531951160003
3255    9.0429103064343348  0.03734023862961322  3.971894522948662
3256    11.90787321465997  1.0091991588604994  6.333630174182324
3257    12.04898201844623  0.54435647094231565  6.1863406395644436
3258    12.100629985257637  0.047661306322041679  6.1343155864532743
3259    11.000708506189959  1.0127357523910014  5.4848895574631475
3260    11.139175695308895  0.5453828604526153  5.3349146949126007
3261    11.190365422660694  0.045463636372446062  5.2823694192424959
3262    10.068539677682322  1.0150675979357047  4.6629090927438366
3263    10.203811185865552  0.54534639775004501  4.5107194969237652
3264    10.254244330382463  0.042279519626172934  4.4579073958210316
3265    9.1152884764781739  1.016302626316824  3.8691351081432428
3266    9.2457766274508444  0.54374573310634344  3.7143623280537201
3267    9.2940723764661293  0.038300847380391384  3.6605800648710152
3268    12.146942269223327  1.2160253272234531  6.0864394235717905
3269    12.316653884331647  0.65536428084491316  5.9086682951724523
3270    12.378264899242319  0.048699688430559419  5.8463413749425284
3271    11.232379434616114  1.2184405696828433  5.2299856617552685
3272    11.398278516068375  0.65546812149984501  5.0489948805033587
3273    11.459053383789772  0.046484864712073276  4.9860158603006033
3274    10.292933954729252  1.2196409886433237  4.4007909606639251
3275    10.454503459401915  0.65449988427605199  4.2171650365337197
3276    10.514163772098282  0.043274826141115809  4.1538486524981293
3277    9.3326614454212411  1.220360822882032  3.6008051199897033
3278    9.4882445235463404  0.65246047266729934  3.4138714609914405
3279    9.545234446497922  0.039261456131169728  3.3492656067933679
3280    11.514882510762424  -0.23698716823600244  6.7447289477088122
3281    11.429508973952705  -0.52474494313057674  6.8382167032390369
3282    11.30180256675253  -0.77119298838072536  6.9763977998405258
3283    10.622602035006942  -0.24393731506817659  5.9097076953544425
3284    10.53821742321937  -0.53384102152447277  6.0044163221095781
3285    10.413858269548951  -0.78161843370872863  6.1461303007197916
3286    9.7044418062619346  -0.25163506306361361  5.1007840973486349
3287    9.6216657432812784  -0.54327369768395317  5.1966427205534993
3288    9.5009874867170279  -0.79215916728048974  5.3418514178319541
3289    8.7631815496126055  -0.25818260686845645  4.3183923142578315
3290    8.6833732140326934  -0.55165551175936489  4.415453211712876
3291    8.5655723988217041  -0.80160769504045115  4.562616328256782
3292    11.783359089145938  -0.34539202500299715  6.4669157511218902
3293    11.670535698265253  -0.72765702556819079  6.5898517836910315
3294    11.49866436753959  -1.0555645128408355  6.7754494841709896
3295    10.882563919174498  -0.35150353437078907  5.6237039473482442
3296    10.771867291764822  -0.7358415912267865  5.748504385539368
3297    10.605051419646285  -1.0653603736282682  5.9389125380731249
3298    9.9560322901304126  -0.35836882961474442  4.8071875387303651
3299    9.8480167908578196  -0.74436414172706455  4.9336395807457123
3300    9.6865548813973614  -1.075270326392664  5.1287435997498587
3301    9.0065660198900126  -0.36456270601595003  4.0178780091715511
3302    8.9026945044003263  -0.75236033484929243  4.146293123204992
3303    8.745241370039599  -1.0844620132261864  4.3441844270491456
3304    12.051835667529458  -0.45379688176999183  6.1891025545349718
3305    11.911562422577793  -0.93056910800580461  6.3414868641430271
3306    11.695526168326655  -1.339936037300945  6.5745011685014525
3307    11.142525803342059  -0.4590697536734018  5.3377001993420468
3308    11.005517160310275  -0.93784216092910022  5.4925924489691527
3309    10.796244569743623  -1.3491023135478091  5.7316947754264556
3310    10.207622773998891  -0.46510259616587518  4.5135909801120953
3311    10.074367838434354  -0.9454545857701756  4.6706364409379244
3312    9.8721222760776932  -1.3583814855048386  4.9156357816677625
3313    9.249950490167425  -0.47094280516344339  3.7173637040852729
3314    9.1220157947679628  -0.95306515793921942  3.8771330346971076
3315    8.9249103412574922  -1.3673163314119208  4.1257525258415111
3316    12.320312245912969  -0.56220173853698663  5.9112893579480525
3317    12.152589146890337  -1.1334811904434186  6.0931219445950209
3318    11.892387969113717  -1.6243075617610547  6.3735528528319172
3319    11.402487687509614  -0.56663597297601453  5.0516964513358458
3320    11.239167028855727  -1.1398427306314136  5.2366805123989444
3321    10.987437719840957  -1.6328442534673488  5.524477012779788
3322    10.459213257867368  -0.57183636271700622  4.219994421493829
3323    10.300718886010895  -1.1465450298132871  4.4076333011301365
3324    10.057689670758027  -1.6414926446170126  4.7025279635856663
3325    9.4933349604448338  -0.5773229043109368  3.4168493989989952
3326    9.3413370851355957  -1.1537699810291469  3.6079729461892227
3327    9.1045793124753907  -1.6501706495976565  3.9073206246338748
3328    11.137832222993243  -0.95566157875559243  7.1638423139196714
3329    10.944620326109099  -1.0789487001942184  7.3920562411092261
3330    10.736160070397801  -1.1267601252534485  7.6271139840238202
3331    10.253345388455109  -0.96732720521620652  6.3373155932288672
3332    10.063009611110225  -1.0912329152723517  6.5680974090595301
3333    9.8606385670927068  -1.1389759463554647  6.8068925026082727
3334    9.3443716704313324  -0.97899345267631999  5.536665202133582
3335    9.1577284166049964  -1.1033047978963615  5.7698063742787919
3336    8.9618861864239605  -1.1508647677590986  6.0122265318243029
3337    8.4127342191739274  -0.9893266255143951  4.7606330064626761
3338    8.2314952659949245  -1.114515153515784  4.9977318322806568
3339    8.0406269220101549  -1.1623649615890306  5.24335332564144
3340    11.278047099091973  -1.3031857299755862  7.022657111929453
3341    11.020834669030251  -1.4649259706819884  7.3175163143803141
3342    10.743939707240367  -1.5266787461511468  7.6250187620924494
3343    10.389743311652767  -1.3145530955277034  6.1915056775401549
3344    10.137112850106632  -1.4771741380542047  6.4908876108881897
3345    9.8679381855842063  -1.5389038630658358  6.8048863849682109
3346    9.4769804395455743  -1.3259202122052962  5.3865107065509621
3347    9.2297203142206179  -1.4892097092562793  5.690022502672103
3348    8.9686904526532789  -1.5508020429588971  6.0103060587455133
3349    8.5411122472232037  -1.3361399464691959  4.6065164705642978
3350    8.3015658113864426  -1.5004124439947615  4.9160155818861222
3351    8.0470772401333051  -1.562308027299478  5.2413689904278149
3352    11.418261975190703  -1.65070988119558  6.881471909939231
3353    11.097049011951407  -1.8509032411697584  7.2429763876514013
3354    10.751719344082931  -1.9265973670488454  7.6229235401610769
3355    10.526141234850428  -1.6617789858392003  6.0456957618514418
3356    10.211216089103054  -1.8631153608360571  6.4136778127168466
3357    9.8752378040757129  -1.9388317797762074  6.802880267328149
3358    9.6095892086598127  -1.6728469717342727  5.2363562109683421
3359    9.3017122118362447  -1.875114620616197  5.610238631065414
3360    8.9754947188826009  -1.9507393181586952  6.0083855856667228
3361    8.6694902752724712  -1.6829532674239953  4.4523999346659178
3362    8.3716363567779641  -1.8863097344737394  4.8342993314915867
3363    8.0535275582564534  -1.9622510930099253  5.2393846552141854
3364    11.558476851289434  -1.9982340324155738  6.7402867079490134
3365    11.173263354872562  -2.236880511657529  7.1684364609224875
3366    10.759498980925498  -2.3265159879465438  7.6208283182297061
3367    10.662539158048084  -2.0090048761506973  5.8998858461627304
3368    10.285319328099458  -2.2490565836179104  6.3364680145455061
3369    9.8825374225672125  -2.3387596964865787  6.800874149688088
3370    9.7421979777740582  -2.0197737312632489  5.0862017153857204
3371    9.3737041094518627  -2.2610195319761139  5.5304547594587241
3372    8.9822989851119228  -2.3506765933584939  6.006465112587934
3373    8.7978683033217457  -2.0297665883787954  4.2982833987675404
3374    8.4417069021694822  -2.2722070249527162  4.7525830810970522
3375    8.0599778763796088  -2.3621941587203725  5.2374003200005586
3376    10.530828791456356  -1.0924499739937206  7.859884371735653
3377    10.344719833099287  -0.9868329601998731  8.0819143769356749
3378    10.188400401950592  -0.82180574701534992  8.2602956176666584
3379    9.6615180993721914  -1.104209583616182  7.0438788261379965
3380    9.478275187126032  -0.99760602408702503  7.2694837681986675
3381    9.3247091642442523  -0.83033401806912177  7.4524982376174105
3382    8.7693182508992322  -1.11537042622404  6.2531282631298959
3383    8.5895760094315534  -1.0072756102294491  6.4817500185445907
3384    8.4391051157915413  -0.83748704406194407  6.669097188609066
3385    7.8530251012402355  -1.1252694039248898  5.4875947558194973
3386    7.6785654999603175  -1.0141375845403815  5.7204848735812046
3387    7.5314891742778238  -0.84193481071932785  5.9113614210953447
3388    10.46892668137701  -1.4817835198733962  7.9304648210467183
3389    10.215760365956577  -1.3399614840619363  8.2201363249219916
3390    9.9989538511575944  -1.1116787429921626  8.4604971458341609
3391    9.600699963972108  -1.493273263184633  7.117181558596716
3392    9.3520426083562391  -1.3500373599324815  7.4121056189788197
3393    9.1399899351119025  -1.1192125585172186  7.6584660055484681
3394    8.7095976828114452  -1.5041665480518052  6.3291025347249406
3395    8.4661376323925772  -1.3590162375744395  6.6286332144419919
3396    8.2592094482218972  -1.1253798543912505  6.880645354345801
3397    7.7945025064049434  -1.5139431779053194  5.5653386313725495
3398    7.558633760934824  -1.3655593120013272  5.8710824229590957
3399    7.3568504480155124  -1.1293723530846922  6.1278815691842246
3400    10.407024571297661  -1.8711170657530725  8.0010452703577855
3401    10.086800898813873  -1.6930900079240001  8.3583582729083066
3402    9.8095073003645989  -1.4015517389689756  8.6606986740016616
3403    9.5398818285720228  -1.8823369427530836  7.1904842910554372
3404    9.2258100295864445  -1.7024686957779389  7.5547274697589719
3405    8.9552707059795491  -1.4080910989653159  7.8644337734795258
3406    8.6498771147236617  -1.8929626698795698  6.4050768063199843
3407    8.3426992553536046  -1.7107568649194302  6.7755164103393968
3408    8.0793137806522548  -1.4132726647205576  7.0921935200825388
3409    7.7359799115696495  -1.9026169518857503  5.6430825069256025
3410    7.4387020219093287  -1.7169810394622738  6.0216799723369885
3411    7.1822117217532035  -1.4168098954500563  6.3444017172731044
3412    10.345122461218315  -2.2604506116327485  8.0716257196688517
3413    9.957841431671163  -2.0462185317860637  8.4965802208946215
3414    9.6200607495716035  -1.6914247349457878  8.8609002021691641
3415    9.4790636931719341  -2.2714006223215346  7.263787023514154
3416    9.0995774508166534  -2.0549000316233959  7.6973493205391232
3417    8.7705514768471957  -1.6969696394134122  8.0704015414105825
3418    8.5901565466358711  -2.2817587917073343  6.4810510779150299
3419    8.2192608783146266  -2.0624974922644204  6.922399606236799
3420    7.8994181130826124  -1.7011654750498635  7.3037416858192739
3421    7.6774573167343556  -2.291290725866181  5.7208263824786538
3422    7.3187702828838326  -2.0684027669232203  6.1722775217148813
3423    7.0075729954908947  -1.70424743781542  6.5609218653619852
3424    10.066591886877456  -0.59425936068026297  8.3898679472609672
3425    9.9846180741359873  -0.32126742702758854  8.4779208213730826
3426    9.953949766433535  -0.045000508590074033  8.5102202615289482
3427    9.205450384891483  -0.60016614246716071  7.586353131059008
3428    9.1242352965635618  -0.32429244867158402  7.6763464860659445
3429    9.0935223731473478  -0.043007898712153603  7.7090699227818824
3430    8.3226609461942633  -0.60477734209226919  6.8069733129965
3431    8.2426964912022669  -0.32616983353794449  6.8984218163669908
3432    8.2122038261074248  -0.039947314955757957  6.9313079167415443
3433    7.41743588925784  -0.60708177209260417  6.0513551276977875
3434    7.3401041489048309  -0.32539683568616545  6.1440031692240167
3435    7.3108231177354011  -0.035941824876456238  6.1772529575921213
3436    9.829845997107844  -0.8010317382810801  8.6393200998578035
3437    9.7184774880385749  -0.43222792292211715  8.7570652259528217
3438    9.6774141502834805  -0.045899918255314184  8.799227230563071
3439    8.9752620718675757  -0.80582325818983003  7.842613299645194
3440    8.8656653988482166  -0.43432001782538748  7.9627365978820679
3441    8.8248531113238222  -0.043858482067862956  8.0054011126033195
3442    8.0991351270963303  -0.80932811198549159  7.0698355101673576
3443    7.9918183139945107  -0.43527374604316355  7.1918142350421945
3444    7.9515306280141616  -0.040758532732852452  7.2346997815261957
3445    7.200357268725015  -0.8111303283792991  6.3199405846076475
3446    7.0967991327895383  -0.43409620881385863  6.4438336061484929
3447    7.0582157974739292  -0.036758333442814685  6.4873962713425124
3448    9.5931001073382216  -1.0078041158818973  8.8887722524546451
3449    9.4523369019411607  -0.5431884188166457  9.0362096305325643
3450    9.4008785341334242  -0.046799327920554287  9.0882341995971974
3451    8.7450737588436596  -1.0114803739124991  8.0988734682313801
3452    8.607095501132866  -0.54434758697919106  8.2491267096981922
3453    8.5561838495002931  -0.044709065423572281  8.3017323024247602
3454    7.8756093079983973  -1.0138788818787141  7.332697707338216
3455    7.7409401367867545  -0.54437765854838271  7.4852066537174
3456    7.6908574299208947  -0.041569750509947045  7.5380916463108463
3457    6.9832786481921909  -1.0151788846659942  6.5885260415175084
3458    6.8534941166742467  -0.54279558194155186  6.7436640430729708
3459    6.8056084772124557  -0.037574842009173118  6.7975395850929043
3460    9.3563542175686081  -1.2145764934827139  9.1382244050514831
3461    9.1861963158437518  -0.65414891471117442  9.3153540351123052
3462    9.1243429179833679  -0.047698737585794439  9.3772411686313237
3463    8.5148854458197505  -1.2171374896351683  8.3551336368175662
3464    8.3485256034175226  -0.65437515613299457  8.535516821514312
3465    8.287514587676764  -0.045559648779281647  8.5980634922461956
3466    7.652083488900467  -1.2184296517719366  7.5955599045090727
3467    7.490061959578993  -0.65348157105360183  7.7785990723926064
3468    7.4301842318276305  -0.042380968287041562  7.8414835110954986
3469    6.7662000276593659  -1.2192274409526893  6.8571114984273684
3470    6.6101891005589515  -0.65149495506924471  7.0434944799974488
3471    6.5530011569509847  -0.038391350575531571  7.1076828988432945
3472    9.9822539002452704  0.23730476896456695  8.4733697834360697
3473    10.063715197892209  0.52527608189966057  8.3756382356584265
3474    10.189581140850478  0.77203932057902069  8.2352896390066697
3475    9.1211390359722255  0.24409268301261028  7.6716317453405463
3476    9.2004969666105634  0.53424163597948304  7.5718761702433772
3477    9.3224310293137691  0.78238474397164559  7.4274986861856096
3478    8.2389765942002082  0.25169871689259887  6.8935783861019795
3479    8.3159406565887863  0.54356129523340957  6.7923491408214183
3480    8.4337864152916886  0.79283441849184455  6.6442391155078617
3481    7.3358798811983821  0.25834941436244946  6.1389527293820407
3482    7.4092813345841302  0.55206637305264705  6.036239714606447
3483    7.5239363571716815  0.80243223331193958  5.8859948153325714
3484    9.7156425839029357  0.34591945227958765  8.7528772146519707
3485    9.8259951451292284  0.72833540454677759  8.6270401106092436
3486    9.996806294553922  1.0564223761621141  8.4401413720182052
3487    8.8621740585354303  0.35191626112149099  7.9584134093655345
3488    8.9696731112681132  0.73643952381789579  7.8301638091967156
3489    9.1350474971079549  1.066176261432092  7.6380931576482451
3490    7.9877572988462928  0.35872433376233531  7.1873667082580797
3491    8.092055947423745  0.74489572952623584  7.0572474869421056
3492    8.2518067797070955  1.0760349837906742  6.8602972397325521
3493    7.0922852804536767  0.36498727930862318  6.4392014804078741
3494    7.1920467336589446  0.75297983555469128  6.3069236446179788
3495    7.3475816157367264  1.0853338330501106  6.1070506680915546
3496    9.4490312675605956  0.45453413559460842  9.0323846458678752
3497    9.5882750923662545  0.93139472719389471  8.8784419855600589
3498    9.8040314482573674  1.3408054317452061  8.6449931050297373
3499    8.6032090810986386  0.45973983923037165  8.2451950733905228
3500    8.7388492559256612  0.93863741165630854  8.0884514481500549
3501    8.947663964902139  1.3499677788925379  7.8486876291108816
3502    7.7365380034923774  0.46574995063207192  7.481155030414179
3503    7.8681712382587063  0.94623016381906189  7.3221458330627929
3504    8.0698271441225113  1.3592355490895038  7.0763553639572425
3505    6.8486906797089722  0.47162514425479696  6.7394502314337057
3506    6.9748121327337547  0.95389329805673584  6.5776075746295088
3507    7.1712268743017722  1.3682354327882813  6.3281065208505387
3508    9.1824199512182645  0.56314881890962909  9.3118920770837796
3509    9.3505550396032753  1.1344540498410118  9.1298438605108743
3510    9.6112566019608181  1.6251884873282991  8.8498448380412693
3511    8.3442441036618433  0.56756341733925209  8.5319767374155067
3512    8.508025400583211  1.1408352994947211  8.3467390871033906
3513    8.7602804326963284  1.633759296352985  8.0592821005735154
3514    7.485318708138462  0.57277556750180825  7.7749433525702782
3515    7.644286529093665  1.1475645981118885  7.5870441791834793
3516    7.8878475085379209  1.6424361143883333  7.2924134881819329
3517    6.6050960789642676  0.57826300920097073  7.0396989824595373
3518    6.75757753180857  1.1548067605587802  6.8482915046410398
3519    6.994872132866818  1.6511370325264525  6.5491623736095192
3520    10.35280235165065  0.95662914047242797  8.0476356047601278
3521    10.544136509636967  1.0799249251635006  7.8188796998869297
3522    9.4819441078753801  0.96825765854364043  7.2358333583956851
3523    9.6698980501409402  1.0921842309581109  7.004132382513367
3524    8.5892209954253005  0.97987130744708506  6.4487882018092808
3525    8.7731068990468639  1.1042074441793193  6.214561326239485
3526    7.6754511525178808  0.99031064293397186  5.6872081606764695
3527    7.8536512356288108  1.1154131935825944  5.4488338258608824
3528    10.217142430615677  1.3040802933322682  8.1933155576133405
3529    10.473343500202203  1.4658431049019187  7.8987693833120103
3530    9.3499003326931334  1.3154323521210343  7.385652998248581
3531    9.6011680710151772  1.4780768537856444  7.0862867323986913
3532    8.4607946310121918  1.326770097734536  6.6025325078122705
3533    8.7064201967203783  1.490075010432635  6.2988842992944658
3534    7.5510155461955257  1.3370615524187075  5.8445979951963976
3535    7.7887130243154221  1.5012615359004366  5.5347920420169672
3536    10.081482509580706  1.6515314461921078  8.3389955104665567
3537    10.402550490767444  1.8517612846403368  7.9786590667370909
3538    9.2178565575108866  1.6626070456984274  7.5354726381014778
3539    9.5324380918894178  1.8639694766131771  7.1684410822840157
3540    8.3323682665990813  1.6736688880219863  6.7562768138152638
3541    8.6397334943938997  1.875942576685951  6.3832072723494484
3542    7.4265799398731707  1.6838124619034429  6.0019878297163283
3543    7.7237748130020343  1.8871098782182787  5.6207502581730528
3544    9.9458225885457345  1.9989825990519479  8.4846754633197712
3545    10.331757481332676  2.2376794643787545  8.0585487501621742
3546    9.0858127823286363  2.0097817392758222  7.6852922779543746
3547    9.4637081127636549  2.2498620994407097  7.2505954321693409
3548    8.2039419021859707  2.0205676783094364  6.9100211198182535
3549    8.5730467920674105  2.2618101429392663  6.4675302454044283
3550    7.3021443335508147  2.0305633713881792  6.1593776642362554
3551    7.6588366016886456  2.2729582205361205  5.7067084743291359
3552    7.0971276756968553  1.1742323512163173  4.4596516925525664
3553    7.2829189324050727  1.1355963011551897  4.2160666567011882
3554    7.4590551754873964  1.0217261638417678  3.984045554788791
3555    7.6060645972782819  0.84739282681882444  3.7924558707585665
3556    6.1306951911181065  1.1848073230524214  3.7439091707048608
3557    6.3087045553442112  1.1453351477790672  3.4990155914090577
3558    6.4813940592382764  1.0303400901195474  3.2645226364361832
3559    6.6248033254158383  0.85375221536186874  3.0692488082058764
3560    5.1457709864871415  1.1949814295270802  3.053710321194846
3561    5.3157396617280055  1.154498611043552  2.8077572486510189
3562    5.4845018043565688  1.0380545281846036  2.5712549624109871
3563    5.6240521184176817  0.85903759769424404  2.3725460401769989
3564    4.144649049070118  1.2047762014781405  2.3872943986472399
3565    4.3085862870499447  1.1621822946214531  2.1399960408354382
3566    4.4711496194372096  1.0420121116237975  1.9009764126921689
3567    4.6065692857230962  0.86023935979550248  1.6998423866649068
3568    7.0968260069662188  1.5741809750854803  4.4658960546712523
3569    7.3447053728720197  1.5240677974168169  4.1395910572150596
3570    7.5774042437493048  1.3726368875393113  3.8308893145512402
3571    7.7759052934682735  1.13406341643117  3.5711750407521956
3572    6.1311687215152144  1.5847691579107903  3.7490556666282755
3573    6.3695601264360855  1.5332563030073447  3.4185709366743007
3574    6.5968472105430545  1.3799335612889425  3.1059960640352888
3575    6.7894183281512213  1.1385774464926748  2.8417399002979771
3576    5.1470015027931737  1.5949566526921899  3.0577468775356325
3577    5.3756348104238727  1.5418677745288571  2.7233901802077578
3578    5.5970084260507829  1.3863257012086476  2.407513741395058
3579    5.7833794752429108  1.1420105966991483  2.1390234528433618
3580    4.1461838815455367  1.6047578899717259  2.3908005588108088
3581    4.3671058487131083  1.5492988795011438  2.0532517963953949
3582    4.5797078181170665  1.3896767540496726  1.7332150686957633
3583    4.759984812697942  1.1423628961177672  1.4613680980381256
3584    7.0965243382355823  1.974129598954643  4.4721404167899399
3585    7.4064918133389677  1.9125392936784436  4.0631154577289337
3586    7.6957533120112123  1.7235476112368548  3.6777330743136876
3587    7.9457459896582661  1.4207340060435159  3.3498942107458243
3588    6.1316422519123233  1.9847309927691588  3.7542021625516897
3589    6.4304156975279616  1.9211774582356225  3.3381262819395427
3590    6.7123003618478307  1.7295270324583385  2.947469491634394
3591    6.9540333308866069  1.4234026776234809  2.6142309923900777
3592    5.1482320190992059  1.9949318758573  3.061783433876418
3593    5.4355299591197364  1.9292369380141625  2.6390231117644962
3594    5.7095150477449987  1.7345968742326925  2.2437725203791259
3595    5.94270683206814  1.4249835957040529  1.9055008655097234
3596    4.1477187140209537  2.0047395784653115  2.3943067189743776
3597    4.4256254103762718  1.9364154643808349  1.9665075519553517
3598    4.6882660167969208  1.737341396475548  1.5654537246993572
3599    4.913400339672787  1.4244864324400321  1.2228938094113444
3600    7.0962226695049448  2.3740782228238055  4.4783847789086257
3601    7.4682782538059138  2.3010107899400709  3.9866398582428051
3602    7.8141023802731198  2.074458334934397  3.5245768340761363
3603    8.1155866858482586  1.7074045956558617  3.1286133807394534
3604    6.1321157823094312  2.3846928276275277  3.7593486584751044
3605    6.4912712686198333  2.3090986134639002  3.2576816272047862
3606    6.8277535131526115  2.0791205036277338  2.7889429192335
3607    7.1186483336219908  1.7082279087542871  2.3867220844821784
3608    5.1494625354052372  2.3949070990224102  3.0658199902172036
3609    5.4954251078156036  2.3166061014994677  2.5546560433212346
3610    5.8220216694392128  2.0828680472567358  2.0800312993631973
3611    6.1020341888933674  1.7079565947089572  1.6719782781760864
3612    4.1492535464963725  2.4047212669588971  2.3978128791379465
3613    4.4841449720394353  2.3235320492605265  1.8797633075153086
3614    4.7968242154767777  2.0850060389014233  1.3976923807029513
3615    5.0668158666476337  1.706609968762298  0.98441952078456274
3616    7.7189622147444812  0.61050230697652652  3.6517109555926841
3617    7.7969584027271122  0.32553729556099248  3.5598643517791668
3618    7.8268743903722022  0.032133691648920666  3.5272438305199985
3619    6.7341589920419089  0.61433598774517006  2.9251430036289077
3620    6.8110018724454386  0.326482793675064  2.8316149150520618
3621    6.8408428519879259  0.027563081689267674  2.7986742380490028
3622    5.7296781601907387  0.6171731064291458  2.2253090273682394
3623    5.8050191955626591  0.32657555450990061  2.1305260047896133
3624    5.8345974929896567  0.022217178576381467  2.0974948532219568
3625    4.7090650088973716  0.61649949396526205  1.5514268256199255
3626    4.7810583232265964  0.32323838424875556  1.4565278737844651
3627    4.8090821851173153  0.015645360886766574  1.4237003256474896
3628    7.9292764619896108  0.8136257130757828  3.3772420254435045
3629    8.031104133028844  0.43343636283655568  3.25265760325818
3630    8.0691486460884789  0.032921921261724232  3.2089663057797932
3631    6.93713796342037  0.81539813697765529  2.6439177297159371
3632    7.0365601864652909  0.43261458612122894  2.5176243043284181
3633    7.0741077305336484  0.028016470187837567  2.4737376774006816
3634    5.9252595944933431  0.8161672783810795  1.9375722050578221
3635    6.0219272586918278  0.43093363628396458  1.8100527785978351
3636    6.0587898510023797  0.022329443348595851  1.7662309002905965
3637    4.8974009378744805  0.81453871420990065  1.2582854474129046
3638    4.9894557167355993  0.42676148620931931  1.1302425063375416
3639    5.0241972987272101  0.015566398684640589  1.0864682369288003
3640    8.1395907092347404  1.0167491191750391  3.1027730952943253
3641    8.2652498633305793  0.54133543011211904  2.9454508547371927
3642    8.311422901804761  0.033710150874527826  2.8906887810395863
3643    7.1401169347988311  1.0164602862101404  2.3626924558029656
3644    7.2621185004851441  0.53874637856739405  2.2036336936047758
3645    7.3073726090793691  0.028469858686407449  2.1488011167523604
3646    6.1208410287959492  1.0151614503330133  1.6498353827474048
3647    6.2388353218209947  0.53529171805802844  1.4895795524060564
3648    6.2829822090151035  0.022441708120810311  1.434966947359237
3649    5.0857368668515868  1.0125779344545391  0.96514406920588414
3650    5.1978531102446013  0.53028458816988311  0.80395713889061771
3651    5.2393124123371058  0.015487436482514577  0.74923614821011197
3652    8.3499049564798682  1.2198725252742948  2.8283041651451462
3653    8.4993955936323164  0.64923449738768269  2.6382441062162054
3654    8.5536971575210377  0.034498380487331358  2.5724112562993811
3655    7.3430959061772914  1.2175224354426264  2.081467181889995
3656    7.4876768145049946  0.64487817101355871  1.8896430828811324
3657    7.5406374876250943  0.028923247184977293  1.8238645561040387
3658    6.3164224630985526  1.2141556222849466  1.3620985604369868
3659    6.4557433849501606  0.6396497998320928  1.169106326214278
3660    6.5071745670278283  0.022553972893024691  1.1037029944278764
3661    5.2740727958286957  1.2106171546991773  0.67200269099886312
3662    5.4062505037536033  0.6338076901304468  0.47767177144369422
3663    5.4544275259470005  0.01540847428038853  0.41200405949142294
3664    7.7996446148473586  -0.26535427643767756  3.5629850467156894
3665    7.7228654690174521  -0.56065212435911393  3.6612426215011755
3666    7.6083511155743748  -0.8112435690121752  3.8098727754300841
3667    6.8140849147328266  -0.27495655352576281  2.8347694027917512
3668    6.7393840199706654  -0.57166009845228483  2.9340376503236714
3669    6.6296305159034974  -0.82225297630565197  3.085021892525464
3670    5.8084280188215116  -0.2851398604781254  2.1338111542062776
3671    5.736021964073335  -0.58288832773024357  2.2338434230601578
3672    5.6311459341992842  -0.83328837549496038  2.3870489412293479
3673    4.78459949666592  -0.29405461964017809  1.4601760726795303
3674    4.7158723985064874  -0.59254570588435496  1.5606650645904248
3675    4.6146327048519931  -0.84300222515417977  1.7149391832281615
3676    8.0346820739157128  -0.37128924082261833  3.2558346825006388
3677    7.9350319407519816  -0.76085549960931231  3.3861440135882681
3678    7.7820417633411667  -1.0937804200785259  3.5862609266391337
3679    7.0404734965687918  -0.37986212763230065  2.5210061647154558
3680    6.9439843710473452  -0.77069960743297994  2.6526104261050478
3681    6.7975140655168307  -1.10402501787578  2.8560770309090917
3682    6.0261062240739163  -0.38902058625009195  1.8137378629727763
3683    5.9329977483047633  -0.78076527971558574  1.9463368749579315
3684    5.7931655834830247  -1.1142951761747262  2.1529915362886336
3685    4.9937461926557329  -0.39750383648108689  1.1343751844293775
3686    4.9055180255426114  -0.78992513785241791  1.26796787434952
3687    4.7705036241562198  -1.1236902645321398  1.4763632392073665
3688    8.2697195329840572  -0.47722420520755932  2.9486843182855882
3689    8.1471984124865102  -0.96105887485951091  3.1110454056753607
3690    7.9557324111079604  -1.3763172711448763  3.3626490778481841
3691    7.2668620784047588  -0.48476770173883865  2.2072429266391596
3692    7.1485847221240233  -0.96973911641367549  2.3711832018864216
3693    6.9653976151301631  -1.3857970594459084  2.6271321692927194
3694    6.2437844293263227  -0.4929013120220585  1.4936645717392754
3695    6.1299735325361926  -0.9786422317009279  1.6588303268557048
3696    5.9551852327667616  -1.3953019768544916  1.9189341313479162
3697    5.2028928886455477  -0.50095305332199591  0.80857429617922494
3698    5.095163652578738  -0.98730456982048098  0.97527068410861473
3699    4.9263745434604438  -1.4043783039101001  1.2377872951865703
3700    8.5047569920524086  -0.58315916959250003  2.6415339540705376
3701    8.3593648842210442  -1.1612622501097092  2.8359467977624515
3702    8.1294230588747531  -1.658854122211227  3.1390372290572337
3703    7.4932506602407241  -0.58967327584537654  1.8934796885628637
3704    7.3531850732007031  -1.1687786253943702  2.0897559776677976
3705    7.1332811647434964  -1.6675691010160365  2.3981873076763476
3706    6.4614626345787292  -0.59678203779402483  1.1735912805057738
3707    6.3269493167676183  -1.1765191836862701  1.371323778753478
3708    6.1172048820505029  -1.6763087775342576  1.6848767264072013
3709    5.4120395846353588  -0.6044022701629046  0.48277340792907208
3710    5.2848092796148585  -1.1846840017885434  0.68257349386770971
3711    5.0822454627646731  -1.6850663432880599  0.9992113511657752
3712    7.4596871472113708  -0.99944117181406522  4.0106868789502101
3713    7.2841164927565876  -1.1254165760397905  4.2514912844853603
3714    7.0989393191043035  -1.1734421213728397  4.4991346855531757
3715    6.4859941131233612  -1.0105938667377856  3.2884363292053207
3716    6.3151759886953087  -1.1366107858876122  3.5307927197024727
3717    6.1383636905309489  -1.184113161700989  3.7793303151941711
3718    5.4927425862387729  -1.0216645052822506  2.5928356783695157
3719    5.3270586147057148  -1.1475222782738745  2.836320564529752
3720    5.1588166812660319  -1.1943934362924926  3.0855243217459174
3721    4.4810200358864831  -1.031532882444155  1.9228392475842979
3722    4.322149231682431  -1.1575755484132031  2.1687592455649409
3723    4.1602149362854934  -1.2042982988663629  2.4193008123898752
3724    7.5837635298339361  -1.3461402518514076  3.8527013353952766
3725    7.3521458778521689  -1.5113435926014429  4.167962585353564
3726    7.1048772983465467  -1.5733925293873019  4.4973834517426932
3727    6.6061216199779951  -1.3569915412436628  3.1264905181599745
3728    6.3808301223840589  -1.5225834074847628  3.4450214409098163
3729    6.1434593562112738  -1.5840762367584142  3.7783253895278497
3730    5.6088840882860946  -1.3677603701463728  2.4270985674122767
3731    5.390336903773651  -1.5335401514662412  2.7483800272271472
3732    5.1630891133072101  -1.5943688522364483  3.0852875234521129
3733    4.5927485053889585  -1.377513294059949  1.7537400317060678
3734    4.3833845808124892  -1.5436220873673958  2.0792262229778138
3735    4.1640322692140908  -1.6042800786450351  2.4193625731842778
3736    7.7078399124565022  -1.6928393318887496  3.6947157918403439
3737    7.4201752629477467  -1.8972706091630946  4.0844338862217686
3738    7.1108152775887898  -1.9733429374017635  4.4956322179322088
3739    6.7262491268326281  -1.7033892157495398  2.9645447071146305
3740    6.4464842560728037  -1.9085560290819141  3.35925016211716
3741    6.1485550218915961  -1.9840393118158404  3.7773204638615301
3742    5.7250255903334146  -1.713856235010494  2.2613614564550417
3743    5.4536151928415837  -1.9195580246586073  2.660439489924542
3744    5.1673615453483839  -1.994344268180404  3.0850507251583088
3745    4.7044769748914321  -1.7234937056757424  1.5846408158278376
3746    4.4446199299425464  -1.9296686263215892  1.9896932003906866
3747    4.1678496021426827  -2.0042618584237077  2.4194243339786823
3748    7.8319162950790684  -2.0395384119260926  3.5367302482854113
3749    7.4882046480433306  -2.2831976257247484  4.0009051870899723
3750    7.1167532568310348  -2.3732933454162253  4.4938809841217253
3751    6.8463766336872611  -2.0497868902554175  2.8025988960692838
3752    6.5121383897615548  -2.294528650679065  3.2734788833245032
3753    6.1536506875719201  -2.3840023868732656  3.7763155381952087
3754    5.8411670923807382  -2.0599520998746157  2.0956243454978027
3755    5.5168934819095208  -2.3055758978509751  2.5724989526219373
3756    5.171633977389563  -2.3943196841243597  3.0848139268645043
3757    4.8162054443939093  -2.069474117291537  1.4155415999496082
3758    4.5058552790726054  -2.3157151652757815  1.9001601778035591
3759    4.1716669350712801  -2.4042436382023791  2.419486094773085
3760    6.9169778970543128  -1.1347868142641839  4.7456976139446452
3761    6.7479835742379644  -1.0209450890049114  4.982944798536507
3762    6.6046501327968778  -0.84652742703868722  5.1772512284750309
3763    5.9646853360479817  -1.1446348817980807  4.0273423091552711
3764    5.8000524079916387  -1.0296756761554409  4.2673811841307367
3765    5.6608275022648016  -0.85299373625351615  4.4655751249029754
3766    4.9936974499951203  -1.1538983991502294  3.3347201574276273
3767    4.8339385914681161  -1.0374618277261753  3.5770581642099493
3768    4.6990982771005507  -0.85832182544344782  3.7788743919668821
3769    4.0015642706695997  -1.1616621589442788  2.6700224747379679
3770    3.8488087149141648  -1.0414360254513204  2.915239872620206
3771    3.7185394517230779  -0.85949978168811436  3.1196903112544727
3772    6.8594638220503965  -1.5232086281020512  4.8256427480544239
3773    6.6313473235060743  -1.371758329341934  5.1376044613868803
3774    6.4351200593778293  -1.1331110322203892  5.3988851273782936
3775    5.9078682699785956  -1.5325055235868892  4.1108750423690505
3776    5.6857894444229871  -1.3791656910523946  4.4269576823119836
3777    5.4958531113476941  -1.1377207521541739  4.6929508065112504
3778    4.9376043980989106  -1.5412193921722663  3.4218072833829782
3779    4.7220906387451098  -1.385633575137253  3.7414161009767435
3780    4.5387292176836631  -1.1411990594559742  4.0118014339440551
3781    3.9465607543207071  -1.5487357616706108  2.7592112401627462
3782    3.7403814215319904  -1.3890141596010528  3.0832537326235085
3783    3.5634279921443044  -1.1415435006957131  3.3571598370376892
3784    6.801949747046482  -1.9116304419399179  4.9055878821642018
3785    6.5147110727741824  -1.7225715696789565  5.2922641242372537
3786    6.2655899859587807  -1.4196946374020905  5.6205190262815519
3787    5.851051203909214  -1.9203761653756981  4.1944077755828353
3788    5.5715264808543363  -1.7286557059493481  4.5865341804932305
3789    5.3308787204305892  -1.422447768054832  4.9203264881195237
3790    4.8815113462027035  -1.9285403851943026  3.5088944093383287
3791    4.6102426860221062  -1.7338053225483308  3.9057740377435399
3792    4.3783601582667782  -1.4240762934685001  4.244728475921228
3793    3.8915572379718162  -1.9358093643969427  2.8484000055875249
3794    3.6319541281498147  -1.7365922937507849  3.2512675926268102
3795    3.4083165325655318  -1.4235872197033113  3.5946293628209065
3796    6.7444356720425649  -2.3000522557777852  4.9855330162739842
3797    6.3980748220422896  -2.0733848100159791  5.4469237870876288
3798    6.096059912539733  -1.7062782425837921  5.8421529251848145
3799    5.794234137839827  -2.3082468071645068  4.2779405087966156
3800    5.4572635172856838  -2.0781457208463023  4.7461106786744773
3801    5.1659043295134834  -1.7071747839554898  5.1477021697277952
3802    4.8254182943064938  -2.3158613782163391  3.5959815352936801
3803    4.4983947332991008  -2.0819770699594078  4.0701319745103346
3804    4.2179910988498914  -1.7069535274810266  4.477655517898401
3805    3.836553721622924  -2.3228829671232747  2.9375887710123019
3806    3.5235268347676403  -2.0841704279005171  3.4192814526301123
3807    3.2532050729867579  -1.7056309387109094  3.832098888604123
3808    6.4933352539662703  -0.60951351288358779  5.3192036613717901
3809    6.4186094220110279  -0.3246428238351653  5.4133942422194226
3810    6.3904856236172964  -0.031665530503295736  5.4472060412357717
3811    5.5532883747526132  -0.61346325301600968  4.6110012166169803
3812    5.4801193055757214  -0.32573899987525701  4.7070336686298493
3813    5.452292676990278  -0.027250042074652307  4.7412463520421095
3814    4.5955615119124271  -0.61635471722993707  3.9275402526420131
3815    4.5243700545243613  -0.32592536762303198  4.0249802089444628
3816    4.4970672067528454  -0.022004689460095324  4.0593598868965142
3817    3.6184209257412649  -0.61561163026543819  3.2696132286555439
3818    3.5510979237823839  -0.32244193089508089  3.3672926236524305
3819    3.5256321418034746  -0.015238802529193102  3.4015326426843573
3820    6.2826510047371498  -0.81261226441772805  5.5934316176228256
3821    6.1828700601373088  -0.43253238569429348  5.7194092183455014
3822    6.1459608704652693  -0.032328043283564957  5.7637620871308082
3823    5.3492083552793419  -0.81447719092922999  4.8914830828201863
3824    5.2521123625401209  -0.43181957607136839  5.0192858204505901
3825    5.2158575176266577  -0.027529047565034898  5.0638904785947183
3826    4.398125694527133  -0.81529050729800212  4.2140559018088863
3827    4.3041175317075862  -0.43020336092861822  4.3431942436883446
3828    4.2687339658921886  -0.021906448815935755  4.3877870966827803
3829    3.4274993966560565  -0.81361761290824308  3.5611109961980691
3830    3.3384770593492998  -0.42592932124957728  3.6908653192833429
3831    3.3054184421959278  -0.0150053495649781  3.7354575923435163
3832    6.0719667555080292  -1.0157110159518683  5.8676595738738602
3833    5.9471306982635914  -0.54042194755342166  6.0254241944715758
3834    5.9014361173132377  -0.032990556063834241  6.0803181330258429
3835    5.1451283358060715  -1.0154911288424502  5.1719649490233941
3836    5.0241054195045232  -0.53790015226747967  5.3315379722713292
3837    4.9794223582630366  -0.027808053055417489  5.3865346051473262
3838    4.2006898771418397  -1.0142262973660672  4.5005715509757556
3839    4.0838650088908128  -0.53448135423420462  4.6614082784322246
3840    4.0404007250315335  -0.021808208171776249  4.7162143064690474
3841    3.2365778675708499  -1.0116235955510482  3.8526087637405939
3842    3.1258561949162158  -0.52941671160407344  4.0144380149142558
3843    3.0852047425883806  -0.014771896600763119  4.0693825420026748
3844    5.8612825062789105  -1.2188097674860094  6.1418875301248965
3845    5.7113913363898723  -0.64831150941254945  6.3314391705976556
3846    5.6569113641612097  -0.033653068844103337  6.3968741789208785
3847    4.9410483163328003  -1.2165050667556709  5.452446815226601
3848    4.7960984764689245  -0.643980728463591  5.64379012409207
3849    4.7429871988994172  -0.028087058545800063  5.7091787316999332
3850    4.0032540597565447  -1.2131620874341333  4.7870872001426292
3851    3.8636124860740377  -0.63875934753979069  4.9796223131761108
3852    3.8120674841708762  -0.021709967527616673  5.0446415162553144
3853    3.0456563384856405  -1.2096295781938535  4.1441065312831196
3854    2.9132353304831304  -0.63290410195856972  4.3380107105451708
3855    2.8649910429808338  -0.014538443636548125  4.4033074916618338
3856    6.4138506135006352  0.2655886975016461  5.4081652449343309
3857    6.483551863306996  0.56118265425799818  5.3039141957123164
3858    6.5945434351181369  0.81220486468895459  5.1520101976131993
3859    5.4747489232847739  0.27506480081541901  4.701719029075452
3860    5.5415341620339351  0.57208051257417825  4.5962065041805982
3861    5.647279300423298  0.82308873298264551  4.4417952118016908
3862    4.5184757402858224  0.28516073670030412  4.0194960453115804
3863    4.5820868823713781  0.58320814474826788  3.9130006311167733
3864    4.682446618166284  0.83399234351944496  3.7562320525050144
3865    3.544931994238806  0.29425951755283764  3.3613782571488882
3866    3.6040686759257681  0.59301374752734737  3.2541805676263129
3867    3.7003480534262305  0.84382420162578353  3.0962029143301177
3868    6.177922571357608  0.37175623113817979  5.7145557661513502
3869    6.2730207106263691  0.76155925759657772  5.5801437823500688
3870    6.4238385514217002  1.0947494164110201  5.377902270466997
3871    5.2467044887315506  0.38024816973052611  5.0141957215533175
3872    5.3380849202632019  0.77133744974017093  4.8783143393378703
3873    5.4820476610419338  1.104915050655606  4.6725989797067866
3874    4.2983301319538301  0.38935547484470828  4.3377778892846015
3875    4.3857401445590121  0.78134428346080986  4.200750224964569
3876    4.5227117100653418  1.1151010899685039  3.9917350032906298
3877    3.3324986004027712  0.39797052623977236  3.6849588120160139
3878    3.4144871655033824  0.79060963023383291  3.5467663486133372
3879    3.546333463959837  1.12457788853435  3.3359045486982235
3880    5.9419945292145835  0.47792376477471338  6.0209462873683703
3881    6.0624895579457414  0.96193586093515748  5.8563733689878177
3882    6.2531336677252627  1.3772939681330856  5.6037943433207946
3883    5.0186600541783308  0.48543153864563326  5.3266724140311874
3884    5.1346356784924678  0.97059438690616384  5.1604221744951424
3885    5.3168160216605713  1.3867413683285652  4.9034027476118824
3886    4.0781845236218395  0.49355021298911239  4.6560597332576199
3887    4.1893934067466487  0.97948042217335196  4.4884998188123637
3888    4.3629768019643977  1.3962098364175626  4.2272379540762435
3889    3.1200652065667365  0.5016815349267072  4.0085393668831388
3890    3.2249056550809967  0.98820551294031789  3.8393521296003641
3891    3.3923188744934434  1.4053315754429161  3.5756061830663306
3892    5.7060664870715563  0.58409129841124707  6.3273368085853861
3893    5.8519584052651172  1.1623124642737366  6.1326029556255719
3894    6.082428784028826  1.6598385198551513  5.8296864161745932
3895    4.7906156196251066  0.59061490756074031  5.6391491065090511
3896    4.9311864367217355  1.1698513240721564  5.4425300096524163
3897    5.151584382279208  1.6685676860015259  5.1342065155169756
3898    3.8580389152898489  0.59774495113351644  4.9743415772306392
3899    3.9930466689342832  1.1776165608858935  4.7762494126601602
3900    4.2032418938634555  1.6773185828666217  4.4627409048618594
3901    2.9076318127307021  0.60539254361364181  4.3321199217502633
3902    3.035324144658611  1.1858013956468032  4.1319379105873892
3903    3.2383042850270494  1.6860852623514828  3.8153078174344359
3904    6.741683352167934  1.0004994875085005  4.9502850516626857
3905    6.9138721536747036  1.1262896547279122  4.7079544853808244
3906    5.789095630443132  1.0115203870684963  4.237341199970273
3907    5.95604745354761  1.1373772691740787  3.993244866543717
3908    4.8187000201402226  1.0224519824556049  3.5492803940800943
3909    4.9799703743842363  1.1481730646747952  3.30384770075689
3910    3.8315085540559441  1.0323729145114726  2.8870064224730227
3911    3.9854341553213017  1.158174068983765  2.6389057194276746
3912    6.6212679777866956  1.3471077371272193  5.1112154941066903
3913    6.8507798747558066  1.5121576141495701  4.7954368237988563
3914    5.6723680855909864  1.3578646566361499  4.4018152562961328
3915    5.8952019602391807  1.5233059437185792  4.0825873293698853
3916    4.7056729806236595  1.368532808925037  3.7171375177275525
3917    4.9213642646263134  1.5341627575320336  3.3949862489933209
3918    3.7225397738999608  1.3783126919734259  3.0579225143637747
3919    3.9286517717779779  1.544184288514501  2.7313762729324353
3920    6.5008526034054563  1.6937159867459386  5.272145936550694
3921    6.7876875958369096  1.8980255735712277  4.8829191622168926
3922    5.5556405407388407  1.704208926203802  4.5662893126219952
3923    5.8343564669307524  1.9092346182630806  4.171929792196055
3924    4.5926459411070946  1.7146136353944699  3.8849946413750103
3925    4.8627581548683878  1.9201524503892724  3.4861247972297518
3926    3.6135709937439771  1.7242524694353794  3.2288386062545253
3927    3.8718693882346513  1.9301945080452365  2.8238468264371956
3928    6.3804372290242171  2.0403242363646577  5.4330763789946985
3929    6.7245953169180126  2.2838935329928849  4.9704015006349263
3930    5.4389129958866969  2.0505531957714549  4.7307633689478568
3931    5.7735109736223231  2.2951632928075818  4.2612722550222255
3932    4.4796189015905332  2.0606944618639025  4.0528517650224689
3933    4.8041520451104649  2.306142143246511  3.5772633454661831
3934    3.5046022135879937  2.0701922468973337  3.3997546981452769
3935    3.8150870046913274  2.3162047275759727  2.9163173799419568
3936    -24.875797566879978  1.1327520296409586  43.603671507652727
3937    -24.617756979492956  1.1027768770708637  43.593791372251715
3938    -24.374947564489474  1.0082362437390611  43.576478970540499
3939    -24.17999287247212  0.86383553831284932  43.56685767217121
3940    -24.876038242329319  1.0615433396610314  42.39792453212619
3941    -24.612607517585076  1.0364766190280095  42.395104064363522
3942    -24.368931302508237  0.95147235276512887  42.386280908499849
3943    -24.173914883253445  0.81350243852847415  42.382223139772741
3944    -24.847844041405885  0.99705560904661439  41.192387590948705
3945    -24.571375885922023  0.97295263757029304  41.198960367351873
3946    -24.32360290051259  0.8906637482357288  41.197414363738424
3947    -24.127271552781732  0.75700677351123946  41.199458335585625
3948    -24.789635776041944  0.93923917406228463  39.987705138805509
3949    -24.500235750356229  0.91532073649507451  40.003892906368236
3950    -24.248562035612931  0.83430011005758964  40.010035870850466
3951    -24.051021319943768  0.70417685959767617  40.018403330265706
3952    -24.699834258169748  0.88804437097262001  38.78452163038186
3953    -24.40536077674011  0.86669671959971484  38.808434306564074
3954    -24.153408384919587  0.79087111813743882  38.824301964430234
3955    -23.956122623626307  0.6648410131243141  38.83889819446884
3956    -24.887198377919987  1.5318346864273056  43.579114338435154
3957    -24.519116888823284  1.4911274697861991  43.571659049094031
3958    -24.177094539802706  1.3569775698304269  43.559310500086838
3959    -23.89367398871109  1.1427739278176521  43.552199170804926
3960    -24.886827176417516  1.4607582462030715  42.3753644136861
3961    -24.516231870524361  1.4253033234047412  42.376855943361178
3962    -24.17406916151619  1.3018061892000143  42.375287166028187
3963    -23.890435628482049  1.0954802382657076  42.375587721688277
3964    -24.85733351160885  1.3964098210107618  41.171837945728903
3965    -24.480075036356766  1.3626148279487438  41.184868309920603
3966    -24.135499815191938  1.2441771330632647  41.191890148106999
3967    -23.850264949477516  1.0452869857837928  41.200352683320467
3968    -24.797873789043788  1.3387211469348013  39.969149865962073
3969    -24.414093636068117  1.3058015254879145  39.993875648421266
3970    -24.067368672926577  1.1909662334109201  40.009778900521439
3971    -23.78067396616721  0.9987273316651013  40.026559999039172
3972    -24.70760441427214  1.2876239600596138  38.767915105784176
3973    -24.321734919406047  1.2576029580919621  38.802057458512117
3974    -23.975657906816714  1.1490493222337193  38.829612877469792
3975    -23.689174693020867  0.96233443720282708  38.854275612182079
3976    -24.898599188959992  1.9309173432136528  43.554557169217574
3977    -24.420476798153604  1.8794780625015346  43.549526725936346
3978    -23.979241515115934  1.7057188959217924  43.542142029633162
3979    -23.607355104950056  1.4217123173224553  43.537540669438627
3980    -24.897616110505716  1.8599731527451109  42.35280429524601
3981    -24.419856223463654  1.8141300277814727  42.358607822358834
3982    -23.979207020524147  1.6521400256348988  42.364293423556518
3983    -23.606956373710652  1.377458038002942  42.368952303603784
3984    -24.866822981811808  1.7957640329749092  41.151288300509101
3985    -24.388774186791487  1.752277018327195  41.17077625248934
3986    -23.947396729871283  1.5976905178908001  41.18636593247556
3987    -23.573258346173283  1.3335671980563462  41.201247031055289
3988    -24.806111802045628  1.7382031198073176  39.950594593118645
3989    -24.32795152177998  1.6962823144807551  39.983858390474296
3990    -23.886175310240226  1.5476323567642494  40.009521930192427
3991    -23.510326612390656  1.293277803732527  40.034716667812617
3992    -24.715374570374529  1.6872035491466073  38.751308581186478
3993    -24.238109062071985  1.6485091965842085  38.795680610460153
3994    -23.797907428713835  1.5072275263299979  38.834923790509336
3995    -23.42222676241542  1.2598278612813405  38.869653029895318
3996    -24.91  2.3300000000000001  43.530000000000001
3997    -24.321836707483932  2.2678286552168698  43.527394402778661
3998    -23.781388490429165  2.0544602220131583  43.524973559179493
3999    -23.321036221189026  1.7006507068272581  43.522882168072329
4000    -24.908405044593913  2.2591880592871512  42.33024417680592
4001    -24.32348057640294  2.2029567321582038  42.340359701356498
4002    -23.784344879532103  2.0024738620697842  42.353299681084856
4003    -23.323477118939248  1.6594358377401752  42.362316885519313
4004    -24.876312452014769  2.1951182449390569  41.130738655289292
4005    -24.297473337226233  2.1419392087056455  41.156684195058084
4006    -23.75929364455062  1.9512039027183365  41.180841716844114
4007    -23.296251742869057  1.6218474103288998  41.20214137879011
4008    -24.814349815047471  2.1376850926798343  39.932039320275209
4009    -24.241809407491868  2.0867631034735954  39.973841132527333
4010    -23.704981947553879  1.9042984801175795  40.009264959863394
4011    -23.239979258614103  1.5878282757999516  40.042873336586069
4012    -24.723144726476921  2.0867831382336011  38.734702056588795
4013    -24.154483204737922  2.0394154350764548  38.789303762408188
4014    -23.620156950610959  1.8654057304262783  38.840234703548887
4015    -23.155278831809987  1.5573212853598535  38.885030447608557
4016    -24.041981974565868  0.66390052096863228  43.551672820024152
4017    -23.955068361544811  0.40922443710539552  43.524239623297774
4018    -23.929472213485106  0.12421392322430919  43.50953625112129
4019    -24.031063239945471  0.62112739529811445  42.371541558810733
4020    -23.935942683150433  0.38194679112541302  42.349702866232143
4021    -23.905550494684864  0.11649109727339617  42.337758987259107
4022    -23.982745993416497  0.56911693790716833  41.194625464933253
4023    -23.8862393617108  0.34146816612299125  41.177557492641675
4024    -23.854271608178856  0.10688634091072929  41.167626012418772
4025    -23.905553761887671  0.51987940911356489  40.019505572948312
4026    -23.809020330380367  0.30210437077758745  40.007368783705111
4027    -23.776208929148453  0.097503591698751668  39.999536105257683
4028    -23.80801007226772  0.48542506923507489  38.844762917412488
4029    -23.707347522313604  0.27817121376865883  38.838702020601168
4030    -23.671935832775063  0.090446787199906842  38.833888044433245
4031    -23.688629443627118  0.85256568245765108  43.541550468320061
4032    -23.564873304300793  0.49994580170130054  43.522940138185412
4033    -23.529655516091857  0.11261897066791504  43.513024167514253
4034    -23.679798166816969  0.81404206304544657  42.370406110997408
4035    -23.54660229734198  0.4766165475799834  42.357775932955086
4036    -23.505912537285003  0.10552952394183385  42.350704475077563
4037    -23.636235515981024  0.77108015993649359  41.202768520705717
4038    -23.498823923094847  0.44467989608983377  41.195067248649586
4039    -23.455008269619189  0.097257643786738429  41.189823565047369
4040    -23.563987789115874  0.73086668069694372  40.036675699044345
4041    -23.423725896760697  0.41384777298056441  40.034093531412864
4042    -23.377519578142937  0.089205117518703136  40.030780036629757
4043    -23.469101284218119  0.70058833289294886  38.870165647612616
4044    -23.32349593354088  0.39383210400188801  38.874134227388893
4045    -23.274023327904768  0.08277373245380272  38.873972489030827
4046    -23.335276912688357  1.04123084394667  43.531428116615977
4047    -23.174678247056775  0.59066716629720561  43.521640653073057
4048    -23.129838818698602  0.10102401811152095  43.51651208390723
4049    -23.32853309368846  1.0069567307927785  42.369270663184089
4050    -23.157261911533531  0.57128630403455372  42.365848999678043
4051    -23.106274579885135  0.09456795061027147  42.363649962896027
4052    -23.28972503854553  0.97304338196581841  41.210911576478189
4053    -23.111408484478886  0.54789162605667607  41.212577004657476
4054    -23.055744931059518  0.087628946662747648  41.212021117675974
4055    -23.22242181634406  0.94185395228032265  40.053845825140371
4056    -23.038431463141031  0.52559117518354115  40.060818279120596
4057    -22.978830227137394  0.080906643338654591  40.062023968001853
4058    -23.130192496168515  0.91575159655082261  38.895568377812729
4059    -22.939644344768155  0.50949299423511718  38.909566434176625
4060    -22.876110823034466  0.075100677707698557  38.914056933628423
4061    -22.981924381749607  1.2298960054356889  43.52130576491188
4062    -22.784483189812754  0.68138853089311047  43.520341167960694
4063    -22.73002212130535  0.089429065555126863  43.520000000300193
4064    -22.977268020559958  1.1998713985401099  42.368135215370771
4065    -22.767921525725068  0.66595606048912381  42.373922066400993
4066    -22.70663662248527  0.083606377278709176  42.376595450714483
4067    -22.943214561110054  1.1750066039951435  41.219054632250646
4068    -22.723993045862933  0.65110335602351843  41.230086760665387
4069    -22.656481592499848  0.078000249538756811  41.234218670304571
4070    -22.880855843572267  1.1528412238637014  40.071015951236404
4071    -22.653137029521357  0.63733457738651833  40.087543026828357
4072    -22.580140876131882  0.072608169158606212  40.093267899373927
4073    -22.791283708118911  1.1309148602086967  38.920971108012843
4074    -22.555792755995427  0.62515388446834619  38.94499864096435
4075    -22.478198318164161  0.067427622961594463  38.954141378225998
4076    -23.982253567801806  -0.17844906183690887  43.520433378274163
4077    -24.113240217379104  -0.47746000579631886  43.540861173570711
4078    -24.306803975496923  -0.73547844198641898  43.552387047192525
4079    -23.96024118257208  -0.16572517162632347  42.346146402433824
4080    -24.09539090899122  -0.4470434037803746  42.361276156602514
4081    -24.29052943699266  -0.6947169821830943  42.368162021443389
4082    -23.907704034527786  -0.14344218363272662  41.17448544071685
4083    -24.041874767125517  -0.41015579347033448  41.185375780572649
4084    -24.235018993477524  -0.6481657159398504  41.186047005570764
4085    -23.827793250716379  -0.12185372882606496  40.004843927323748
4086    -23.959889566327636  -0.37566486268853172  40.011450988349409
4087    -24.150449647787465  -0.60492766956246735  40.00588395414934
4088    -23.723659958185326  -0.11121343817628482  38.836615296454937
4089    -23.856633081143222  -0.35243829925729919  38.837792722801119
4090    -24.046998402758469  -0.57410586935672703  38.82751482175383
4091    -23.597561632167452  -0.28934715134018862  43.520399157619345
4092    -23.766928813248924  -0.67821646962989812  43.534347364054319
4093    -24.020634416027292  -1.0147816459957022  43.542553255293882
4094    -23.576237217864072  -0.27940913255035055  42.355405430753827
4095    -23.75086990704364  -0.65121272827890397  42.36351167160494
4096    -24.007052977171284  -0.97679020372278824  42.366159252495109
4097    -23.52523251038717  -0.26322266330186345  41.193070848321426
4098    -23.701381222762095  -0.62162837961140671  41.196550428235795
4099    -23.957593439339441  -0.93603498775850769  41.191398929698472
4100    -23.44704759077139  -0.24772561146530359  40.032535387334015
4101    -23.623605862303158  -0.5944211664825263  40.031317251714654
4102    -23.879251437001773  -0.89856567863183034  40.018328413582203
4103    -23.344182540051413  -0.2398558449112459  38.872939024803486
4104    -23.52268692756574  -0.57454883174738336  38.865665759809275
4105    -23.77902260462832  -0.87043195687172814  38.847003830824633
4106    -23.212869696533094  -0.40024524084346846  43.52036493696454
4107    -23.420617409118737  -0.87897293346347716  43.527833554537928
4108    -23.734464856557654  -1.2940848500049853  43.532719463395253
4109    -23.192233253156058  -0.39309309347437732  42.364664459073886
4110    -23.406348905096053  -0.85538205277743351  42.365747186607365
4111    -23.723576517349908  -1.258863425262482  42.364156483546871
4112    -23.142760986246547  -0.38300314297100052  41.211656255925995
4113    -23.360887678398658  -0.83310096575247838  41.207725075898942
4114    -23.680167885201357  -1.2239042595771645  41.196750853826188
4115    -23.066301930826413  -0.37359749410454224  40.060226847344296
4116    -23.287322158278688  -0.81317747027652076  40.051183515079877
4117    -23.608053226216068  -1.1922036877011934  40.030772873015088
4118    -22.964705121917493  -0.36849825164620692  38.909262753152035
4119    -23.188740773988254  -0.79665936423746764  38.893538796817438
4120    -23.511046806498165  -1.1667580443867298  38.866492839895422
4121    -22.82817776089874  -0.5111433303467483  43.520330716309722
4122    -23.074306004988554  -1.0797293972970565  43.521319745021536
4123    -23.448295297088023  -1.5733880540142686  43.52288567149661
4124    -22.808229288448043  -0.50677705439840448  42.373923487393888
4125    -23.061827903148476  -1.059551377275963  42.36798270160979
4126    -23.440100057528536  -1.5409366468021761  42.362153714598577
4127    -22.760289462105931  -0.50278362264013743  41.230241663530563
4128    -23.020394134035236  -1.0445735518935506  41.218899723562082
4129    -23.402742331063276  -1.5117735313958216  41.202102777953876
4130    -22.685556270881428  -0.49946937674378106  40.087918307354542
4131    -22.95103845425421  -1.031933774070515  40.071049778445115
4132    -23.33685501543038  -1.4858416967705563  40.043217332447952
4133    -22.585227703783588  -0.49714065838116794  38.945586481500584
4134    -22.854794620410779  -1.0187698967275516  38.921411833825601
4135    -23.243071008368023  -1.4630841319017307  38.885981848966225
4136    -24.559800191061338  -0.93693718047189201  43.565977067104512
4137    -24.848052482912667  -1.0766396124800119  43.590454411061053
4138    -25.124385069232222  -1.1328011430871623  43.604172153928076
4139    -24.540640837028452  -0.88594952265937699  42.37548303575285
4140    -24.826629617012117  -1.0120441656039516  42.390703277498659
4141    -25.106906196186337  -1.0614035808659086  42.397014077116282
4142    -24.481583091890013  -0.82970742213192639  41.186364833155345
4143    -24.767790831909966  -0.94964898876072612  41.193826897581637
4144    -25.059543487904151  -0.99685055159927172  41.190631047651294
4145    -24.393424992095397  -0.77766393429459502  39.999026243712876
4146    -24.679774708972104  -0.89309672556695452  39.998410049840992
4147    -24.982961989304965  -0.93902582880634622  39.98553519906644
4148    -24.286964574093947  -0.73927211455243691  38.813871051826332
4149    -24.5708198295644  -0.84603001963925739  38.803037512807698
4150    -24.877826745308088  -0.88781318600622894  38.782238664895132
4151    -24.350597750189923  -1.2786939624626092  43.552302839728512
4152    -24.729935402133812  -1.4592883785745869  43.569431963719786
4153    -25.113320643614497  -1.5318830724045602  43.579449852699156
4154    -24.334656649635598  -1.2294978501470974  42.368088170881386
4155    -24.711307347945652  -1.3954373667881084  42.373968356337002
4156    -25.095881747629985  -1.4606358060815572  42.374830761900718
4157    -24.282776838936062  -1.1769252354699442  41.184667042287494
4158    -24.658662350293515  -1.3344564561249692  41.181668216338721
4159    -25.048623880894528  -1.3962160108189079  41.170933217897208
4160    -24.201942143083354  -1.1285267634438609  40.002817297310727
4161    -24.576927972000178  -1.2792992689093339  39.990719531411543
4162    -24.972204212870473  -1.3385081748172285  39.968268705901465
4163    -24.099136387069422  -1.0918530790815559  38.823316779315057
4164    -24.471031775888392  -1.2329194274653685  38.799310289241959
4165    -24.867279913020166  -1.2873967862771343  38.767348711126424
4166    -24.141395309318497  -1.6204507444533269  43.538628612352525
4167    -24.61181832135496  -1.8419371446691621  43.54840951637852
4168    -25.102256217996768  -1.9309650017219584  43.554727551470251
4169    -24.128672462242719  -1.5730461776348177  42.360693306009935
4170    -24.595985078879188  -1.7788305679722651  42.357233435175324
4171    -25.084857299073615  -1.8598680312972047  42.352647446685154
4172    -24.083970585982101  -1.5241430488079621  41.182969251419642
4173    -24.549533868677067  -1.7192639234892126  41.169509535095827
4174    -25.037704273884895  -1.7955814700385442  41.151235388143135
4175    -24.010459294071296  -1.4793895925931269  40.0066083509086
4176    -24.474081235028248  -1.6655018122517131  39.983029012982101
4177    -24.961446436435981  -1.7379905208281108  39.951002212736519
4178    -23.911308200044882  -1.4444340436106757  38.832762506803796
4179    -24.371243722212366  -1.6198088352914795  38.795583065676219
4180    -24.856733080732241  -1.6869803865480397  38.752458757357715
4181    -23.932192868447082  -1.9622075264440446  43.524954384976525
4182    -24.493701240576101  -2.2245859107637376  43.527387069037253
4183    -25.091191792379043  -2.3300469310393557  43.530005250241331
4184    -23.922688274849865  -1.9165945051225388  42.353298441138463
4185    -24.480662809812721  -2.1622237691564221  42.34049851401366
4186    -25.073832850517263  -2.2591002565128511  42.330464131469583
4187    -23.885164333028154  -1.8713608621459812  41.181271460551777
4188    -24.440405387060611  -2.1040713908534552  41.157350853852904
4189    -25.026784666875265  -2.1949469292581814  41.131537558389041
4190    -23.818976445059249  -1.8302524217423934  40.010399404506458
4191    -24.371234498056314  -2.0517043555940928  39.975338494552652
4192    -24.950688660001486  -2.137472866838992  39.933735719571537
4193    -23.72348001302036  -1.7970150081397946  38.842208234292528
4194    -24.271455668536355  -2.006698243117591  38.791855842110479
4195    -24.846186248444322  -2.0865639868189452  38.737568803589014
4196    -25.382286005815587  -1.1027236548982648  43.595800499556582
4197    -25.624990315877941  -1.0080267208480489  43.579217395052169
4198    -25.819942668729894  -0.8634022815076059  43.570587530162797
4199    -25.370001777061333  -1.0363979129727776  42.38307218942591
4200    -25.613200511525861  -0.95155146213586173  42.360716643282402
4201    -25.808042242890242  -0.8134981317299087  42.347912180173431
4202    -25.335203727411912  -0.97266338397683028  41.169032728857474
4203    -25.581600729201948  -0.8902860595034674  41.142517106618683
4204    -25.777335534484855  -0.75634966437339646  41.125126609624694
4205    -25.271118007218419  -0.91483391546588444  39.956126670437357
4206    -25.520585355912289  -0.83339683194846981  39.925165383029828
4207    -25.717144354886656  -0.70275412610557064  39.903035073418927
4208    -25.170970766831939  -0.86622335499540226  38.746798566751586
4209    -25.420548778662933  -0.79005009846847363  38.709208070484586
4210    -25.616790515468541  -0.66350876359393374  38.682441826458465
4211    -25.481350864704854  -1.49102183191238  43.574737481381128
4212    -25.823234105558054  -1.3566518975469977  43.564488741385702
4213    -26.10655961304996  -1.142196626114981  43.559432233502811
4214    -25.466278235391172  -1.4251183439491399  42.361988647001304
4215    -25.808018943804171  -1.301590312850321  42.342412835511062
4216    -26.091416167205818  -1.0950990000274765  42.330620627134472
4217    -25.425354854199096  -1.3622380924880988  41.147611130409345
4218    -25.768878146283338  -1.2435882497659598  41.121268764884526
4219    -26.053561843553936  -1.0444008772934239  41.102063478712395
4220    -25.355153127786878  -1.3052571494688028  39.934395090221592
4221    -25.700242564812381  -1.1899762864590702  39.901153281684024
4222    -25.986096192020415  -0.99728020351761737  39.874463362112692
4223    -25.252245462812773  -1.257051586830797  38.725130685054253
4224    -25.596543051208126  -1.1480850010948076  38.682163138087375
4225    -25.882118762531299  -0.96091492430485415  38.648522851211403
4226    -25.580415723594115  -1.8793200089264959  43.553674463205667
4227    -26.021477895238164  -1.7052770742459462  43.549760087719235
4228    -26.393176557370023  -1.4209909707223563  43.548276936842825
4229    -25.562554693721001  -1.8138387749255027  42.340905104576663
4230    -26.002837376082486  -1.6516291635647806  42.324109027739723
4231    -26.37479009152138  -1.3766998683250447  42.313329074095492
4232    -25.515505980986269  -1.7518128009993681  41.126189531961231
4233    -25.956155563364714  -1.5968904400284529  41.100020423150404
4234    -26.32978815262301  -1.3324520902134513  41.079000347800125
4235    -25.439188248355329  -1.6956803834717211  39.912663510005828
4236    -25.879899773712474  -1.5465557409696702  39.877141180338207
4237    -26.255048029154178  -1.2918062809296642  39.845891650806479
4238    -25.333520158793597  -1.6478798186661923  38.703462803356928
4239    -25.772537323753308  -1.5061199037211406  38.65511820569013
4240    -26.147447009594057  -1.2583210850157744  38.614603875964335
4241    -25.679480582483382  -2.2676181859406115  43.532611445030206
4242    -26.219721684918277  -2.053902250944895  43.535031434052783
4243    -26.679793501690089  -1.6997853153297311  43.537121640182839
4244    -25.658831152050844  -2.2025592059018657  42.319821562152072
4245    -26.197655808360793  -2.0016680142792391  42.305805219968398
4246    -26.658164015836956  -1.6583007366226128  42.296037521056526
4247    -25.605657107773453  -2.1413875095106372  41.104767933513095
4248    -26.143432980446104  -1.9501926302909451  41.078772081416254
4249    -26.606014461692105  -1.6205033031334788  41.055937216887827
4250    -25.523223368923791  -2.0861036174746395  39.890931929790042
4251    -26.059556982612563  -1.9031351954802707  39.853129078992424
4252    -26.523999866287927  -1.5863323583417115  39.817319939500237
4253    -25.414794854774438  -2.038708050501588  38.681794921659588
4254    -25.948531596298501  -1.8641548063474749  38.628073273292934
4255    -26.412775256656815  -1.5557272457266953  38.580684900717273
4256    -25.958058944987432  -0.66325893800724167  43.557707336102531
4257    -26.045065878602767  -0.4085074770641372  43.533019227926623
4258    -26.070624418890819  -0.12359311762969788  43.519656871144583
4259    -25.95053638155748  -0.62078909861263876  42.332625450754506
4260    -26.044836823395549  -0.38137946697102926  42.306366826884521
4261    -26.07470013991226  -0.11600903117371471  42.292416631856014
4262    -25.920896890565125  -0.5681651158245028  41.105971186528805
4263    -26.01533833070064  -0.34053565470795322  41.078905127197189
4264    -26.04610807503208  -0.1063308526378824  41.065087372138514
4265    -25.861128836288771  -0.51822492054519897  39.879958613137404
4266    -25.954515103695229  -0.30076150987683603  39.851987908970855
4267    -25.985547183750207  -0.096853199954154034  39.838250250373342
4268    -25.763220583006788  -0.48380644367709208  38.656801800292264
4269    -25.860311845556481  -0.27684250207960448  38.626968952311842
4270    -25.893716425566527  -0.089870691054482754  38.612486424941793
4271    -26.311586988830342  -0.8517797656909607  43.551370531358884
4272    -26.435304175613741  -0.49906748760513142  43.535232885724653
4273    -26.470392931873185  -0.11179678354741283  43.526437913106285
4274    -26.301725125235013  -0.8133923869149069  42.318346667895561
4275    -26.434282095817444  -0.47581320306508235  42.298745642607919
4276    -26.474520960720184  -0.10480085789763814  42.288464909159998
4277    -26.266845531412415  -0.76997039086303876  41.083338872439413
4278    -26.402795488561981  -0.44360923915541228  41.061348717838982
4279    -26.445719841361839  -0.096478866143565545  41.050615629140907
4280    -26.201675116857505  -0.72925103187038387  39.84922479242649
4281    -26.33975614528007  -0.41248326163532101  39.824727920952022
4282    -26.384686493126395  -0.088360048880037706  39.813479160624645
4283    -26.10094079106517  -0.69897156427196938  38.618882075292852
4284    -26.244075857404443  -0.39246293626400786  38.590569061481283
4285    -26.292117835342012  -0.081973646701897135  38.577644591186953
4286    -26.665115032673246  -1.0403005933746798  43.54503372661523
4287    -26.825542472624722  -0.58962749814612569  43.537446543522684
4288    -26.870161444855544  -0.10000044946512773  43.533218955067987
4289    -26.652913868912524  -1.005995675217175  42.304067885036609
4290    -26.82372736823935  -0.5702469391591356  42.291124458331311
4291    -26.874341781528091  -0.093592684621561617  42.28451318646399
4292    -26.612794172259697  -0.97177566590157471  41.060706558350006
4293    -26.790252646423319  -0.54668282360287135  41.043792308480789
4294    -26.845331607691591  -0.086626879649248784  41.0361438861433
4295    -26.542221397426221  -0.94027714319556865  39.818490971715569
4296    -26.724997186864918  -0.52420501339380587  39.797467932933216
4297    -26.783825802502559  -0.079866897805921294  39.788708070875991
4298    -26.438660999123545  -0.91413668486684685  38.58096235029344
4299    -26.627839869252412  -0.50808337044841134  38.554169170650709
4300    -26.690519245117493  -0.074076602349311502  38.542802757432128
4301    -27.01864307651616  -1.2288214210583985  43.538696921871583
4302    -27.215780769635696  -0.68018750868711975  43.539660201320721
4303    -27.26992995783791  -0.088204115382842785  43.539999997029689
4304    -27.004102612590064  -1.198598963519443  42.289789102177657
4305    -27.213172640661242  -0.66468067525318819  42.283503274054695
4306    -27.27416260233602  -0.082384511345485023  42.280561463767974
4307    -26.958742813106998  -1.1735809409401108  41.038074244260613
4308    -27.177709804284664  -0.64975640805033053  41.026235899122604
4309    -27.244943374021354  -0.076774893154931939  41.0216721431457
4310    -26.882767677994959  -1.1513032545207531  39.787757151004641
4311    -27.110238228449759  -0.63592676515229074  39.770207944914389
4312    -27.182965111878747  -0.071373746731805049  39.76393698112728
4313    -26.77638120718192  -1.1293018054617237  38.543042625294021
4314    -27.01160388110037  -0.62370380463281438  38.517769279820151
4315    -27.088920654892977  -0.066179557996725813  38.507960923677295
4316    -26.017559181807059  0.17897216638753771  43.529545816881161
4317    -25.8861790137477  0.47800409046540732  43.547721352733511
4318    -25.692371209688844  0.73604896973207046  43.556981748919839
4319    -26.0200675694607  0.1661945764609678  42.30280084756567
4320    -25.885138357985763  0.44782654905677949  42.322577113480641
4321    -25.69005608838307  0.6957313304082321  42.334573239249274
4322    -25.993210364262538  0.14371835040132094  41.075019206130982
4323    -25.860098815871243  0.41054709899371733  41.095453409104699
4324    -25.667395715163241  0.64878494837784406  41.111926164296428
4325    -25.93489877323907  0.12192074401033164  39.847744266790777
4326    -25.804560277573213  0.37557896742358426  39.868863454515811
4327    -25.61475078633628  0.60502903036114675  39.889827403272811
4328    -25.843044003416729  0.11117901308973446  38.622519403758751
4329    -25.712022633260791  0.35233538149374355  38.645320464624092
4330    -25.522481998209123  0.57428278307838043  38.669063835389835
4331    -26.402177685324048  0.29008845845196624  43.532919773349043
4332    -26.23244370997265  0.67893079600196393  43.544706653199789
4333    -25.978564033728464  1.015422905871443  43.550358209516993
4334    -26.404106674681781  0.280097842505037  42.296306342473095
4335    -26.229504456355119  0.65204796005287957  42.311559805236307
4336    -25.973348583378769  0.97767788731474137  42.321604636989747
4337    -26.375712746316104  0.26376526057429628  41.05857355198647
4338    -26.200141252343506  0.62216758436927633  41.076115007744313
4339    -25.944222824425392  0.93661652772231552  41.092950474235224
4340    -26.315633786583792  0.2481148725122464  39.821576112072016
4341    -26.140109240913251  0.59461365807865896  39.841447419096099
4342    -25.884975455563854  0.89876698588211079  39.865096059393807
4343    -26.222507681841606  0.24017083817138987  38.587168732912602
4344    -26.045163565039864  0.57471017030853111  38.610632197663918
4345    -25.789395175489716  0.87065742058207285  38.638741730605815
4346    -26.786796188841041  0.40120475051639476  43.536293729816954
4347    -26.578708406197602  0.87985750153852038  43.54169195366606
4348    -26.264756857768081  1.2947968420108154  43.543734670114162
4349    -26.788145779902873  0.39400110854910636  42.289811837380569
4350    -26.573870554724479  0.85626937104897949  42.300542496991966
4351    -26.256641078374479  1.2596244442212505  42.30863603473027
4352    -26.75821512836967  0.38381217074727164  41.042127897841986
4353    -26.540183688815766  0.83378806974483533  41.056776606383927
4354    -26.221049933687546  1.224448107066787  41.073974784174041
4355    -26.696368799928525  0.37430900101416131  39.795407957353262
4356    -26.475658204253296  0.81364834873373304  39.814031383676394
4357    -26.155200124791428  1.1925049414030751  39.840364715514809
4358    -26.601971360266486  0.36916266325304531  38.551818062066481
4359    -26.378304496818956  0.79708495912331834  38.575943930703765
4360    -26.056308352770309  1.1670320580857652  38.608419625821831
4361    -27.171414692358031  0.51232104258082334  43.539667686284837
4362    -26.924973102422552  1.0807842070750768  43.538677254132338
4363    -26.550949681807701  1.5741707781501879  43.537111130711324
4364    -27.172184885123944  0.5079043745931755  42.283317332287993
4365    -26.918236653093846  1.0604907820450791  42.289525188747639
4366    -26.539933573370185  1.5415710011277604  42.295667432470772
4367    -27.140717510423226  0.50385908092024723  41.025682243697474
4368    -26.880226125288026  1.0454085551203942  41.037438205023541
4369    -26.497877042949689  1.512279686411258  41.054999094112844
4370    -27.077103813273251  0.50050312951607601  39.769239802634495
4371    -26.811207167593338  1.0326830393888078  39.786615348256674
4372    -26.425424794018994  1.4862428969240393  39.815633371635805
4373    -26.981435038691369  0.49815448833470077  38.516467391220338
4374    -26.711445428598026  1.019459747938106  38.541255663743584
4375    -26.323221530050898  1.4634066955894585  38.578097521037819
4376    -25.439629141385392  0.9373255111397899  43.568922214935185
4377    -25.151910168279894  1.0767137579247426  43.591858905273781
4378    -25.440522056174395  0.88673873634509537  42.351218481800203
4379    -25.155724683310233  1.0123781441198407  42.38035379460495
4380    -25.422026915549949  0.83027183924236314  41.133854630433397
4381    -25.138285376278109  0.94993959812693929  41.167216240906662
4382    -25.373539568880098  0.77789784397979456  39.917118471726752
4383    -25.090839655243755  0.89326990993765221  39.95485379751171
4384    -25.284455865532848  0.73958977470559195  38.701297816572215
4385    -25.004634928267414  0.8462408695435929  38.745674017752926
4386    -25.648937487054191  1.2790745536753114  43.557629663692282
4387    -25.270226250680754  1.4593413383012552  43.572111070847164
4388    -25.646325299158296  1.2301182643939019  42.335942881839436
4389    -25.270778107449757  1.3956791903536985  42.360071990780305
4390    -25.620068318594569  1.1773659771508524  41.115088906264774
4391    -25.246173569846992  1.3346683402263448  41.146056133427741
4392    -25.563730056458329  1.1287194163099834  39.895044696452864
4393    -25.191562646152185  1.2794233325653814  39.932868646415884
4394    -25.4708740238449  1.0920803062351145  38.675787211888291
4395    -25.102095344645086  1.2330587120169945  38.723314677371185
4396    -25.858245832722993  1.6208235962108324  43.546337112449386
4397    -25.38854233308161  1.8419689186777681  43.552363236420533
4398    -25.8521285421422  1.5734977924427083  42.320667281878684
4399    -25.385831531589272  1.7789802365875562  42.339790186955646
4400    -25.818109721639182  1.5244601150593413  41.096323182096157
4401    -25.35406176341586  1.7193970823257509  41.124896025948814
4402    -25.753920544036578  1.4795409886401716  39.872970921178982
4403    -25.292285637060619  1.6655767551931115  39.910883495320036
4404    -25.657292182156962  1.4445708377646369  38.650276607204383
4405    -25.199555761022776  1.6198765544903966  38.700955336989423
4406    -26.067554178391791  1.9625726387463538  43.535044561206476
4407    -25.506858415482469  2.224596499054281  43.532615401993915
4408    -26.057931785126097  1.9168773204915144  42.305391681917925
4409    -25.500884955728786  2.162281282821414  42.319508383131023
4410    -26.016151124683798  1.8715542529678308  41.077557457927519
4411    -25.461949956984743  2.1041258244251568  41.10373591846988
4412    -25.94411103161481  1.8303625609703604  39.850897145905094
4413    -25.393008627969049  2.0517301778208412  39.888898344224195
4414    -25.843710340469006  1.7970613692941597  38.62476600252046
4415    -25.297016177400444  2.0066943969637987  38.678595996607676
4416    -24.580980421268453  0.84332764277487526  37.583185794225066
4417    -24.284296727143353  0.8249513085634107  37.615611709275939
4418    -24.033052281594223  0.7550204159759224  37.641495355122082
4419    -23.836320783705325  0.63273909376674786  37.662440881627781
4420    -24.435890051261854  0.804937695988166  36.384398754679616
4421    -24.132665431755122  0.78702046404738824  36.428296731656097
4422    -23.879861332735835  0.71877059651324771  36.462738147256601
4423    -23.682670756885027  0.59865880098827828  36.490395062404602
4424    -24.263396238749149  0.77281326215986323  35.189333560126578
4425    -23.953754658607025  0.75461784832205192  35.244788712579435
4426    -23.699621126360579  0.68667976381549334  35.287945965957199
4427    -23.502095437294098  0.56800021080700902  35.322399383298269
4428    -24.062332074329539  0.74689307283733763  33.999163258947043
4429    -23.75085217573066  0.72945712365780657  34.063386990920911
4430    -23.498117250484658  0.66330602194873667  34.117034436347339
4431    -23.301517719061287  0.54616339924104151  34.158092490807888
4432    -24.588430124264107  1.242989487419534  37.568592511270936
4433    -24.202235077171999  1.2160957366705945  37.612610177329884
4434    -23.857533112648355  1.1140313484164261  37.652043587175008
4435    -23.571805204618542  0.93191708140380147  37.684711418305973
4436    -24.442444184273139  1.2046843587582847  36.371904991210798
4437    -24.053724656806295  1.1785589666093914  36.428710597013328
4438    -23.708689590711842  1.0794208197906738  36.477676909010697
4439    -23.422815089889866  0.90131631833711412  36.519018202678268
4440    -24.269085792273899  1.1726334142243726  35.178863571071417
4441    -23.8779924430149  1.1465359316918611  35.248508749714361
4442    -23.532904069860145  1.0489489067675042  35.307103853901012
4443    -23.247033634828576  0.87411372188934466  35.357170243202013
4444    -24.06779414624107  1.1467614939663058  33.990479276320428
4445    -23.676827220503803  1.1215699157015147  34.070154667584944
4446    -23.333953278946275  1.02634677975796  34.140915432770072
4447    -23.049290125428506  0.85389086594707508  34.199141817780351
4448    -24.595879827259761  1.6426513320641933  37.553999228316812
4449    -24.120173427200651  1.6072401647777788  37.609608645383837
4450    -23.682013943702479  1.4730422808569312  37.662591819227913
4451    -23.307289625531777  1.2310950690408555  37.70698195498418
4452    -24.448998317284417  1.6044310215284034  36.359411227741987
4453    -23.974783881857466  1.5700974691713951  36.429124462370574
4454    -23.537517848687852  1.4400710430681003  36.492615670764778
4455    -23.162959422894698  1.20397383568595  36.547641342951948
4456    -24.274775345798652  1.5724535662888821  35.16839358201625
4457    -23.80223022742279  1.5384540150616712  35.252228786849294
4458    -23.366187013359717  1.4112180497195153  35.326261741844803
4459    -22.99197183236307  1.1802272329716801  35.391941103105779
4460    -24.073256218152608  1.546629915095274  33.981795293693814
4461    -23.602802265276956  1.5136827077452233  34.076922344248963
4462    -23.169789307407889  1.3893875375671838  34.164796429192798
4463    -22.797062531795731  1.1616183326531087  34.240191144752828
4464    -24.603329530255419  2.0423131767088525  37.539405945362681
4465    -24.038111777229293  1.9983845928849631  37.606607113437775
4466    -23.506494774756614  1.8320532132974348  37.673140051280811
4467    -23.042774046444986  1.530273056677909  37.729252491662379
4468    -24.455552450295702  2.0041776842985222  36.346917464273176
4469    -23.895843106908639  1.9616359717333982  36.429538327727812
4470    -23.366346106663851  1.8007212663455265  36.507554432518873
4471    -22.903103755899544  1.5066313530347848  36.576264483225621
4472    -24.280464899323402  1.9722737183533916  35.157923592961083
4473    -23.726468011830661  1.9303720984314805  35.25594882398422
4474    -23.199469956859282  1.7734871926715257  35.345419629788609
4475    -22.736910029897551  1.4863407440540159  35.426711963009517
4476    -24.078718290064138  1.9464983362242421  33.9731113110672
4477    -23.528777310050089  1.9057954997889313  34.083690020912996
4478    -23.005625335869507  1.752428295376407  34.188677425615531
4479    -22.54483493816295  1.4693457993591417  34.281240471725297
4480    -23.685448203704443  0.45778500094801761  37.67315676974777
4481    -23.580170120478599  0.26002727615541021  37.673181703455555
4482    -23.542144646100915  0.083957267578584932  37.671365137143596
4483    -23.531168674484114  0.42568382387272974  36.507249973003169
4484    -23.425844030627847  0.23426323849460892  36.512244300736221
4485    -23.38751079021722  0.075995992848081714  36.512488495198305
4486    -23.350645870223257  0.39617210374300738  35.345328919176048
4487    -23.246541270092454  0.20954305871205192  35.355173046135569
4488    -23.208582281378966  0.068246330344188172  35.357413604172329
4489    -23.149354176538377  0.37630040629264655  34.18568000026378
4490    -23.044433856203533  0.19453069473353654  34.201251173345909
4491    -23.005907135841166  0.062391647402696648  34.206295949640527
4492    -23.348709717962656  0.67542811294077831  37.706462429407367
4493    -23.197750699346152  0.37808806860343758  37.717022110225678
4494    -23.145177645372542  0.076790379540589843  37.72002423485371
4495    -23.198436147097066  0.64860248914111351  36.54868264431294
4496    -23.045662844274432  0.35750986871499107  36.564492846387942
4497    -22.991633919098426  0.069895121523607814  36.569474753643078
4498    -23.022060879727061  0.6243483768867234  35.394703099260198
4499    -22.868754059807756  0.33796796380648186  35.415680221245211
4500    -22.813958907257522  0.063209503412919518  35.422596895017627
4501    -22.823364223958293  0.60690269157037824  34.242400601179945
4502    -22.668546037428122  0.32533281334784275  34.269718020166735
4503    -22.61271936802488  0.057855070218587511  34.279663508595924
4504    -23.011971232220866  0.89307122493353941  37.739768089066935
4505    -22.815331278213709  0.496148861051465  37.760862516995758
4506    -22.748210644644157  0.069623491502594809  37.768683332563796
4507    -22.865703619710015  0.87152115440949718  36.590115315622711
4508    -22.665481657921031  0.48075649893537342  36.616741392039685
4509    -22.595757047979642  0.063794250199133873  36.626461012087837
4510    -22.69347588923085  0.85252465003043953  35.444077279344341
4511    -22.490966849523058  0.46639286890091186  35.476187396354824
4512    -22.419335533136053  0.05817267648165092  35.487780185862903
4513    -22.497374271378227  0.83750497684810965  34.299121202096089
4514    -22.292658218652736  0.4561349319621491  34.338184866987568
4515    -22.219531600208605  0.053318493034478345  34.353031067551299
4516    -22.675232746479086  1.1107143369263008  37.773073748726532
4517    -22.432911857081258  0.6142096534994923  37.804702923765888
4518    -22.35124364391578  0.062456603464599796  37.817342430273918
4519    -22.53297109232297  1.0944398196778806  36.631547986932503
4520    -22.28530047156762  0.60400312915575538  36.668989937691428
4521    -22.199880176860848  0.057693378874659987  36.683447270532632
4522    -22.36489089873465  1.0807009231741558  35.493451459428485
4523    -22.113179639238357  0.59481777399534208  35.536694571464459
4524    -22.024712159014609  0.053135849550382364  35.5529634767082
4525    -22.171384318798147  1.0681072621258418  34.355841803012247
4526    -21.916770399877326  0.58693705057645518  34.406651713808387
4527    -21.826343832392318  0.048781915850369215  34.426398626506696
4528    -23.594521404922702  -0.10518619573625584  37.671479308914797
4529    -23.728727527036728  -0.3348908879946858  37.667230426043481
4530    -23.918837383128395  -0.54975536588470841  37.652368896679292
4531    -23.438721342178425  -0.094279985569233157  36.511008832446834
4532    -23.570807776041995  -0.31474060517322816  36.502538390206695
4533    -23.757753607615726  -0.52330767184000027  36.48174782057346
4534    -23.258100651892807  -0.084013088660742918  35.354436961660518
4535    -23.387090587558966  -0.29680992579699583  35.341924833181523
4536    -23.570346420027935  -0.49993050672565975  35.315302078041562
4537    -23.05450021600614  -0.079903785996311066  34.200996791165188
4538    -23.181792720987534  -0.2859213248700575  34.183597972858671
4539    -23.363215164172427  -0.48479159004474248  34.152682153688659
4540    -23.216250942389724  -0.23533352330062846  37.716185593322365
4541    -23.39664591678558  -0.55890337269948787  37.702847417531018
4542    -23.653234475223599  -0.84765248309678887  37.678580144375324
4543    -23.06218067624166  -0.22773085971031592  36.564123842155809
4544    -23.24202239239705  -0.5428282796738394  36.546095514248812
4545    -23.496629763271812  -0.82449712001677433  36.514155604029511
4546    -22.88344326408119  -0.22076380213477462  35.415811123324943
4547    -23.061736552597115  -0.52895853508779767  35.393236404267441
4548    -23.313826875463  -0.80439235129743181  35.353701266735051
4549    -22.681510228382297  -0.2181482985684709  34.270304788850702
4550    -22.858708595582726  -0.51992912135872105  34.242096441891597
4551    -23.10944421848717  -0.79076466060450545  34.197188189439551
4552    -22.837980479856743  -0.36548085086500109  37.760891877729918
4553    -23.064564306534436  -0.78291585740429037  37.738464409018547
4554    -23.387631567318817  -1.1455496003088692  37.704791392071343
4555    -22.68564001030488  -0.36118173385139862  36.617238851864776
4556    -22.913237008752102  -0.77091595417445125  36.589652638290943
4557    -23.235505918927892  -1.1256865681935486  36.546563387485584
4558    -22.50878587626957  -0.35751451560880632  35.477185284989361
4559    -22.736382517635274  -0.76110714437859972  35.444547975353352
4560    -23.05730733089807  -1.1088541958692035  35.392100455428519
4561    -22.308520240758451  -0.35639281114063071  34.339612786536243
4562    -22.535624470177929  -0.75393691784738437  34.300594910924538
4563    -22.855673272801926  -1.0967377311642681  34.241694225190457
4564    -22.459710017323761  -0.49562817842937362  37.805598162137485
4565    -22.732482696283284  -1.0069283421090922  37.774081400506091
4566    -23.122028659414024  -1.4434467175209498  37.731002639767375
4567    -22.309099344368104  -0.49463260799248127  36.670353861573766
4568    -22.584451625107153  -0.99900362867506254  36.633209762333074
4569    -22.974382074583982  -1.4268760163703227  36.578971170941649
4570    -22.134128488457947  -0.49426522908283788  35.538559446653778
4571    -22.411028482673423  -0.99325575366940178  35.495859546439263
4572    -22.800787786333132  -1.413316040440975  35.430499644122008
4573    -21.935530253134594  -0.49463732371279057  34.40892078422177
4574    -22.212540344773124  -0.98794471433604758  34.359093379957464
4575    -22.601902327116665  -1.4027108017240306  34.286200260941357
4576    -24.155616832296573  -0.7082558024228166  37.632078367151848
4577    -24.436213945965129  -0.80595700021869532  37.610838608958218
4578    -24.744276413306942  -0.84309046035013491  37.581344217999188
4579    -23.990516138194923  -0.67567915905370912  36.454496676574216
4580    -24.269505384517288  -0.76930785600811313  36.424593141398248
4581    -24.582883935553951  -0.80474779214370484  36.383630812384546
4582    -23.799039593859352  -0.64700572229608422  35.281033830337151
4583    -24.076323587683483  -0.73810831981679736  35.242361609602661
4584    -24.394965784256232  -0.77268740963765614  35.189874853300921
4585    -23.588564301360236  -0.62769903000091087  34.111597678684447
4586    -23.862297997926397  -0.71438412445403721  34.062204513046282
4587    -24.181838431620971  -0.74681154108270897  34.000852745998017
4588    -23.970377417934454  -1.0618732967864386  37.646773508332522
4589    -24.338630775461027  -1.1932857617097006  37.61070705452839
4590    -24.734159299935154  -1.2427644507784092  37.568785935831315
4591    -23.810353825669875  -1.031424965507733  36.473633605759687
4592    -24.176383367527027  -1.1574732064026549  36.428023861560817
4593    -24.573445711248006  -1.2045025325823382  36.37333947733002
4594    -23.624055549694461  -1.0048613820768735  35.304432067007127
4595    -23.987719189867956  -1.1270945411339219  35.24921990241311
4596    -24.386238844981989  -1.1725086579117545  35.181740413417572
4597    -23.416472529426986  -0.98653584332529354  34.139703887485496
4598    -23.776067880265419  -1.1037625454931959  34.07225436915909
4599    -24.173638399160414  -1.1466804529894967  33.994719821888964
4600    -23.785138003572339  -1.4154907911500603  37.661468649513182
4601    -24.241047604956918  -1.5806145232007065  37.610575500098541
4602    -24.724042186563381  -1.6424384412066826  37.55622765366342
4603    -23.630191513144837  -1.3871707719617568  36.492770534945144
4604    -24.083261350536763  -1.5456385567971977  36.431454581723365
4605    -24.564007486942064  -1.6042572730209714  36.363048142275488
4606    -23.449071505529574  -1.3627170418576626  35.327830303677125
4607    -23.899114792052412  -1.5160807624510466  35.256078195223537
4608    -24.377511905707724  -1.5723299061858529  35.173605973534222
4609    -23.244380757493754  -1.345372656649676  34.167810096286573
4610    -23.689837762604441  -1.4931409665323541  34.082304225271898
4611    -24.165438366699853  -1.5465493648962838  33.988586897779925
4612    -23.599898589210209  -1.7691082855136824  37.676163790693835
4613    -24.14346443445282  -1.9679432846917122  37.610443945668727
4614    -24.713925073191607  -2.0421124316349566  37.54366937149554
4615    -23.450029200619788  -1.7429165784157805  36.511907464130616
4616    -23.990139333546505  -1.9338039071917397  36.434885301885934
4617    -24.554569262636118  -2.0040120134596053  36.352756807220963
4618    -23.274087461364676  -1.7205727016384522  35.35122854034708
4619    -23.810510394236886  -1.9050669837681713  35.262936488033986
4620    -24.368784966433481  -1.972151154459951  35.165471533650873
4621    -23.072288985560512  -1.7042094699740598  34.195916305087621
4622    -23.603607644943462  -1.8825193875715129  34.092354081384705
4623    -24.157238334239295  -1.9464182768030716  33.982453973670872
4624    -25.039701235955214  -0.82456732905477936  37.539092748583016
4625    -25.288718142992892  -0.75446775964122159  37.494617564934295
4626    -25.484473914767538  -0.63177676379367675  37.463166977828422
4627    -24.884780057926861  -0.78660811398288766  36.331740449628718
4628    -25.135261960742856  -0.71805312463111748  36.282047468737403
4629    -25.331402146700491  -0.59746958840346909  36.245637450316025
4630    -24.703230503551964  -0.75416953210940407  35.128216576846064
4631    -24.954986668371454  -0.68574462531575642  35.073066189473323
4632    -25.15140856571028  -0.56650689620603123  35.031567719377122
4633    -24.492075843635554  -0.72907540576400554  33.931996037192448
4634    -24.742698702337332  -0.66248069357273354  33.869242134721524
4635    -24.938326526239724  -0.54480834598408268  33.822672260467414
4636    -25.119483836620947  -1.2156059611095944  37.51778011149139
4637    -25.462473748061939  -1.1132371737725151  37.464925800869743
4638    -25.747316562309184  -0.93072808760734582  37.424327547001347
4639    -24.961240968163146  -1.1780623256527998  36.310753967160466
4640    -25.304475752853005  -1.078522662789555  36.250548078594207
4641    -25.589387142597715  -0.89997527722765036  36.202395767701667
4642    -24.776370376509082  -1.1460329976181027  35.107515012242899
4643    -25.119600349729797  -1.0479226636081114  35.039845736120427
4644    -25.40444586935461  -0.87258324254608133  34.984079163028319
4645    -24.563725580728441  -1.1211302941631924  33.911526006920141
4646    -24.904898822840828  -1.0254183716903673  33.833634538308111
4647    -25.188608108537547  -0.85247873294295162  33.770729382697091
4648    -25.199266437286695  -1.6066445931644091  37.496467474399751
4649    -25.636229353130982  -1.4720065879038082  37.435234036805198
4650    -26.010159209850812  -1.229679411421015  37.385488116174251
4651    -25.037701878399435  -1.5695165373227118  36.289767484692213
4652    -25.473689544963154  -1.4389922009479923  36.219048688451004
4653    -25.847372138494929  -1.2024809660518314  36.159154085087309
4654    -24.849510249466206  -1.5378964631268015  35.086813447639734
4655    -25.284214031088148  -1.4101007019004654  35.006625282767544
4656    -25.657483172998933  -1.1786595888861315  34.936590606679523
4657    -24.635375317821346  -1.5131851825623788  33.891055976647849
4658    -25.067098943344334  -1.3883560498080012  33.798026941894747
4659    -25.43888969083536  -1.1601491199018203  33.71878650492679
4660    -25.279049037952433  -1.9976832252192247  37.475154837308153
4661    -25.80998495820003  -1.8307760020351023  37.405542272740632
4662    -26.273001857392455  -1.528630735234684  37.346648685347169
4663    -25.114162788635724  -1.9609707489926245  36.268781002223974
4664    -25.642903337073307  -1.79946173910643  36.187549298307808
4665    -26.105357134392147  -1.5049866548760129  36.115912402472944
4666    -24.922650122423335  -1.9297599286355005  35.066111883036591
4667    -25.448827712446501  -1.7722787401928204  34.973404829414633
4668    -25.910520476643271  -1.4847359352261811  34.88910205033072
4669    -24.707025054914237  -1.9052400709615656  33.870585946375556
4670    -25.229299063847822  -1.7512937279256342  33.76241934548132
4671    -25.68917127313318  -1.467819506860689  33.666843627156467
4672    -25.633610928591196  -0.45646532455413469  37.435053396281035
4673    -25.735243497890067  -0.25885680306657521  37.403586157201033
4674    -25.771226307182822  -0.0834647781681956  37.388508963203584
4675    -25.481030774260311  -0.42418028886705433  36.213777997042001
4676    -25.582507406236868  -0.23296921001703397  36.181864719179309
4677    -25.618698651859717  -0.075414916810553956  36.167175208713395
4678    -25.300906639312107  -0.39442389705337849  34.995957593763038
4679    -25.401071879677204  -0.20809513067636218  34.963589361692812
4680    -25.436849393935983  -0.067562729842416847  34.949282734145036
4681    -25.088665043044521  -0.37466870955063458  33.784574177632017
4682    -25.18990522729133  -0.19314997278994148  33.750544808187698
4683    -25.226394467750307  -0.061749840124642519  33.73562911217234
4684    -25.969113367751913  -0.67399656768729999  37.390363703813208
4685    -26.117541602859603  -0.37681614448187511  37.358357920097987
4686    -26.168653320803575  -0.076040314925671135  37.343832681188765
4687    -25.812356349761412  -0.6470446167502778  36.162070583251563
4688    -25.962452785128054  -0.35615089347151446  36.127789603962967
4689    -26.014945823607516  -0.069079487122732874  36.112892080831891
4690    -25.627935680279514  -0.62263395831752744  34.937402244777864
4691    -25.778489833979812  -0.33650503760540967  34.900863912344725
4692    -25.831712395035002  -0.06231857127019598  34.885603712453467
4693    -25.413117302492012  -0.60528283924567283  33.719758219562074
4694    -25.565333179184851  -0.32391643125604508  33.679580644511731
4695    -25.619670086367091  -0.056984975345173841  33.662748498390528
4696    -26.304615806912622  -0.89152781082046495  37.345674011345395
4697    -26.499839707829157  -0.49477548589717502  37.313129682994912
4698    -26.566080334424335  -0.068615851683146684  37.299156399173931
4699    -26.14368192526252  -0.86990894463350144  36.110363169461131
4700    -26.342398164019247  -0.47933257692599507  36.073714488746624
4701    -26.411192995355325  -0.062744057434911696  36.058608952950422
4702    -25.95496472124692  -0.8508440195816761  34.87884689579267
4703    -26.155907788282434  -0.46491494453445736  34.838138462996611
4704    -26.226575396134002  -0.05707441269797512  34.821924690761868
4705    -25.737569561939512  -0.83589696894071086  33.654942261492103
4706    -25.940761131078389  -0.45468288972214871  33.608616480835721
4707    -26.012945704983863  -0.052220110565705087  33.589867884608694
4708    -26.640118246073346  -1.1090590539536298  37.300984318877582
4709    -26.882137812798689  -0.61273482731247508  37.267901445891859
4710    -26.963507348045091  -0.061191388440622177  37.254480117159112
4711    -26.475007500763621  -1.0927732725167247  36.058655755670692
4712    -26.72234354291043  -0.60251426038047562  36.019639373530275
4713    -26.807440167103117  -0.056408627747090684  36.004325825068904
4714    -26.281993762214334  -1.0790540808458244  34.820291546807503
4715    -26.533325742585042  -0.59332485146350478  34.77541301364851
4716    -26.621438397233025  -0.051830254125754253  34.758245669070291
4717    -26.062021821387006  -1.0665110986357491  33.590126303422174
4718    -26.316189082971903  -0.58544934818825189  33.537652317159747
4719    -26.406221323600644  -0.047455245786236472  33.516987270826888
4720    -25.719850826376184  0.10515993375885958  37.399032328855334
4721    -25.587503826118418  0.33496747103093139  37.423318718196747
4722    -25.398182942040528  0.5501956868585498  37.449539758053795
4723    -25.568476509299874  0.094276329737712078  36.177156067536707
4724    -25.438227533502594  0.31471925673189249  36.201699086347666
4725    -25.252090168858619  0.52356678139303936  36.231749640340638
4726    -25.388261002616929  0.084024528229038914  34.95871196447024
4727    -25.261002246840423  0.2966433020490033  34.983494672507014
4728    -25.078528814624363  0.49993961244565793  35.017365618966174
4729    -25.178544256756489  0.079900856435587031  33.745521364323281
4730    -25.052636457559021  0.28579217043464045  33.771738580104888
4731    -24.871824015298728  0.48485772578021452  33.808059830646258
4732    -26.098093068666209  0.23565483206293331  37.354760660901981
4733    -25.918798434588165  0.5591744827544266  37.381697163491417
4734    -25.662761033328188  0.84803705299750975  37.414038619946275
4735    -25.944898048120592  0.22807255893468048  36.123906835272336
4736    -25.766145849959006  0.54303330350238399  36.15290949324983
4737    -25.512119316588912  0.82475502009356982  36.191559512587787
4738    -25.762684703290979  0.22112422399402965  34.89668050546431
4739    -25.585417639931869  0.52907464126566395  34.927703380252943
4740    -25.33390958154413  0.80448935434295621  34.972637226317119
4741    -25.551215117263592  0.21851003244837913  33.675154920918558
4742    -25.374825633286253  0.52008650475752771  33.709513017814452
4743    -25.12457138446608  0.79091808821837251  33.758604578921151
4744    -26.476335310956244  0.36614973036700699  37.310488992948642
4745    -26.250093043057916  0.7833814944779216  37.340075608786108
4746    -25.927339124615848  1.1458784191364697  37.378537481838805
4747    -26.321319586941307  0.36186878813164891  36.070657603007945
4748    -26.094064166415428  0.77134735027287527  36.104119900152
4749    -25.772148464319212  1.1259432587941003  36.151369384834936
4750    -26.137108403965023  0.35822391975902035  34.834649046458374
4751    -25.909833033023329  0.76150598048232454  34.871912087998837
4752    -25.589290348463901  1.1090390962402543  34.92790883366807
4753    -25.923885977770713  0.35711920846117129  33.604788477513821
4754    -25.697014809013492  0.75438083908041498  33.647287455523987
4755    -25.377318753633439  1.0969784506565305  33.709149327196045
4756    -26.854577553246262  0.49664462867108056  37.266217324995282
4757    -26.581387651527663  1.0075885062014169  37.298454054080771
4758    -26.191917215903512  1.4437197852754298  37.343036343731292
4759    -26.697741125762029  0.49566501732861717  36.017408370743581
4760    -26.42198248287184  0.99966139704336709  36.055330307054149
4761    -26.032177612049495  1.4271314974946316  36.111179257082078
4762    -26.51153210463907  0.49532361552401105  34.772617587452437
4763    -26.234248426114778  0.99393731969898502  34.816120795744773
4764    -25.844671115383669  1.4135888381375528  34.883180441019022
4765    -26.296556838277812  0.49572838447396339  33.534422034109078
4766    -26.019203984740724  0.98867517340330247  33.585061893233544
4767    -25.630066122800791  1.4030388130946885  33.659694075470945
4768    -25.163373738246964  0.70876323641977723  37.486468593025386
4769    -24.886836383689143  0.80623710540091964  37.537599497774927
4770    -25.021512299181499  0.67602493037989753  36.273559843760069
4771    -24.74691356621874  0.76949830756457371  36.32943466371119
4772    -24.852199166834939  0.64713452512044078  35.06413905159549
4773    -24.579570418470976  0.73817885842433961  35.124909813877785
4774    -24.648761959705762  0.62785168917589551  33.859773699350981
4775    -24.379510883060643  0.71443314037000349  33.927755246590813
4776    -25.347258524431222  1.0622132803700999  37.457982843793907
4777    -24.982179089029831  1.1934632696352858  37.515266103235454
4778    -25.200209996332593  1.0316499158252308  36.242891383502275
4779    -24.837608650107676  1.1575826909663873  36.307171014582352
4780    -25.025644152301822  1.0049423524639871  35.031379890662578
4781    -24.665615056803883  1.1271168623945278  35.102698879485899
4782    -24.819476705091724  0.98664273014984838  33.824315424924016
4783    -24.463429338043767  1.1037656703039342  33.905519166020206
4784    -25.53114331061548  1.4156633243204215  37.429497094562429
4785    -25.077521794370526  1.580689433869652  37.492932708695996
4786    -25.37890769348369  1.3872749012705639  36.212222923244511
4787    -24.928303733996607  1.5456670743682017  36.284907365453527
4788    -25.19908913776872  1.3627501798075332  34.998620729729666
4789    -24.751659695136784  1.5160548663647153  35.080487945094049
4790    -24.990191450477688  1.3454337711238014  33.788857150497037
4791    -24.547347793026887  1.4930982002378654  33.883283085449605
4792    -25.715028096799742  1.7691133682707447  37.40101134533095
4793    -25.172864499711213  1.9679155981040191  37.470599314156516
4794    -25.557605390634787  1.7428998867158962  36.181554462986732
4795    -25.018998817885532  1.9337514577700154  36.262643716324703
4796    -25.372534123235599  1.7205580071510791  34.965861568796761
4797    -24.837704333469688  1.9049928703349035  35.058277010702177
4798    -25.160906195863653  1.7042248120977541  33.753398876070072
4799    -24.631266248010018  1.8824307301717966  33.861047004878998
4800    -23.834239386304326  0.72668278810469644  32.813143150018462
4801    -23.524621860748013  0.71052936308362635  32.886054362633686
4802    -23.274558679067919  0.64706734779592834  32.950471074365772
4803    -23.079427666969536  0.53134167512455988  32.998317968458956
4804    -23.581893595242668  0.71281488858696063  31.630273165867361
4805    -23.274167624305804  0.69683550790744941  31.714769591709604
4806    -23.025886041475797  0.63437268067652608  31.788899521544042
4807    -22.831780105818211  0.51911678927802352  31.84415461864506
4808    -23.305978180145583  0.7069183366428704  30.451343305348345
4809    -23.000437283972815  0.69010402281812477  30.547855969081638
4810    -22.754482408832956  0.6267665683113598  30.63249959139446
4811    -22.561695069760813  0.51097148069892973  30.695593916167365
4812    -23.007176620014082  0.71062209463116599  29.277143567316045
4813    -22.704378657317822  0.69206337250450101  29.383636785682761
4814    -22.462730852264059  0.62579355842126017  29.481451097429421
4815    -22.272292592950844  0.50838848838477702  29.552627335827061
4816    -23.839706668170269  1.1265874928398529  32.806384979591357
4817    -23.451210250594396  1.1026528939965212  32.896020006531273
4818    -23.111433465707123  1.0102001549125359  32.979137889835393
4819    -22.828665701175364  0.83937153312993473  33.045606561078849
4820    -23.587075377296326  1.1127566268313223  31.625972447242304
4821    -23.201532680959929  1.0889216371715293  31.728418731019751
4822    -22.863961332561139  0.99761310088321298  31.821822382553027
4823    -22.582882027083045  0.82769877601916753  31.897324141861041
4824    -23.311011367452803  1.1068832177850307  30.449891045327767
4825    -22.928698125834227  1.0821366218647752  30.565414336042487
4826    -22.593844290383693  0.99009431683326532  30.669597291704488
4827    -22.314729177437602  0.82008307344377351  30.754397889176847
4828    -23.012625732473236  1.1105815875452933  29.278790139902249
4829    -22.633610199451077  1.0840583247144902  29.405070316591665
4830    -22.303389750050126  0.98915250192596793  29.523090998071371
4831    -22.026997226525069  0.81773490423275386  29.616931132076203
4832    -23.845173950036209  1.5264921975750092  32.799626809164238
4833    -23.377798640440776  1.4947764249094144  32.90598565042886
4834    -22.948308252346322  1.3733329620291428  33.007804705305027
4835    -22.577903735381181  1.1474013911353096  33.092895153698706
4836    -23.592257159349987  1.5126983650756842  31.621671728617255
4837    -23.128897737614068  1.4810077664356092  31.742067870329898
4838    -22.702036623646482  1.3608535210898998  31.854745243562025
4839    -22.333983948347882  1.1362807627603115  31.950493665077026
4840    -23.316044554760019  1.5068480989271904  30.448438785307196
4841    -22.856958967695629  1.4741692209114241  30.582972703003364
4842    -22.43320617193443  1.353422065355171  30.706694992014508
4843    -22.067763285114378  1.1291946661886174  30.81320186218635
4844    -23.018074844932382  1.5105410804594208  29.280436712488456
4845    -22.562841741584322  1.4760532769244785  29.426503847500587
4846    -22.1440486478362  1.3525114454306757  29.564730898713318
4847    -21.781701860099282  1.1270813200807306  29.681234928325356
4848    -23.850641231902149  1.9263969023101659  32.792868638737133
4849    -23.30438703028716  1.8868999558223094  32.915951294326462
4850    -22.785183038985515  1.7364657691457499  33.036471520774647
4851    -22.327141769587001  1.4554312491406853  33.140183746318613
4852    -23.597438941403645  1.9126401033200457  31.617371009992198
4853    -23.056262794268193  1.8730938956996888  31.755717009640041
4854    -22.540111914731824  1.7240939412965859  31.887668104571006
4855    -22.085085869612715  1.4448627495014554  32.003663188293025
4856    -23.321077742067242  1.9068129800693507  30.446986525286622
4857    -22.785219809557059  1.8662018199580745  30.600531069964216
4858    -22.272568053485159  1.7167498138770765  30.743792692324536
4859    -21.820797392791167  1.4383062589334619  30.872005835195836
4860    -23.023523957391532  1.9105005733735483  29.282083285074659
4861    -22.492073283717573  1.8680482291344673  29.447937378409495
4862    -21.984707545622253  1.7158703889353835  29.606370799355268
4863    -21.536406493673503  1.4364277359287072  29.745538724574505
4864    -22.926334957906874  0.36337392562451404  33.03078838238865
4865    -22.819468611289402  0.18573054557677499  33.052519612568602
4866    -22.779829341755867  0.057273766453287897  33.060602280650507
4867    -22.678945819469668  0.35139551065506125  31.883257882404603
4868    -22.572074451933332  0.17554436832938941  31.910909235319398
4869    -22.532290163324628  0.051265514552797417  31.921565725320807
4870    -22.410135507838763  0.34246220933846105  30.741552868406284
4871    -22.305146536849385  0.16648215802204724  30.775538187262164
4872    -22.266233530877887  0.045346765977760627  30.788991337832641
4873    -22.122852769626135  0.33867106962888727  29.60413770848832
4874    -22.021580024751565  0.16105390968541528  29.645524614060847
4875    -21.984603374745898  0.040497395004711473  29.662684172367207
4876    -22.602064162754402  0.59453121022520095  33.094678269573919
4877    -22.445238929444965  0.31715776876299223  33.128596280374346
4878    -22.388158698782206  0.053065067767611933  33.141715048667372
4879    -22.35696680721616  0.58367998853830239  31.954471942128652
4880    -22.199761122134507  0.30828890915055013  31.994159759963754
4881    -22.142095776546498  0.047739563035246041  32.009547400519715
4882    -22.090484657655303  0.57585635988343387  30.819707503052022
4883    -21.934726657929513  0.30053578549249949  30.865324325615376
4884    -21.877460578946756  0.042500332753927492  30.883066560269331
4885    -21.805030214383521  0.57256765763434581  29.68831083655186
4886    -21.652749579262672  0.29570794877082301  29.741005844009656
4887    -21.597183083611867  0.037969153656094733  29.762178524032503
4888    -22.277793367601912  0.82568849482588724  33.158568156759166
4889    -22.071009247600514  0.44858499194920948  33.204672948180075
4890    -21.996488055808555  0.048856369081935892  33.222827816684237
4891    -22.034987794962653  0.81596446642154385  32.025686001852712
4892    -21.827447792335683  0.44103344997171101  32.077410284608099
4893    -21.751901389768378  0.044213611517694602  32.097529075718626
4894    -21.770833807471845  0.80925051042840679  30.897862137697775
4895    -21.564306779009634  0.43458941296295162  30.955110463968595
4896    -21.48868762701564  0.03965389953009444  30.977141782706035
4897    -21.487207659140896  0.80646424563980446  29.772483964615407
4898    -21.283919133773782  0.43036198785623064  29.836487073958477
4899    -21.209762792477829  0.035440912307478062  29.861672875697792
4900    -21.953522572449437  1.056845779426574  33.222458043944442
4901    -21.696779565756074  0.580012215135427  33.280749615985819
4902    -21.604817412834898  0.044647670396259893  33.303940584701095
4903    -21.713008782709146  1.0482489443047858  32.096900061576768
4904    -21.455134462536854  0.57377799079287184  32.160660809252462
4905    -21.361707002990244  0.040687660000143185  32.185510750917551
4906    -21.451182957288388  1.0426446609733802  30.976016772343506
4907    -21.193886900089762  0.56864304043340375  31.044896602321817
4908    -21.09991467508452  0.03680746630626127  31.071217005142724
4909    -21.169385103898279  1.0403608336452634  29.856657092678947
4910    -20.915088688284893  0.56501602694163844  29.931968303907293
4911    -20.822342501343794  0.032912670958861308  29.961167227363095
4912    -22.828221811004351  -0.080598969544197152  33.052717086873741
4913    -22.95483656253629  -0.28080638725024348  33.029998522564505
4914    -23.134753133695295  -0.47596050574737442  32.994717896004566
4915    -22.580045309768433  -0.081532861721564417  31.911548135832771
4916    -22.704805043103811  -0.27760407989909802  31.883731768228337
4917    -22.881212717017192  -0.46923825026584104  31.842405447362527
4918    -22.312528738831087  -0.083404739187294366  30.776605314352327
4919    -22.433905739124658  -0.27724795097625959  30.743252786645126
4920    -22.60598190010651  -0.46638966182643127  30.695644733192456
4921    -22.028230124725059  -0.086913878600268266  29.647003998742427
4922    -22.144346227033434  -0.28067154864136779  29.60701665460984
4923    -22.312448668931754  -0.4691795786554348  29.554335678924254
4924    -22.45671293221136  -0.21891058334052993  33.129619204572656
4925    -22.633265953398322  -0.51505742731219029  33.095532472248948
4926    -22.882498753209248  -0.78224843337981387  33.045267947941959
4927    -22.210061344160714  -0.22000300277547635  31.995647357813311
4928    -22.385068157625227  -0.51234975288203122  31.956460631179475
4929    -22.630926660057423  -0.77615067955389905  31.898629783748898
4930    -21.944044894993112  -0.22203067286087511  30.867264532818357
4931    -22.116033555765458  -0.51247444714796697  30.822796209056236
4932    -22.357725175066026  -0.77390681952557894  30.757301252369224
4933    -21.661153015471328  -0.22559870958429076  29.74334601383346
4934    -21.82808049532111  -0.51609985918972112  29.692454496252306
4935    -22.065891534269447  -0.77695227369367281  29.621309909311822
4936    -22.085204053418359  -0.35722219713686276  33.206521322271591
4937    -22.311695344260357  -0.74930846737413659  33.161066421933398
4938    -22.630244372723197  -1.0885363610122534  33.095817999879372
4939    -21.840077378553001  -0.35847314382938827  32.079746579793856
4940    -22.065331272146633  -0.74709542586496447  32.029189494130613
4941    -22.38064060309765  -1.0830631088419569  31.95485412013528
4942    -21.575561051155145  -0.36065660653445586  30.95792375128438
4943    -21.798161372406263  -0.74770094331967452  30.902339631467346
4944    -22.109468450025535  -1.0814239772247265  30.818957771546003
4945    -21.294075906217589  -0.36428354056831325  29.839688028924467
4946    -21.511814763608772  -0.75152816973807479  29.777892337894773
4947    -21.81933439960715  -1.0847249687319109  29.688284139699409
4948    -21.713695174625364  -0.49553381093319548  33.283423439970491
4949    -21.9901247351224  -0.98355950743608334  33.226600371617835
4950    -22.377989992237147  -1.3948242886446922  33.146368051816786
4951    -21.470093412945292  -0.49694328488330042  32.163845801774386
4952    -21.745594386668049  -0.98184109884789794  32.10191835708175
4953    -22.130354546137877  -1.389975538130015  32.011078456521659
4954    -21.207077207317177  -0.49928254020803681  31.048582969750406
4955    -21.48028918904706  -0.98292743949138173  30.981883053878455
4956    -21.861211724985044  -1.3889411349238743  30.880614290722772
4957    -20.926998796963865  -0.50296837155233565  29.936030044015496
4958    -21.195549031896448  -0.98695648028642802  29.863330179537243
4959    -21.57277726494484  -1.3924976637701492  29.755258370086977
4960    -23.356587806732826  -0.61531591072836689  32.946807370941123
4961    -23.625774934966326  -0.6969314843026404  32.886452302179997
4962    -23.942621162338533  -0.72662569017768486  32.816303784590865
4963    -23.098502090054509  -0.60540819441888072  31.787268012429237
4964    -23.363604592913106  -0.68446756627777661  31.717264642995751
4965    -23.677710087506789  -0.71277772461227573  31.635553674477368
4966    -22.818525904458845  -0.60043192099380327  30.632866387388127
4967    -23.079172225813654  -0.67889953198727826  30.552445858280077
4968    -23.390336918944055  -0.70688341862351634  30.458758437831214
4969    -22.520878003079389  -0.60284313037448378  29.483489280057093
4970    -22.775863087714942  -0.68213454303897758  29.389800270819407
4971    -23.083733368468664  -0.71055854644844096  29.286074096826127
4972    -23.185959517743747  -0.9744362698857042  32.979595839959799
4973    -23.54081268546318  -1.0864627672044109  32.8997449213145
4974    -23.93516362577639  -1.1265346376167524  32.812216135307708
4975    -22.929981029859992  -0.9650888149790039  31.824153803885469
4976    -23.280794065529026  -1.0742802313003321  31.734122792816983
4977    -23.671504140322298  -1.1127244807199572  31.633815982970237
4978    -22.652191648702978  -0.96065412431891639  30.673761434708673
4979    -22.998627478230482  -1.0689769333338985  30.57306753737333
4980    -23.385515186070133  -1.1068524322098239  30.459722737770758
4981    -22.356245957199974  -0.96329284361916301  29.528802387875611
4982    -22.696928381335127  -1.0723148688580497  29.414258708690259
4983    -23.080052006291972  -1.1105209419970681  29.290139772603531
4984    -23.015331228754672  -1.3335566290430414  33.012384308978511
4985    -23.455850435960055  -1.4759940501061823  32.913037540449054
4986    -23.927706089214244  -1.5264435850558209  32.808128486024572
4987    -22.761459969665474  -1.3247694355391271  31.861039595341683
4988    -23.19798353814496  -1.4640928963228879  31.750980942638215
4989    -23.665298193137797  -1.5126712368276383  31.632078291463106
4990    -22.485857392947118  -1.3208763276440296  30.714656482029216
4991    -22.918082730647317  -1.4590543346805187  30.593689216466579
4992    -23.380693453196219  -1.5068214457961313  30.460687037710318
4993    -22.191613911320552  -1.3237425568638421  29.574115495694127
4994    -22.617993674955322  -1.4624951946771219  29.438717146561107
4995    -23.076370644115258  -1.5104833375456945  29.294205448380918
4996    -22.84470293976559  -1.6926769882003785  33.045172777997188
4997    -23.370888186456906  -1.8655253330079531  32.926330159583543
4998    -23.920248552652097  -1.9263525324948885  32.804040836741407
4999    -22.592938909470963  -1.6844500560992499  31.897925386797919
5000    -23.115173010760881  -1.8539055613454432  31.767839092459457
5001    -23.659092245953303  -1.9126179929353193  31.630340599955982
5002    -22.319523137191254  -1.6810985309691426  30.755551529349759
5003    -22.837537983064141  -1.8491317360271389  30.614310895559829
5004    -23.375871720322305  -1.9067904593824392  30.461651337649865
5005    -22.026981865441154  -1.6841922701085221  29.619428603512652
5006    -22.539058968575507  -1.8526755204961938  29.463175584431958
5007    -23.072689281938562  -1.9104457330943214  29.298271124158319
5008    -24.251359519055409  -0.71026860533876313  32.740418626946266
5009    -24.499981412646772  -0.64652576378630211  32.669972368353022
5010    -24.69443105304109  -0.53040881475053492  32.618294199182294
5011    -23.985077013848393  -0.69664557146709971  31.550228554581441
5012    -24.232874553716304  -0.6339601693624376  31.474043987880563
5013    -24.426658681672606  -0.51845611778123757  31.417150195087856
5014    -23.696179663558187  -0.68996048184071845  30.364007345348654
5015    -23.942869168620028  -0.62644619071131424  30.282110451346007
5016    -24.135835032786115  -0.51053932125331358  30.220015024596002
5017    -23.387618803728486  -0.69196751415132207  29.184336524498594
5018    -23.631456300432003  -0.62564610824310707  29.0948252167912
5019    -23.822785727033448  -0.50824749134388603  29.027663464118646
5020    -24.323016229578684  -1.1023229675629984  32.720182517821769
5021    -24.661524881678588  -1.0095021966506654  32.632015386220779
5022    -24.943520692354671  -0.83828406691144408  32.562013106029063
5023    -24.056748355605169  -1.0886813476001094  31.530415188709117
5024    -24.393680605870305  -0.99706542458455127  31.43464803480574
5025    -24.674214454066295  -0.82685847629765263  31.357112469299068
5026    -23.76797005355958  -1.0819701176937031  30.344989395461333
5027    -24.102989834766781  -0.98968756567601102  30.241686529748311
5028    -24.381880761208652  -0.81948408051125432  30.156652307653534
5029    -23.459729418193564  -1.0839539612629554  29.166670513957545
5030    -23.791076407718769  -0.98894813010903315  29.053284916733798
5031    -24.067710981317955  -0.81744299896192718  28.961257456238936
5032    -24.394672940101959  -1.4943773297872329  32.699946408697258
5033    -24.823068350710393  -1.3724786295150282  32.594058404088507
5034    -25.192610331668234  -1.1461593190723531  32.505732012875832
5035    -24.128419697361959  -1.4807171237331198  31.510601822836797
5036    -24.554486658024299  -1.3601706798066646  31.395252081730899
5037    -24.921770226459973  -1.1352608348140676  31.297074743510272
5038    -23.839760443560976  -1.4739797535466885  30.325971445574023
5039    -24.263110500913545  -1.3529289406407075  30.201262608150618
5040    -24.627926489631189  -1.1284288397691951  30.093289590711066
5041    -23.531840032658657  -1.4759404083745904  29.149004503416499
5042    -23.950696515005539  -1.3522501519749588  29.011744616676381
5043    -24.312636235602451  -1.1266385065799684  28.894851448359212
5044    -24.466329650625237  -1.8864316920114685  32.679710299572747
5045    -24.984611819742206  -1.7354550623793916  32.556101421956264
5046    -25.441699970981816  -1.4540345712332627  32.449450919722601
5047    -24.200091039118742  -1.87275289986613  31.490788456964481
5048    -24.715292710178296  -1.7232759350287778  31.355856128656079
5049    -25.169325998853662  -1.4436631933304824  31.237037017721487
5050    -23.911550833562366  -1.865989389399674  30.306953495686706
5051    -24.423231167060298  -1.7161703156054049  30.160838686552921
5052    -24.87397221805373  -1.4373735990271361  30.029926873768602
5053    -23.603950647123735  -1.8679268554862243  29.131338492875461
5054    -24.110316622292313  -1.7155521738408843  28.970204316618986
5055    -24.557561489886957  -1.4358340141980102  28.828445440479499
5056    -24.845986536119632  -0.36215828566279445  32.577724617659975
5057    -24.949842238423745  -0.18461062146621635  32.541967510090977
5058    -24.987816790872067  -0.056671347658737492  32.526397148964968
5059    -24.578335309366437  -0.35055522550982054  31.372990793068855
5060    -24.683197957763667  -0.17467489360072214  31.336863689624074
5061    -24.721884015401624  -0.050543109936213117  31.321700541869056
5062    -24.286813342333158  -0.3419606507532279  30.172582210363188
5063    -24.391161077408217  -0.16583959461948114  30.136672726425065
5064    -24.429739177473738  -0.044487886052949975  30.122233200323912
5065    -23.97252261456806  -0.33847568305453096  28.978708376047457
5066    -24.074920289454578  -0.16060152994851493  28.942834000132006
5067    -24.112525313223244  -0.039628435104826665  28.928689033768691
5068    -25.168877877958941  -0.59321828641955665  32.506842689478624
5069    -25.323517106102859  -0.31592326398138593  32.463015640210472
5070    -25.37933916395421  -0.052213792726861726  32.444597060862421
5071    -24.899111249423562  -0.58266266186003768  31.295916077734475
5072    -25.054762188703254  -0.30723730492526685  31.250026038401149
5073    -25.111525606150064  -0.0467999169171169  31.231329688453759
5074    -24.605459131846516  -0.5751272151277641  30.089712277498634
5075    -24.760528289670383  -0.29965677783897599  30.04228358717296
5076    -24.81737503224026  -0.041460456077052094  30.023591803050063
5077    -24.289563240188492  -0.57212319578338422  28.8909651819401
5078    -24.442275271688665  -0.29497990647380068  28.84146003461515
5079    -24.498033061510508  -0.036912518367779368  28.822028826536854
5080    -25.491769219798243  -0.8242782871763189  32.435960761297288
5081    -25.697191973781976  -0.44723590649655542  32.384063770329959
5082    -25.77086153703636  -0.04775623779498598  32.362796972759909
5083    -25.21988718948068  -0.81477009821025448  31.218841362400095
5084    -25.426326419642823  -0.43979971624981185  31.163188387178209
5085    -25.5011671968985  -0.043056723898020691  31.140958835038443
5086    -24.924104921359881  -0.8082937795023003  30.006842344634098
5087    -25.129895501932545  -0.43347396105847069  29.947894447920852
5088    -25.205010887006797  -0.038433026101154247  29.924950405776215
5089    -24.606603865808918  -0.80577070851223764  28.803221987832732
5090    -24.809630253922755  -0.42935828299908635  28.74008606909829
5091    -24.883540809797772  -0.034196601630732099  28.715368619305004
5092    -25.814660561637542  -1.0553382879330813  32.365078833115923
5093    -26.070866841461086  -0.57854854901172548  32.305111900449475
5094    -26.162383910118496  -0.043298682863110199  32.280996884657398
5095    -25.540663129537805  -1.0468775345604719  31.141766647065722
5096    -25.797890650582413  -0.57236212757435667  31.076350735955288
5097    -25.890808787646939  -0.03931353087892446  31.050587981623138
5098    -25.242750710873242  -1.0414603438768371  29.923972411769544
5099    -25.499262714194703  -0.56729114427796568  29.853505308668758
5100    -25.592646741773311  -0.035405596125256372  29.826309008502363
5101    -24.92364449142935  -1.0394182212410914  28.715478793725367
5102    -25.176985236156845  -0.56373665952437213  28.638712103581437
5103    -25.269048558085039  -0.03148068489368467  28.608708412073163
5104    -24.939777343805641  0.08076970836225203  32.536832944057153
5105    -24.813846927524992  0.28099244487500691  32.564565538540691
5106    -24.634227992887975  0.47634592489505889  32.603176055001896
5107    -24.673886150408563  0.082133387998932994  31.331635896625091
5108    -24.548756364920965  0.27823617751416785  31.359552173896759
5109    -24.372221048488477  0.46991974291856076  31.401502840574469
5110    -24.382422848830071  0.084445087525881923  30.131362340682216
5111    -24.259282180648153  0.27832413554129365  30.158894434627701
5112    -24.08647043669621  0.46735882005955642  30.203879477460355
5113    -24.06693961133497  0.088157999123350858  28.937444394883673
5114    -23.947341785607726  0.28205708614555497  28.964788269188105
5115    -23.777643412107178  0.47044279652688326  29.011145255755899
5116    -25.310870426054819  0.21940610132149635  32.458382193817123
5117    -25.134680941385575  0.51545504452077262  32.496082861036875
5118    -24.885737008772853  0.78265222231044418  32.549139034529041
5119    -25.043260533743791  0.22081410444431127  31.245167647901265
5120    -24.867945538834523  0.51309561334222631  31.284687059291041
5121    -24.622118258722494  0.77681647620781702  31.343485043585201
5122    -24.749990675511008  0.22317258223496655  30.037214349950432
5123    -24.57680754927468  0.5135900233012014  30.078054347293097
5124    -24.334773971847216  0.77485946088023139  30.142325903349278
5125    -24.432666086536948  0.22692007511160478  28.836225366744003
5126    -24.26345509634751  0.51752008647700953  28.878913459759218
5127    -24.02476298567921  0.77822978729742753  28.946344911080885
5128    -25.681963508304001  0.3580424942807407  32.379931443577057
5129    -25.455514955246141  0.74991764416653817  32.427600183533059
5130    -25.137246024657717  1.0889585197258294  32.495102014056158
5131    -25.412634917079018  0.35949482088968954  31.158699399177447
5132    -25.18713471274809  0.74795504917028477  31.209821944685327
5133    -24.872015468956516  1.0837132094970732  31.285467246595921
5134    -25.117558502191933  0.36190007694405119  29.943066359218637
5135    -24.894332917901199  0.74885591106110927  29.997214259958511
5136    -24.583077506998219  1.0823601017009066  30.080772329238208
5137    -24.798392561738915  0.36568215109985863  28.735006338604332
5138    -24.579568407087297  0.75298308680846415  28.793038650330356
5139    -24.271882559251239  1.0860167780679717  28.881544566405893
5140    -26.053056590553183  0.49667888723998488  32.30148069333702
5141    -25.776348969106728  0.98438024381230393  32.359117506029243
5142    -25.388755040542595  1.3952648171412148  32.441064993583311
5143    -25.782009300414241  0.49817553733506781  31.072231150453621
5144    -25.506323886661647  0.98281448499834367  31.134956830079609
5145    -25.12191267919053  1.3906099427863297  31.227449449606656
5146    -25.485126328872873  0.50062757165313576  29.848918368486849
5147    -25.211858286527715  0.98412179882101725  29.916374172623915
5148    -24.831381042149221  1.3898607425215816  30.019218755127135
5149    -25.1641190369409  0.50444422708811265  28.633787310464658
5150    -24.895681717827085  0.98844608713991877  28.707163840901476
5151    -24.519002132823267  1.3938037688385161  28.816744221730886
5152    -24.414411095299794  0.61566760746448912  32.659690415743874
5153    -24.149082758601416  0.69704067778347589  32.734924229836949
5154    -24.156627821615491  0.6059055420577425  31.462693918780243
5155    -23.894514684280132  0.6846288525996832  31.542954613488259
5156    -23.87514600289034  0.60107327722008486  30.269718825212575
5157    -23.616331863571538  0.67912383353794137  30.354953568689009
5158    -23.569699503361772  0.60367859721594541  29.081699751793302
5159    -23.315059499950276  0.68245178931756534  29.174028266583445
5160    -24.584046548041776  0.97470584578215369  32.621664633318254
5161    -24.232348716271702  1.0865155136617128  32.712768941700773
5162    -24.324635967556624  0.96551309769855875  31.423076172435941
5163    -23.97641362070495  1.0743978668879743  31.521240294721313
5164    -24.041575765986831  0.9612565279200197  30.228940116264738
5165    -23.696969890428374  1.0691802295464601  30.334085224173162
5166    -23.73519674568292  0.96412817846749244  29.039646538792265
5167    -23.395363364526695  1.0726301012009123  29.154455729147656
5168    -24.753682000783765  1.3337440840998183  32.583638850892626
5169    -24.315614673941983  1.4759903495399502  32.690613653564604
5170    -24.492644113497754  1.3251206533393749  31.383458426091643
5171    -24.058312557129767  1.4641668811762649  31.499525975954366
5172    -24.208005529083312  1.3214397786199548  30.188161407316898
5173    -23.777607917285206  1.4592366255549785  30.313216879657304
5174    -23.900693988004058  1.3245777597190393  28.997593325791218
5175    -23.475667229103106  1.4628084130842587  29.134883191711882
5176    -24.923317453525748  1.6927823224174827  32.545613068467013
5177    -24.398880631612265  1.865465185418187  32.668458365428442
5178    -24.660652259438884  1.6847282089801914  31.343840679747334
5179    -24.140211493554595  1.8539358954645568  31.477811657187416
5180    -24.3744352921798  1.6816230293198891  30.147382698369061
5181    -23.85824594414203  1.8492930215634975  30.292348535141471
5182    -24.066191230325202  1.6850273409705872  28.955540112790189
5183    -23.555971093679528  1.8529867249676057  29.115310654276097
5184    -22.686957739512906  0.7239743964926052  28.109202689458186
5185    -22.391527236807967  0.70396789828751671  28.223709909883603
5186    -22.155708780444844  0.63513368205647458  28.333859371078862
5187    -21.968356041491838  0.51560845873646066  28.412779839451204
5188    -22.345105840722599  0.74477266223687644  26.949385361792579
5189    -22.062120415426584  0.72391693057964157  27.071448573848912
5190    -21.832137476263412  0.65377908118986838  27.190024997020078
5191    -21.647809547530855  0.53192539456646803  27.275907958438633
5192    -21.97977761876783  0.77126963332611953  25.798985511668882
5193    -21.709158861516638  0.74890641770703081  25.927839114202605
5194    -21.484865822162948  0.67624246992621206  26.053420668635987
5195    -21.303484294286751  0.55140206948971848  26.14550052194722
5196    -21.589129768773265  0.80171805122247342  24.659297066436753
5197    -21.325643243421105  0.77593230799583779  24.793867867568633
5198    -21.106742700586661  0.69703656237027523  24.927519079309576
5199    -20.928211464978361  0.56810125712112591  25.02504635913499
5200    -22.692976967364057  1.1239062265618613  28.113659770698199
5201    -22.320226375705111  1.0956590664562065  28.249415982991845
5202    -21.995723560186207  0.99762867349856721  28.380674878430693
5203    -21.722954221922436  0.82349506725806598  28.483178998401613
5204    -22.351309288212512  1.1446737224745192  26.955959580298959
5205    -21.988431830405851  1.1149612127708481  27.101863405096939
5206    -21.669246869011925  1.0143787536249411  27.242375563285258
5207    -21.400538801176172  0.83659715298706228  27.353240786556643
5208    -21.986012370473318  1.1711415429126362  25.807043339035307
5209    -21.633021730659351  1.139300307714737  25.96255021719303
5210    -21.319180036794055  1.0349337985733125  26.111304314005142
5211    -21.054546923526736  0.85284082764184543  26.229986081432379
5212    -21.595475889601175  1.201567155505582  24.668264817238008
5213    -21.248791243571681  1.1660118953441971  24.831614053566184
5214    -20.940743423799333  1.0548248646119049  24.990572391960413
5215    -20.679774548214549  0.86802575744451493  25.116284467919968
5216    -22.698996195215205  1.5238380566311176  28.118116851938208
5217    -22.248925514602249  1.487350234624897  28.275122056100077
5218    -21.835738339927563  1.3601236649406598  28.427490385782505
5219    -21.477552402353041  1.1313816757796713  28.553578157352018
5220    -22.357512735702425  1.5445747827121619  26.962533798805332
5221    -21.914743245385104  1.5060054949620547  27.13227823634497
5222    -21.506356261760438  1.3749784260600133  27.294726129550437
5223    -21.153268054821488  1.1412689114076566  27.430573614674639
5224    -21.992247122178803  1.571013452499153  25.815101166401725
5225    -21.556884599802068  1.5296941977224439  25.997261320183455
5226    -21.153494251425144  1.3936251272204125  26.16918795937428
5227    -20.805609552766729  1.1542795857939723  26.314471640917528
5228    -21.601822010429085  1.6014162597886905  24.677232568039262
5229    -21.171939243722253  1.5560914826925565  24.86936023956374
5230    -20.774744147012008  1.4126131668535351  25.053625704611253
5231    -20.431337631450745  1.167950257767904  25.20752257670495
5232    -22.705015423066353  1.9237698867003739  28.122573933178217
5233    -22.177624653499389  1.8790414027935869  28.300828129208316
5234    -21.675753119668922  1.7226186563827526  28.474305893134336
5235    -21.232150582783621  1.4392682843012763  28.623977316302419
5236    -22.363716183192341  1.9444758429498046  26.969108017311711
5237    -21.841054660364378  1.8970497771532608  27.162693067592997
5238    -21.343465654508957  1.7355780984950859  27.347076695815609
5239    -20.905997308466809  1.4459406698282506  27.507906442792645
5240    -21.998481873884291  1.9708853620856697  25.82315899376815
5241    -21.480747468944777  1.9200880877301498  26.031972423173883
5242    -20.987808466056251  1.7523164558675131  26.227071604743436
5243    -20.556672182006714  1.4557183439460981  26.398957200402688
5244    -21.608168131256996  2.001265364071799  24.68620031884052
5245    -21.095087243872833  1.9461710700409154  24.907106425561295
5246    -20.608744870224697  1.7704014690951646  25.11667901726209
5247    -20.182900714686927  1.467874758091293  25.298760685489931
5248    -21.821091038442251  0.34433744028780955  28.46953313849297
5249    -21.722492507365029  0.16353414007683512  28.518071396210154
5250    -21.686849195692119  0.0362377211494848  28.538858835780651
5251    -21.502527488175467  0.35838432652509622  27.338605917916571
5252    -21.404609142903293  0.17270327579811354  27.39249613480802
5253    -21.369097514651425  0.031726937259484944  27.415675135559013
5254    -21.160636475854492  0.37482026096751941  26.213339450334953
5255    -21.064236439812476  0.18283017664661788  26.271089056423047
5256    -21.02930779221057  0.027403227608605182  26.29585592682815
5257    -20.788892358508015  0.38765377624185127  25.095717139323927
5258    -20.697680906538764  0.18818370241971491  25.156140387623864
5259    -20.665439488956405  0.023704776470738015  25.182124064713907
5260    -21.503927865483373  0.57631575020668124  28.560211059625058
5261    -21.354950719872654  0.29651482675460056  28.619644073192088
5262    -21.30095357285656  0.033822219378261992  28.644106022045587
5263    -21.185239328532798  0.58613454916425878  27.437303044147548
5264    -21.038436536451805  0.30198616603544531  27.501521835410951
5265    -20.98514939768231  0.029538439908689273  27.527815187214383
5266    -20.843483098086367  0.59832945260309833  26.320461306645839
5267    -20.699799505862934  0.30841199582915002  26.388319593650689
5268    -20.647731138747343  0.025443666507452046  26.415827119659131
5269    -20.473177668698643  0.60920585861921905  25.210560363646369
5270    -20.335632104968923  0.31208234535150542  25.281717810895778
5271    -20.286659376710013  0.021863750434622978  25.310662919500068
5272    -21.186764692524495  0.80829406012555249  28.650888980757152
5273    -20.987408932380266  0.42949551343236603  28.721216750174026
5274    -20.915057950020987  0.031406717607039128  28.749353208310527
5275    -20.867951168890123  0.813884771803421  27.536000170378546
5276    -20.672263930000312  0.43126905627277728  27.610547536013872
5277    -20.601201280713184  0.027349942557893608  27.639955238869756
5278    -20.52632972031823  0.82183864423867725  26.427583162956729
5279    -20.335362571913386  0.4339938150116821  26.505550130878326
5280    -20.266154485284112  0.023484105406298854  26.535798312490119
5281    -20.15746297888926  0.83075794099658662  25.325403587968825
5282    -19.973583303399071  0.43598098828329607  25.407295234167695
5283    -19.90787926446361  0.020022724398507968  25.439201774286239
5284    -20.869601519565624  1.0402723700444241  28.741566901889239
5285    -20.619867144887895  0.56247620011013166  28.822789427155964
5286    -20.529162327185436  0.02899121583581632  28.85460039457546
5287    -20.550663009247458  1.0416349944425833  27.634697296609534
5288    -20.306091323548817  0.56055194651010931  27.7195732366168
5289    -20.217253163744068  0.025161445207097944  27.75209529052513
5290    -20.209176342550112  1.0453478358742558  26.534705019267616
5291    -19.970925637963841  0.55957563419421408  26.622780668105964
5292    -19.884577831820891  0.021524544305145707  26.6557695053211
5293    -19.841748289079895  1.0523100233739544  25.44024681229126
5294    -19.611534501829233  0.55987963121508655  25.532872657439615
5295    -19.529099152217235  0.018181698362393001  25.567740629072397
5296    -21.72847531607005  -0.097229757619896703  28.519988391918044
5297    -21.84034043952844  -0.29268614180299629  28.473587536593556
5298    -22.004716351073824  -0.48130212502291331  28.416172298871437
5299    -21.410286444788486  -0.11468886274465517  27.394883854493756
5300    -21.520161490986432  -0.31318537637586824  27.34384053814259
5301    -21.680303230637335  -0.50166352652173063  27.281107681260629
5302    -21.069765962367278  -0.13274098389202277  26.273927499329062
5303    -21.177105730360026  -0.33572636602884687  26.219697147664785
5304    -21.332719728376986  -0.52484677336238394  26.152430362391854
5305    -20.703016320293329  -0.14483591097947879  25.159356439283478
5306    -20.804469506601826  -0.35386622443079502  25.103078853568043
5307    -20.955476265047359  -0.54543485575536965  25.033428878565054
5308    -21.362612224239101  -0.23407567429775111  28.622368832777063
5309    -21.524686674877053  -0.5261744288985819  28.565373970467451
5310    -21.75823401411586  -0.78776708032238463  28.48900372579369
5311    -21.045635102334874  -0.24751197084386176  27.504651357389644
5312    -21.204297790728734  -0.54243172093973369  27.443447350128391
5313    -21.432376860925977  -0.80527934370537257  27.360544311838037
5314    -20.706690174113533  -0.26153547894605433  26.391830875649831
5315    -20.861284186944228  -0.56071777155374292  26.327521286698655
5316    -21.083541265543506  -0.82559658328563523  26.238679681163418
5317    -20.342245963929912  -0.27177407832776129  25.285544675536318
5318    -20.490016207591587  -0.57687861698117571  25.218442431641801
5319    -20.706948418812022  -0.84482631850617163  25.126157847488308
5320    -20.996749132408155  -0.3709215909756054  28.724749273636093
5321    -21.20903291022568  -0.75966271599416713  28.657160404341333
5322    -21.51175167715791  -1.094232035621856  28.561835152715943
5323    -20.680983759881279  -0.38033507894306839  27.614418860285532
5324    -20.888434090471058  -0.77167806550359896  27.543054162114192
5325    -21.184450491214633  -1.1088951608890145  27.439980942415449
5326    -20.343614385859777  -0.39032997400008612  26.509734251970606
5327    -20.545462643528431  -0.78570917707863852  26.435345425732525
5328    -20.834362802710007  -1.1263463932088864  26.324928999934979
5329    -19.981475607566491  -0.39871224567604374  25.411732911789155
5330    -20.175562908581355  -0.79989100953155645  25.33380600971557
5331    -20.458420572576696  -1.1442177812569738  25.218886816411551
5332    -20.630886040577202  -0.50776750765345968  28.827129714495111
5333    -20.893379145574304  -0.99315100308975268  28.748946838215218
5334    -21.26526934019995  -1.4006969909213278  28.6346665796382
5335    -20.316332417427667  -0.51315818704227489  27.724186363181413
5336    -20.572570390213365  -1.0009244100674646  27.642660974099993
5337    -20.936524121503272  -1.4125109780726559  27.519417572992865
5338    -19.980538597606035  -0.51912446905411802  26.627637628291378
5339    -20.229641100112634  -1.0107005826035345  26.543169564766387
5340    -20.585184339876527  -1.4270962031321373  26.41117831870654
5341    -19.620705251203059  -0.52565041302432625  25.537921148042003
5342    -19.86110960957112  -1.0229034020819374  25.449169587789317
5343    -20.209892726341359  -1.4436092440077757  25.311615785334808
5344    -22.208792454927572  -0.61544320796411045  28.337622303112742
5345    -22.456882935884519  -0.69531356036521552  28.231442934633872
5346    -22.756946749811348  -0.72384187943057277  28.119588863932183
5347    -21.879087488152315  -0.63628112456215946  27.195848972412243
5348    -22.119968181587584  -0.71635904486045898  27.081206470878517
5349    -22.407143028802903  -0.74454280477928547  26.961710227489863
5350    -21.526358094593395  -0.66068429818441132  26.061202926965841
5351    -21.760300059867347  -0.74235040807572994  25.939471553042502
5352    -22.034731895411333  -0.77093302053039248  25.81307312347894
5353    -21.145199266090575  -0.68398014684664754  24.936717805783758
5354    -21.373059805767035  -0.77036706156205093  24.80661885461495
5355    -21.640123039604763  -0.80128422471970806  24.674312487879128
5356    -22.043998527181227  -0.9752379751371173  28.387897201585144
5357    -22.378075880300074  -1.0853085017468727  28.260054842961637
5358    -22.754550234319641  -1.1237772588040076  28.126400954035947
5359    -21.712451932147886  -0.99466371308707502  27.251289208800163
5360    -22.040185083056159  -1.1059763537896403  27.114189748913624
5361    -22.406439400873559  -1.1444497752772673  26.970328191011937
5362    -21.357982757533588  -1.0176424911181441  26.121796257112923
5363    -21.679475451081455  -1.1315865074120746  25.976405889051527
5364    -22.035565595308295  -1.1708126572140305  25.822856919990564
5365    -20.976967588771942  -1.0402467428794351  25.002236194115675
5366    -21.29216644585405  -1.1594070450398986  24.846445725880653
5367    -21.641774906978569  -1.2011400704114823  24.684922577430868
5368    -21.879204599434875  -1.3350327423101243  28.438172100057542
5369    -22.299268824715615  -1.4753034431285301  28.288666751289416
5370    -22.752153718827937  -1.5237126381774426  28.133213044139708
5371    -21.545816376143449  -1.3530463016119907  27.306729445188076
5372    -21.960401984524729  -1.4955936627188213  27.147173026948742
5373    -22.405735772944201  -1.5443567457752492  26.978946154534011
5374    -21.189607420473774  -1.3746006840518785  26.182389587259998
5375    -21.598650842295577  -1.5208226067484192  26.013340225060574
5376    -22.036399295205264  -1.5706922938976688  25.83264071650218
5377    -20.808735911453283  -1.3965133389122228  25.067754582447574
5378    -21.21127308594107  -1.5484470285177458  24.88627259714638
5379    -21.643426774352356  -1.6009959161032561  24.695532666982601
5380    -21.714410671688526  -1.69482750948313  28.488446998529948
5381    -22.220461769131177  -1.8652983845101871  28.317278659617173
5382    -22.749757203336223  -1.9236480175508777  28.140025134243466
5383    -21.379180820139027  -1.7114288901369064  27.362169681575992
5384    -21.880618885993307  -1.8852109716480026  27.180156304983853
5385    -22.405032145014857  -1.9442637162732308  26.987564118056085
5386    -21.021232083413963  -1.7315588769856112  26.242982917407083
5387    -21.517826233509687  -1.9100587060847638  26.0502745610696
5388    -22.037232995102219  -1.9705719305813068  25.842424513013807
5389    -20.640504234134646  -1.7527799349450102  25.133272970779501
5390    -21.130379726028089  -1.9374870119955936  24.926099468412087
5391    -21.645078641726158  -2.0008517617950301  24.706142756534341
5392    -23.054410347539715  -0.70395054851184358  28.012473064215865
5393    -23.29413079548663  -0.63531730402905917  27.915549330918541
5394    -23.483212972896904  -0.51600387278911897  27.843333567875597
5395    -22.693153061977196  -0.72398800210593417  26.848719224501018
5396    -22.928782890402225  -0.65434919958308879  26.74655096358795
5397    -23.11559559760709  -0.53302036200648573  26.669173274712847
5398    -22.309172563292101  -0.74902585823137358  25.694224462328712
5399    -22.540496713679033  -0.67710213447938117  25.586844257577756
5400    -22.724924149939021  -0.55306900269506898  25.504322187981643
5401    -21.907794467735553  -0.7760101001859413  24.550138234673614
5402    -22.134356393817285  -0.69793644829212209  24.43544335566628
5403    -22.316189178667603  -0.56992183855395251  24.347919911033237
5404    -23.128584226548224  -1.095634948813212  27.995226806389649
5405    -23.455338975745249  -0.99773843870262902  27.871918325260591
5406    -23.728896364934769  -0.82368557375979845  27.773041795245778
5407    -22.771247806278449  -1.1150315677870857  26.830116764863064
5408    -23.09382379445945  -1.0148423852931472  26.69967439698161
5409    -23.363801314404711  -0.83737433286503404  26.59364339132102
5410    -22.391001578056724  -1.1394331270096547  25.6736411101272
5411    -22.709126110103586  -1.0356783395905733  25.536125945814113
5412    -22.97537692497178  -0.8541096744623683  25.422973359295845
5413    -21.991126962555494  -1.1661289353059978  24.528100562931488
5414    -22.303841168919899  -1.0556646713048927  24.380845785675373
5415    -22.566574291879963  -0.8694919967365361  24.26094281400146
5416    -23.202758105556732  -1.4873193491145806  27.977980548563448
5417    -23.616547156003882  -1.3601595733761995  27.828287319602641
5418    -23.974579756972634  -1.1313672747304782  27.702750022615955
5419    -22.849342550579703  -1.506075133468237  26.811514305225113
5420    -23.258864698516678  -1.3753355710032069  26.652797830375267
5421    -23.612007031202328  -1.1417283037235824  26.518113507929193
5422    -22.472830592821357  -1.5298403957879356  25.653057757925684
5423    -22.877755506528146  -1.3942545447017658  25.485407634050471
5424    -23.225829700004557  -1.1551503462296675  25.341624530610055
5425    -22.074459457375429  -1.5562477704260542  24.506062891189359
5426    -22.473325944022505  -1.4133928943176641  24.326248215684455
5427    -22.81695940509233  -1.1690621549191194  24.173965716969686
5428    -23.276931984565238  -1.8790037494159493  27.960734290737243
5429    -23.777755336262498  -1.7225807080497699  27.784656313944684
5430    -24.220263149010496  -1.4390489757011575  27.632458249986133
5431    -22.92743729488096  -1.897118699149388  26.79291184558716
5432    -23.42390560257391  -1.7358287567132649  26.605921263768927
5433    -23.860212747999945  -1.44608227458213  26.442583624537363
5434    -22.554659607585982  -1.9202476645662163  25.632474405724167
5435    -23.046384902952699  -1.7528307498129576  25.434689322286836
5436    -23.476282475037316  -1.4561910179969664  25.260275701924257
5437    -22.157791952195371  -1.9463666055461104  24.484025219447233
5438    -22.642810719125123  -1.7711211173304349  24.271650645693541
5439    -23.067344518304697  -1.4686323131017025  24.086988619937909
5440    -23.631735604429654  -0.34467020002467769  27.792752176311506
5441    -23.733394010981325  -0.16339364904287984  27.756371812574447
5442    -23.770717966152525  -0.035362073762361598  27.74216876318533
5443    -23.262902969539994  -0.35949363978190985  26.615184903695475
5444    -23.365639178162425  -0.17304033933135288  26.578008730608545
5445    -23.40380088602322  -0.030723159474865456  26.563848786793685
5446    -22.870393958342515  -0.37661646474868055  25.446848674229312
5447    -22.973052261737976  -0.18362556320053386  25.408731531412236
5448    -23.011429418358823  -0.026290012506399146  25.394536529889969
5449    -22.458577819280688  -0.3897091373474435  24.28858560394297
5450    -22.557029732448139  -0.18923328303702291  24.249526992163489
5451    -22.593258908682881  -0.022640953121024487  24.235039417770359
5452    -23.94841109471572  -0.57631620015668639  27.699537141835425
5453    -24.099048902647446  -0.29602751082976086  27.647774335723014
5454    -24.153908227194407  -0.032753371213310845  27.627464729310468
5455    -23.58006256159932  -0.58674638584003025  26.514827324197999
5456    -23.729645371728768  -0.30186013928325028  26.461358477942301
5457    -23.784417154081609  -0.028381627856017281  26.440872215526969
5458    -23.187767874657126  -0.59948684428792132  25.338874846551963
5459    -23.335150173555984  -0.30863560815011926  25.283753758037768
5460    -23.389217598791795  -0.024216415184550855  25.263119807711483
5461    -22.77477726770698  -0.61061066695486443  24.173718826421499
5462    -22.91664880275253  -0.3125117337462166  24.116501472774235
5463    -22.967967317944684  -0.020676860087563358  24.095076028389116
5464    -24.265086585001793  -0.80796220028869525  27.60632210735934
5465    -24.464703794313579  -0.42866137261664161  27.539176858871595
5466    -24.537098488236296  -0.030144668664260001  27.512760695435595
5467    -23.89722215365865  -0.8139991318981511  26.414469744700511
5468    -24.093651565295104  -0.43067993923514786  26.344708225276069
5469    -24.165033422139999  -0.026040096237169096  26.317895644260258
5470    -23.505141790971731  -0.82235722382716192  25.230901018874611
5471    -23.697248085373996  -0.43364565309970443  25.158775984663304
5472    -23.767005779224771  -0.022142817862702537  25.131703085533008
5473    -23.090976716133273  -0.83151219656228537  24.058852048900029
5474    -23.276267873056934  -0.4357901844554104  23.983475953384989
5475    -23.342675727206483  -0.018712767054102283  23.955112639007883
5476    -24.581762075287859  -1.0396082004207041  27.513107072883258
5477    -24.830358685979704  -0.56129523440352291  27.43057938202017
5478    -24.920288749278178  -0.027535966115209257  27.398056661560734
5479    -24.214381745717983  -1.0412518779562716  26.314112165203031
5480    -24.457657758861441  -0.55949973918704576  26.228057972609825
5481    -24.545649690198388  -0.023698564618320941  26.194919072993528
5482    -23.822515707286342  -1.045227603366403  25.122927191197256
5483    -24.059345997192001  -0.55865569804929016  25.03379821128885
5484    -24.144793959657747  -0.020069220540854263  25.000286363354522
5485    -23.407176164559566  -1.0524137261697064  23.943985271378562
5486    -23.635886943361328  -0.55906863516460426  23.850450433995743
5487    -23.71738413646829  -0.01674867402064123  23.815149249626636
5488    -23.726116039040697  0.098795965945448122  27.750884158347834
5489    -23.608912927268246  0.29460992862882779  27.778633976517792
5490    -23.442012597223425  0.48312898799870263  27.826456776594341
5491    -23.358686013384954  0.11694006661160364  26.572416721387338
5492    -23.241779236534622  0.31601525663600777  26.600949050182294
5493    -23.078357352057832  0.50431533810415052  26.651937104504654
5494    -22.966283127113023  0.13562934650005276  25.403073689448863
5495    -22.850566949462721  0.33936037887079612  25.432605230575007
5496    -22.691105037472838  0.52819242897852992  25.486875224677274
5497    -22.550540972970165  0.1479028509890308  24.243886667979048
5498    -22.439902302108397  0.357732604036894  24.274474258089274
5499    -22.28468301433087  0.54895084275714379  24.330560122302547
5500    -24.090207657822397  0.23566097203778591  27.642401665279678
5501    -23.924672753857855  0.52806556499551482  27.687158766218303
5502    -23.689662408556295  0.78956948131588101  27.757617804386868
5503    -23.721285636990334  0.24960466366976652  26.455855782490705
5504    -23.558086476927002  0.54503609100203176  26.502226255737213
5505    -23.328078975389612  0.80777938019920303  26.577763745286987
5506    -23.327129294154517  0.26409719296473411  25.278158140060032
5507    -23.167146461171281  0.56395828160504768  25.326157092339209
5508    -22.942615963571335  0.82869631202783822  25.406781167660476
5509    -22.908967899428738  0.27448460287987619  24.110879159670517
5510    -22.755302902207074  0.58035875391305025  24.160992440047544
5511    -22.535876650493631  0.84815710488223095  24.244668505386514
5512    -24.454299276604107  0.37252597813012378  27.533919172211508
5513    -24.240432580447454  0.76152120136220192  27.595683555918807
5514    -23.937312219889158  1.0960099746330594  27.688778832179388
5515    -24.083885260595707  0.38226926072792949  26.339294843594072
5516    -23.874393717319357  0.77405692536805604  26.403503461292122
5517    -23.577800598721385  1.1112434222942555  26.503590386069313
5518    -23.687975461196014  0.39256503942941562  25.153242590671187
5519    -23.483725972879856  0.78855618433929919  25.219708954103425
5520    -23.194126889669825  1.1292001950771464  25.326687110643675
5521    -23.267394825887315  0.40106635477072167  23.977871651362001
5522    -23.070703502305754  0.80298490378920617  24.047510622005802
5523    -22.787070286656409  1.1473633670073182  24.158776888470491
5524    -24.818390895385807  0.50939098422246154  27.425436679143349
5525    -24.556192407037052  0.99497683772888956  27.504208345619318
5526    -24.184962031222021  1.4024504679502379  27.619939859971915
5527    -24.446484884201084  0.51493385778609224  26.222733904697442
5528    -24.190700957711734  1.0030777597340796  26.304780666847037
5529    -23.827522222053172  1.4147074643893087  26.429417026851645
5530    -24.048821628237519  0.52103288589409691  25.028327041282356
5531    -23.800305484588421  1.0131540870735511  25.113260815867623
5532    -23.445637815768325  1.4297040781264545  25.246593053626881
5533    -23.625821752345882  0.52764810666156714  23.844864143053471
5534    -23.386104102404435  1.0256110536653618  23.934028803964068
5535    -23.038263922819169  1.4465696291324051  24.072885271554448
5536    -23.23752950109473  0.61667921985563579  27.901690590851523
5537    -22.987999292398126  0.69582532096670413  28.000953178636532
5538    -22.87835025239465  0.63807677443675814  26.731724802211854
5539    -22.63423426538689  0.71715083633756282  26.835581205408733
5540    -22.495605238859785  0.66294491245467435  25.571206353869929
5541    -22.256961610626568  0.74339521438553058  25.679637161687378
5542    -22.09273794208837  0.68635728540474727  24.419539213821459
5543    -21.859378519827143  0.77152533406599944  24.534845862259878
5544    -23.404104488896255  0.97646613577165242  27.857470642443293
5545    -23.069702094450118  1.0858221096907392  27.981819074655334
5546    -23.047689448361712  0.9964031407810986  26.684313961789975
5547    -22.718456816477854  1.1067668915469995  26.815320340934552
5548    -22.667459732155113  1.0198232172936739  25.520006069040949
5549    -22.343517396938392  1.1326359593709017  25.657628249918393
5550    -22.264923448352263  1.0426103891072203  24.364376536404937
5551    -21.946773702160193  1.1606008257636606  24.511411523540016
5552    -23.57067947669778  1.3362530516876692  27.813250694035055
5553    -23.1514048965021  1.4758188984147738  27.962684970674129
5554    -23.21702864432876  1.354729507125439  26.636903121368082
5555    -22.802679367568814  1.4963829467564347  26.795059476460366
5556    -22.839314225450426  1.3767015221326735  25.468805784211966
5557    -22.430073183250204  1.5218767043562731  25.635619338149418
5558    -22.437108954616154  1.398863492809693  24.309213858988421
5559    -22.034168884493241  1.5496763174613213  24.487977184820135
5560    -23.737254464499305  1.6960399676036857  27.769030745626821
5561    -23.23310769855409  1.8658156871388087  27.943550866692927
5562    -23.386367840295822  1.7130558734697801  26.589492280946207
5563    -22.886901918659778  1.8859990019658706  26.774798611986185
5564    -23.011168718745751  1.7335798269716731  25.417605499382979
5565    -22.516628969562021  1.9111174493416441  25.613610426380426
5566    -22.609294460880051  1.7551165965121669  24.254051181571889
5567    -22.121564066826284  1.9387518091589822  24.464542846100269
5568    -21.172250437672911  0.83436546617429419  23.531391316841429
5569    -20.915971298757203  0.80538779754873857  23.670323434148912
5570    -20.702389218652268  0.72041209187584709  23.811118907622209
5571    -20.526782174375956  0.58723501547713663  23.91372096992848
5572    -20.728551583911269  0.86747696805290375  22.416169107043967
5573    -20.484614047219452  0.83738893451992125  22.558344984142998
5574    -20.276205381809195  0.75001650568755596  22.703062866951456
5575    -20.103516910526935  0.61341940373001036  22.810478314920701
5576    -20.256675619878781  0.89933160775488774  21.31466869451787
5577    -20.024682080266921  0.86851594531280074  21.459444709171482
5578    -19.820708419998315  0.77945758874641802  21.606889702875002
5579    -19.65054091656615  0.63982319722835967  21.718474914270267
5580    -19.755264957965892  0.92820843617683213  20.227928336736611
5581    -19.529285989358652  0.89534905633079376  20.375134800854912
5582    -19.328415563160462  0.80234312599345137  20.526138160970518
5583    -19.159979435628458  0.65961517132080116  20.640867288135663
5584    -21.178709312619517  1.2342041728339006  23.540782812419813
5585    -20.838408238236322  1.1951412541906827  23.71110725870934
5586    -20.536139487073356  1.0771891348775464  23.879633747745384
5587    -20.278991429251434  0.8853836774861894  24.01207631471312
5588    -20.734882307464396  1.2673203450583563  22.425493097869328
5589    -20.404543566953375  1.2264683931066882  22.60312058171564
5590    -20.1074087940531  1.1046418788543493  22.777761071212758
5591    -19.854585011559788  0.90775026632184774  22.916968294040231
5592    -20.262624850959451  1.2991943461786475  21.323354907581233
5593    -19.941996871638931  1.2569309516300951  21.507849263771625
5594    -19.649528870592523  1.1319312823314602  21.68779373262052
5595    -19.400777790746123  0.93033110536937913  21.833329446095046
5596    -19.760566919928348  1.3281048501944706  20.235327475550164
5597    -19.445567794209087  1.2834665692987817  20.425488546063804
5598    -19.157477242545564  1.1538055310980253  20.612571102226635
5599    -18.911792262416999  0.94833177604667374  20.763528811071211
5600    -21.185168187566131  1.6340428794935069  23.550174307998194
5601    -20.760845177715446  1.5848947108326261  23.751891083269772
5602    -20.369889755494452  1.4339661778792465  23.948148587868555
5603    -20.031200684126915  1.1835323394952422  24.110431659497763
5604    -20.741213031017523  1.6671637220638091  22.434817088694686
5605    -20.324473086687295  1.6155478516934556  22.647896179288278
5606    -19.938612206296995  1.4592672520211434  22.852459275474065
5607    -19.605653112592631  1.202081128913685  23.023458273159768
5608    -20.268574082040118  1.6990570846024069  21.332041120644586
5609    -19.859311663010942  1.6453459579473888  21.556253818371765
5610    -19.478349321186712  1.4844049759165023  21.768697762366031
5611    -19.151014664926095  1.2208390135103984  21.948183977919822
5612    -19.765868881890796  1.728001264212109  20.242726614363715
5613    -19.361849599059511  1.67158408226677  20.475842291272702
5614    -18.986538921930656  1.5052679362025991  20.699004043482738
5615    -18.66360508920555  1.2370483807725461  20.886190334006752
5616    -21.191627062512737  2.0338815861531132  23.559565803576579
5617    -20.683282117194565  1.9746481674745699  23.792674907830193
5618    -20.203640023915543  1.7907432208809457  24.016663427991734
5619    -19.783409939002389  1.4816810015042949  24.208787004282396
5620    -20.747543754570646  2.0670070990692624  22.444141079520048
5621    -20.244402606421222  2.0046273102802243  22.692671776860912
5622    -19.769815618540896  1.813892625187937  22.927157479735367
5623    -19.356721213625484  1.4964119915055227  23.129948252279302
5624    -20.274523313120792  2.0989198230261668  21.340727333707949
5625    -19.776626454382956  2.0337609642646832  21.604658372971905
5626    -19.30716977178092  1.8368786695015444  21.849601792111546
5627    -18.901251539106067  1.5113469216514184  22.063038509744604
5628    -19.771170843853252  2.127897678229747  20.250125753177272
5629    -19.278131403909942  2.059701595234757  20.526196036481604
5630    -18.815600601315758  1.8567303413071725  20.785436984738858
5631    -18.415417915994094  1.5257649854984183  21.008851856942307
5632    -20.391090565658715  0.40287579398681145  23.986966932298063
5633    -20.30499825220528  0.19570663906004485  24.049647414846103
5634    -20.27539840099482  0.020553696049810614  24.076635613566932
5635    -19.970448079153979  0.42564946067089643  22.887799535054917
5636    -19.885667823254622  0.21119038461135536  22.95249281017303
5637    -19.856521700349681  0.017749711841883759  22.980100813448598
5638    -19.51957158450945  0.44874164616554529  21.799422488744643
5639    -19.435131584112121  0.22717671702267908  21.865294878644551
5640    -19.405915911484673  0.015547428059057955  21.89307378305039
5641    -19.031067767240831  0.46491922034219685  20.723043334517435
5642    -18.948831499203141  0.23620741424304753  20.788671925300573
5643    -18.920687558863506  0.014201448913432668  20.816108641063849
5644    -20.077068904212656  0.62206319125390175  24.109950964573486
5645    -19.945710875067277  0.31753308926426432  24.184133028990018
5646    -19.899856897438166  0.018779889878407695  24.214375533201778
5647    -19.657386504050731  0.63969202883462051  23.020446587626939
5648    -19.52931614953933  0.32845686501757421  23.096986095555238
5649    -19.484763860975725  0.016091076840417912  23.127769254734936
5650    -19.207874716136288  0.65763450088668274  21.942115842496257
5651    -19.082296093373618  0.33987884600981466  22.020463932242951
5652    -19.038616909245007  0.013999853300828802  22.051492205478766
5653    -18.722277788392791  0.67143273693539518  20.875027338870982
5654    -18.60049887155872  0.34682420563936572  20.954753460704623
5655    -18.558652684168369  0.012708761239816735  20.986192506812451
5656    -19.763047242766607  0.8412505885209921  24.232934996848901
5657    -19.586423497929271  0.43935953946848399  24.318618643133924
5658    -19.524315393881512  0.017006083707004783  24.35211545283661
5659    -19.344324928947501  0.85373459699834453  23.153093640198971
5660    -19.172964475824035  0.44572334542379299  23.241479380937456
5661    -19.113006021601766  0.014432441838952047  23.275437696021285
5662    -18.896177847763134  0.86652735560781957  22.084809196247871
5663    -18.729460602635115  0.45258097499695027  22.175632985841357
5664    -18.671317907005342  0.012452278542599671  22.209910627907131
5665    -18.413487809544762  0.87794625352859312  21.027011343224526
5666    -18.252166243914303  0.45744099703568447  21.120834996108666
5667    -18.196617809473224  0.011216073566200802  21.156276372561038
5668    -19.449025581320548  1.0604379857880821  24.355919029124326
5669    -19.227136120791279  0.56118598967270394  24.45310425727784
5670    -19.148773890324854  0.015232277535601902  24.48985537247146
5671    -19.031263353844256  1.0677771651620687  23.28574069277099
5672    -18.816612802108743  0.56298982583001189  23.385972666319674
5673    -18.74124818222781  0.012773806837486218  23.423106137307631
5674    -18.584480979389973  1.0754202103289563  22.227502549999489
5675    -18.376625111896612  0.5652831039840861  22.330802039439753
5676    -18.304018904765684  0.01090470378437057  22.368329050335507
5677    -18.104697830696718  1.0844597701217917  21.178995347578073
5678    -17.903833616269885  0.56805778843200327  21.286916531512716
5679    -17.834582934778091  0.0097233858925848682  21.326360238309636
5680    -20.310215072417723  -0.1580753326467981  24.053241507246636
5681    -20.406049366048475  -0.37360063578580383  23.995298556746604
5682    -20.552810007642488  -0.56808790474390669  23.923465181174272
5683    -19.890992077696531  -0.17864335342946636  22.956527299816052
5684    -19.985098914658103  -0.40022990757065396  22.89714698370323
5685    -20.128244156913592  -0.59670786515519969  22.82170897752389
5686    -19.440628245274187  -0.19861338708852805  21.869761575413168
5687    -19.534100090815599  -0.42626808836324426  21.809762361258748
5688    -19.674218184251266  -0.62474044787572758  21.731160437779973
5689    -18.954404484295079  -0.21005884738502756  20.793492092459381
5690    -19.045534832905776  -0.44422922674147347  20.734282916233962
5691    -19.183171561046013  -0.64563136379196773  20.654819732108507
5692    -19.952152389354325  -0.28284647927805373  24.188263788074039
5693    -20.093221113382288  -0.59424309054100521  24.118619604671057
5694    -20.30497014195138  -0.86579392549156631  24.023050758530378
5695    -19.535766160852294  -0.29870118421214298  23.101459118777353
5696    -19.673136374425106  -0.6157524036987404  23.029913390241813
5697    -19.879429618789906  -0.89082123521467249  22.929106479460259
5698    -19.088815992121603  -0.31396076104266996  22.025267767358994
5699    -19.223397648884191  -0.63667115991475631  21.95234808693089
5700    -19.424725084084297  -0.91526044939089701  21.846587200176149
5701    -18.607030596859946  -0.32324777768227503  20.959826833531721
5702    -18.737640594923633  -0.65226396264942554  20.885947993315131
5703    -18.935254772591136  -0.93446376973564593  20.777755110576241
5704    -19.594089706290919  -0.40761762590930922  24.323286068901464
5705    -19.780392860716105  -0.81488554529620638  24.24194065259552
5706    -20.057130276260267  -1.1634999462392259  24.122636335886497
5707    -19.180540244008061  -0.41875901499481949  23.246390937738649
5708    -19.361173834192101  -0.83127489982682712  23.162679796780399
5709    -19.630615080666217  -1.1849346052741452  23.036503981396624
5710    -18.737003738969019  -0.42930813499681153  22.180773959304823
5711    -18.912695206952794  -0.8470742314662677  22.094933812603042
5712    -19.175231983917328  -1.2057804509060663  21.962013962572321
5713    -18.259656709424821  -0.43643670797952222  21.126161574604073
5714    -18.4297463569415  -0.86029869855737751  21.037613070396294
5715    -18.68733798413626  -1.2232961756793239  20.900690489043985
5716    -19.236027023227514  -0.53238877254056471  24.458308349728874
5717    -19.467564608049919  -1.0355280000514078  24.365261700519969
5718    -19.809290410569155  -1.4612059669868855  24.22222191324261
5719    -18.825314327163827  -0.53881684577749611  23.391322756699942
5720    -19.049211293959104  -1.0467973959549137  23.295446203318985
5721    -19.381800542542528  -1.4790479753336176  23.143901483332996
5722    -18.385191485816428  -0.5446555089509536  22.336280151250648
5723    -18.601992765021382  -1.0574773030177795  22.23751953827518
5724    -18.925738883750352  -1.4963004524212355  22.077440724968504
5725    -17.912282821989685  -0.54962563827676969  21.292496315676409
5726    -18.121852118959357  -1.0683334344653295  21.189278147477463
5727    -18.439421195681376  -1.5121285816230026  21.023625867511718
5728    -20.739026284127654  -0.70974596640672494  23.821580536251471
5729    -20.961109509091663  -0.80069137204434193  23.68398855502879
5730    -21.220791448279581  -0.83385139961015264  23.547104822606673
5731    -20.310433041160326  -0.74070877556175418  22.715089078796716
5732    -20.526654205651209  -0.83331597484574005  22.57335612628227
5733    -20.773784698398721  -0.86690505759583458  22.433048794257033
5734    -19.85278244548633  -0.77092057658639446  21.620443621992983
5735    -20.063889549496643  -0.86488568441459157  21.47575518071239
5736    -20.298871365030514  -0.89874019190934706  21.33266258582859
5737    -19.359437405403352  -0.79443337175530582  20.540844354413775
5738    -19.567011194678887  -0.89204531519924424  20.392219330656143
5739    -19.79582002324322  -0.92765179578328361  20.246464380319722
5740    -20.570769733208191  -1.0651190203589862  23.892340815275542
5741    -20.879860481740355  -1.1894736430660631  23.726750506569743
5742    -21.222954964638664  -1.233694622734242  23.558103357010033
5743    -20.140167998130408  -1.0942096126298857  22.791698904660279
5744    -20.443661507280616  -1.2215844686807207  22.619845501282011
5745    -20.776647099311639  -1.2667519552620574  22.443762155476101
5746    -19.680662218886511  -1.1225525589688163  21.702913792762999
5747    -19.979041285213956  -1.252651340505387  21.525599207014473
5748    -20.302177953755741  -1.2986057836147948  21.342511463894315
5749    -19.18775223082438  -1.1451818986524578  20.628588810076799
5750    -19.481471578279461  -1.2795860771615803  20.44388012076411
5751    -19.79887417072911  -1.3275498234123178  20.254963773329912
5752    -20.402513182288729  -1.420492074311247  23.963101094299599
5753    -20.798611454389057  -1.5782559140877854  23.769512458110697
5754    -21.22511848099774  -1.633537845858331  23.569101891413403
5755    -19.969902955100494  -1.4477104496980182  22.868308730523836
5756    -20.360668808910027  -1.6098529625157023  22.666334876281748
5757    -20.779509500224567  -1.6665988529282811  22.454475516695172
5758    -19.508541992286702  -1.4741845413512384  21.785383963533
5759    -19.894193020931283  -1.6404169965961826  21.575443233316545
5760    -20.305484542480976  -1.6984713753202416  21.352360341960036
5761    -19.016067056245426  -1.4959304255496098  20.716333265739809
5762    -19.395931961880056  -1.6671268391239153  20.495540910872069
5763    -19.801928318215015  -1.7274478510413518  20.263463166340106
5764    -20.23425663136927  -1.7758651282635087  24.033861373323671
5765    -20.717362427037756  -1.9670381851095069  23.812274409651653
5766    -21.227281997356826  -2.0333810689824197  23.580100425816759
5767    -19.799637912070576  -1.8012112867661507  22.944918556387396
5768    -20.277676110539435  -1.9981214563506819  22.712824251281489
5769    -20.782371901137484  -2.0664457505945046  22.46518887791423
5770    -19.336421765686886  -1.8258165237336605  21.867854134303009
5771    -19.809344756648592  -2.0281826526869779  21.625287259618624
5772    -20.308791131206196  -2.0983369670256899  21.362209220025754
5773    -18.844381881666465  -1.8466789524467608  20.804077721402834
5774    -19.310392345480629  -2.0546676010862512  20.547201700980043
5775    -19.804982465700913  -2.1273458786703863  20.271962559350293
5776    -21.481398975899562  -0.80543299130020574  23.418496041359017
5777    -21.702892384198595  -0.72136136419352315  23.29654418333709
5778    -21.881953565980002  -0.58914120856796592  23.203887738157476
5779    -21.022158739026967  -0.83748381015566931  22.300535928080102
5780    -21.238643154449019  -0.75120086719582091  22.173486487358247
5781    -21.414913903610763  -0.61564309579538812  22.075389317739621
5782    -20.535088049345095  -0.86865406292651548  21.196211170619321
5783    -20.746704857435105  -0.7807874396332396  21.064000142434733
5784    -20.920261304655241  -0.64223001004548319  20.960427784274017
5785    -20.025201199081245  -0.89543525578692673  20.105475044759146
5786    -20.232173646023458  -0.80345356384000388  19.965815023271524
5787    -20.4031868822089  -0.66170446112751435  19.857006272255049
5788    -21.56599947350923  -1.1952366721865693  23.394236800447054
5789    -21.873067715219776  -1.078109217474263  23.237307907414998
5790    -22.132063389753434  -0.88698115756102747  23.110619657536279
5791    -21.109784738886784  -1.2265994207444153  22.272135375149055
5792    -21.411804220495895  -1.1057485650441832  22.108293569422251
5793    -21.666547241949878  -0.90960706737505947  21.974415476268806
5794    -20.625449350712113  -1.2570945951785031  21.163112820742882
5795    -20.922495521762134  -1.1331442085856538  20.99233648692363
5796    -21.173026516813088  -0.93232520321196355  20.851256911435119
5797    -20.115959901009166  -1.2835996096877988  20.06848567093396
5798    -20.407586456032412  -1.1548576426696771  19.887970375145635
5799    -20.654501882686915  -0.95009104210506912  19.740070604271367
5800    -21.650599971118901  -1.5850403530729331  23.369977559535105
5801    -22.043243046240956  -1.4348570707550035  23.178071631492912
5802    -22.382173213526858  -1.184821106554089  23.017351576915093
5803    -21.197410738746591  -1.6157150313331612  22.243734822218009
5804    -21.584965286542783  -1.4602962628925458  22.043100651486267
5805    -21.918180580288986  -1.2035710389547312  21.873441634797995
5806    -20.715810652079135  -1.6455351274304897  21.130014470866438
5807    -21.098286186089169  -1.4855009775380688  20.920672831412535
5808    -21.425791728970914  -1.2224203963784441  20.742086038596224
5809    -20.206718602937087  -1.6717639635886716  20.03149629710877
5810    -20.582999266041352  -1.5062617214993508  19.810125727019745
5811    -20.905816883164935  -1.2384776230826242  19.623134936287698
5812    -21.735200468728564  -1.9748440339592965  23.345718318623142
5813    -22.213418377262141  -1.7916049240357437  23.11883535557082
5814    -22.632283037300294  -1.4826610555471502  22.924083496293893
5815    -21.285036738606411  -2.0048306419219069  22.215334269286959
5816    -21.758126352589667  -1.8148439607409084  21.977907733550275
5817    -22.169813918628098  -1.497535010534403  21.772467793327181
5818    -20.806171953446153  -2.0339756596824778  21.096916120989995
5819    -21.274076850416201  -1.8378577464904831  20.849009175901436
5820    -21.678556941128761  -1.5125155895449247  20.632915165757325
5821    -20.297477304865005  -2.0599283174895433  19.994506923283581
5822    -20.758412076050305  -1.8576658003290236  19.732281078893855
5823    -21.157131883642961  -1.5268642040601788  19.506199268304023
5824    -22.021091366384873  -0.40501222927790365  23.142281810252499
5825    -22.115085277316641  -0.19684876619434563  23.101530046798729
5826    -22.149023161722063  -0.019607462120108297  23.086343751529128
5827    -21.551667165846204  -0.42800477244527324  22.009218593585626
5828    -21.644707048110188  -0.21241201011922889  21.965545611314656
5829    -21.678371400779881  -0.016849430620629012  21.949254899660229
5830    -21.054818094349358  -0.45121491958026677  20.889330844489841
5831    -21.147253212683477  -0.2284390723380737  20.842065435979432
5832    -21.180832099245546  -0.014687794360062373  20.824308888558985
5833    -20.535057028579015  -0.467170823413599  19.782553453512588
5834    -20.624081938891184  -0.23744601037728147  19.731581271061234
5835    -20.655933730508224  -0.013443489075884829  19.712041744620741
5836    -22.335836116350677  -0.62358444491700271  23.020024371680837
5837    -22.471949749201684  -0.31805864881768336  22.960206660604786
5838    -22.520379340714118  -0.017684093434796311  22.93771793875981
5839    -21.865756461526317  -0.64140853761018479  21.877906619527174
5840    -21.998828357649789  -0.32907454705027755  21.815159937701949
5841    -22.046085358351672  -0.015044717050400419  21.79183529076527
5842    -21.367888535056274  -0.65945668902847532  20.74857973146916
5843    -21.498320405014798  -0.34055933616927742  20.682430967409573
5844    -21.544621120593664  -0.013006064254647471  20.658015643043029
5845    -20.845582568762929  -0.67310264316593882  19.633257869015395
5846    -20.97146166821469  -0.34751292389996136  19.563089413071513
5847    -21.015522377176481  -0.011815468367808717  19.536846554230628
5848    -22.650580866316474  -0.84215666055610172  22.897766933109182
5849    -22.828814221086741  -0.43926853144102124  22.818883274410844
5850    -22.891735519706192  -0.015760724749484398  22.789092125990511
5851    -22.17984575720644  -0.85481230277509634  21.746594645468718
5852    -22.352949667189389  -0.44573708398132605  21.664774264089235
5853    -22.413799315923452  -0.013240003480171894  21.634415681870308
5854    -21.680958975763204  -0.86769845847668337  20.607828618448469
5855    -21.849387597346123  -0.45267960000048107  20.52279649883971
5856    -21.908410141941786  -0.011324334149232652  20.491722397527063
5857    -21.156108108946846  -0.87903446291827869  19.483962284518213
5858    -21.318841397538208  -0.4575798374226413  19.394597555081802
5859    -21.375111023844738  -0.010187447659732646  19.361651363840505
5860    -22.965325616282279  -1.060728876195201  22.775509494537513
5861    -23.185678692971795  -0.56047841406435905  22.677559888216901
5862    -23.263091698698254  -0.013837356064172458  22.640466313221193
5863    -22.493935052886552  -1.0682160679400079  21.615282671410267
5864    -22.707070976728993  -0.56239962091237461  21.514388590476528
5865    -22.781513273495239  -0.011435289909943344  21.476996072975357
5866    -21.994029416470116  -1.0759402279248922  20.467077505427785
5867    -22.200454789677444  -0.56479986383168468  20.363162030269844
5868    -22.272199163289908  -0.0096426040438178512  20.325429152011104
5869    -21.466633649130767  -1.0849662826706183  19.334666700021025
5870    -21.666221126861718  -0.56764675094532135  19.226105697092081
5871    -21.734699670513006  -0.0085594269516564014  19.186456173450388
5872    -22.108824685948086  0.16105105596803912  23.095918308375232
5873    -22.003355663322427  0.37746132193815851  23.128354383624838
5874    -21.852123177262989  0.57165943425467913  23.186721204545311
5875    -21.638440968939253  0.18162859520315114  21.959915234774357
5876    -21.534549174845012  0.40428352971505899  21.995462855567094
5877    -21.386812884633407  0.60060450092720463  22.058333484909156
5878    -21.140935766539972  0.20157075088745996  20.836435011732547
5879    -21.038186732065995  0.43039794707621665  20.875799910538177
5880    -20.893712692903929  0.62880278887209684  20.943554358093245
5881    -20.617855023346532  0.21281280521405863  19.72603520380591
5882    -20.518972230375244  0.44800329373025244  19.76936578516019
5883    -20.377783158536374  0.64927104418673176  19.840541218796631
5884    -22.464522393399218  0.28551407696985576  22.954577428356668
5885    -22.317277534924216  0.59778291890293755  23.007338822895132
5886    -22.102871505430688  0.8692504093454243  23.094355243760464
5887    -21.991473170908101  0.30138363702294291  21.809502804115457
5888    -21.847825075100975  0.61945544964849975  21.86527468709081
5889    -21.638794857720274  0.89454447423908645  21.958123925573499
5890    -21.490988683452855  0.31661558334673634  20.676762615073621
5891    -21.350445189686194  0.64042185640355909  20.736049079921862
5892    -21.146525774849732  0.91909552500159464  20.835002570948976
5893    -20.964237382530946  0.32573221624883425  19.557464189357862
5894    -20.828637545628766  0.65572764942193773  19.620911048675509
5895    -20.628943324306427  0.9379597870713261  19.724019200010162
5896    -22.820220100850371  0.40997709797167203  22.813236548338111
5897    -22.631199406526004  0.81810451586771682  22.886323262165416
5898    -22.353619833598387  1.1668413844361694  23.001989282975622
5899    -22.344505372876952  0.42113867884273459  21.659090373456564
5900    -22.161100975356934  0.8346273695819405  21.735086518614526
5901    -21.890776830807138  1.1884844475509682  21.857914366237846
5902    -21.841041600365735  0.43166041580601255  20.517090218414694
5903    -21.662703647306412  0.85044576573090125  20.596298249305534
5904    -21.399338856795541  1.2093882611310927  20.726450783804705
5905    -21.310619741715392  0.43865162728360962  19.388893174909814
5906    -21.138302860882277  0.86345200511362308  19.47245631219084
5907    -20.8801034900765  1.2266485299559204  19.607497181223703
5908    -23.175917808301506  0.53444011897348842  22.671895668319539
5909    -22.945121278127779  1.0384261128324959  22.765307701435709
5910    -22.604368161766086  1.4644323595269146  22.909623322190772
5911    -22.697537574845796  0.54089372066252617  21.508677942797661
5912    -22.474376875612894  1.0497992895153816  21.604898350138246
5913    -22.142758803894004  1.4824244208628505  21.757704806902197
5914    -22.191094517278618  0.54670524826528899  20.357417821755764
5915    -21.974962104926608  1.0604696750582436  20.456547418689219
5916    -21.652151938741355  1.4996809972605907  20.617898996660436
5917    -21.657002100899803  0.55157103831838539  19.22032216046177
5918    -21.447968176135799  1.0711763608053082  19.324001575706159
5919    -21.131263655846549  1.5153372728405154  19.490975162437238
5920    -21.663410532785814  0.71219534577838162  23.280538423787206
5921    -21.435356295046628  0.8019298855211997  23.402712154976005
5922    -21.201870850876009  0.74343662046893977  22.157120058444651
5923    -20.979283805552441  0.83469571121662922  22.283862964961024
5924    -20.712440881784943  0.77379887257471847  21.047339635224471
5925    -20.495134593868769  0.86633691859257889  21.178706222915267
5926    -20.199442610938608  0.79699986519401422  19.949252671557357
5927    -19.986882202519766  0.89336761508934059  20.08764985953907
5928    -21.835969983451921  1.0676070098408195  23.220627986524686
5929    -21.52363977526328  1.1907692419841998  23.377043539330614
5930    -21.376794941337526  1.0969321324994701  22.091246066423544
5931    -21.069816691056197  1.2230107298014419  22.254197637874608
5932    -20.889365756161968  1.1253848299598896  20.974984884881138
5933    -20.587624863400336  1.2541394575815958  21.144492485684705
5934    -20.375649862078156  1.1477641750987966  19.87059855067703
5935    -20.079384706157047  1.2809695936908698  20.04954674927362
5936    -22.008529434118035  1.4230186739032573  23.160717549262163
5937    -21.611923255479923  1.5796085984471988  23.351374923685231
5938    -21.551719031799038  1.4504276445300013  22.025372074402462
5939    -21.160349576559948  1.6113257483862551  22.224532310788202
5940    -21.066290630538997  1.4769707873450619  20.902630134537809
5941    -20.680115132931885  1.6419419965706132  21.110278748454157
5942    -20.551857113217689  1.4985284850035787  19.791944429796704
5943    -20.171887209794313  1.6685715722923991  20.011443639008164
5944    -22.181088884784138  1.7784303379656949  23.100807111999639
5945    -21.700206735696579  1.968447954910199  23.325706308039834
5946    -21.726643122260562  1.8039231565605311  21.959498082381366
5947    -21.250882462063696  1.9996407669710676  22.194866983701779
5948    -21.243215504916016  1.8285567447302338  20.830275384194472
5949    -20.772605402463451  2.0297445355596295  21.076065011223591
5950    -20.728064364357248  1.8492927949083602  19.713290308916381
5951    -20.264389713431594  2.0561735508939281  19.973340528742707
5952    -19.222234435121678  0.95233968690905191  19.156158023847251
5953    -18.998795466705133  0.91736583165821406  19.306884527562527
5954    -18.8000518559559  0.82007371178440425  19.461341713902062
5955    -18.632966648867896  0.67427776699529451  19.579183838797391
5956    -18.658306789861015  0.9721659718420641  18.098590100498114
5957    -18.438922132592854  0.93675006227271052  18.254320867755482
5958    -18.242009235756353  0.83784650976675246  18.411288228012438
5959    -18.07636236437401  0.68951077829347407  18.533239124342892
5960    -18.066336286922976  0.98927890932275775  17.05479635591464
5961    -17.850789470594851  0.95414131491769993  17.216192578192196
5962    -17.655305271569848  0.85496415881910082  17.3768980393974
5963    -17.490880265684805  0.70480901014446551  17.503618898641086
5964    -17.449177191046633  1.0052701176980219  16.024348579322272
5965    -17.235520964284152  0.9701791563365999  16.191248415631176
5966    -17.040957532404438  0.87072929782005604  16.359091484152703
5967    -16.877234036338322  0.71966726747739584  16.490908915560944
5968    -19.227023710073613  1.3522682953932761  19.162016916785912
5969    -18.915463763559831  1.3054562311250417  19.358565697875399
5970    -18.631090226358157  1.1713061736090564  19.552734908476278
5971    -18.387983047996126  0.96250706018939536  19.709201949738652
5972    -18.662981096727389  1.3721126577876455  18.103179106518297
5973    -18.356122028759032  1.3247718913760465  18.30820840641773
5974    -18.074604622775396  1.1886455737367072  18.507619431362347
5975    -17.834303292593141  0.97678429318299831  18.67063455948696
5976    -18.071075076157669  1.3892339179649722  17.058497919072057
5977    -17.768686961980521  1.3420876434719875  17.272512539769451
5978    -17.489598684099931  1.205328140395828  17.478102868464198
5979    -17.251873277343229  0.9911278867700517  17.648170885439058
5980    -17.453941644632454  1.4052280565126523  16.027657228771933
5981    -17.154302935398132  1.358077580833061  16.24957396600929
5982    -16.877650662634458  1.2208582825012737  16.465063417361197
5983    -16.64181328338163  1.0055022526931257  16.642155172717981
5984    -19.231812985025552  1.7521969038775003  19.167875809724574
5985    -18.832132060414541  1.6935466305918701  19.410246868188274
5986    -18.462128596760401  1.5225386354337092  19.644128103050491
5987    -18.142999447124357  1.2507363533834961  19.83922006067991
5988    -18.667655403593766  1.7720593437332262  18.10776811253848
5989    -18.273321924925213  1.7127937204793815  18.362095945079975
5990    -17.907200009794423  1.539444637706662  18.603950634712259
5991    -17.59224422081228  1.2640578080725224  18.808029994631006
5992    -18.075813865392366  1.789188926607187  17.06219948222947
5993    -17.686584453366201  1.730033972026275  17.328832501346696
5994    -17.323892096630011  1.5556921219725559  17.579307697530986
5995    -17.012866289001646  1.2774467633956377  17.792722872237029
5996    -17.458706098218268  1.8051859953272831  16.030965878221597
5997    -17.073084906512118  1.7459760053295228  16.307899516387426
5998    -16.714343792864469  1.5709872671824923  16.571035350569694
5999    -16.406392530424938  1.2913372379088557  16.793401429875036
6000    -19.236602259977488  2.1521255123617249  19.173734702663236
6001    -18.748800357269232  2.0816370300586993  19.461928038501142
6002    -18.293166967162659  1.8737710972583621  19.735521297624715
6003    -17.898015846252594  1.5389656465775967  19.969238171621164
6004    -18.67232971046014  2.1720060296788075  18.112357118558666
6005    -18.190521821091398  2.1008155495827179  18.415983483742227
6006    -17.739795396813463  1.8902437016766171  18.700281838062171
6007    -17.3501851490314  1.5513313229620471  18.945425429775071
6008    -18.080552654627059  2.189143935249402  17.065901045386887
6009    -17.604481944751875  2.1179803005805637  17.385152462923951
6010    -17.158185509160095  1.9060561035492838  17.680512526597791
6011    -16.773859300660071  1.5637656400212241  17.937274859034993
6012    -17.46347055180409  2.2051439341419137  16.034274527671258
6013    -16.991866877626094  2.1338744298259846  16.366225066765534
6014    -16.55103692309449  1.9211162518637104  16.677007283778195
6015    -16.170971777468242  1.5771722231245855  16.944647687032074
6016    -18.50596494598987  0.47622259013915053  19.662549970145093
6017    -18.426395663659356  0.24163021306408231  19.727410159537744
6018    -18.399607571553446  0.013531233977529998  19.754165138450933
6019    -17.950707359315022  0.48886132843537256  18.620244768607844
6020    -17.871702882407867  0.25023859679502503  18.685311223212725
6021    -17.845042430114049  0.013531011371841383  18.711587707047919
6022    -17.366025572607008  0.50185605401330247  17.59495698386857
6023    -17.286571184567162  0.25974296316133838  17.661516570055451
6024    -17.259491986247568  0.014717538130419025  17.688007486857931
6025    -16.752650151256539  0.51422738565537951  16.585515869890138
6026    -16.672818599255731  0.26785370988848545  16.655167653795875
6027    -16.645456091656236  0.017607571287315132  16.683055617884044
6028    -18.201363918408298  0.6820508601457721  19.823543663790279
6029    -18.083351459603612  0.35166919560597737  19.904407741513623
6030    -18.043371019221262  0.012160483186202678  19.936077857190874
6031    -17.650495762296231  0.69326407369244425  18.79068158631642
6032    -17.534161502570822  0.35902473742422031  18.873028301184274
6033    -17.494727547137  0.01241256996418023  18.904657072938065
6034    -17.070309255768105  0.70483112711514617  17.77449098917366
6035    -16.954598169779242  0.36726800921471098  17.859374760279483
6036    -16.915142608724793  0.013839865996984752  17.891529952237114
6037    -16.461440334535396  0.7165107699536124  16.773021755086194
6038    -16.346330630547762  0.3747761890980657  16.8622067393622
6039    -16.307036544793814  0.01681721570785133  16.896296293271028
6040    -17.896762890826729  0.8878791301523935  19.984537357435471
6041    -17.740307255547876  0.46170817814787241  20.081405323489491
6042    -17.687134466889088  0.010789732394875372  20.117990575930804
6043    -17.35028416527744  0.8976668189495155  18.961118404025004
6044    -17.196620122733787  0.46781087805341559  19.060745379155804
6045    -17.144412664159958  0.011294128556519149  19.097726438828218
6046    -16.774592938929199  0.9078062002169901  17.954024994478726
6047    -16.622625154991322  0.47479305526808363  18.057232950503501
6048    -16.570793231202021  0.012962193863550405  18.095052417616294
6049    -16.170230517814247  0.91879415425184452  16.960527640282251
6050    -16.019842661839785  0.48169866830764585  17.069245824928519
6051    -15.968616997931393  0.016026860128387499  17.109536968658034
6052    -17.592161863245149  1.0937074001590148  20.145531051080656
6053    -17.397263051492132  0.57174716068976716  20.258402905465378
6054    -17.3308979145569  0.0094189816035480309  20.299903294670749
6055    -17.050072568258646  1.1020695642065872  19.131555221733574
6056    -16.859078742896745  0.57659701868261104  19.248462457127349
6057    -16.794097781182909  0.01017568714885796  19.290795804718368
6058    -16.478876622090279  1.1107812733188334  18.133558999783816
6059    -16.290652140203406  0.58231810132145578  18.255091140727544
6060    -16.226443853679239  0.012084521730116076  18.298574882995482
6061    -15.879020701093106  1.1210775385500773  17.148033525478301
6062    -15.693354693131814  0.58862114751722594  17.276284910494851
6063    -15.630197451068973  0.015236504548923613  17.322777644045019
6064    -18.432100545152561  -0.21662914651815032  19.732540201834794
6065    -18.520786859448634  -0.45637023518396141  19.674565064951203
6066    -18.656633883385968  -0.66110819485750194  19.594097089743347
6067    -17.877741430036647  -0.22512506506739308  18.690775404030475
6068    -17.966434206642376  -0.46879337696033763  18.632972887115539
6069    -18.101242601688202  -0.67638565711424914  18.548925458750738
6070    -17.292975925786724  -0.23234706936426705  17.667317681884253
6071    -17.382750289389271  -0.47978072683501161  17.608406104621658
6072    -17.51709896883667  -0.69014016258119193  17.520089087544985
6073    -16.679452819242194  -0.23509562574028353  16.661287018233956
6074    -16.770008522591567  -0.4876143595723933  16.599764439364311
6075    -16.904304237715344  -0.70104812327731247  16.508372224540469
6076    -18.089921335488803  -0.32900710095187308  19.909724633771837
6077    -18.216849633794439  -0.66350976120284832  19.835060615382993
6078    -18.411603992518231  -0.9492656517849476  19.724182358071531
6079    -17.540894597196221  -0.33576271208429703  18.87861355203383
6080    -17.66647841275109  -0.67405907219655503  18.802746436901437
6081    -17.858578615723321  -0.96318174490482489  18.686242668349337
6082    -16.961521638829858  -0.3412558506100638  17.865226789247718
6083    -17.086866428963123  -0.68318385007306237  17.787099223114691
6084    -17.276907722437944  -0.97558604155567252  17.664400598722018
6085    -16.35337371723735  -0.34322775605969041  16.868297546343527
6086    -16.478353179599999  -0.69015604927488727  16.786212739267096
6087    -16.667320392893629  -0.9858525341978861  16.659120706502012
6088    -17.747742125825045  -0.44138505538559591  20.08690906570887
6089    -17.912912408140222  -0.87064928722173485  19.995556165814794
6090    -18.16657410165049  -1.2374231087123935  19.854267626399718
6091    -17.204047764355821  -0.44640035910120107  19.066451700037188
6092    -17.366522618859804  -0.87932476743277221  18.972519986687328
6093    -17.615914629758436  -1.2499778326954007  18.823559877947947
6094    -16.630067351873009  -0.45016463185586059  18.06313589661119
6095    -16.790982568536968  -0.88658697331111302  17.965792341607717
6096    -17.036716476039206  -1.261031920530153  17.808712109899048
6097    -16.027294615232499  -0.4513598863790973  17.07530807445308
6098    -16.186697836608424  -0.89269773897738158  16.972661039169886
6099    -16.430336548071917  -1.2706569451184591  16.809869188463566
6100    -17.405562916161287  -0.55376300981931847  20.264093497645916
6101    -17.608975182486027  -1.0777888132406221  20.156051716246587
6102    -17.921544210782745  -1.5255805656398396  19.984352894727909
6103    -16.867200931515402  -0.55703800611810494  19.254289848040543
6104    -17.066566824968518  -1.0845904626689895  19.142293536473222
6105    -17.373250643793561  -1.5367739204859765  18.96087708754655
6106    -16.298613064916147  -0.55907341310165692  18.261045003974651
6107    -16.495098708110813  -1.0899900965491645  18.14448546010075
6108    -16.796525229640483  -1.5464777995046339  17.953023621076095
6109    -15.701215513227655  -0.55949201669850412  17.28231860256264
6110    -15.895042493616851  -1.0952394286798759  17.159109339072678
6111    -16.193352703250213  -1.5554613560390325  16.960617670425108
6112    -18.831466196934414  -0.81285401437450466  19.476639610251816
6113    -19.036759726789622  -0.91429321067226077  19.323976627147772
6114    -19.262958861984526  -0.95185373874070445  19.174386502320324
6115    -18.274593165659528  -0.83083067329621341  18.426865342496804
6116    -18.477975301451668  -0.933675046759469  18.270997967899067
6117    -18.70010512943626  -0.97175729054050231  18.116028446381996
6118    -17.6891653242118  -0.84697732411440163  17.392753167917867
6119    -17.891002927762596  -0.9506566365891137  17.232431235263526
6120    -18.109260989517821  -0.98895354476902098  17.07140915044603
6121    -17.07552968522436  -0.85990794242303881  16.375534703284099
6122    -17.276187614820046  -0.96570379328943978  16.20742431159465
6123    -17.492428606148639  -1.0050335950126041  16.040547552453724
6124    -18.661455068473256  -1.1632224242785856  19.569274215589644
6125    -18.951354831825928  -1.3017240316345853  19.377086945406127
6126    -19.265273330986346  -1.3517830801267829  19.181566709143155
6127    -18.105564750840085  -1.1804412235037467  18.524489134609482
6128    -18.392553186633169  -1.3208585990473709  18.326595642845295
6129    -18.701763780731135  -1.3717050027070465  18.122333512262543
6130    -17.521246589989328  -1.1958357781927784  17.495290197109508
6131    -17.80572794858675  -1.3375886612279855  17.290740598623092
6132    -18.110448310895187  -1.3889099719880384  17.077225097105849
6133    -16.909665897985445  -1.2084035702105174  16.482734033062929
6134    -17.191540423572309  -1.3525131000044754  16.267856198281009
6135    -17.493429712410197  -1.4049923688046881  16.046202378090928
6136    -18.491443940012093  -1.5135908341826672  19.661908820927462
6137    -18.86594993686224  -1.6891548525969093  19.430197263664471
6138    -19.267587799988164  -1.7517124215128621  19.188746915965989
6139    -17.936536336020641  -1.5300517737112802  18.622112926722142
6140    -18.307131071814673  -1.708042151335273  18.382193317791504
6141    -18.703422432026031  -1.7716527148735899  18.128638578143061
6142    -17.353327855766839  -1.5446942322711548  17.597827226301153
6143    -17.720452969410903  -1.7245206858668569  17.349049961982633
6144    -18.111635632272556  -1.7888663992070553  17.083041043765657
6145    -16.743802110746515  -1.5568991979979965  16.589933362841755
6146    -17.10689323232457  -1.7393224067195105  16.328288084967369
6147    -17.494430818671759  -1.8049511425967724  16.05185720372813
6148    -18.321432811550938  -1.8639592440867483  19.754543426265293
6149    -18.780545041898545  -2.0765856735592343  19.483307581922837
6150    -19.269902268989991  -2.1516417628989406  19.19592712278882
6151    -17.767507921201187  -1.8796623239188139  18.71973671883482
6152    -18.221708956996167  -2.095225703623175  18.437790992737728
6153    -18.705081083320916  -2.1716004270401346  18.134943644023608
6154    -17.185409121544364  -1.8935526863495311  17.70036425549279
6155    -17.635177990235061  -2.1114527105057284  17.407359325342203
6156    -18.112822953649928  -2.1888228264260734  17.08885699042548
6157    -16.577938323507588  -1.9053948257854756  16.697132692620578
6158    -17.022246041076826  -2.1261317134345465  16.388719971653739
6159    -17.495431924933317  -2.2049099163888561  16.057512029365331
6160    -19.488593616634901  -0.91745111992099015  19.027424557414186
6161    -19.69120668574277  -0.82102291230535329  18.879759471961783
6162    -19.85976147967045  -0.67603012601035095  18.765339644683827
6163    -18.920543975137125  -0.93699677866192677  17.961838925740047
6164    -19.119223674384145  -0.83905327151551901  17.807542434238908
6165    -19.285416113008118  -0.69137586169151299  17.686690404009987
6166    -18.32484143391256  -0.95457082640761903  16.909694740880763
6167    -18.520214563207851  -0.8564782948002192  16.748214690268348
6168    -18.684382154171484  -0.70685194802324425  16.620633143900957
6169    -17.705275152285861  -0.9706718575559502  15.871968593980366
6170    -17.898169303474148  -0.87223163548917071  15.700827020215586
6171    -18.060890975110134  -0.72156866485778726  15.566742458024123
6172    -19.578112974272667  -1.3055964745422253  18.987062608903951
6173    -19.864533984903151  -1.172233426576605  18.796424726593674
6174    -20.10814313363807  -0.96401500286672737  18.641350693537472
6175    -19.009147487468173  -1.3250346230353296  17.91786873584358
6176    -19.291332145131758  -1.1897440175657761  17.71925469861068
6177    -19.531552937280537  -0.97836787094122846  17.556093807829523
6178    -18.412693531325875  -1.3424926039015117  16.862545212471908
6179    -18.691231386473724  -1.2066427571766742  16.655482503679476
6180    -18.928381272279289  -0.99284567330980511  16.48398032313812
6181    -17.792381196575942  -1.3585489658751739  15.822733199507988
6182    -18.067482158684498  -1.2221829869487812  15.604130354282935
6183    -18.302278117299245  -1.0071444369536913  15.42469061545385
6184    -19.667632331910426  -1.6937418291634609  18.946700660393709
6185    -20.037861284063538  -1.5234439408478562  18.713089981225572
6186    -20.356524787605689  -1.2519998797231038  18.517361742391113
6187    -19.097750999799221  -1.7130724674087328  17.87389854594711
6188    -19.463440615879382  -1.5404347636160334  17.630966962982452
6189    -19.777689761552956  -1.2653598801909438  17.425497211649049
6190    -18.500545628739189  -1.7304143813954045  16.815395684063041
6191    -18.862248209739604  -1.5568072195531293  16.562750317090607
6192    -19.172380390387094  -1.2788393985963662  16.347327502375283
6193    -17.879487240866041  -1.7464260741943973  15.773497805035614
6194    -18.236795013894856  -1.5721343384083915  15.507433688350288
6195    -18.543665259488364  -1.2927202090495959  15.282638772883585
6196    -19.757151689548198  -2.0818871837846964  18.906338711883471
6197    -20.211188583223915  -1.874654455119108  18.629755235857463
6198    -20.604906441573309  -1.53998475657948  18.393372791244758
6199    -19.186354512130276  -2.1011103117821368  17.829928356050647
6200    -19.635549086626998  -1.8911255096662902  17.542679227354228
6201    -20.023826585825383  -1.5523518894406589  17.294900615468588
6202    -18.588397726152504  -2.1183361588892979  16.768246155654186
6203    -19.033265033005474  -1.9069716819295841  16.470018130501735
6204    -19.416379508494899  -1.5648331238829272  16.210674681612453
6205    -17.966593285156119  -2.1343031825136212  15.724262410563238
6206    -18.406107869105206  -1.9220856898680019  15.410737022417635
6207    -18.785052401677479  -1.5782959811454997  15.140586930313312
6208    -19.98891214792534  -0.47815127082340669  18.687227566820898
6209    -20.073586724915653  -0.24279787166822298  18.632530909481648
6210    -20.103159448354941  -0.013030461365775759  18.61126584118891
6211    -19.412638572900878  -0.49065777695707774  17.60274486872833
6212    -19.495272468781312  -0.25131623628485128  17.543971490121539
6213    -19.523885885720905  -0.013386319073265693  17.521127142400008
6214    -18.810339591873792  -0.50355258694920446  16.530616057002241
6215    -18.892164438106054  -0.26070196071743973  16.46732378218816
6216    -18.92048173471764  -0.014867489804602577  16.442662060839496
6217    -18.186118493212284  -0.5156979459343789  15.472351829409988
6218    -18.267287900507771  -0.26865590145626161  15.404008554888698
6219    -18.295315687456661  -0.01783040116603507  15.376907009092745
6220    -20.29583683797491  -0.68350406838112898  18.530034882190453
6221    -20.416898496801526  -0.35234652576416153  18.455706372396431
6222    -20.458515352963676  -0.011487998166356834  18.427614856563505
6223    -19.716110177785747  -0.69465839943432994  17.437594254599709
6224    -19.834586845512373  -0.35970357906691497  17.359170673724929
6225    -19.875142121509747  -0.012041734105609818  17.329735138026987
6226    -19.110443659665041  -0.70619902992220118  16.358034598123155
6227    -19.227526899042921  -0.36793232420830296  16.275028576348937
6228    -19.267662205587708  -0.013728527024092638  16.243986590883608
6229    -18.482878355082462  -0.71775935344140429  15.293454524640753
6230    -18.598718842088843  -0.3753810015884067  15.204826339560308
6231    -18.638335127970581  -0.016800227760332319  15.171148407395824
6232    -20.602761528024494  -0.88885686593885149  18.372842197560008
6233    -20.760210268687402  -0.46189517986009998  18.278881835311196
6234    -20.81387125757243  -0.0099455349669379852  18.243963871938107
6235    -20.019581782670606  -0.89865902191158165  17.272443640471099
6236    -20.173901222243437  -0.46809092184897888  17.174369857328308
6237    -20.226398357298578  -0.010697149137953938  17.138343133653983
6238    -19.410547727456283  -0.90884547289519857  16.185453139244061
6239    -19.562889359979799  -0.4751626876991662  16.082733370509711
6240    -19.614842676457783  -0.012589564243582771  16.045311120927707
6241    -18.779638216952645  -0.91982076094843002  15.11455721987152
6242    -18.930149783669926  -0.48210610172055191  15.005644124231919
6243    -18.981354568484498  -0.015770054354629557  14.965389805698898
6244    -20.909686218074071  -1.0942096634965743  18.215649512929563
6245    -21.103522040573274  -0.57144383395603837  18.102057298225972
6246    -21.169227162181166  -0.0084030717675190273  18.060312887312698
6247    -20.323053387555476  -1.1026596443888337  17.107293026342472
6248    -20.513215598974501  -0.57647826463104246  16.989569040931702
6249    -20.577654593087427  -0.0093525641702979917  16.946951129280954
6250    -19.710651795247529  -1.111491915868196  16.012871680364977
6251    -19.898251820916666  -0.5823930511900296  15.890438164670485
6252    -19.962023147327848  -0.01145060146307279  15.84663565097182
6253    -19.076398078822823  -1.1218821684554559  14.935659915102281
6254    -19.261580725251001  -0.58883120185269688  14.806461908903529
6255    -19.324374008998419  -0.014739880948926747  14.759631204001975
6256    -20.067485086960229  0.2188591819140272  18.627164884776057
6257    -19.973204645337365  0.45948304959056729  18.674652951817443
6258    -19.834871715033145  0.66413626322680142  18.749784793947342
6259    -19.489174389913618  0.22663618891524931  17.538833314466505
6260    -19.396983830357279  0.47130112790215972  17.591038272352925
6261    -19.260607716329226  0.67914185746487399  17.672489055963275
6262    -18.88606200419985  0.2332119347060235  16.462438336496209
6263    -18.79471499758537  0.48177689837104581  16.519848567576407
6264    -18.659624599535579  0.69272919567363944  16.607881267778097
6265    -18.261287001812128  0.23565452777464846  15.399377794484108
6266    -18.170803359172012  0.48922973070324183  15.462410658297733
6267    -18.036555801763125  0.70333964662578796  15.555188692325491
6268    -20.409812916945846  0.33108781674567783  18.45017879837236
6269    -20.279269491221896  0.66645734877939078  18.51805205692683
6270    -20.083101506621656  0.95226516599533395  18.625837417769748
6271    -19.827568529491586  0.33730626684023718  17.353766060648049
6272    -19.699694036251429  0.67653222950890624  17.426149737446973
6273    -19.506730987458326  0.9659168411552147  17.541410065320626
6274    -19.220562062651524  0.34231426831990497  16.269765825001766
6275    -19.094139339905212  0.68525293430015888  16.347182391317116
6276    -18.903725832001566  0.9781369487411713  16.470199016906435
6277    -18.591851358909071  0.3440385229720741  15.199717940250361
6278    -18.466833561371043  0.69192010584282315  15.283128319618482
6279    -18.277980105436406  0.9881476249434048  15.411666146770783
6280    -20.752140746931474  0.44331645157732819  18.273192711968679
6281    -20.585334337106417  0.87343164796821404  18.361451162036214
6282    -20.331331298210163  1.2403940687638666  18.501890041592162
6283    -20.16596266906955  0.4479763447652248  17.1686988068296
6284    -20.00240424214557  0.88176333111565219  17.261261202541014
6285    -19.75285425858743  1.2526918248455556  17.410331074677988
6286    -19.555062121103191  0.45141660193378641  16.077093313507337
6287    -19.393563682225032  0.88872897022927155  16.174516215057821
6288    -19.147827064467528  1.2635447018087029  16.332516766034775
6289    -18.922415716006014  0.45242251816949974  15.00005808601661
6290    -18.762863763570056  0.89461048098240459  15.103845980939232
6291    -18.519404409109676  1.2729556032610221  15.268143601216069
6292    -21.094468576917091  0.55554508640897871  18.096206625564985
6293    -20.891399182990945  1.0804059471570375  18.204850267145606
6294    -20.579561089798673  1.5285229715323994  18.377942665414565
6295    -20.504356808647518  0.55864642269021259  16.98363155301114
6296    -20.305114448039721  1.0869944327223988  17.09637266763507
6297    -19.998977529716527  1.539466808535896  17.279252084035335
6298    -19.889562179554868  0.56051893554766785  15.884420802012897
6299    -19.692988024544867  1.0922050061583841  16.001850038798523
6300    -19.391928296933511  1.5489524548762346  16.194834515163105
6301    -19.252980073102957  0.56080651336692533  14.800398231782863
6302    -19.05889396576908  1.0973008561219864  14.924563642259979
6303    -18.760828712782963  1.5577635815786395  15.124621055661359
6304    -19.658806422536152  0.81502065395425749  18.863999641563794
6305    -19.450271497256171  0.91543940963083648  19.010093886789836
6306    -19.08659199601529  0.83293324034728478  17.793096875160845
6307    -18.881423439711629  0.9347701521736812  17.945512008850393
6308    -18.487315259659734  0.84909180626800151  16.735163673474087
6309    -18.284875716234655  0.95172331170721047  16.894422694759292
6310    -17.865492141753254  0.86185053361131514  15.688819337629106
6311    -17.665166013173774  0.96666235722075877  15.857344413555104
6312    -19.833002135769291  1.1654653225468341  18.779495876244845
6313    -19.541713112636337  1.3029494084130493  18.968343774167
6314    -19.259839979860384  1.1825704510525274  17.703091077778897
6315    -18.972406692997726  1.3220070211658921  17.899694131141086
6316    -18.659724617416902  1.1979091696694144  16.640146369699909
6317    -18.375555436376729  1.3386763740165761  16.844957324584485
6318    -18.036217271504334  1.210311087451033  15.58942396642861
6319    -17.755249331908924  1.353491409032276  15.805492858885867
6320    -20.007197849002431  1.5159099911394096  18.694992110925881
6321    -19.6331547280165  1.6904594071952606  18.926593661544157
6322    -19.433087963705493  1.5322076617577707  17.613085280396938
6323    -19.063389946283817  1.7092438901581031  17.853876253431771
6324    -18.832133975174052  1.5467265330708284  16.545129065925725
6325    -18.466235156518803  1.7256294363259417  16.795491954409691
6326    -18.206942401255404  1.5587716412907511  15.490028595228107
6327    -17.845332650644071  1.7403204608437923  15.753641304216631
6328    -20.181393562235574  1.866354659731986  18.610488345606928
6329    -19.724596343396669  2.0779694059774729  18.884843548921328
6330    -19.606335947550591  1.8818448724630135  17.523079483014993
6331    -19.15437319956991  2.0964807591503143  17.808058375722464
6332    -19.004543332931224  1.8955438964722411  16.450111762151543
6333    -18.55691487666088  2.112582498635307  16.74602658423489
6334    -18.377667531006484  1.9072321951304692  15.390633224027615
6335    -17.935415969379225  2.1271495126553095  15.701789749547398
6336    -16.806263255029297  1.0208146553801751  15.009400203246564
6337    -16.592561728370278  0.98559621818601173  15.183357499561028
6338    -16.398449895347234  0.88528371336180134  15.358819596888123
6339    -16.235159854163587  0.73297235565746066  15.496085288664462
6340    -16.135990621501545  1.0355953605384909  14.012454674290522
6341    -15.92177910712202  1.0006325934366658  14.19579137441621
6342    -15.727898753965734  0.89941791245227221  14.376599462742325
6343    -15.565151985575284  0.74489415147659999  14.519704319127534
6344    -15.439657139952425  1.049715521155294  13.033608802795785
6345    -15.224929928451452  1.0151890408031743  13.226402434373966
6346    -15.031270451988728  0.91340761459370956  13.412700493604303
6347    -14.869061246990537  0.75685206700407304  13.561722042239648
6348    -14.718560659870974  1.0632784252129077  12.072959399103976
6349    -14.503771020270618  1.0291663190001494  12.273043073611518
6350    -14.310531333144986  0.92752853928835188  12.467392101363073
6351    -14.148738454826381  0.77026551430913637  12.622094493290334
6352    -16.811342684912045  1.4207704382104789  15.012227943760308
6353    -16.513171575306604  1.373638335104064  15.243109371254757
6354    -16.238563506311859  1.2357137387196815  15.468881512997886
6355    -16.004235048405224  1.0192045135439309  15.653380822412498
6356    -16.141832106139859  1.4355445209417304  14.014342675474072
6357    -15.845236480141653  1.3890180587663543  14.256769377423138
6358    -15.572055364796901  1.2505915033106412  14.489977498963841
6359    -15.3393932982755  1.0321104695962116  14.682596383194758
6360    -15.446233944158578  1.4496584249490316  13.03452785317976
6361    -15.151254980288671  1.4039181264949718  13.288550756292945
6362    -14.879577292990151  1.2653248685784428  13.529289435805985
6363    -14.648622796375047  1.0450525491156109  13.730078821562696
6364    -14.725372234810896  1.4632202704750066  12.073309906143894
6365    -14.431984406133031  1.4180399129649546  12.336450279642637
6366    -14.162580345792179  1.2797471268273746  12.587755384071246
6367    -13.933258306086403  1.0588631803677699  12.79610510401427
6368    -16.816422114794793  1.8207262210407831  15.015055684274053
6369    -16.43378142224293  1.7616804520221168  15.302861242948479
6370    -16.078677117276492  1.5861437640775624  15.578943429107646
6371    -15.77331024264687  1.3054366714304011  15.810676356160528
6372    -16.147673590778169  1.83549368134497  14.016230676657621
6373    -15.768693853161288  1.777403524096044  14.317747380430065
6374    -15.416211975628062  1.6017650941690111  14.603355535185361
6375    -15.113634610975716  1.3193267877158232  14.84548844726198
6376    -15.452810748364733  1.8496013287427695  13.035446903563733
6377    -15.077580032125894  1.7926472121867694  13.350699078211916
6378    -14.727884133991573  1.617242122563177  13.645878378007664
6379    -14.428184345759563  1.3332530312271493  13.898435600885744
6380    -14.73218380975082  1.8631621157371054  12.073660413183811
6381    -14.360197791995452  1.8069135069297588  12.399857485673749
6382    -14.014629358439372  1.6319657143663975  12.708118666779416
6383    -13.717778157346428  1.3474608464264026  12.970115714738204
6384    -16.821501544677542  2.2206820038710866  15.017883424787799
6385    -16.354391269179256  2.1497225689401689  15.362613114642208
6386    -15.918790728241113  1.9365737894354431  15.689005345217412
6387    -15.542385436888511  1.5916688293168719  15.967971889908569
6388    -16.153515075416482  2.2354428417482097  14.018118677841171
6389    -15.692151226180915  2.1657889894257329  14.378725383436992
6390    -15.260368586459229  1.9529386850273807  14.716733571406875
6391    -14.887875923675928  1.6065431058354349  15.008380511329204
6392    -15.459387552570886  2.2495442325365071  13.036365953947707
6393    -15.003905083963106  2.1813762978785669  13.412847400130895
6394    -14.576190974992993  1.9691593765479112  13.762467320209346
6395    -14.207745895144072  1.6214535133386874  14.06679238020879
6396    -14.738995384690742  2.2631039609992043  12.074010920223728
6397    -14.288411177857865  2.1957871008945644  12.46326469170487
6398    -13.866678371086563  1.9841843019054204  12.828481949487585
6399    -13.502298008606452  1.6360585124850364  13.144126325462143
6400    -16.110853477967783  0.524863201333027  15.594276007850521
6401    -16.031266162057388  0.27459811591817618  15.666974646269443
6402    -16.003990287859256  0.021433528067281004  15.696172185651887
6403    -15.441396675347779  0.53422601767651567  14.623257996816461
6404    -15.362236265042858  0.28155332537695987  14.697977255968965
6405    -15.335091530746695  0.025281569206330998  14.727534536816618
6406    -14.745743418641521  0.54369841145655551  13.670790117584032
6407    -14.666798972061017  0.28875453376755517  13.747811241610629
6408    -14.639671793577021  0.029449067005409786  13.777879703076081
6409    -14.025357383094004  0.55466295944385646  12.735200650949295
6410    -13.946024346960712  0.29623693659268119  12.816112361910603
6411    -13.91864304960869  0.034233393765462333  12.847944716128058
6412    -15.824821418261175  0.72757972950440974  15.7891698277032
6413    -15.710571356965119  0.38190303264588255  15.882717395200121
6414    -15.671621721610681  0.020774151630695292  15.918719485514378
6415    -15.161448096353649  0.73798835373809346  14.825765459641767
6416    -15.047896827836787  0.38976001646420244  14.922504943003171
6417    -15.009062910438521  0.024953269715488134  14.959265354136189
6418    -14.472051059142055  0.74850582320537773  13.880759997078071
6419    -14.359022222556764  0.39786090022530396  13.980936590997766
6420    -14.320209059581327  0.029449009509543746  14.01858735086161
6421    -13.757360996955621  0.75990131845697784  12.952104786188272
6422    -13.644662720519007  0.40571944360146472  13.057379547410314
6423    -13.605909117343066  0.034355810560176947  13.097338927415711
6424    -15.538789358554563  0.93029625767579283  15.984063647555878
6425    -15.389876551872854  0.48920794937358864  16.098460144130801
6426    -15.339253155362101  0.020114775194109653  16.141266785376871
6427    -14.881499517359513  0.94175068979967091  15.028272922467075
6428    -14.73355739063072  0.49796670755144512  15.147032630037378
6429    -14.683034290130347  0.024624970224645191  15.190996171455772
6430    -14.198358699642585  0.95331323495420017  14.090729876572112
6431    -14.051245473052507  0.5069672666830527  14.214061940384905
6432    -14.000746325585636  0.029448952013677761  14.259294998647142
6433    -13.489364610817237  0.96513967747009954  13.169008921427254
6434    -13.343301094077299  0.51520195061024832  13.298646732910024
6435    -13.293175185077441  0.034478227354891589  13.346733138703382
6436    -15.252757298847957  1.1330127858471757  16.178957467408555
6437    -15.069181746780584  0.59651286610129517  16.314202893061484
6438    -15.006884589113525  0.019455398757523879  16.363814085239365
6439    -14.601550938365383  1.1455130258612485  15.230780385292382
6440    -14.419217953424649  0.60617339863868802  15.371560317071586
6441    -14.357005669822174  0.024296670733802241  15.422726988775345
6442    -13.924666340143112  1.1581206467030225  14.30069975606615
6443    -13.743468723548254  0.61607363314080121  14.447187289772042
6444    -13.681283591589938  0.029448894517811661  14.500002646432669
6445    -13.22136822467885  1.1703780364832213  13.385913056666231
6446    -13.04193946763559  0.62468445761903169  13.539913918409736
6447    -12.980441252811815  0.034600644149606154  13.596127349991034
6448    -16.03814126730196  -0.23471283259080844  15.673254783508089
6449    -16.129052034858201  -0.4923105308120222  15.608810858232143
6450    -16.263641255771113  -0.70968407951915802  15.513634782880398
6451    -15.369488433547392  -0.23440195806425207  14.70420891029806
6452    -15.461006828151755  -0.49567461881726277  14.637273570706355
6453    -15.596148331074021  -0.7176779011546901  14.535892143304533
6454    -14.674360114841502  -0.23375522312169078  13.753894224685999
6455    -14.76657062740477  -0.49867238228825694  13.684000162570262
6456    -14.902309907442193  -0.72528899449999962  13.576161755621612
6457    -13.95362210804732  -0.23236484872420132  12.822055552754039
6458    -14.04644115754982  -0.50226957992514831  12.74783821960723
6459    -14.182610428693835  -0.73277676587118012  12.635461069640423
6460    -15.717743005286064  -0.34294075649010586  15.888943284246169
6461    -15.842256038865202  -0.69494288456952424  15.80257721572201
6462    -16.030623186120337  -0.99448352880128588  15.670449098642374
6463    -15.055271353327504  -0.34282596106621804  14.928742220217014
6464    -15.179802170518002  -0.69854424225957013  14.838832386462091
6465    -15.367411286991997  -1.0025324996543452  14.698788350788924
6466    -14.36655453443537  -0.34237778098051158  13.98711868969057
6467    -14.491195756061396  -0.70178108409019502  13.893296272160375
6468    -14.678096714505738  -1.010200191695428  13.745137723292798
6469    -13.652188321683385  -0.34109062742547175  13.063497028101377
6470    -13.776640976998427  -0.70547437180656936  12.964286893489961
6471    -13.963091487658726  -1.0176873498629002  12.810496476505202
6472    -15.397344743270169  -0.45116868038940322  16.10463178498425
6473    -15.555460042872207  -0.89757523832702613  15.996343573211874
6474    -15.797605116469557  -1.2792829780834134  15.827263414404358
6475    -14.741054273107617  -0.45124996406818368  15.153275530135973
6476    -14.898597512884248  -0.90141386570187798  15.040391202217826
6477    -15.138674242909977  -1.2873870981540005  14.861684558273319
6478    -14.058748954029237  -0.45100033883933222  14.220343154695147
6479    -14.215820884718028  -0.90488978589213342  14.10259238175049
6480    -14.453883521569283  -1.2951113888908559  13.914113690963996
6481    -13.350754535319453  -0.44981640612674206  13.304938503448726
6482    -13.506840796447046  -0.90867916368798995  13.180735567372691
6483    -13.743572546623621  -1.3025979338546196  12.985531883369987
6484    -15.076946481254275  -0.55939660428870042  16.32032028572236
6485    -15.268664046879209  -1.1002075920845282  16.190109930701741
6486    -15.564587046818781  -1.5640824273655423  15.984077730166335
6487    -14.42683719288773  -0.55967396707014971  15.377808840054925
6488    -14.617392855250493  -1.1042834891441857  15.241950017973558
6489    -14.909937198827956  -1.5722416966536557  15.02458076575771
6490    -13.750943373623109  -0.55962289669815291  14.45356761969972
6491    -13.940446013374652  -1.1079984876940716  14.311888491340609
6492    -14.229670328632826  -1.580022586086284  14.083089658635187
6493    -13.049320748955516  -0.55854218482801266  13.546379978796061
6494    -13.237040615895653  -1.1118839555694102  13.397184241255422
6495    -13.524053605588509  -1.5875085178463395  13.160567290234765
6496    -16.434742013759937  -0.8713686662426211  15.37468549029699
6497    -16.635074485520441  -0.97991525042759808  15.198204864094018
6498    -16.85138797576063  -1.0206720028690595  15.023911703479895
6499    -15.76763955917915  -0.88336821555371681  14.390055456807143
6500    -15.968490628243931  -0.99386442833371957  14.207340391684902
6501    -16.18562840315051  -1.0355517113599795  14.023289650835334
6502    -15.074241560562012  -0.89491443889040778  13.423437798807317
6503    -15.275704000313782  -1.0072291702805263  13.23448852430322
6504    -15.493716014785127  -1.049776386207403  13.040680326815291
6505    -14.354567256988544  -0.90501518478677578  12.476625712290266
6506    -14.555982559053241  -1.0196873195407377  12.279306891884914
6507    -14.77421693713131  -1.0634496931333635  12.078082663714989
6508    -16.271648783490676  -1.2197936459306284  15.486238121926403
6509    -16.551577453063242  -1.3666513192441321  15.260573019462385
6510    -16.852031987082082  -1.4206285347475391  15.029705927404693
6511    -15.607353339214665  -1.2316866195206382  14.505810931200195
6512    -15.886381593258054  -1.3804562536689247  14.272101170746232
6513    -16.185499918514601  -1.4355029761995484  14.029411904916261
6514    -14.916942853293005  -1.2431273245361831  13.543395572922865
6515    -15.195047722130001  -1.3936770813889174  13.301644334077537
6516    -15.492817470336526  -1.4497223211842711  13.047134606566841
6517    -14.200580613861282  -1.2531605945329007  12.600935159132973
6518    -14.476670717652318  -1.4060629805141753  12.348406191401306
6519    -14.772968606176567  -1.463393197725259  12.084688328297611
6520    -16.108555553221407  -1.5682186256186355  15.597790753555818
6521    -16.468080420606054  -1.7533873880606663  15.322941174830744
6522    -16.852675998403519  -1.8205850666260184  15.035500151329488
6523    -15.44706711925018  -1.5800050234875598  14.621566405593242
6524    -15.804272558272185  -1.7670480790041294  14.33686194980756
6525    -16.185371433878693  -1.835454241039117  14.035534158997182
6526    -14.759644146023987  -1.5913402101819591  13.663353347038408
6527    -15.114391443946214  -1.7801249924973093  13.36880014385185
6528    -15.491918925887921  -1.8496682561611382  13.053588886318389
6529    -14.046593970734017  -1.6013060042790253  12.725244605975679
6530    -14.397358876251392  -1.7924386414876123  12.417505490917693
6531    -14.771720275221819  -1.8633367023171536  12.091293992880235
6532    -15.945462322952149  -1.9166436053066427  15.709343385185228
6533    -16.384583388148862  -2.1401234568772005  15.385309330199114
6534    -16.853320009724964  -2.2205415985044992  15.041294375254285
6535    -15.286780899285699  -1.9283234274544805  14.737321879986292
6536    -15.722163523286312  -2.1536399043393342  14.401622728868887
6537    -16.185242949242792  -2.2354055058786866  14.041656413078107
6538    -14.602345438754986  -1.9395530958277347  13.783311121153952
6539    -15.03373516576243  -2.1665729036057013  13.435955953626172
6540    -15.491020381439322  -2.2496141911380079  13.06004316606994
6541    -13.892607327606756  -1.9494514140251502  12.849554052818384
6542    -14.31804703485046  -2.1788143024610505  12.486604790434082
6543    -14.770471944267076  -2.263280206909049  12.097899657462861
6544    -17.063645732437294  -0.98612981370325503  14.847398979448053
6545    -17.25491043432012  -0.88673024898449915  14.667015140729672
6546    -17.416580532336496  -0.73474749338485712  14.526612203139752
6547    -16.397966771055874  -1.0013039847359637  13.836897719743535
6548    -16.588202016544479  -0.901077999314987  13.650248898583383
6549    -16.748934600639533  -0.74688317308709351  13.503520612285479
6550    -15.706346919229469  -1.0159869874870979  12.844701398086729
6551    -15.895946283900061  -0.91523890275032849  12.65233026912788
6552    -16.05595327938407  -0.75899587125610646  12.499568843545189
6553    -14.98689482804591  -1.0299714387896781  11.875046597697512
6554    -15.176045470139663  -0.92917697556021894  11.675061227714293
6555    -15.335636667934832  -0.77210575518350877  11.5168580550027
6556    -17.149112832904276  -1.3741600563793901  14.796711072801385
6557    -17.421417230311661  -1.2370161217760038  14.56679550441056
6558    -17.654313160185307  -1.0207719274897864  14.379410590951638
6559    -16.480737393448244  -1.3896505320204915  13.784560420090987
6560    -16.75110883923788  -1.2520416094995939  13.5466565952064
6561    -16.982096739348286  -1.0338161979269846  13.350892154584592
6562    -15.786304874115366  -1.4046514053077552  12.790627219929958
6563    -16.054916639221368  -1.2668848410800406  12.545107919885126
6564    -16.284089809302284  -1.0468437063344895  12.341164680510794
6565    -15.064865270813121  -1.4187936887504602  11.819257450871433
6566    -15.331200284020252  -1.2811712074778341  11.563543771661394
6567    -15.558753324561295  -1.0604209107815075  11.352257542888278
6568    -17.234579933371254  -1.7621902990555252  14.746023166154719
6569    -17.587924026303192  -1.5873019945675084  14.466575868091455
6570    -17.892045788034107  -1.3067963615947156  14.232208978763522
6571    -16.563508015840615  -1.7779970793050179  13.732223120438434
6572    -16.914015661931284  -1.6030052196842008  13.443064291829414
6573    -17.215258878057032  -1.3207492227668762  13.198263696883707
6574    -15.86626282900126  -1.7933158231284121  12.736553041773183
6575    -16.213886994542669  -1.6185307794097525  12.437885570642365
6576    -16.512226339220494  -1.3346915414128731  12.182760517476394
6577    -15.142835713580325  -1.8076159387112416  11.763468304045356
6578    -15.486355097900843  -1.6331654393954489  11.452026315608492
6579    -15.781869981187757  -1.3487360663795058  11.187657030773853
6580    -17.320047033838243  -2.15022054173166  14.695335259508049
6581    -17.754430822294729  -1.9375878673590132  14.366356231772343
6582    -18.129778415882924  -1.5928207956996445  14.085007366575411
6583    -16.646278638232992  -2.166343626589545  13.679885820785882
6584    -17.076922484624685  -1.953968829868808  13.339471988452432
6585    -17.448421016765796  -1.6076822476067678  13.04563523918282
6586    -15.946220783887156  -2.1819802409490685  12.682478863616412
6587    -16.37285734986397  -1.9701767177394647  12.330663221399615
6588    -16.7403628691387  -1.6225393764912563  12.024356354441997
6589    -15.220806156347534  -2.1964381886720239  11.70767915721928
6590    -15.641509911781428  -1.9851596713130637  11.3405088595556
6591    -16.004986637814227  -1.6370512219775051  11.02305651865943
6592    -17.541133760924467  -0.52622533333521371  14.427953270335237
6593    -17.621289849158014  -0.27537383728335291  14.355286037908975
6594    -17.648810239918465  -0.021716612926689534  14.326189409579765
6595    -16.872691500079885  -0.53573514503763386  13.39895639143997
6596    -16.951894343689368  -0.28245927441107871  13.323248559524195
6597    -16.978985570618722  -0.025779559586159743  13.293247730799527
6598    -16.179116430638913  -0.54529300087120103  12.389174281408964
6599    -16.25774225141112  -0.28972466047521095  12.310565036825635
6600    -16.284606895471512  -0.030093480846406749  12.27973495445579
6601    -15.458733272561908  -0.55596452066547764  11.402420028927013
6602    -15.537474439632584  -0.29698244311152067  11.319904386904577
6603    -15.5644394303909  -0.03473261640938996  11.287304062252332
6604    -17.833707403189809  -0.72876669182761467  14.242808479757311
6605    -17.948200697402353  -0.38250717218422076  14.148964769746426
6606    -17.987201959822865  -0.020819873743796607  14.112916007017569
6607    -17.159875785648794  -0.73926684959909239  13.206582809317092
6608    -17.273332954788948  -0.39044917322145967  13.108875535880768
6609    -17.312019157403881  -0.025147742697898764  13.071708956675748
6610    -16.460402337693932  -0.74982094437637581  12.189173975559232
6611    -16.57309949952414  -0.39857640947328737  12.087651191134407
6612    -16.611619321128661  -0.02973154590208802  12.049392669842341
6613    -15.734305894559743  -0.76099009378000326  11.194978440722879
6614    -15.846484216883445  -0.40625828571286682  11.088384288678416
6615    -15.884835051412223  -0.034518994635813066  11.047832559989336
6616    -18.126281045455165  -0.9313080503200154  14.057663689179392
6617    -18.275111545646698  -0.48964050708508838  13.942643501583877
6618    -18.32559367972727  -0.019923134560903746  13.899642604455378
6619    -17.44706007121771  -0.94279855416055069  13.014209227194213
6620    -17.594771565888539  -0.49843907203184068  12.894502512237338
6621    -17.645052744189041  -0.024515925809637802  12.850170182551963
6622    -16.741688244748953  -0.95434888788155003  11.989173669709496
6623    -16.888456747637164  -0.50742815847136391  11.864737345443176
6624    -16.938631746785813  -0.02936961095776932  11.819050385228888
6625    -16.009878516557581  -0.96601566689452845  10.987536852518749
6626    -16.155493994134304  -0.51553412831421286  10.856864190452253
6627    -16.205230672433547  -0.034305372862236179  10.808361057726342
6628    -18.418854687720508  -1.1338494088124162  13.872518898601466
6629    -18.602022393891033  -0.5967738419859564  13.736322233421326
6630    -18.66398539963167  -0.019026395378010871  13.686369201893179
6631    -17.734244356786615  -1.1463302587220092  12.821835645071337
6632    -17.91621017698812  -0.6064289708422218  12.680129488593908
6633    -17.978086330974204  -0.023884108921376872  12.628631408428189
6634    -17.022974151803975  -1.1588768313867248  11.789173363859762
6635    -17.203813995750178  -0.61627990746944061  11.641823499751945
6636    -17.265644172442954  -0.029007676013450653  11.588708100615438
6637    -16.285451138555427  -1.171041240009054  10.780095264314619
6638    -16.464503771385157  -0.62480997091555923  10.625344092226095
6639    -16.525626293454863  -0.034091751088659313  10.568889555463347
6640    -17.615311029400491  0.23511661380745108  14.350894359408606
6641    -17.525742383948316  0.49367268435268008  14.418859337036617
6642    -17.391866851667544  0.71169284205298822  14.516504459552808
6643    -16.945714535896258  0.23454156090279413  13.319055163590662
6644    -16.856419355217998  0.49685286905029874  13.390790102410037
6645    -16.72242560873627  0.71959719727089433  13.49533014080067
6646    -16.251314796714567  0.23368356116702915  12.30649474266297
6647    -16.161830206840239  0.49969072991762226  12.381720834373558
6648    -16.027469006327571  0.72712725642817388  12.493005661092388
6649    -15.530929087270533  0.23229680670650801  11.315847632258262
6650    -15.440970872674239  0.50310671207617563  11.395169412882758
6651    -15.306233977799746  0.73435756367349536  11.510870945451323
6652    -17.94136615308911  0.34361908945484954  14.143999085518203
6653    -17.817621660016091  0.69649913954476217  14.233045880414327
6654    -17.629787527869638  0.99654207559952812  14.367335409632318
6655    -17.266392100878232  0.34331221575453624  13.104013453863356
6656    -17.143189167647257  0.69994701683586735  13.197459082557041
6657    -16.95638078092195  1.004484398017901  13.340093974585089
6658    -16.566020926052541  0.34271888765082603  12.082842165003068
6659    -16.443025102111903  0.70305175943885656  12.180544703311478
6660    -16.257062372049173  1.0120530655948481  12.33144853743574
6661    -15.83934435238805  0.34144009092341071  11.083566338654645
6662    -15.716618481257459  0.70660138907644809  11.186479519942507
6663    -15.53113480870714  1.0193265517266943  11.342905793990944
6664    -18.267421276777718  0.45212156510224794  13.937103811627809
6665    -18.109500936083858  0.89932559473684437  14.047232423792041
6666    -17.867708204071718  1.281391309146068  14.218166359711836
6667    -17.587069665860213  0.45208287060627833  12.888971744136045
6668    -17.42995898007651  0.90304116462143624  13.004128062704032
6669    -17.190335953107631  1.2893715987649081  13.184857808369506
6670    -16.880727055390498  0.4517542141346228  11.85918958734317
6671    -16.724219997383585  0.90641278896009125  11.97936857224939
6672    -16.486655737770775  1.2969788747615223  12.169891413779093
6673    -16.147759617505571  0.45058337514031355  10.851285045051036
6674    -15.992266089840674  0.91009606607672111  10.977789627002258
6675    -15.756035639614536  1.3042955397798928  11.174940642530569
6676    -18.593476400466333  0.56062404074964634  13.730208537737406
6677    -18.401380212151629  1.1021520499289266  13.861418967169746
6678    -18.105628880273816  1.5662405426926089  14.068997309791344
6679    -17.907747230842187  0.56085352545802059  12.673930034408741
6680    -17.716728792505759  1.106135312407005  12.810797042851036
6681    -17.424291125293308  1.5742587995119155  13.029621642153927
6682    -17.195433184728476  0.56078954061841968  11.635537009683263
6683    -17.005414892655249  1.1097738184813253  11.778192441187306
6684    -16.716249103492387  1.5819046839281969  12.008334290122441
6685    -16.456174882623095  0.55972665935721633  10.619003751447417
6686    -16.267913698423893  1.113590743076994  10.769099734062005
6687    -15.980936470521929  1.5892645278330919  11.00697549107019
6688    -17.22127393878122  0.87308847437800419  14.656724683701459
6689    -17.021952310859632  0.98073387695849934  14.834504917122084
6690    -16.551640378374298  0.88502029818932693  13.642790747128286
6691    -16.352248152626373  0.99459291379256765  13.827455614659927
6692    -15.856350035534097  0.89650361337090423  12.647512158077573
6693    -15.656624569327567  1.0078656186542423  12.838700461180474
6694    -15.135161485262278  0.9063960282483573  11.671383546717273
6695    -14.935652591816851  1.0201781424747998  11.870743411695548
6696    -17.389561509598234  1.2215042123717021  14.55318745548723
6697    -17.110973927954849  1.3674959994607176  14.780568574023199
6698    -16.717355440896398  1.2332978472145921  13.534879644168875
6699    -16.439955488076215  1.3811927123568086  13.770667979969323
6700    -16.019192101047683  1.2446435432465119  12.535031576550569
6701    -15.742895074210251  1.3943035304984941  12.778974086105208
6702    -15.294664525700977  1.2544928517342722  11.554174296709318
6703    -15.020493748294241  1.4065504366637152  11.808669901811825
6704    -17.557849080415252  1.5699199503654002  14.449650227272997
6705    -17.199995545050058  1.7542581219629363  14.726632230924313
6706    -16.883070503418505  1.5815753962398569  13.426968541209458
6707    -16.527662823526054  1.7677925109210508  13.71388034527871
6708    -16.182034166561273  1.5927834731221202  12.422550995023565
6709    -15.829165579092939  1.7807414423427457  12.71924771102994
6710    -15.454167566139667  1.6025896752201876  11.436965046701358
6711    -15.105334904771636  1.7929227308526301  11.746596391928094
6712    -17.726136651232267  1.9183356883590981  14.346112999058768
6713    -17.289017162145278  2.1410202444651545  14.672695887825419
6714    -17.048785565940605  1.9298529452651221  13.319057438250047
6715    -16.615370158975896  2.1543923094852926  13.657092710588103
6716    -16.344876232074849  1.9409234029977274  12.310070413496561
6717    -15.915436083975621  2.1671793541869975  12.659521335954672
6718    -15.613670606578365  1.9506864987061023  11.3197557966934
6719    -15.190176061249034  2.179295025041545  11.684522882044366
6720    -13.971521362273258  1.0764223262090429  11.132909089161105
6721    -13.757499265075374  1.0427455599536835  11.339912015576365
6722    -13.564727398201564  0.94136603754473369  11.542298030825817
6723    -13.403504860520895  0.78349194794386612  11.702655882570056
6724    -13.196986342250565  1.0892835765477795  10.215904792409948
6725    -12.984460564705227  1.0560399425500095  10.43145106755431
6726    -12.792360822781474  0.95425430000261691  10.639114588001632
6727    -12.632200760871454  0.79451125258542576  10.805235445875326
6728    -12.395693820404738  1.1019626125709976  9.3221097594372537
6729    -12.185135276087617  1.0688482959439545  9.5458772494799859
6730    -11.994582212897305  0.96609230561108939  9.7582200265824124
6731    -11.8359555403336  0.80417648549071252  9.9297817567548279
6732    -11.56838201733763  1.1145598706205757  8.4516872408297772
6733    -11.360003756149997  1.0809694492903448  8.6814075812880471
6734    -11.17254217456167  0.97677903331923766  8.89999260026004
6735    -11.015898583362954  0.81334070391662194  9.0762433887572449
6736    -13.978464086498372  1.4763610200710451  11.132793040466069
6737    -13.687435761386432  1.4317039068375437  11.404640718624208
6738    -13.420385735169084  1.293757248263034  11.66644772712462
6739    -13.192961427996609  1.0723333119161926  11.882215137089476
6740    -13.204426090808145  1.4892114951345472  10.215037640227036
6741    -12.916925982478411  1.4452113941276807  10.497455126327996
6742    -12.651966976501837  1.307108555140051  10.766420408071752
6743    -12.427054989839853  1.0840025158595119  10.98992047377679
6744    -12.403631508361265  1.5018796041771565  9.3205044016650405
6745    -12.120171298871098  1.4582349455409571  9.6131306974399315
6746    -11.858253579813232  1.3194158678362682  9.8885838270705637
6747    -11.636365595719099  1.094326155766064  10.119455550246881
6748    -11.576453599778802  1.5144732557105143  8.4496540210183273
6749    -11.296887940026624  1.4704471317829637  8.749904626645975
6750    -11.040175055126104  1.3302940067295272  9.0338483842789259
6751    -10.821719849737365  1.1037595952041841  9.2710548026704309
6752    -13.985406810723486  1.8762997139330468  11.132676991771032
6753    -13.617372257697486  1.8206622537214037  11.469369421672054
6754    -13.276044072136608  1.6461484589813344  11.790597423423414
6755    -12.982417995472318  1.3611746758885195  12.061774391608898
6756    -13.21186583936572  1.8891394137213149  10.214170488044122
6757    -12.849391400251593  1.8343828457053521  10.563459185101681
6758    -12.5115731302222  1.6599628102774853  10.893726228141878
6759    -12.221909218808248  1.3734937791335977  11.174605501678256
6760    -12.411569196317792  1.9017965957833154  9.3188990438928219
6761    -12.05520732165458  1.84762159513796  9.6803841453998754
6762    -11.721924946729166  1.6727394300614469  10.018947627558703
6763    -11.436775651104593  1.3844758260414149  10.309129343738936
6764    -11.584525182219974  1.9143866408004533  8.4476208012068756
6765    -11.233772123903249  1.8599248142755838  8.8184016720038976
6766    -10.907807935690538  1.6838089801398162  9.1677041682978029
6767    -10.62754111611177  1.394178486491747  9.4658662165836205
6768    -13.992349534948598  2.2762384077950486  11.132560943075996
6769    -13.54730875400854  2.2096206006052648  11.534098124719895
6770    -13.131702409104127  1.9985396696996354  11.914747119722216
6771    -12.771874562948026  1.6500160398608463  12.241333646128318
6772    -13.2193055879233  2.289067332308083  10.213303335861209
6773    -12.781856818024776  2.223554297283024  10.629463243875367
6774    -12.371179283942567  2.0128170654149198  11.021032048212001
6775    -12.016763447776645  1.6629850424076844  11.359290529579715
6776    -12.41950688427432  2.3017135873894747  9.3172936861206086
6777    -11.990243344438058  2.2370082447349637  9.7476375933598227
6778    -11.585596313645095  2.0260629922866262  10.149311428046854
6779    -11.237185706490092  1.6746254963167673  10.498803137230986
6780    -11.592596764661149  2.3143000258903923  8.4455875813954258
6781    -11.170656307779877  2.2494024967682047  8.8868987173618237
6782    -10.775440816254974  2.0373239535501053  9.3015599523166905
6783    -10.43336238248618  1.6845973777793097  9.6606776304968101
6784    -13.280303521076391  0.56541508297645948  11.81974311337486
6785    -13.200506734888311  0.30342195893395713  11.904603378467895
6786    -13.172780829791593  0.038712851477125387  11.938254594502595
6787    -12.510074522224317  0.57396305614839827  10.927676692941114
6788    -12.430519766906391  0.30964201803007652  11.014901422755583
6789    -12.40271541453559  0.041952819143150522  11.049149790128382
6790    -11.715275667679499  0.58125873486437052  10.057338177870749
6791    -11.636652435737972  0.31479879761937057  10.146483808300774
6792    -11.609140901288754  0.04423128458265705  10.181090484800812
6793    -10.896512238583664  0.58825397502907484  9.20706435638645
6794    -10.819493734106084  0.31879398144017035  9.2988278486305802
6795    -10.792751387499214  0.045826235614763983  9.3345368603153176
6796    -13.018084872131354  0.7709472059601119  12.043344742762502
6797    -12.905681649854667  0.41318280067522806  12.153709445155453
6798    -12.866904506345243  0.038955506806234441  12.196016975542619
6799    -12.254427971875609  0.78024160648682728  11.158096027606151
6800    -12.142681075796546  0.42009005358295476  11.271784531140899
6801    -12.103856024270438  0.042521239376035191  11.315018108826473
6802    -11.466368473821632  0.78829233204508509  10.294416854418312
6803    -11.355984283390914  0.4259428540776567  10.410945934582635
6804    -11.317491682013893  0.045134408601121369  10.454845361752337
6805    -10.653884555602689  0.79560719464284679  9.4503654368980534
6806    -10.545914557684066  0.43024285391234512  9.570534784696612
6807    -10.508539490470911  0.046876414813032299  9.6160017688052601
6808    -12.755866223186315  0.97647932894376388  12.266946372150139
6809    -12.610856564821022  0.52294364241649904  12.402815511843004
6810    -12.561028182898887  0.03919816213534344  12.45377935658264
6811    -11.998781421526896  0.98652015682525618  11.388515362271187
6812    -11.854842384686698  0.530538089135833  11.528667639526219
6813    -11.804996634005287  0.043089659608919875  11.580886427524565
6814    -11.217461279963763  0.99532592922579954  10.53149553096587
6815    -11.075316131043857  0.53708691053594293  10.675408060864491
6816    -11.025842462739043  0.046037532619585611  10.728600238703851
6817    -10.411256872621717  1.0029604142566189  9.6936665174096461
6818    -10.272335381262053  0.5416917263845199  9.8422417207626367
6819    -10.224327593442611  0.04792659401130063  9.8974666772951903
6820    -12.493647574241283  1.1820114519274163  12.490548001537777
6821    -12.316031479787377  0.63270448415777014  12.65192157853056
6822    -12.255151859452534  0.03944081746445241  12.71154173762266
6823    -11.74313487117819  1.192798707163685  11.618934696936224
6824    -11.567003693576851  0.64098612468871119  11.785550747911534
6825    -11.506137243740136  0.043658079841804469  11.846754746222654
6826    -10.968554086105895  1.2023595264065139  10.768574207513437
6827    -10.794647978696801  0.648230966994229  10.939870187146353
6828    -10.734193243464183  0.046940656638049819  11.002355115655378
6829    -10.168629189640738  1.2103136338703908  9.9369675979212513
6830    -9.9987562048400331  0.65314059885669484  10.113948656828667
6831    -9.9401156964143116  0.048976773209568891  10.178931585785129
6832    -13.208035704181576  -0.23124581696575189  11.910352597934803
6833    -13.301280454774602  -0.50607794291420038  11.831649979277334
6834    -13.437330206887054  -0.74021872912916653  11.714809786269118
6835    -12.438058131820881  -0.23134221667105959  11.020337567630545
6836    -12.531275656446121  -0.50948098157335808  10.938300762600067
6837    -12.666543514491492  -0.74755911865424129  10.815159881997094
6838    -11.644099094168086  -0.23213992889732488  10.15159404387795
6839    -11.73641213926606  -0.51310212330028826  10.066642780698086
6840    -11.870425735943094  -0.7548574215415278  9.9374272200053912
6841    -10.82656829442605  -0.23312483470174816  9.3037056087136989
6842    -10.916675279936079  -0.51756479549265832  9.2155282446940401
6843    -11.049152255677731  -0.76217312488614808  9.082527663474993
6844    -12.913126363687216  -0.33999600237291794  12.15974070674968
6845    -13.037242090584927  -0.70929597261621924  12.055090460025086
6846    -13.222687352147352  -1.0250733717208886  11.895878639277322
6847    -12.15007053308987  -0.34011586570717034  11.277688843740716
6848    -12.273665673663849  -0.7127554915071157  11.169060923978902
6849    -12.457018202084807  -1.0323490561964812  11.002224631512666
6850    -11.363238939006067  -0.34093031548946467  10.41672924471664
6851    -11.485459387118986  -0.71643049689508986  10.304617919982974
6852    -11.666259279093781  -1.0395822502724796  10.130423300141159
6853    -10.552849690550552  -0.34191944978103705  9.5762497153195945
6854    -10.672170891834163  -0.72089855719597551  9.4601810826688641
6855    -10.850585824796926  -1.0468408009316861  9.2813634920926944
6856    -12.618217023192857  -0.4487461877800839  12.40912881556455
6857    -12.773203726395261  -0.91251400231823776  12.278530940772841
6858    -13.008044497407649  -1.3099280143126109  12.076947492285528
6859    -11.862082934358856  -0.4488895147432812  11.535040119850882
6860    -12.01605569088157  -0.91603000144087243  11.399821085357743
6861    -12.247492889678119  -1.3171389937387215  11.189289381028235
6862    -11.082378783844053  -0.44972070208160475  10.681864445555325
6863    -11.23450663497192  -0.91975887048989124  10.542593059267865
6864    -11.462092822244475  -1.3243070790034321  10.323419380276928
6865    -10.279131086675058  -0.45071406486032578  9.8487938219254865
6866    -10.427666503732256  -0.92423231889929247  9.70483392064369
6867    -10.652019393916124  -1.3315084769772241  9.4801993207103958
6868    -12.323307682698498  -0.55749637318724998  12.658516924379427
6869    -12.509165362205589  -1.1157320320202568  12.501971421520595
6870    -12.79340164266795  -1.5947826569043335  12.258016345293735
6871    -11.574095335627847  -0.55766316377939174  11.792391395961054
6872    -11.758445708099295  -1.1193045113746307  11.630581246736577
6873    -12.037967577271436  -1.6019289312809619  11.376354130543804
6874    -10.801518628682036  -0.55851108867374466  10.946999646394012
6875    -10.983553882824848  -1.1230872440846931  10.780568198552757
6876    -11.257926365395166  -1.6090319077343835  10.516415460412695
6877    -10.005412482799558  -0.55950867993961484  10.121337928531382
6878    -10.18316211563034  -1.1275660806026095  9.9494867586185158
6879    -10.453452963035325  -1.6161761530227621  9.6790351493280973
6880    -13.608949453572576  -0.91480601099111525  11.550068876499978
6881    -13.810183741271686  -1.0317614185575397  11.34459332701597
6882    -14.027769775381083  -1.0766958466049266  11.136440014740343
6883    -12.837643467212345  -0.92545611347800816  10.644137130694444
6884    -13.038894382232886  -1.0439845481229815  10.433178899986737
6885    -13.255277445186637  -1.089639710450689  10.216491976466729
6886    -12.040552304664397  -0.93602379812096381  9.7605039108873388
6887    -12.240976536941609  -1.0560503590330648  9.5447710972895479
6888    -12.455702538704834  -1.1023859244349437  9.3199318462432696
6889    -11.217578972685295  -0.94556737079348951  8.9008426530923312
6890    -11.415292260402614  -1.0676525020837926  8.6790774054167592
6891    -11.628007648092566  -1.1150391283219878  8.448452921419122
6892    -13.458413662669855  -1.2628633746242743  11.678770340097435
6893    -13.732343100347327  -1.4180722088477047  11.41566521273635
6894    -14.026367176137972  -1.4766354210643706  11.143227493092377
6895    -12.690547588806893  -1.273362957102949  10.777113735570598
6896    -12.962845920897749  -1.4301676043970215  10.506713902994727
6897    -13.253548879370086  -1.489570435515611  10.223693262176731
6898    -11.897083501414661  -1.2837796962933017  9.8977164118221612
6899    -12.16680685251743  -1.4421052155789469  9.6207769964612169
6900    -12.453680453070659  -1.502307312710732  9.3275800388544408
6901    -11.078122509635422  -1.2932339465197058  9.0423294351217915
6902    -11.342853568420191  -1.4536410908103032  8.7570792274206077
6903    -11.625928634437459  -1.5149551242814865  8.4563822264292767
6904    -13.307877871767138  -1.6109207382574329  11.807471803694884
6905    -13.654502459422961  -1.8043829991378697  11.486737098456736
6906    -14.024964576894858  -1.876574995523814  11.150014971444405
6907    -12.543451710401445  -1.621269800727891  10.910090340446757
6908    -12.886797459562612  -1.8163506606710615  10.580248906002724
6909    -13.251820313553534  -1.8895011605805332  10.230894547886733
6910    -11.753614698164922  -1.6315355944656396  10.034928912756982
6911    -12.092637168093249  -1.8281600721248303  9.6967828956328876
6912    -12.451658367436485  -1.9022287009865206  9.3352282314656083
6913    -10.938666046585553  -1.6409005222459214  9.1838162171512447
6914    -11.270414876437776  -1.8396296795368141  8.8350810494244563
6915    -11.623849620782353  -1.914871120240986  8.4643115314394244
6916    -13.157342080864415  -1.9589781018905927  11.936173267292341
6917    -13.5766618184986  -2.1906937894280345  11.557808984177113
6918    -14.023561977651744  -2.2765145699832581  11.156802449796439
6919    -12.396355831995997  -1.9691766443528311  11.043066945322911
6920    -12.810748998227467  -2.2025337169451018  10.653783909010714
6921    -13.250091747736978  -2.2894318856454556  10.238095833596734
6922    -11.610145894915183  -1.9792914926379774  10.172141413691808
6923    -12.018467483669067  -2.214214928670712  9.7727887948045531
6924    -12.449636281802308  -2.3021500892623088  9.3428764240767794
6925    -10.799209583535678  -1.9885670979721373  9.3253029991807033
6926    -11.197976184455353  -2.2256182682633252  8.9130828714283048
6927    -11.621770607127242  -2.3147871162004847  8.4722408364495791
6928    -14.23997590824049  -1.0435042668956414  10.927081988162142
6929    -14.429241359555609  -0.94272239505281741  10.72014072958617
6930    -14.588559135772117  -0.78492224164410229  10.55689576665937
6931    -13.466618283756846  -1.0567993204072994  9.9994890421542415
6932    -13.65645680887607  -0.95552608834549757  9.788876867458832
6933    -13.815345631051823  -0.79584278773659678  9.620803371557999
6934    -12.66592467549529  -1.0695995966832423  9.0958035475248273
6935    -12.855865660507602  -0.9672831964217895  8.88248532289116
6936    -13.014072121152051  -0.80541962123849553  8.7101028373446265
6937    -11.836997804356146  -1.081648093082056  8.2195612921249008
6938    -12.025641756856762  -0.9776888602652215  8.0021817774420203
6939    -12.182814573450916  -0.81420496992729685  7.826316131665263
6940    -14.316109767016608  -1.4324338055239865  10.869525363374128
6941    -14.580490773966181  -1.2949611822677789  10.604112600299073
6942    -14.806345743957108  -1.0735726366562135  10.385881831528797
6943    -13.540191081878069  -1.445935339508241  9.9400472958296646
6944    -13.803316340869333  -1.3082188327031579  9.6686233967343203
6945    -14.027074129546797  -1.0851172934553677  9.4433675583840859
6946    -12.736851514820639  -1.4589400442692997  9.03448235869066
6947    -12.998032485705666  -1.3204249402621944  8.7579612659403683
6948    -13.219322340682321  -1.0953117154111043  8.5261724808222858
6949    -11.90583336526746  -1.4710896733732322  8.1564896624097223
6950    -12.162994709451146  -1.3310602864231134  7.8730113128904327
6951    -12.381474236715661  -1.1044127367555479  7.6357543562114998
6952    -14.392243625792727  -1.8213633441523318  10.811968738586113
6953    -14.731740188376758  -1.6471999694827415  10.488084471011975
6954    -15.0241323521421  -1.3622230316683244  10.214867896398221
6955    -13.613763879999293  -1.8350713586091834  9.8806055495050842
6956    -13.950175872862598  -1.660911577060818  9.5483699260098067
6957    -14.238802628041773  -1.3743917991741388  9.2659317452101693
6958    -12.807778354145984  -1.8482804918553566  8.9731611698564944
6959    -13.140199310903732  -1.6735666841025998  8.6334372089895819
6960    -13.424572560212601  -1.3852038095837118  8.3422421242999416
6961    -11.974668926178772  -1.8605312536644085  8.0934180326945384
6962    -12.300347662045532  -1.6844317125810044  7.7438408483388459
6963    -12.580133899980416  -1.3946205035837984  7.445192580757741
6964    -14.468377484568844  -2.2102928827806769  10.754412113798097
6965    -14.882989602787328  -1.9994387566977032  10.372056341724877
6966    -15.241918960327091  -1.6508734266804361  10.043853961267651
6967    -13.687336678120516  -2.2242073777101252  9.8211638031805055
6968    -14.097035404855855  -2.013604321418478  9.4281164552852967
6969    -14.450531126536747  -1.6636663048929097  9.0884959320362526
6970    -12.878705193471333  -2.2376209394414133  8.9118399810223288
6971    -13.282366136101794  -2.0267084279430043  8.5089131520387884
6972    -13.629822779742875  -1.6750959037563209  8.1583117677776009
6973    -12.043504487090082  -2.2499728339555838  8.030346402979367
6974    -12.437700614639922  -2.0378031387388953  7.61467038378726
6975    -12.778793563245163  -1.6848282704120487  7.2546308053039796
6976    -14.711489143493614  -0.56635527979803257  10.438772040889956
6977    -14.790756513696154  -0.30387201901671834  10.352791450853596
6978    -14.818102089384075  -0.038943024428162151  10.318628959798366
6979    -13.937454418543068  -0.57482002943275223  9.4978105813654263
6980    -14.01703497970809  -0.30998422949849885  9.4102232733755145
6981    -14.044763135203187  -0.042041869223710046  9.3758634911367764
6982    -13.135138703867113  -0.58204815307867264  8.5826015247959422
6983    -13.214622056123588  -0.3150586891091019  8.4940770769770104
6984    -13.242511806879929  -0.044210049749877578  8.459880545621818
6985    -12.303051605622553  -0.58872903424482859  7.6962107456240085
6986    -12.381829961397829  -0.31883501240076939  7.6062300841647348
6987    -12.409437343445958  -0.045628464960511012  7.5715530126077271
6988    -14.98087478978028  -0.7717457957126922  10.223710107053169
6989    -15.092786012494873  -0.41347825610363087  10.112388289986768
6990    -15.131176941473685  -0.038905057654003879  10.069679727678194
6991    -14.199503313304549  -0.78091444301085933  9.2745322226190048
6992    -14.311109000388049  -0.42024517418508456  9.1604241212628246
6993    -14.349740028277145  -0.042332622687231862  9.1170706827844157
6994    -13.389369234989532  -0.78883949569558787  8.3510152683952104
6995    -13.500144878440985  -0.42596654379449034  8.2347555327716968
6996    -13.538733577855224  -0.044821279478392338  8.1910989527509273
6997    -12.549650324692173  -0.79586441378796047  7.4567297253566176
6998    -12.658585344531655  -0.43004986876911339  7.3376462747784954
6999    -12.69636685624053  -0.046390617770382711  7.2928580650206545
7000    -15.250260436066945  -0.97713631162735215  10.008648173216381
7001    -15.394815511293583  -0.5230844931905434  9.8719851291199419
7002    -15.444251793563293  -0.038867090879845551  9.8207304955580241
7003    -14.461552208066031  -0.98700885658896653  9.0512538638725815
7004    -14.605183021068013  -0.53050611887167021  8.9106249691501329
7005    -14.654716921351103  -0.042623376150753602  8.8582778744320603
7006    -13.643599766111953  -0.99563083831250343  8.1194290119944821
7007    -13.785667700758383  -0.53687439847987883  7.9754339885663859
7008    -13.83495534883053  -0.045432509206907154  7.9223173598800427
7009    -12.796249043761804  -1.0029997933310923  7.2172487050892249
7010    -12.935340727665487  -0.54126472513745749  7.0690624653922534
7011    -12.983296369035113  -0.047152770580254452  7.0141631174335863
7012    -15.519646082353612  -1.1825268275420118  9.7935862393795947
7013    -15.6968450100923  -0.63269073027745582  9.6315819682531139
7014    -15.757326645652904  -0.038829124105687243  9.5717812634378543
7015    -14.723601102827514  -1.1931032701670736  8.8279755051261581
7016    -14.899257041747973  -0.64076706355825608  8.6608258170374395
7017    -14.959693814425064  -0.042914129614275411  8.5994850660796995
7018    -13.897830297234368  -1.2024221809294187  7.8878427555937529
7019    -14.071190523075778  -0.64778225316526739  7.7161124443610731
7020    -14.13117711980583  -0.0460437389354219  7.6535357670091537
7021    -13.042847762831428  -1.2101351728742238  6.9777676848218331
7022    -13.21209611079931  -0.65247958150580143  6.8004786560060149
7023    -13.270225881829692  -0.047914923390126173  6.7354681698465146
7024    -14.78405673766852  0.23133701948166949  10.348674133033564
7025    -14.693206450958101  0.50684253589938155  10.431510316182157
7026    -14.55837476020338  0.74155662120582977  10.551103142962765
7027    -14.009995136964358  0.23157816111821877  9.4060044576619823
7028    -13.918026126034247  0.51033574597172882  9.4906151064226254
7029    -13.783440256729115  0.74885756612369947  9.615561046655376
7030    -13.207258649000424  0.23250178322040624  8.4896780098003557
7031    -13.114611960918294  0.51405052373133542  8.575247289419254
7032    -12.980509399945349  0.75613189492508659  8.7051070474674823
7033    -12.374361637619076  0.23358943739248239  7.601534193105536
7034    -12.282146018625872  0.51845105061632113  7.6881703709871196
7035    -12.148661122420489  0.76325110410797525  7.8206035363374031
7036    -15.085570636732163  0.34046096487999011  10.107496964824559
7037    -14.9628733841386  0.71035458518645489  10.215173804361521
7038    -14.778257551845128  1.0265121761068716  10.376605480995542
7039    -14.303723281774033  0.34068791117759756  9.155396588753641
7040    -14.180799072907034  0.71385981876765725  9.2659857310299802
7041    -13.997936379995171  1.0337280018687884  9.4343543535168628
7042    -13.492616880052447  0.34160380911992483  8.2295236630107222
7043    -13.370042340055576  0.71758979888421981  8.3422639310379534
7044    -13.189243276987247  1.0409186175687184  8.5171596348454184
7045    -12.651066024106182  0.3426915380106641  7.3321366401646655
7046    -12.530249978077064  0.72201723460030864  7.4473570354754752
7047    -12.351250226651352  1.0480286117629369  7.6260285482717034
7048    -15.387084535795807  0.44958491027831049  9.8663197966155636
7049    -15.232540317319101  0.91386663447352801  9.9988372925408839
7050    -14.998140343486879  1.3114677310079135  10.202107819028329
7051    -14.597451426583705  0.44979766123697607  8.9047887198452944
7052    -14.443572019779811  0.9173838915635858  9.0413563556373351
7053    -14.212432503261224  1.3185984376138773  9.2531476603783549
7054    -13.777975111104469  0.45070583501944333  7.9693693162210888
7055    -13.62547271919285  0.92112907403710442  8.1092805726566475
7056    -13.397977154029141  1.32570534021235  8.3292122222233633
7057    -12.927770410593277  0.45179363862884564  7.0627390872237896
7058    -12.77835393752825  0.92558341858429616  7.2065436999638255
7059    -12.55383933088221  1.3328061194178991  7.4314535602060054
7060    -15.68859843485945  0.55870885567663098  9.6251426284065502
7061    -15.502207250499602  1.1173786837606015  9.78250078072025
7062    -15.218023135128629  1.5964232859089553  10.027610157061108
7063    -14.891179571393382  0.55890741129635457  8.654180850936946
7064    -14.706344966652601  1.1209079643595143  8.8167269802446881
7065    -14.426928626527276  1.6034688733589664  9.0719409672398417
7066    -14.063333342156493  0.55980786091896184  7.7092149694314518
7067    -13.880903098330133  1.1246683491899889  7.876297214275346
7068    -13.60671103107104  1.610492062855982  8.1412648096013029
7069    -13.204474797080389  0.5608957392470274  6.7933415342829191
7070    -13.026457896979442  1.1291496025682835  6.9657303644521802
7071    -12.756428435113072  1.6175836270728605  7.2368785721403048
7072    -14.387587230625238  0.91593990671337566  10.717144333855808
7073    -14.188086423147093  1.0320848587475677  10.924058161791038
7074    -13.612915557371936  0.92645025577957341  9.7873249573831682
7075    -13.412756375055437  1.0441735045984684  9.9988971744690609
7076    -12.810568714527824  0.93689364845546408  8.8821065730897502
7077    -12.610347641421962  1.056120276407674  9.0974325558658116
7078    -11.979968951118352  0.94623665774956123  8.0016703367659456
7079    -11.781545416126733  1.0676013705553575  8.2218364121174847
7080    -14.54351843171605  1.2639866880359258  10.595101509778651
7081    -14.271392541127295  1.4184042538406503  10.859678658387615
7082    -13.765230187138524  1.2743447880542285  9.6603955693456278
7083    -13.494305447014499  1.430359269552983  9.9316349974033322
7084    -12.958988804395972  1.2846369338730497  8.7502704921675605
7085    -12.690042973152121  1.442172663381917  9.0272890436483646
7086    -12.123983295915972  1.2939329075762591  7.8649402950017748
7087    -11.859415626736419  1.4536016149086548  8.1493909219120955
7088    -14.69944963280687  1.6120334693584768  10.473058685701497
7089    -14.354698659107498  1.8047236489337324  10.795299154984194
7090    -13.917544816905117  1.6222393203288843  9.5334661813080892
7091    -13.575854518973559  1.8165450345074976  9.8643728203376106
7092    -13.107408894264118  1.632380219290636  8.618434411245369
7093    -12.76973830488228  1.8282250503561597  8.9571455314309123
7094    -12.267997640713583  1.6416291574029578  7.7282102532376005
7095    -11.93728583734611  1.8396018592619525  8.0769454317067009
7096    -14.855380833897682  1.9600802506810269  10.351015861624346
7097    -14.438004777087697  2.1910430440268143  10.730919651580773
7098    -14.069859446671712  1.9701338526035395  9.4065367932705399
7099    -13.657403590932621  2.2027307994620124  9.7971106432718802
7100    -13.255828984132268  1.9801235047082222  8.4865983303231793
7101    -12.84943363661244  2.2142774373304031  8.8870020192134689
7102    -12.412011985511205  1.9893254072296565  7.5914802114734288
7103    -12.015156047955797  2.22560210361525  8.0044999415013063
7104    -10.715739458418085  1.1270428222002855  7.6060104512064317
7105    -10.511358867987884  1.0929066064876676  7.8399494706716499
7106    -10.327400575186832  0.98750093666223204  8.0644254279671834
7107    -10.17324065930984  0.82272892852420509  8.245068116282587
7108    -9.8387839515815241  1.1392646219261975  6.7861068794245503
7109    -9.6406910741800171  1.1049019924409689  7.0242094321320367
7110    -9.459783857526757  0.99863224132062778  7.2521414126752131
7111    -9.3085808647198967  0.83190047383333776  7.4373287200176295
7112    -8.9387476412796616  1.1511542308086389  5.9916211874284837
7113    -8.7472771308786648  1.1163629678149121  6.2336031458159704
7114    -8.5700424906065553  1.0088535844615909  6.464463484133999
7115    -8.4221310748416336  0.83995983788915018  6.6539112829411611
7116    -8.0168626719642155  1.1626406098579367  5.2221980371625873
7117    -7.8303937942360831  1.1266968932741621  5.4675462918702129
7118    -7.6585269434513332  1.0168456032522843  5.7027145720934289
7119    -7.514103164923557  0.84601151873677249  5.895701888031974
7120    -10.723648250550768  1.526958240121818  7.6037558554035769
7121    -10.449543407192104  1.4823086497913829  7.9102126408460247
7122    -10.198473207688442  1.3407778861683048  8.2022917669807143
7123    -9.9841513037489449  1.1127916412830341  8.4453356732049585
7124    -9.8465293517523005  1.5391815179476351  6.7835697765734109
7125    -9.5802597645042908  1.4941541914190313  7.0968380304922007
7126    -9.3338433272428531  1.351438418449356  7.3941081598291793
7127    -9.1244361465366524  1.1212520300604221  7.6431524121692327
7128    -8.9463071723821059  1.5510727529236628  5.9887922527199606
7129    -8.6882350857596915  1.5054673197442008  6.3085393355987547
7130    -8.4471451505539292  1.3611944208729359  6.6103827090362479
7131    -8.2430149375959498  1.1286075185276498  6.8650946679757689
7132    -8.0241919814389124  1.5625616087855996  5.2191197520353647
7133    -7.7726674447548243  1.5157315978451871  5.544075096179939
7134    -7.5392384143862801  1.3689647107393004  5.8522005608138521
7135    -7.3403282364223719  1.134324863676021  6.111752089037088
7136    -10.731557042683455  1.9268736580433508  7.601501259600723
7137    -10.38772794639633  1.8717106930950993  7.9804758110204013
7138    -10.069545840190051  1.6940548356743772  8.3401581059942345
7139    -9.7950619481880548  1.4028543540418628  8.64560323012733
7140    -9.8542747519230751  1.9390984139690723  6.7810326737222724
7141    -9.5198284548285592  1.8834063903970935  7.1694666288523674
7142    -9.2079027969589458  1.7042445955780827  7.5360749069831465
7143    -8.9402914283533956  1.4106035862875059  7.8489761043208395
7144    -8.9538667034845503  1.9509912750386871  5.9859633180114411
7145    -8.6291930406407129  1.8945716716734906  6.3834755253815443
7146    -8.3242478105012978  1.713535257284281  6.7563019339385013
7147    -8.0638988003502678  1.4172551991661499  7.0762780530103822
7148    -8.0315212909136111  1.962482607713262  5.2160414669081439
7149    -7.7149410952735638  1.9047663024162116  5.6206039004896695
7150    -7.4199498853212287  1.7210838182263151  6.0016865495342779
7151    -7.1665533079211849  1.4226382086152694  6.3278022900422082
7152    -10.739465834816139  2.326789075964883  7.5992466637978682
7153    -10.325912485600551  2.2611127363988146  8.050738981194776
7154    -9.9406184726916607  2.0473317851804493  8.4780244450077635
7155    -9.6059725926271629  1.6929170668006912  8.8458707870497051
7156    -9.8620201520938497  2.3390153099905096  6.7784955708711339
7157    -9.4593971451528311  2.2726585893751556  7.2420952272125314
7158    -9.081962266675033  2.0570507727068099  7.6780416541371137
7159    -8.7561467101701531  1.6999551425145902  8.0547997964724409
7160    -8.9614262345869964  2.3509097971537116  5.983134383302918
7161    -8.5701509955217396  2.2836760236027795  6.4584117151643259
7162    -8.2013504704486699  2.0658760936956271  6.9022211588407529
7163    -7.8847826631045885  1.7059028798046494  7.2874614380449909
7164    -8.038850600388308  2.3624036066409251  5.2129631817809212
7165    -7.6572147457923068  2.2938010069872372  5.6971327047993974
7166    -7.3006613562561764  2.0732029257133306  6.151172538254702
7167    -6.9927783794199998  1.7109515535545179  6.543852491047323
7168    -10.055681363890514  0.59547126241766135  8.3788269846656984
7169    -9.9801695118375182  0.32266643547236218  8.4733509001618348
7170    -9.9540480515083587  0.04630428866706713  8.5103187829567446
7171    -9.1938832615908339  0.60235117728658483  7.5752916697242973
7172    -9.1195358145974303  0.32680166106302017  7.6716926728955004
7173    -9.0936224877776244  0.045456263543556322  7.7091707717977656
7174    -8.3105278463818752  0.6082227172625021  6.7958359760424232
7175    -8.2377769288663014  0.33012129500125431  6.8936640107349012
7176    -8.2123044179348934  0.043896453127935477  6.9314099878155488
7177    -7.405025032960924  0.61241487997206878  6.0398374681002469
7178    -7.3350771411246392  0.33154697407617506  6.1390757575833517
7179    -7.3109235636081022  0.042239150303909401  6.1773535919872744
7180    -9.8192681228116978  0.80242864736678798  8.6284306434318516
7181    -9.7138275205097884  0.43381939030221423  8.7522075047327643
7182    -9.6775132908449262  0.047467192596915495  8.7993255112424471
7183    -8.9641714442973477  0.80849587261497002  7.8315821650487543
7184    -8.86081119601333  0.43733520591125907  7.9577412938984295
7185    -8.8249546386184132  0.046884481124388172  8.0055007931446482
7186    -8.0876132425765022  0.81356177636243365  7.0585994494116822
7187    -7.986787472708218  0.44004206066569068  7.1866584453456746
7188    -7.9516331161051497  0.045596387606689145  7.2347996832321746
7189    -7.1886122401660639  0.81737926458421939  6.3082619441835472
7190    -7.0916782391079769  0.4411917144917204  6.4384812522265511
7191    -7.0583183056189291  0.044071019255057832  6.4874942502253674
7192    -9.5828548817328834  1.0093860323159147  8.8780343021980013
7193    -9.4474855291820585  0.54497234513206627  9.0310641093036867
7194    -9.4009785301814937  0.048630096526763839  9.0883322395281443
7195    -8.7344596270038668  1.014640567943355  8.0878726603732112
7196    -8.602086577429235  0.54786875075949792  8.2437899149013578
7197    -8.5562867894592038  0.048312698705220092  8.3018308144915256
7198    -7.8646986387711415  1.018900835462365  7.321362922780942
7199    -7.7357980165501337  0.54996282633012694  7.4796528799564461
7200    -7.6909618142754077  0.047296322085442766  7.5381893786487995
7201    -6.9721994473712003  1.02234364919637  6.5766864202668511
7202    -6.8482793370913129  0.55083645490726574  6.7378867468697523
7203    -6.805713047629756  0.045902888206206305  6.7976349084634586
7204    -9.3464416406540689  1.2163434172650414  9.1276379609641545
7205    -9.1811435378543269  0.65612529996191782  9.3099207138746163
7206    -9.1244437695180594  0.049793000456612134  9.3773389678138432
7207    -8.5047478097103841  1.22078526327174  8.3441631556976681
7208    -8.3433619588451329  0.65840229560773667  8.5298385359042879
7209    -8.2876189402999891  0.049740916286051887  8.5981608358384047
7210    -7.6417840349657729  1.224239894562297  7.5841263961502019
7211    -7.4848085603920493  0.65988359199456292  7.7726473145672204
7212    -7.4302905124456631  0.048996256564196372  7.8415790740654252
7213    -6.7557866545763394  1.2273080338085198  6.8451108963501524
7214    -6.6048804350746506  0.66048119532281124  7.0372922415129509
7215    -6.5531077896405829  0.047734757157354674  7.1077755667015508
7216    -9.9868186983052158  -0.2361043408715271  8.478137084958286
7217    -10.074578119548429  -0.52395492298819102  8.3869264122291121
7218    -10.204561691472794  -0.77061707716136629  8.250936916187209
7219    -9.1259539298876025  -0.24176685937501066  7.676487113789058
7220    -9.2120077638565832  -0.53193541129234423  7.583188488587016
7221    -9.3383684149820851  -0.78032384307221947  7.4430924019976539
7222    -8.2440096799334732  -0.24791977904112694  6.8985400047779306
7223    -8.3280106865540997  -0.53999515880438609  6.8037396063540756
7224    -8.4505614414562089  -0.78988848406148393  6.6598525641985846
7225    -7.3410216392030794  -0.25237048869880346  6.1440800674968283
7226    -7.4216333613345036  -0.54662306392358606  6.0480048981166208
7227    -7.5411297861457394  -0.79790606157193711  5.9020758460822957
7228    -9.7204019972010052  -0.34439807225969166  8.7579628920681891
7229    -9.8365180196931785  -0.72674285814781792  8.6382293624500726
7230    -10.011466877420096  -1.0548583336143027  8.4556814057220944
7231    -8.8671406173291789  -0.34896168992695542  7.963639243260265
7232    -8.9807079980666344  -0.73356338745937777  7.8414966659513841
7233    -9.1504560488212459  -1.0636881983507176  7.6537862174942486
7234    -7.9929019833909543  -0.3540114558296496  7.192753322206781
7235    -8.1035225810686136  -0.7404629165025608  7.0687850621211874
7236    -8.2678554410712497  -1.0723778290090138  6.876226241503991
7237    -7.0975225278421936  -0.35794852301459401  6.4447796822186962
7238    -7.2037435228131583  -0.74654421664927495  6.3188966199078749
7239    -7.3639671562409745  -1.0799746594572761  6.1235497918461999
7240    -9.4539852960967945  -0.45269180364785599  9.0377886991780887
7241    -9.5984579198379247  -0.92953079330744492  8.8895323126710348
7242    -9.8183720633674021  -1.3390995900672396  8.660425895256985
7243    -8.6083273047707589  -0.45615652047890037  8.2507913727314719
7244    -8.7494082322766857  -0.93519136362641098  8.0998048433157521
7245    -8.9625436826604048  -1.3470525536292159  7.8644800329908424
7246    -7.7417942868484388  -0.46010313261817237  7.4869666396356287
7247    -7.8790344755831283  -0.94093067420073584  7.3338305178882965
7248    -8.085149440686294  -1.3548671739565445  7.0925999188093991
7249    -6.8540234164813079  -0.46352655733038456  6.7454792969405641
7250    -6.9858536842918122  -0.94646536937496428  6.5897883416991272
7251    -7.1868045263362141  -1.3620432573426158  6.3450237376101049
7252    -9.1875685949925838  -0.56098553503602056  9.31761450628799
7253    -9.360397819982671  -1.1323187284670717  9.1408352628919882
7254    -9.6252772493147045  -1.6233408465201757  8.8651703847918721
7255    -8.3495139922123354  -0.56335135103084522  8.5379435022026779
7256    -8.5181084664867388  -1.1368193397934447  8.3581130206801184
7257    -8.7746313164995655  -1.6304169089077138  8.0751738484874345
7258    -7.4906865903059199  -0.56619480940669531  7.7811799570644782
7259    -7.6545463700976439  -1.1413984318989105  7.5988759736554075
7260    -7.9024434403013393  -1.6373565189040744  7.3089735961148063
7261    -6.6105243051204221  -0.569104591646175  7.0461789116624285
7262    -6.7679638457704678  -1.1463865221006533  6.8606800634903822
7263    -7.0096418964314511  -1.644111855227955  6.5664976833740081
7264    -10.370285011142334  -0.95549248007681464  8.0651931515032498
7265    -10.564484393097784  -1.0793367633505664  7.8379555519077897
7266    -10.773226289788983  -1.1275504788564699  7.6033280874086513
7267    -9.5005774295518837  -0.96678816724430749  7.2532442895605023
7268    -9.6915649613412977  -1.0914018542965753  7.0229280660593609
7269    -9.8939983468791386  -1.1397655420302417  6.7843189561666213
7270    -8.6088774391441305  -0.97788782720769141  6.4661431371477196
7271    -8.7959497988864257  -1.1031708137995069  6.2331996369999203
7272    -8.9916959614887855  -1.1516305714784152  5.9908519148530592
7273    -7.6956062511492682  -0.98722485487868761  5.705036764148522
7274    -7.8770547394864421  -1.1139666807370483  5.4679749538579063
7275    -8.0676912757436874  -1.163091820836101  5.2223533506279507
7276    -10.234684446045927  -1.3029056160662962  8.211088456024072
7277    -10.493712186427821  -1.4652450246929969  7.9180336859218725
7278    -10.771313995453895  -1.5274665307143198  7.6112941863885952
7279    -9.3683392229586158  -1.3136897298401069  7.4035725575575233
7280    -9.622559605044442  -1.4771511090314462  7.105621335729241
7281    -9.8922879098693084  -1.5396842025997235  6.7921971931646858
7282    -8.4800130691192859  -1.3242793170998632  6.6206979547027665
7283    -8.7286996685074296  -1.488761838046242  6.3184187217004846
7284    -8.9901633175302234  -1.5515522267255362  5.9986160194788516
7285    -7.5706322132737442  -1.3333674071042874  5.8633808624404207
7286    -7.8114362210541728  -1.4994797059579736  5.5550023886933655
7287    -8.0662531582831853  -1.5630146898795936  5.2300754380523697
7288    -10.099083880949523  -1.6503187520557783  8.3569837605448924
7289    -10.422939979757853  -1.8511532860354278  7.9981118199359562
7290    -10.769401701118811  -1.9273825825721689  7.6192602853685383
7291    -9.2361010163653479  -1.660591292435907  7.5539008255545426
7292    -9.553554248747588  -1.8629003637663173  7.1883146053991229
7293    -9.8905774728594835  -1.9396028631692059  6.8000754301627504
7294    -8.3511486990944395  -1.6706708069920349  6.7752527722578098
7295    -8.6614495381284407  -1.874352862292977  6.403637806401048
7296    -8.9886306735716666  -1.9514738819726571  6.0063801241046431
7297    -7.4456581753982194  -1.6795099593298868  6.0217249607323193
7298    -7.7458177026219017  -1.884992731178899  5.6420298235288229
7299    -8.0648150408226851  -1.9629375589230857  5.2377975254767906
7300    -9.9634833158531144  -1.9977318880452599  8.5028790650657182
7301    -10.35216777308789  -2.2370615473778588  8.0781899539500372
7302    -10.767489406783723  -2.3272986344300186  7.6272263843484813
7303    -9.1038628097720835  -2.0074928550317073  7.7042290935515627
7304    -9.4845488924507286  -2.2486496185011879  7.2710078750690039
7305    -9.8888670358496622  -2.3395215237386879  6.8079536671608114
7306    -8.2222843290695931  -2.0170622968842067  6.9298075898128584
7307    -8.5941994077494428  -2.2599438865397126  6.4888568911016158
7308    -8.9870980296131009  -2.3513955372197795  6.0141442287304328
7309    -7.3206841375226963  -2.0256525115554869  6.1800690590242189
7310    -7.6801991841896342  -2.2705057563998245  5.7290572583642811
7311    -8.0633769233621848  -2.3628604279665786  5.2455196129012105
7312    -10.979037506142259  -1.0934964413304809  7.3711276342320362
7313    -11.165715244078482  -0.98811994184856922  7.1495334399845527
7314    -11.321231551539304  -0.82319524679460065  6.9701930317446168
7315    -10.094106395361306  -1.1054476888554936  6.5484219675558588
7316    -10.278855103985917  -0.99917209727431588  6.3242093928936072
7317    -10.432017591285051  -0.83227242122561795  6.1408073843417368
7318    -9.1856013609708302  -1.1168719565660363  5.7513111330954594
7319    -9.3674934324727968  -1.009368658720543  5.5245781279805897
7320    -9.5178026184812232  -0.84031705558824366  5.3371672614040957
7321    -8.2569192919283712  -1.1271393653710493  4.9796619718499358
7322    -8.4340623254328655  -1.0172329583653319  4.7490081370569115
7323    -8.581216558920941  -0.84620971225037367  4.5582807348791796
7324    -11.046299247755426  -1.4828753590865265  7.305833505188212
7325    -11.298837519834745  -1.341298636098905  7.0154051443974286
7326    -11.513733011386583  -1.1131091849709014  6.7729711264584243
7327    -10.159829931093334  -1.4946690087515637  6.4802496591991847
7328    -10.408473884815505  -1.3518657641548637  6.185233997243194
7329    -10.618864119484682  -1.121456693176516  5.9371734495647051
7330    -9.2497949461121909  -1.5059335385482571  5.6803544458527693
7331    -9.4936769957144591  -1.3615704669976509  5.381072421354288
7332    -9.6990948119364191  -1.1287623040602044  5.1275581570408511
7333    -8.3195638236429712  -1.5161318646565185  4.9067641865591067
7334    -8.5562200438526226  -1.3692215410339266  4.6014949666572749
7335    -8.7566523396682499  -1.1343330603097852  4.3433220803973889
7336    -11.11356098936859  -1.8722542768425718  7.2405393761443886
7337    -11.431959795591004  -1.6944773303492404  6.8812768488103062
7338    -11.706234471233858  -1.4030231231472012  6.5757492211722326
7339    -10.225553466825367  -1.8838903286476338  6.4120773508425106
7340    -10.538092665645097  -1.7045594310354113  6.0462586015927799
7341    -10.805710647684318  -1.4106409651274125  5.7335395147876707
7342    -9.3139885312535409  -1.8949951205304787  5.6093977586100801
7343    -9.6198605589561179  -1.7137722752747582  5.2375667147279845
7344    -9.8803870053916079  -1.4172075525321657  4.9179490526776046
7345    -8.3822083553575677  -1.9051243639419879  4.8338664012682768
7346    -8.6783777622723814  -1.7212101237025217  4.45398179625764
7347    -8.9320881204155569  -1.422456408369196  4.1283634259155981
7348    -11.18082273098176  -2.2616331945986166  7.1752452471005661
7349    -11.565082071347266  -2.0476560245995761  6.7471485532231821
7350    -11.898735931081138  -1.6929370613235015  6.3785273158860409
7351    -10.291277002557393  -2.2731116485437037  6.3439050424858365
7352    -10.667711446474684  -2.05725309791596  5.9072832059423668
7353    -10.992557175883952  -1.6998252370783109  5.529905580010638
7354    -9.3781821163949015  -2.2840567025126992  5.5384410713673899
7355    -9.7460441221977856  -2.0659740835518661  5.0940610081016828
7356    -10.061679198846806  -1.7056528010041263  4.70833994831436
7357    -8.4448528870721695  -2.2941168632274569  4.7609686159774487
7358    -8.8005354806921403  -2.0731987063711164  4.3064686258580025
7359    -9.1075239011628675  -1.7105797564286078  3.9134047714338074
7360    -11.440034429633277  -0.59559898074455353  6.8376423338057162
7361    -11.518040469010948  -0.32245201374757493  6.7457866838637432
7362    -11.545424601927044  -0.045894980397281779  6.7103277291007446
7363    -10.548233904423954  -0.6023762083313392  6.0042820448829675
7364    -10.625596770899435  -0.32646449621762863  5.910910788924042
7365    -10.653058329741025  -0.044901173829707937  5.8751367357628306
7366    -9.6311177702026782  -0.60822296242445906  5.1967682516770095
7367    -9.7072532132029714  -0.32973605740422329  5.1020689077397234
7368    -9.7344776015076704  -0.04326851255340184  5.0660807274318511
7369    -8.6921537671775262  -0.61230148844318621  4.4157393270090797
7370    -8.7657641420612347  -0.33113029490065221  4.3197275487048818
7371    -8.7918214918467594  -0.041618463863976232  4.2832603989456661
7372    -11.679208338149756  -0.80238850188802557  6.5905215110587525
7373    -11.786084106970087  -0.43340195669026316  6.4684569057322561
7374    -11.823061504202837  -0.046798183078770809  6.4223551546905631
7375    -10.779900505476506  -0.80833866049682679  5.7495769908658723
7376    -10.885036713579773  -0.43679713698242673  5.6253889301061308
7377    -10.921747792863142  -0.046097256279690579  5.5787855109393343
7378    -9.8553978080949047  -0.81334974348694311  4.9349773174658829
7379    -9.9582476215088587  -0.43944419624763686  4.8089675172013617
7380    -9.9943979337808706  -0.04475103015689736  4.7620248923324873
7381    -8.9093712274274264  -0.8170566047309511  4.1478036435466876
7382    -9.0085212879055057  -0.4405519210879259  4.0197178363192121
7383    -9.0429841385154592  -0.043222697494144979  3.9719490574355474
7384    -11.918382246666244  -1.0091780230314977  6.3434006883117924
7385    -12.054127744929227  -0.54435189963295139  6.1911271276007724
7386    -12.100698406478633  -0.047701385760259812  6.1343825802803824
7387    -11.011567106529057  -1.0143011126623147  5.4948719368487788
7388    -11.144476656260107  -0.54712977774722482  5.3398670712882188
7389    -11.190437255985264  -0.047293338729673236  5.282434286115838
7390    -10.079677845987131  -1.0184765245494269  4.6731863832547571
7391    -10.209242029814751  -0.54915233509105033  4.5158661266630036
7392    -10.254318266054071  -0.046233547760392825  4.4579690572331296
7393    -9.1265886876773301  -1.0218117210187163  3.8798679600842942
7394    -9.2512784337497713  -0.54997354727519954  3.7197081239335428
7395    -9.2941467851841519  -0.044826931124313789  3.6606377159254282
7396    -12.157556155182723  -1.2159675441749693  6.0962798655648314
7397    -12.322171382888365  -0.65530184257563961  5.9137973494692853
7398    -12.378335308754428  -0.048604588441748767  5.8464100058702009
7399    -11.243233707581611  -1.2202635648278026  5.2401668828316827
7400    -11.403916598940448  -0.65746241851202281  5.0543452124703068
7401    -11.459126719107381  -0.048489421179655809  4.9860830612923399
7402    -10.30395788387936  -1.2236033056119109  4.4113954490436305
7403    -10.460236438120642  -0.65886047393446401  4.2227647361246419
7404    -10.514238598327275  -0.047716065363888283  4.1539132221337667
7405    -9.3438061479272339  -1.22656683730648  3.6119322766219017
7406    -9.4940355795940441  -0.65939517346247278  3.4196984115478726
7407    -9.5453094318528553  -0.04643116475448248  3.3493263744153108
7408    -11.510581535437106  0.23669400041149061  6.7407884084045371
7409    -11.419202786890219  0.52478918515047512  6.8288249970159773
7410    -11.287408503981389  0.77152850227590686  6.9633391466466055
7411    -10.618089534419857  0.24250395221209814  5.9057013775468006
7412    -10.527367906591635  0.53288400059785368  5.9950528478197853
7413    -10.398655437562702  0.78128947034791607  6.1331942279741698
7414    -9.6997406374325212  0.24875424913499086  5.0966804857227928
7415    -9.6103401704664204  0.54105050050697334  5.1872189808499529
7416    -9.4850670753946353  0.79092361329521943  5.3289187455548923
7417    -8.7583898473402844  0.25317984752085465  4.3141331181229905
7418    -8.6718183712508612  0.54760368842635132  4.4056884535578913
7419    -8.5493085697073603  0.79882053608903503  4.5492626646235692
7420    -11.778661635934281  0.34527757710460028  6.4626523971477701
7421    -11.660080131613244  0.72782717396331886  6.5804202381314187
7422    -11.484029962638846  1.0559226117142106  6.7621897205732422
7423    -10.877688514585948  0.3499431233865718  5.6193222037312891
7424    -10.760974445354966  0.73471715331884468  5.7389771350800611
7425    -10.589771827260069  1.0647762141616961  5.9255605329878911
7426    -9.9510020681751712  0.35505313275534905  4.8026561017424605
7427    -9.836754961868774  0.74167861417834902  4.923928960839576
7428    -9.6707227173335113  1.0735004618762531  5.115181340496683
7429    -9.0014577048159463  0.35897256110970333  4.013164133008531
7430    -8.891243723721205  0.74770299805329477  4.1361769499281387
7431    -8.7291295296776443  1.081006397628741  4.3300924980806457
7432    -12.046741736431454  0.45386115379771008  6.1845163858910004
7433    -11.90095747633627  0.93086516277616249  6.3320154792468557
7434    -11.680651421296302  1.3403167211525142  6.5610402944998762
7435    -11.137287494752035  0.45738229456104551  5.3329430299157776
7436    -10.994580984118299  0.93655030603983569  5.4829014223403352
7437    -10.780888216957432  1.3482629579754759  5.7179268380016106
7438    -10.202263498917825  0.46135201637570727  4.5086317177621247
7439    -10.063169753271131  0.94230672784972447  4.6606389408291991
7440    -9.8563783592723873  1.3560773104572865  4.901443935438472
7441    -9.2445255622916047  0.46476527469855189  3.7121951478940716
7442    -9.1106690761915488  0.9478023076802381  3.8666654462983838
7443    -8.9089504896479248  1.3631922591684469  4.110922331537723
7444    -12.31482183692863  0.56244473049081978  5.9063803746342352
7445    -12.141834821059289  1.1339031515890057  6.0836107203622971
7446    -11.877272879953759  1.624710830590818  6.359890868426513
7447    -11.396886474918128  0.56482146573551895  5.0465638561002653
7448    -11.228187522881626  1.1383834587608266  5.226825709600611
7449    -10.972004606654798  1.6317497017892566  5.5102931430153319
7450    -10.45352492966048  0.56765089999606555  4.2146073337817942
7451    -10.28958454467349  1.1429348415210996  4.397348920818823
7452    -10.042034001211261  1.6386541590383208  4.6877065303802636
7453    -9.4875934197672702  0.57055798828740056  3.411226162779613
7454    -9.3300944286618943  1.1479016173071817  3.5971539426686303
7455    -9.0887714496182106  1.645378120708153  3.8917521649947986
7456    -11.121022242782798  0.95601336351502764  7.14793388778617
7457    -10.925350860920014  1.0792076117568543  7.3726421539096449
7458    -10.235489882313187  0.96731207863627533  6.3215963789444771
7459    -10.042433258530416  1.0912613783160299  6.5489542109753893
7460    -9.3255770944641334  0.97843072566869316  5.5210112361607111
7461    -9.1359799843055765  1.1030361969958586  5.7508012180221897
7462    -8.3934891039902624  0.98766722716766908  4.7445318853547063
7463    -8.2091784135931078  1.1138055945593146  4.9782118097575081
7464    -11.260810391293131  1.3034915136448797  7.0062553570257453
7465    -11.001426113373206  1.4651400932644041  7.2978152562306651
7466    -10.371678112067226  1.3142623075862261  6.1749949329481826
7467    -10.116680387981701  1.4770259997323014  6.4711084711354099
7468    -9.4581924085836278  1.3248511980236057  5.3697663528232118
7469    -9.2083938317283991  1.4886324121214463  5.6700283921584305
7470    -8.5219592311877026  1.3338640935803259  4.5891769467049546
7471    -8.2797818257797395  1.4993324082409409  4.8953328448318247
7472    -11.400598539803463  1.6509696637747322  6.8645768262653259
7473    -11.077501365826386  1.8510725747719536  7.2229883585516852
7474    -10.50786634182127  1.6612125365361767  6.0283934869518889
7475    -10.190927517432986  1.8627906211485721  6.3932627312954331
7476    -9.5908077227031185  1.6712716703785182  5.2185214694857125
7477    -9.2808076791512129  1.8742286272470341  5.5892555662946721
7478    -8.6504293583851428  1.6800609599929832  4.4338220080552029
7479    -8.3503852379663677  1.8848592219225668  4.8124538799061423
7480    -11.54038668831379  1.998447813904584  6.7228982955049013
7481    -11.15357661827958  2.2370050562795027  7.1481614608727062
7482    -10.644054571575303  2.0081627654861278  5.8817920409555935
7483    -10.265174646884271  2.2485552425648421  6.3154169914554528
7484    -9.7234230368226093  2.0176921427334316  5.0672765861482114
7485    -9.3532215265740373  2.2598248423726215  5.5084827404309147
7486    -8.7788994855825759  2.0262578264056401  4.2784670694054512
7487    -8.4209886501530029  2.2703860356041941  4.7295749149804589
7488    -7.0745150303924937  1.1736995878058767  4.4776292389372836
7489    -6.8937343479182447  1.1366411036096653  4.725304494056668
7490    -6.7274398191015452  1.024714193223301  4.9648230866154597
7491    -6.5868487219937961  0.852154741997737  5.1612304202410648
7492    -6.1126986272527093  1.1843593428312287  3.7583135802771639
7493    -5.9402908762907014  1.1468189368527504  4.0073678793833922
7494    -5.778564845146267  1.0339852860282579  4.2495107819450917
7495    -5.6422645491162342  0.85960059500566888  4.449701797563173
7496    -5.1320574928929146  1.1946273601147939  3.0648061889478146
7497    -4.9682883365550872  1.1564667585286506  3.3149888828663512
7498    -4.8116241774336617  1.0424695730188622  3.5592906041068297
7499    -4.6798803455932916  0.86612136837385101  3.7630146525428523
7500    -4.1332356576611629  1.204511124837375  2.3976621927148267
7501    -3.9759516859130382  1.164820934162601  2.6494199395215241
7502    -3.8263399718118825  1.0479777455468215  2.8966754991251724
7503    -3.6992258107273397  0.86948935271556316  3.1030676177246441
7504    -7.0814994065843502  1.5736260263428627  4.4744767394519371
7505    -6.8371753288428332  1.5255156541086663  4.8037398437961825
7506    -6.6115823472161903  1.3763892401717213  5.1181220921204602
7507    -6.4182910524609857  1.1398199403410365  5.3822117601481594
7508    -6.1192385081068768  1.5842938947293614  3.7552568255222667
7509    -5.8848028776232066  1.535347847249888  4.0887625174642297
7510    -5.6653944444564868  1.3847096964008403  4.4071885037729599
7511    -5.4785121303445807  1.1458767200829059  4.6760275945288932
7512    -5.1381597039454405  1.5945698001675292  3.0618601968688921
7513    -4.9138866432619839  1.544651335839998  3.3993032683827904
7514    -4.7011718432767262  1.3922474993879717  3.7212061777709602
7515    -4.5209726323504915  1.1510141049800067  3.9944894832293438
7516    -4.1390134120389908  1.6044583288798002  2.3946870401143516
7517    -3.9227631779252108  1.5528492784501449  2.7355222477505845
7518    -3.7194116808464548  1.3973240690944262  3.0619814961140568
7519    -3.5456537207560124  1.1537509971107138  3.3388873172995561
7520    -7.0884837827762066  1.9735524648798481  4.4713242399665889
7521    -6.7806163097674244  1.9143902046076671  4.882175193535697
7522    -6.4957248753308345  1.7280642871201408  5.2714210976254599
7523    -6.2497333829281763  1.4274851386843352  5.6031931000552522
7524    -6.1257783889610442  1.9842284466274944  3.7522000707673704
7525    -5.8293148789557137  1.9238767576470255  4.1701571555450681
7526    -5.5522240437667048  1.7354341067734242  4.5648662256008308
7527    -5.314759711572929  1.4321528451601426  4.9023533914946142
7528    -5.1442619149979665  1.9945122402202649  3.05891420478997
7529    -4.8594849499688824  1.932835913151346  3.4836176538992309
7530    -4.5907195091197899  1.7420254257570815  3.8831217514350898
7531    -4.362064919107695  1.4359068415861622  4.2259643139158358
7532    -4.1447911664168187  2.0044055329222252  2.3917118875138774
7533    -3.8695746699373852  1.9408776227376887  2.8216245559796476
7534    -3.6124833898810267  1.7466703926420311  3.2272874931029416
7535    -3.3920816307846855  1.4380126415058643  3.5747070168744699
7536    -7.0954681589680639  2.3734789034168347  4.4681717404812424
7537    -6.7240572906920146  2.3032647551066687  4.9606105432752123
7538    -6.3798674034454805  2.0797393340685608  5.4247201031304595
7539    -6.0811757133953668  1.7151503370276355  5.8241744399623485
7540    -6.1323182698152117  2.3841629985256274  3.7491433160124732
7541    -5.7738268802882207  2.3124056680441627  4.2515517936259073
7542    -5.4390536430769254  2.0861585171460066  4.7225439474286981
7543    -5.1510072928012747  1.7184289702373792  5.1286791884603344
7544    -5.1503641260504924  2.3944546802730002  3.0559682127110475
7545    -4.80508325667578  2.3210204904626934  3.5679320394156693
7546    -4.4802671749628544  2.0918033521261918  4.0450373250992202
7547    -4.2031572058648932  1.7207995781923184  4.4574391446023274
7548    -4.1505689207946475  2.4043527369646505  2.3887367349134023
7549    -3.8163861619495583  2.3289059670252321  2.9077268642087075
7550    -3.5055550989155986  2.0960167161896361  3.392593490091826
7551    -3.2385095408133582  1.7222742859010152  3.8105267164493819
7552    -6.480637888032021  0.61673270180958739  5.3073776085810485
7553    -6.4134802073731612  0.33298225019370803  5.4082970364384302
7554    -6.3905870461484966  0.040285610988412483  5.4473060141737983
7555    -5.5400733644847762  0.62214730438779897  4.5991955962996816
7556    -5.4748042510546044  0.33574099863425616  4.7018098055209245
7557    -5.4523955994003739  0.037573598178151271  4.7413483707841841
7558    -4.5819072062948143  0.62673681316101892  3.9156555999336828
7559    -4.5188951098125649  0.33786034124864978  4.019594161568981
7560    -4.4971693637314374  0.034322165376494039  4.0594628526179246
7561    -3.6047151574377536  0.62857935358356209  3.2571217881605925
7562    -3.5455986212906292  0.3373773998877187  3.3616302013207386
7563    -3.5257284795093562  0.030750366086808312  3.4016316504745121
7564    -6.2706914848803699  0.82096924544440886  5.5813334096445386
7565    -6.1776748533780435  0.44204524732055989  5.7138390793494276
7566    -6.1460635016114251  0.042191003294887057  5.7638582604480826
7567    -5.336897514232688  0.82480619354986262  4.879163996540977
7568    -5.2467954541769775  0.44352314243483631  5.0134845853728525
7569    -5.2159597905817989  0.039626470207537116  5.0639861742369749
7570    -4.3855342852882506  0.82782336453978644  4.2014127382350113
7571    -4.2987021007580166  0.4443662647878836  4.3371250042242151
7572    -4.2688334429152057  0.03652678208819729  4.3878811013316801
7573    -3.414905755112279  0.8289540140533862  3.5477386680887859
7574    -3.3330568523743973  0.44331547933303656  3.6844675698308915
7575    -3.3055107289967842  0.033041301032056949  3.735546151471814
7576    -6.060745081728717  1.0252057890792301  5.8552892107080288
7577    -5.9418694993829275  0.55110824444741169  6.0193811222604268
7578    -5.9015399570743527  0.044096395601361589  6.0804105067223633
7579    -5.1337216639806007  1.0274650827119263  5.1591323967822733
7580    -5.0187866572993496  0.55130528623541653  5.3251593652247795
7581    -4.9795239817632204  0.041679342236923045  5.3866239776897613
7582    -4.1891613642816834  1.0289099159185537  4.4871698765363375
7583    -4.0785090917034692  0.55087218832711737  4.6546558468794457
7584    -4.0404975220989749  0.038731398799900563  4.716299350045432
7585    -3.225096352786804  1.0293286745232104  3.8383555480169789
7586    -3.120515083458165  0.54925355877835436  4.0073049383410435
7587    -3.0852929784842105  0.035332235977305657  4.0694606524691164
7588    -5.8507986785770658  1.2294423327140516  6.1292450117715216
7589    -5.7060641453878098  0.66017124157426377  6.3249231651714259
7590    -5.657016412537283  0.046001787907836218  6.3969627529966466
7591    -4.9305458137285143  1.2301239718739891  5.4391007970235687
7592    -4.7907778604217253  0.65908743003599646  5.6368341450767074
7593    -4.7430881729446472  0.043732214266308973  5.709261781142553
7594    -3.9927884432751202  1.2299964672973209  4.7729270148376672
7595    -3.8583160826489209  0.65737811186635153  4.972186689534678
7596    -3.8121616012827446  0.04093601551160389  5.0447175987591892
7597    -3.0352869504613293  1.2297033349930344  4.1289724279451718
7598    -2.9079733145419326  0.6551916382236721  4.3301423068511937
7599    -2.8650752279716385  0.03762317092255435  4.4033751534664178
7600    -6.4191004396068845  -0.25742337518120745  5.4134609527931303
7601    -6.4962031259528237  -0.55386765003329297  5.3159857070154573
7602    -6.6121675257510635  -0.80615016324438071  5.1684487527709484
7603    -5.4801911660379128  -0.26523802867192592  4.7071470555276438
7604    -5.5547154251464459  -0.56331732840013826  4.6082651637718293
7605    -5.6656778437957058  -0.81608285276250814  4.4580919519475337
7606    -4.5240811887302197  -0.27340464302551715  4.0250888012924149
7607    -4.5957188930823767  -0.57277082924831291  3.9251410823427006
7608    -4.7015134157647518  -0.82583190563344089  3.7725151307455222
7609    -3.5505578779178602  -0.27951341209653913  3.3672366156794906
7610    -3.6177621639276336  -0.58002688280200632  3.2669112766850525
7611    -3.7195269171433099  -0.83352509736429925  3.113227976298397
7612    -6.1832384542109713  -0.36230592834529396  5.720347480565164
7613    -6.2849436923136128  -0.75303240195736387  5.5925303010524452
7614    -6.4405459943364951  -1.0876569791829704  5.3949367636858154
7615    -5.2521455405504263  -0.36861458799466479  5.0202181349798467
7616    -5.3503700388335966  -0.76086025031543758  4.8909212244508771
7617    -5.4992806023068503  -1.0964057932066336  4.6898793333668483
7618    -4.3038695811039913  -0.37527247397364216  4.3440645894704479
7619    -4.3983154368625303  -0.7686920288415493  4.2136756947839942
7620    -4.5403738526372317  -1.1049726086959497  4.0093942367526756
7621    -3.3380363701150926  -0.38067755829316191  3.6915597880446764
7622    -3.4270727608898581  -0.7751920046537496  3.5604000167326477
7623    -3.5640286178128506  -1.1121089328186056  3.3544982097066973
7624    -5.9473764688150599  -0.46718848150938047  6.0272340083371976
7625    -6.0736842586744064  -0.95219715388143422  5.869074895089434
7626    -6.2689244629219312  -1.3691637951215612  5.6214247746006807
7627    -5.0240999150629415  -0.47199114731740349  5.3332892144320478
7628    -5.1460246525207447  -0.95840317223073679  5.1735772851299249
7629    -5.332883360817994  -1.3767287336507592  4.9216667147861584
7630    -4.0836579734777656  -0.47714030492176734  4.6630403776484801
7631    -4.2009119806426867  -0.96461322843478536  4.5022103072252913
7632    -4.379234289509716  -1.3841133117584592  4.2462733427598263
7633    -3.125514862312325  -0.48184170448978503  4.0158829604098623
7634    -3.2363833578520831  -0.970357126505493  3.8538887567802416
7635    -3.408530318482391  -1.390692768272912  3.5957684431149968
7636    -5.7115144834191449  -0.57207103467346698  6.3341205361092303
7637    -5.8624248250351965  -1.1513619058055051  6.1456194891264184
7638    -6.0973029315073619  -1.650670611060151  5.8479127855155486
7639    -4.7960542895754568  -0.57536770664014247  5.6463602938842516
7640    -4.9416792662078945  -1.1559460941460364  5.4562333458089727
7641    -5.1664861193291385  -1.6570516740948844  5.153454096205472
7642    -3.8634463658515346  -0.57900813586989242  4.9820161658265141
7643    -4.0035085244228412  -1.1605344280280216  4.7907449196665866
7644    -4.2180947263821968  -1.6632540148209691  4.4831524487669823
7645    -2.9129933545095579  -0.58300585068640798  4.3402061327750445
7646    -3.0456939548143076  -1.1655222483572363  4.1473774968278363
7647    -3.2530320191519322  -1.6692766037272184  3.837038676523298
7648    -6.7623423632603954  -0.99637373810045748  4.9684576164691334
7649    -6.9378588881566605  -1.1244335204151537  4.7274270982532558
7650    -7.122663309130191  -1.1741209436564692  4.4796365846540489
7651    -5.8106918722939378  -1.0068851948804778  4.2552662002781583
7652    -5.9811489389331323  -1.1352226559839449  4.0123014896478137
7653    -6.1574254777587027  -1.1847353499916113  3.7633992774783813
7654    -4.8411173881650331  -1.0171569653769417  3.5671016758528014
7655    -5.0060521091001497  -1.1456680130873642  3.322661323932957
7656    -5.173551518690914  -1.1949499282250207  3.0728943253375105
7657    -3.8540815207888275  -1.0255867897480422  2.9056032034702679
7658    -4.0116956159420214  -1.1551035173693536  2.6585697970000419
7659    -4.1726151689885365  -1.2047795667401877  2.4073746244679723
7660    -6.6412536316454815  -1.3422088907671683  5.1305856269213557
7661    -6.8739282981255538  -1.5098721810689766  4.8162666370986686
7662    -7.1214169059725423  -1.5740476321510011  4.4871663178189225
7663    -5.6929797335415309  -1.3520827528611687  4.4214642856672999
7664    -5.9190943670372116  -1.5205115866789711  4.1036162016642646
7665    -6.1565584675618155  -1.5846709529224134  3.7704714166332884
7666    -4.7268048973329844  -1.3617181634333269  3.7372145907151793
7667    -4.9458774198385402  -1.5308076995046316  3.4163932787836169
7668    -5.1730574325761411  -1.5948945279219973  3.0795033405985381
7669    -3.743723501390936  -1.3698442925306824  3.0790342941019153
7670    -3.9532204485789535  -1.5401702962626334  2.7539400648501617
7671    -4.1722933905406681  -1.6047282328779169  2.4137746958177266
7672    -6.5201649000305641  -1.6880440434338777  5.2927136373735788
7673    -6.8099977080944498  -1.8953108417228002  4.9051061759440797
7674    -7.1201705028148936  -1.9739743206455334  4.4946960509837997
7675    -5.5752675947891248  -1.697280310841859  4.5876623710564424
7676    -5.8570397951412954  -1.9058005173739976  4.1949309136807171
7677    -6.1556914573649326  -1.9846065558532151  3.7775435557881938
7678    -4.6124924065009356  -1.7062793614897127  3.9073275055775563
7679    -4.8857027305769352  -1.9159473859219001  3.5101252336342759
7680    -5.1725633464613709  -1.9948391276189743  3.0861123558595653
7681    -3.6333654819930437  -1.7141017953133222  3.2524653847335632
7682    -3.8947452812158843  -1.9252370751559131  2.8493103327002824
7683    -4.1719716120928014  -2.0046768990156463  2.4201747671674814
7684    -6.3990761684156485  -2.0338791961005875  5.4548416478257984
7685    -6.7460671180633422  -2.280749502376624  4.9939457147894926
7686    -7.1189240996572432  -2.3739010091400656  4.5022257841486715
7687    -5.4575554560367161  -2.0424778688225493  4.7538604564455857
7688    -5.7949852232453756  -2.2910894480690245  4.2862456256971688
7689    -6.1548244471680462  -2.3845421587840172  3.7846156949431018
7690    -4.498179915668886  -2.0508405595460983  4.0774404204399355
7691    -4.8255280413153274  -2.3010870723391683  3.6038571884849366
7692    -5.1720692603465972  -2.3947837273159505  3.0927213711205939
7693    -3.5230074625951517  -2.0583592980959629  3.4258964753652106
7694    -3.8362701138528155  -2.3103038540491938  2.9446806005504023
7695    -4.1716498336449321  -2.404625565153375  2.4265748385172357
7696    -7.3065843937672081  -1.1370023568315053  4.2348493972053074
7697    -7.4788669541198072  -1.0249314216755183  4.0002763386484741
7698    -7.6225812655771374  -0.85213054074873673  3.8063680173257599
7699    -6.33346161709271  -1.1471160147465413  3.5174041711924677
7700    -6.5020902727003955  -1.034117635864549  3.280528417940821
7701    -6.6420270597919444  -0.85947069892346162  3.083024934737526
7702    -5.3414589684706195  -1.1567044233823423  2.8259269077777938
7703    -5.5059810514381375  -1.042545675730415  2.5871860167347345
7704    -5.6418965699126158  -0.8659272615975212  2.3863229792142322
7705    -4.3344844544666703  -1.1649916670050944  2.1590182209276634
7706    -4.492788060596518  -1.0479696160711096  1.9176707768310139
7707    -4.6245324242863539  -0.86919730359389225  1.7143336428556473
7708    -7.3677894110813984  -1.5258389584324454  4.1597174355598412
7709    -7.5971060098859899  -1.3764954597244263  3.8485161821847589
7710    -7.792198975390515  -1.1396362961774071  3.5859942193732679
7711    -6.3933729552622465  -1.5356004532280958  3.4389014118572376
7712    -6.6171391236710901  -1.3847204735158223  3.1239013487240435
7713    -6.8061914976348321  -1.1455808484727659  2.8567930826668215
7714    -5.4000565861751442  -1.5448352582173197  2.7441054340023272
7715    -5.6177944503298169  -1.3921830442936853  2.4258511138336689
7716    -5.8005489160597863  -1.1506360137199965  2.1544497652275276
7717    -4.3915824338097265  -1.5529622825739711  2.0751188205461455
7718    -4.6005470549840677  -1.39716963394359  1.75256612507219
7719    -4.7771902403239368  -1.1532710884432364  1.4776953620048823
7720    -7.4289944283955904  -1.9146755600333856  4.0845854739143759
7721    -7.7153450656521709  -1.7280594977733348  3.6967560257210401
7722    -7.9618166852038925  -1.4271420516060782  3.3656204214207763
7723    -6.4532842934317802  -1.9240848917096494  3.3603986525220062
7724    -6.7321879746417785  -1.7353233111670945  2.9672742795072669
7725    -6.9703559354777207  -1.4316909980220704  2.6305612305961175
7726    -5.4586542038796697  -1.9329660930522978  2.6622839602268598
7727    -5.7296078492214964  -1.7418204128569557  2.264516210932606
7728    -5.9592012622069603  -1.4353447658424725  1.9225765512408242
7729    -4.4486804131527782  -1.9409328981428482  1.9912194201646276
7730    -4.7083060493716138  -1.7463696518160703  1.5874614733133647
7731    -4.9298480563615197  -1.4373448732925813  1.2410570811541175
7732    -7.4901994457097807  -2.3035121616343264  4.0094535122689088
7733    -7.8335841214183537  -2.0796235358222428  3.5449958692573245
7734    -8.1314343950172674  -1.7146478070347486  3.1452466234682848
7735    -6.5131956316013166  -2.3125693301912045  3.2818958931867752
7736    -6.8472368256124714  -2.0859261488183671  2.8106472102904898
7737    -7.1345203733206084  -1.7178011475713748  2.4043293785254134
7738    -5.5172518215841944  -2.3210969278872757  2.5804624864513923
7739    -5.8414212481131749  -2.0914577814202255  2.1031813080315409
7740    -6.1178536083541335  -1.7200535179649481  1.6907033372541198
7741    -4.5057783924958326  -2.3289035137117247  1.9073200197831095
7742    -4.8160650437591643  -2.0955696696885511  1.4223568215545408
7743    -5.0825058723991035  -1.7214186581419257  1.0044188003033525
7744    -7.7308339590594359  -0.61643863783052255  3.6619143723437237
7745    -7.8019772031245784  -0.33247403664836767  3.5643940186624681
7746    -7.8269495796181303  -0.039628239684701631  3.5272905784045241
7747    -6.7465119947387278  -0.62172824858257036  2.9353219372935846
7748    -6.8161984455146545  -0.33509759431905906  2.8362610605538237
7749    -6.840922054733678  -0.036790618937602701  2.7987153503830866
7750    -5.7424479921924796  -0.62623304594825768  2.235564566902057
7751    -5.8103698205780177  -0.33711979110138313  2.1353233369206084
7752    -5.8346789083911146  -0.033450419416440627  2.0975292944307502
7753    -4.7219020693977818  -0.62801575517651154  1.5622448062125363
7754    -4.7864332796612414  -0.3366594501839954  1.4615755103044867
7755    -4.8091601317881718  -0.029952458914974223  1.4237269900969229
7756    -7.940931801502594  -0.82049099464519504  3.3879508600900361
7757    -8.0363865354053825  -0.44132465405360594  3.2577157462218267
7758    -8.0692232800163683  -0.041309792661124563  3.209016032831403
7759    -6.9491220857762999  -0.82421093067737639  2.654827694688259
7760    -7.0419574254260793  -0.44269308520541883  2.5228964502863938
7761    -7.0741838344922803  -0.038656665490050618  2.4737814816373862
7762    -5.9375103378120446  -0.82714066724710777  1.9487860549451541
7763    -6.0274162732885648  -0.44345552241104014  1.8155741347367387
7764    -6.0588654183913881  -0.035496731958462077  1.7662676172206644
7765    -4.9096648151733344  -0.82820445877400239  1.2701778484645163
7766    -4.994945394313838  -0.4424102735381446  1.136062985796686
7767    -5.0242676481619064  -0.03206340804389806  1.0864966529484115
7768    -8.1510296439457512  -1.0245433514598676  3.1139873478363458
7769    -8.270795867686191  -0.55017527145884426  2.9510374737811849
7770    -8.3114969804146188  -0.042991345637547487  2.8907414872582802
7771    -7.1517321768138675  -1.0266936127721824  2.3743334520829333
7772    -7.267716405337505  -0.55028857609177861  2.2095318400189639
7773    -7.3074456142508799  -0.040522712042498528  2.1488476128916822
7774    -6.1325726834316061  -1.0280482885459579  1.6620075429882524
7775    -6.2444627259991146  -0.54979125372069704  1.4958249325528685
7776    -6.2830519283916573  -0.037543044500483576  1.435005940010579
7777    -5.0974275609488879  -1.0283931623714933  0.97811089071649704
7778    -5.2034575089664301  -0.54816109689229375  0.81055046128888453
7779    -5.2393751645356428  -0.034174357172821898  0.7492663157999
7780    -8.3611274863889022  -1.2285957082745393  2.8400238355826581
7781    -8.5052051999670013  -0.65902588886408231  2.6443592013405426
7782    -8.5537706808128604  -0.044672898613970412  2.5724669416851582
7783    -7.3543422678514414  -1.2291762948669878  2.0938392094776077
7784    -7.493475385248928  -0.65788406697813906  1.8961672297515342
7785    -7.5407073940094813  -0.042388758594946438  1.8239137441459812
7786    -6.3276350290511729  -1.2289559098448084  1.3752290310313495
7787    -6.4615091787096608  -0.65612698503035416  1.1760757303689986
7788    -6.5072384383919308  -0.039589357042505033  1.1037442628004932
7789    -5.2851903067244397  -1.228581865968984  0.68604393296847754
7790    -5.411969623619024  -0.65391192024644307  0.48503793678108315
7791    -5.4544826809093774  -0.03628530630174575  0.41203597865138852
7792    -7.7947632410990169  0.25822360502946662  3.5585664532717387
7793    -7.711061796868842  0.55476533182536036  3.6511990304602899
7794    -7.5917310138872134  0.80694391176390146  3.796194410334202
7795    -6.8090344967496499  0.26614098660987612  2.8302175271130547
7796    -6.7271140362838127  0.56430003916665272  2.9239931320861077
7797    -6.612336201501245  0.8169564176208538  3.0714544426831485
7798    -5.8032300187849248  0.27438585953667682  2.1290885109669335
7799    -5.72335033379139  0.57383707548865892  2.2236927999052045
7800    -5.6132653350506319  0.82679616503084752  2.3734507791688362
7801    -4.7793762116975893  0.28041209108446241  1.4551815761533706
7802    -4.7031459336871952  0.58100570582981093  1.5499200753874369
7803    -4.5966596170365692  0.83440126536483938  1.7005914372896829
7804    -8.0295085287307408  0.3633249946404461  3.2509146715367203
7805    -7.9233930935441981  0.75412955485825339  3.375639447363302
7806    -7.7656635552750322  1.088599032582241  3.5716647654852385
7807    -7.0351908195651438  0.36969749342782421  2.5158564911028347
7808    -6.9320305361799663  0.76200531202849209  2.6418822785671874
7809    -6.7806832756624393  1.0973925701605867  2.8412216224908655
7810    -6.020734748567782  0.37640022420476071  1.8083202331869994
7811    -5.9207907475104564  0.76988337735651347  1.9352778986648116
7812    -5.7759663734896032  1.1060118415257572  2.1377325041309856
7813    -4.9883704869872894  0.3817433537041785  1.1286365392693445
7814    -4.8933084234176221  0.77631685863481914  1.2561987627811981
7815    -4.753290531406269  1.113081677839735  1.4601668454390668
7816    -8.2642538163624639  0.46842638425142535  2.9432628898017019
7817    -8.1357243902195542  0.9534937778911462  3.1000798642663137
7818    -7.9395960966628465  1.3702541534005808  3.3471351206362763
7819    -7.2613471423806377  0.47325400024577213  2.2014954550926138
7820    -7.1369470360761182  0.95971058489033167  2.3597714250482653
7821    -6.9490303498236337  1.3778287227003185  2.6109888022985808
7822    -6.2382394783506392  0.47841458887284449  1.4875519554070644
7823    -6.1182311612295246  0.96592967922436734  1.6468629974244184
7824    -5.9386674119285745  1.3852275180206668  1.9020142290931368
7825    -5.1973647622769912  0.48307461632389442  0.80209150238531812
7826    -5.0834709131480498  0.97162801143982702  0.96247745017495911
7827    -4.9099214457759714  1.3917620903146302  1.2197422535884492
7828    -8.498999103994187  0.57352777386240483  2.6356111080666826
7829    -8.3480556868949058  1.1528580009240388  2.8245202811693249
7830    -8.1135286380506635  1.6519092742189196  3.1226054757873123
7831    -7.4875034651961316  0.57681050706372017  1.8871344190823927
7832    -7.3418635359722701  1.1574158577521709  2.0776605715293446
7833    -7.1173774239848271  1.6582648752400513  2.3807559821062982
7834    -6.4557442081334973  0.58042895354092849  1.1667836776271301
7835    -6.3156715749485919  1.1619759810922217  1.3584480961840255
7836    -6.1013684503675449  1.6644431945155767  1.6662959540552866
7837    -5.4063590375666903  0.5844058789436104  0.47554646550129159
7838    -5.2736334028784793  1.1669391642448346  0.66875613756871999
7839    -5.0665523601456712  1.6704425027895258  0.97931766173783275
7840    -7.4399900418428633  0.99673337659948635  3.9942528270239737
7841    -7.2612123157135589  1.1242601048687291  4.2316219958446988
7842    -6.4654385890664567  1.0073134095059308  3.2722075549097163
7843    -6.2911646351670294  1.1350966063051202  3.511301638244289
7844    -5.4714317955554943  1.0176639115556472  2.576657984797321
7845    -5.3020715100703928  1.1455981424094963  2.8170301501095318
7846    -4.4595667112044444  1.0260414684172796  1.905866032472173
7847    -4.296969078540557  1.1550477567228621  2.1485869445936774
7848    -7.564276695200709  1.3426457203262401  3.834786645638069
7849    -7.3299251773313738  1.5097204169012259  4.1466442593428479
7850    -6.5860616584323211  1.3525607755352669  3.108273182201577
7851    -6.3578616386177105  1.5203944500269968  3.4234767548258374
7852    -5.5883481849605019  1.362245124636821  2.4084205887511607
7853    -5.3667420083632678  1.5307329600987374  2.7264256902335453
7854    -4.5721703388632307  1.3703346330603128  1.7340128976424993
7855    -4.3597170852925897  1.5401143995969293  2.0560864245187194
7856    -7.6885633485585565  1.6885580640529925  3.675320464252164
7857    -7.3986380389491861  1.8951807289337237  4.0616665228409987
7858    -6.7066847277981871  1.6978081415646034  2.9443388094934395
7859    -6.4245586420683924  1.9056922937488734  3.3356518714073848
7860    -5.7052645743655104  1.706826337717994  2.2401831927050013
7861    -5.4314125066561374  1.9158677777879787  2.6358212303575574
7862    -4.6847739665220196  1.7146277977033455  1.5621597628128265
7863    -4.4224650920446216  1.9251810424709976  1.9635859044437618
7864    -7.8128500019163996  2.0344704077797462  3.515854282866258
7865    -7.4673509005670002  2.2806410409662221  3.9766887863391474
7866    -6.8273077971640506  2.0430555075939392  2.7804044367852994
7867    -6.4912556455190709  2.2909901374707502  3.247826987988935
7868    -5.8221809637705171  2.0514075507991674  2.0719457966588406
7869    -5.4960830049490106  2.3010025954772209  2.5452167704815718
7870    -4.797377594180805  2.0589209623463787  1.3903066279831529
7871    -4.4852130987966543  2.3102476853450646  1.8710853843688033
7872    3.3364009559823553  1.2211326146597612  1.7418951733694692
7873    3.5153792074378414  1.1767580667703965  1.5053768460074386
7874    3.6845717806638265  1.0524910413330655  1.2730967590770719
7875    3.8302208750665514  0.8653643561810066  1.0803897590345792
7876    2.8480905097617879  1.2485419507793321  1.0885203156608827
7877    3.0677967766747445  1.2038092459224585  0.88022701701613959
7878    3.2657581391092405  1.0771392089688341  0.67114770682005453
7879    3.441549761180017  0.88179312380887953  0.50148912567183979
7880    2.5590000358085083  1.2833511996045415  0.38606993013409824
7881    2.8257163967370413  1.2382486110121143  0.2122746784759196
7882    3.0641132657022494  1.1091537842586858  0.03804603608562937
7883    3.2763294939991825  0.90557657232279065  -0.1022911078990307
7884    2.3484118595226082  1.3219073509030801  -0.40655587859826836
7885    2.6490154696011179  1.2749889409738424  -0.550752044998846
7886    2.9290417313716355  1.1417319369302044  -0.68329147296169312
7887    3.1703336234597179  0.93276561136641301  -0.7963825361537562
7888    3.2685230335197466  1.6194299729277153  1.7490322889317582
7889    3.529270087932836  1.5652065986322785  1.4153106345199655
7890    3.7475771725093461  1.4044069311591243  1.1024563868475217
7891    3.9438038088732856  1.1499397753569245  0.84146798361339281
7892    2.599209100852224  1.6426145583886873  1.1147575558456222
7893    2.9644680530025598  1.5951215671290038  0.79459532939857969
7894    3.226705987439034  1.4391821336160946  0.50708786273426576
7895    3.4749185415228161  1.1729897059496819  0.27512809818863437
7896    2.0581760638718825  1.6719029073720004  0.45905709517368193
7897    2.5524416852357428  1.6322509342591092  0.15711956791274975
7898    2.9041007594167025  1.4832343427698029  -0.096377042618053285
7899    3.2287940026966027  1.2064272783502157  -0.29464289725382664
7900    1.5653579029076354  1.7048862808950156  -0.2469883574627825
7901    2.1729329259458474  1.6698018492903861  -0.5311029630560149
7902    2.6667679849529096  1.5257955399694687  -0.75142486818348231
7903    3.0808951844447057  1.2451670830127031  -0.9248363417316704
7904    3.2006451110571366  2.0177273311956694  1.7561694044940475
7905    3.5431609684278293  1.9536551304941612  1.3252444230324922
7906    3.8105825643548639  1.7563228209851829  0.93181601461797214
7907    4.057386742680019  1.434515194532842  0.60254620819220628
7908    2.3503276919426597  2.0366871659980426  1.1409947960303619
7909    2.8611393293303755  1.9864338883355501  0.70896364178101945
7910    3.187653835768828  1.8012250582633555  0.34302801864847693
7911    3.5082873218656143  1.4641862880904837  0.048767070705428905
7912    1.5573520919352566  2.0604546151394594  0.53204426021326567
7913    2.2791669737344438  2.0262532575061036  0.10196445734957986
7914    2.7440882531311548  1.8573149012809205  -0.23080012132173597
7915    3.1812585113940242  1.5072779843776405  -0.48699468660862288
7916    0.78230394629266198  2.0878652108869513  -0.08742083632729658
7917    1.6968503822905758  2.0646147576069294  -0.51145388111318379
7918    2.4044942385341832  1.9098591430087328  -0.81955826340527171
7919    2.9914567454296908  1.5575685546589924  -1.0532901473095844
7920    3.1327671885945279  2.4160246894636246  1.7633065200563363
7921    3.5570518489228244  2.3421036623560427  1.2351782115450185
7922    3.873587956200383  2.1082387108112433  0.76117564238842272
7923    4.1709696764867523  1.71909061370876  0.36362443277101958
7924    2.1014462830330958  2.4307597736073987  1.1672320362151014
7925    2.757810605658189  2.3777462095420945  0.62333195416345966
7926    3.1486016840986206  2.1632679829106176  0.17896817456268821
7927    3.5416561022084156  1.7553828702312859  -0.17759395677777645
7928    1.0565281199986307  2.4490063229069192  0.60503142525284936
7929    2.0058922622331452  2.4202555807530994  0.04680934678641005
7930    2.5840757468456088  2.2313954597920391  -0.36522320002541853
7931    3.1337230200914457  1.8081286904050655  -0.67934647596341891
7932    -0.00075001032231103437  2.4708441408788864  0.07214668480818931
7933    1.2207678386353049  2.4594276659234717  -0.49180479917035241
7934    2.1422204921154564  2.2939227460479983  -0.88769165862706068
7935    2.9020183064146767  1.8699700263052832  -1.1817439528874982
7936    3.9425518696461417  0.61771533724445771  0.94032382814967341
7937    4.0159845983658133  0.32189087980588438  0.84923504820313334
7938    4.0430529430764608  0.0099381557268735585  0.81736041491776013
7939    3.5796861351479778  0.62663119711748783  0.38025258825627384
7940    3.6640257426489584  0.32718651440859231  0.29840085682579465
7941    3.6931597318600899  0.0067296778311776786  0.26908284333109567
7942    3.4429856869491569  0.6413484654608872  -0.20243140995140474
7943    3.5432732753339282  0.33539890870971201  -0.2708362436343843
7944    3.5771873486391899  0.0048846872182239098  -0.29533079544455659
7945    3.3549684065959586  0.65996853415118995  -0.88137268236449484
7946    3.4718187156786318  0.34280168336207512  -0.93333779646424042
7947    3.5129205905847583  0.0032679439065567695  -0.95007890774125947
7948    4.1031458788406177  0.81604333273647223  0.64822785082036016
7949    4.1983171642897146  0.42673830911467253  0.52505847972888764
7950    4.2309540369382272  0.0096072657993691111  0.48261840592445204
7951    3.6896438841552475  0.82653116954527206  0.10517524098732774
7952    3.8049429874735106  0.43534491515514967  -0.0042381943264817677
7953    3.8400956936925379  0.00595164888420395  -0.042109301440549821
7954    3.5070029087142864  0.84508652252833272  -0.4373842386405089
7955    3.657473226953428  0.44771023262193088  -0.52575386347698738
7956    3.7032420574631235  0.003734617761826875  -0.55513176367778916
7957    3.4053309074136502  0.87079368957768721  -1.0459624446174662
7958    3.6040479233959131  0.45896318980619438  -1.1075948753710514
7959    3.6720129167229709  0.0020912422549195231  -1.1238658592988566
7960    4.2637398880350901  1.0143713282284867  0.35613187349104691
7961    4.3806497302136131  0.53158573842346069  0.20088191125464183
7962    4.4188551307999919  0.0092763758718646012  0.14787639693114402
7963    3.799601633162518  1.0264311419730563  -0.16990210628161836
7964    3.9458602322980636  0.5435033159017072  -0.30687724547875822
7965    3.9870316555249854  0.0051736199372302838  -0.35330144621219539
7966    3.5710201304794178  1.0488245795957782  -0.67233706732961296
7967    3.7716731785729269  0.56002155653414976  -0.78067148331958991
7968    3.8292967662870576  0.0025845483054299789  -0.81493273191102156
7969    3.455693408231344  1.0816188450041844  -1.2105522068704377
7970    3.7362771311131948  0.57512469625031348  -1.2818519542778637
7971    3.831105242861184  0.00091454060328244324  -1.2976528108564538
7972    4.4243338972295678  1.2126993237205022  0.064035896161733552
7973    4.562982296137517  0.63643316773224889  -0.12329465721960402
7974    4.6067562246617602  0.0089454859443600689  -0.18686561206216404
7975    3.9095593821697876  1.2263311144008406  -0.4449794535505644
7976    4.0867774771226166  0.65166171664826478  -0.60951629663103468
7977    4.1339676173574365  0.0043955909902564649  -0.66449359098384075
7978    3.6350373522445469  1.2525626366632239  -0.9072898960187169
7979    3.8858731301924245  0.67233288044636885  -1.0355891031621931
7980    3.9553514751109908  0.0014344788490328053  -1.0747337001442541
7981    3.5060559090490364  1.2924440004306825  -1.3751419691234095
7982    3.8685063388304757  0.69128620269443364  -1.4561090331846747
7983    3.9901975689993954  -0.00026216104835530274  -1.4714397624140512
7984    4.0191323641863006  -0.30343652596163828  0.85319500802813286
7985    3.9485781066342596  -0.60304406730776616  0.95022157360261883
7986    3.8373937290672853  -0.85611311306849913  1.0961586068646976
7987    3.6662903540223617  -0.3150099113392712  0.30230930340119178
7988    3.5839433858395111  -0.61759470305888653  0.3894944271264128
7989    3.4466952636828112  -0.87669187202610921  0.51589227814941785
7990    3.5445951108057909  -0.32690815353906139  -0.26724952948230929
7991    3.4453036043313712  -0.6356056918269779  -0.19461753244612873
7992    3.2792176765368435  -0.90241932810558956  -0.090295924729768717
7993    3.4725682791682786  -0.33726463032699355  -0.9302499789033859
7994    3.3559941303189675  -0.6564851123013008  -0.87521546272293782
7995    3.1716413354676485  -0.93097630738551951  -0.78684212358494765
7996    4.2018598729121068  -0.40958374868776287  0.52954494646222483
7997    4.109835175742826  -0.8029266745912863  0.65873734621818114
7998    3.9535120082563067  -1.1396259337527137  0.8572470325090038
7999    3.8067881516144886  -0.42730869943325533  0.00026529109624293188
8000    3.693042165868504  -0.82380020662218711  0.11532909750860118
8001    3.4826410624100088  -1.1675581765666065  0.28969523826914712
8002    3.6575085892479029  -0.44608266782364581  -0.52153138753985628
8003    3.5067894399097681  -0.85034259125368816  -0.4284375300671584
8004    3.2340978523940573  -1.2036468754187861  -0.28243720323476867
8005    3.6029987462973767  -0.46130963296501531  -1.1039126953173608
8006    3.4027274418567464  -0.88035068579435716  -1.0387431947970325
8007    3.0840894439851834  -1.2440519127542191  -0.91529535172530441
8008    4.3845873816379122  -0.51573097141388746  0.20589488489631666
8009    4.2710922448513946  -1.0028092818748067  0.36725311883374356
8010    4.069630287445329  -1.4231387544369272  0.61833545815330926
8011    3.9472859492066155  -0.53960748752723953  -0.30177872120870591
8012    3.8021409458974977  -1.0300057101854876  -0.15883623210921044
8013    3.5185868611372064  -1.4584244811071039  0.063498198388876284
8014    3.7704220676900144  -0.56525718210823017  -0.77581324559740317
8015    3.5682752754881673  -1.0650794906803984  -0.66225752768818802
8016    3.1889780282512707  -1.5048744227319815  -0.47457848173976847
8017    3.7334292134264739  -0.58535463560303713  -1.2775754117313347
8018    3.4494607533945238  -1.1042162592874136  -1.2022709268711282
8019    2.9965375525027182  -1.5571275181229178  -1.0437485798656609
8020    4.5673148903637184  -0.62187819414001178  -0.11775517666959147
8021    4.4323493139599615  -1.202691889158326  0.075768891449305736
8022    4.185748566634353  -1.7066515751211417  0.37942388379761544
8023    4.0877837467987401  -0.65190627562122372  -0.60382273351365479
8024    3.9112397259264897  -1.2362112137487875  -0.43300156172702209
8025    3.5545326598644031  -1.749290785647601  -0.16269884149139452
8026    3.8833355461321259  -0.68443169639281431  -1.0300951036549508
8027    3.6297611110665651  -1.2798163901071085  -0.89607752530921758
8028    3.143858204108485  -1.8061019700451784  -0.66671976024476864
8029    3.8638596805555707  -0.70939963824105912  -1.4512381281453097
8030    3.4961940649323022  -1.3280818327804698  -1.3657986589452229
8031    2.908985661020254  -1.8702031234916177  -1.1722018080060179
8032    3.693420996920882  -1.0476689709105602  1.2954897777139454
8033    3.5275621742636569  -1.1743410118257325  1.5347266417070644
8034    3.3504115676922135  -1.2207639755585991  1.7746295225532291
8035    3.2721632222364652  -1.0747872720661684  0.69140312937741621
8036    3.0765060141357066  -1.2026286968320072  0.90670941277239803
8037    2.8581123526783609  -1.2482762307636404  1.1182384305591953
8038    3.0677690082222466  -1.1076343739541388  0.054893303348224329
8039    2.8305069677653805  -1.2377225178472717  0.23419515673452074
8040    2.5645129338538255  -1.2831747255881618  0.41084900793319312
8041    2.9307606512672426  -1.1409568646176289  -0.66972569960011541
8042    2.6510912516194813  -1.2749063892867676  -0.53332852843298317
8043    2.350808953828496  -1.3217991211388394  -0.38681727379934505
8044    3.7605311154783636  -1.3964214800777157  1.1230767805679749
8045    3.5449214217171536  -1.5610252032355001  1.440944802322589
8046    3.2848972587221192  -1.6190994287128875  1.7779756801308546
8047    3.2391205984689297  -1.4303425629453532  0.52469271214224633
8048    2.9781191712991077  -1.5906124089594527  0.81571874761061292
8049    2.6115740668918352  -1.6424516527762096  1.1404888097243928
8050    2.9153231785756364  -1.4718727996418148  -0.082814582090809413
8051    2.5630314032422397  -1.6267923501232318  0.17293324979666569
8052    2.0652507187085227  -1.671849310069893  0.48089991767268936
8053    2.6759450800134577  -1.5136084471460536  -0.74084751065088605
8054    2.179711691230438  -1.6639736723108061  -0.51802650016446872
8055    1.5671152391574572  -1.70480495982883  -0.2267930403164482
8056    3.8276412340358443  -1.7451739892448708  0.95066378342200319
8057    3.5622806691706503  -1.9477093946452679  1.3471629629381132
8058    3.2193829497520254  -2.0174348818671763  1.7813218377084801
8059    3.2060779747013965  -1.7858978538245374  0.3579822949070765
8060    2.8797323284625098  -1.978596121086899  0.7247280824488278
8061    2.3650357811053118  -2.0366270747887789  1.162739188889589
8062    2.7628773489290253  -1.8361112253294911  -0.22052246752984309
8063    2.2955558387190997  -2.0158621823991911  0.11167134285881067
8064    1.5659885035632204  -2.0605238945516242  0.55095082741218526
8065    2.4211295087596731  -1.8862600296744783  -0.81196932170165648
8066    1.7083321308413961  -2.0530409553348443  -0.50272447189595415
8067    0.78342152448641844  -2.087810798518821  -0.066768806833551686
8068    3.8947513525933286  -2.0939264984120256  0.77825078627603217
8069    3.579639916624147  -2.3343935860550351  1.2533811235536381
8070    3.1538686407819303  -2.4157703350214654  1.7846679952861051
8071    3.1730353509338611  -2.1414531447037213  0.19127187767190662
8072    2.7813454856259106  -2.3665798332143453  0.63373741728704214
8073    2.1184974953187856  -2.4308024968013462  1.1849895680547864
8074    2.6104315192824146  -2.2003496510171665  -0.35823035296887695
8075    2.0280802741959594  -2.4049320146751514  0.050409435920955592
8076    1.0667262884179172  -2.4491984790333552  0.62100173715168161
8077    2.1663139375058877  -2.2589116122029025  -0.88309113275242701
8078    1.236952570452353  -2.442108238358883  -0.48742244362743992
8079    -0.00027219018461988043  -2.4708166372088103  0.093255426649345274
8080    3.1764972929276705  -1.1762857028200076  2.0145007977005207
8081    3.0167082583056355  -1.0518469341531347  2.2527519662698583
8082    2.8761799593444444  -0.86447175905105367  2.4488070344796915
8083    2.6424232120861575  -1.2033681082973182  1.3294234059868806
8084    2.4519413762278508  -1.0763896782609212  1.5434058954376131
8085    2.280648272871785  -0.8806716966818996  1.7161757008358762
8086    2.3004648606097979  -1.2378534718200531  0.5870067301593529
8087    2.0670626708417772  -1.1083664289194546  0.76494448402505411
8088    1.8584206962666772  -0.90432235928943672  0.90808807312982787
8089    2.0517450709633316  -1.2746858898320537  -0.24053279921975898
8090    1.7746267443083843  -1.1410793572735105  -0.1048894440662298
8091    1.5359735334906897  -0.93164651158244782  0.01083591416834917
8092    3.0709409943027421  -1.561361538920417  2.1353667565886454
8093    2.8693472929679551  -1.3991161986106191  2.4559067519641813
8094    2.6958450116291655  -1.1440770669268476  2.7252410461540921
8095    2.3988233166271318  -1.5833633309751729  1.5355461792885869
8096    2.1951945074130053  -1.4220201331775182  1.846659095258756
8097    2.0227567148936241  -1.1538057895723262  2.1050083992071844
8098    1.8559080835882964  -1.6110662159698077  0.92001003145055316
8099    1.6543347111901789  -1.4499856715733954  1.2335564200717022
8100    1.4851640084800142  -1.1682517757563011  1.4873071848859136
8101    1.3678956574806507  -1.6407952720392489  0.24901883626252325
8102    1.18317955062252  -1.4752725220699023  0.5946443839674912
8103    1.0240677989306588  -1.1849371326029248  0.86298269187922561
8104    2.9653846956778107  -1.9464373750208266  2.2562327154767701
8105    2.7219863276302738  -1.7463854630681039  2.6590615376585038
8106    2.5155100639138852  -1.4236823748026417  3.0016750578284936
8107    2.1552234211681065  -1.9633585536530271  1.7416689525902944
8108    1.9384476385981584  -1.7676505880941136  2.1499122950798997
8109    1.7648651569154634  -1.4269398824627531  2.4938410975784935
8110    1.4113513065667935  -1.9842789601195627  1.2530133327417539
8111    1.2416067515385805  -1.7916049142273363  1.7021683561183498
8112    1.1119073206933519  -1.4321811922231651  2.0665262966419999
8113    0.68404624399796998  -2.006904654246445  0.7385704717448055
8114    0.59173235693665627  -1.8094656868662948  1.2941782120012124
8115    0.5121620643706275  -1.438227753623402  1.715129469590102
8116    2.8598283970528811  -2.3315132111212353  2.3770986743648947
8117    2.5746253622925943  -2.0936547275255877  2.8622163233528264
8118    2.3351751161986058  -1.703287682678436  3.2781090695028929
8119    1.9116235257090801  -2.3433537763308827  1.9477917258920008
8120    1.6817007697833124  -2.1132810430107098  2.4531654949010426
8121    1.5069735989373023  -1.7000739753531799  2.8826737959498021
8122    0.96679452954529133  -2.3574917042693166  1.5860166340329549
8123    0.82887879188698177  -2.1332241568812758  2.1707802921649972
8124    0.73865063290668909  -1.6961106086900295  2.6457454083980863
8125    0.00019683051528966711  -2.3730140364536414  1.2281221072270883
8126    0.0002851632507926416  -2.1436588516626851  1.9937120400349337
8127    0.00025632981059597881  -1.6915183746438796  2.5672762473009776
8128    2.7664383003220157  -0.61651195779173695  2.5903737251522663
8129    2.6976972598892366  -0.32051109368082831  2.6838917944712928
8130    2.673124445123896  -0.0087809307529045609  2.7168832986973825
8131    2.1451466546591149  -0.6249694465946134  1.8388524798561316
8132    2.0647633775106518  -0.32499678442081747  1.9222755231059814
8133    2.0375660241142386  -0.0045223262690533561  1.9520140819095841
8134    1.6942542514304373  -0.6393614930889655  1.009657687819693
8135    1.5968339837615371  -0.33260129360831248  1.0788679500268104
8136    1.5641072243007217  -0.0018663729474932833  1.1031363107298566
8137    1.3534693533138542  -0.65806549368969236  0.097397544095504121
8138    1.23844678575679  -0.34002691173657812  0.15009321570408246
8139    1.1978983912095444  -0.00021645465807956787  0.16646130356707312
8140    2.5629743795817084  -0.80938702203871216  2.9278164032164966
8141    2.4774206439707371  -0.42062369702962421  3.0533422019441745
8142    2.4461301884823756  -0.0081528834136426268  3.0953577443357299
8143    1.8927054682277478  -0.80566615868594837  2.3038125992530283
8144    1.8075246928551745  -0.41719637103478052  2.4186532013635333
8145    1.776216058841646  -0.0027540647929839429  2.4542555438830993
8146    1.3585538972818052  -0.80572878681082016  1.6807691646569791
8147    1.2749007608789356  -0.41581838840454433  1.7820068812421963
8148    1.2441956984263269  0.0015291825239284323  1.8096249606315593
8149    0.90238090143150729  -0.81284867037419417  1.0503556797776654
8150    0.82566040291833342  -0.41666079427841368  1.138611805280936
8151    0.79858875238898774  0.0050349347640249176  1.1589399642270271
8152    2.3595104588414015  -1.0022620862856872  3.2652590812807265
8153    2.2571440280522364  -0.52073630037842011  3.4227926094170589
8154    2.2191359318408566  -0.0075248360743807169  3.4738321899740781
8155    1.6402642817963804  -0.98636287077728346  2.7687727186499251
8156    1.550286008199697  -0.50939595764874368  2.9150308796210846
8157    1.5148660935690546  -0.00098580331691452278  2.9564970058566153
8158    1.0228535431331722  -0.97209608053267482  2.3518806414942661
8159    0.95296753799633349  -0.49903548320077634  2.4851458124575809
8160    0.92428417255193085  0.0049247379953502313  2.5161136105332615
8161    0.45129244954916026  -0.96763184705869631  2.0033138154598267
8162    0.41287402007987772  -0.49329467682024919  2.1271303948577893
8163    0.39927911356843104  0.010286324186129459  2.1514186248869809
8164    2.1560465381010943  -1.195137150532662  3.6027017593449568
8165    2.0368674121337373  -0.62084890372721602  3.7922430168899401
8166    1.9921416751993366  -0.0068967887351188244  3.8523066356124263
8167    1.387823095365013  -1.1670595828686192  3.233732838046822
8168    1.2930473235442201  -0.601595544262707  3.4114085578786368
8169    1.2535161282964626  0.00078245815915493899  3.4587384678301309
8170    0.68715318898453992  -1.1384633742545294  3.0229921183315529
8171    0.63103431511373165  -0.58225257799700836  3.1882847436729675
8172    0.60437264667753532  0.0083202934667719886  3.2226022604349644
8173    0.00020399766681315767  -1.1224150237431985  2.9562719511419888
8174    8.7637241421356649e-05  -0.56992855936208509  3.1156489844346438
8175    -3.0525252125990221e-05  0.015537713608233861  3.1438972855469354
8176    2.6920176664934399  0.30438092862579624  2.6775638599271159
8177    2.7532759502472945  0.60416033163999971  2.5742774463197033
8178    2.8594687271362114  0.85747068858157138  2.4247386332297096
8179    2.0603406624843803  0.31701637373297764  1.9159264912766347
8180    2.1351361949980734  0.61963997232286261  1.8238355344396819
8181    2.2679144558868733  0.87876716968998714  1.6942571350571796
8182    1.593863798074066  0.32975629311244981  1.0728612781395335
8183    1.6879546849524378  0.6383944630850974  0.99675852504004381
8184    1.8504189482437279  0.90504562631235697  0.8897212492703418
8185    1.2365498891249385  0.34019112700228077  0.14476334745790626
8186    1.3500366948847231  0.65936559743586576  0.086950111174595307
8187    1.5317159127722852  0.9336380398100077  -0.003906194672965102
8188    2.4719596801447028  0.40553902795478425  3.046916797451642
8189    2.5510212280516562  0.79745656129042286  2.9125229197887261
8190    2.6801443789881492  1.1364702976830332  2.7028901005000865
8191    1.8033745423580549  0.41257006465585205  2.4119050713046142
8192    1.8835746463355139  0.80300588796069949  2.288771243624991
8193    2.0107873309800768  1.1531766159962369  2.0834054224446743
8194    1.2723093640893002  0.41955108704258443  1.7751925532593049
8195    1.3529538061090205  0.81048409186840487  1.6667128729498495
8196    1.4778822147541386  1.1728773685362808  1.4674416407784836
8197    0.82433032238491244  0.42696954581459107  1.1320481630000845
8198    0.89996509312624762  0.82311765463728137  1.0375493605910255
8199    1.0210489251288577  1.1937530803654846  0.84498988174802314
8200    2.2519016937959666  0.50669712728377236  3.4162697349761668
8201    2.3487665058560179  0.9907527909408459  3.2507683932577458
8202    2.5008200308400856  1.4154699067844951  2.9810415677704629
8203    1.5464084222317298  0.50812375557872647  2.9078836513325945
8204    1.6320130976729541  0.9863718035985366  2.753706952810298
8205    1.7536602060732784  1.4275860623024867  2.4725537098321699
8206    0.95075493010453416  0.50934588097271916  2.4775238283790761
8207    1.0179529272656038  0.98257372065171267  2.3366672208596548
8208    1.1053454812645493  1.4407091107602044  2.0451620322866253
8209    0.41211075564488653  0.51374796462690142  2.1193329785422628
8210    0.44989349136777296  0.98686971183869732  1.9881486100074559
8211    0.51038193748543037  1.4538681209209621  1.6938859581690113
8212    2.0318437074472286  0.60785522661276059  3.7856226725006925
8213    2.1465117836603809  1.184049020591269  3.5890138667267677
8214    2.321495682692023  1.6944695158859577  3.2591930350408371
8215    1.2894423021054051  0.60367744650160082  3.4038622313605758
8216    1.3804515490103946  1.1697377192363734  3.2186426619956086
8217    1.4965330811664808  1.7019955086087368  2.8617019972196656
8218    0.6292004961197688  0.59914067490285394  3.1798551034988458
8219    0.68295204842218682  1.1546633494350202  3.0066215687694617
8220    0.73280874777495997  1.7085408529841282  2.6228824237947665
8221    -0.00010881109513950771  0.60052638343921183  3.1066177940844408
8222    -0.00017811039070225743  1.1506217690401128  2.9387478594238856
8223    -0.00028505015799717981  1.7139831614764383  2.542782034590001
8224    3.0008395665498968  1.0488299978261526  2.2240026673399313
8225    3.1618510121249259  1.1749717546419673  1.9826971466232701
8226    2.4399030696581447  1.0763489435611739  1.5172582012428275
8227    2.6316484266325904  1.2033127375729666  1.3004178494087104
8228    2.059548612692129  1.1094767374154015  0.74293534821929763
8229    2.2941425370880002  1.2384267606043531  0.56258702368807256
8230    1.7706257449632925  1.1427603650876985  -0.12280356769307366
8231    2.0486494817348664  1.2755435665637167  -0.26027613463456512
8232    2.8529677353090932  1.394873168314525  2.4294945433550752
8233    3.0544771472729058  1.559143501255267  2.1065845572285196
8234    2.1827225211320536  1.4219433416140712  1.821258576919027
8235    2.3862785745577528  1.5828656650797122  1.5084997815250383
8236    1.6468108219717916  1.4528140715504037  1.2100758636194151
8237    1.8484793142951388  1.6118854700165537  0.89545692148853751
8238    1.1802393284312576  1.4807762178018569  0.57280765202002426
8239    1.365502627147692  1.6427376060945091  0.22579095278555983
8240    2.70509590406829  1.7409163388028976  2.6349864193702186
8241    2.947103282420886  1.9433152478685669  2.2304719678337674
8242    1.9255419726059633  1.7675377396669694  2.1252589525952259
8243    2.140908722482914  1.9624185925864572  1.7165817136413664
8244    1.2340730312514541  1.7961514056854058  1.6772163790195325
8245    1.4028160915022783  1.9853441794287539  1.2283268192890024
8246    0.5898529118992234  1.8187920705160157  1.2684188717331217
8247    0.68235577256051794  2.0099316456253025  0.71185804020568444
8248    2.5572240728274878  2.0869595092912694  2.8404782953853625
8249    2.8397294175688654  2.3274869944818666  2.3543593784390175
8250    1.6683614240798728  2.1131321377198673  2.4292593282714252
8251    1.8955388704080764  2.3419715200932028  1.9246636457576947
8252    0.82133524053111706  2.1394887398204077  2.1443568944196492
8253    0.95715286870941718  2.3588028888409549  1.5611967170894669
8254    -0.00053350463281132132  2.1568079232301738  1.9640300914462197
8255    -0.00079108202665656435  2.3771256851560949  1.1979251276258092
8256    -3.3256894517329321  1.2209416038504646  1.752623366800159
8257    -3.1530584272769016  1.1798920796509265  1.9934865574076241
8258    -2.9961699594140074  1.0597707829887628  2.2338128579588075
8259    -2.8585537094016287  0.87621948571377173  2.4319410778999879
8260    -2.8381788072121692  1.248409837399882  1.0981536762494106
8261    -2.6235988659053175  1.2069284869514902  1.3100428493126612
8262    -2.4355000809644993  1.0843472379548735  1.5258279341231786
8263    -2.2665938344174483  0.89221625840929664  1.7007695831102212
8264    -2.5503031573396471  1.2832634207579194  0.39389153356363255
8265    -2.2871171625193534  1.2410230356818333  0.57038415734655179
8266    -2.0554448066985991  1.1153741616472035  0.74970046747790253
8267    -1.8485914269542545  0.91433629145220097  0.89503301377469113
8268    -2.3416619353561368  1.3218499491968694  -0.40052464875612648
8269    -2.0431574778400772  1.2772686054594986  -0.25419417638078839
8270    -1.767118606851547  1.1465186052678036  -0.11758980211740402
8271    -1.5297917281915021  0.9394362054925478  0.00021125031274749073
8272    -3.2618929612422107  1.619248297315647  1.7527464663455621
8273    -3.0491186437456266  1.5658133092001123  2.1107155160352997
8274    -2.8502198685681646  1.4088167673199952  2.4338192570087172
8275    -2.6796559922544425  1.1583023225751667  2.7063851087783442
8276    -2.593150818739034  1.642567682636181  1.1169689871883239
8277    -2.38145977532472  1.587553667437418  1.511453097840407
8278    -2.1801671808754826  1.4318479748227912  1.8249844239528967
8279    -2.0100665463949845  1.168500545829213  2.0868229514522425
8280    -2.0529261099623035  1.6719298121312933  0.46063689007350728
8281    -1.8443539835316582  1.6147014195748086  0.89780609056831084
8282    -1.6444480494846656  1.4591066400016128  1.2132236268834271
8283    -1.4768462997387866  1.1822908764847933  1.4705048589928675
8284    -1.5613579603448611  1.704848013090875  -0.24296753756802086
8285    -1.3623686792356053  1.6438876320250311  0.22984559162141152
8286    -1.1782569061119696  1.4832817112552608  0.57628349573713833
8287    -1.0199561688470011  1.1976185241538464  0.84773484507183294
8288    -3.1980964707514894  2.0175549907808294  1.7528695658909648
8289    -2.945178860214352  1.9517345387492981  2.2279444746629746
8290    -2.7042697777223235  1.7578627516512271  2.6338256560586268
8291    -2.5007582751072581  1.4403851594365615  2.9808291396566995
8292    -2.3481228302658979  2.0367255278724801  1.135784298127237
8293    -2.1393206847441237  1.968178847923346  1.7128633463681526
8294    -1.9248342807864667  1.7793487116907081  2.1241409137826142
8295    -1.7535392583725204  1.4447848332491293  2.4728763197942634
8296    -1.55554906258496  2.0605962035046672  0.52738224658338195
8297    -1.4015908045439642  1.9883798034677838  1.2252280237900701
8298    -1.2334512922707319  1.8028391183560226  1.676746786288952
8299    -1.1051011725233182  1.4502454615173854  2.0459767042110437
8300    -0.7810539853335865  2.0878460769848806  -0.08541042637991525
8301    -0.68157988063113328  2.0105066585905642  0.71388535962361122
8302    -0.58939520537239176  1.8200448172427186  1.2701567935916809
8303    -0.51012060950249927  1.4558008428151452  1.6952584398309192
8304    -3.1342999802607672  2.4158616842460114  1.7529926654363679
8305    -2.8412390766830753  2.3376557682984842  2.3451734332906495
8306    -2.5583196868764801  2.1069087359824588  2.8338320551085361
8307    -2.3218605579600728  1.7224679962979568  3.2552731705350548
8308    -2.1030948417927622  2.4308833731087791  1.1545996090661503
8309    -1.8971815941635266  2.3488040284092739  1.9142735948958987
8310    -1.6695013806974499  2.1268494485586253  2.4232974036123323
8311    -1.497011970350056  1.7210691206690458  2.8589296881362856
8312    -1.0581720152076166  2.4492625948780411  0.59412760309325674
8313    -0.95882762555626866  2.3620581873607582  1.5526499570118284
8314    -0.82245453505679889  2.1465715967104324  2.1402699456944765
8315    -0.73335604530785048  1.7182000465499776  2.6214485494292208
8316    -2.7539199669757224  0.63128947228077947  2.5777740130586557
8317    -2.692633322808351  0.33761103882712873  2.6781856333548326
8318    -2.6732048895610556  0.026694474726390107  2.7169715093735998
8319    -2.1351395070699128  0.63923702560209295  1.8274947543723232
8320    -2.060629017446217  0.34158641627320729  1.9169972015499213
8321    -2.0376225541519584  0.022027697600816139  1.9520877703851336
8322    -1.6872422063445263  0.65163310358792292  1.0002021222784676
8323    -1.5937984414891688  0.34690009497277147  1.0742485555942201
8324    -1.5641396398073835  0.017024486045864845  1.1031955183841189
8325    -1.3490964934237641  0.66768879627869004  0.089814226953957979
8326    -1.236354331222157  0.35114863767263882  0.14612334517593792
8327    -1.1979143130526633  0.011959291397315885  0.16650983824554777
8328    -2.5514834389641132  0.826949581068399  2.9140480093507941
8329    -2.4724847607488849  0.44058121303296655  3.0467846689225611
8330    -2.4462085059914687  0.028955465564493247  3.0954351652909886
8331    -1.8836520469288707  0.82375308875595032  2.2906227183182617
8332    -1.8036664207216826  0.43768814304012826  2.412257721974767
8333    -1.7762760235754267  0.024116896425442784  2.4543178875141969
8334    -1.352585328310449  0.82308516904533102  1.6686854279264443
8335    -1.2723472062221934  0.43534850959252563  1.7759575135336703
8336    -1.2442381409006564  0.018768229031923593  1.8096712840180953
8337    -0.89945703241274377  0.82866645386583093  1.0394587711105994
8338    -0.82427249117981871  0.43427455292816286  1.1329548281454365
8339    -0.79861971711915447  0.013152098800954998  1.1589723206793396
8340    -2.3490469109525041  1.0226096898560186  3.2503220056429316
8341    -2.2523361986894175  0.54355138723880436  3.4153837044902904
8342    -2.2192121224218817  0.031216456402596411  3.473898821208377
8343    -1.6321645867878287  1.0082691519098077  2.7537506822641995
8344    -1.546703823997148  0.53378986980704934  2.9075182423996111
8345    -1.5149294929988952  0.026206095250069436  2.9565480046432615
8346    -1.0179284502763726  0.9945372345027389  2.3371687335744213
8347    -0.95089597095521794  0.52379692421227986  2.4776664714731202
8348    -0.92433664199393006  0.020511972017982369  2.5161470496520715
8349    -0.44981757140172335  0.98964411145297171  1.9891033152672415
8350    -0.41219065113748082  0.51740046818368712  2.1197863111149351
8351    -0.39932512118564512  0.01434490620459411  2.1514348031131312
8352    -2.146610382940894  1.2182697986436377  3.5865960019350713
8353    -2.0321876366299514  0.64652156144464246  3.7839827400580179
8354    -1.9922157388522945  0.033477447240699655  3.8523624771257663
8355    -1.380677126646787  1.1927852150636655  3.2168786462101382
8356    -1.2897412272726139  0.62989159657397065  3.402778762824457
8357    -1.2535829624223633  0.028295294074696137  3.4587781217723252
8358    -0.68327157224229562  1.1659892999601469  3.0056520392223982
8359    -0.62944473568824233  0.61224533883203436  3.1793754294125702
8360    -0.60443514308720325  0.022255715004041249  3.2226228152860474
8361    -2.6971785907760122  -0.28744070851551806  2.6834521683199428
8362    -2.7657652199403056  -0.58937116898979458  2.5871049177033374
8363    -2.8769761946328489  -0.84548087171854236  2.4419604985656016
8364    -2.06451835134557  -0.30050291712582067  1.9213813510334479
8365    -2.1450690193724258  -0.60532481575241792  1.8354320578655516
8366    -2.2818663111185438  -0.86705813280325716  1.7099595729463728
8367    -1.5968910301591726  -0.31545025010126526  1.0776509226949877
8368    -1.694853660381991  -0.62603972533231866  1.0064618334740281
8369    -1.8601707663612064  -0.89494534664101422  0.90301018473399131
8370    -1.2386104977494572  -0.32903291961567072  0.14888764217954223
8371    -1.3542992411269903  -0.64966779997193824  0.094763380831094618
8372    -1.5378630601216308  -0.92583097925438329  0.0068973192217217094
8373    -2.4769878190711614  -0.38566241205420421  3.0536550818180799
8374    -2.5624908431310001  -0.7798350551920803  2.9265250770292472
8375    -2.6962686246993108  -1.1220460437311652  2.7220228414669552
8376    -1.8072830351189386  -0.39211365315455937  2.4184573779512357
8377    -1.8925705183964951  -0.78485615953152954  2.3021721243903697
8378    -2.0234261543332646  -1.1383489126095661  2.1018147040587607
8379    -1.2748736059908108  -0.40001032380037715  1.781372954519421
8380    -1.3588326650684728  -0.79305973724257428  1.6789830064731528
8381    -1.4861669104565216  -1.158769586150556  1.4844130075265689
8382    -0.82571111941916486  -0.40933146619780858  1.1378080895979092
8383    -0.90279816152905634  -0.80725020789569124  1.0485995709347276
8384    -1.0251565968108904  -1.1810601110508845  0.86035696191481226
8385    -2.2567970473663101  -0.48388411559289035  3.4238579953162152
8386    -2.3592164663216941  -0.97029894139436612  3.2659452363551549
8387    -2.5155610547657741  -1.398611215743788  3.002085184368307
8388    -1.5500477188923085  -0.48372438918329785  2.9155334048690231
8389    -1.6400720174205661  -0.96438750331064094  2.7689121909151853
8390    -1.7649859975479858  -1.4096396924158743  2.4936698351711479
8391    -0.95285618182244902  -0.4845703974994891  2.4850949863438543
8392    -1.0228116697549541  -0.9600797491528299  2.3515041794722773
8393    -1.1121630545518368  -1.4225938256600978  2.0658158303191465
8394    -0.41281174108887214  -0.48963001277994644  2.1267285370162763
8395    -0.45129708193112161  -0.96483261581944402  2.0024357610383605
8396    -0.51245013350015056  -1.4362892428473852  1.7138166046079026
8397    -2.0366062756614598  -0.58210581913157677  3.7940609088143522
8398    -2.1559420895123873  -1.1607628275966515  3.6053653956810647
8399    -2.334853484832236  -1.6751763877564105  3.2821475272696605
8400    -1.2928124026656764  -0.57533512521203667  3.4126094317868119
8401    -1.3875735164446354  -1.1439188470897526  3.235652257440004
8402    -1.5065458407627059  -1.6809304722221829  2.8855249662835361
8403    -0.63083875765408748  -0.56913047119860127  3.1888170181682884
8404    -0.68679067444143549  -1.127099761063086  3.0240253524714014
8405    -0.73815919864715229  -1.6864180651696392  2.6472186531117257
8406    -3.0215272319924624  -1.0407375183615819  2.2429190885233972
8407    -3.1859885111536594  -1.1714830033482411  2.0027718366009153
8408    -3.3621531426888871  -1.2211625808548834  1.762385940951257
8409    -2.456589358461577  -1.0683354288351481  1.5347421193342301
8410    -2.6513056032347784  -1.1999117157740227  1.3189197299757764
8411    -2.8691892632575478  -1.2485908051978434  1.1072548017684229
8412    -2.0715183223990574  -1.1025234022016099  0.75802818057376486
8413    -2.3084727446768554  -1.2354506956381419  0.57843771224849905
8414    -2.5745279318985612  -1.2834094071189934  0.40190524450530557
8415    -1.778564546007785  -1.1374443194938357  -0.11026684308699988
8416    -2.0583157879713663  -1.2731609839320404  -0.24724998145704005
8417    -2.3589735498159756  -1.3219635539682608  -0.39373869325225275
8418    -2.8723369079020982  -1.3850716609210518  2.4513725794411538
8419    -3.0770923151589007  -1.5548100736192443  2.1300810547032993
8420    -3.2926572104383496  -1.6194276871196425  1.7725497969581021
8421    -2.1980533969000247  -1.4120864691143213  1.8426848315368349
8422    -2.4045184509460187  -1.5788113025708048  1.5314870526139837
8423    -2.6189031237141007  -1.6426335780821462  1.1366811913307928
8424    -1.6570777235260719  -1.4437314067706319  1.2301781042113229
8425    -1.8610267021904876  -1.6083941213290993  0.91676971912296545
8426    -2.0719557635860166  -1.6719333836518344  0.47806383400458508
8427    -1.1856146429215939  -1.4728491635501209  0.59105945128697801
8428    -1.3721449151424825  -1.6397786681059092  0.2445407147710017
8429    -1.5727397632721929  -1.7049145817151112  -0.23140731995172281
8430    -2.7231465838117339  -1.7294058034805213  2.6598260703589096
8431    -2.9681961191641419  -1.938137143890247  2.2573902728056843
8432    -3.2231612781878138  -2.0176927933844016  1.7827136529649468
8433    -1.9395174353384712  -1.755837509393495  2.1506275437394402
8434    -2.1577312986572577  -1.9577108893675865  1.7440543752521904
8435    -2.3686169841706537  -2.0366763509664487  1.166107580893162
8436    -1.2426371246530865  -1.7849394113396533  1.7023280278488806
8437    -1.4135806597041194  -1.9813375470200567  1.2551017259974313
8438    -1.5693835952734734  -2.0604573601846754  0.55422242350386419
8439    -0.59266473983540313  -1.8082540076064064  1.292385745660956
8440    -0.68597404231359871  -2.0063963522797783  0.73633141099904376
8441    -0.78650597672840927  -2.0878656094619616  -0.069075946651192766
8442    -2.5739562597213688  -2.0737399460399915  2.8682795612766658
8443    -2.8592999231693823  -2.3214642141612498  2.3846994909080679
8444    -3.1536653459372759  -2.4159578996491611  1.7928775089717917
8445    -1.6809814737769178  -2.0995885496726681  2.4585702559420461
8446    -1.9109441463684986  -2.3366104761643687  1.9566216978903979
8447    -2.1183308446272071  -2.4307191238507544  1.1955339704555321
8448    -0.82819652578010095  -2.1261474159086755  2.1744779514864385
8449    -0.96613461721775118  -2.3542809727110128  1.5934337328718979
8450    -1.0668114269609299  -2.4489813367175155  0.63038101300314331
8451    -3.5392661845388065  -1.1799810821709973  1.5247649181465459
8452    -3.7045559332070543  -1.0596348746521371  1.2901175831437413
8453    -3.8467903571105531  -0.87580651657376707  1.095119081673197
8454    -3.0874431731228267  -1.2069281324883645  0.8979708185092562
8455    -3.2822252713708213  -1.084069018711753  0.68682795566350785
8456    -3.455142431741844  -0.8917021039725993  0.51489364763081047
8457    -2.8402897842512456  -1.240935092801555  0.22731205333770022
8458    -3.0763887989556382  -1.1149493472570844  0.051473488805897749
8459    -3.2863557702662289  -0.91371340827478109  -0.091042873242936029
8460    -2.6590803819565765  -1.27710423795493  -0.53853524604621739
8461    -2.9376392398293305  -1.1459531592952574  -0.67227422301350881
8462    -3.1771974947697235  -0.93866977196470169  -0.78739069491947244
8463    -3.5522729829682267  -1.5691904044959417  1.4374185975703293
8464    -3.7671042188540964  -1.4130622324262083  1.1220085179105497
8465    -3.9598374066693243  -1.162330507175475  0.85801375049625617
8466    -2.9841709061269839  -1.5987786531850419  0.81465996002611274
8467    -3.2433560760381654  -1.44751958023313  0.52490990012946781
8468    -3.4884204748084011  -1.1847741483616212  0.29019800429053855
8469    -2.567598614786768  -1.6352211643209993  0.17389947976893591
8470    -2.9170519709751348  -1.4902432650463084  -0.081374872247831867
8471    -3.2391706396052373  -1.2162444743936998  -0.28205698752545882
8472    -2.1828785204483427  -1.6720120735835466  -0.51780627134576196
8473    -2.675941248103876  -1.5309348745476969  -0.73949094319812736
8474    -3.0883190959239197  -1.2523839476637357  -0.91505633586492918
8475    -3.565279781397646  -1.9583997268208873  1.3500722769941134
8476    -3.8296525045011389  -1.7664895902002795  0.95389945267735865
8477    -4.0728844562280964  -1.4488544977771844  0.62090841931931517
8478    -2.880898639131142  -1.990629173881719  0.73134910154296984
8479    -3.20448688070551  -1.8109701417545074  0.36299184459542783
8480    -3.5216985178749614  -1.477846192750643  0.065502360950266597
8481    -2.29490744532229  -2.0295072358404438  0.12048690620017165
8482    -2.7577151429946332  -1.8655371828355336  -0.21422323330156148
8483    -3.1919855089442466  -1.518775540512618  -0.47307110180798162
8484    -1.7066766589401088  -2.0669199092121633  -0.4970772966453062
8485    -2.4142432563784215  -1.9159165898001371  -0.80670766338274591
8486    -2.999440697078116  -1.5660981233627691  -1.0427219768103864
8487    -3.5782865798270662  -2.3476090491458308  1.2627259564178968
8488    -3.892200790148181  -2.1199169479743514  0.7857903874441674
8489    -4.1859315057868685  -1.7353784883788927  0.38380308814237418
8490    -2.7776263721352996  -2.3824796945783961  0.64803824305982616
8491    -3.1656176853728533  -2.1744207032758851  0.20107378906138779
8492    -3.5549765609415176  -1.7709182371396652  -0.15919328239000535
8493    -2.0222162758578124  -2.4237933073598881  0.067074332631407399
8494    -2.5983783150141289  -2.2408311006247592  -0.34707159435529089
8495    -3.1448003782832559  -1.8213066066315369  -0.66408521609050464
8496    -1.2304747974318753  -2.4618277448407797  -0.47634832194485077
8497    -2.1525452646529692  -2.3008983050525775  -0.87392438356736435
8498    -2.9105622982323105  -1.8798122990618027  -1.1703876177558432
8499    -3.9543884084842547  -0.63075570662981906  0.95125169528129794
8500    -4.0209732557596292  -0.33713952606146474  0.85429712431490423
8501    -4.0431191916483655  -0.026236606965026783  0.81737964270507935
8502    -3.5893899415891273  -0.63881880609449082  0.39005581085071217
8503    -3.6681942961558245  -0.34149354733295539  0.30302373015147444
8504    -3.6932091810171248  -0.022039474440482154  0.26909689251579499
8505    -3.4501199117009214  -0.65129764195518602  -0.19436799700667617
8506    -3.5464685236274796  -0.34710619834400663  -0.2668659982588667
8507    -3.5772195305751704  -0.017400991148172062  -0.29531902851584391
8508    -3.3597915618081577  -0.66728480259656386  -0.87504487821832477
8509    -3.4741680609522327  -0.35136216344015903  -0.92999338698918654
8510    -3.5129396710032044  -0.012361086894930762  -0.95006588843475592
8511    -4.114592171030921  -0.83120275965534296  0.66023392061877939
8512    -4.2034439987109122  -0.44420874714978065  0.53085236381420797
8513    -4.2310131715151842  -0.028119145482379107  0.48263883796716639
8514    -3.6993284433653555  -0.84069137343903311  0.11598510663801649
8515    -3.8092910513309732  -0.45176240012636637  0.00099858932771047619
8516    -3.840140233107435  -0.023418210747541093  -0.042094732950028267
8517    -3.5144859669548651  -0.85672757827061652  -0.42851670108751838
8518    -3.660888499458272  -0.46125961281162803  -0.52133371115333094
8519    -3.7032718448042417  -0.01818174192333899  -0.55512057799625969
8520    -3.410677076577679  -0.87936865229563577  -1.039219610167573
8521    -3.6066382903770564  -0.46888876554929221  -1.1039799111194417
8522    -3.6720310184711762  -0.012630877093728676  -1.1238552153646144
8523    -4.274795933577586  -1.0316498126808669  0.36921614595626079
8524    -4.3859147416621989  -0.55127796823809638  0.20740760331351152
8525    -4.4189071513820002  -0.030001683999731493  0.14789803322925349
8526    -3.8092669451415824  -1.0425639407835754  -0.15808559757467919
8527    -3.950387806506122  -0.56203125291977751  -0.3010265514960534
8528    -3.9870712851977443  -0.024796947054600033  -0.35328635841585154
8529    -3.5788520222088094  -1.0621575145860473  -0.6626654051683607
8530    -3.7753084752890644  -0.57541302727924959  -0.77580142404779551
8531    -3.8293241590333125  -0.018962492698505917  -0.81492212747667558
8532    -3.4615625913472003  -1.0914525019947077  -1.2033943421168212
8533    -3.7391085198018796  -0.58641536765842572  -1.2779664352496967
8534    -3.8311223659391485  -0.012900667292526702  -1.2976445422944729
8535    -4.4349996961242528  -1.23209686570639  0.078198371293742117
8536    -4.568385484613481  -0.65834718932641245  -0.11603715718718485
8537    -4.6068011312488171  -0.031884222517083775  -0.18684277150865958
8538    -3.9192054469178097  -1.2444365081281179  -0.43215630178737485
8539    -4.0914845616812698  -0.67230010571318854  -0.60305169231981748
8540    -4.1340023372880523  -0.026175683361658847  -0.66447798388167489
8541    -3.6432180774627541  -1.2675874509014777  -0.89681410924920302
8542    -3.8897284511198551  -0.68956644174687109  -1.0302691369422594
8543    -3.9553764732623833  -0.019743243473672789  -1.0747236769570911
8544    -3.5124481061167221  -1.3035363516937799  -1.3675690740660693
8545    -3.8715787492267038  -0.70394196976755885  -1.4519529593799518
8546    -3.9902137134071203  -0.013170457491324505  -1.4714338692243318
8547    -4.0142682351915573  0.2880035994802419  0.84817483483829037
8548    -3.9368296341036357  0.5899871360456499  0.93935481618450722
8549    -3.8208285241063105  0.84596861156071324  1.0815386573000474
8550    -3.6621941904276332  0.30061559354840578  0.29773277256196884
8551    -3.5742665351903975  0.60544973322025508  0.37976795870820168
8552    -3.4331163257032893  0.86700864125417598  0.50257060863705783
8553    -3.5414198940839192  0.31520887645962176  -0.27116287929407379
8554    -3.4381363342690876  0.62575350423487386  -0.20258183743150537
8555    -3.2692164135231239  0.89442978286293906  -0.10148079742669902
8556    -3.4702111628385164  0.32874425138455765  -0.93353038934831756
8557    -3.3511187286613118  0.64925845597075105  -0.88143591262463905
8558    -3.1648221792614151  0.92514046480471002  -0.79578364961864034
8559    -4.1968216592993013  0.39201302287699824  0.52380828309673022
8560    -4.0984227184211388  0.78780235646811581  0.64681705202803863
8561    -3.9374835604400471  1.1274796109818204  0.84079702185481153
8562    -3.8024825472527257  0.41083170549990039  -0.0049379957278998902
8563    -3.6833365023637725  0.80967073263857958  0.10456594673714519
8564    -3.4691519579011811  1.155957198174818  0.27469433104908125
8565    -3.6540893080061241  0.43251406754444721  -0.52593615694029183
8566    -3.4992300441121591  0.83872648670492467  -0.43729059913628415
8567    -3.2237414358634884  1.1939503085959779  -0.29497340859790905
8568    -3.6003780987180574  0.45137477498220202  -1.107520060276191
8569    -3.3972836125329371  0.87177411822586315  -1.045488631637052
8570    -3.0766977064007794  1.2368948114225475  -0.92503837870594874
8571    -4.3793750834070444  0.4960224462737548  0.19944173135517004
8572    -4.2600158027386428  0.98561757689058138  0.35427928787157009
8573    -4.0541385967737851  1.4089906104029275  0.60005538640957612
8574    -3.9427709040778187  0.52104781745139506  -0.3076087640177686
8575    -3.7924064695371471  1.0138917320569039  -0.17063606523391131
8576    -3.5051875900990703  1.4449057550954598  0.046818053461104847
8577    -3.7667587219283307  0.54981925862927272  -0.78070943458650932
8578    -3.5603237539552297  1.0516994691749757  -0.67199936084106315
8579    -3.1782664582038525  1.4934708343290164  -0.48846601976911908
8580    -3.7305450345975992  0.5740052985798465  -1.2815097312040655
8581    -3.4434484964045633  1.0942897804809757  -1.2095413506494648
8582    -2.988573233540146  1.5486491580403849  -1.0542931077932578
8583    -4.5619285075147884  0.60003186967051114  -0.12492482038639013
8584    -4.4216088870561494  1.1834327973130481  0.061741523715101665
8585    -4.1707936331075235  1.6905016098240353  0.35931375096434026
8586    -4.0830592609029113  0.63126392940288922  -0.61027953230763743
8587    -3.9014764367105217  1.2181127314752287  -0.44583807720496771
8588    -3.5412232222969622  1.7338543120161023  -0.18105822412687167
8589    -3.8794281358505351  0.66712444971409812  -1.035482712232727
8590    -3.6214174637983021  1.2646724516450256  -0.90670812254584221
8591    -3.132791480544217  1.7929913600620553  -0.68195863094032882
8592    -3.8607119704771393  0.69663582217749076  -1.4554994021319383
8593    -3.4896133802761886  1.3168054427360878  -1.3735940696618776
8594    -2.9004487606795095  1.8604035046582221  -1.1835478368805663
8595    -3.6736690113970365  1.0409090932397789  1.2781620301897607
8596    -3.504439028745765  1.171355585694525  1.5142094755112947
8597    -3.2560259673956122  1.068102520415769  0.67540846337270677
8598    -3.0577482381873056  1.1996612046488571  0.88794759910153087
8599    -3.0559270229125146  1.1019374174794012  0.04116547755711375
8600    -2.8169606289816169  1.2350918154394668  0.21829933215450803
8601    -2.9226616216600871  1.1367294519648272  -0.68100678172091889
8602    -2.6421401232451367  1.2727746199199625  -0.54623730853965102
8603    -3.7413133579344775  1.3880336282945989  1.1030966255818355
8604    -3.522780930726793  1.5571819313224842  1.4174897529918637
8605    -3.2228848375388348  1.4222126351781754  0.50640160125324107
8606    -2.9594311358710428  1.5870728727926411  0.79425900564165086
8607    -2.9029023781101797  1.4650068151649107  -0.098263175020844751
8608    -2.549073794275929  1.623906908562379  0.15487834343808876
8609    -2.6673835800823897  1.5085513297086734  -0.75308870291798435
8610    -2.1711149994920418  1.6618037231866782  -0.53216807264881327
8611    -3.8089577044719185  1.735158163349418  0.92803122097391078
8612    -3.5411228327078237  1.9430082769504435  1.3207700304724335
8613    -3.189743707682057  1.7763227499405809  0.33739473913377516
8614    -2.8611140335547822  1.9744845409364251  0.70057041218177085
8615    -2.7498777333078452  1.8280762128504195  -0.23769182759880325
8616    -2.2811869595702419  2.0127220016852916  0.091457354721669493
8617    -2.4121055385046941  1.880373207452519  -0.82517062411505016
8618    -1.7000898757389484  2.0508328264533939  -0.51809883675797574
8619    -3.8766020510093604  2.0822826984042386  0.75296581636598592
8620    -3.5594647346888526  2.3288346225784027  1.2240503079530027
8621    -3.1566025778252795  2.1304328647029873  0.16838787701430941
8622    -2.7627969312385194  2.3618962090802098  0.60688181872189084
8623    -2.5968530885055099  2.1911456105359299  -0.37712048017676164
8624    -2.0133001248645543  2.4015370948082042  0.028036366005250168
8625    -2.1568274969269967  2.2521950851963655  -0.89725254531211585
8626    -1.2290647519858533  2.4398619297201094  -0.50402960086713811
8627    2.1788671145428493  1.3600722893319674  -1.2594516081409504
8628    2.501775583400756  1.3110311547157052  -1.3679402173199782
8629    2.8135466485096434  1.1732039613692762  -1.4552989623952053
8630    3.075058714032572  0.95997393119568875  -1.5375426407420494
8631    2.0809178036018809  1.3930596416804231  -2.1289846820312777
8632    2.4257821871924095  1.3432704312924364  -2.1893699597013803
8633    2.7570358097076157  1.2026723844822191  -2.2338873205553149
8634    3.0359174822051584  0.98398412270680735  -2.2787200466211601
8635    2.035862555740624  1.4162440109144374  -3.0356643845555329
8636    2.3974684743364572  1.3664609398585208  -3.0538027334818039
8637    2.7385208061929616  1.2244927247772757  -3.06635488667819
8638    3.0295577059378029  1.0011004465038331  -3.0796330632281297
8639    2.0250000000000004  1.425  -4
8640    2.3932676381932776  1.3753568495684412  -3.9999999999999991
8641    2.7370132291930962  1.2330205007626853  -3.9999999999999991
8642    3.0326271631908339  1.0076271631908267  -4
8643    1.4524083372451984  1.7458297581007651  -1.1568561401553261
8644    2.0545288464008307  1.7089608122806423  -1.3631862283212051
8645    2.5572700519136693  1.5640459858627189  -1.4870698452090279
8646    2.9841136771579726  1.2852502661492753  -1.5999941657119003
8647    1.3871901573799348  1.7816456221621111  -2.0776805907723723
8648    1.9770815639981896  1.7415391474237418  -2.1900564621881791
8649    2.4989906866888552  1.5959040449103845  -2.2450947564732653
8650    2.9535812765929745  1.3218287494880872  -2.302119061866549
8651    1.3572163745516124  1.8070269120328226  -3.021411835368927
8652    1.9348346070948559  1.7638152934446367  -3.0546742057250666
8653    2.4758297998220229  1.6177057728200734  -3.06842850654674
8654    2.9581232828483235  1.3484832867573515  -3.0843935125208404
8655    1.3500000000000008  1.8166666666666669  -3.9999999999999996
8656    1.9220315040477596  1.7720676890682785  -3.9999999999999982
8657    2.4716873018567336  1.6257872252993906  -3.9999999999999991
8658    2.9665649960226381  1.3587946316852801  -4
8659    0.72594955994754728  2.1315872268695628  -1.0542606721697021
8660    1.607282109400906  2.1068904698455793  -1.3584322393224317
8661    2.3009934553176938  1.9548880103561619  -1.51884072802285
8662    2.8931686402833732  1.6105266011028623  -1.6624456906817511
8663    0.69346251115798807  2.1702316026437991  -2.0263764995134665
8664    1.5283809408039706  2.1398078635550473  -2.1907429646749774
8665    2.2409455636700955  1.9891357053385503  -2.2563021923912165
8666    2.8712450709807893  1.6596733762693678  -2.3255180771119397
8667    0.67857019336260027  2.1978098131512076  -3.007159286182322
8668    1.4722007398532539  2.1611696470307526  -3.0555456779683299
8669    2.2131387934510856  2.0109188208628712  -3.0705021264152914
8670    2.8866888597588458  1.6958661270108706  -3.0891539618135537
8671    0.67500000000000082  2.2083333333333335  -4
8672    1.4507953699022409  2.168778528568116  -4
8673    2.2063613745203714  2.0185539498360954  -4.0000000000000018
8674    2.9005028288544414  1.7099621001797338  -4.0000000000000027
8675    -0.00050921735010369448  2.5173446956383598  -0.95166520418407796
8676    1.1600353724009809  2.5048201274105173  -1.3536782503236584
8677    2.0447168587217197  2.3457300348496033  -1.5506116108366728
8678    2.8022236034087733  1.9358029360564486  -1.7248972156516023
8679    -0.00026513506395822034  2.5588175831254878  -1.9750724082545617
8680    1.0796803176097511  2.5380765796863525  -2.1914294671617753
8681    1.9829004406513335  2.3823673657667159  -2.2675096283091665
8682    2.7889088653686045  1.9975180030506468  -2.348917092357329
8683    -7.598782641164703e-05  2.588592714269593  -2.9929067369957161
8684    1.0095668726116527  2.5585240006168677  -3.0564171502115922
8685    1.9504477870801473  2.4041318689056688  -3.0725757462838414
8686    2.8152544366693673  2.0432489672643896  -3.0939144111062653
8687    8.3266726846886741e-16  2.6000000000000005  -4
8688    0.97955923575672255  2.5654893680679534  -3.9999999999999996
8689    1.9410354471840092  2.4113206743728002  -4.0000000000000009
8690    2.8344406616862479  2.0611295686741871  -4.0000000000000036
8691    3.2707284382793  0.67930905786586615  -1.6039433715772646
8692    3.4002273248883741  0.34999505363388833  -1.6379280558287526
8693    3.4473160460160281  0.001641718277498417  -1.6467436634386461
8694    3.245087831338763  0.69593803070210769  -2.3164953819220004
8695    3.3824005610444368  0.35833787833926922  -2.3337127116206084
8696    3.431884098303263  0.00050936477819635284  -2.3373635294545911
8697    3.2501563250436325  0.70758235366603306  -3.0911428718968597
8698    3.3914342387186998  0.36524174344991783  -3.0959754607182211
8699    3.4412402371940449  -0.0001527304740618074  -3.0968213576785564
8700    3.2580436586631918  0.71196892776375975  -3.9999999999999996
8701    3.4004241724830346  0.36811823493753415  -4
8702    3.4499999524359533  -0.00036818136198918383  -4
8703    3.3417587782308753  0.90485953470385472  -1.6933947933976501
8704    3.5904844751928877  0.47525719914467529  -1.7290551881154423
8705    3.6841425873633353  0.00075453585603261271  -1.7339843091803882
8706    3.3463970820734827  0.94213320192095651  -2.3548603163102109
8707    3.6347748691232042  0.49930900727391619  -2.3711503372598521
8708    3.7470679153280133  -4.7903135754904895e-05  -2.3714640322245195
8709    3.3788232682323831  0.97216240912643037  -3.1003862922220331
8710    3.6933210284337115  0.52109254378480763  -3.1045690366170997
8711    3.8169624841688208  -0.00043912768797269019  -3.104178203981105
8712    3.3986147859984799  0.98449487421771331  -4
8713    3.7225248763712435  0.53058173826824018  -4.0000000000000009
8714    3.8499998774375732  -0.00054219076815011785  -4.0000000000000009
8715    3.4127891181824497  1.1304100115418436  -1.7828462152180351
8716    3.7807416254974018  0.60051934465546231  -1.8201823204021319
8717    3.9209691287106407  -0.00013264656543325831  -1.82122495492213
8718    3.4477063328082025  1.1883283731398053  -2.3932252506984217
8719    3.8871491772019735  0.64028013620856328  -2.4085879628990967
8720    4.0622517323527623  -0.00060517104970610712  -2.4055645349944466
8721    3.5074902114211306  1.2367424645868277  -3.1096297125472079
8722    3.9952078181487214  0.67694334411969748  -3.1131626125159793
8723    4.1926847311435953  -0.00072552490188354524  -3.111535050283655
8724    3.5391859133337671  1.2570208206716669  -4
8725    4.0446255802594528  0.69304524159894598  -4
8726    4.2499998024391896  -0.00071620017431099636  -4.0000000000000036
8727    3.4838194581340258  1.3559604883798317  -1.8722976370384208
8728    3.9709987758019167  0.72578149016624893  -1.911309452688821
8729    4.1577956700579488  -0.0010198289868990906  -1.9084656006638725
8730    3.5490155835429227  1.4345235443586544  -2.431590185086633
8731    4.1395234852807414  0.78125126514321031  -2.4460255885383395
8732    4.3774355493775152  -0.0011624389636574195  -2.4396650377643763
8733    3.6361571546098825  1.5013225200472256  -3.1188731328723818
8734    4.2970946078637304  0.83279414445458722  -3.1217561884148575
8735    4.5684069781183725  -0.0010119221157945391  -3.1188918965862036
8736    3.6797570406690556  1.5295467671256207  -3.9999999999999996
8737    4.3667262841476617  0.85550874492965201  -4.0000000000000036
8738    4.6499997274408118  -0.00089020958047192345  -4.0000000000000044
8739    3.4007000113539951  -0.34723195044688748  -1.6356357187029704
8740    3.2711609558387109  -0.67767655022567108  -1.5996425287652456
8741    3.0755740394934623  -0.95943667444534042  -1.5307002378388512
8742    3.3825808564245432  -0.35750765203878981  -2.3324470330101277
8743    3.2451202621020756  -0.69554648566826904  -2.3142117154439288
8744    3.0359112623936859  -0.98409119419869251  -2.2750230138494092
8745    3.3913830542377799  -0.36554250696302576  -3.0955973255380669
8746    3.2499627010808134  -0.7078873388049024  -3.0904789100813819
8747    3.0292648841484233  -1.0014460432254575  -3.078544813831499
8748    3.4002788446515573  -0.3687872870799212  -3.9999999999999996
8749    3.2577789247466717  -0.71249152981137831  -4
8750    3.0322467847377608  -1.0080073981055166  -3.9999999999999991
8751    3.5892979131194389  -0.47899215705139014  -1.726317925345755
8752    3.3387536501924884  -0.91418054061812115  -1.6883594846491328
8753    2.9857192169329045  -1.2852802771866867  -1.5933694653321178
8754    3.6338616154663752  -0.50239581652352894  -2.3696377598113312
8755    3.34415274046561  -0.94829768205286169  -2.3521892987666377
8756    2.9539116321348806  -1.3223145613284513  -2.2986156868083349
8757    3.692791766916848  -0.52281911185761276  -3.104116888200581
8758    3.3776559522645955  -0.9746631813380745  -3.0996102622000823
8759    2.9576053770901307  -1.349028053622203  -3.0833779028117094
8760    3.7221902810495244  -0.53156054352982274  -3.9999999999999996
8761    3.3979945251779284  -0.98523810971325743  -4.0000000000000009
8762    2.9657391392976562  -1.3592940425106339  -3.9999999999999987
8763    3.7778958148848836  -0.6107523636558928  -1.8170001319885398
8764    3.4063463445462667  -1.1506845310105711  -1.7770764405330202
8765    2.8958643943723481  -1.6111238799280327  -1.6560386928253847
8766    3.8851423745082054  -0.64728398100826823  -2.4068284866125351
8767    3.4431852188291439  -1.2010488784374542  -2.3901668820893471
8768    2.8719120018760771  -1.6605379284582094  -2.3222083597672607
8769    3.9942004795959161  -0.68009571675219971  -3.1126364508630964
8770    3.5053492034483789  -1.2414390238712472  -3.1087416143187823
8771    2.8859458700318394  -1.6966100640189501  -3.0882109917919207
8772    4.044101717447492  -0.69433379997972433  -3.9999999999999996
8773    3.5382101256091865  -1.2579846896151365  -3.9999999999999996
8774    2.8992314938575534  -1.7105806869157516  -3.9999999999999978
8775    3.9664937166503274  -0.74251257026039541  -1.9076823386313249
8776    3.4739390389000437  -1.3871885214030215  -1.8657933964169078
8777    2.8060095718117908  -1.9369674826693775  -1.7187079203186517
8778    4.1364231335500357  -0.7921721454930073  -2.4440192134137395
8779    3.5422176971926791  -1.4538000748220463  -2.4281444654120565
8780    2.7899123716172727  -1.9987612955879686  -2.3458010327261865
8781    4.2956091922749868  -0.83737232164678677  -3.1211560135256118
8782    3.6330424546321609  -1.5082148664044193  -3.1178729664374836
8783    2.814286362973546  -2.0441920744156952  -3.0930440807721316
8784    4.3660131538454596  -0.85710705642962604  -4
8785    3.6784257260404432  -1.5307312695170152  -4
8786    2.8327238484174484  -2.0618673313208689  -3.9999999999999982
8787    2.8142725944848168  -1.1732801356790634  -1.4454010790595133
8788    2.5025613439811325  -1.3112518458272739  -1.3554204960947067
8789    2.1797725345083787  -1.3600120472673598  -1.2453194489554358
8790    2.7570825980812623  -1.2030395699622272  -2.228480645375094
8791    2.425762119718291  -1.3435579216560201  -2.1825971977537164
8792    2.0808574390199861  -1.3930330819159955  -2.1213574139549976
8793    2.7381779340849732  -1.2248467423123153  -3.064751313903157
8794    2.3970333901749701  -1.3666997804539263  -3.0518074326441136
8795    2.0352817718038674  -1.4162373083273032  -3.0334209904268969
8796    2.7365458745243449  -1.2333132275745231  -3.9999999999999991
8797    2.3927149666951921  -1.3755525859019124  -4
8798    2.0242636373005896  -1.424999809743837  -4.0000000000000036
8799    2.5639567236335696  -1.5544857566099344  -1.480203405832931
8800    2.0592672052017496  -1.7043295894775798  -1.3553861758486712
8801    1.4529184669094417  -1.7457887692374525  -1.1436822505092556
8802    2.5023307956134615  -1.5905777551523717  -2.2416355941887733
8803    1.9793006543660296  -1.7389588762964321  -2.1863921979354788
8804    1.3868384276898471  -1.7816294543199371  -2.0710192959291152
8805    2.4762334168271307  -1.6163162763336365  -3.0674618631129507
8806    1.9349132032278806  -1.7631739840868121  -3.0537087460956656
8807    1.3563647076483314  -1.8070232748607888  -3.0195449534635301
8808    2.4708307081485774  -1.6261331537139974  -3.9999999999999982
8809    1.9212060162919182  -1.7722873641681725  -3.9999999999999996
8810    1.3489868929345654  -1.8166664906445162  -4
8811    2.3136408527823238  -1.9356913775408047  -1.5150057326063484
8812    1.6159730664223684  -2.0974073331278857  -1.3553518556026358
8813    0.72606439931050482  -2.131565491207545  -1.0420450520630744
8814    2.2475789931456607  -1.9781159403425161  -2.2547905430024509
8815    1.5328391890137676  -2.1343598309368441  -2.1901871981172429
8816    0.69281941635970834  -2.1702258267238785  -2.0206811779032336
8817    2.2142888995692891  -2.0077858103549566  -3.0701724123227438
8818    1.4727930162807927  -2.1596481877196978  -3.055610059547218
8819    0.67744764349279485  -2.1978092413942747  -3.0056689165001651
8820    2.2051155417728099  -2.0189530798534721  -4.0000000000000009
8821    1.4496970658886452  -2.1690221424344323  -3.9999999999999973
8822    0.67371014856854039  -2.2083331715451955  -4
8823    2.0633249819310771  -2.3168969984716745  -1.5498080593797667
8824    1.1726789276429863  -2.4904850767781923  -1.3553175353566003
8825    -0.00078966828843195225  -2.5173422131776388  -0.94040785361689361
8826    1.9928271906778603  -2.3656541255326613  -2.2679454918161297
8827    1.086377723661506  -2.5297607855772557  -2.1939821982990049
8828    -0.0011995949704303177  -2.5588221991278197  -1.9703430598773513
8829    1.9523443823114461  -2.3992553443762787  -3.0728829615325353
8830    1.0106728293337031  -2.5561223913525843  -3.0575113729987691
8831    -0.0014694206627401396  -2.5885952079277619  -2.9917928795367978
8832    1.9394003753970415  -2.4117730059929476  -4
8833    0.97818811548537155  -2.5657569207006916  -3.9999999999999982
8834    -0.0015665957974846378  -2.5999998524458752  -3.9999999999999964
8835    1.8576684849107783  -1.3108181862358608  -1.1350907564483745
8836    1.5474802403503789  -1.1727304384847068  -1.045153793816576
8837    1.2877431368299035  -0.95911314066436837  -0.96070935572561145
8838    1.7362774295447461  -1.3430924010316156  -2.0599474725936147
8839    1.4057298356121781  -1.2022598872909109  -2.0139143445981755
8840    1.1278205750793309  -0.98326736032765671  -1.9677839614092938
8841    1.6736512653228657  -1.366286454809559  -3.0149636522469874
8842    1.3328201816373266  -1.2240772342012634  -3.001940084097245
8843    1.0421642269639833  -1.0004461253146104  -2.9882576078462426
8844    1.6558693527027668  -1.3751782681599312  -3.9999999999999982
8845    1.3121959299693664  -1.2325920097249048  -3.9999999999999973
8846    1.0167324712088652  -1.0069863903675302  -3.999999999999992
8847    1.2383322996088195  -1.6554566958432446  -0.73195369192503179
8848    1.0315924946130099  -1.4624688035224185  -0.42127360171048395
8849    0.85844426988689904  -1.16286357790317  -0.18460086668923986
8850    1.1572282646372323  -1.6531821327441039  -1.8239913241101027
8851    0.93691809574788676  -1.4365312132402095  -1.6342376308456357
8852    0.75167212296684793  -1.1363263482345203  -1.49094644336024
8853    1.1153425666553451  -1.6442672435934385  -2.9417785851744909
8854    0.88817006695118672  -1.4110225826738183  -2.8814217485660962
8855    0.69443836392684044  -1.114024616771798  -2.8360731253813127
8856    1.1034342197526157  -1.6390076892428584  -3.9999999999999978
8857    0.87436212114694534  -1.3995057432737892  -3.9999999999999978
8858    0.67742999852320751  -1.1046575566898216  -3.9999999999999929
8859    0.61899611430686152  -2.000095205450628  -0.32881662740168882
8860    0.51570474887564144  -1.7522071685601304  0.20260659039560822
8861    0.42914540294389431  -1.3666140151419703  0.5915076223471315
8862    0.57817909972971815  -1.9632718644565919  -1.5880351756265914
8863    0.46810635588359562  -1.6708025391895074  -1.2545609170930951
8864    0.37552367085436522  -1.2893853361413836  -1.014108925311185
8865    0.55703386798782428  -1.9222480323773177  -2.8685935181019961
8866    0.44351995226504681  -1.5979679311463726  -2.7609034130349488
8867    0.34671250088969763  -1.2276031082289849  -2.6838886429163837
8868    0.55099908680246457  -1.9028371103257857  -3.9999999999999987
8869    0.43652831232452399  -1.5664194768226731  -3.9999999999999982
8870    0.3381275258375499  -1.2023287230121127  -3.9999999999999929
8871    -0.00034007099509731628  -2.3447337150580116  0.074320437121653926
8872    -0.00018299686172787042  -2.0419455335978416  0.82648678250170038
8873    -0.00015346399911041544  -1.5703644523807718  1.3676161113835033
8874    -0.00087006517779619806  -2.2733615961690807  -1.3520790271430791
8875    -0.00070538398069613581  -1.9050738651388053  -0.87488420334055472
8876    -0.00062478125811768481  -1.4424443240482472  -0.53727140726213074
8877    -0.0012748306796965241  -2.2002288211611964  -2.7954084510295014
8878    -0.0011301624210932892  -1.7849132796189282  -2.6403850775037996
8879    -0.0010133621474455179  -1.3411815996861722  -2.5317041604514552
8880    -0.0014360461476868626  -2.1666665314087132  -3.9999999999999982
8881    -0.0013054964978975181  -1.7333332103715571  -3.9999999999999991
8882    -0.0011749468481079273  -1.2999998893344036  -3.9999999999999964
8883    1.0936335829356287  -0.67780137352803704  -0.89284024660409944
8884    0.9652174145862269  -0.34780556031620202  -0.85797462506778122
8885    0.91836410878300967  0.00074694858971984662  -0.84933131706291554
8886    0.919571796838485  -0.69480546644251628  -1.9290962718941875
8887    0.78284738843353996  -0.35681057026604451  -1.911278526208493
8888    0.73351587569897292  0.0011169310731463933  -1.9076876077254716
8889    0.82196710857498534  -0.7067297819089422  -2.976454775213305
8890    0.68100324505441934  -0.36425634619178543  -2.9714198603189375
8891    0.63138440958692188  0.0011504703523926157  -2.9705847686335227
8892    0.7915026316976933  -0.71122632940312602  -4
8893    0.64935152220455783  -0.36735729269910378  -3.9999999999999987
8894    0.60000042807634979  0.0011045439876533059  -3.9999999999999982
8895    0.7290377919247738  -0.79806484833334534  -0.036957299576076748
8896    0.64341559087618083  -0.41008833860806543  0.018097222240171417
8897    0.61216143018888847  0.0041396239735681673  0.024796714924786394
8898    0.61285958283971786  -0.78172093789114228  -1.406550964012041
8899    0.52172523522690784  -0.40095611930939767  -1.3796776426623043
8900    0.48884656704566892  0.0026868496816182669  -1.37880457779028
8901    0.54767687987576863  -0.76848866168887497  -2.8102802264975675
8902    0.45373646243214627  -0.39284835831382603  -2.8029607349133929
8903    0.42069040499802451  0.0013334810525630902  -2.8032685905534485
8904    0.52732028873235604  -0.76303974236783234  -4.0000000000000018
8905    0.43259639895352903  -0.38934927755276527  -3.9999999999999969
8906    0.39973918608465359  0.00073638725079139267  -3.9999999999999956
8907    0.36444200091391898  -0.91832832313865354  0.81892564745194607
8908    0.32161376716613466  -0.47237111689992906  0.89416906954812403
8909    0.30595875159476726  0.0075322993574164256  0.89892474691248847
8910    0.30614736884095084  -0.8686364093397676  -0.88400565612989446
8911    0.26060308202027599  -0.44510166835275106  -0.84807675911611458
8912    0.24417725839236484  0.0042567682900901682  -0.84992154785508855
8913    0.27338665117655164  -0.83024754146880697  -2.6441056777818299
8914    0.2264696798098734  -0.42144037043586668  -2.6345016095078475
8915    0.20999640040912704  0.0015164917527333843  -2.6359524124733751
8916    0.26313794576701899  -0.81485315533253821  -3.9999999999999996
8917    0.21584127570250033  -0.41134126240642677  -3.9999999999999973
8918    0.19947794409295758  0.00036823051392964601  -3.9999999999999942
8919    -0.00015379009693591015  -1.0385917979439618  1.674808594479968
8920    -0.00018805654391134937  -0.53465389519179274  1.7702409168560767
8921    -0.00024392699935392058  0.010924974741264783  1.7730527789001906
8922    -0.0005648451578163351  -0.95555188078839404  -0.36146034824774786
8923    -0.00051907118635603419  -0.48924721739610466  -0.31647587556992557
8924    -0.00049205026093920509  0.0058266868985621945  -0.32103851791989724
8925    -0.00090357752266522059  -0.8920064212487403  -2.4779311290660919
8926    -0.00079710281239940214  -0.4500323825579074  -2.4660424841023034
8927    -0.00069760417977038358  0.0016995024529038449  -2.4686362343932995
8928    -0.0010443971983182462  -0.86666656829724498  -4
8929    -0.00091384754852841255  -0.43333324726008859  -3.9999999999999933
8930    -0.00078329789873851641  7.3777067566282994e-08  -3.999999999999992
8931    0.96410301092099004  0.34954104464684199  -0.86200237709856098
8932    1.0920363943286679  0.67999317415801064  -0.90031434155416623
8933    1.2858931279075876  0.96157331901040932  -0.97133775918157483
8934    0.78255481924933867  0.35908802753986735  -1.913526283174309
8935    0.91944221313884655  0.69712910610421452  -1.9331280536195758
8936    1.1277972333614608  0.98551286514550496  -1.9735459039376062
8937    0.6813595007271176  0.36651523429346783  -2.972096210798425
8938    0.82281081657085187  0.70883335788839608  -2.9776402110815474
8939    1.043300229614605  1.0022373981833335  -2.9899576453930723
8940    0.64997124197145906  0.36950582351975442  -4
8941    0.79269886988027738  0.71316589412447406  -4.0000000000000009
8942    1.0182741171477196  1.0085276380919339  -4.0000000000000018
8943    0.64264623053581138  0.41849896197217273  0.013169704657574921
8944    0.72793623692769027  0.80630152902651586  -0.046018186841595546
8945    0.85715819931903547  1.1697688944547258  -0.19742730009735313
8946    0.52155449991728553  0.40637229774475103  -1.3824167477210658
8947    0.61283521542358999  0.78694213578373351  -1.4114035062291754
8948    0.75174909042265881  1.1406314793308037  -1.497849514967988
8949    0.45404224457750941  0.39549729125307914  -2.8037827854891528
8950    0.54838082125270626  0.77097429698343123  -2.8116997323544104
8951    0.69540738304267324  1.1160378707222183  -2.8380995019176218
8952    0.43309657856465661  0.39078168061791019  -4
8953    0.52829184705379872  0.76433283470010815  -4.0000000000000009
8954    0.67871886178202379  1.1056851043574676  -4.0000000000000027
8955    0.32118945015063277  0.48745687929750348  0.88834178641371087
8956    0.36383607952671271  0.93260988389502153  0.80827796787097517
8957    0.42842327073048331  1.3779644698990421  0.57648315898686864
8958    0.26055418058523244  0.45365656794963488  -0.85130721226782269
8959    0.30622821770833392  0.87675516546325238  -0.88967895883877546
8960    0.37570094748385707  1.2957500935161028  -1.0221531259983703
8961    0.2267249884279012  0.42447934821269045  -2.6354693601798789
8962    0.27395082593456105  0.83311523607846649  -2.6457592536272738
8963    0.34751453647074138  1.2298383432611026  -2.6862413584421709
8964    0.21622191515785416  0.41205753771606585  -4
8965    0.26388482422731996  0.81549977527574269  -4.0000000000000018
8966    0.33916360641632726  1.2028425706230004  -4.0000000000000044
8967    -0.00026733023454588833  0.55641479662283422  1.7635138681698475
8968    -0.00026407787426499974  1.0589182387635272  1.6625741225835453
8969    -0.00031165785806913648  1.5861600453433584  1.3503936180710907
8970    -0.00044613874682074891  0.5009408381545184  -0.32019767681458
8971    -0.00037878000692250988  0.96656819514277126  -0.36795441144837521
8972    -0.00034719545494496518  1.4508687077014017  -0.54645673702875253
8973    -0.00059226772170715026  0.45346140517230182  -2.4671559348706062
8974    -0.00047916938358442268  0.8952561751735022  -2.4798187749001377
8975    -0.00037831010119045161  1.3436388157999868  -2.5343832149667196
8976    -0.00065274824894837741  0.4333333948142214  -4.0000000000000018
8977    -0.00052219859915861311  0.86666671585137722  -4.0000000000000018
8978    -0.00039164894936905004  1.3000000368885338  -4.0000000000000036
8979    1.5457055150671026  1.1746927537428855  -1.0582739823721794
8980    1.8563601003910826  1.3117225286676581  -1.1494115094666952
8981    1.4056820663038441  1.2039369736923944  -2.0210982035186693
8982    1.7362857645971062  1.3438297000873529  -2.067741196978421
8983    1.3338895900421941  1.2252952253549985  -3.0040742148290924
8984    1.674473410180505  1.3668048435822442  -3.0172693196595777
8985    1.3136622776508273  1.2335697091494726  -4
8986    1.6569699729688456  1.3755877219117767  -4.0000000000000009
8987    1.0303149208984472  1.4666933816176595  -0.43695162698839213
8988    1.2373737684330619  1.6569378688878125  -0.74807802657525135
8989    0.93699625432068423  1.4391458596811608  -1.6427144703280223
8990    1.1573966017437878  1.6541117374527903  -1.832517095152169
8991    0.88916124735723379  1.4122588603732658  -2.8839181654986343
8992    1.1162475739935336  1.6447343157138672  -2.944249877956612
8993    0.87568781866735812  1.4001575920748774  -4
8994    1.1046031320959671  1.6392807075954652  -4
8995    0.51492432672979138  1.7586940094924333  0.18437072839539514
8996    0.61838743647504157  2.0021532091079668  -0.34674454368380719
8997    0.4683104423375245  1.6743547456699281  -1.2643307371373744
8998    0.57850743889046785  1.9643937748182283  -1.5972929933259161
8999    0.4444329046722737  1.5992224953915335  -2.763762116168174
9000    0.55802173780656139  1.9226637878454893  -2.8712304362536463
9001    0.43771335968388975  1.5667454750002829  -3.9999999999999987
9002    0.5522362912230887  1.9029736932791541  -4.0000000000000009
9003    -0.00046626743886415143  2.0506946373672061  0.80569308377918247
9004    -0.00059889548297930749  2.3473685493281198  0.054588939207636598
9005    -0.0003753696456353442  1.9095636316586944  -0.88594700394672721
9006    -0.00038172396285115692  2.2746758121836659  -1.3620688914996641
9007    -0.0002954380126864338  1.7861861304098001  -2.6436060668377164
9008    -0.00020409838041039741  2.2005932599771127  -2.7982109945506815
9009    -0.00026109929957909839  1.7333333579256875  -4
9010    -0.00013054964978950756  2.1666666789628422  -4.0000000000000027
9011    -2.1745323971674453  1.3600371317993294  -1.2552253962459565
9012    -1.8527375787242284  1.312667916199306  -1.1450674216426562
9013    -1.5431097854050131  1.1763989005556759  -1.0545230092899365
9014    -1.284285690402114  0.96445845218301496  -0.96843673276538622
9015    -2.0787522025320282  1.3930427409668535  -2.1267358566962624
9016    -1.7343529422806117  1.3441554142675569  -2.0654002751427192
9017    -1.4040076025496191  1.2043156633412866  -2.0190674466172593
9018    -1.1265239838239818  0.98630271505289813  -1.9719965750363073
9019    -2.0352613904696315  1.4162394669501677  -3.0350095509874691
9020    -1.6737642946083895  1.366721568959014  -3.0165815351666203
9021    -1.3329279628340285  1.2249593709638755  -3.0034756111653027
9022    -1.0422914265840275  1.0017614625671756  -2.9895053172108867
9023    -2.0250000000000004  1.425  -3.9999999999999987
9024    -1.656732361806724  1.375356849568441  -3.9999999999999982
9025    -1.3129867708069067  1.2330205007626849  -3.9999999999999978
9026    -1.0173728368091728  1.0076271631908271  -3.9999999999999947
9027    -1.4498580038949982  1.745806319745673  -1.1540386655586636
9028    -1.2353580176438119  1.6575681272422442  -0.74518196802589209
9029    -1.0288952794162969  1.4678308128261859  -0.43445097826689694
9030    -0.85629434622076572  1.1716923165697959  -0.19549328248656081
9031    -1.3859231800426717  1.7816343550197318  -2.076181373882362
9032    -1.1563625361746916  1.6543288802395932  -1.8309564805950345
9033    -0.93613019158162458  1.4393983194470887  -1.6413606323937482
9034    -0.75113172103430303  1.1411580459357318  -1.496816629033789
9035    -1.3568662562552249  1.8070238827233094  -3.0209752796568852
9036    -1.1159108958657296  1.6446787992983805  -2.9437913549613075
9037    -0.88871712122691437  1.4120349574458497  -2.8835190963894415
9038    -0.69498705442308173  1.1157205803114454  -2.8377979497961636
9039    -1.3500000000000001  1.8166666666666667  -3.9999999999999991
9040    -1.1045317577544125  1.6391267926999087  -3.9999999999999987
9041    -0.87541154697113088  1.3997914531503521  -3.9999999999999978
9042    -0.6783791075225718  1.105084787756728  -3.9999999999999964
9043    -0.72518361062255099  2.1315755076920162  -1.052851934871371
9044    -0.61797845656339567  2.0024683382851824  -0.34529651440912762
9045    -0.51468077342758078  1.7592627250966963  0.18562105275614282
9046    -0.42830300203941746  1.3789261809565758  0.57745016779226455
9047    -0.69309415755331505  2.17022596907261  -2.0256268910684616
9048    -0.57837213006877131  1.9645023462116296  -1.5965126860473493
9049    -0.46825278061363002  1.674480975552892  -1.2636538181702375
9050    -0.37573945824462401  1.2960133768185662  -1.02163668303127
9051    -0.67847112204081828  2.1978082984964513  -3.0069410083263004
9052    -0.55805749712306996  1.9226360296377472  -2.8710011747559943
9053    -0.44450627961980055  1.5991105439278248  -2.763562581613578
9054    -0.34768268226213589  1.229679698055715  -2.6860905823814405
9055    -0.6749999999999996  2.2083333333333335  -3.9999999999999991
9056    -0.55233115370210084  1.9028967358313758  -3.9999999999999987
9057    -0.43783632313535503  1.566562405538019  -3.9999999999999996
9058    -0.33938537823597037  1.2025424123226289  -3.9999999999999964
9059    -1.091241845579336  0.68452023998013145  -0.89832333425309341
9060    -0.96391270952177566  0.35543972852906869  -0.8610065828066461
9061    -0.91837181550367852  0.0072179786692524554  -0.84929459230788795
9062    -0.91870286264176027  0.69864012704957967  -1.9320742982967944
9063    -0.78229176337271988  0.36109085077956599  -1.9129811321221151
9064    -0.73351860824934123  0.003293203809287229  -1.9076670971684
9065    -0.82207565707344665  0.70835438160485042  -2.9773345564536102
9066    -0.68100747522208338  0.36601326579282362  -2.9719342790825425
9067    -0.63138468702450745  0.00061960455351026122  -2.9705785938833253
9068    -0.79195634133680648  0.71196892776375953  -4.0000000000000027
9069    -0.64957582751696097  0.36811823493753337  -4.0000000000000018
9070    -0.60000004756403713  -0.00036818136199090468  -4.0000000000000044
9071    -0.72758258967764555  0.80931957290792989  -0.04469084864088059
9072    -0.64269758309269942  0.42243141789365701  0.0138335675188512
9073    -0.61232918600223696  0.008453644026589973  0.024821198094804164
9074    -0.61259483509681434  0.78794948308064328  -1.4107010026806548
9075    -0.52167655516408706  0.40770751323788335  -1.38205331368627
9076    -0.4891764222532074  0.0041376981723787315  -1.3787909040855668
9077    -0.54821016117682619  0.77065497946106742  -2.8114959626024523
9078    -0.4542024060552915  0.39516264558598291  -2.8036748310118984
9079    -0.4211556594095951  0.00097957051997424327  -2.8032644740533197
9080    -0.52814496042425763  0.76353485712629865  -4.0000000000000018
9081    -0.43326813442762369  0.38985662156309597  -4.0000000000000018
9082    -0.40026113100893762  -0.0002454296489721175  -4.0000000000000044
9083    -0.36392333377595526  0.93411890583572821  0.80894163697133259
9084    -0.32148245666362291  0.48942310725824562  0.88867371784434879
9085    -0.30628655650079561  0.0096893093839275045  0.89893698849749648
9086    -0.30648680755186875  0.87725883911170688  -0.88932770706451492
9087    -0.26106134695545424  0.45432417569620087  -0.85112549525042525
9088    -0.24483423625707318  0.0049821925354702479  -0.84991471100273386
9089    -0.2743446652802054  0.83295557731728453  -2.6456573687512956
9090    -0.2273973368884995  0.4243120253791422  -2.6354153829412534
9091    -0.21092663179468268  0.0013395364864381976  -2.635950354223314
9092    -0.26433357951170844  0.81510078648883766  -4.0000000000000018
9093    -0.21696044133828649  0.41159500818865841  -4.0000000000000018
9094    -0.20052221445383811  -0.00012267793595333032  -4.0000000000000053
9095    -0.96537637358714545  -0.34189164431798652  -0.85885336958666991
9096    -1.094351074583505  -0.67324760908763959  -0.8946593781744403
9097    -1.2893706728908552  -0.95626660570476474  -0.96348641700543713
9098    -0.78308123596036994  -0.3548186409353753  -1.9117582390663692
9099    -0.92026153318951598  -0.69331397718347065  -1.9300547369183867
9100    -1.1291634941617192  -0.98255968735096544  -1.9692678115880402
9101    -0.681328393627885  -0.3647913687589745  -2.9715620784679988
9102    -0.82267130429584889  -0.70726318913339559  -2.9767318819953665
9103    -1.0432786371976923  -1.0010325196616578  -2.9886909705711928
9104    -0.64972115534844455  -0.36878728707992142  -3.9999999999999987
9105    -0.79222107525333152  -0.71249152981137809  -3.9999999999999996
9106    -1.0177532152622453  -1.0080073981055166  -4
9107    -0.64364693457273392  -0.40614572794258852  0.017511392560912158
9108    -0.72961864642131491  -0.79502900537307997  -0.038170053956303948
9109    -0.85963160326027366  -1.1609658879301001  -0.18645224087579068
9110    -0.52222718103569843  -0.3996281664222851  -1.3799974512342217
9111    -0.61369597051228286  -0.78072661171844493  -1.4071899406948403
9112    -0.75298392319385188  -1.1358545662500594  -1.4919356768127379
9113    -0.45448463002272316  -0.39320504002528572  -2.803055547012768
9114    -0.54874872870478741  -0.7688442665051769  -2.810464964352275
9115    -0.69585687884761016  -1.1144155463364955  -2.8363620338646141
9116    -0.43345205274847248  -0.39030260713997755  -3.9999999999999991
9117    -0.52849551590166033  -0.76388320930666676  -3.9999999999999991
9118    -0.67889379245753301  -1.1053382285151452  -4
9119    -0.32191749555832266  -0.47039981156719041  0.89387615470849391
9120    -0.36488621825912509  -0.9168104016585209  0.81831927026183249
9121    -0.42989253362969215  -1.3656651701554359  0.59058193525385572
9122    -0.26137312611102709  -0.44443769190919485  -0.84823666340207371
9123    -0.30713040783504936  -0.86813924625341921  -0.88432514447129407
9124    -0.3768043522259848  -1.2891494451491532  -1.0146035420374355
9125    -0.22764086641756137  -0.421618711291597  -2.6345490155575364
9126    -0.27482615311372638  -0.83042534387695832  -2.6441980467091843
9127    -0.34843512049752801  -1.2277985730113337  -2.6840330971580348
9128    -0.21718295014850028  -0.41181792720003385  -3.9999999999999978
9129    -0.26476995654998919  -0.81527488880195564  -4.0000000000000009
9130    -0.3400343696528203  -1.2026690589247722  -4.0000000000000018
9131    -1.5505594770251296  -1.171174783031105  -1.0490315514162332
9132    -1.8624113891460332  -1.3100563345869243  -1.1398885518469026
9133    -2.1855555541173159  -1.360115017425056  -1.2501762748869312
9134    -1.407936832831044  -1.2020462816672115  -2.0160168904871241
9135    -1.7393618831636999  -1.3429315963366129  -2.0625328840552091
9136    -2.084488569402847  -1.3930835027377035  -2.1239442376975415
9137    -1.3343504400922965  -1.2245840262368028  -3.0025604950862026
9138    -1.6755316409185605  -1.3665194523764839  -3.015723269600171
9139    -2.0373547781158017  -1.4162510776095241  -3.0341747549724447
9140    -1.3134541254756549  -1.2333132275745231  -4.0000000000000009
9141    -1.6572850333048053  -1.3755525859019133  -4
9142    -2.0257363626994032  -1.4249998097438379  -3.9999999999999991
9143    -1.0337673169706623  -1.4614316998866841  -0.42385877344358874
9144    -1.2417209497623884  -1.6549487947439538  -0.73515222219071696
9145    -1.4573002588410207  -1.7458574160092502  -1.1469201344635853
9146    -0.93885968321426139  -1.4363888094910757  -1.6356393281049344
9147    -1.1598646105017318  -1.6530749296141021  -1.8257149317511656
9148    -1.3900589112587074  -1.7816630682010755  -2.072743845090812
9149    -0.88994368086856235  -1.4113604440308438  -2.8818353558920684
9150    -1.1174460375056061  -1.6444225753047215  -2.9422849967432807
9151    -1.3587263256314461  -1.8070324543822687  -3.0200474631605627
9152    -0.87607124914973611  -1.3999865551735342  -4.0000000000000009
9153    -1.1053353709190994  -1.6392572344041798  -3.9999999999999991
9154    -1.3510131070654272  -1.816666490644514  -3.9999999999999996
9155    -0.51697515691619522  -1.7516886167422634  0.20131400452905568
9156    -0.62103051037874291  -1.999841254900983  -0.33041589253453152
9157    -0.72904496356472603  -2.1315998145934443  -1.0436639940402401
9158    -0.4697825335974789  -1.6707313373149399  -1.2552617657227449
9159    -0.5803673378397638  -1.9632182628915913  -1.5888969794471228
9160    -0.69562925311456802  -2.1702426336644471  -2.0215434524840816
9161    -0.445536921644828  -1.5981368618248852  -2.7611102166979351
9162    -0.55936043409265102  -1.9223256982329591  -2.8688467238863908
9163    -0.68009787314709091  -2.1978138311550128  -3.0059201713486807
9164    -0.43868837282381701  -1.5666598827725449  -3.9999999999999991
9165    -0.55338570853339364  -1.9029618829064456  -4
9166    -0.67628985143145237  -2.2083331715451906  -3.9999999999999982
9167    -2.508287386606153  -1.3124632403428529  -1.3590732203793177
9168    -2.8192226976274464  -1.1757793472425573  -1.4472616397586473
9169    -3.0794712265665365  -0.96361599783434315  -1.5311160170017837
9170    -2.4293658707958836  -1.3439500843182233  -2.1845423843811727
9171    -2.7602173910003502  -1.203751577903563  -2.2294973462543095
9172    -3.0383549908746237  -0.98551408493873649  -2.2752554524939406
9173    -2.3990641769011236  -1.3665325126631971  -3.0523741677039955
9174    -2.7399642163380693  -1.2244843118678259  -3.0650529353761939
9175    -3.0306775156356132  -1.0010691701568166  -3.0786148354689953
9176    -2.3941306472972355  -1.3751782681599309  -4
9177    -2.7378040700306356  -1.2325920097249019  -4
9178    -3.0332675287911375  -1.0069863903675227  -4.0000000000000018
9179    -2.0616233856573638  -1.7104126066321024  -1.354744597342513
9180    -2.5637172804473161  -1.5672045200888018  -1.4789738276926163
9181    -2.9890660743763755  -1.2897295649069203  -1.5932824753954364
9182    -1.9813428338078345  -1.7422172005345542  -2.1858769631346826
9183    -2.5028506352672917  -1.5972777411694021  -2.2408817777050163
9184    -2.956490693160533  -1.3237619281830078  -2.2985981163852678
9185    -1.9369239636295765  -1.7638916831284717  -3.053522415195951
9186    -2.4777582369458053  -1.6177894239596493  -3.0672215746644378
9187    -2.9596424785194491  -1.348538907870839  -3.083378783148695
9188    -1.9232538738524187  -1.7719018822514283  -4.0000000000000018
9189    -2.4728570098648639  -1.6253744546296978  -3.9999999999999991
9190    -2.9675709566961852  -1.3581183743492615  -3.9999999999999991
9191    -1.6149593847085755  -2.1083619729213523  -1.3504159743057083
9192    -2.3082118632671857  -1.9586296929350462  -1.5106860156265847
9193    -2.898660922186215  -1.615843131979499  -1.655448933789089
9194    -1.5333197968197858  -2.1404843167508849  -2.1872115418881921
9195    -2.2454838795342345  -1.9908039044352415  -2.2522662091557217
9196    -2.8746263954464437  -1.6620097714272792  -2.3219407802765941
9197    -1.474783750358029  -2.1612508535937467  -3.0546706626879048
9198    -2.2155522575535422  -2.0110945360514725  -3.0693902139526834
9199    -2.8886074414032832  -1.696008645584862  -3.0881427308283969
9200    -1.4523771004076007  -2.1686254963429255  -4
9201    -2.2079099496990926  -2.0181568995344934  -3.9999999999999969
9202    -2.9018743846012311  -1.7092503583310001  -3.9999999999999982
9203    -1.1682953837597856  -2.5063113392106042  -1.3460873512689036
9204    -2.0527064460870554  -2.3500548657812916  -1.5423982035605539
9205    -2.8082557699960558  -1.9419566990520758  -1.7176153921827422
9206    -1.0852967598317367  -2.5387514329672172  -2.1885461206417016
9207    -1.9881171238011754  -2.3843300677010801  -2.2636506406064285
9208    -2.7927620977323517  -2.0002576146715505  -2.3452834441679205
9209    -1.0126435370864815  -2.5586100240590222  -3.0558189101798621
9210    -1.9533462781612778  -2.4043996481432943  -3.0715588532409308
9211    -2.8175724042871186  -2.0434783832988836  -3.0929066785080988
9212    -0.98150032696278311  -2.5653491104344237  -3.9999999999999996
9213    -1.9429628895333202  -2.4109393444392886  -3.9999999999999987
9214    -2.8361778125062784  -2.0603823423127392  -3.9999999999999947
9215    -3.2737719778172565  -0.6839600206875549  -1.5994632541705476
9216    -3.4018572572461498  -0.35538344315467835  -1.6354056670366246
9217    -3.4473267564476102  -0.0073167231205985006  -1.646730860141681
9218    -3.2467512506057994  -0.69797499224648052  -2.3140950063747949
9219    -3.3833430526290957  -0.36071265319657292  -2.3323066906185925
9220    -3.4318887111750582  -0.0030146190545912582  -2.3373554035728072
9221    -3.2509271306190604  -0.70763025068208796  -3.0904404749462246
9222    -3.3918614563844125  -0.36536540067499657  -3.0955527156385614
9223    -3.4412411210466916  -1.9341188108146223e-05  -3.0968187173262187
9224    -3.2584973683023093  -0.71122632940312447  -4.0000000000000009
9225    -3.4006484777954427  -0.36735729269910361  -4.0000000000000027
9226    -3.4499995719236471  0.0011045439876523067  -4.0000000000000071
9227    -3.3452986722534011  -0.91025571295954455  -1.6888462623692069
9228    -3.5923476361548525  -0.481409310435361  -1.7264039542476153
9229    -3.6841525831476165  -0.0072243273353470531  -1.7339747664853948
9230    -3.3484805642381201  -0.94445586468214904  -2.3525028862307358
9231    -3.6359269353672787  -0.50190255144273888  -2.3696974259957981
9232    -3.7470718792464428  -0.0026545730458675254  -2.3714582108125324
9233    -3.379934452664787  -0.97216536607052406  -3.0997129695187882
9234    -3.6939329150607167  -0.52103964673050662  -3.1041371625259422
9235    -3.8169626856934729  0.00050659370919639568  -3.1041763535745566
9236    -3.3993720376663541  -0.98358047573174301  -3.9999999999999996
9237    -3.7229223022815563  -0.52949175445774466  -3.9999999999999996
9238    -3.8499987814145205  0.0016873808643318444  -4.0000000000000027
9239    -3.416825366689547  -1.1365514052315342  -1.7782292705678657
9240    -3.7828380150635552  -0.6074351777160435  -1.8174022414586057
9241    -3.9209784098476246  -0.0071319315500956064  -1.8212186728291082
9242    -3.45020987787044  -1.1909367371178177  -2.3909107660866753
9243    -3.8885108181054604  -0.64309244968890544  -2.4070881613730033
9244    -4.0622550473178265  -0.0022945270371437232  -2.4055610180522566
9245    -3.5089417747105145  -1.2367004814589597  -3.1089854640913517
9246    -3.9960043737370223  -0.67671389278601668  -3.1127216094133234
9247    -4.1926842503402533  0.0010325286065008821  -3.1115339898228935
9248    -3.5402467070303976  -1.2559346220603622  -4
9249    -4.0451961267676708  -0.69162621621638531  -4.0000000000000009
9250    -4.2499979909053929  0.0022702177410113267  -4.0000000000000027
9251    -3.4883520611256915  -1.3628470975035238  -1.8676122787665252
9252    -3.9733283939722579  -0.73346104499672637  -1.9084005286695966
9253    -4.1578042365476309  -0.007039535764844132  -1.908462579172822
9254    -3.5519391915027616  -1.4374176095534861  -2.4293186459426166
9255    -4.1410947008436434  -0.78428234793507134  -2.4444788967502094
9256    -4.3774382153892102  -0.0019344810284199765  -2.43966382529198
9257    -3.6379490967562416  -1.5012355968473956  -3.1182579586639156
9258    -4.2980758324133275  -0.83238813884152685  -3.1213060563007047
9259    -4.5684058149870337  0.0015584635038055072  -3.1188916260712305
9260    -3.6811213763944424  -1.5282887683889816  -3.9999999999999996
9261    -4.3674699512537849  -0.85376067797502664  -3.9999999999999982
9262    -4.6499972003962675  0.0028530546176908089  -3.9999999999999991
9263    -3.3990554065724621  0.3418595093993172  -1.6381028759023639
9264    -3.2680776864145402  0.67305836190178858  -1.6040352983800825
9265    -3.0712326090327533  0.95578998277006322  -1.5370900445836368
9266    -3.3816179555317545  0.35512171511316487  -2.3338199590205777
9267    -3.2434258916352743  0.69349161390940761  -2.3165612870705816
9268    -3.0335688986881957  0.98249651557207862  -2.278467460558574
9269    -3.3909315069419343  0.36538558199650817  -3.0960096599655822
9270    -3.2491661157336278  0.70778514648612911  -3.0911656103819496
9271    -3.0282577545279583  1.0013718163122161  -3.0795570586588865
9272    -3.4000287580285407  0.36950582351975414  -4.0000000000000009
9273    -3.2573011301197181  0.71316589412447584  -4.0000000000000036
9274    -3.0317258828522693  1.0085276380919375  -4.0000000000000071
9275    -3.5873950313545082  0.47282086311685151  -1.7289633351571687
9276    -3.3351205261741823  0.90875528648534243  -1.692913977972784
9277    -2.9808147255872828  1.2808060709507811  -1.6000554328397978
9278    -3.6326612009874357  0.49978105758407038  -2.3710873939595469
9279    -3.3419766300586575  0.94594193219138234  -2.3545513780665459
9280    -2.9510641256934074  1.3203423731980322  -2.3021230122922232
9281    -3.6921252394343504  0.52285255985340318  -3.1045477708511999
9282    -3.3764509827650038  0.97463397703880361  -3.100285247036298
9283    -2.9561581330871873  1.3489039699231939  -3.0843886802750262
9284    -3.7217357785127634  0.53263257139439291  -4.0000000000000009
9285    -3.3971426428718647  0.98613134272242797  -4.0000000000000018
9286    -2.9648089741366594  1.3598911128851601  -4.0000000000000053
9287    -3.7757346561365561  0.60378221683438582  -1.8198237944119739
9288    -3.402163365933824  1.1444522110688964  -1.7817926575654857
9289    -2.89039684214181  1.6058221591314985  -1.6630208210959598
9290    -3.8837044464431179  0.64444040005497627  -2.4083548288985162
9291    -3.4405273684820394  1.1983922504733573  -2.3925414690625106
9292    -2.8685593526986191  1.6581882308239855  -2.3257785640258728
9293    -3.9933189719267661  0.68031953771029796  -3.1130858817368172
9294    -3.5037358497963793  1.2414828075914783  -3.1094048836906456
9295    -2.8840585116464168  1.6964361235341709  -3.089220301891165
9296    -4.0434427989969857  0.69575931926903156  -4.0000000000000009
9297    -3.5369841556240114  1.2590967913203801  -4.0000000000000018
9298    -2.8978920654210505  1.7112545876783836  -4.0000000000000027
9299    -3.9640742809186023  0.73474357055191997  -1.910684253666779
9300    -3.4692062056934652  1.38014913565245  -1.8706713371581865
9301    -2.7999789586963391  1.9308382473122161  -1.7259862093521214
9302    -4.1347476918987986  0.78909974252588155  -2.4456222638374858
9303    -3.5390781069054227  1.4508425687553317  -2.4305315600584749
9304    -2.7860545797038299  1.996034088449939  -2.3494341157595211
9305    -4.2945127044191826  0.83778651556719286  -3.1216239926224345
9306    -3.6310207168277557  1.5083316381441523  -3.1185245203449958
9307    -2.8119588902056454  2.0439682771451477  -3.0940519235073038
9308    -4.3651498194812088  0.85888606714367077  -4.0000000000000009
9309    -3.6768256683761575  1.5320622399183321  -4
9310    -2.8309751567054415  2.0626180624716053  -4.0000000000000009
9311    -2.8091254289179584  1.1706346441105129  -1.45363394879421
9312    -2.4971953694824838  1.3097555244492936  -1.3647835664390284
9313    -2.7544569311381433  1.2018374934110032  -2.2329784812757345
9314    -2.4233439184899508  1.3427734885541893  -2.187692731922001
9315    -2.7373098037915704  1.2246963862845672  -3.0660854685496206
9316    -2.396613045821518  1.3664952938399251  -3.0533148585788847
9317    -2.7363377223491741  1.2335697091494731  -3.9999999999999973
9318    -2.3930300270311582  1.375587721911776  -3.9999999999999964
9319    -2.5581839627126528  1.5513444048084299  -1.4885419136901077
9320    -2.0536691921041661  1.7028707887933017  -1.3644825972366756
9321    -2.4991816459910017  1.5891435755885328  -2.2459873031061548
9322    -1.9766086125922464  1.7382152194858735  -2.1909425127148414
9323    -2.4750325680177672  1.6161070551302972  -3.0687112166986199
9324    -1.934417301684445  1.7629821283242149  -3.0549731899977894
9325    -2.4703926668932827  1.6263930565150371  -3.9999999999999973
9326    -1.9215793001089212  1.7723166283681464  -3.9999999999999982
9327    -2.3072424965073481  1.932054165506347  -1.5234498785860044
9328    -1.6101430147258482  2.09598605313731  -1.3641816280343224
9329    -2.2439063608438623  1.9764496577660622  -2.2589961249365751
9330    -1.5298733066945411  2.1336569504175578  -2.1941922935076823
9331    -2.2127553322439648  2.0075177239760267  -3.071336964847621
9332    -1.4722215575473725  2.1594689628085049  -3.0566315214166946
9333    -2.2044476114373923  2.0192164038806011  -3.9999999999999991
9334    -1.4501285731866846  2.1690455348245168  -4
9335    -2.0563010303020421  2.3127639262042639  -1.5583578434819014
9336    -1.1666168373475307  2.489101317481317  -1.3638806588319696
9337    -1.9886310756967216  2.363755739943592  -2.2720049467669954
9338    -1.0831380007968368  2.5290986813492426  -2.1974420743005223
9339    -1.950478096470162  2.3989283928217566  -3.0739627129966194
9340    -1.0100258134103002  2.555955797292794  -3.0582898528355993
9341    -1.9385025559815019  2.4120397512461658  -4
9342    -0.97867784626444787  2.5657744412808876  -4.0000000000000018
9343    2.0250000000000004  1.4250000000000003  -5
9344    2.3932676381932767  1.3753568495684416  -5
9345    2.737013229193094  1.2330205007626864  -5
9346    3.0326271631908295  1.0076271631908307  -5
9347    2.0250000000000004  1.4250000000000003  -6
9348    2.3932676381932767  1.3753568495684416  -6
9349    2.737013229193094  1.2330205007626864  -6
9350    3.032627163190829  1.0076271631908305  -6
9351    2.0250000000000004  1.4250000000000003  -7
9352    2.3932676381932767  1.3753568495684416  -7
9353    2.7370132291930935  1.233020500762686  -7
9354    3.0326271631908286  1.0076271631908298  -7
9355    2.0250000000000004  1.4250000000000003  -8
9356    2.3932676381932763  1.3753568495684416  -8
9357    2.7370132291930931  1.2330205007626855  -8
9358    3.0326271631908277  1.0076271631908289  -8
9359    1.3500000000000005  1.8166666666666669  -5
9360    1.9220315040477585  1.7720676890682787  -5
9361    2.4716873018567314  1.6257872252993915  -5
9362    2.9665649960226332  1.3587946316852844  -5
9363    1.3500000000000005  1.8166666666666669  -6
9364    1.9220315040477585  1.7720676890682787  -6
9365    2.4716873018567314  1.6257872252993915  -6
9366    2.9665649960226332  1.3587946316852841  -6
9367    1.3500000000000005  1.8166666666666669  -7
9368    1.9220315040477585  1.7720676890682787  -7
9369    2.4716873018567309  1.625787225299391  -7
9370    2.9665649960226328  1.358794631685283  -7
9371    1.3500000000000005  1.8166666666666669  -8
9372    1.922031504047758  1.7720676890682787  -8
9373    2.4716873018567309  1.6257872252993903  -8
9374    2.9665649960226324  1.3587946316852821  -8
9375    0.67500000000000049  2.2083333333333335  -5
9376    1.45079536990224  2.1687785285681156  -5
9377    2.2063613745203687  2.0185539498360963  -5
9378    2.9005028288544366  1.7099621001797378  -5
9379    0.67500000000000049  2.2083333333333335  -6
9380    1.45079536990224  2.1687785285681156  -6
9381    2.2063613745203687  2.0185539498360963  -6
9382    2.900502828854437  1.7099621001797372  -6
9383    0.67500000000000049  2.2083333333333335  -7
9384    1.45079536990224  2.1687785285681156  -7
9385    2.2063613745203683  2.0185539498360963  -7
9386    2.9005028288544366  1.709962100179736  -7
9387    0.67500000000000049  2.2083333333333335  -8
9388    1.4507953699022398  2.1687785285681156  -8
9389    2.2063613745203687  2.0185539498360949  -8
9390    2.9005028288544366  1.7099621001797347  -8
9391    4.4408920985006262e-16  2.6000000000000001  -5
9392    0.97955923575672144  2.5654893680679529  -5
9393    1.9410354471840061  2.411320674372802  -5
9394    2.8344406616862403  2.0611295686741915  -5
9395    4.4408920985006262e-16  2.6000000000000001  -6
9396    0.97955923575672144  2.5654893680679529  -6
9397    1.9410354471840063  2.411320674372802  -6
9398    2.8344406616862408  2.0611295686741906  -6
9399    4.4408920985006262e-16  2.6000000000000001  -7
9400    0.97955923575672155  2.5654893680679529  -7
9401    1.9410354471840063  2.411320674372802  -7
9402    2.8344406616862408  2.0611295686741897  -7
9403    4.4408920985006262e-16  2.6000000000000001  -8
9404    0.97955923575672132  2.5654893680679529  -8
9405    1.9410354471840066  2.4113206743728002  -8
9406    2.8344406616862412  2.061129568674188  -8
9407    3.2580436586631931  0.71196892776375953  -5
9408    3.4004241724830382  0.36811823493753382  -5
9409    3.4499999524359604  -0.00036818136198979445  -5
9410    3.2580436586631931  0.71196892776375953  -6
9411    3.4004241724830382  0.36811823493753382  -6
9412    3.4499999524359604  -0.00036818136198979445  -6
9413    3.2580436586631931  0.71196892776375953  -7
9414    3.4004241724830382  0.36811823493753382  -7
9415    3.4499999524359604  -0.00036818136198979445  -7
9416    3.2580436586631931  0.71196892776375953  -8
9417    3.4004241724830382  0.36811823493753382  -8
9418    3.4499999524359604  -0.00036818136198979445  -8
9419    3.3986147859984812  0.98449487421771353  -5
9420    3.7225248763712488  0.53058173826824062  -5
9421    3.8499998774375825  -0.00054219076814932443  -5
9422    3.3986147859984812  0.98449487421771353  -6
9423    3.7225248763712488  0.53058173826824051  -6
9424    3.8499998774375825  -0.00054219076814954648  -6
9425    3.3986147859984812  0.98449487421771353  -7
9426    3.7225248763712488  0.5305817382682404  -7
9427    3.8499998774375825  -0.00054219076814991662  -7
9428    3.3986147859984812  0.98449487421771342  -8
9429    3.7225248763712484  0.53058173826824018  -8
9430    3.8499998774375825  -0.00054219076815043466  -8
9431    3.5391859133337698  1.2570208206716678  -5
9432    4.0446255802594591  0.69304524159894731  -5
9433    4.2499998024392047  -0.00071620017430885463  -5
9434    3.5391859133337698  1.2570208206716678  -6
9435    4.0446255802594591  0.69304524159894709  -6
9436    4.2499998024392047  -0.00071620017430929872  -6
9437    3.5391859133337693  1.2570208206716678  -7
9438    4.0446255802594591  0.69304524159894676  -7
9439    4.2499998024392047  -0.0007162001743100388  -7
9440    3.5391859133337693  1.2570208206716675  -8
9441    4.0446255802594582  0.69304524159894643  -8
9442    4.2499998024392047  -0.00071620017431107508  -8
9443    3.6797570406690578  1.5295467671256218  -5
9444    4.3667262841476706  0.85550874492965423  -5
9445    4.6499997274408278  -0.00089020958046837073  -5
9446    3.6797570406690578  1.5295467671256218  -6
9447    4.3667262841476697  0.8555087449296539  -6
9448    4.6499997274408278  -0.00089020958046903687  -6
9449    3.6797570406690574  1.5295467671256215  -7
9450    4.3667262841476697  0.85550874492965345  -7
9451    4.6499997274408278  -0.00089020958047014709  -7
9452    3.6797570406690574  1.5295467671256215  -8
9453    4.3667262841476688  0.8555087449296529  -8
9454    4.6499997274408278  -0.0008902095804717014  -8
9455    3.4002788446515564  -0.36878728707992114  -5
9456    3.25777892474667  -0.71249152981137831  -5
9457    3.0322467847377563  -1.0080073981055171  -5
9458    3.4002788446515564  -0.36878728707992114  -6
9459    3.25777892474667  -0.71249152981137831  -6
9460    3.0322467847377563  -1.0080073981055171  -6
9461    3.4002788446515564  -0.36878728707992114  -7
9462    3.2577789247466695  -0.71249152981137831  -7
9463    3.0322467847377563  -1.0080073981055171  -7
9464    3.4002788446515564  -0.36878728707992114  -8
9465    3.2577789247466704  -0.71249152981137853  -8
9466    3.0322467847377563  -1.0080073981055175  -8
9467    3.7221902810495244  -0.53156054352982274  -5
9468    3.3979945251779289  -0.98523810971325765  -5
9469    2.9657391392976558  -1.3592940425106348  -5
9470    3.7221902810495244  -0.53156054352982274  -6
9471    3.3979945251779289  -0.98523810971325765  -6
9472    2.9657391392976562  -1.3592940425106348  -6
9473    3.7221902810495244  -0.53156054352982274  -7
9474    3.3979945251779289  -0.98523810971325754  -7
9475    2.9657391392976562  -1.3592940425106343  -7
9476    3.7221902810495244  -0.53156054352982274  -8
9477    3.3979945251779298  -0.98523810971325754  -8
9478    2.9657391392976571  -1.3592940425106343  -8
9479    4.0441017174474929  -0.69433379997972455  -5
9480    3.5382101256091887  -1.2579846896151368  -5
9481    2.8992314938575552  -1.7105806869157525  -5
9482    4.0441017174474929  -0.69433379997972455  -6
9483    3.5382101256091891  -1.2579846896151368  -6
9484    2.8992314938575556  -1.710580686915752  -6
9485    4.0441017174474929  -0.69433379997972455  -7
9486    3.5382101256091882  -1.2579846896151365  -7
9487    2.8992314938575565  -1.7105806869157512  -7
9488    4.0441017174474929  -0.69433379997972444  -8
9489    3.5382101256091891  -1.2579846896151363  -8
9490    2.8992314938575574  -1.7105806869157512  -8
9491    4.3660131538454614  -0.85710705642962604  -5
9492    3.6784257260404458  -1.5307312695170159  -5
9493    2.8327238484174559  -2.0618673313208702  -5
9494    4.3660131538454614  -0.85710705642962604  -6
9495    3.6784257260404463  -1.5307312695170159  -6
9496    2.8327238484174568  -2.0618673313208697  -6
9497    4.3660131538454614  -0.85710705642962592  -7
9498    3.6784257260404467  -1.5307312695170154  -7
9499    2.8327238484174577  -2.0618673313208693  -7
9500    4.3660131538454614  -0.85710705642962592  -8
9501    3.6784257260404485  -1.5307312695170152  -8
9502    2.8327238484174595  -2.0618673313208684  -8
9503    2.7365458745243467  -1.2333132275745229  -5
9504    2.3927149666951957  -1.3755525859019133  -5
9505    2.0242636373005971  -1.4249998097438388  -5
9506    2.7365458745243467  -1.2333132275745229  -6
9507    2.3927149666951957  -1.3755525859019133  -6
9508    2.0242636373005967  -1.4249998097438388  -6
9509    2.7365458745243467  -1.2333132275745229  -7
9510    2.3927149666951952  -1.3755525859019135  -7
9511    2.0242636373005962  -1.424999809743839  -7
9512    2.7365458745243467  -1.2333132275745229  -8
9513    2.3927149666951948  -1.3755525859019135  -8
9514    2.0242636373005953  -1.4249998097438397  -8
9515    2.4708307081485783  -1.6261331537139969  -5
9516    1.9212060162919216  -1.772287364168172  -5
9517    1.3489868929345719  -1.8166664906445156  -5
9518    2.4708307081485783  -1.6261331537139969  -6
9519    1.9212060162919216  -1.772287364168172  -6
9520    1.348986892934571  -1.8166664906445156  -6
9521    2.4708307081485783  -1.6261331537139969  -7
9522    1.9212060162919209  -1.7722873641681722  -7
9523    1.3489868929345699  -1.8166664906445158  -7
9524    2.4708307081485783  -1.6261331537139969  -8
9525    1.92120601629192  -1.772287364168172  -8
9526    1.3489868929345683  -1.8166664906445158  -8
9527    2.2051155417728099  -2.0189530798534712  -5
9528    1.4496970658886479  -2.1690221424344305  -5
9529    0.67371014856854639  -2.2083331715451928  -5
9530    2.2051155417728099  -2.0189530798534712  -6
9531    1.4496970658886477  -2.1690221424344305  -6
9532    0.67371014856854528  -2.2083331715451928  -6
9533    2.2051155417728099  -2.0189530798534712  -7
9534    1.449697065888647  -2.1690221424344309  -7
9535    0.67371014856854394  -2.2083331715451924  -7
9536    2.2051155417728099  -2.0189530798534712  -8
9537    1.4496970658886457  -2.1690221424344305  -8
9538    0.67371014856854128  -2.2083331715451924  -8
9539    1.9394003753970417  -2.4117730059929454  -5
9540    0.97818811548537365  -2.5657569207006889  -5
9541    -0.0015665957974791145  -2.5999998524458698  -5
9542    1.9394003753970417  -2.4117730059929454  -6
9543    0.97818811548537332  -2.5657569207006889  -6
9544    -0.001566595797480419  -2.5999998524458694  -6
9545    1.9394003753970415  -2.4117730059929454  -7
9546    0.9781881154853721  -2.5657569207006889  -7
9547    -0.0015665957974825007  -2.599999852445869  -7
9548    1.9394003753970415  -2.411773005992945  -8
9549    0.97818811548537077  -2.5657569207006885  -8
9550    -0.0015665957974859701  -2.599999852445869  -8
9551    1.6558693527027666  -1.3751782681599312  -5
9552    1.3121959299693671  -1.2325920097249035  -5
9553    1.0167324712088663  -1.0069863903675262  -5
9554    1.6558693527027666  -1.3751782681599312  -6
9555    1.3121959299693668  -1.2325920097249035  -6
9556    1.0167324712088659  -1.0069863903675262  -6
9557    1.6558693527027666  -1.3751782681599312  -7
9558    1.3121959299693668  -1.2325920097249035  -7
9559    1.0167324712088657  -1.0069863903675262  -7
9560    1.6558693527027664  -1.3751782681599312  -8
9561    1.3121959299693664  -1.2325920097249035  -8
9562    1.0167324712088655  -1.0069863903675262  -8
9563    1.1034342197526152  -1.6390076892428584  -5
9564    0.87436212114694567  -1.3995057432737879  -5
9565    0.6774299985232084  -1.1046575566898178  -5
9566    1.1034342197526152  -1.6390076892428584  -6
9567    0.87436212114694556  -1.3995057432737879  -6
9568    0.67742999852320807  -1.1046575566898178  -6
9569    1.1034342197526152  -1.6390076892428584  -7
9570    0.87436212114694556  -1.3995057432737881  -7
9571    0.67742999852320795  -1.1046575566898176  -7
9572    1.1034342197526152  -1.6390076892428584  -8
9573    0.87436212114694511  -1.3995057432737879  -8
9574    0.67742999852320773  -1.1046575566898182  -8
9575    0.55099908680246412  -1.9028371103257857  -5
9576    0.43652831232452427  -1.5664194768226725  -5
9577    0.33812752583755046  -1.2023287230121094  -5
9578    0.55099908680246412  -1.9028371103257857  -6
9579    0.4365283123245241  -1.5664194768226725  -6
9580    0.33812752583755018  -1.2023287230121091  -6
9581    0.55099908680246423  -1.9028371103257857  -7
9582    0.43652831232452421  -1.5664194768226725  -7
9583    0.33812752583755018  -1.2023287230121094  -7
9584    0.55099908680246401  -1.902837110325786  -8
9585    0.43652831232452377  -1.5664194768226727  -8
9586    0.33812752583755007  -1.2023287230121098  -8
9587    -0.0014360461476872462  -2.1666665314087128  -5
9588    -0.0013054964978974086  -1.7333332103715569  -5
9589    -0.0011749468481076083  -1.2999998893344011  -5
9590    -0.0014360461476872184  -2.1666665314087128  -6
9591    -0.0013054964978975224  -1.7333332103715571  -6
9592    -0.0011749468481078167  -1.2999998893344009  -6
9593    -0.0014360461476871811  -2.1666665314087128  -7
9594    -0.0013054964978973832  -1.7333332103715569  -7
9595    -0.0011749468481077479  -1.2999998893344014  -7
9596    -0.0014360461476873644  -2.1666665314087132  -8
9597    -0.0013054964978976916  -1.7333332103715573  -8
9598    -0.001174946848107707  -1.299999889334402  -8
9599    0.79150263169769375  -0.7112263294031258  -5
9600    0.64935152220455916  -0.36735729269910355  -5
9601    0.60000042807635279  0.0011045439876539789  -5
9602    0.79150263169769375  -0.7112263294031258  -6
9603    0.64935152220455916  -0.36735729269910367  -6
9604    0.60000042807635268  0.001104543987653861  -6
9605    0.79150263169769375  -0.7112263294031258  -7
9606    0.64935152220455905  -0.36735729269910367  -7
9607    0.60000042807635257  0.0011045439876537153  -7
9608    0.79150263169769375  -0.71122632940312591  -8
9609    0.64935152220455905  -0.36735729269910372  -8
9610    0.60000042807635234  0.0011045439876535834  -8
9611    0.52732028873235648  -0.76303974236783245  -5
9612    0.43259639895353003  -0.38934927755276577  -5
9613    0.39973918608465564  0.00073638725079105721  -5
9614    0.52732028873235648  -0.76303974236783245  -6
9615    0.43259639895353003  -0.38934927755276583  -6
9616    0.39973918608465558  0.00073638725079107109  -6
9617    0.52732028873235648  -0.76303974236783245  -7
9618    0.43259639895352991  -0.38934927755276572  -7
9619    0.39973918608465547  0.00073638725079114981  -7
9620    0.52732028873235648  -0.76303974236783245  -8
9621    0.43259639895352997  -0.3893492775527656  -8
9622    0.39973918608465531  0.00073638725079134865  -8
9623    0.26313794576701915  -0.81485315533253899  -5
9624    0.21584127570250083  -0.41134126240642793  -5
9625    0.19947794409295855  0.00036823051392811479  -5
9626    0.26313794576701915  -0.81485315533253899  -6
9627    0.21584127570250086  -0.41134126240642799  -6
9628    0.19947794409295846  0.00036823051392828132  -6
9629    0.26313794576701915  -0.81485315533253888  -7
9630    0.21584127570250078  -0.41134126240642777  -7
9631    0.19947794409295846  0.00036823051392860517  -7
9632    0.26313794576701915  -0.81485315533253899  -8
9633    0.21584127570250083  -0.4113412624064276  -8
9634    0.19947794409295835  0.00036823051392911399  -8
9635    -0.0010443971983181992  -0.86666656829724564  -5
9636    -0.00091384754852837113  -0.43333324726009026  -5
9637    -0.00078329789873846794  7.3777065207059067e-08  -5
9638    -0.0010443971983181957  -0.86666656829724564  -6
9639    -0.00091384754852834565  -0.43333324726009015  -6
9640    -0.00078329789873849602  7.3777065512370399e-08  -6
9641    -0.0010443971983181903  -0.86666656829724553  -7
9642    -0.00091384754852841493  -0.43333324726008993  -7
9643    -0.0007832978987384687  7.3777066039726336e-08  -7
9644    -0.0010443971983181829  -0.86666656829724564  -8
9645    -0.00091384754852835703  -0.43333324726008965  -8
9646    -0.00078329789873849689  7.377706690014918e-08  -8
9647    0.64997124197145906  0.36950582351975458  -5
9648    0.79269886988027782  0.71316589412447517  -5
9649    1.0182741171477208  1.0085276380919361  -5
9650    0.64997124197145906  0.36950582351975458  -6
9651    0.79269886988027782  0.71316589412447517  -6
9652    1.0182741171477208  1.0085276380919361  -6
9653    0.64997124197145906  0.36950582351975453  -7
9654    0.79269886988027771  0.71316589412447517  -7
9655    1.0182741171477205  1.0085276380919361  -7
9656    0.64997124197145906  0.36950582351975458  -8
9657    0.7926988698802776  0.71316589412447517  -8
9658    1.0182741171477203  1.0085276380919361  -8
9659    0.4330965785646565  0.39078168061791013  -5
9660    0.52829184705379895  0.76433283470010915  -5
9661    0.67871886178202412  1.1056851043574685  -5
9662    0.4330965785646565  0.39078168061791013  -6
9663    0.52829184705379895  0.76433283470010915  -6
9664    0.67871886178202412  1.1056851043574685  -6
9665    0.4330965785646565  0.39078168061791008  -7
9666    0.52829184705379895  0.76433283470010915  -7
9667    0.67871886178202401  1.1056851043574685  -7
9668    0.4330965785646565  0.39078168061791013  -8
9669    0.52829184705379884  0.76433283470010926  -8
9670    0.67871886178202379  1.1056851043574685  -8
9671    0.21622191515785397  0.41205753771606574  -5
9672    0.26388482422732001  0.81549977527574302  -5
9673    0.33916360641632759  1.2028425706230004  -5
9674    0.21622191515785397  0.41205753771606574  -6
9675    0.26388482422732001  0.81549977527574302  -6
9676    0.33916360641632765  1.2028425706230004  -6
9677    0.21622191515785399  0.41205753771606568  -7
9678    0.26388482422731996  0.81549977527574313  -7
9679    0.33916360641632748  1.2028425706230004  -7
9680    0.21622191515785399  0.41205753771606579  -8
9681    0.2638848242273199  0.81549977527574302  -8
9682    0.33916360641632742  1.2028425706230004  -8
9683    -0.00065274824894865897  0.43333339481422128  -5
9684    -0.0005221985991589813  0.866666715851377  -5
9685    -0.00039164894936909861  1.3000000368885329  -5
9686    -0.00065274824894865355  0.43333339481422128  -6
9687    -0.00052219859915895962  0.866666715851377  -6
9688    -0.00039164894936905004  1.3000000368885329  -6
9689    -0.00065274824894863892  0.43333339481422123  -7
9690    -0.00052219859915901209  0.866666715851377  -7
9691    -0.00039164894936914013  1.3000000368885329  -7
9692    -0.0006527482489486104  0.43333339481422134  -8
9693    -0.00052219859915900895  0.86666671585137711  -8
9694    -0.00039164894936910533  1.3000000368885329  -8
9695    1.3136622776508271  1.2335697091494717  -5
9696    1.6569699729688452  1.3755877219117747  -5
9697    1.3136622776508271  1.2335697091494717  -6
9698    1.6569699729688452  1.3755877219117747  -6
9699    1.3136622776508271  1.2335697091494717  -7
9700    1.656969972968845  1.3755877219117745  -7
9701    1.3136622776508269  1.2335697091494717  -8
9702    1.656969972968845  1.3755877219117747  -8
9703    0.87568781866735834  1.4001575920748774  -5
9704    1.1046031320959671  1.6392807075954647  -5
9705    0.87568781866735834  1.4001575920748774  -6
9706    1.1046031320959671  1.6392807075954647  -6
9707    0.87568781866735834  1.4001575920748774  -7
9708    1.1046031320959671  1.6392807075954643  -7
9709    0.87568781866735823  1.4001575920748774  -8
9710    1.1046031320959668  1.6392807075954641  -8
9711    0.43771335968388947  1.5667454750002827  -5
9712    0.55223629122308859  1.9029736932791546  -5
9713    0.43771335968388947  1.5667454750002827  -6
9714    0.55223629122308859  1.9029736932791543  -6
9715    0.43771335968388952  1.5667454750002827  -7
9716    0.55223629122308848  1.9029736932791539  -7
9717    0.43771335968388936  1.5667454750002825  -8
9718    0.55223629122308859  1.902973693279153  -8
9719    -0.0002610992995793548  1.7333333579256887  -5
9720    -0.00013054964978965891  2.1666666789628444  -5
9721    -0.0002610992995793419  1.7333333579256887  -6
9722    -0.00013054964978966404  2.1666666789628439  -6
9723    -0.00026109929957929414  1.7333333579256884  -7
9724    -0.00013054964978979661  2.1666666789628435  -7
9725    -0.00026109929957941172  1.7333333579256884  -8
9726    -0.00013054964978953236  2.1666666789628422  -8
9727    -2.0250000000000004  1.4250000000000003  -5
9728    -1.6567323618067238  1.3753568495684416  -5
9729    -1.3129867708069058  1.2330205007626869  -5
9730    -1.0173728368091697  1.0076271631908311  -5
9731    -2.0250000000000004  1.4250000000000003  -6
9732    -1.6567323618067238  1.3753568495684416  -6
9733    -1.3129867708069058  1.2330205007626869  -6
9734    -1.0173728368091697  1.0076271631908316  -6
9735    -2.0250000000000004  1.4250000000000003  -7
9736    -1.6567323618067238  1.3753568495684416  -7
9737    -1.3129867708069054  1.2330205007626873  -7
9738    -1.017372836809169  1.007627163190832  -7
9739    -2.0250000000000004  1.4250000000000003  -8
9740    -1.6567323618067238  1.3753568495684418  -8
9741    -1.3129867708069054  1.2330205007626878  -8
9742    -1.0173728368091679  1.0076271631908329  -8
9743    -1.3500000000000001  1.8166666666666669  -5
9744    -1.1045317577544123  1.6391267926999094  -5
9745    -0.87541154697113033  1.3997914531503541  -5
9746    -0.67837910752256936  1.1050847877567316  -5
9747    -1.3500000000000001  1.8166666666666669  -6
9748    -1.1045317577544123  1.6391267926999094  -6
9749    -0.87541154697113033  1.3997914531503541  -6
9750    -0.67837910752256936  1.1050847877567318  -6
9751    -1.3500000000000001  1.8166666666666669  -7
9752    -1.1045317577544123  1.6391267926999094  -7
9753    -0.87541154697112988  1.3997914531503544  -7
9754    -0.67837910752256891  1.1050847877567325  -7
9755    -1.3500000000000001  1.8166666666666669  -8
9756    -1.1045317577544123  1.6391267926999094  -8
9757    -0.87541154697112999  1.3997914531503548  -8
9758    -0.67837910752256814  1.1050847877567329  -8
9759    -0.67499999999999982  2.2083333333333335  -5
9760    -0.55233115370210084  1.9028967358313764  -5
9761    -0.43783632313535475  1.5665624055380214  -5
9762    -0.33938537823596915  1.2025424123226318  -5
9763    -0.67499999999999982  2.2083333333333335  -6
9764    -0.55233115370210084  1.9028967358313764  -6
9765    -0.4378363231353547  1.5665624055380212  -6
9766    -0.33938537823596931  1.2025424123226325  -6
9767    -0.67499999999999982  2.2083333333333335  -7
9768    -0.55233115370210084  1.9028967358313764  -7
9769    -0.43783632313535448  1.5665624055380212  -7
9770    -0.33938537823596898  1.2025424123226329  -7
9771    -0.67499999999999982  2.2083333333333335  -8
9772    -0.55233115370210084  1.9028967358313766  -8
9773    -0.43783632313535475  1.5665624055380218  -8
9774    -0.33938537823596854  1.2025424123226331  -8
9775    -0.79195634133680726  0.71196892776375931  -5
9776    -0.64957582751696252  0.36811823493753354  -5
9777    -0.60000004756404168  -0.00036818136199009976  -5
9778    -0.79195634133680726  0.71196892776375931  -6
9779    -0.64957582751696263  0.36811823493753359  -6
9780    -0.60000004756404191  -0.0003681813619900165  -6
9781    -0.79195634133680726  0.71196892776375931  -7
9782    -0.64957582751696286  0.36811823493753359  -7
9783    -0.60000004756404213  -0.00036818136198987772  -7
9784    -0.79195634133680737  0.71196892776375931  -8
9785    -0.64957582751696286  0.36811823493753365  -8
9786    -0.60000004756404257  -0.00036818136198968343  -8
9787    -0.52814496042425774  0.76353485712629854  -5
9788    -0.43326813442762463  0.3898566215630962  -5
9789    -0.40026113100894067  -0.00024542964897144209  -5
9790    -0.52814496042425774  0.76353485712629854  -6
9791    -0.43326813442762468  0.38985662156309625  -6
9792    -0.40026113100894084  -0.00024542964897133107  -6
9793    -0.52814496042425774  0.76353485712629854  -7
9794    -0.43326813442762491  0.38985662156309625  -7
9795    -0.40026113100894095  -0.00024542964897114605  -7
9796    -0.52814496042425785  0.76353485712629854  -8
9797    -0.43326813442762485  0.38985662156309636  -8
9798    -0.40026113100894128  -0.00024542964897088698  -8
9799    -0.26433357951170844  0.81510078648883766  -5
9800    -0.2169604413382866  0.41159500818865885  -5
9801    -0.20052221445383961  -0.00012267793595278445  -5
9802    -0.26433357951170844  0.81510078648883766  -6
9803    -0.21696044133828668  0.41159500818865885  -6
9804    -0.20052221445383972  -0.00012267793595264567  -6
9805    -0.26433357951170838  0.81510078648883766  -7
9806    -0.21696044133828679  0.41159500818865891  -7
9807    -0.20052221445383975  -0.00012267793595241439  -7
9808    -0.26433357951170849  0.81510078648883766  -8
9809    -0.21696044133828665  0.41159500818865907  -8
9810    -0.20052221445383991  -0.00012267793595209056  -8
9811    -0.64972115534844477  -0.36878728707992142  -5
9812    -0.79222107525333141  -0.71249152981137842  -5
9813    -1.0177532152622448  -1.0080073981055171  -5
9814    -0.64972115534844477  -0.36878728707992142  -6
9815    -0.79222107525333141  -0.71249152981137842  -6
9816    -1.0177532152622448  -1.0080073981055171  -6
9817    -0.64972115534844477  -0.36878728707992137  -7
9818    -0.7922210752533313  -0.71249152981137831  -7
9819    -1.0177532152622446  -1.0080073981055169  -7
9820    -0.64972115534844477  -0.36878728707992137  -8
9821    -0.79222107525333119  -0.7124915298113782  -8
9822    -1.0177532152622444  -1.0080073981055166  -8
9823    -0.4334520527484727  -0.39030260713997761  -5
9824    -0.52849551590166044  -0.76388320930666742  -5
9825    -0.67889379245753267  -1.105338228515145  -5
9826    -0.4334520527484727  -0.39030260713997761  -6
9827    -0.52849551590166044  -0.76388320930666742  -6
9828    -0.67889379245753267  -1.105338228515145  -6
9829    -0.4334520527484727  -0.39030260713997755  -7
9830    -0.52849551590166022  -0.76388320930666731  -7
9831    -0.67889379245753256  -1.1053382285151447  -7
9832    -0.4334520527484727  -0.39030260713997755  -8
9833    -0.52849551590166033  -0.76388320930666731  -8
9834    -0.67889379245753234  -1.1053382285151445  -8
9835    -0.21718295014850056  -0.4118179272000338  -5
9836    -0.26476995654998936  -0.81527488880195642  -5
9837    -0.34003436965282036  -1.202669058924773  -5
9838    -0.21718295014850056  -0.4118179272000338  -6
9839    -0.26476995654998936  -0.81527488880195642  -6
9840    -0.34003436965282041  -1.202669058924773  -6
9841    -0.21718295014850059  -0.41181792720003374  -7
9842    -0.2647699565499893  -0.81527488880195631  -7
9843    -0.34003436965282025  -1.2026690589247728  -7
9844    -0.21718295014850059  -0.4118179272000338  -8
9845    -0.26476995654998925  -0.8152748888019562  -8
9846    -0.34003436965282019  -1.2026690589247726  -8
9847    -1.3134541254756542  -1.2333132275745229  -5
9848    -1.657285033304805  -1.3755525859019135  -5
9849    -2.025736362699404  -1.4249998097438388  -5
9850    -1.3134541254756542  -1.2333132275745229  -6
9851    -1.657285033304805  -1.3755525859019135  -6
9852    -2.025736362699404  -1.424999809743839  -6
9853    -1.3134541254756542  -1.2333132275745229  -7
9854    -1.6572850333048055  -1.3755525859019135  -7
9855    -2.0257363626994049  -1.4249998097438392  -7
9856    -1.3134541254756542  -1.2333132275745229  -8
9857    -1.6572850333048057  -1.375552585901914  -8
9858    -2.0257363626994058  -1.4249998097438397  -8
9859    -0.87607124914973544  -1.3999865551735342  -5
9860    -1.1053353709190992  -1.6392572344041803  -5
9861    -1.3510131070654281  -1.8166664906445158  -5
9862    -0.87607124914973544  -1.3999865551735342  -6
9863    -1.1053353709190992  -1.6392572344041803  -6
9864    -1.3510131070654281  -1.816666490644516  -6
9865    -0.87607124914973544  -1.3999865551735342  -7
9866    -1.1053353709190996  -1.6392572344041803  -7
9867    -1.3510131070654285  -1.816666490644516  -7
9868    -0.87607124914973544  -1.3999865551735342  -8
9869    -1.1053353709190998  -1.6392572344041807  -8
9870    -1.3510131070654294  -1.816666490644516  -8
9871    -0.43868837282381651  -1.5666598827725458  -5
9872    -0.55338570853339319  -1.9029618829064467  -5
9873    -0.67628985143145293  -2.2083331715451928  -5
9874    -0.43868837282381651  -1.5666598827725458  -6
9875    -0.55338570853339308  -1.9029618829064467  -6
9876    -0.6762898514314527  -2.2083331715451928  -6
9877    -0.43868837282381645  -1.5666598827725458  -7
9878    -0.55338570853339353  -1.902961882906447  -7
9879    -0.67628985143145315  -2.2083331715451928  -7
9880    -0.43868837282381651  -1.5666598827725458  -8
9881    -0.55338570853339342  -1.9029618829064467  -8
9882    -0.67628985143145359  -2.2083331715451924  -8
9883    -2.394130647297235  -1.3751782681599305  -5
9884    -2.7378040700306352  -1.2325920097249021  -5
9885    -3.0332675287911357  -1.0069863903675245  -5
9886    -2.394130647297235  -1.3751782681599305  -6
9887    -2.7378040700306352  -1.2325920097249021  -6
9888    -3.0332675287911357  -1.0069863903675245  -6
9889    -2.394130647297235  -1.3751782681599305  -7
9890    -2.7378040700306348  -1.2325920097249021  -7
9891    -3.0332675287911353  -1.0069863903675245  -7
9892    -2.394130647297235  -1.3751782681599305  -8
9893    -2.7378040700306343  -1.2325920097249021  -8
9894    -3.0332675287911339  -1.0069863903675245  -8
9895    -1.9232538738524176  -1.7719018822514276  -5
9896    -2.4728570098648643  -1.6253744546296973  -5
9897    -2.9675709566961839  -1.3581183743492611  -5
9898    -1.9232538738524176  -1.7719018822514276  -6
9899    -2.4728570098648643  -1.6253744546296973  -6
9900    -2.9675709566961843  -1.3581183743492615  -6
9901    -1.9232538738524176  -1.7719018822514276  -7
9902    -2.4728570098648643  -1.6253744546296975  -7
9903    -2.9675709566961839  -1.358118374349262  -7
9904    -1.9232538738524179  -1.7719018822514276  -8
9905    -2.4728570098648643  -1.6253744546296978  -8
9906    -2.9675709566961839  -1.3581183743492624  -8
9907    -1.4523771004076007  -2.168625496342925  -5
9908    -2.207909949699093  -2.0181568995344925  -5
9909    -2.9018743846012311  -1.7092503583309973  -5
9910    -1.4523771004076007  -2.168625496342925  -6
9911    -2.2079099496990935  -2.0181568995344925  -6
9912    -2.9018743846012311  -1.7092503583309977  -6
9913    -1.4523771004076009  -2.168625496342925  -7
9914    -2.2079099496990935  -2.018156899534493  -7
9915    -2.901874384601232  -1.7092503583309986  -7
9916    -1.4523771004076012  -2.168625496342925  -8
9917    -2.2079099496990935  -2.0181568995344934  -8
9918    -2.901874384601232  -1.7092503583309995  -8
9919    -0.98150032696278333  -2.5653491104344224  -5
9920    -1.9429628895333217  -2.4109393444392877  -5
9921    -2.8361778125062793  -2.0603823423127343  -5
9922    -0.98150032696278344  -2.5653491104344224  -6
9923    -1.9429628895333222  -2.4109393444392877  -6
9924    -2.8361778125062802  -2.0603823423127352  -6
9925    -0.98150032696278366  -2.5653491104344224  -7
9926    -1.9429628895333224  -2.4109393444392886  -7
9927    -2.8361778125062806  -2.0603823423127361  -7
9928    -0.981500326962784  -2.5653491104344224  -8
9929    -1.9429628895333231  -2.410939344439289  -8
9930    -2.836177812506282  -2.0603823423127379  -8
9931    -3.2584973683023084  -0.71122632940312425  -5
9932    -3.4006484777954413  -0.36735729269910322  -5
9933    -3.4499995719236476  0.0011045439876536736  -5
9934    -3.2584973683023084  -0.71122632940312425  -6
9935    -3.4006484777954413  -0.36735729269910311  -6
9936    -3.4499995719236476  0.001104543987653972  -6
9937    -3.2584973683023084  -0.71122632940312414  -7
9938    -3.4006484777954409  -0.36735729269910289  -7
9939    -3.4499995719236471  0.0011045439876545202  -7
9940    -3.2584973683023084  -0.71122632940312414  -8
9941    -3.4006484777954409  -0.36735729269910244  -8
9942    -3.4499995719236458  0.0011045439876553598  -8
9943    -3.3993720376663532  -0.98358047573174334  -5
9944    -3.7229223022815563  -0.52949175445774455  -5
9945    -3.8499987814145218  0.0016873808643322469  -5
9946    -3.3993720376663532  -0.98358047573174334  -6
9947    -3.7229223022815559  -0.52949175445774432  -6
9948    -3.8499987814145209  0.0016873808643325244  -6
9949    -3.3993720376663532  -0.98358047573174334  -7
9950    -3.722922302281555  -0.5294917544577441  -7
9951    -3.8499987814145209  0.0016873808643330795  -7
9952    -3.3993720376663528  -0.98358047573174334  -8
9953    -3.722922302281555  -0.52949175445774366  -8
9954    -3.8499987814145187  0.0016873808643339122  -8
9955    -3.5402467070303993  -1.2559346220603624  -5
9956    -4.0451961267676717  -0.69162621621638587  -5
9957    -4.2499979909053973  0.0022702177410107993  -5
9958    -3.5402467070303993  -1.2559346220603624  -6
9959    -4.0451961267676708  -0.69162621621638587  -6
9960    -4.2499979909053955  0.0022702177410110214  -6
9961    -3.5402467070303989  -1.2559346220603624  -7
9962    -4.045196126767669  -0.69162621621638543  -7
9963    -4.2499979909053955  0.0022702177410115765  -7
9964    -3.5402467070303993  -1.2559346220603624  -8
9965    -4.045196126767669  -0.69162621621638498  -8
9966    -4.2499979909053929  0.0022702177410124647  -8
9967    -3.6811213763944437  -1.5282887683889816  -5
9968    -4.3674699512537867  -0.85376067797502697  -5
9969    -4.649997200396272  0.0028530546176892546  -5
9970    -3.6811213763944433  -1.5282887683889816  -6
9971    -4.3674699512537858  -0.85376067797502697  -6
9972    -4.6499972003962711  0.0028530546176896987  -6
9973    -3.6811213763944433  -1.5282887683889814  -7
9974    -4.3674699512537849  -0.85376067797502675  -7
9975    -4.6499972003962702  0.0028530546176901428  -7
9976    -3.6811213763944433  -1.5282887683889814  -8
9977    -4.367469951253784  -0.85376067797502631  -8
9978    -4.6499972003962675  0.002853054617691031  -8
9979    -3.4000287580285411  0.36950582351975414  -5
9980    -3.2573011301197221  0.71316589412447573  -5
9981    -3.0317258828522791  1.008527638091937  -5
9982    -3.4000287580285411  0.36950582351975414  -6
9983    -3.2573011301197221  0.71316589412447573  -6
9984    -3.0317258828522791  1.008527638091937  -6
9985    -3.4000287580285411  0.36950582351975414  -7
9986    -3.2573011301197221  0.71316589412447573  -7
9987    -3.0317258828522791  1.008527638091937  -7
9988    -3.4000287580285411  0.36950582351975408  -8
9989    -3.2573011301197221  0.71316589412447562  -8
9990    -3.0317258828522791  1.008527638091937  -8
9991    -3.7217357785127638  0.53263257139439302  -5
9992    -3.3971426428718656  0.98613134272242797  -5
9993    -2.9648089741366617  1.3598911128851598  -5
9994    -3.7217357785127638  0.53263257139439302  -6
9995    -3.3971426428718656  0.98613134272242797  -6
9996    -2.9648089741366612  1.3598911128851596  -6
9997    -3.7217357785127638  0.53263257139439302  -7
9998    -3.3971426428718652  0.98613134272242786  -7
9999    -2.9648089741366599  1.3598911128851598  -7
10000    -3.7217357785127638  0.53263257139439291  -8
10001    -3.3971426428718647  0.98613134272242764  -8
10002    -2.9648089741366599  1.3598911128851594  -8
10003    -4.0434427989969866  0.6957593192690319  -5
10004    -3.5369841556240091  1.2590967913203801  -5
10005    -2.8978920654210443  1.7112545876783827  -5
10006    -4.0434427989969866  0.6957593192690319  -6
10007    -3.5369841556240087  1.2590967913203801  -6
10008    -2.8978920654210434  1.7112545876783825  -6
10009    -4.0434427989969866  0.6957593192690319  -7
10010    -3.5369841556240083  1.2590967913203799  -7
10011    -2.8978920654210421  1.7112545876783822  -7
10012    -4.0434427989969866  0.6957593192690319  -8
10013    -3.5369841556240069  1.2590967913203799  -8
10014    -2.8978920654210389  1.7112545876783822  -8
10015    -4.3651498194812088  0.85888606714367055  -5
10016    -3.6768256683761518  1.5320622399183326  -5
10017    -2.8309751567054273  2.0626180624716053  -5
10018    -4.3651498194812088  0.85888606714367055  -6
10019    -3.6768256683761513  1.5320622399183323  -6
10020    -2.8309751567054269  2.0626180624716048  -6
10021    -4.3651498194812088  0.85888606714367055  -7
10022    -3.67682566837615  1.5320622399183326  -7
10023    -2.8309751567054238  2.0626180624716048  -7
10024    -4.3651498194812079  0.85888606714367055  -8
10025    -3.6768256683761491  1.5320622399183326  -8
10026    -2.8309751567054207  2.0626180624716044  -8
10027    -2.7363377223491723  1.2335697091494726  -5
10028    -2.3930300270311546  1.3755877219117751  -5
10029    -2.7363377223491723  1.2335697091494726  -6
10030    -2.3930300270311546  1.3755877219117751  -6
10031    -2.7363377223491723  1.2335697091494726  -7
10032    -2.3930300270311546  1.3755877219117754  -7
10033    -2.7363377223491723  1.2335697091494728  -8
10034    -2.3930300270311538  1.3755877219117756  -8
10035    -2.4703926668932823  1.6263930565150364  -5
10036    -1.9215793001089192  1.7723166283681455  -5
10037    -2.4703926668932823  1.6263930565150364  -6
10038    -1.9215793001089192  1.7723166283681455  -6
10039    -2.4703926668932823  1.6263930565150364  -7
10040    -1.9215793001089192  1.7723166283681462  -7
10041    -2.4703926668932823  1.6263930565150369  -8
10042    -1.9215793001089179  1.7723166283681457  -8
10043    -2.2044476114373928  2.0192164038806006  -5
10044    -1.450128573186684  2.1690455348245159  -5
10045    -2.2044476114373928  2.0192164038806006  -6
10046    -1.450128573186684  2.1690455348245159  -6
10047    -2.2044476114373928  2.0192164038806006  -7
10048    -1.4501285731866838  2.1690455348245168  -7
10049    -2.2044476114373928  2.0192164038806006  -8
10050    -1.4501285731866824  2.1690455348245163  -8
10051    -1.9385025559815028  2.4120397512461644  -5
10052    -0.97867784626444865  2.5657744412808863  -5
10053    -1.9385025559815028  2.4120397512461644  -6
10054    -0.97867784626444854  2.5657744412808863  -6
10055    -1.9385025559815028  2.4120397512461644  -7
10056    -0.97867784626444809  2.5657744412808863  -7
10057    -1.9385025559815028  2.4120397512461649  -8
10058    -0.97867784626444676  2.5657744412808863  -8
# Generated by tetgen -k uterus_scaffold_7.ele 
